
****** Vivado(TM) HLS - High-Level Synthesis from C, C++ and SystemC v2018.3 (64-bit)
  **** SW Build 2405991 on Thu Dec  6 23:38:27 MST 2018
  **** IP Build 2404404 on Fri Dec  7 01:43:56 MST 2018
    ** Copyright 1986-2018 Xilinx, Inc. All Rights Reserved.

source D:/Xilinx/Vivado/2018.3/scripts/vivado_hls/hls.tcl -notrace
INFO: [HLS 200-10] Running 'D:/Xilinx/Vivado/2018.3/bin/unwrapped/win64.o/vivado_hls.exe'
INFO: [HLS 200-10] For user '77822' on host 'cysc-0286' (Windows NT_amd64 version 6.2) on Wed Sep 30 18:37:26 +0800 2026
INFO: [HLS 200-10] In directory 'D:/ADProjects/FPGA43DGS/examples/3dgs_flicker_hw/build'
INFO: [HLS 200-10] Creating and opening project 'D:/ADProjects/FPGA43DGS/examples/3dgs_flicker_hw/build/hls_pipeline_banks4_20260930'.
INFO: [HLS 200-10] Adding design file 'D:/ADProjects/FPGA43DGS/examples/3dgs_flicker_hw/pipeline/pipeline.cpp' to the project
INFO: [HLS 200-10] Adding design file 'D:/ADProjects/FPGA43DGS/examples/3dgs_flicker_hw/pipeline/framed_ctu.cpp' to the project
INFO: [HLS 200-10] Adding test bench file 'D:/ADProjects/FPGA43DGS/examples/3dgs_flicker_hw/pipeline/../hls/renderer.cpp' to the project
INFO: [HLS 200-10] Adding test bench file 'D:/ADProjects/FPGA43DGS/examples/3dgs_flicker_hw/pipeline/tb.cpp' to the project
INFO: [HLS 200-10] Creating and opening solution 'D:/ADProjects/FPGA43DGS/examples/3dgs_flicker_hw/build/hls_pipeline_banks4_20260930/solution1'.
INFO: [HLS 200-10] Cleaning up the solution database.
INFO: [HLS 200-10] Setting target device to 'xc7z030ffg676-2'
INFO: [SYN 201-201] Setting up clock 'default' with a period of 5ns.
INFO: [SIM 211-2] *************** CSIM start ***************
INFO: [SIM 211-4] CSIM will launch GCC as the compiler.
   Compiling ../../../../../pipeline/tb.cpp in release mode
   Compiling ../../../../../hls/renderer.cpp in release mode
   Compiling ../../../../../pipeline/framed_ctu.cpp in release mode
   Compiling ../../../../../pipeline/pipeline.cpp in release mode
   Generating csim.exe
In file included from D:/Xilinx/Vivado/2018.3/include/floating_point_v7_0_bitacc_cmodel.h:143:0,
                 from D:/Xilinx/Vivado/2018.3/include/hls_fpo.h:186,
                 from D:/Xilinx/Vivado/2018.3/include/hls_half.h:44,
                 from D:/Xilinx/Vivado/2018.3/include/etc/ap_private.h:90,
                 from D:/Xilinx/Vivado/2018.3/include/ap_common.h:641,
                 from D:/Xilinx/Vivado/2018.3/include/ap_int.h:54,
                 from ../../../../../pipeline/../hls/renderer.hpp:2,
                 from ../../../../../pipeline/pipeline.hpp:2,
                 from ../../../../../pipeline/tb.cpp:1:
D:/Xilinx/Vivado/2018.3/include/gmp.h:62:0: warning: "__GMP_LIBGMP_DLL" redefined
 #define __GMP_LIBGMP_DLL  0
 
In file included from D:/Xilinx/Vivado/2018.3/include/hls_fpo.h:186:0,
                 from D:/Xilinx/Vivado/2018.3/include/hls_half.h:44,
                 from D:/Xilinx/Vivado/2018.3/include/etc/ap_private.h:90,
                 from D:/Xilinx/Vivado/2018.3/include/ap_common.h:641,
                 from D:/Xilinx/Vivado/2018.3/include/ap_int.h:54,
                 from ../../../../../pipeline/../hls/renderer.hpp:2,
                 from ../../../../../pipeline/pipeline.hpp:2,
                 from ../../../../../pipeline/tb.cpp:1:
D:/Xilinx/Vivado/2018.3/include/floating_point_v7_0_bitacc_cmodel.h:135:0: note: this is the location of the previous definition
 #define __GMP_LIBGMP_DLL 1
 
In file included from D:/Xilinx/Vivado/2018.3/include/floating_point_v7_0_bitacc_cmodel.h:143:0,
                 from D:/Xilinx/Vivado/2018.3/include/hls_fpo.h:186,
                 from D:/Xilinx/Vivado/2018.3/include/hls_half.h:44,
                 from D:/Xilinx/Vivado/2018.3/include/etc/ap_private.h:90,
                 from D:/Xilinx/Vivado/2018.3/include/ap_common.h:641,
                 from D:/Xilinx/Vivado/2018.3/include/ap_int.h:54,
                 from ../../../../../hls/renderer.hpp:2,
                 from ../../../../../hls/renderer.cpp:4:
D:/Xilinx/Vivado/2018.3/include/gmp.h:62:0: warning: "__GMP_LIBGMP_DLL" redefined
 #define __GMP_LIBGMP_DLL  0
 
In file included from D:/Xilinx/Vivado/2018.3/include/hls_fpo.h:186:0,
                 from D:/Xilinx/Vivado/2018.3/include/hls_half.h:44,
                 from D:/Xilinx/Vivado/2018.3/include/etc/ap_private.h:90,
                 from D:/Xilinx/Vivado/2018.3/include/ap_common.h:641,
                 from D:/Xilinx/Vivado/2018.3/include/ap_int.h:54,
                 from ../../../../../hls/renderer.hpp:2,
                 from ../../../../../hls/renderer.cpp:4:
D:/Xilinx/Vivado/2018.3/include/floating_point_v7_0_bitacc_cmodel.h:135:0: note: this is the location of the previous definition
 #define __GMP_LIBGMP_DLL 1
 
In file included from D:/Xilinx/Vivado/2018.3/include/floating_point_v7_0_bitacc_cmodel.h:143:0,
                 from D:/Xilinx/Vivado/2018.3/include/hls_fpo.h:186,
                 from D:/Xilinx/Vivado/2018.3/include/hls_half.h:44,
                 from D:/Xilinx/Vivado/2018.3/include/etc/ap_private.h:90,
                 from D:/Xilinx/Vivado/2018.3/include/ap_common.h:641,
                 from D:/Xilinx/Vivado/2018.3/include/ap_int.h:54,
                 from ../../../../../pipeline/../hls/renderer.hpp:2,
                 from ../../../../../pipeline/pipeline.hpp:2,
                 from ../../../../../pipeline/framed_ctu.cpp:3:
D:/Xilinx/Vivado/2018.3/include/gmp.h:62:0: warning: "__GMP_LIBGMP_DLL" redefined
 #define __GMP_LIBGMP_DLL  0
 
In file included from D:/Xilinx/Vivado/2018.3/include/hls_fpo.h:186:0,
                 from D:/Xilinx/Vivado/2018.3/include/hls_half.h:44,
                 from D:/Xilinx/Vivado/2018.3/include/etc/ap_private.h:90,
                 from D:/Xilinx/Vivado/2018.3/include/ap_common.h:641,
                 from D:/Xilinx/Vivado/2018.3/include/ap_int.h:54,
                 from ../../../../../pipeline/../hls/renderer.hpp:2,
                 from ../../../../../pipeline/pipeline.hpp:2,
                 from ../../../../../pipeline/framed_ctu.cpp:3:
D:/Xilinx/Vivado/2018.3/include/floating_point_v7_0_bitacc_cmodel.h:135:0: note: this is the location of the previous definition
 #define __GMP_LIBGMP_DLL 1
 
In file included from D:/Xilinx/Vivado/2018.3/include/floating_point_v7_0_bitacc_cmodel.h:143:0,
                 from D:/Xilinx/Vivado/2018.3/include/hls_fpo.h:186,
                 from D:/Xilinx/Vivado/2018.3/include/hls_half.h:44,
                 from D:/Xilinx/Vivado/2018.3/include/etc/ap_private.h:90,
                 from D:/Xilinx/Vivado/2018.3/include/ap_common.h:641,
                 from D:/Xilinx/Vivado/2018.3/include/ap_int.h:54,
                 from ../../../../../pipeline/../hls/renderer.hpp:2,
                 from ../../../../../pipeline/pipeline.hpp:2,
                 from ../../../../../pipeline/pipeline.cpp:3:
D:/Xilinx/Vivado/2018.3/include/gmp.h:62:0: warning: "__GMP_LIBGMP_DLL" redefined
 #define __GMP_LIBGMP_DLL  0
 
In file included from D:/Xilinx/Vivado/2018.3/include/hls_fpo.h:186:0,
                 from D:/Xilinx/Vivado/2018.3/include/hls_half.h:44,
                 from D:/Xilinx/Vivado/2018.3/include/etc/ap_private.h:90,
                 from D:/Xilinx/Vivado/2018.3/include/ap_common.h:641,
                 from D:/Xilinx/Vivado/2018.3/include/ap_int.h:54,
                 from ../../../../../pipeline/../hls/renderer.hpp:2,
                 from ../../../../../pipeline/pipeline.hpp:2,
                 from ../../../../../pipeline/pipeline.cpp:3:
D:/Xilinx/Vivado/2018.3/include/floating_point_v7_0_bitacc_cmodel.h:135:0: note: this is the location of the previous definition
 #define __GMP_LIBGMP_DLL 1
 
PASS: pipeline mode 0 exact FLK0, six modes, five tiles, edge/order/empty
INFO: [SIM 211-1] CSim done with 0 errors.
INFO: [SIM 211-3] *************** CSIM finish ***************
INFO: [SCHED 204-61] Option 'relax_ii_for_timing' is enabled, will increase II to preserve clock frequency constraints.
INFO: [HLS 200-10] Analyzing design file 'D:/ADProjects/FPGA43DGS/examples/3dgs_flicker_hw/pipeline/framed_ctu.cpp' ... 
WARNING: [HLS 214-111] Static variables and non-static stream cannot be used inside a dataflow region: D:/ADProjects/FPGA43DGS/examples/3dgs_flicker_hw/pipeline/../ctu/ctu.cpp:105:24
WARNING: [HLS 214-111] Static variables and non-static stream cannot be used inside a dataflow region: D:/ADProjects/FPGA43DGS/examples/3dgs_flicker_hw/pipeline/framed_ctu.cpp:75:24
WARNING: [HLS 200-471] Dataflow form checks found 2 issue(s) in file D:/ADProjects/FPGA43DGS/examples/3dgs_flicker_hw/pipeline/framed_ctu.cpp
INFO: [HLS 200-10] Analyzing design file 'D:/ADProjects/FPGA43DGS/examples/3dgs_flicker_hw/pipeline/pipeline.cpp' ... 
WARNING: [HLS 214-111] Static variables and non-static stream cannot be used inside a dataflow region: D:/ADProjects/FPGA43DGS/examples/3dgs_flicker_hw/pipeline/pipeline.cpp:99:20
WARNING: [HLS 214-111] Static variables and non-static stream cannot be used inside a dataflow region: D:/ADProjects/FPGA43DGS/examples/3dgs_flicker_hw/pipeline/pipeline.cpp:268:20
WARNING: [HLS 200-471] Dataflow form checks found 2 issue(s) in file D:/ADProjects/FPGA43DGS/examples/3dgs_flicker_hw/pipeline/pipeline.cpp
INFO: [HLS 200-111] Finished Linking Time (s): cpu = 00:00:01 ; elapsed = 00:00:46 . Memory (MB): peak = 104.500 ; gain = 21.547
INFO: [HLS 200-111] Finished Checking Pragmas Time (s): cpu = 00:00:01 ; elapsed = 00:00:46 . Memory (MB): peak = 104.500 ; gain = 21.547
INFO: [HLS 200-10] Starting code transformations ...
INFO: [XFORM 203-603] Inlining function 'clip' into 'test_frames' (D:/ADProjects/FPGA43DGS/examples/3dgs_flicker_hw/pipeline/framed_ctu.cpp:49).
INFO: [XFORM 203-603] Inlining function 'clip' into 'test_frames' (D:/ADProjects/FPGA43DGS/examples/3dgs_flicker_hw/pipeline/framed_ctu.cpp:49).
INFO: [XFORM 203-603] Inlining function 'clip' into 'test_frames' (D:/ADProjects/FPGA43DGS/examples/3dgs_flicker_hw/pipeline/framed_ctu.cpp:49).
INFO: [XFORM 203-603] Inlining function 'clip' into 'test_frames' (D:/ADProjects/FPGA43DGS/examples/3dgs_flicker_hw/pipeline/framed_ctu.cpp:49).
INFO: [XFORM 203-603] Inlining function 'clip' into 'test_frames' (D:/ADProjects/FPGA43DGS/examples/3dgs_flicker_hw/pipeline/framed_ctu.cpp:48).
INFO: [XFORM 203-603] Inlining function 'clip' into 'test_frames' (D:/ADProjects/FPGA43DGS/examples/3dgs_flicker_hw/pipeline/framed_ctu.cpp:48).
INFO: [XFORM 203-603] Inlining function 'clip' into 'test_frames' (D:/ADProjects/FPGA43DGS/examples/3dgs_flicker_hw/pipeline/framed_ctu.cpp:48).
INFO: [XFORM 203-603] Inlining function 'clip' into 'test_frames' (D:/ADProjects/FPGA43DGS/examples/3dgs_flicker_hw/pipeline/framed_ctu.cpp:48).
INFO: [XFORM 203-603] Inlining function 'rectangle' into 'test_frames' (D:/ADProjects/FPGA43DGS/examples/3dgs_flicker_hw/pipeline/framed_ctu.cpp:49).
INFO: [XFORM 203-603] Inlining function 'rectangle' into 'test_frames' (D:/ADProjects/FPGA43DGS/examples/3dgs_flicker_hw/pipeline/framed_ctu.cpp:48).
INFO: [XFORM 203-603] Inlining function 'hits' into 'test_frames' (D:/ADProjects/FPGA43DGS/examples/3dgs_flicker_hw/pipeline/framed_ctu.cpp:50).
INFO: [XFORM 203-603] Inlining function 'hits' into 'test_frames' (D:/ADProjects/FPGA43DGS/examples/3dgs_flicker_hw/pipeline/framed_ctu.cpp:50).
INFO: [XFORM 203-603] Inlining function 'power' into 'evaluate_mini<0u>' (D:/ADProjects/FPGA43DGS/examples/3dgs_flicker_hw/pipeline/pipeline.cpp:145).
INFO: [XFORM 203-603] Inlining function 'power' into 'evaluate_mini<1u>' (D:/ADProjects/FPGA43DGS/examples/3dgs_flicker_hw/pipeline/pipeline.cpp:145).
INFO: [XFORM 203-603] Inlining function 'power' into 'evaluate_mini<2u>' (D:/ADProjects/FPGA43DGS/examples/3dgs_flicker_hw/pipeline/pipeline.cpp:145).
INFO: [XFORM 203-603] Inlining function 'power' into 'evaluate_mini<3u>' (D:/ADProjects/FPGA43DGS/examples/3dgs_flicker_hw/pipeline/pipeline.cpp:145).
INFO: [XFORM 203-603] Inlining function 'exact_negative_exp<0u>' into 'evaluate_mini<0u>' (D:/ADProjects/FPGA43DGS/examples/3dgs_flicker_hw/pipeline/pipeline.cpp:148).
INFO: [XFORM 203-603] Inlining function 'exact_negative_exp<1u>' into 'evaluate_mini<1u>' (D:/ADProjects/FPGA43DGS/examples/3dgs_flicker_hw/pipeline/pipeline.cpp:148).
INFO: [XFORM 203-603] Inlining function 'exact_negative_exp<2u>' into 'evaluate_mini<2u>' (D:/ADProjects/FPGA43DGS/examples/3dgs_flicker_hw/pipeline/pipeline.cpp:148).
INFO: [XFORM 203-603] Inlining function 'exact_negative_exp<3u>' into 'evaluate_mini<3u>' (D:/ADProjects/FPGA43DGS/examples/3dgs_flicker_hw/pipeline/pipeline.cpp:148).
INFO: [HLS 200-111] Finished Standard Transforms Time (s): cpu = 00:00:02 ; elapsed = 00:00:49 . Memory (MB): peak = 279.484 ; gain = 196.531
INFO: [HLS 200-10] Checking synthesizability ...
INFO: [XFORM 203-602] Inlining function 'fp_struct<float>::data' into 'fp_struct<float>::to_float' (D:/Xilinx/Vivado/2018.3/common/technology/autopilot/utils/x_hls_utils.h:348) automatically.
INFO: [XFORM 203-602] Inlining function 'fp_struct<float>::to_float' into 'unpack_float' (D:/ADProjects/FPGA43DGS/examples/3dgs_flicker_hw/pipeline/pipeline.hpp:5) automatically.
INFO: [XFORM 203-602] Inlining function 'fp_struct<decimal16>::data' into 'pack_half' (D:/ADProjects/FPGA43DGS/examples/3dgs_flicker_hw/pipeline/../hls/renderer.hpp:8) automatically.
INFO: [XFORM 203-602] Inlining function 'fp_struct<float>::to_float' into 'fp_struct<float>::to_ieee' (r:/builds/2018.3/continuous/2018_12_06_2405991/src/products/hls/hls_lib/src/hls\utils/x_hls_utils.h:369) automatically.
INFO: [XFORM 203-602] Inlining function 'fp_struct<float>::to_ieee' into 'generic_copysign<float>' (r:/builds/2018.3/continuous/2018_12_06_2405991/src/products/hls/hls_lib/hlsmath/include/FloatingPoint/hls_copysign.h:13) automatically.
INFO: [XFORM 203-602] Inlining function 'fp_struct<float>::__signbit' into 'generic_ceil<float>' (r:/builds/2018.3/continuous/2018_12_06_2405991/src/products/hls/hls_lib/hlsmath/include/FloatingPoint\hls_ceil.h:20) automatically.
INFO: [XFORM 203-602] Inlining function 'generic_copysign<float>' into 'generic_ceil<float>' (r:/builds/2018.3/continuous/2018_12_06_2405991/src/products/hls/hls_lib/hlsmath/include/FloatingPoint\hls_ceil.h:23) automatically.
INFO: [XFORM 203-602] Inlining function 'fp_struct<float>::data' into 'generic_ceil<float>' (r:/builds/2018.3/continuous/2018_12_06_2405991/src/products/hls/hls_lib/hlsmath/include/FloatingPoint\hls_ceil.h:37) automatically.
INFO: [XFORM 203-602] Inlining function 'fp_struct<float>::to_ieee' into 'generic_ceil<float>' (r:/builds/2018.3/continuous/2018_12_06_2405991/src/products/hls/hls_lib/hlsmath/include/FloatingPoint\hls_ceil.h:41) automatically.
INFO: [XFORM 203-602] Inlining function 'hls::ceil' into 'hls::ceilf' (r:/builds/2018.3/continuous/2018_12_06_2405991/src/products/hls/hls_lib/hlsmath/src/c++/ceilfloat.cpp:10) automatically.
INFO: [XFORM 203-602] Inlining function 'kind' into 'prepare_geometry' (D:/ADProjects/FPGA43DGS/examples/3dgs_flicker_hw/pipeline/pipeline.cpp:40) automatically.
INFO: [XFORM 203-602] Inlining function 'pack_half' into 'prepare_geometry' (D:/ADProjects/FPGA43DGS/examples/3dgs_flicker_hw/pipeline/pipeline.cpp:45) automatically.
INFO: [XFORM 203-602] Inlining function 'hls::sqrtf' into 'prepare_geometry' (D:/ADProjects/FPGA43DGS/examples/3dgs_flicker_hw/pipeline/pipeline.cpp:49) automatically.
INFO: [XFORM 203-602] Inlining function 'hls::ceilf' into 'prepare_geometry' (D:/ADProjects/FPGA43DGS/examples/3dgs_flicker_hw/pipeline/pipeline.cpp:55) automatically.
INFO: [XFORM 203-602] Inlining function 'fp_struct<float>::data' into 'prepare_geometry' (D:/ADProjects/FPGA43DGS/examples/3dgs_flicker_hw/pipeline/pipeline.cpp:61) automatically.
INFO: [XFORM 203-602] Inlining function 'kind' into 'expand_subtiles' (D:/ADProjects/FPGA43DGS/examples/3dgs_flicker_hw/pipeline/pipeline.cpp:73) automatically.
INFO: [XFORM 203-602] Inlining function 'fp_struct<decimal16>::data' into 'fp_struct<decimal16>::to_half' (D:/Xilinx/Vivado/2018.3/common/technology/autopilot/utils/x_hls_utils.h:667) automatically.
INFO: [XFORM 203-602] Inlining function 'fp_struct<decimal16>::to_half' into 'unpack_half' (D:/ADProjects/FPGA43DGS/examples/3dgs_flicker_hw/pipeline/../hls/renderer.hpp:7) automatically.
INFO: [XFORM 203-602] Inlining function 'fp_struct<decimal16>::to_half' into 'fp_struct<decimal16>::to_ieee' (r:/builds/2018.3/continuous/2018_12_06_2405991/src/products/hls/hls_lib/src/hls\utils/x_hls_utils.h:686) automatically.
INFO: [XFORM 203-602] Inlining function 'log_reduce::range_reduce<ap_fixed<34, 6, (ap_q_mode)5, (ap_o_mode)3, 0>, 4, 4, 20, 21>' into 'log_reduce::log_traits<decimal16>::range_reduction<20>' (r:/builds/2018.3/continuous/2018_12_06_2405991/src/products/hls/hls_lib/hlsmath/include/FloatingPoint\hls_log_.h:121) automatically.
INFO: [XFORM 203-602] Inlining function 'log_reduce::range_reduce<ap_fixed<34, 6, (ap_q_mode)5, (ap_o_mode)3, 0>, 7, 6, 21, 16>' into 'log_reduce::log_traits<decimal16>::range_reduction<20>' (r:/builds/2018.3/continuous/2018_12_06_2405991/src/products/hls/hls_lib/hlsmath/include/FloatingPoint\hls_log_.h:123) automatically.
INFO: [XFORM 203-602] Inlining function 'fp_struct<decimal16>::expv' into 'log_reduce::log_generic<decimal16>' (r:/builds/2018.3/continuous/2018_12_06_2405991/src/products/hls/hls_lib/hlsmath/include/FloatingPoint\hls_log_.h:223) automatically.
INFO: [XFORM 203-602] Inlining function 'generic_isnan<decimal16>' into 'log_reduce::log_generic<decimal16>' (r:/builds/2018.3/continuous/2018_12_06_2405991/src/products/hls/hls_lib/hlsmath/include/FloatingPoint\hls_log_.h:240) automatically.
INFO: [XFORM 203-602] Inlining function 'generic_isinf<decimal16>' into 'log_reduce::log_generic<decimal16>' (r:/builds/2018.3/continuous/2018_12_06_2405991/src/products/hls/hls_lib/hlsmath/include/FloatingPoint\hls_log_.h:242) automatically.
INFO: [XFORM 203-602] Inlining function 'fp_struct<decimal16>::to_ieee' into 'log_reduce::log_generic<decimal16>' (r:/builds/2018.3/continuous/2018_12_06_2405991/src/products/hls/hls_lib/hlsmath/include/FloatingPoint\hls_log_.h:249) automatically.
INFO: [XFORM 203-602] Inlining function 'log_reduce::log_traits<decimal16>::range_reduction<20>' into 'log_reduce::log_generic<decimal16>' (r:/builds/2018.3/continuous/2018_12_06_2405991/src/products/hls/hls_lib/hlsmath/include/FloatingPoint\hls_log_.h:338) automatically.
INFO: [XFORM 203-602] Inlining function 'log_reduce::log' into 'hls::half_log' (r:/builds/2018.3/continuous/2018_12_06_2405991/src/products/hls/hls_lib/hlsmath/src/c++/loghalf.cpp:11) automatically.
INFO: [XFORM 203-602] Inlining function 'kind' into 'prepare_frames' (D:/ADProjects/FPGA43DGS/examples/3dgs_flicker_hw/pipeline/framed_ctu.cpp:10) automatically.
INFO: [XFORM 203-602] Inlining function 'unpack_half' into 'prepare_frames' (D:/ADProjects/FPGA43DGS/examples/3dgs_flicker_hw/pipeline/framed_ctu.cpp:14) automatically.
INFO: [XFORM 203-602] Inlining function 'hls::half_log' into 'prepare_frames' (D:/ADProjects/FPGA43DGS/examples/3dgs_flicker_hw/pipeline/framed_ctu.cpp:15) automatically.
INFO: [XFORM 203-602] Inlining function 'kind' into 'expand_frames' (D:/ADProjects/FPGA43DGS/examples/3dgs_flicker_hw/pipeline/framed_ctu.cpp:25) automatically.
INFO: [XFORM 203-602] Inlining function 'kind' into 'test_frames' (D:/ADProjects/FPGA43DGS/examples/3dgs_flicker_hw/pipeline/framed_ctu.cpp:38) automatically.
INFO: [XFORM 203-602] Inlining function 'kind' into 'merge_frames' (D:/ADProjects/FPGA43DGS/examples/3dgs_flicker_hw/pipeline/framed_ctu.cpp:66) automatically.
INFO: [XFORM 203-602] Inlining function 'kind' into 'dispatch' (D:/ADProjects/FPGA43DGS/examples/3dgs_flicker_hw/pipeline/pipeline.cpp:120) automatically.
INFO: [XFORM 203-602] Inlining function 'fp_struct<decimal16>::data' into 'evaluate_mini<0u>' (D:/ADProjects/FPGA43DGS/examples/3dgs_flicker_hw/pipeline/exp_rom/table_compact.hpp:7->D:/ADProjects/FPGA43DGS/examples/3dgs_flicker_hw/pipeline/pipeline.cpp:148) automatically.
INFO: [XFORM 203-602] Inlining function 'fp_struct<decimal16>::to_half' into 'evaluate_mini<0u>' (D:/ADProjects/FPGA43DGS/examples/3dgs_flicker_hw/pipeline/exp_rom/table_compact.hpp:8->D:/ADProjects/FPGA43DGS/examples/3dgs_flicker_hw/pipeline/pipeline.cpp:148) automatically.
INFO: [XFORM 203-602] Inlining function 'kind' into 'render_lane<0u>' (D:/ADProjects/FPGA43DGS/examples/3dgs_flicker_hw/pipeline/pipeline.cpp:202) automatically.
INFO: [XFORM 203-602] Inlining function 'unpack_half' into 'render_lane<0u>' (D:/ADProjects/FPGA43DGS/examples/3dgs_flicker_hw/pipeline/pipeline.cpp:210) automatically.
INFO: [XFORM 203-602] Inlining function 'pack_half' into 'render_lane<0u>' (D:/ADProjects/FPGA43DGS/examples/3dgs_flicker_hw/pipeline/pipeline.cpp:214) automatically.
INFO: [XFORM 203-602] Inlining function 'fp_struct<decimal16>::data' into 'evaluate_mini<1u>' (D:/ADProjects/FPGA43DGS/examples/3dgs_flicker_hw/pipeline/exp_rom/table_compact.hpp:7->D:/ADProjects/FPGA43DGS/examples/3dgs_flicker_hw/pipeline/pipeline.cpp:148) automatically.
INFO: [XFORM 203-602] Inlining function 'fp_struct<decimal16>::to_half' into 'evaluate_mini<1u>' (D:/ADProjects/FPGA43DGS/examples/3dgs_flicker_hw/pipeline/exp_rom/table_compact.hpp:8->D:/ADProjects/FPGA43DGS/examples/3dgs_flicker_hw/pipeline/pipeline.cpp:148) automatically.
INFO: [XFORM 203-602] Inlining function 'kind' into 'render_lane<1u>' (D:/ADProjects/FPGA43DGS/examples/3dgs_flicker_hw/pipeline/pipeline.cpp:202) automatically.
INFO: [XFORM 203-602] Inlining function 'unpack_half' into 'render_lane<1u>' (D:/ADProjects/FPGA43DGS/examples/3dgs_flicker_hw/pipeline/pipeline.cpp:210) automatically.
INFO: [XFORM 203-602] Inlining function 'pack_half' into 'render_lane<1u>' (D:/ADProjects/FPGA43DGS/examples/3dgs_flicker_hw/pipeline/pipeline.cpp:214) automatically.
INFO: [XFORM 203-602] Inlining function 'fp_struct<decimal16>::data' into 'evaluate_mini<2u>' (D:/ADProjects/FPGA43DGS/examples/3dgs_flicker_hw/pipeline/exp_rom/table_compact.hpp:7->D:/ADProjects/FPGA43DGS/examples/3dgs_flicker_hw/pipeline/pipeline.cpp:148) automatically.
INFO: [XFORM 203-602] Inlining function 'fp_struct<decimal16>::to_half' into 'evaluate_mini<2u>' (D:/ADProjects/FPGA43DGS/examples/3dgs_flicker_hw/pipeline/exp_rom/table_compact.hpp:8->D:/ADProjects/FPGA43DGS/examples/3dgs_flicker_hw/pipeline/pipeline.cpp:148) automatically.
INFO: [XFORM 203-602] Inlining function 'kind' into 'render_lane<2u>' (D:/ADProjects/FPGA43DGS/examples/3dgs_flicker_hw/pipeline/pipeline.cpp:202) automatically.
INFO: [XFORM 203-602] Inlining function 'unpack_half' into 'render_lane<2u>' (D:/ADProjects/FPGA43DGS/examples/3dgs_flicker_hw/pipeline/pipeline.cpp:210) automatically.
INFO: [XFORM 203-602] Inlining function 'pack_half' into 'render_lane<2u>' (D:/ADProjects/FPGA43DGS/examples/3dgs_flicker_hw/pipeline/pipeline.cpp:214) automatically.
INFO: [XFORM 203-602] Inlining function 'fp_struct<decimal16>::data' into 'evaluate_mini<3u>' (D:/ADProjects/FPGA43DGS/examples/3dgs_flicker_hw/pipeline/exp_rom/table_compact.hpp:7->D:/ADProjects/FPGA43DGS/examples/3dgs_flicker_hw/pipeline/pipeline.cpp:148) automatically.
INFO: [XFORM 203-602] Inlining function 'fp_struct<decimal16>::to_half' into 'evaluate_mini<3u>' (D:/ADProjects/FPGA43DGS/examples/3dgs_flicker_hw/pipeline/exp_rom/table_compact.hpp:8->D:/ADProjects/FPGA43DGS/examples/3dgs_flicker_hw/pipeline/pipeline.cpp:148) automatically.
INFO: [XFORM 203-602] Inlining function 'kind' into 'render_lane<3u>' (D:/ADProjects/FPGA43DGS/examples/3dgs_flicker_hw/pipeline/pipeline.cpp:202) automatically.
INFO: [XFORM 203-602] Inlining function 'unpack_half' into 'render_lane<3u>' (D:/ADProjects/FPGA43DGS/examples/3dgs_flicker_hw/pipeline/pipeline.cpp:210) automatically.
INFO: [XFORM 203-602] Inlining function 'pack_half' into 'render_lane<3u>' (D:/ADProjects/FPGA43DGS/examples/3dgs_flicker_hw/pipeline/pipeline.cpp:214) automatically.
WARNING: [SYNCHK 200-23] D:/ADProjects/FPGA43DGS/examples/3dgs_flicker_hw/pipeline/../hls/renderer.hpp:7: variable-indexed range selection may cause suboptimal QoR.
INFO: [SYNCHK 200-10] 0 error(s), 1 warning(s).
INFO: [HLS 200-111] Finished Checking Synthesizability Time (s): cpu = 00:00:04 ; elapsed = 00:00:51 . Memory (MB): peak = 385.719 ; gain = 302.766
INFO: [XFORM 203-502] Unrolling all sub-loops inside loop 'Loop-1' (D:/ADProjects/FPGA43DGS/examples/3dgs_flicker_hw/pipeline/pipeline.cpp:38) in function 'prepare_geometry' for pipelining.
INFO: [XFORM 203-502] Unrolling all loops for pipelining in function 'log_reduce::log_generic<decimal16>' (r:/builds/2018.3/continuous/2018_12_06_2405991/src/products/hls/hls_lib/hlsmath/include/FloatingPoint\hls_log_.h:212:12).
INFO: [XFORM 203-501] Unrolling loop 'Loop-1.1' (D:/ADProjects/FPGA43DGS/examples/3dgs_flicker_hw/pipeline/pipeline.cpp:224) in function 'render_lane<3u>' partially with a factor of 4.
INFO: [XFORM 203-501] Unrolling loop 'Loop-1.2' (D:/ADProjects/FPGA43DGS/examples/3dgs_flicker_hw/pipeline/pipeline.cpp:232) in function 'render_lane<3u>' partially with a factor of 4.
INFO: [XFORM 203-501] Unrolling loop 'Loop-1.1' (D:/ADProjects/FPGA43DGS/examples/3dgs_flicker_hw/pipeline/pipeline.cpp:224) in function 'render_lane<2u>' partially with a factor of 4.
INFO: [XFORM 203-501] Unrolling loop 'Loop-1.2' (D:/ADProjects/FPGA43DGS/examples/3dgs_flicker_hw/pipeline/pipeline.cpp:232) in function 'render_lane<2u>' partially with a factor of 4.
INFO: [XFORM 203-501] Unrolling loop 'Loop-1.1' (D:/ADProjects/FPGA43DGS/examples/3dgs_flicker_hw/pipeline/pipeline.cpp:224) in function 'render_lane<1u>' partially with a factor of 4.
INFO: [XFORM 203-501] Unrolling loop 'Loop-1.2' (D:/ADProjects/FPGA43DGS/examples/3dgs_flicker_hw/pipeline/pipeline.cpp:232) in function 'render_lane<1u>' partially with a factor of 4.
INFO: [XFORM 203-501] Unrolling loop 'Loop-1.1' (D:/ADProjects/FPGA43DGS/examples/3dgs_flicker_hw/pipeline/pipeline.cpp:224) in function 'render_lane<0u>' partially with a factor of 4.
INFO: [XFORM 203-501] Unrolling loop 'Loop-1.2' (D:/ADProjects/FPGA43DGS/examples/3dgs_flicker_hw/pipeline/pipeline.cpp:232) in function 'render_lane<0u>' partially with a factor of 4.
INFO: [HLS 200-489] Unrolling loop 'Loop-1.1' (D:/ADProjects/FPGA43DGS/examples/3dgs_flicker_hw/pipeline/pipeline.cpp:43) in function 'prepare_geometry' completely with a factor of 9.
INFO: [HLS 200-489] Unrolling loop 'Loop-1' (r:/builds/2018.3/continuous/2018_12_06_2405991/src/products/hls/hls_lib/hlsmath/include/FloatingPoint\hls_log_.h:358) in function 'log_reduce::log_generic<decimal16>' completely with a factor of 31.
INFO: [XFORM 203-101] Partitioning array 'rr' (D:/ADProjects/FPGA43DGS/examples/3dgs_flicker_hw/pipeline/pipeline.cpp:165) in dimension 1 with a cyclic factor 4.
INFO: [XFORM 203-101] Partitioning array 'gg' (D:/ADProjects/FPGA43DGS/examples/3dgs_flicker_hw/pipeline/pipeline.cpp:165) in dimension 1 with a cyclic factor 4.
INFO: [XFORM 203-101] Partitioning array 'bb' (D:/ADProjects/FPGA43DGS/examples/3dgs_flicker_hw/pipeline/pipeline.cpp:165) in dimension 1 with a cyclic factor 4.
INFO: [XFORM 203-101] Partitioning array 'tt' (D:/ADProjects/FPGA43DGS/examples/3dgs_flicker_hw/pipeline/pipeline.cpp:165) in dimension 1 with a cyclic factor 4.
INFO: [XFORM 203-101] Partitioning array 'last' (D:/ADProjects/FPGA43DGS/examples/3dgs_flicker_hw/pipeline/pipeline.cpp:165) in dimension 1 with a cyclic factor 4.
INFO: [XFORM 203-101] Partitioning array 'stopped' (D:/ADProjects/FPGA43DGS/examples/3dgs_flicker_hw/pipeline/pipeline.cpp:165) in dimension 1 with a cyclic factor 4.
INFO: [XFORM 203-101] Partitioning array 'mr' (D:/ADProjects/FPGA43DGS/examples/3dgs_flicker_hw/pipeline/pipeline.cpp:166) in dimension 1 with a cyclic factor 4.
INFO: [XFORM 203-101] Partitioning array 'mg' (D:/ADProjects/FPGA43DGS/examples/3dgs_flicker_hw/pipeline/pipeline.cpp:166) in dimension 1 with a cyclic factor 4.
INFO: [XFORM 203-101] Partitioning array 'mb' (D:/ADProjects/FPGA43DGS/examples/3dgs_flicker_hw/pipeline/pipeline.cpp:166) in dimension 1 with a cyclic factor 4.
INFO: [XFORM 203-101] Partitioning array 'mt' (D:/ADProjects/FPGA43DGS/examples/3dgs_flicker_hw/pipeline/pipeline.cpp:166) in dimension 1 with a cyclic factor 4.
INFO: [XFORM 203-101] Partitioning array 'ml' (D:/ADProjects/FPGA43DGS/examples/3dgs_flicker_hw/pipeline/pipeline.cpp:166) in dimension 1 with a cyclic factor 4.
INFO: [XFORM 203-101] Partitioning array 'ms' (D:/ADProjects/FPGA43DGS/examples/3dgs_flicker_hw/pipeline/pipeline.cpp:166) in dimension 1 with a cyclic factor 4.
INFO: [XFORM 203-101] Partitioning array 'rr' (D:/ADProjects/FPGA43DGS/examples/3dgs_flicker_hw/pipeline/pipeline.cpp:165) in dimension 1 with a cyclic factor 4.
INFO: [XFORM 203-101] Partitioning array 'gg' (D:/ADProjects/FPGA43DGS/examples/3dgs_flicker_hw/pipeline/pipeline.cpp:165) in dimension 1 with a cyclic factor 4.
INFO: [XFORM 203-101] Partitioning array 'bb' (D:/ADProjects/FPGA43DGS/examples/3dgs_flicker_hw/pipeline/pipeline.cpp:165) in dimension 1 with a cyclic factor 4.
INFO: [XFORM 203-101] Partitioning array 'tt' (D:/ADProjects/FPGA43DGS/examples/3dgs_flicker_hw/pipeline/pipeline.cpp:165) in dimension 1 with a cyclic factor 4.
INFO: [XFORM 203-101] Partitioning array 'last' (D:/ADProjects/FPGA43DGS/examples/3dgs_flicker_hw/pipeline/pipeline.cpp:165) in dimension 1 with a cyclic factor 4.
INFO: [XFORM 203-101] Partitioning array 'stopped' (D:/ADProjects/FPGA43DGS/examples/3dgs_flicker_hw/pipeline/pipeline.cpp:165) in dimension 1 with a cyclic factor 4.
INFO: [XFORM 203-101] Partitioning array 'mr' (D:/ADProjects/FPGA43DGS/examples/3dgs_flicker_hw/pipeline/pipeline.cpp:166) in dimension 1 with a cyclic factor 4.
INFO: [XFORM 203-101] Partitioning array 'mg' (D:/ADProjects/FPGA43DGS/examples/3dgs_flicker_hw/pipeline/pipeline.cpp:166) in dimension 1 with a cyclic factor 4.
INFO: [XFORM 203-101] Partitioning array 'mb' (D:/ADProjects/FPGA43DGS/examples/3dgs_flicker_hw/pipeline/pipeline.cpp:166) in dimension 1 with a cyclic factor 4.
INFO: [XFORM 203-101] Partitioning array 'mt' (D:/ADProjects/FPGA43DGS/examples/3dgs_flicker_hw/pipeline/pipeline.cpp:166) in dimension 1 with a cyclic factor 4.
INFO: [XFORM 203-101] Partitioning array 'ml' (D:/ADProjects/FPGA43DGS/examples/3dgs_flicker_hw/pipeline/pipeline.cpp:166) in dimension 1 with a cyclic factor 4.
INFO: [XFORM 203-101] Partitioning array 'ms' (D:/ADProjects/FPGA43DGS/examples/3dgs_flicker_hw/pipeline/pipeline.cpp:166) in dimension 1 with a cyclic factor 4.
INFO: [XFORM 203-101] Partitioning array 'rr' (D:/ADProjects/FPGA43DGS/examples/3dgs_flicker_hw/pipeline/pipeline.cpp:165) in dimension 1 with a cyclic factor 4.
INFO: [XFORM 203-101] Partitioning array 'gg' (D:/ADProjects/FPGA43DGS/examples/3dgs_flicker_hw/pipeline/pipeline.cpp:165) in dimension 1 with a cyclic factor 4.
INFO: [XFORM 203-101] Partitioning array 'bb' (D:/ADProjects/FPGA43DGS/examples/3dgs_flicker_hw/pipeline/pipeline.cpp:165) in dimension 1 with a cyclic factor 4.
INFO: [XFORM 203-101] Partitioning array 'tt' (D:/ADProjects/FPGA43DGS/examples/3dgs_flicker_hw/pipeline/pipeline.cpp:165) in dimension 1 with a cyclic factor 4.
INFO: [XFORM 203-101] Partitioning array 'last' (D:/ADProjects/FPGA43DGS/examples/3dgs_flicker_hw/pipeline/pipeline.cpp:165) in dimension 1 with a cyclic factor 4.
INFO: [XFORM 203-101] Partitioning array 'stopped' (D:/ADProjects/FPGA43DGS/examples/3dgs_flicker_hw/pipeline/pipeline.cpp:165) in dimension 1 with a cyclic factor 4.
INFO: [XFORM 203-101] Partitioning array 'mr' (D:/ADProjects/FPGA43DGS/examples/3dgs_flicker_hw/pipeline/pipeline.cpp:166) in dimension 1 with a cyclic factor 4.
INFO: [XFORM 203-101] Partitioning array 'mg' (D:/ADProjects/FPGA43DGS/examples/3dgs_flicker_hw/pipeline/pipeline.cpp:166) in dimension 1 with a cyclic factor 4.
INFO: [XFORM 203-101] Partitioning array 'mb' (D:/ADProjects/FPGA43DGS/examples/3dgs_flicker_hw/pipeline/pipeline.cpp:166) in dimension 1 with a cyclic factor 4.
INFO: [XFORM 203-101] Partitioning array 'mt' (D:/ADProjects/FPGA43DGS/examples/3dgs_flicker_hw/pipeline/pipeline.cpp:166) in dimension 1 with a cyclic factor 4.
INFO: [XFORM 203-101] Partitioning array 'ml' (D:/ADProjects/FPGA43DGS/examples/3dgs_flicker_hw/pipeline/pipeline.cpp:166) in dimension 1 with a cyclic factor 4.
INFO: [XFORM 203-101] Partitioning array 'ms' (D:/ADProjects/FPGA43DGS/examples/3dgs_flicker_hw/pipeline/pipeline.cpp:166) in dimension 1 with a cyclic factor 4.
INFO: [XFORM 203-101] Partitioning array 'rr' (D:/ADProjects/FPGA43DGS/examples/3dgs_flicker_hw/pipeline/pipeline.cpp:165) in dimension 1 with a cyclic factor 4.
INFO: [XFORM 203-101] Partitioning array 'gg' (D:/ADProjects/FPGA43DGS/examples/3dgs_flicker_hw/pipeline/pipeline.cpp:165) in dimension 1 with a cyclic factor 4.
INFO: [XFORM 203-101] Partitioning array 'bb' (D:/ADProjects/FPGA43DGS/examples/3dgs_flicker_hw/pipeline/pipeline.cpp:165) in dimension 1 with a cyclic factor 4.
INFO: [XFORM 203-101] Partitioning array 'tt' (D:/ADProjects/FPGA43DGS/examples/3dgs_flicker_hw/pipeline/pipeline.cpp:165) in dimension 1 with a cyclic factor 4.
INFO: [XFORM 203-101] Partitioning array 'last' (D:/ADProjects/FPGA43DGS/examples/3dgs_flicker_hw/pipeline/pipeline.cpp:165) in dimension 1 with a cyclic factor 4.
INFO: [XFORM 203-101] Partitioning array 'stopped' (D:/ADProjects/FPGA43DGS/examples/3dgs_flicker_hw/pipeline/pipeline.cpp:165) in dimension 1 with a cyclic factor 4.
INFO: [XFORM 203-101] Partitioning array 'mr' (D:/ADProjects/FPGA43DGS/examples/3dgs_flicker_hw/pipeline/pipeline.cpp:166) in dimension 1 with a cyclic factor 4.
INFO: [XFORM 203-101] Partitioning array 'mg' (D:/ADProjects/FPGA43DGS/examples/3dgs_flicker_hw/pipeline/pipeline.cpp:166) in dimension 1 with a cyclic factor 4.
INFO: [XFORM 203-101] Partitioning array 'mb' (D:/ADProjects/FPGA43DGS/examples/3dgs_flicker_hw/pipeline/pipeline.cpp:166) in dimension 1 with a cyclic factor 4.
INFO: [XFORM 203-101] Partitioning array 'mt' (D:/ADProjects/FPGA43DGS/examples/3dgs_flicker_hw/pipeline/pipeline.cpp:166) in dimension 1 with a cyclic factor 4.
INFO: [XFORM 203-101] Partitioning array 'ml' (D:/ADProjects/FPGA43DGS/examples/3dgs_flicker_hw/pipeline/pipeline.cpp:166) in dimension 1 with a cyclic factor 4.
INFO: [XFORM 203-101] Partitioning array 'ms' (D:/ADProjects/FPGA43DGS/examples/3dgs_flicker_hw/pipeline/pipeline.cpp:166) in dimension 1 with a cyclic factor 4.
INFO: [XFORM 203-101] Partitioning array 'pixels.V' (D:/ADProjects/FPGA43DGS/examples/3dgs_flicker_hw/pipeline/pipeline.cpp:244) in dimension 1 completely.
INFO: [XFORM 203-602] Inlining function 'fp_struct<float>::data' into 'fp_struct<float>::to_float' (D:/Xilinx/Vivado/2018.3/common/technology/autopilot/utils/x_hls_utils.h:348) automatically.
INFO: [XFORM 203-602] Inlining function 'fp_struct<float>::to_float' into 'unpack_float' (D:/ADProjects/FPGA43DGS/examples/3dgs_flicker_hw/pipeline/pipeline.hpp:5) automatically.
INFO: [XFORM 203-602] Inlining function 'fp_struct<decimal16>::data' into 'pack_half' (D:/ADProjects/FPGA43DGS/examples/3dgs_flicker_hw/pipeline/../hls/renderer.hpp:8) automatically.
INFO: [XFORM 203-602] Inlining function 'fp_struct<float>::to_float' into 'fp_struct<float>::to_ieee' (r:/builds/2018.3/continuous/2018_12_06_2405991/src/products/hls/hls_lib/src/hls\utils/x_hls_utils.h:369) automatically.
INFO: [XFORM 203-602] Inlining function 'fp_struct<float>::to_ieee' into 'generic_copysign<float>' (r:/builds/2018.3/continuous/2018_12_06_2405991/src/products/hls/hls_lib/hlsmath/include/FloatingPoint/hls_copysign.h:13) automatically.
INFO: [XFORM 203-602] Inlining function 'fp_struct<float>::__signbit' into 'generic_ceil<float>' (r:/builds/2018.3/continuous/2018_12_06_2405991/src/products/hls/hls_lib/hlsmath/include/FloatingPoint\hls_ceil.h:20) automatically.
INFO: [XFORM 203-602] Inlining function 'generic_copysign<float>' into 'generic_ceil<float>' (r:/builds/2018.3/continuous/2018_12_06_2405991/src/products/hls/hls_lib/hlsmath/include/FloatingPoint\hls_ceil.h:23) automatically.
INFO: [XFORM 203-602] Inlining function 'fp_struct<float>::data' into 'generic_ceil<float>' (r:/builds/2018.3/continuous/2018_12_06_2405991/src/products/hls/hls_lib/hlsmath/include/FloatingPoint\hls_ceil.h:37) automatically.
INFO: [XFORM 203-602] Inlining function 'fp_struct<float>::to_ieee' into 'generic_ceil<float>' (r:/builds/2018.3/continuous/2018_12_06_2405991/src/products/hls/hls_lib/hlsmath/include/FloatingPoint\hls_ceil.h:41) automatically.
INFO: [XFORM 203-602] Inlining function 'hls::ceil' into 'hls::ceilf' (r:/builds/2018.3/continuous/2018_12_06_2405991/src/products/hls/hls_lib/hlsmath/src/c++/ceilfloat.cpp:10) automatically.
INFO: [XFORM 203-602] Inlining function 'kind' into 'prepare_geometry' (D:/ADProjects/FPGA43DGS/examples/3dgs_flicker_hw/pipeline/pipeline.cpp:40) automatically.
INFO: [XFORM 203-602] Inlining function 'unpack_float' into 'prepare_geometry' (D:/ADProjects/FPGA43DGS/examples/3dgs_flicker_hw/pipeline/pipeline.cpp:45) automatically.
INFO: [XFORM 203-602] Inlining function 'pack_half' into 'prepare_geometry' (D:/ADProjects/FPGA43DGS/examples/3dgs_flicker_hw/pipeline/pipeline.cpp:45) automatically.
INFO: [XFORM 203-602] Inlining function 'hls::sqrtf' into 'prepare_geometry' (D:/ADProjects/FPGA43DGS/examples/3dgs_flicker_hw/pipeline/pipeline.cpp:49) automatically.
INFO: [XFORM 203-602] Inlining function 'hls::ceilf' into 'prepare_geometry' (D:/ADProjects/FPGA43DGS/examples/3dgs_flicker_hw/pipeline/pipeline.cpp:55) automatically.
INFO: [XFORM 203-602] Inlining function 'fp_struct<float>::data' into 'prepare_geometry' (D:/ADProjects/FPGA43DGS/examples/3dgs_flicker_hw/pipeline/pipeline.cpp:61) automatically.
INFO: [XFORM 203-602] Inlining function 'kind' into 'expand_subtiles' (D:/ADProjects/FPGA43DGS/examples/3dgs_flicker_hw/pipeline/pipeline.cpp:73) automatically.
INFO: [XFORM 203-602] Inlining function 'unpack_float' into 'expand_subtiles' (D:/ADProjects/FPGA43DGS/examples/3dgs_flicker_hw/pipeline/pipeline.cpp:77) automatically.
INFO: [XFORM 203-602] Inlining function 'fp_struct<decimal16>::data' into 'fp_struct<decimal16>::to_half' (D:/Xilinx/Vivado/2018.3/common/technology/autopilot/utils/x_hls_utils.h:667) automatically.
INFO: [XFORM 203-602] Inlining function 'fp_struct<decimal16>::to_half' into 'unpack_half' (D:/ADProjects/FPGA43DGS/examples/3dgs_flicker_hw/pipeline/../hls/renderer.hpp:7) automatically.
INFO: [XFORM 203-602] Inlining function 'fp_struct<decimal16>::to_half' into 'fp_struct<decimal16>::to_ieee' (r:/builds/2018.3/continuous/2018_12_06_2405991/src/products/hls/hls_lib/src/hls\utils/x_hls_utils.h:686) automatically.
INFO: [XFORM 203-602] Inlining function 'log_reduce::range_reduce<ap_fixed<34, 6, (ap_q_mode)5, (ap_o_mode)3, 0>, 4, 4, 20, 21>' into 'log_reduce::log_traits<decimal16>::range_reduction<20>' (r:/builds/2018.3/continuous/2018_12_06_2405991/src/products/hls/hls_lib/hlsmath/include/FloatingPoint\hls_log_.h:121) automatically.
INFO: [XFORM 203-602] Inlining function 'log_reduce::range_reduce<ap_fixed<34, 6, (ap_q_mode)5, (ap_o_mode)3, 0>, 7, 6, 21, 16>' into 'log_reduce::log_traits<decimal16>::range_reduction<20>' (r:/builds/2018.3/continuous/2018_12_06_2405991/src/products/hls/hls_lib/hlsmath/include/FloatingPoint\hls_log_.h:123) automatically.
INFO: [XFORM 203-602] Inlining function 'fp_struct<decimal16>::expv' into 'log_reduce::log_generic<decimal16>' (r:/builds/2018.3/continuous/2018_12_06_2405991/src/products/hls/hls_lib/hlsmath/include/FloatingPoint\hls_log_.h:223) automatically.
INFO: [XFORM 203-602] Inlining function 'generic_isnan<decimal16>' into 'log_reduce::log_generic<decimal16>' (r:/builds/2018.3/continuous/2018_12_06_2405991/src/products/hls/hls_lib/hlsmath/include/FloatingPoint\hls_log_.h:240) automatically.
INFO: [XFORM 203-602] Inlining function 'generic_isinf<decimal16>' into 'log_reduce::log_generic<decimal16>' (r:/builds/2018.3/continuous/2018_12_06_2405991/src/products/hls/hls_lib/hlsmath/include/FloatingPoint\hls_log_.h:242) automatically.
INFO: [XFORM 203-602] Inlining function 'fp_struct<decimal16>::to_ieee' into 'log_reduce::log_generic<decimal16>' (r:/builds/2018.3/continuous/2018_12_06_2405991/src/products/hls/hls_lib/hlsmath/include/FloatingPoint\hls_log_.h:249) automatically.
INFO: [XFORM 203-602] Inlining function 'log_reduce::log_traits<decimal16>::range_reduction<20>' into 'log_reduce::log_generic<decimal16>' (r:/builds/2018.3/continuous/2018_12_06_2405991/src/products/hls/hls_lib/hlsmath/include/FloatingPoint\hls_log_.h:338) automatically.
INFO: [XFORM 203-602] Inlining function 'log_reduce::log' into 'hls::half_log' (r:/builds/2018.3/continuous/2018_12_06_2405991/src/products/hls/hls_lib/hlsmath/src/c++/loghalf.cpp:11) automatically.
INFO: [XFORM 203-602] Inlining function 'kind' into 'prepare_frames' (D:/ADProjects/FPGA43DGS/examples/3dgs_flicker_hw/pipeline/framed_ctu.cpp:10) automatically.
INFO: [XFORM 203-602] Inlining function 'unpack_half' into 'prepare_frames' (D:/ADProjects/FPGA43DGS/examples/3dgs_flicker_hw/pipeline/framed_ctu.cpp:14) automatically.
INFO: [XFORM 203-602] Inlining function 'hls::half_log' into 'prepare_frames' (D:/ADProjects/FPGA43DGS/examples/3dgs_flicker_hw/pipeline/framed_ctu.cpp:15) automatically.
INFO: [XFORM 203-602] Inlining function 'kind' into 'expand_frames' (D:/ADProjects/FPGA43DGS/examples/3dgs_flicker_hw/pipeline/framed_ctu.cpp:25) automatically.
INFO: [XFORM 203-602] Inlining function 'kind' into 'test_frames' (D:/ADProjects/FPGA43DGS/examples/3dgs_flicker_hw/pipeline/framed_ctu.cpp:38) automatically.
INFO: [XFORM 203-602] Inlining function 'unpack_half' into 'test_frames' (D:/ADProjects/FPGA43DGS/examples/3dgs_flicker_hw/pipeline/../ctu/ctu.cpp:38->D:/ADProjects/FPGA43DGS/examples/3dgs_flicker_hw/pipeline/framed_ctu.cpp:48) automatically.
INFO: [XFORM 203-602] Inlining function 'kind' into 'merge_frames' (D:/ADProjects/FPGA43DGS/examples/3dgs_flicker_hw/pipeline/framed_ctu.cpp:66) automatically.
INFO: [XFORM 203-602] Inlining function 'kind' into 'dispatch' (D:/ADProjects/FPGA43DGS/examples/3dgs_flicker_hw/pipeline/pipeline.cpp:120) automatically.
INFO: [XFORM 203-602] Inlining function 'unpack_half' into 'evaluate_mini<0u>' (D:/ADProjects/FPGA43DGS/examples/3dgs_flicker_hw/pipeline/pipeline.cpp:139) automatically.
INFO: [XFORM 203-602] Inlining function 'fp_struct<decimal16>::data' into 'evaluate_mini<0u>' (D:/ADProjects/FPGA43DGS/examples/3dgs_flicker_hw/pipeline/exp_rom/table_compact.hpp:7->D:/ADProjects/FPGA43DGS/examples/3dgs_flicker_hw/pipeline/pipeline.cpp:148) automatically.
INFO: [XFORM 203-602] Inlining function 'fp_struct<decimal16>::to_half' into 'evaluate_mini<0u>' (D:/ADProjects/FPGA43DGS/examples/3dgs_flicker_hw/pipeline/exp_rom/table_compact.hpp:8->D:/ADProjects/FPGA43DGS/examples/3dgs_flicker_hw/pipeline/pipeline.cpp:148) automatically.
INFO: [XFORM 203-602] Inlining function 'kind' into 'render_lane<0u>' (D:/ADProjects/FPGA43DGS/examples/3dgs_flicker_hw/pipeline/pipeline.cpp:202) automatically.
INFO: [XFORM 203-602] Inlining function 'unpack_half' into 'render_lane<0u>' (D:/ADProjects/FPGA43DGS/examples/3dgs_flicker_hw/pipeline/pipeline.cpp:210) automatically.
INFO: [XFORM 203-602] Inlining function 'pack_half' into 'render_lane<0u>' (D:/ADProjects/FPGA43DGS/examples/3dgs_flicker_hw/pipeline/pipeline.cpp:214) automatically.
INFO: [XFORM 203-602] Inlining function 'unpack_half' into 'evaluate_mini<1u>' (D:/ADProjects/FPGA43DGS/examples/3dgs_flicker_hw/pipeline/pipeline.cpp:139) automatically.
INFO: [XFORM 203-602] Inlining function 'fp_struct<decimal16>::data' into 'evaluate_mini<1u>' (D:/ADProjects/FPGA43DGS/examples/3dgs_flicker_hw/pipeline/exp_rom/table_compact.hpp:7->D:/ADProjects/FPGA43DGS/examples/3dgs_flicker_hw/pipeline/pipeline.cpp:148) automatically.
INFO: [XFORM 203-602] Inlining function 'fp_struct<decimal16>::to_half' into 'evaluate_mini<1u>' (D:/ADProjects/FPGA43DGS/examples/3dgs_flicker_hw/pipeline/exp_rom/table_compact.hpp:8->D:/ADProjects/FPGA43DGS/examples/3dgs_flicker_hw/pipeline/pipeline.cpp:148) automatically.
INFO: [XFORM 203-602] Inlining function 'kind' into 'render_lane<1u>' (D:/ADProjects/FPGA43DGS/examples/3dgs_flicker_hw/pipeline/pipeline.cpp:202) automatically.
INFO: [XFORM 203-602] Inlining function 'unpack_half' into 'render_lane<1u>' (D:/ADProjects/FPGA43DGS/examples/3dgs_flicker_hw/pipeline/pipeline.cpp:210) automatically.
INFO: [XFORM 203-602] Inlining function 'pack_half' into 'render_lane<1u>' (D:/ADProjects/FPGA43DGS/examples/3dgs_flicker_hw/pipeline/pipeline.cpp:214) automatically.
INFO: [XFORM 203-602] Inlining function 'unpack_half' into 'evaluate_mini<2u>' (D:/ADProjects/FPGA43DGS/examples/3dgs_flicker_hw/pipeline/pipeline.cpp:139) automatically.
INFO: [XFORM 203-602] Inlining function 'fp_struct<decimal16>::data' into 'evaluate_mini<2u>' (D:/ADProjects/FPGA43DGS/examples/3dgs_flicker_hw/pipeline/exp_rom/table_compact.hpp:7->D:/ADProjects/FPGA43DGS/examples/3dgs_flicker_hw/pipeline/pipeline.cpp:148) automatically.
INFO: [XFORM 203-602] Inlining function 'fp_struct<decimal16>::to_half' into 'evaluate_mini<2u>' (D:/ADProjects/FPGA43DGS/examples/3dgs_flicker_hw/pipeline/exp_rom/table_compact.hpp:8->D:/ADProjects/FPGA43DGS/examples/3dgs_flicker_hw/pipeline/pipeline.cpp:148) automatically.
INFO: [XFORM 203-602] Inlining function 'kind' into 'render_lane<2u>' (D:/ADProjects/FPGA43DGS/examples/3dgs_flicker_hw/pipeline/pipeline.cpp:202) automatically.
INFO: [XFORM 203-602] Inlining function 'unpack_half' into 'render_lane<2u>' (D:/ADProjects/FPGA43DGS/examples/3dgs_flicker_hw/pipeline/pipeline.cpp:210) automatically.
INFO: [XFORM 203-602] Inlining function 'pack_half' into 'render_lane<2u>' (D:/ADProjects/FPGA43DGS/examples/3dgs_flicker_hw/pipeline/pipeline.cpp:214) automatically.
INFO: [XFORM 203-602] Inlining function 'unpack_half' into 'evaluate_mini<3u>' (D:/ADProjects/FPGA43DGS/examples/3dgs_flicker_hw/pipeline/pipeline.cpp:139) automatically.
INFO: [XFORM 203-602] Inlining function 'fp_struct<decimal16>::data' into 'evaluate_mini<3u>' (D:/ADProjects/FPGA43DGS/examples/3dgs_flicker_hw/pipeline/exp_rom/table_compact.hpp:7->D:/ADProjects/FPGA43DGS/examples/3dgs_flicker_hw/pipeline/pipeline.cpp:148) automatically.
INFO: [XFORM 203-602] Inlining function 'fp_struct<decimal16>::to_half' into 'evaluate_mini<3u>' (D:/ADProjects/FPGA43DGS/examples/3dgs_flicker_hw/pipeline/exp_rom/table_compact.hpp:8->D:/ADProjects/FPGA43DGS/examples/3dgs_flicker_hw/pipeline/pipeline.cpp:148) automatically.
INFO: [XFORM 203-602] Inlining function 'kind' into 'render_lane<3u>' (D:/ADProjects/FPGA43DGS/examples/3dgs_flicker_hw/pipeline/pipeline.cpp:202) automatically.
INFO: [XFORM 203-602] Inlining function 'unpack_half' into 'render_lane<3u>' (D:/ADProjects/FPGA43DGS/examples/3dgs_flicker_hw/pipeline/pipeline.cpp:210) automatically.
INFO: [XFORM 203-602] Inlining function 'pack_half' into 'render_lane<3u>' (D:/ADProjects/FPGA43DGS/examples/3dgs_flicker_hw/pipeline/pipeline.cpp:214) automatically.
INFO: [XFORM 203-712] Applying dataflow to function 'split', detected/extracted 3 process function(s): 
	 'frame_gaussians255261'
	 'prepare_geometry'
	 'expand_subtiles'.
INFO: [XFORM 203-712] Applying dataflow to function 'framed_ctu', detected/extracted 4 process function(s): 
	 'prepare_frames'
	 'expand_frames'
	 'test_frames'
	 'merge_frames'.
INFO: [XFORM 203-712] Applying dataflow to function 'flicker_render_pipeline', detected/extracted 8 process function(s): 
	 'split'
	 'framed_ctu'
	 'dispatch'
	 'render_lane<0u>'
	 'render_lane<1u>'
	 'render_lane<2u>'
	 'render_lane<3u>'
	 'gather'.
INFO: [XFORM 203-401] Performing if-conversion on hyperblock from (D:/ADProjects/FPGA43DGS/examples/3dgs_flicker_hw/pipeline/framed_ctu.cpp:32:14) to (D:/ADProjects/FPGA43DGS/examples/3dgs_flicker_hw/pipeline/framed_ctu.cpp:32:2) in function 'test_frames'... converting 14 basic blocks.
INFO: [XFORM 203-401] Performing if-conversion on hyperblock from (D:/ADProjects/FPGA43DGS/examples/3dgs_flicker_hw/pipeline/framed_ctu.cpp:8:14) to (D:/ADProjects/FPGA43DGS/examples/3dgs_flicker_hw/pipeline/framed_ctu.cpp:15:3) in function 'prepare_frames'... converting 3 basic blocks.
INFO: [XFORM 203-401] Performing if-conversion on hyperblock from (r:/builds/2018.3/continuous/2018_12_06_2405991/src/products/hls/hls_lib/hlsmath/include/FloatingPoint\hls_log_.h:278:26) to (r:/builds/2018.3/continuous/2018_12_06_2405991/src/products/hls/hls_lib/hlsmath/include/FloatingPoint\hls_log_.h:365:5) in function 'log_reduce::log_generic<decimal16>'... converting 34 basic blocks.
INFO: [XFORM 203-401] Performing if-conversion on hyperblock from (r:/builds/2018.3/continuous/2018_12_06_2405991/src/products/hls/hls_lib/hlsmath/include/FloatingPoint\hls_ceil.h:13:18) to (r:/builds/2018.3/continuous/2018_12_06_2405991/src/products/hls/hls_lib/hlsmath/include/FloatingPoint\hls_ceil.h:43:1) in function 'generic_ceil<float>'... converting 9 basic blocks.
INFO: [XFORM 203-401] Performing if-conversion on hyperblock from (D:/ADProjects/FPGA43DGS/examples/3dgs_flicker_hw/pipeline/pipeline.cpp:82:37) to (D:/ADProjects/FPGA43DGS/examples/3dgs_flicker_hw/pipeline/pipeline.cpp:85:6) in function 'expand_subtiles'... converting 5 basic blocks.
INFO: [XFORM 203-401] Performing if-conversion on hyperblock from (D:/ADProjects/FPGA43DGS/examples/3dgs_flicker_hw/pipeline/pipeline.hpp:4:37) to (D:/ADProjects/FPGA43DGS/examples/3dgs_flicker_hw/pipeline/framed_ctu.cpp:27:2) in function 'expand_frames'... converting 3 basic blocks.
INFO: [XFORM 203-401] Performing if-conversion on hyperblock from (D:/ADProjects/FPGA43DGS/examples/3dgs_flicker_hw/pipeline/exp_rom/table_compact.hpp:3:61) to (D:/ADProjects/FPGA43DGS/examples/3dgs_flicker_hw/pipeline/pipeline.cpp:153:5) in function 'evaluate_mini<3u>'... converting 6 basic blocks.
INFO: [XFORM 203-401] Performing if-conversion on hyperblock from (D:/ADProjects/FPGA43DGS/examples/3dgs_flicker_hw/pipeline/exp_rom/table_compact.hpp:3:61) to (D:/ADProjects/FPGA43DGS/examples/3dgs_flicker_hw/pipeline/pipeline.cpp:153:5) in function 'evaluate_mini<2u>'... converting 6 basic blocks.
INFO: [XFORM 203-401] Performing if-conversion on hyperblock from (D:/ADProjects/FPGA43DGS/examples/3dgs_flicker_hw/pipeline/exp_rom/table_compact.hpp:3:61) to (D:/ADProjects/FPGA43DGS/examples/3dgs_flicker_hw/pipeline/pipeline.cpp:153:5) in function 'evaluate_mini<1u>'... converting 6 basic blocks.
INFO: [XFORM 203-401] Performing if-conversion on hyperblock from (D:/ADProjects/FPGA43DGS/examples/3dgs_flicker_hw/pipeline/exp_rom/table_compact.hpp:3:61) to (D:/ADProjects/FPGA43DGS/examples/3dgs_flicker_hw/pipeline/pipeline.cpp:153:5) in function 'evaluate_mini<0u>'... converting 6 basic blocks.
INFO: [XFORM 203-602] Inlining function 'generic_ceil<float>' into 'prepare_geometry' (r:/builds/2018.3/continuous/2018_12_06_2405991/src/products/hls/hls_lib/hlsmath/src/c++/ceilfloat.cpp:6->r:/builds/2018.3/continuous/2018_12_06_2405991/src/products/hls/hls_lib/hlsmath/src/c++/ceilfloat.cpp:10->D:/ADProjects/FPGA43DGS/examples/3dgs_flicker_hw/pipeline/pipeline.cpp:55) automatically.
INFO: [XFORM 203-11] Balancing expressions in function 'expand_subtiles' (D:/ADProjects/FPGA43DGS/examples/3dgs_flicker_hw/pipeline/pipeline.cpp:70)...3 expression(s) balanced.
INFO: [HLS 200-111] Finished Pre-synthesis Time (s): cpu = 00:00:09 ; elapsed = 00:00:59 . Memory (MB): peak = 527.195 ; gain = 444.242
WARNING: [XFORM 203-542] Cannot flatten a loop nest 'Loop-1' (D:/ADProjects/FPGA43DGS/examples/3dgs_flicker_hw/pipeline/pipeline.cpp:201:2) in function 'render_lane<3u>' : 

more than one sub loop.
WARNING: [XFORM 203-542] Cannot flatten a loop nest 'Loop-1' (D:/ADProjects/FPGA43DGS/examples/3dgs_flicker_hw/pipeline/pipeline.cpp:201:2) in function 'render_lane<2u>' : 

more than one sub loop.
WARNING: [XFORM 203-542] Cannot flatten a loop nest 'Loop-1' (D:/ADProjects/FPGA43DGS/examples/3dgs_flicker_hw/pipeline/pipeline.cpp:201:2) in function 'render_lane<1u>' : 

more than one sub loop.
WARNING: [XFORM 203-542] Cannot flatten a loop nest 'Loop-1' (D:/ADProjects/FPGA43DGS/examples/3dgs_flicker_hw/pipeline/pipeline.cpp:201:2) in function 'render_lane<0u>' : 

more than one sub loop.
WARNING: [XFORM 203-542] Cannot flatten a loop nest 'Loop-1' (D:/ADProjects/FPGA43DGS/examples/3dgs_flicker_hw/pipeline/pipeline.cpp:246:18) in function 'gather' : 

more than one sub loop.
WARNING: [XFORM 203-542] Cannot flatten a loop nest 'Loop-1' (D:/ADProjects/FPGA43DGS/examples/3dgs_flicker_hw/pipeline/pipeline.cpp:22:18) in function 'frame_gaussians255261' : 

the outer loop is not a perfect loop because there is nontrivial logic in the loop latch.
WARNING: [XFORM 203-542] Cannot flatten a loop nest 'Loop-1' (D:/ADProjects/FPGA43DGS/examples/3dgs_flicker_hw/pipeline/pipeline.cpp:72:2) in function 'expand_subtiles' : 

either the parent loop or sub loop is do-while loop.
WARNING: [XFORM 203-631] Renaming function 'log_reduce::log_generic<decimal16>' to 'log_generic' (r:/builds/2018.3/continuous/2018_12_06_2405991/src/products/hls/hls_lib/hlsmath/include/FloatingPoint\hls_log_.h:17:12)
WARNING: [XFORM 203-631] Renaming function 'frame_gaussians255261' to 'frame_gaussians25526' (D:/ADProjects/FPGA43DGS/examples/3dgs_flicker_hw/pipeline/pipeline.cpp:22:24)
INFO: [HLS 200-111] Finished Architecture Synthesis Time (s): cpu = 00:00:12 ; elapsed = 00:01:02 . Memory (MB): peak = 797.027 ; gain = 714.074
INFO: [HLS 200-10] Starting hardware synthesis ...
INFO: [HLS 200-10] Synthesizing 'flicker_render_pipeline' ...
WARNING: [SYN 201-103] Legalizing function name 'evaluate_mini<0u>' to 'evaluate_mini_0u_s'.
WARNING: [SYN 201-103] Legalizing function name 'render_lane<0u>' to 'render_lane_0u_s'.
WARNING: [SYN 201-103] Legalizing function name 'evaluate_mini<1u>' to 'evaluate_mini_1u_s'.
WARNING: [SYN 201-103] Legalizing function name 'render_lane<1u>' to 'render_lane_1u_s'.
WARNING: [SYN 201-103] Legalizing function name 'evaluate_mini<2u>' to 'evaluate_mini_2u_s'.
WARNING: [SYN 201-103] Legalizing function name 'render_lane<2u>' to 'render_lane_2u_s'.
WARNING: [SYN 201-103] Legalizing function name 'evaluate_mini<3u>' to 'evaluate_mini_3u_s'.
WARNING: [SYN 201-103] Legalizing function name 'render_lane<3u>' to 'render_lane_3u_s'.
INFO: [HLS 200-10] ----------------------------------------------------------------
INFO: [HLS 200-42] -- Implementing module 'frame_gaussians25526' 
INFO: [HLS 200-10] ----------------------------------------------------------------
INFO: [SCHED 204-11] Starting scheduling ...
INFO: [SCHED 204-61] Pipelining loop 'Loop 1.1'.
INFO: [SCHED 204-61] Pipelining result : Target II = 1, Final II = 1, Depth = 2.
INFO: [SCHED 204-11] Finished scheduling.
INFO: [HLS 200-111]  Elapsed time: 62.865 seconds; current allocated memory: 711.137 MB.
INFO: [HLS 200-434] Only 1 loops out of a total 2 loops have been pipelined in this design.
INFO: [BIND 205-100] Starting micro-architecture generation ...
INFO: [BIND 205-101] Performing variable lifetime analysis.
INFO: [BIND 205-101] Exploring resource sharing.
INFO: [BIND 205-101] Binding ...
INFO: [BIND 205-100] Finished micro-architecture generation.
INFO: [HLS 200-111]  Elapsed time: 0.29 seconds; current allocated memory: 711.410 MB.
INFO: [HLS 200-10] ----------------------------------------------------------------
INFO: [HLS 200-42] -- Implementing module 'prepare_geometry' 
INFO: [HLS 200-10] ----------------------------------------------------------------
INFO: [SCHED 204-11] Starting scheduling ...
INFO: [SCHED 204-61] Pipelining loop 'Loop 1'.
INFO: [SCHED 204-61] Pipelining result : Target II = 16, Final II = 16, Depth = 166.
INFO: [SCHED 204-11] Finished scheduling.
INFO: [HLS 200-111]  Elapsed time: 0.551 seconds; current allocated memory: 712.662 MB.
INFO: [BIND 205-100] Starting micro-architecture generation ...
INFO: [BIND 205-101] Performing variable lifetime analysis.
INFO: [BIND 205-101] Exploring resource sharing.
INFO: [BIND 205-101] Binding ...
INFO: [BIND 205-100] Finished micro-architecture generation.
INFO: [HLS 200-111]  Elapsed time: 0.844 seconds; current allocated memory: 714.223 MB.
INFO: [HLS 200-10] ----------------------------------------------------------------
INFO: [HLS 200-42] -- Implementing module 'expand_subtiles' 
INFO: [HLS 200-10] ----------------------------------------------------------------
INFO: [SCHED 204-11] Starting scheduling ...
WARNING: [SCHED 204-21] Estimated delay (5.29ns) of 'uitofp' operation ('tmp_223_i', D:/ADProjects/FPGA43DGS/examples/3dgs_flicker_hw/pipeline/pipeline.cpp:84) exceeds the target cycle time (target cycle time: 5ns, clock uncertainty: 0.625ns, effective cycle time: 4.38ns).
INFO: [SCHED 204-61] Pipelining loop 'Loop 1.1'.
INFO: [SCHED 204-61] Pipelining result : Target II = 4, Final II = 4, Depth = 16.
WARNING: [SCHED 204-21] Estimated clock period (5.292ns) exceeds the target (target clock period: 5ns, clock uncertainty: 0.625ns, effective delay budget: 4.375ns).
WARNING: [SCHED 204-21] The critical path in module 'expand_subtiles' consists of the following:
	'uitofp' operation ('tmp_223_i', D:/ADProjects/FPGA43DGS/examples/3dgs_flicker_hw/pipeline/pipeline.cpp:84) [87]  (5.29 ns)
INFO: [SCHED 204-11] Finished scheduling.
INFO: [HLS 200-111]  Elapsed time: 1.318 seconds; current allocated memory: 714.784 MB.
INFO: [BIND 205-100] Starting micro-architecture generation ...
INFO: [BIND 205-101] Performing variable lifetime analysis.
INFO: [BIND 205-101] Exploring resource sharing.
INFO: [BIND 205-101] Binding ...
INFO: [BIND 205-100] Finished micro-architecture generation.
INFO: [HLS 200-111]  Elapsed time: 0.643 seconds; current allocated memory: 715.446 MB.
INFO: [HLS 200-10] ----------------------------------------------------------------
INFO: [HLS 200-42] -- Implementing module 'split' 
INFO: [HLS 200-10] ----------------------------------------------------------------
INFO: [SCHED 204-11] Starting scheduling ...
INFO: [SCHED 204-11] Finished scheduling.
INFO: [HLS 200-111]  Elapsed time: 0.659 seconds; current allocated memory: 715.584 MB.
INFO: [BIND 205-100] Starting micro-architecture generation ...
INFO: [BIND 205-101] Performing variable lifetime analysis.
INFO: [BIND 205-101] Exploring resource sharing.
INFO: [BIND 205-101] Binding ...
INFO: [BIND 205-100] Finished micro-architecture generation.
INFO: [HLS 200-111]  Elapsed time: 0.291 seconds; current allocated memory: 715.859 MB.
INFO: [HLS 200-10] ----------------------------------------------------------------
INFO: [HLS 200-42] -- Implementing module 'log_generic' 
INFO: [HLS 200-10] ----------------------------------------------------------------
INFO: [SCHED 204-11] Starting scheduling ...
INFO: [SCHED 204-61] Pipelining function 'log_generic'.
INFO: [SCHED 204-61] Pipelining result : Target II = 1, Final II = 1, Depth = 25.
INFO: [SCHED 204-11] Finished scheduling.
INFO: [HLS 200-111]  Elapsed time: 0.65 seconds; current allocated memory: 716.755 MB.
INFO: [BIND 205-100] Starting micro-architecture generation ...
INFO: [BIND 205-101] Performing variable lifetime analysis.
INFO: [BIND 205-101] Exploring resource sharing.
INFO: [BIND 205-101] Binding ...
INFO: [BIND 205-100] Finished micro-architecture generation.
INFO: [HLS 200-111]  Elapsed time: 0.803 seconds; current allocated memory: 717.721 MB.
INFO: [HLS 200-10] ----------------------------------------------------------------
INFO: [HLS 200-42] -- Implementing module 'prepare_frames' 
INFO: [HLS 200-10] ----------------------------------------------------------------
INFO: [SCHED 204-11] Starting scheduling ...
INFO: [SCHED 204-61] Pipelining loop 'Loop 1'.
INFO: [SCHED 204-61] Pipelining result : Target II = 1, Final II = 1, Depth = 35.
INFO: [SCHED 204-11] Finished scheduling.
INFO: [HLS 200-111]  Elapsed time: 0.946 seconds; current allocated memory: 718.039 MB.
INFO: [BIND 205-100] Starting micro-architecture generation ...
INFO: [BIND 205-101] Performing variable lifetime analysis.
INFO: [BIND 205-101] Exploring resource sharing.
INFO: [BIND 205-101] Binding ...
INFO: [BIND 205-100] Finished micro-architecture generation.
INFO: [HLS 200-111]  Elapsed time: 0.283 seconds; current allocated memory: 718.394 MB.
INFO: [HLS 200-10] ----------------------------------------------------------------
INFO: [HLS 200-42] -- Implementing module 'expand_frames' 
INFO: [HLS 200-10] ----------------------------------------------------------------
INFO: [SCHED 204-11] Starting scheduling ...
INFO: [SCHED 204-61] Pipelining loop 'Loop 1'.
INFO: [SCHED 204-61] Pipelining result : Target II = 1, Final II = 1, Depth = 2.
INFO: [SCHED 204-11] Finished scheduling.
INFO: [HLS 200-111]  Elapsed time: 0.318 seconds; current allocated memory: 718.580 MB.
INFO: [BIND 205-100] Starting micro-architecture generation ...
INFO: [BIND 205-101] Performing variable lifetime analysis.
INFO: [BIND 205-101] Exploring resource sharing.
INFO: [BIND 205-101] Binding ...
INFO: [BIND 205-100] Finished micro-architecture generation.
INFO: [HLS 200-111]  Elapsed time: 0.15 seconds; current allocated memory: 718.783 MB.
INFO: [HLS 200-10] ----------------------------------------------------------------
INFO: [HLS 200-42] -- Implementing module 'test_frames' 
INFO: [HLS 200-10] ----------------------------------------------------------------
INFO: [SCHED 204-11] Starting scheduling ...
WARNING: [SCHED 204-21] Estimated delay (5.29ns) of 'uitofp' operation ('tmp_8', D:/ADProjects/FPGA43DGS/examples/3dgs_flicker_hw/pipeline/../ctu/ctu.cpp:40->D:/ADProjects/FPGA43DGS/examples/3dgs_flicker_hw/pipeline/framed_ctu.cpp:48) exceeds the target cycle time (target cycle time: 5ns, clock uncertainty: 0.625ns, effective cycle time: 4.38ns).
INFO: [SCHED 204-61] Pipelining loop 'Loop 1'.
INFO: [SCHED 204-61] Pipelining result : Target II = 8, Final II = 8, Depth = 75.
WARNING: [SCHED 204-21] Estimated clock period (5.292ns) exceeds the target (target clock period: 5ns, clock uncertainty: 0.625ns, effective delay budget: 4.375ns).
WARNING: [SCHED 204-21] The critical path in module 'test_frames' consists of the following:
	'uitofp' operation ('tmp_8', D:/ADProjects/FPGA43DGS/examples/3dgs_flicker_hw/pipeline/../ctu/ctu.cpp:40->D:/ADProjects/FPGA43DGS/examples/3dgs_flicker_hw/pipeline/framed_ctu.cpp:48) [101]  (5.29 ns)
INFO: [SCHED 204-11] Finished scheduling.
INFO: [HLS 200-111]  Elapsed time: 0.463 seconds; current allocated memory: 719.969 MB.
INFO: [BIND 205-100] Starting micro-architecture generation ...
INFO: [BIND 205-101] Performing variable lifetime analysis.
INFO: [BIND 205-101] Exploring resource sharing.
INFO: [BIND 205-101] Binding ...
INFO: [BIND 205-100] Finished micro-architecture generation.
INFO: [HLS 200-111]  Elapsed time: 0.77 seconds; current allocated memory: 721.725 MB.
INFO: [HLS 200-10] ----------------------------------------------------------------
INFO: [HLS 200-42] -- Implementing module 'merge_frames' 
INFO: [HLS 200-10] ----------------------------------------------------------------
INFO: [SCHED 204-11] Starting scheduling ...
INFO: [SCHED 204-61] Pipelining loop 'Loop 1'.
INFO: [SCHED 204-61] Pipelining result : Target II = 1, Final II = 1, Depth = 2.
INFO: [SCHED 204-11] Finished scheduling.
INFO: [HLS 200-111]  Elapsed time: 0.733 seconds; current allocated memory: 721.933 MB.
INFO: [BIND 205-100] Starting micro-architecture generation ...
INFO: [BIND 205-101] Performing variable lifetime analysis.
INFO: [BIND 205-101] Exploring resource sharing.
INFO: [BIND 205-101] Binding ...
INFO: [BIND 205-100] Finished micro-architecture generation.
INFO: [HLS 200-111]  Elapsed time: 0.138 seconds; current allocated memory: 722.099 MB.
INFO: [HLS 200-10] ----------------------------------------------------------------
INFO: [HLS 200-42] -- Implementing module 'framed_ctu' 
INFO: [HLS 200-10] ----------------------------------------------------------------
INFO: [SCHED 204-11] Starting scheduling ...
INFO: [SCHED 204-11] Finished scheduling.
INFO: [HLS 200-111]  Elapsed time: 0.157 seconds; current allocated memory: 722.201 MB.
INFO: [BIND 205-100] Starting micro-architecture generation ...
INFO: [BIND 205-101] Performing variable lifetime analysis.
INFO: [BIND 205-101] Exploring resource sharing.
INFO: [BIND 205-101] Binding ...
INFO: [BIND 205-100] Finished micro-architecture generation.
INFO: [HLS 200-111]  Elapsed time: 0.355 seconds; current allocated memory: 722.693 MB.
INFO: [HLS 200-10] ----------------------------------------------------------------
INFO: [HLS 200-42] -- Implementing module 'dispatch' 
INFO: [HLS 200-10] ----------------------------------------------------------------
INFO: [SCHED 204-11] Starting scheduling ...
INFO: [SCHED 204-61] Pipelining loop 'Loop 1'.
INFO: [SCHED 204-61] Pipelining result : Target II = 1, Final II = 1, Depth = 2.
INFO: [SCHED 204-11] Finished scheduling.
INFO: [HLS 200-111]  Elapsed time: 1.068 seconds; current allocated memory: 722.934 MB.
INFO: [BIND 205-100] Starting micro-architecture generation ...
INFO: [BIND 205-101] Performing variable lifetime analysis.
INFO: [BIND 205-101] Exploring resource sharing.
INFO: [BIND 205-101] Binding ...
INFO: [BIND 205-100] Finished micro-architecture generation.
INFO: [HLS 200-111]  Elapsed time: 0.418 seconds; current allocated memory: 723.115 MB.
INFO: [HLS 200-10] ----------------------------------------------------------------
INFO: [HLS 200-42] -- Implementing module 'evaluate_mini_0u_s' 
INFO: [HLS 200-10] ----------------------------------------------------------------
INFO: [SCHED 204-11] Starting scheduling ...
WARNING: [SCHED 204-21] Estimated delay (5.29ns) of 'uitofp' operation ('tmp_247', D:/ADProjects/FPGA43DGS/examples/3dgs_flicker_hw/pipeline/pipeline.cpp:145) exceeds the target cycle time (target cycle time: 5ns, clock uncertainty: 0.625ns, effective cycle time: 4.38ns).
INFO: [SCHED 204-61] Pipelining loop 'Loop 1'.
WARNING: [SCHED 204-68] The II Violation in module 'evaluate_mini_0u_s': Unable to enforce a carried dependence constraint (II = 1, distance = 1, offset = 1)
   between 'store' operation (D:/ADProjects/FPGA43DGS/examples/3dgs_flicker_hw/pipeline/pipeline.cpp:156) of variable 'tmp_223', D:/ADProjects/FPGA43DGS/examples/3dgs_flicker_hw/pipeline/pipeline.cpp:156 on array 'bb_0' and 'load' operation ('bb_0_load', D:/ADProjects/FPGA43DGS/examples/3dgs_flicker_hw/pipeline/pipeline.cpp:156) on array 'bb_0'.
WARNING: [SCHED 204-68] The II Violation in module 'evaluate_mini_0u_s': Unable to enforce a carried dependence constraint (II = 2, distance = 1, offset = 1)
   between 'store' operation (D:/ADProjects/FPGA43DGS/examples/3dgs_flicker_hw/pipeline/pipeline.cpp:156) of variable 'tmp_223', D:/ADProjects/FPGA43DGS/examples/3dgs_flicker_hw/pipeline/pipeline.cpp:156 on array 'bb_0' and 'load' operation ('bb_0_load', D:/ADProjects/FPGA43DGS/examples/3dgs_flicker_hw/pipeline/pipeline.cpp:156) on array 'bb_0'.
WARNING: [SCHED 204-68] The II Violation in module 'evaluate_mini_0u_s': Unable to enforce a carried dependence constraint (II = 3, distance = 1, offset = 1)
   between 'store' operation (D:/ADProjects/FPGA43DGS/examples/3dgs_flicker_hw/pipeline/pipeline.cpp:156) of variable 'tmp_223', D:/ADProjects/FPGA43DGS/examples/3dgs_flicker_hw/pipeline/pipeline.cpp:156 on array 'bb_0' and 'load' operation ('bb_0_load', D:/ADProjects/FPGA43DGS/examples/3dgs_flicker_hw/pipeline/pipeline.cpp:156) on array 'bb_0'.
WARNING: [SCHED 204-68] The II Violation in module 'evaluate_mini_0u_s': Unable to enforce a carried dependence constraint (II = 34, distance = 1, offset = 1)
   between 'store' operation (D:/ADProjects/FPGA43DGS/examples/3dgs_flicker_hw/pipeline/pipeline.cpp:155) of constant 1 on array 'stopped_0' and 'load' operation ('stopped_0_load', D:/ADProjects/FPGA43DGS/examples/3dgs_flicker_hw/pipeline/pipeline.cpp:144) on array 'stopped_0'.
WARNING: [SCHED 204-68] The II Violation in module 'evaluate_mini_0u_s': Unable to enforce a carried dependence constraint (II = 50, distance = 1, offset = 1)
   between 'store' operation (D:/ADProjects/FPGA43DGS/examples/3dgs_flicker_hw/pipeline/pipeline.cpp:155) of constant 1 on array 'stopped_0' and 'load' operation ('stopped_0_load', D:/ADProjects/FPGA43DGS/examples/3dgs_flicker_hw/pipeline/pipeline.cpp:144) on array 'stopped_0'.
WARNING: [SCHED 204-68] The II Violation in module 'evaluate_mini_0u_s': Unable to enforce a carried dependence constraint (II = 58, distance = 1, offset = 1)
   between 'store' operation (D:/ADProjects/FPGA43DGS/examples/3dgs_flicker_hw/pipeline/pipeline.cpp:155) of constant 1 on array 'stopped_0' and 'load' operation ('stopped_0_load', D:/ADProjects/FPGA43DGS/examples/3dgs_flicker_hw/pipeline/pipeline.cpp:144) on array 'stopped_0'.
WARNING: [SCHED 204-68] The II Violation in module 'evaluate_mini_0u_s': Unable to enforce a carried dependence constraint (II = 59, distance = 1, offset = 1)
   between 'store' operation (D:/ADProjects/FPGA43DGS/examples/3dgs_flicker_hw/pipeline/pipeline.cpp:155) of constant 1 on array 'stopped_0' and 'load' operation ('stopped_0_load', D:/ADProjects/FPGA43DGS/examples/3dgs_flicker_hw/pipeline/pipeline.cpp:144) on array 'stopped_0'.
INFO: [SCHED 204-61] Pipelining result : Target II = 1, Final II = 60, Depth = 83.
WARNING: [SCHED 204-70] Cannot meet target clock period from 'uitofp' operation ('tmp_247') to 'sptohp' operation ('x') (combination delay: 8.768 ns) to honor II or Latency constraint in region 'Loop 1'.
WARNING: [SCHED 204-21] Estimated clock period (8.768ns) exceeds the target (target clock period: 5ns, clock uncertainty: 0.625ns, effective delay budget: 4.375ns).
WARNING: [SCHED 204-21] The critical path in module 'evaluate_mini_0u_s' consists of the following:
	'uitofp' operation ('tmp_247', D:/ADProjects/FPGA43DGS/examples/3dgs_flicker_hw/pipeline/pipeline.cpp:145) [95]  (5.29 ns)
	'sptohp' operation ('x', D:/ADProjects/FPGA43DGS/examples/3dgs_flicker_hw/pipeline/pipeline.cpp:145) [96]  (3.48 ns)
INFO: [SCHED 204-11] Finished scheduling.
INFO: [HLS 200-111]  Elapsed time: 0.46 seconds; current allocated memory: 723.943 MB.
INFO: [BIND 205-100] Starting micro-architecture generation ...
INFO: [BIND 205-101] Performing variable lifetime analysis.
INFO: [BIND 205-101] Exploring resource sharing.
INFO: [BIND 205-101] Binding ...
INFO: [BIND 205-100] Finished micro-architecture generation.
INFO: [HLS 200-111]  Elapsed time: 0.652 seconds; current allocated memory: 725.060 MB.
INFO: [HLS 200-10] ----------------------------------------------------------------
INFO: [HLS 200-42] -- Implementing module 'render_lane_0u_s' 
INFO: [HLS 200-10] ----------------------------------------------------------------
INFO: [SCHED 204-11] Starting scheduling ...
INFO: [SCHED 204-61] Pipelining loop 'Loop 1.1'.
INFO: [SCHED 204-61] Pipelining result : Target II = 1, Final II = 1, Depth = 2.
INFO: [SCHED 204-61] Pipelining loop 'Loop 1.2'.
INFO: [SCHED 204-61] Pipelining result : Target II = 1, Final II = 1, Depth = 2.
INFO: [SCHED 204-61] Pipelining loop 'Loop 1.4'.
INFO: [SCHED 204-61] Pipelining result : Target II = 1, Final II = 1, Depth = 19.
INFO: [SCHED 204-61] Pipelining loop 'Loop 1.3'.
INFO: [SCHED 204-61] Pipelining result : Target II = 1, Final II = 1, Depth = 1.
INFO: [SCHED 204-11] Finished scheduling.
INFO: [HLS 200-111]  Elapsed time: 0.869 seconds; current allocated memory: 726.390 MB.
INFO: [BIND 205-100] Starting micro-architecture generation ...
INFO: [BIND 205-101] Performing variable lifetime analysis.
INFO: [BIND 205-101] Exploring resource sharing.
WARNING: [BIND 205-102] The specified resource core for memory 'rr_0' will be ignored if a simpler one can be used.
WARNING: [BIND 205-102] The specified resource core for memory 'rr_1' will be ignored if a simpler one can be used.
WARNING: [BIND 205-102] The specified resource core for memory 'rr_2' will be ignored if a simpler one can be used.
WARNING: [BIND 205-102] The specified resource core for memory 'rr_3' will be ignored if a simpler one can be used.
WARNING: [BIND 205-102] The specified resource core for memory 'gg_0' will be ignored if a simpler one can be used.
WARNING: [BIND 205-102] The specified resource core for memory 'gg_1' will be ignored if a simpler one can be used.
WARNING: [BIND 205-102] The specified resource core for memory 'gg_2' will be ignored if a simpler one can be used.
WARNING: [BIND 205-102] The specified resource core for memory 'gg_3' will be ignored if a simpler one can be used.
WARNING: [BIND 205-102] The specified resource core for memory 'bb_0' will be ignored if a simpler one can be used.
WARNING: [BIND 205-102] The specified resource core for memory 'bb_1' will be ignored if a simpler one can be used.
WARNING: [BIND 205-102] The specified resource core for memory 'bb_2' will be ignored if a simpler one can be used.
WARNING: [BIND 205-102] The specified resource core for memory 'bb_3' will be ignored if a simpler one can be used.
WARNING: [BIND 205-102] The specified resource core for memory 'tt_0' will be ignored if a simpler one can be used.
WARNING: [BIND 205-102] The specified resource core for memory 'tt_1' will be ignored if a simpler one can be used.
WARNING: [BIND 205-102] The specified resource core for memory 'tt_2' will be ignored if a simpler one can be used.
WARNING: [BIND 205-102] The specified resource core for memory 'tt_3' will be ignored if a simpler one can be used.
WARNING: [BIND 205-102] The specified resource core for memory 'last_0' will be ignored if a simpler one can be used.
WARNING: [BIND 205-102] The specified resource core for memory 'last_1' will be ignored if a simpler one can be used.
WARNING: [BIND 205-102] The specified resource core for memory 'last_2' will be ignored if a simpler one can be used.
WARNING: [BIND 205-102] The specified resource core for memory 'last_3' will be ignored if a simpler one can be used.
WARNING: [BIND 205-102] The specified resource core for memory 'stopped_0' will be ignored if a simpler one can be used.
WARNING: [BIND 205-102] The specified resource core for memory 'stopped_1' will be ignored if a simpler one can be used.
WARNING: [BIND 205-102] The specified resource core for memory 'stopped_2' will be ignored if a simpler one can be used.
WARNING: [BIND 205-102] The specified resource core for memory 'stopped_3' will be ignored if a simpler one can be used.
WARNING: [BIND 205-102] The specified resource core for memory 'mr_0' will be ignored if a simpler one can be used.
WARNING: [BIND 205-102] The specified resource core for memory 'mr_1' will be ignored if a simpler one can be used.
WARNING: [BIND 205-102] The specified resource core for memory 'mr_2' will be ignored if a simpler one can be used.
WARNING: [BIND 205-102] The specified resource core for memory 'mr_3' will be ignored if a simpler one can be used.
WARNING: [BIND 205-102] The specified resource core for memory 'mg_0' will be ignored if a simpler one can be used.
WARNING: [BIND 205-102] The specified resource core for memory 'mg_1' will be ignored if a simpler one can be used.
WARNING: [BIND 205-102] The specified resource core for memory 'mg_2' will be ignored if a simpler one can be used.
WARNING: [BIND 205-102] The specified resource core for memory 'mg_3' will be ignored if a simpler one can be used.
WARNING: [BIND 205-102] The specified resource core for memory 'mb_0' will be ignored if a simpler one can be used.
WARNING: [BIND 205-102] The specified resource core for memory 'mb_1' will be ignored if a simpler one can be used.
WARNING: [BIND 205-102] The specified resource core for memory 'mb_2' will be ignored if a simpler one can be used.
WARNING: [BIND 205-102] The specified resource core for memory 'mb_3' will be ignored if a simpler one can be used.
WARNING: [BIND 205-102] The specified resource core for memory 'mt_0' will be ignored if a simpler one can be used.
WARNING: [BIND 205-102] The specified resource core for memory 'mt_1' will be ignored if a simpler one can be used.
WARNING: [BIND 205-102] The specified resource core for memory 'mt_2' will be ignored if a simpler one can be used.
WARNING: [BIND 205-102] The specified resource core for memory 'mt_3' will be ignored if a simpler one can be used.
WARNING: [BIND 205-102] The specified resource core for memory 'ml_0' will be ignored if a simpler one can be used.
WARNING: [BIND 205-102] The specified resource core for memory 'ml_1' will be ignored if a simpler one can be used.
WARNING: [BIND 205-102] The specified resource core for memory 'ml_2' will be ignored if a simpler one can be used.
WARNING: [BIND 205-102] The specified resource core for memory 'ml_3' will be ignored if a simpler one can be used.
WARNING: [BIND 205-102] The specified resource core for memory 'ms_0' will be ignored if a simpler one can be used.
WARNING: [BIND 205-102] The specified resource core for memory 'ms_1' will be ignored if a simpler one can be used.
WARNING: [BIND 205-102] The specified resource core for memory 'ms_2' will be ignored if a simpler one can be used.
WARNING: [BIND 205-102] The specified resource core for memory 'ms_3' will be ignored if a simpler one can be used.
INFO: [BIND 205-101] Binding ...
INFO: [BIND 205-100] Finished micro-architecture generation.
INFO: [HLS 200-111]  Elapsed time: 1.744 seconds; current allocated memory: 727.992 MB.
INFO: [HLS 200-10] ----------------------------------------------------------------
INFO: [HLS 200-42] -- Implementing module 'evaluate_mini_1u_s' 
INFO: [HLS 200-10] ----------------------------------------------------------------
INFO: [SCHED 204-11] Starting scheduling ...
WARNING: [SCHED 204-21] Estimated delay (5.29ns) of 'uitofp' operation ('tmp_238', D:/ADProjects/FPGA43DGS/examples/3dgs_flicker_hw/pipeline/pipeline.cpp:145) exceeds the target cycle time (target cycle time: 5ns, clock uncertainty: 0.625ns, effective cycle time: 4.38ns).
INFO: [SCHED 204-61] Pipelining loop 'Loop 1'.
WARNING: [SCHED 204-68] The II Violation in module 'evaluate_mini_1u_s': Unable to enforce a carried dependence constraint (II = 1, distance = 1, offset = 1)
   between 'store' operation (D:/ADProjects/FPGA43DGS/examples/3dgs_flicker_hw/pipeline/pipeline.cpp:156) of variable 'tmp_204', D:/ADProjects/FPGA43DGS/examples/3dgs_flicker_hw/pipeline/pipeline.cpp:156 on array 'bb_0' and 'load' operation ('bb_0_load', D:/ADProjects/FPGA43DGS/examples/3dgs_flicker_hw/pipeline/pipeline.cpp:156) on array 'bb_0'.
WARNING: [SCHED 204-68] The II Violation in module 'evaluate_mini_1u_s': Unable to enforce a carried dependence constraint (II = 2, distance = 1, offset = 1)
   between 'store' operation (D:/ADProjects/FPGA43DGS/examples/3dgs_flicker_hw/pipeline/pipeline.cpp:156) of variable 'tmp_204', D:/ADProjects/FPGA43DGS/examples/3dgs_flicker_hw/pipeline/pipeline.cpp:156 on array 'bb_0' and 'load' operation ('bb_0_load', D:/ADProjects/FPGA43DGS/examples/3dgs_flicker_hw/pipeline/pipeline.cpp:156) on array 'bb_0'.
WARNING: [SCHED 204-68] The II Violation in module 'evaluate_mini_1u_s': Unable to enforce a carried dependence constraint (II = 3, distance = 1, offset = 1)
   between 'store' operation (D:/ADProjects/FPGA43DGS/examples/3dgs_flicker_hw/pipeline/pipeline.cpp:156) of variable 'tmp_204', D:/ADProjects/FPGA43DGS/examples/3dgs_flicker_hw/pipeline/pipeline.cpp:156 on array 'bb_0' and 'load' operation ('bb_0_load', D:/ADProjects/FPGA43DGS/examples/3dgs_flicker_hw/pipeline/pipeline.cpp:156) on array 'bb_0'.
WARNING: [SCHED 204-68] The II Violation in module 'evaluate_mini_1u_s': Unable to enforce a carried dependence constraint (II = 34, distance = 1, offset = 1)
   between 'store' operation (D:/ADProjects/FPGA43DGS/examples/3dgs_flicker_hw/pipeline/pipeline.cpp:155) of constant 1 on array 'stopped_0' and 'load' operation ('stopped_0_load', D:/ADProjects/FPGA43DGS/examples/3dgs_flicker_hw/pipeline/pipeline.cpp:144) on array 'stopped_0'.
WARNING: [SCHED 204-68] The II Violation in module 'evaluate_mini_1u_s': Unable to enforce a carried dependence constraint (II = 50, distance = 1, offset = 1)
   between 'store' operation (D:/ADProjects/FPGA43DGS/examples/3dgs_flicker_hw/pipeline/pipeline.cpp:155) of constant 1 on array 'stopped_0' and 'load' operation ('stopped_0_load', D:/ADProjects/FPGA43DGS/examples/3dgs_flicker_hw/pipeline/pipeline.cpp:144) on array 'stopped_0'.
WARNING: [SCHED 204-68] The II Violation in module 'evaluate_mini_1u_s': Unable to enforce a carried dependence constraint (II = 58, distance = 1, offset = 1)
   between 'store' operation (D:/ADProjects/FPGA43DGS/examples/3dgs_flicker_hw/pipeline/pipeline.cpp:155) of constant 1 on array 'stopped_0' and 'load' operation ('stopped_0_load', D:/ADProjects/FPGA43DGS/examples/3dgs_flicker_hw/pipeline/pipeline.cpp:144) on array 'stopped_0'.
WARNING: [SCHED 204-68] The II Violation in module 'evaluate_mini_1u_s': Unable to enforce a carried dependence constraint (II = 59, distance = 1, offset = 1)
   between 'store' operation (D:/ADProjects/FPGA43DGS/examples/3dgs_flicker_hw/pipeline/pipeline.cpp:155) of constant 1 on array 'stopped_0' and 'load' operation ('stopped_0_load', D:/ADProjects/FPGA43DGS/examples/3dgs_flicker_hw/pipeline/pipeline.cpp:144) on array 'stopped_0'.
INFO: [SCHED 204-61] Pipelining result : Target II = 1, Final II = 60, Depth = 83.
WARNING: [SCHED 204-70] Cannot meet target clock period from 'uitofp' operation ('tmp_238') to 'sptohp' operation ('x') (combination delay: 8.768 ns) to honor II or Latency constraint in region 'Loop 1'.
WARNING: [SCHED 204-21] Estimated clock period (8.768ns) exceeds the target (target clock period: 5ns, clock uncertainty: 0.625ns, effective delay budget: 4.375ns).
WARNING: [SCHED 204-21] The critical path in module 'evaluate_mini_1u_s' consists of the following:
	'uitofp' operation ('tmp_238', D:/ADProjects/FPGA43DGS/examples/3dgs_flicker_hw/pipeline/pipeline.cpp:145) [96]  (5.29 ns)
	'sptohp' operation ('x', D:/ADProjects/FPGA43DGS/examples/3dgs_flicker_hw/pipeline/pipeline.cpp:145) [97]  (3.48 ns)
INFO: [SCHED 204-11] Finished scheduling.
INFO: [HLS 200-111]  Elapsed time: 1.368 seconds; current allocated memory: 728.838 MB.
INFO: [BIND 205-100] Starting micro-architecture generation ...
INFO: [BIND 205-101] Performing variable lifetime analysis.
INFO: [BIND 205-101] Exploring resource sharing.
INFO: [BIND 205-101] Binding ...
INFO: [BIND 205-100] Finished micro-architecture generation.
INFO: [HLS 200-111]  Elapsed time: 0.51 seconds; current allocated memory: 729.981 MB.
INFO: [HLS 200-10] ----------------------------------------------------------------
INFO: [HLS 200-42] -- Implementing module 'render_lane_1u_s' 
INFO: [HLS 200-10] ----------------------------------------------------------------
INFO: [SCHED 204-11] Starting scheduling ...
INFO: [SCHED 204-61] Pipelining loop 'Loop 1.1'.
INFO: [SCHED 204-61] Pipelining result : Target II = 1, Final II = 1, Depth = 2.
INFO: [SCHED 204-61] Pipelining loop 'Loop 1.2'.
INFO: [SCHED 204-61] Pipelining result : Target II = 1, Final II = 1, Depth = 2.
INFO: [SCHED 204-61] Pipelining loop 'Loop 1.4'.
INFO: [SCHED 204-61] Pipelining result : Target II = 1, Final II = 1, Depth = 19.
INFO: [SCHED 204-61] Pipelining loop 'Loop 1.3'.
INFO: [SCHED 204-61] Pipelining result : Target II = 1, Final II = 1, Depth = 1.
INFO: [SCHED 204-11] Finished scheduling.
INFO: [HLS 200-111]  Elapsed time: 1.028 seconds; current allocated memory: 731.258 MB.
INFO: [BIND 205-100] Starting micro-architecture generation ...
INFO: [BIND 205-101] Performing variable lifetime analysis.
INFO: [BIND 205-101] Exploring resource sharing.
WARNING: [BIND 205-102] The specified resource core for memory 'rr_0' will be ignored if a simpler one can be used.
WARNING: [BIND 205-102] The specified resource core for memory 'rr_1' will be ignored if a simpler one can be used.
WARNING: [BIND 205-102] The specified resource core for memory 'rr_2' will be ignored if a simpler one can be used.
WARNING: [BIND 205-102] The specified resource core for memory 'rr_3' will be ignored if a simpler one can be used.
WARNING: [BIND 205-102] The specified resource core for memory 'gg_0' will be ignored if a simpler one can be used.
WARNING: [BIND 205-102] The specified resource core for memory 'gg_1' will be ignored if a simpler one can be used.
WARNING: [BIND 205-102] The specified resource core for memory 'gg_2' will be ignored if a simpler one can be used.
WARNING: [BIND 205-102] The specified resource core for memory 'gg_3' will be ignored if a simpler one can be used.
WARNING: [BIND 205-102] The specified resource core for memory 'bb_0' will be ignored if a simpler one can be used.
WARNING: [BIND 205-102] The specified resource core for memory 'bb_1' will be ignored if a simpler one can be used.
WARNING: [BIND 205-102] The specified resource core for memory 'bb_2' will be ignored if a simpler one can be used.
WARNING: [BIND 205-102] The specified resource core for memory 'bb_3' will be ignored if a simpler one can be used.
WARNING: [BIND 205-102] The specified resource core for memory 'tt_0' will be ignored if a simpler one can be used.
WARNING: [BIND 205-102] The specified resource core for memory 'tt_1' will be ignored if a simpler one can be used.
WARNING: [BIND 205-102] The specified resource core for memory 'tt_2' will be ignored if a simpler one can be used.
WARNING: [BIND 205-102] The specified resource core for memory 'tt_3' will be ignored if a simpler one can be used.
WARNING: [BIND 205-102] The specified resource core for memory 'last_0' will be ignored if a simpler one can be used.
WARNING: [BIND 205-102] The specified resource core for memory 'last_1' will be ignored if a simpler one can be used.
WARNING: [BIND 205-102] The specified resource core for memory 'last_2' will be ignored if a simpler one can be used.
WARNING: [BIND 205-102] The specified resource core for memory 'last_3' will be ignored if a simpler one can be used.
WARNING: [BIND 205-102] The specified resource core for memory 'stopped_0' will be ignored if a simpler one can be used.
WARNING: [BIND 205-102] The specified resource core for memory 'stopped_1' will be ignored if a simpler one can be used.
WARNING: [BIND 205-102] The specified resource core for memory 'stopped_2' will be ignored if a simpler one can be used.
WARNING: [BIND 205-102] The specified resource core for memory 'stopped_3' will be ignored if a simpler one can be used.
WARNING: [BIND 205-102] The specified resource core for memory 'mr_0' will be ignored if a simpler one can be used.
WARNING: [BIND 205-102] The specified resource core for memory 'mr_1' will be ignored if a simpler one can be used.
WARNING: [BIND 205-102] The specified resource core for memory 'mr_2' will be ignored if a simpler one can be used.
WARNING: [BIND 205-102] The specified resource core for memory 'mr_3' will be ignored if a simpler one can be used.
WARNING: [BIND 205-102] The specified resource core for memory 'mg_0' will be ignored if a simpler one can be used.
WARNING: [BIND 205-102] The specified resource core for memory 'mg_1' will be ignored if a simpler one can be used.
WARNING: [BIND 205-102] The specified resource core for memory 'mg_2' will be ignored if a simpler one can be used.
WARNING: [BIND 205-102] The specified resource core for memory 'mg_3' will be ignored if a simpler one can be used.
WARNING: [BIND 205-102] The specified resource core for memory 'mb_0' will be ignored if a simpler one can be used.
WARNING: [BIND 205-102] The specified resource core for memory 'mb_1' will be ignored if a simpler one can be used.
WARNING: [BIND 205-102] The specified resource core for memory 'mb_2' will be ignored if a simpler one can be used.
WARNING: [BIND 205-102] The specified resource core for memory 'mb_3' will be ignored if a simpler one can be used.
WARNING: [BIND 205-102] The specified resource core for memory 'mt_0' will be ignored if a simpler one can be used.
WARNING: [BIND 205-102] The specified resource core for memory 'mt_1' will be ignored if a simpler one can be used.
WARNING: [BIND 205-102] The specified resource core for memory 'mt_2' will be ignored if a simpler one can be used.
WARNING: [BIND 205-102] The specified resource core for memory 'mt_3' will be ignored if a simpler one can be used.
WARNING: [BIND 205-102] The specified resource core for memory 'ml_0' will be ignored if a simpler one can be used.
WARNING: [BIND 205-102] The specified resource core for memory 'ml_1' will be ignored if a simpler one can be used.
WARNING: [BIND 205-102] The specified resource core for memory 'ml_2' will be ignored if a simpler one can be used.
WARNING: [BIND 205-102] The specified resource core for memory 'ml_3' will be ignored if a simpler one can be used.
WARNING: [BIND 205-102] The specified resource core for memory 'ms_0' will be ignored if a simpler one can be used.
WARNING: [BIND 205-102] The specified resource core for memory 'ms_1' will be ignored if a simpler one can be used.
WARNING: [BIND 205-102] The specified resource core for memory 'ms_2' will be ignored if a simpler one can be used.
WARNING: [BIND 205-102] The specified resource core for memory 'ms_3' will be ignored if a simpler one can be used.
INFO: [BIND 205-101] Binding ...
INFO: [BIND 205-100] Finished micro-architecture generation.
INFO: [HLS 200-111]  Elapsed time: 1.742 seconds; current allocated memory: 732.829 MB.
INFO: [HLS 200-10] ----------------------------------------------------------------
INFO: [HLS 200-42] -- Implementing module 'evaluate_mini_2u_s' 
INFO: [HLS 200-10] ----------------------------------------------------------------
INFO: [SCHED 204-11] Starting scheduling ...
WARNING: [SCHED 204-21] Estimated delay (5.29ns) of 'uitofp' operation ('tmp_229', D:/ADProjects/FPGA43DGS/examples/3dgs_flicker_hw/pipeline/pipeline.cpp:145) exceeds the target cycle time (target cycle time: 5ns, clock uncertainty: 0.625ns, effective cycle time: 4.38ns).
INFO: [SCHED 204-61] Pipelining loop 'Loop 1'.
WARNING: [SCHED 204-68] The II Violation in module 'evaluate_mini_2u_s': Unable to enforce a carried dependence constraint (II = 1, distance = 1, offset = 1)
   between 'store' operation (D:/ADProjects/FPGA43DGS/examples/3dgs_flicker_hw/pipeline/pipeline.cpp:156) of variable 'tmp_185', D:/ADProjects/FPGA43DGS/examples/3dgs_flicker_hw/pipeline/pipeline.cpp:156 on array 'bb_0' and 'load' operation ('bb_0_load', D:/ADProjects/FPGA43DGS/examples/3dgs_flicker_hw/pipeline/pipeline.cpp:156) on array 'bb_0'.
WARNING: [SCHED 204-68] The II Violation in module 'evaluate_mini_2u_s': Unable to enforce a carried dependence constraint (II = 2, distance = 1, offset = 1)
   between 'store' operation (D:/ADProjects/FPGA43DGS/examples/3dgs_flicker_hw/pipeline/pipeline.cpp:156) of variable 'tmp_185', D:/ADProjects/FPGA43DGS/examples/3dgs_flicker_hw/pipeline/pipeline.cpp:156 on array 'bb_0' and 'load' operation ('bb_0_load', D:/ADProjects/FPGA43DGS/examples/3dgs_flicker_hw/pipeline/pipeline.cpp:156) on array 'bb_0'.
WARNING: [SCHED 204-68] The II Violation in module 'evaluate_mini_2u_s': Unable to enforce a carried dependence constraint (II = 3, distance = 1, offset = 1)
   between 'store' operation (D:/ADProjects/FPGA43DGS/examples/3dgs_flicker_hw/pipeline/pipeline.cpp:156) of variable 'tmp_185', D:/ADProjects/FPGA43DGS/examples/3dgs_flicker_hw/pipeline/pipeline.cpp:156 on array 'bb_0' and 'load' operation ('bb_0_load', D:/ADProjects/FPGA43DGS/examples/3dgs_flicker_hw/pipeline/pipeline.cpp:156) on array 'bb_0'.
WARNING: [SCHED 204-68] The II Violation in module 'evaluate_mini_2u_s': Unable to enforce a carried dependence constraint (II = 34, distance = 1, offset = 1)
   between 'store' operation (D:/ADProjects/FPGA43DGS/examples/3dgs_flicker_hw/pipeline/pipeline.cpp:155) of constant 1 on array 'stopped_0' and 'load' operation ('stopped_0_load', D:/ADProjects/FPGA43DGS/examples/3dgs_flicker_hw/pipeline/pipeline.cpp:144) on array 'stopped_0'.
WARNING: [SCHED 204-68] The II Violation in module 'evaluate_mini_2u_s': Unable to enforce a carried dependence constraint (II = 50, distance = 1, offset = 1)
   between 'store' operation (D:/ADProjects/FPGA43DGS/examples/3dgs_flicker_hw/pipeline/pipeline.cpp:155) of constant 1 on array 'stopped_0' and 'load' operation ('stopped_0_load', D:/ADProjects/FPGA43DGS/examples/3dgs_flicker_hw/pipeline/pipeline.cpp:144) on array 'stopped_0'.
WARNING: [SCHED 204-68] The II Violation in module 'evaluate_mini_2u_s': Unable to enforce a carried dependence constraint (II = 58, distance = 1, offset = 1)
   between 'store' operation (D:/ADProjects/FPGA43DGS/examples/3dgs_flicker_hw/pipeline/pipeline.cpp:155) of constant 1 on array 'stopped_0' and 'load' operation ('stopped_0_load', D:/ADProjects/FPGA43DGS/examples/3dgs_flicker_hw/pipeline/pipeline.cpp:144) on array 'stopped_0'.
WARNING: [SCHED 204-68] The II Violation in module 'evaluate_mini_2u_s': Unable to enforce a carried dependence constraint (II = 59, distance = 1, offset = 1)
   between 'store' operation (D:/ADProjects/FPGA43DGS/examples/3dgs_flicker_hw/pipeline/pipeline.cpp:155) of constant 1 on array 'stopped_0' and 'load' operation ('stopped_0_load', D:/ADProjects/FPGA43DGS/examples/3dgs_flicker_hw/pipeline/pipeline.cpp:144) on array 'stopped_0'.
INFO: [SCHED 204-61] Pipelining result : Target II = 1, Final II = 60, Depth = 83.
WARNING: [SCHED 204-70] Cannot meet target clock period from 'uitofp' operation ('tmp_229') to 'sptohp' operation ('x') (combination delay: 8.768 ns) to honor II or Latency constraint in region 'Loop 1'.
WARNING: [SCHED 204-21] Estimated clock period (8.768ns) exceeds the target (target clock period: 5ns, clock uncertainty: 0.625ns, effective delay budget: 4.375ns).
WARNING: [SCHED 204-21] The critical path in module 'evaluate_mini_2u_s' consists of the following:
	'uitofp' operation ('tmp_229', D:/ADProjects/FPGA43DGS/examples/3dgs_flicker_hw/pipeline/pipeline.cpp:145) [96]  (5.29 ns)
	'sptohp' operation ('x', D:/ADProjects/FPGA43DGS/examples/3dgs_flicker_hw/pipeline/pipeline.cpp:145) [97]  (3.48 ns)
INFO: [SCHED 204-11] Finished scheduling.
INFO: [HLS 200-111]  Elapsed time: 1.256 seconds; current allocated memory: 733.712 MB.
INFO: [BIND 205-100] Starting micro-architecture generation ...
INFO: [BIND 205-101] Performing variable lifetime analysis.
INFO: [BIND 205-101] Exploring resource sharing.
INFO: [BIND 205-101] Binding ...
INFO: [BIND 205-100] Finished micro-architecture generation.
INFO: [HLS 200-111]  Elapsed time: 0.556 seconds; current allocated memory: 734.816 MB.
INFO: [HLS 200-10] ----------------------------------------------------------------
INFO: [HLS 200-42] -- Implementing module 'render_lane_2u_s' 
INFO: [HLS 200-10] ----------------------------------------------------------------
INFO: [SCHED 204-11] Starting scheduling ...
INFO: [SCHED 204-61] Pipelining loop 'Loop 1.1'.
INFO: [SCHED 204-61] Pipelining result : Target II = 1, Final II = 1, Depth = 2.
INFO: [SCHED 204-61] Pipelining loop 'Loop 1.2'.
INFO: [SCHED 204-61] Pipelining result : Target II = 1, Final II = 1, Depth = 2.
INFO: [SCHED 204-61] Pipelining loop 'Loop 1.4'.
INFO: [SCHED 204-61] Pipelining result : Target II = 1, Final II = 1, Depth = 19.
INFO: [SCHED 204-61] Pipelining loop 'Loop 1.3'.
INFO: [SCHED 204-61] Pipelining result : Target II = 1, Final II = 1, Depth = 1.
INFO: [SCHED 204-11] Finished scheduling.
INFO: [HLS 200-111]  Elapsed time: 1.197 seconds; current allocated memory: 736.117 MB.
INFO: [BIND 205-100] Starting micro-architecture generation ...
INFO: [BIND 205-101] Performing variable lifetime analysis.
INFO: [BIND 205-101] Exploring resource sharing.
WARNING: [BIND 205-102] The specified resource core for memory 'rr_0' will be ignored if a simpler one can be used.
WARNING: [BIND 205-102] The specified resource core for memory 'rr_1' will be ignored if a simpler one can be used.
WARNING: [BIND 205-102] The specified resource core for memory 'rr_2' will be ignored if a simpler one can be used.
WARNING: [BIND 205-102] The specified resource core for memory 'rr_3' will be ignored if a simpler one can be used.
WARNING: [BIND 205-102] The specified resource core for memory 'gg_0' will be ignored if a simpler one can be used.
WARNING: [BIND 205-102] The specified resource core for memory 'gg_1' will be ignored if a simpler one can be used.
WARNING: [BIND 205-102] The specified resource core for memory 'gg_2' will be ignored if a simpler one can be used.
WARNING: [BIND 205-102] The specified resource core for memory 'gg_3' will be ignored if a simpler one can be used.
WARNING: [BIND 205-102] The specified resource core for memory 'bb_0' will be ignored if a simpler one can be used.
WARNING: [BIND 205-102] The specified resource core for memory 'bb_1' will be ignored if a simpler one can be used.
WARNING: [BIND 205-102] The specified resource core for memory 'bb_2' will be ignored if a simpler one can be used.
WARNING: [BIND 205-102] The specified resource core for memory 'bb_3' will be ignored if a simpler one can be used.
WARNING: [BIND 205-102] The specified resource core for memory 'tt_0' will be ignored if a simpler one can be used.
WARNING: [BIND 205-102] The specified resource core for memory 'tt_1' will be ignored if a simpler one can be used.
WARNING: [BIND 205-102] The specified resource core for memory 'tt_2' will be ignored if a simpler one can be used.
WARNING: [BIND 205-102] The specified resource core for memory 'tt_3' will be ignored if a simpler one can be used.
WARNING: [BIND 205-102] The specified resource core for memory 'last_0' will be ignored if a simpler one can be used.
WARNING: [BIND 205-102] The specified resource core for memory 'last_1' will be ignored if a simpler one can be used.
WARNING: [BIND 205-102] The specified resource core for memory 'last_2' will be ignored if a simpler one can be used.
WARNING: [BIND 205-102] The specified resource core for memory 'last_3' will be ignored if a simpler one can be used.
WARNING: [BIND 205-102] The specified resource core for memory 'stopped_0' will be ignored if a simpler one can be used.
WARNING: [BIND 205-102] The specified resource core for memory 'stopped_1' will be ignored if a simpler one can be used.
WARNING: [BIND 205-102] The specified resource core for memory 'stopped_2' will be ignored if a simpler one can be used.
WARNING: [BIND 205-102] The specified resource core for memory 'stopped_3' will be ignored if a simpler one can be used.
WARNING: [BIND 205-102] The specified resource core for memory 'mr_0' will be ignored if a simpler one can be used.
WARNING: [BIND 205-102] The specified resource core for memory 'mr_1' will be ignored if a simpler one can be used.
WARNING: [BIND 205-102] The specified resource core for memory 'mr_2' will be ignored if a simpler one can be used.
WARNING: [BIND 205-102] The specified resource core for memory 'mr_3' will be ignored if a simpler one can be used.
WARNING: [BIND 205-102] The specified resource core for memory 'mg_0' will be ignored if a simpler one can be used.
WARNING: [BIND 205-102] The specified resource core for memory 'mg_1' will be ignored if a simpler one can be used.
WARNING: [BIND 205-102] The specified resource core for memory 'mg_2' will be ignored if a simpler one can be used.
WARNING: [BIND 205-102] The specified resource core for memory 'mg_3' will be ignored if a simpler one can be used.
WARNING: [BIND 205-102] The specified resource core for memory 'mb_0' will be ignored if a simpler one can be used.
WARNING: [BIND 205-102] The specified resource core for memory 'mb_1' will be ignored if a simpler one can be used.
WARNING: [BIND 205-102] The specified resource core for memory 'mb_2' will be ignored if a simpler one can be used.
WARNING: [BIND 205-102] The specified resource core for memory 'mb_3' will be ignored if a simpler one can be used.
WARNING: [BIND 205-102] The specified resource core for memory 'mt_0' will be ignored if a simpler one can be used.
WARNING: [BIND 205-102] The specified resource core for memory 'mt_1' will be ignored if a simpler one can be used.
WARNING: [BIND 205-102] The specified resource core for memory 'mt_2' will be ignored if a simpler one can be used.
WARNING: [BIND 205-102] The specified resource core for memory 'mt_3' will be ignored if a simpler one can be used.
WARNING: [BIND 205-102] The specified resource core for memory 'ml_0' will be ignored if a simpler one can be used.
WARNING: [BIND 205-102] The specified resource core for memory 'ml_1' will be ignored if a simpler one can be used.
WARNING: [BIND 205-102] The specified resource core for memory 'ml_2' will be ignored if a simpler one can be used.
WARNING: [BIND 205-102] The specified resource core for memory 'ml_3' will be ignored if a simpler one can be used.
WARNING: [BIND 205-102] The specified resource core for memory 'ms_0' will be ignored if a simpler one can be used.
WARNING: [BIND 205-102] The specified resource core for memory 'ms_1' will be ignored if a simpler one can be used.
WARNING: [BIND 205-102] The specified resource core for memory 'ms_2' will be ignored if a simpler one can be used.
WARNING: [BIND 205-102] The specified resource core for memory 'ms_3' will be ignored if a simpler one can be used.
INFO: [BIND 205-101] Binding ...
INFO: [BIND 205-100] Finished micro-architecture generation.
INFO: [HLS 200-111]  Elapsed time: 1.87 seconds; current allocated memory: 737.657 MB.
INFO: [HLS 200-10] ----------------------------------------------------------------
INFO: [HLS 200-42] -- Implementing module 'evaluate_mini_3u_s' 
INFO: [HLS 200-10] ----------------------------------------------------------------
INFO: [SCHED 204-11] Starting scheduling ...
WARNING: [SCHED 204-21] Estimated delay (5.29ns) of 'uitofp' operation ('tmp_220', D:/ADProjects/FPGA43DGS/examples/3dgs_flicker_hw/pipeline/pipeline.cpp:145) exceeds the target cycle time (target cycle time: 5ns, clock uncertainty: 0.625ns, effective cycle time: 4.38ns).
INFO: [SCHED 204-61] Pipelining loop 'Loop 1'.
WARNING: [SCHED 204-68] The II Violation in module 'evaluate_mini_3u_s': Unable to enforce a carried dependence constraint (II = 1, distance = 1, offset = 1)
   between 'store' operation (D:/ADProjects/FPGA43DGS/examples/3dgs_flicker_hw/pipeline/pipeline.cpp:156) of variable 'tmp_165', D:/ADProjects/FPGA43DGS/examples/3dgs_flicker_hw/pipeline/pipeline.cpp:156 on array 'bb_0' and 'load' operation ('bb_0_load', D:/ADProjects/FPGA43DGS/examples/3dgs_flicker_hw/pipeline/pipeline.cpp:156) on array 'bb_0'.
WARNING: [SCHED 204-68] The II Violation in module 'evaluate_mini_3u_s': Unable to enforce a carried dependence constraint (II = 2, distance = 1, offset = 1)
   between 'store' operation (D:/ADProjects/FPGA43DGS/examples/3dgs_flicker_hw/pipeline/pipeline.cpp:156) of variable 'tmp_165', D:/ADProjects/FPGA43DGS/examples/3dgs_flicker_hw/pipeline/pipeline.cpp:156 on array 'bb_0' and 'load' operation ('bb_0_load', D:/ADProjects/FPGA43DGS/examples/3dgs_flicker_hw/pipeline/pipeline.cpp:156) on array 'bb_0'.
WARNING: [SCHED 204-68] The II Violation in module 'evaluate_mini_3u_s': Unable to enforce a carried dependence constraint (II = 3, distance = 1, offset = 1)
   between 'store' operation (D:/ADProjects/FPGA43DGS/examples/3dgs_flicker_hw/pipeline/pipeline.cpp:156) of variable 'tmp_165', D:/ADProjects/FPGA43DGS/examples/3dgs_flicker_hw/pipeline/pipeline.cpp:156 on array 'bb_0' and 'load' operation ('bb_0_load', D:/ADProjects/FPGA43DGS/examples/3dgs_flicker_hw/pipeline/pipeline.cpp:156) on array 'bb_0'.
WARNING: [SCHED 204-68] The II Violation in module 'evaluate_mini_3u_s': Unable to enforce a carried dependence constraint (II = 34, distance = 1, offset = 1)
   between 'store' operation (D:/ADProjects/FPGA43DGS/examples/3dgs_flicker_hw/pipeline/pipeline.cpp:155) of constant 1 on array 'stopped_0' and 'load' operation ('stopped_0_load', D:/ADProjects/FPGA43DGS/examples/3dgs_flicker_hw/pipeline/pipeline.cpp:144) on array 'stopped_0'.
WARNING: [SCHED 204-68] The II Violation in module 'evaluate_mini_3u_s': Unable to enforce a carried dependence constraint (II = 50, distance = 1, offset = 1)
   between 'store' operation (D:/ADProjects/FPGA43DGS/examples/3dgs_flicker_hw/pipeline/pipeline.cpp:155) of constant 1 on array 'stopped_0' and 'load' operation ('stopped_0_load', D:/ADProjects/FPGA43DGS/examples/3dgs_flicker_hw/pipeline/pipeline.cpp:144) on array 'stopped_0'.
WARNING: [SCHED 204-68] The II Violation in module 'evaluate_mini_3u_s': Unable to enforce a carried dependence constraint (II = 58, distance = 1, offset = 1)
   between 'store' operation (D:/ADProjects/FPGA43DGS/examples/3dgs_flicker_hw/pipeline/pipeline.cpp:155) of constant 1 on array 'stopped_0' and 'load' operation ('stopped_0_load', D:/ADProjects/FPGA43DGS/examples/3dgs_flicker_hw/pipeline/pipeline.cpp:144) on array 'stopped_0'.
WARNING: [SCHED 204-68] The II Violation in module 'evaluate_mini_3u_s': Unable to enforce a carried dependence constraint (II = 59, distance = 1, offset = 1)
   between 'store' operation (D:/ADProjects/FPGA43DGS/examples/3dgs_flicker_hw/pipeline/pipeline.cpp:155) of constant 1 on array 'stopped_0' and 'load' operation ('stopped_0_load', D:/ADProjects/FPGA43DGS/examples/3dgs_flicker_hw/pipeline/pipeline.cpp:144) on array 'stopped_0'.
INFO: [SCHED 204-61] Pipelining result : Target II = 1, Final II = 60, Depth = 83.
WARNING: [SCHED 204-70] Cannot meet target clock period from 'uitofp' operation ('tmp_220') to 'sptohp' operation ('x') (combination delay: 8.768 ns) to honor II or Latency constraint in region 'Loop 1'.
WARNING: [SCHED 204-21] Estimated clock period (8.768ns) exceeds the target (target clock period: 5ns, clock uncertainty: 0.625ns, effective delay budget: 4.375ns).
WARNING: [SCHED 204-21] The critical path in module 'evaluate_mini_3u_s' consists of the following:
	'uitofp' operation ('tmp_220', D:/ADProjects/FPGA43DGS/examples/3dgs_flicker_hw/pipeline/pipeline.cpp:145) [97]  (5.29 ns)
	'sptohp' operation ('x', D:/ADProjects/FPGA43DGS/examples/3dgs_flicker_hw/pipeline/pipeline.cpp:145) [98]  (3.48 ns)
INFO: [SCHED 204-11] Finished scheduling.
INFO: [HLS 200-111]  Elapsed time: 1.193 seconds; current allocated memory: 738.561 MB.
INFO: [BIND 205-100] Starting micro-architecture generation ...
INFO: [BIND 205-101] Performing variable lifetime analysis.
INFO: [BIND 205-101] Exploring resource sharing.
INFO: [BIND 205-101] Binding ...
INFO: [BIND 205-100] Finished micro-architecture generation.
INFO: [HLS 200-111]  Elapsed time: 0.632 seconds; current allocated memory: 739.670 MB.
INFO: [HLS 200-10] ----------------------------------------------------------------
INFO: [HLS 200-42] -- Implementing module 'render_lane_3u_s' 
INFO: [HLS 200-10] ----------------------------------------------------------------
INFO: [SCHED 204-11] Starting scheduling ...
INFO: [SCHED 204-61] Pipelining loop 'Loop 1.1'.
INFO: [SCHED 204-61] Pipelining result : Target II = 1, Final II = 1, Depth = 2.
INFO: [SCHED 204-61] Pipelining loop 'Loop 1.2'.
INFO: [SCHED 204-61] Pipelining result : Target II = 1, Final II = 1, Depth = 2.
INFO: [SCHED 204-61] Pipelining loop 'Loop 1.4'.
INFO: [SCHED 204-61] Pipelining result : Target II = 1, Final II = 1, Depth = 19.
INFO: [SCHED 204-61] Pipelining loop 'Loop 1.3'.
INFO: [SCHED 204-61] Pipelining result : Target II = 1, Final II = 1, Depth = 1.
INFO: [SCHED 204-11] Finished scheduling.
INFO: [HLS 200-111]  Elapsed time: 1.402 seconds; current allocated memory: 740.974 MB.
INFO: [BIND 205-100] Starting micro-architecture generation ...
INFO: [BIND 205-101] Performing variable lifetime analysis.
INFO: [BIND 205-101] Exploring resource sharing.
WARNING: [BIND 205-102] The specified resource core for memory 'rr_0' will be ignored if a simpler one can be used.
WARNING: [BIND 205-102] The specified resource core for memory 'rr_1' will be ignored if a simpler one can be used.
WARNING: [BIND 205-102] The specified resource core for memory 'rr_2' will be ignored if a simpler one can be used.
WARNING: [BIND 205-102] The specified resource core for memory 'rr_3' will be ignored if a simpler one can be used.
WARNING: [BIND 205-102] The specified resource core for memory 'gg_0' will be ignored if a simpler one can be used.
WARNING: [BIND 205-102] The specified resource core for memory 'gg_1' will be ignored if a simpler one can be used.
WARNING: [BIND 205-102] The specified resource core for memory 'gg_2' will be ignored if a simpler one can be used.
WARNING: [BIND 205-102] The specified resource core for memory 'gg_3' will be ignored if a simpler one can be used.
WARNING: [BIND 205-102] The specified resource core for memory 'bb_0' will be ignored if a simpler one can be used.
WARNING: [BIND 205-102] The specified resource core for memory 'bb_1' will be ignored if a simpler one can be used.
WARNING: [BIND 205-102] The specified resource core for memory 'bb_2' will be ignored if a simpler one can be used.
WARNING: [BIND 205-102] The specified resource core for memory 'bb_3' will be ignored if a simpler one can be used.
WARNING: [BIND 205-102] The specified resource core for memory 'tt_0' will be ignored if a simpler one can be used.
WARNING: [BIND 205-102] The specified resource core for memory 'tt_1' will be ignored if a simpler one can be used.
WARNING: [BIND 205-102] The specified resource core for memory 'tt_2' will be ignored if a simpler one can be used.
WARNING: [BIND 205-102] The specified resource core for memory 'tt_3' will be ignored if a simpler one can be used.
WARNING: [BIND 205-102] The specified resource core for memory 'last_0' will be ignored if a simpler one can be used.
WARNING: [BIND 205-102] The specified resource core for memory 'last_1' will be ignored if a simpler one can be used.
WARNING: [BIND 205-102] The specified resource core for memory 'last_2' will be ignored if a simpler one can be used.
WARNING: [BIND 205-102] The specified resource core for memory 'last_3' will be ignored if a simpler one can be used.
WARNING: [BIND 205-102] The specified resource core for memory 'stopped_0' will be ignored if a simpler one can be used.
WARNING: [BIND 205-102] The specified resource core for memory 'stopped_1' will be ignored if a simpler one can be used.
WARNING: [BIND 205-102] The specified resource core for memory 'stopped_2' will be ignored if a simpler one can be used.
WARNING: [BIND 205-102] The specified resource core for memory 'stopped_3' will be ignored if a simpler one can be used.
WARNING: [BIND 205-102] The specified resource core for memory 'mr_0' will be ignored if a simpler one can be used.
WARNING: [BIND 205-102] The specified resource core for memory 'mr_1' will be ignored if a simpler one can be used.
WARNING: [BIND 205-102] The specified resource core for memory 'mr_2' will be ignored if a simpler one can be used.
WARNING: [BIND 205-102] The specified resource core for memory 'mr_3' will be ignored if a simpler one can be used.
WARNING: [BIND 205-102] The specified resource core for memory 'mg_0' will be ignored if a simpler one can be used.
WARNING: [BIND 205-102] The specified resource core for memory 'mg_1' will be ignored if a simpler one can be used.
WARNING: [BIND 205-102] The specified resource core for memory 'mg_2' will be ignored if a simpler one can be used.
WARNING: [BIND 205-102] The specified resource core for memory 'mg_3' will be ignored if a simpler one can be used.
WARNING: [BIND 205-102] The specified resource core for memory 'mb_0' will be ignored if a simpler one can be used.
WARNING: [BIND 205-102] The specified resource core for memory 'mb_1' will be ignored if a simpler one can be used.
WARNING: [BIND 205-102] The specified resource core for memory 'mb_2' will be ignored if a simpler one can be used.
WARNING: [BIND 205-102] The specified resource core for memory 'mb_3' will be ignored if a simpler one can be used.
WARNING: [BIND 205-102] The specified resource core for memory 'mt_0' will be ignored if a simpler one can be used.
WARNING: [BIND 205-102] The specified resource core for memory 'mt_1' will be ignored if a simpler one can be used.
WARNING: [BIND 205-102] The specified resource core for memory 'mt_2' will be ignored if a simpler one can be used.
WARNING: [BIND 205-102] The specified resource core for memory 'mt_3' will be ignored if a simpler one can be used.
WARNING: [BIND 205-102] The specified resource core for memory 'ml_0' will be ignored if a simpler one can be used.
WARNING: [BIND 205-102] The specified resource core for memory 'ml_1' will be ignored if a simpler one can be used.
WARNING: [BIND 205-102] The specified resource core for memory 'ml_2' will be ignored if a simpler one can be used.
WARNING: [BIND 205-102] The specified resource core for memory 'ml_3' will be ignored if a simpler one can be used.
WARNING: [BIND 205-102] The specified resource core for memory 'ms_0' will be ignored if a simpler one can be used.
WARNING: [BIND 205-102] The specified resource core for memory 'ms_1' will be ignored if a simpler one can be used.
WARNING: [BIND 205-102] The specified resource core for memory 'ms_2' will be ignored if a simpler one can be used.
WARNING: [BIND 205-102] The specified resource core for memory 'ms_3' will be ignored if a simpler one can be used.
INFO: [BIND 205-101] Binding ...
INFO: [BIND 205-100] Finished micro-architecture generation.
INFO: [HLS 200-111]  Elapsed time: 1.729 seconds; current allocated memory: 742.558 MB.
INFO: [HLS 200-10] ----------------------------------------------------------------
INFO: [HLS 200-42] -- Implementing module 'gather' 
INFO: [HLS 200-10] ----------------------------------------------------------------
INFO: [SCHED 204-11] Starting scheduling ...
INFO: [SCHED 204-61] Pipelining loop 'Loop 1.1'.
INFO: [SCHED 204-61] Pipelining result : Target II = 1, Final II = 1, Depth = 3.
INFO: [SCHED 204-61] Pipelining loop 'Loop 1.2'.
INFO: [SCHED 204-61] Pipelining result : Target II = 1, Final II = 1, Depth = 3.
INFO: [SCHED 204-11] Finished scheduling.
INFO: [HLS 200-111]  Elapsed time: 0.799 seconds; current allocated memory: 742.797 MB.
INFO: [BIND 205-100] Starting micro-architecture generation ...
INFO: [BIND 205-101] Performing variable lifetime analysis.
INFO: [BIND 205-101] Exploring resource sharing.
INFO: [BIND 205-101] Binding ...
INFO: [BIND 205-100] Finished micro-architecture generation.
INFO: [HLS 200-111]  Elapsed time: 0.452 seconds; current allocated memory: 743.144 MB.
INFO: [HLS 200-10] ----------------------------------------------------------------
INFO: [HLS 200-42] -- Implementing module 'flicker_render_pipeline' 
INFO: [HLS 200-10] ----------------------------------------------------------------
INFO: [SCHED 204-11] Starting scheduling ...
INFO: [SCHED 204-11] Finished scheduling.
INFO: [HLS 200-111]  Elapsed time: 0.545 seconds; current allocated memory: 743.279 MB.
INFO: [BIND 205-100] Starting micro-architecture generation ...
INFO: [BIND 205-101] Performing variable lifetime analysis.
INFO: [BIND 205-101] Exploring resource sharing.
INFO: [BIND 205-101] Binding ...
INFO: [BIND 205-100] Finished micro-architecture generation.
INFO: [HLS 200-111]  Elapsed time: 1.087 seconds; current allocated memory: 744.526 MB.
INFO: [HLS 200-10] ----------------------------------------------------------------
INFO: [HLS 200-10] -- Generating RTL for module 'frame_gaussians25526' 
INFO: [HLS 200-10] ----------------------------------------------------------------
INFO: [RTGEN 206-100] Finished creating RTL model for 'frame_gaussians25526'.
INFO: [HLS 200-111]  Elapsed time: 0.878 seconds; current allocated memory: 745.263 MB.
INFO: [HLS 200-10] ----------------------------------------------------------------
INFO: [HLS 200-10] -- Generating RTL for module 'prepare_geometry' 
INFO: [HLS 200-10] ----------------------------------------------------------------
INFO: [SYN 201-210] Renamed object name 'prepare_geometry_mask_table1' to 'prepare_geometry_bkb' due to the length limit 20
INFO: [SYN 201-210] Renamed object name 'flicker_render_pipeline_faddfsub_32ns_32ns_32_8_full_dsp_1' to 'flicker_render_picud' due to the length limit 20
INFO: [SYN 201-210] Renamed object name 'flicker_render_pipeline_fmul_32ns_32ns_32_5_max_dsp_1' to 'flicker_render_pidEe' due to the length limit 20
INFO: [SYN 201-210] Renamed object name 'flicker_render_pipeline_fdiv_32ns_32ns_32_30_1' to 'flicker_render_pieOg' due to the length limit 20
INFO: [SYN 201-210] Renamed object name 'flicker_render_pipeline_fcmp_32ns_32ns_1_2_1' to 'flicker_render_pifYi' due to the length limit 20
INFO: [SYN 201-210] Renamed object name 'flicker_render_pipeline_fsqrt_32ns_32ns_32_28_1' to 'flicker_render_pig8j' due to the length limit 20
INFO: [SYN 201-210] Renamed object name 'flicker_render_pipeline_sptohp_32ns_16_3_1' to 'flicker_render_pihbi' due to the length limit 20
INFO: [RTGEN 206-104] Estimated max fanout for 'prepare_geometry' is 5644 from HDL expression: ((1'b1 == ap_CS_fsm_pp0_stage0) & (1'b0 == ap_block_pp0_stage0_11001))
INFO: [RTGEN 206-100] Generating core module 'flicker_render_picud': 1 instance(s).
INFO: [RTGEN 206-100] Generating core module 'flicker_render_pidEe': 1 instance(s).
INFO: [RTGEN 206-100] Generating core module 'flicker_render_pieOg': 1 instance(s).
INFO: [RTGEN 206-100] Generating core module 'flicker_render_pifYi': 1 instance(s).
INFO: [RTGEN 206-100] Generating core module 'flicker_render_pig8j': 1 instance(s).
INFO: [RTGEN 206-100] Generating core module 'flicker_render_pihbi': 1 instance(s).
INFO: [RTGEN 206-100] Finished creating RTL model for 'prepare_geometry'.
INFO: [HLS 200-111]  Elapsed time: 0.846 seconds; current allocated memory: 748.313 MB.
INFO: [HLS 200-10] ----------------------------------------------------------------
INFO: [HLS 200-10] -- Generating RTL for module 'expand_subtiles' 
INFO: [HLS 200-10] ----------------------------------------------------------------
INFO: [SYN 201-210] Renamed object name 'flicker_render_pipeline_uitofp_32ns_32_8_1' to 'flicker_render_piibs' due to the length limit 20
INFO: [RTGEN 206-100] Generating core module 'flicker_render_pifYi': 1 instance(s).
INFO: [RTGEN 206-100] Generating core module 'flicker_render_piibs': 1 instance(s).
INFO: [RTGEN 206-100] Finished creating RTL model for 'expand_subtiles'.
INFO: [HLS 200-111]  Elapsed time: 1.125 seconds; current allocated memory: 749.812 MB.
INFO: [HLS 200-10] ----------------------------------------------------------------
INFO: [HLS 200-10] -- Generating RTL for module 'split' 
INFO: [HLS 200-10] ----------------------------------------------------------------
INFO: [SYN 201-210] Renamed object name 'start_for_prepare_geometry_U0' to 'start_for_preparejbC' due to the length limit 20
INFO: [SYN 201-210] Renamed object name 'start_for_expand_subtiles_U0' to 'start_for_expand_kbM' due to the length limit 20
INFO: [RTGEN 206-100] Finished creating RTL model for 'split'.
INFO: [HLS 200-111]  Elapsed time: 1.304 seconds; current allocated memory: 750.468 MB.
INFO: [HLS 200-10] ----------------------------------------------------------------
INFO: [HLS 200-10] -- Generating RTL for module 'log_generic' 
INFO: [HLS 200-10] ----------------------------------------------------------------
INFO: [SYN 201-210] Renamed object name 'log_generic_log_inverse_lut_tabl' to 'log_generic_log_ilbW' due to the length limit 20
INFO: [SYN 201-210] Renamed object name 'log_generic_log0_lut_table_arra' to 'log_generic_log0_mb6' due to the length limit 20
INFO: [SYN 201-210] Renamed object name 'log_generic_log_lut_table_array_1' to 'log_generic_log_lncg' due to the length limit 20
INFO: [SYN 201-210] Renamed object name 'log_generic_log_lut_table_array' to 'log_generic_log_locq' due to the length limit 20
INFO: [SYN 201-210] Renamed object name 'flicker_render_pipeline_mul_mul_12s_6ns_12_3_1' to 'flicker_render_pipcA' due to the length limit 20
INFO: [SYN 201-210] Renamed object name 'flicker_render_pipeline_mac_mulsub_20ns_4ns_26ns_27_3_1' to 'flicker_render_piqcK' due to the length limit 20
INFO: [SYN 201-210] Renamed object name 'flicker_render_pipeline_mul_mul_21ns_6ns_27_3_1' to 'flicker_render_pircU' due to the length limit 20
INFO: [SYN 201-210] Renamed object name 'flicker_render_pipeline_mul_mul_10ns_10ns_20_3_1' to 'flicker_render_pisc4' due to the length limit 20
INFO: [SYN 201-210] Renamed object name 'flicker_render_pipeline_mul_mul_23ns_6s_28_3_1' to 'flicker_render_pitde' due to the length limit 20
INFO: [RTGEN 206-100] Generating core module 'flicker_render_pipcA': 1 instance(s).
INFO: [RTGEN 206-100] Generating core module 'flicker_render_piqcK': 1 instance(s).
INFO: [RTGEN 206-100] Generating core module 'flicker_render_pircU': 1 instance(s).
INFO: [RTGEN 206-100] Generating core module 'flicker_render_pisc4': 1 instance(s).
INFO: [RTGEN 206-100] Generating core module 'flicker_render_pitde': 1 instance(s).
INFO: [RTGEN 206-100] Finished creating RTL model for 'log_generic'.
INFO: [HLS 200-111]  Elapsed time: 0.75 seconds; current allocated memory: 752.752 MB.
INFO: [HLS 200-10] ----------------------------------------------------------------
INFO: [HLS 200-10] -- Generating RTL for module 'prepare_frames' 
INFO: [HLS 200-10] ----------------------------------------------------------------
INFO: [SYN 201-210] Renamed object name 'flicker_render_pipeline_hmul_16ns_16ns_16_6_max_dsp_1' to 'flicker_render_piudo' due to the length limit 20
INFO: [SYN 201-210] Renamed object name 'flicker_render_pipeline_hcmp_16ns_16ns_1_3_1' to 'flicker_render_pivdy' due to the length limit 20
INFO: [RTGEN 206-104] Estimated max fanout for 'prepare_frames' is 16494 from HDL expression: (1'b0 == ap_block_pp0_stage0_11001)
INFO: [RTGEN 206-100] Generating core module 'flicker_render_piudo': 1 instance(s).
INFO: [RTGEN 206-100] Generating core module 'flicker_render_pivdy': 1 instance(s).
INFO: [RTGEN 206-100] Finished creating RTL model for 'prepare_frames'.
INFO: [HLS 200-111]  Elapsed time: 1.634 seconds; current allocated memory: 754.170 MB.
INFO: [HLS 200-10] ----------------------------------------------------------------
INFO: [HLS 200-10] -- Generating RTL for module 'expand_frames' 
INFO: [HLS 200-10] ----------------------------------------------------------------
INFO: [RTGEN 206-100] Finished creating RTL model for 'expand_frames'.
INFO: [HLS 200-111]  Elapsed time: 0.356 seconds; current allocated memory: 754.701 MB.
INFO: [HLS 200-10] ----------------------------------------------------------------
INFO: [HLS 200-10] -- Generating RTL for module 'test_frames' 
INFO: [HLS 200-10] ----------------------------------------------------------------
INFO: [SYN 201-210] Renamed object name 'flicker_render_pipeline_uitofp_32s_32_8_1' to 'flicker_render_piwdI' due to the length limit 20
INFO: [SYN 201-210] Renamed object name 'flicker_render_pipeline_hadd_16ns_16ns_16_10_full_dsp_1' to 'flicker_render_pixdS' due to the length limit 20
INFO: [SYN 201-210] Renamed object name 'flicker_render_pipeline_hsub_16ns_16ns_16_10_full_dsp_1' to 'flicker_render_piyd2' due to the length limit 20
INFO: [RTGEN 206-104] Estimated max fanout for 'test_frames' is 5725 from HDL expression: ((1'b0 == ap_block_pp0_stage0_11001) & (1'b1 == ap_CS_fsm_pp0_stage0))
INFO: [RTGEN 206-100] Generating core module 'flicker_render_pihbi': 1 instance(s).
INFO: [RTGEN 206-100] Generating core module 'flicker_render_piudo': 5 instance(s).
INFO: [RTGEN 206-100] Generating core module 'flicker_render_pivdy': 1 instance(s).
INFO: [RTGEN 206-100] Generating core module 'flicker_render_piwdI': 1 instance(s).
INFO: [RTGEN 206-100] Generating core module 'flicker_render_pixdS': 2 instance(s).
INFO: [RTGEN 206-100] Generating core module 'flicker_render_piyd2': 1 instance(s).
INFO: [RTGEN 206-100] Finished creating RTL model for 'test_frames'.
INFO: [HLS 200-111]  Elapsed time: 0.5 seconds; current allocated memory: 758.703 MB.
INFO: [HLS 200-10] ----------------------------------------------------------------
INFO: [HLS 200-10] -- Generating RTL for module 'merge_frames' 
INFO: [HLS 200-10] ----------------------------------------------------------------
INFO: [RTGEN 206-100] Finished creating RTL model for 'merge_frames'.
INFO: [HLS 200-111]  Elapsed time: 1.207 seconds; current allocated memory: 759.460 MB.
INFO: [HLS 200-10] ----------------------------------------------------------------
INFO: [HLS 200-10] -- Generating RTL for module 'framed_ctu' 
INFO: [HLS 200-10] ----------------------------------------------------------------
INFO: [SYN 201-210] Renamed object name 'start_for_expand_frames_U0' to 'start_for_expand_zec' due to the length limit 20
INFO: [SYN 201-210] Renamed object name 'start_for_test_frames_U0' to 'start_for_test_frAem' due to the length limit 20
INFO: [SYN 201-210] Renamed object name 'start_for_merge_frames_U0' to 'start_for_merge_fBew' due to the length limit 20
INFO: [RTGEN 206-100] Finished creating RTL model for 'framed_ctu'.
INFO: [HLS 200-111]  Elapsed time: 0.785 seconds; current allocated memory: 760.339 MB.
INFO: [HLS 200-10] ----------------------------------------------------------------
INFO: [HLS 200-10] -- Generating RTL for module 'dispatch' 
INFO: [HLS 200-10] ----------------------------------------------------------------
INFO: [RTGEN 206-100] Finished creating RTL model for 'dispatch'.
INFO: [HLS 200-111]  Elapsed time: 0.876 seconds; current allocated memory: 760.825 MB.
INFO: [HLS 200-10] ----------------------------------------------------------------
INFO: [HLS 200-10] -- Generating RTL for module 'evaluate_mini_0u_s' 
INFO: [HLS 200-10] ----------------------------------------------------------------
INFO: [SYN 201-210] Renamed object name 'evaluate_mini_0u_s_exp_bits_3' to 'evaluate_mini_0u_CeG' due to the length limit 20
INFO: [SYN 201-210] Renamed object name 'flicker_render_pipeline_hadd_16ns_16ns_16_6_no_dsp_1' to 'flicker_render_piDeQ' due to the length limit 20
INFO: [SYN 201-210] Renamed object name 'flicker_render_pipeline_hsub_16ns_16ns_16_6_no_dsp_1' to 'flicker_render_piEe0' due to the length limit 20
INFO: [SYN 201-210] Renamed object name 'flicker_render_pipeline_hmul_16ns_16ns_16_5_full_dsp_1' to 'flicker_render_piFfa' due to the length limit 20
INFO: [SYN 201-210] Renamed object name 'flicker_render_pipeline_mux_432_1_1_1' to 'flicker_render_piGfk' due to the length limit 20
INFO: [SYN 201-210] Renamed object name 'flicker_render_pipeline_mux_432_16_1_1' to 'flicker_render_piHfu' due to the length limit 20
INFO: [RTGEN 206-100] Generating core module 'flicker_render_piDeQ': 1 instance(s).
INFO: [RTGEN 206-100] Generating core module 'flicker_render_piEe0': 2 instance(s).
INFO: [RTGEN 206-100] Generating core module 'flicker_render_piFfa': 2 instance(s).
INFO: [RTGEN 206-100] Generating core module 'flicker_render_piGfk': 1 instance(s).
INFO: [RTGEN 206-100] Generating core module 'flicker_render_piHfu': 4 instance(s).
INFO: [RTGEN 206-100] Generating core module 'flicker_render_pihbi': 2 instance(s).
INFO: [RTGEN 206-100] Generating core module 'flicker_render_piibs': 2 instance(s).
INFO: [RTGEN 206-100] Generating core module 'flicker_render_piudo': 1 instance(s).
INFO: [RTGEN 206-100] Generating core module 'flicker_render_pivdy': 1 instance(s).
INFO: [RTGEN 206-100] Generating core module 'flicker_render_pixdS': 1 instance(s).
INFO: [RTGEN 206-100] Finished creating RTL model for 'evaluate_mini_0u_s'.
INFO: [HLS 200-111]  Elapsed time: 0.721 seconds; current allocated memory: 763.111 MB.
INFO: [HLS 200-10] ----------------------------------------------------------------
INFO: [HLS 200-10] -- Generating RTL for module 'render_lane_0u_s' 
INFO: [HLS 200-10] ----------------------------------------------------------------
INFO: [SYN 201-210] Renamed object name 'render_lane_0u_s_rr_0' to 'render_lane_0u_s_IfE' due to the length limit 20
INFO: [SYN 201-210] Renamed object name 'render_lane_0u_s_rr_1' to 'render_lane_0u_s_JfO' due to the length limit 20
INFO: [SYN 201-210] Renamed object name 'render_lane_0u_s_rr_2' to 'render_lane_0u_s_KfY' due to the length limit 20
INFO: [SYN 201-210] Renamed object name 'render_lane_0u_s_rr_3' to 'render_lane_0u_s_Lf8' due to the length limit 20
INFO: [SYN 201-210] Renamed object name 'render_lane_0u_s_gg_0' to 'render_lane_0u_s_Mgi' due to the length limit 20
INFO: [SYN 201-210] Renamed object name 'render_lane_0u_s_gg_1' to 'render_lane_0u_s_Ngs' due to the length limit 20
INFO: [SYN 201-210] Renamed object name 'render_lane_0u_s_gg_2' to 'render_lane_0u_s_OgC' due to the length limit 20
INFO: [SYN 201-210] Renamed object name 'render_lane_0u_s_gg_3' to 'render_lane_0u_s_PgM' due to the length limit 20
INFO: [SYN 201-210] Renamed object name 'render_lane_0u_s_bb_0' to 'render_lane_0u_s_QgW' due to the length limit 20
INFO: [SYN 201-210] Renamed object name 'render_lane_0u_s_bb_1' to 'render_lane_0u_s_Rg6' due to the length limit 20
INFO: [SYN 201-210] Renamed object name 'render_lane_0u_s_bb_2' to 'render_lane_0u_s_Shg' due to the length limit 20
INFO: [SYN 201-210] Renamed object name 'render_lane_0u_s_bb_3' to 'render_lane_0u_s_Thq' due to the length limit 20
INFO: [SYN 201-210] Renamed object name 'render_lane_0u_s_tt_0' to 'render_lane_0u_s_UhA' due to the length limit 20
INFO: [SYN 201-210] Renamed object name 'render_lane_0u_s_tt_1' to 'render_lane_0u_s_VhK' due to the length limit 20
INFO: [SYN 201-210] Renamed object name 'render_lane_0u_s_tt_2' to 'render_lane_0u_s_WhU' due to the length limit 20
INFO: [SYN 201-210] Renamed object name 'render_lane_0u_s_tt_3' to 'render_lane_0u_s_Xh4' due to the length limit 20
INFO: [SYN 201-210] Renamed object name 'render_lane_0u_s_last_0' to 'render_lane_0u_s_Yie' due to the length limit 20
INFO: [SYN 201-210] Renamed object name 'render_lane_0u_s_last_1' to 'render_lane_0u_s_Zio' due to the length limit 20
INFO: [SYN 201-210] Renamed object name 'render_lane_0u_s_last_2' to 'render_lane_0u_s_0iy' due to the length limit 20
INFO: [SYN 201-210] Renamed object name 'render_lane_0u_s_last_3' to 'render_lane_0u_s_1iI' due to the length limit 20
INFO: [SYN 201-210] Renamed object name 'render_lane_0u_s_stopped_0' to 'render_lane_0u_s_2iS' due to the length limit 20
INFO: [SYN 201-210] Renamed object name 'render_lane_0u_s_stopped_1' to 'render_lane_0u_s_3i2' due to the length limit 20
INFO: [SYN 201-210] Renamed object name 'render_lane_0u_s_stopped_2' to 'render_lane_0u_s_4jc' due to the length limit 20
INFO: [SYN 201-210] Renamed object name 'render_lane_0u_s_stopped_3' to 'render_lane_0u_s_5jm' due to the length limit 20
INFO: [SYN 201-210] Renamed object name 'render_lane_0u_s_mr_0' to 'render_lane_0u_s_6jw' due to the length limit 20
INFO: [SYN 201-210] Renamed object name 'render_lane_0u_s_mr_1' to 'render_lane_0u_s_7jG' due to the length limit 20
INFO: [SYN 201-210] Renamed object name 'render_lane_0u_s_mr_2' to 'render_lane_0u_s_8jQ' due to the length limit 20
INFO: [SYN 201-210] Renamed object name 'render_lane_0u_s_mr_3' to 'render_lane_0u_s_9j0' due to the length limit 20
INFO: [SYN 201-210] Renamed object name 'render_lane_0u_s_mg_0' to 'render_lane_0u_s_bak' due to the length limit 20
INFO: [SYN 201-210] Renamed object name 'render_lane_0u_s_mg_1' to 'render_lane_0u_s_bbk' due to the length limit 20
INFO: [SYN 201-210] Renamed object name 'render_lane_0u_s_mg_2' to 'render_lane_0u_s_bck' due to the length limit 20
INFO: [SYN 201-210] Renamed object name 'render_lane_0u_s_mg_3' to 'render_lane_0u_s_bdk' due to the length limit 20
INFO: [SYN 201-210] Renamed object name 'render_lane_0u_s_mb_0' to 'render_lane_0u_s_bek' due to the length limit 20
INFO: [SYN 201-210] Renamed object name 'render_lane_0u_s_mb_1' to 'render_lane_0u_s_bfk' due to the length limit 20
INFO: [SYN 201-210] Renamed object name 'render_lane_0u_s_mb_2' to 'render_lane_0u_s_bgk' due to the length limit 20
INFO: [SYN 201-210] Renamed object name 'render_lane_0u_s_mb_3' to 'render_lane_0u_s_bhl' due to the length limit 20
INFO: [SYN 201-210] Renamed object name 'render_lane_0u_s_mt_0' to 'render_lane_0u_s_bil' due to the length limit 20
INFO: [SYN 201-210] Renamed object name 'render_lane_0u_s_mt_1' to 'render_lane_0u_s_bjl' due to the length limit 20
INFO: [SYN 201-210] Renamed object name 'render_lane_0u_s_mt_2' to 'render_lane_0u_s_bkl' due to the length limit 20
INFO: [SYN 201-210] Renamed object name 'render_lane_0u_s_mt_3' to 'render_lane_0u_s_bll' due to the length limit 20
INFO: [SYN 201-210] Renamed object name 'render_lane_0u_s_ml_0' to 'render_lane_0u_s_bml' due to the length limit 20
INFO: [SYN 201-210] Renamed object name 'render_lane_0u_s_ml_1' to 'render_lane_0u_s_bnm' due to the length limit 20
INFO: [SYN 201-210] Renamed object name 'render_lane_0u_s_ml_2' to 'render_lane_0u_s_bom' due to the length limit 20
INFO: [SYN 201-210] Renamed object name 'render_lane_0u_s_ml_3' to 'render_lane_0u_s_bpm' due to the length limit 20
INFO: [SYN 201-210] Renamed object name 'render_lane_0u_s_ms_0' to 'render_lane_0u_s_bqm' due to the length limit 20
INFO: [SYN 201-210] Renamed object name 'render_lane_0u_s_ms_1' to 'render_lane_0u_s_brm' due to the length limit 20
INFO: [SYN 201-210] Renamed object name 'render_lane_0u_s_ms_2' to 'render_lane_0u_s_bsm' due to the length limit 20
INFO: [SYN 201-210] Renamed object name 'render_lane_0u_s_ms_3' to 'render_lane_0u_s_btn' due to the length limit 20
INFO: [SYN 201-210] Renamed object name 'flicker_render_pipeline_mux_432_32_1_1' to 'flicker_render_pibun' due to the length limit 20
INFO: [RTGEN 206-100] Generating core module 'flicker_render_piHfu': 4 instance(s).
INFO: [RTGEN 206-100] Generating core module 'flicker_render_pibun': 1 instance(s).
INFO: [RTGEN 206-100] Generating core module 'flicker_render_piudo': 3 instance(s).
INFO: [RTGEN 206-100] Generating core module 'flicker_render_pixdS': 3 instance(s).
INFO: [RTGEN 206-100] Finished creating RTL model for 'render_lane_0u_s'.
INFO: [HLS 200-111]  Elapsed time: 2.032 seconds; current allocated memory: 766.800 MB.
INFO: [HLS 200-10] ----------------------------------------------------------------
INFO: [HLS 200-10] -- Generating RTL for module 'evaluate_mini_1u_s' 
INFO: [HLS 200-10] ----------------------------------------------------------------
INFO: [SYN 201-210] Renamed object name 'evaluate_mini_1u_s_exp_bits_2' to 'evaluate_mini_1u_bvn' due to the length limit 20
INFO: [RTGEN 206-100] Generating core module 'flicker_render_piDeQ': 1 instance(s).
INFO: [RTGEN 206-100] Generating core module 'flicker_render_piEe0': 2 instance(s).
INFO: [RTGEN 206-100] Generating core module 'flicker_render_piFfa': 2 instance(s).
INFO: [RTGEN 206-100] Generating core module 'flicker_render_piGfk': 1 instance(s).
INFO: [RTGEN 206-100] Generating core module 'flicker_render_piHfu': 4 instance(s).
INFO: [RTGEN 206-100] Generating core module 'flicker_render_pihbi': 2 instance(s).
INFO: [RTGEN 206-100] Generating core module 'flicker_render_piibs': 2 instance(s).
INFO: [RTGEN 206-100] Generating core module 'flicker_render_piudo': 1 instance(s).
INFO: [RTGEN 206-100] Generating core module 'flicker_render_pivdy': 1 instance(s).
INFO: [RTGEN 206-100] Generating core module 'flicker_render_pixdS': 1 instance(s).
INFO: [RTGEN 206-100] Finished creating RTL model for 'evaluate_mini_1u_s'.
INFO: [HLS 200-111]  Elapsed time: 1.344 seconds; current allocated memory: 769.594 MB.
INFO: [HLS 200-10] ----------------------------------------------------------------
INFO: [HLS 200-10] -- Generating RTL for module 'render_lane_1u_s' 
INFO: [HLS 200-10] ----------------------------------------------------------------
INFO: [SYN 201-210] Renamed object name 'render_lane_1u_s_rr_0' to 'render_lane_1u_s_bwn' due to the length limit 20
INFO: [SYN 201-210] Renamed object name 'render_lane_1u_s_rr_1' to 'render_lane_1u_s_bxn' due to the length limit 20
INFO: [SYN 201-210] Renamed object name 'render_lane_1u_s_rr_2' to 'render_lane_1u_s_byn' due to the length limit 20
INFO: [SYN 201-210] Renamed object name 'render_lane_1u_s_rr_3' to 'render_lane_1u_s_bzo' due to the length limit 20
INFO: [SYN 201-210] Renamed object name 'render_lane_1u_s_gg_0' to 'render_lane_1u_s_bAo' due to the length limit 20
INFO: [SYN 201-210] Renamed object name 'render_lane_1u_s_gg_1' to 'render_lane_1u_s_bBo' due to the length limit 20
INFO: [SYN 201-210] Renamed object name 'render_lane_1u_s_gg_2' to 'render_lane_1u_s_bCo' due to the length limit 20
INFO: [SYN 201-210] Renamed object name 'render_lane_1u_s_gg_3' to 'render_lane_1u_s_bDo' due to the length limit 20
INFO: [SYN 201-210] Renamed object name 'render_lane_1u_s_bb_0' to 'render_lane_1u_s_bEo' due to the length limit 20
INFO: [SYN 201-210] Renamed object name 'render_lane_1u_s_bb_1' to 'render_lane_1u_s_bFp' due to the length limit 20
INFO: [SYN 201-210] Renamed object name 'render_lane_1u_s_bb_2' to 'render_lane_1u_s_bGp' due to the length limit 20
INFO: [SYN 201-210] Renamed object name 'render_lane_1u_s_bb_3' to 'render_lane_1u_s_bHp' due to the length limit 20
INFO: [SYN 201-210] Renamed object name 'render_lane_1u_s_tt_0' to 'render_lane_1u_s_bIp' due to the length limit 20
INFO: [SYN 201-210] Renamed object name 'render_lane_1u_s_tt_1' to 'render_lane_1u_s_bJp' due to the length limit 20
INFO: [SYN 201-210] Renamed object name 'render_lane_1u_s_tt_2' to 'render_lane_1u_s_bKp' due to the length limit 20
INFO: [SYN 201-210] Renamed object name 'render_lane_1u_s_tt_3' to 'render_lane_1u_s_bLp' due to the length limit 20
INFO: [SYN 201-210] Renamed object name 'render_lane_1u_s_last_0' to 'render_lane_1u_s_bMq' due to the length limit 20
INFO: [SYN 201-210] Renamed object name 'render_lane_1u_s_last_1' to 'render_lane_1u_s_bNq' due to the length limit 20
INFO: [SYN 201-210] Renamed object name 'render_lane_1u_s_last_2' to 'render_lane_1u_s_bOq' due to the length limit 20
INFO: [SYN 201-210] Renamed object name 'render_lane_1u_s_last_3' to 'render_lane_1u_s_bPq' due to the length limit 20
INFO: [SYN 201-210] Renamed object name 'render_lane_1u_s_stopped_0' to 'render_lane_1u_s_bQq' due to the length limit 20
INFO: [SYN 201-210] Renamed object name 'render_lane_1u_s_stopped_1' to 'render_lane_1u_s_bRq' due to the length limit 20
INFO: [SYN 201-210] Renamed object name 'render_lane_1u_s_stopped_2' to 'render_lane_1u_s_bSr' due to the length limit 20
INFO: [SYN 201-210] Renamed object name 'render_lane_1u_s_stopped_3' to 'render_lane_1u_s_bTr' due to the length limit 20
INFO: [SYN 201-210] Renamed object name 'render_lane_1u_s_mr_0' to 'render_lane_1u_s_bUr' due to the length limit 20
INFO: [SYN 201-210] Renamed object name 'render_lane_1u_s_mr_1' to 'render_lane_1u_s_bVr' due to the length limit 20
INFO: [SYN 201-210] Renamed object name 'render_lane_1u_s_mr_2' to 'render_lane_1u_s_bWr' due to the length limit 20
INFO: [SYN 201-210] Renamed object name 'render_lane_1u_s_mr_3' to 'render_lane_1u_s_bXr' due to the length limit 20
INFO: [SYN 201-210] Renamed object name 'render_lane_1u_s_mg_0' to 'render_lane_1u_s_bYs' due to the length limit 20
INFO: [SYN 201-210] Renamed object name 'render_lane_1u_s_mg_1' to 'render_lane_1u_s_bZs' due to the length limit 20
INFO: [SYN 201-210] Renamed object name 'render_lane_1u_s_mg_2' to 'render_lane_1u_s_b0s' due to the length limit 20
INFO: [SYN 201-210] Renamed object name 'render_lane_1u_s_mg_3' to 'render_lane_1u_s_b1s' due to the length limit 20
INFO: [SYN 201-210] Renamed object name 'render_lane_1u_s_mb_0' to 'render_lane_1u_s_b2s' due to the length limit 20
INFO: [SYN 201-210] Renamed object name 'render_lane_1u_s_mb_1' to 'render_lane_1u_s_b3s' due to the length limit 20
INFO: [SYN 201-210] Renamed object name 'render_lane_1u_s_mb_2' to 'render_lane_1u_s_b4t' due to the length limit 20
INFO: [SYN 201-210] Renamed object name 'render_lane_1u_s_mb_3' to 'render_lane_1u_s_b5t' due to the length limit 20
INFO: [SYN 201-210] Renamed object name 'render_lane_1u_s_mt_0' to 'render_lane_1u_s_b6t' due to the length limit 20
INFO: [SYN 201-210] Renamed object name 'render_lane_1u_s_mt_1' to 'render_lane_1u_s_b7t' due to the length limit 20
INFO: [SYN 201-210] Renamed object name 'render_lane_1u_s_mt_2' to 'render_lane_1u_s_b8t' due to the length limit 20
INFO: [SYN 201-210] Renamed object name 'render_lane_1u_s_mt_3' to 'render_lane_1u_s_b9t' due to the length limit 20
INFO: [SYN 201-210] Renamed object name 'render_lane_1u_s_ml_0' to 'render_lane_1u_s_cau' due to the length limit 20
INFO: [SYN 201-210] Renamed object name 'render_lane_1u_s_ml_1' to 'render_lane_1u_s_cbu' due to the length limit 20
INFO: [SYN 201-210] Renamed object name 'render_lane_1u_s_ml_2' to 'render_lane_1u_s_ccu' due to the length limit 20
INFO: [SYN 201-210] Renamed object name 'render_lane_1u_s_ml_3' to 'render_lane_1u_s_cdu' due to the length limit 20
INFO: [SYN 201-210] Renamed object name 'render_lane_1u_s_ms_0' to 'render_lane_1u_s_ceu' due to the length limit 20
INFO: [SYN 201-210] Renamed object name 'render_lane_1u_s_ms_1' to 'render_lane_1u_s_cfu' due to the length limit 20
INFO: [SYN 201-210] Renamed object name 'render_lane_1u_s_ms_2' to 'render_lane_1u_s_cgu' due to the length limit 20
INFO: [SYN 201-210] Renamed object name 'render_lane_1u_s_ms_3' to 'render_lane_1u_s_chv' due to the length limit 20
INFO: [RTGEN 206-100] Generating core module 'flicker_render_piHfu': 4 instance(s).
INFO: [RTGEN 206-100] Generating core module 'flicker_render_pibun': 1 instance(s).
INFO: [RTGEN 206-100] Generating core module 'flicker_render_piudo': 3 instance(s).
INFO: [RTGEN 206-100] Generating core module 'flicker_render_pixdS': 3 instance(s).
INFO: [RTGEN 206-100] Finished creating RTL model for 'render_lane_1u_s'.
INFO: [HLS 200-111]  Elapsed time: 2.233 seconds; current allocated memory: 773.278 MB.
INFO: [HLS 200-10] ----------------------------------------------------------------
INFO: [HLS 200-10] -- Generating RTL for module 'evaluate_mini_2u_s' 
INFO: [HLS 200-10] ----------------------------------------------------------------
INFO: [SYN 201-210] Renamed object name 'evaluate_mini_2u_s_exp_bits_1' to 'evaluate_mini_2u_civ' due to the length limit 20
INFO: [RTGEN 206-100] Generating core module 'flicker_render_piDeQ': 1 instance(s).
INFO: [RTGEN 206-100] Generating core module 'flicker_render_piEe0': 2 instance(s).
INFO: [RTGEN 206-100] Generating core module 'flicker_render_piFfa': 2 instance(s).
INFO: [RTGEN 206-100] Generating core module 'flicker_render_piGfk': 1 instance(s).
INFO: [RTGEN 206-100] Generating core module 'flicker_render_piHfu': 4 instance(s).
INFO: [RTGEN 206-100] Generating core module 'flicker_render_pihbi': 2 instance(s).
INFO: [RTGEN 206-100] Generating core module 'flicker_render_piibs': 2 instance(s).
INFO: [RTGEN 206-100] Generating core module 'flicker_render_piudo': 1 instance(s).
INFO: [RTGEN 206-100] Generating core module 'flicker_render_pivdy': 1 instance(s).
INFO: [RTGEN 206-100] Generating core module 'flicker_render_pixdS': 1 instance(s).
INFO: [RTGEN 206-100] Finished creating RTL model for 'evaluate_mini_2u_s'.
INFO: [HLS 200-111]  Elapsed time: 1.55 seconds; current allocated memory: 776.053 MB.
INFO: [HLS 200-10] ----------------------------------------------------------------
INFO: [HLS 200-10] -- Generating RTL for module 'render_lane_2u_s' 
INFO: [HLS 200-10] ----------------------------------------------------------------
INFO: [SYN 201-210] Renamed object name 'render_lane_2u_s_rr_0' to 'render_lane_2u_s_cjv' due to the length limit 20
INFO: [SYN 201-210] Renamed object name 'render_lane_2u_s_rr_1' to 'render_lane_2u_s_ckv' due to the length limit 20
INFO: [SYN 201-210] Renamed object name 'render_lane_2u_s_rr_2' to 'render_lane_2u_s_clv' due to the length limit 20
INFO: [SYN 201-210] Renamed object name 'render_lane_2u_s_rr_3' to 'render_lane_2u_s_cmv' due to the length limit 20
INFO: [SYN 201-210] Renamed object name 'render_lane_2u_s_gg_0' to 'render_lane_2u_s_cnw' due to the length limit 20
INFO: [SYN 201-210] Renamed object name 'render_lane_2u_s_gg_1' to 'render_lane_2u_s_cow' due to the length limit 20
INFO: [SYN 201-210] Renamed object name 'render_lane_2u_s_gg_2' to 'render_lane_2u_s_cpw' due to the length limit 20
INFO: [SYN 201-210] Renamed object name 'render_lane_2u_s_gg_3' to 'render_lane_2u_s_cqw' due to the length limit 20
INFO: [SYN 201-210] Renamed object name 'render_lane_2u_s_bb_0' to 'render_lane_2u_s_crw' due to the length limit 20
INFO: [SYN 201-210] Renamed object name 'render_lane_2u_s_bb_1' to 'render_lane_2u_s_csw' due to the length limit 20
INFO: [SYN 201-210] Renamed object name 'render_lane_2u_s_bb_2' to 'render_lane_2u_s_ctx' due to the length limit 20
INFO: [SYN 201-210] Renamed object name 'render_lane_2u_s_bb_3' to 'render_lane_2u_s_cux' due to the length limit 20
INFO: [SYN 201-210] Renamed object name 'render_lane_2u_s_tt_0' to 'render_lane_2u_s_cvx' due to the length limit 20
INFO: [SYN 201-210] Renamed object name 'render_lane_2u_s_tt_1' to 'render_lane_2u_s_cwx' due to the length limit 20
INFO: [SYN 201-210] Renamed object name 'render_lane_2u_s_tt_2' to 'render_lane_2u_s_cxx' due to the length limit 20
INFO: [SYN 201-210] Renamed object name 'render_lane_2u_s_tt_3' to 'render_lane_2u_s_cyx' due to the length limit 20
INFO: [SYN 201-210] Renamed object name 'render_lane_2u_s_last_0' to 'render_lane_2u_s_czy' due to the length limit 20
INFO: [SYN 201-210] Renamed object name 'render_lane_2u_s_last_1' to 'render_lane_2u_s_cAy' due to the length limit 20
INFO: [SYN 201-210] Renamed object name 'render_lane_2u_s_last_2' to 'render_lane_2u_s_cBy' due to the length limit 20
INFO: [SYN 201-210] Renamed object name 'render_lane_2u_s_last_3' to 'render_lane_2u_s_cCy' due to the length limit 20
INFO: [SYN 201-210] Renamed object name 'render_lane_2u_s_stopped_0' to 'render_lane_2u_s_cDy' due to the length limit 20
INFO: [SYN 201-210] Renamed object name 'render_lane_2u_s_stopped_1' to 'render_lane_2u_s_cEy' due to the length limit 20
INFO: [SYN 201-210] Renamed object name 'render_lane_2u_s_stopped_2' to 'render_lane_2u_s_cFz' due to the length limit 20
INFO: [SYN 201-210] Renamed object name 'render_lane_2u_s_stopped_3' to 'render_lane_2u_s_cGz' due to the length limit 20
INFO: [SYN 201-210] Renamed object name 'render_lane_2u_s_mr_0' to 'render_lane_2u_s_cHz' due to the length limit 20
INFO: [SYN 201-210] Renamed object name 'render_lane_2u_s_mr_1' to 'render_lane_2u_s_cIz' due to the length limit 20
INFO: [SYN 201-210] Renamed object name 'render_lane_2u_s_mr_2' to 'render_lane_2u_s_cJz' due to the length limit 20
INFO: [SYN 201-210] Renamed object name 'render_lane_2u_s_mr_3' to 'render_lane_2u_s_cKz' due to the length limit 20
INFO: [SYN 201-210] Renamed object name 'render_lane_2u_s_mg_0' to 'render_lane_2u_s_cLz' due to the length limit 20
INFO: [SYN 201-210] Renamed object name 'render_lane_2u_s_mg_1' to 'render_lane_2u_s_cMA' due to the length limit 20
INFO: [SYN 201-210] Renamed object name 'render_lane_2u_s_mg_2' to 'render_lane_2u_s_cNA' due to the length limit 20
INFO: [SYN 201-210] Renamed object name 'render_lane_2u_s_mg_3' to 'render_lane_2u_s_cOA' due to the length limit 20
INFO: [SYN 201-210] Renamed object name 'render_lane_2u_s_mb_0' to 'render_lane_2u_s_cPA' due to the length limit 20
INFO: [SYN 201-210] Renamed object name 'render_lane_2u_s_mb_1' to 'render_lane_2u_s_cQA' due to the length limit 20
INFO: [SYN 201-210] Renamed object name 'render_lane_2u_s_mb_2' to 'render_lane_2u_s_cRA' due to the length limit 20
INFO: [SYN 201-210] Renamed object name 'render_lane_2u_s_mb_3' to 'render_lane_2u_s_cSB' due to the length limit 20
INFO: [SYN 201-210] Renamed object name 'render_lane_2u_s_mt_0' to 'render_lane_2u_s_cTB' due to the length limit 20
INFO: [SYN 201-210] Renamed object name 'render_lane_2u_s_mt_1' to 'render_lane_2u_s_cUB' due to the length limit 20
INFO: [SYN 201-210] Renamed object name 'render_lane_2u_s_mt_2' to 'render_lane_2u_s_cVB' due to the length limit 20
INFO: [SYN 201-210] Renamed object name 'render_lane_2u_s_mt_3' to 'render_lane_2u_s_cWB' due to the length limit 20
INFO: [SYN 201-210] Renamed object name 'render_lane_2u_s_ml_0' to 'render_lane_2u_s_cXB' due to the length limit 20
INFO: [SYN 201-210] Renamed object name 'render_lane_2u_s_ml_1' to 'render_lane_2u_s_cYC' due to the length limit 20
INFO: [SYN 201-210] Renamed object name 'render_lane_2u_s_ml_2' to 'render_lane_2u_s_cZC' due to the length limit 20
INFO: [SYN 201-210] Renamed object name 'render_lane_2u_s_ml_3' to 'render_lane_2u_s_c0C' due to the length limit 20
INFO: [SYN 201-210] Renamed object name 'render_lane_2u_s_ms_0' to 'render_lane_2u_s_c1C' due to the length limit 20
INFO: [SYN 201-210] Renamed object name 'render_lane_2u_s_ms_1' to 'render_lane_2u_s_c2C' due to the length limit 20
INFO: [SYN 201-210] Renamed object name 'render_lane_2u_s_ms_2' to 'render_lane_2u_s_c3C' due to the length limit 20
INFO: [SYN 201-210] Renamed object name 'render_lane_2u_s_ms_3' to 'render_lane_2u_s_c4D' due to the length limit 20
INFO: [RTGEN 206-100] Generating core module 'flicker_render_piHfu': 4 instance(s).
INFO: [RTGEN 206-100] Generating core module 'flicker_render_pibun': 1 instance(s).
INFO: [RTGEN 206-100] Generating core module 'flicker_render_piudo': 3 instance(s).
INFO: [RTGEN 206-100] Generating core module 'flicker_render_pixdS': 3 instance(s).
INFO: [RTGEN 206-100] Finished creating RTL model for 'render_lane_2u_s'.
INFO: [HLS 200-111]  Elapsed time: 2.048 seconds; current allocated memory: 779.746 MB.
INFO: [HLS 200-10] ----------------------------------------------------------------
INFO: [HLS 200-10] -- Generating RTL for module 'evaluate_mini_3u_s' 
INFO: [HLS 200-10] ----------------------------------------------------------------
INFO: [SYN 201-210] Renamed object name 'evaluate_mini_3u_s_exp_bits' to 'evaluate_mini_3u_c5D' due to the length limit 20
INFO: [RTGEN 206-100] Generating core module 'flicker_render_piDeQ': 1 instance(s).
INFO: [RTGEN 206-100] Generating core module 'flicker_render_piEe0': 2 instance(s).
INFO: [RTGEN 206-100] Generating core module 'flicker_render_piFfa': 2 instance(s).
INFO: [RTGEN 206-100] Generating core module 'flicker_render_piGfk': 1 instance(s).
INFO: [RTGEN 206-100] Generating core module 'flicker_render_piHfu': 4 instance(s).
INFO: [RTGEN 206-100] Generating core module 'flicker_render_pihbi': 2 instance(s).
INFO: [RTGEN 206-100] Generating core module 'flicker_render_piibs': 2 instance(s).
INFO: [RTGEN 206-100] Generating core module 'flicker_render_piudo': 1 instance(s).
INFO: [RTGEN 206-100] Generating core module 'flicker_render_pivdy': 1 instance(s).
INFO: [RTGEN 206-100] Generating core module 'flicker_render_pixdS': 1 instance(s).
INFO: [RTGEN 206-100] Finished creating RTL model for 'evaluate_mini_3u_s'.
INFO: [HLS 200-111]  Elapsed time: 1.285 seconds; current allocated memory: 782.543 MB.
INFO: [HLS 200-10] ----------------------------------------------------------------
INFO: [HLS 200-10] -- Generating RTL for module 'render_lane_3u_s' 
INFO: [HLS 200-10] ----------------------------------------------------------------
INFO: [SYN 201-210] Renamed object name 'render_lane_3u_s_rr_0' to 'render_lane_3u_s_c6D' due to the length limit 20
INFO: [SYN 201-210] Renamed object name 'render_lane_3u_s_rr_1' to 'render_lane_3u_s_c7D' due to the length limit 20
INFO: [SYN 201-210] Renamed object name 'render_lane_3u_s_rr_2' to 'render_lane_3u_s_c8D' due to the length limit 20
INFO: [SYN 201-210] Renamed object name 'render_lane_3u_s_rr_3' to 'render_lane_3u_s_c9D' due to the length limit 20
INFO: [SYN 201-210] Renamed object name 'render_lane_3u_s_gg_0' to 'render_lane_3u_s_daE' due to the length limit 20
INFO: [SYN 201-210] Renamed object name 'render_lane_3u_s_gg_1' to 'render_lane_3u_s_dbE' due to the length limit 20
INFO: [SYN 201-210] Renamed object name 'render_lane_3u_s_gg_2' to 'render_lane_3u_s_dcE' due to the length limit 20
INFO: [SYN 201-210] Renamed object name 'render_lane_3u_s_gg_3' to 'render_lane_3u_s_ddE' due to the length limit 20
INFO: [SYN 201-210] Renamed object name 'render_lane_3u_s_bb_0' to 'render_lane_3u_s_deE' due to the length limit 20
INFO: [SYN 201-210] Renamed object name 'render_lane_3u_s_bb_1' to 'render_lane_3u_s_dfE' due to the length limit 20
INFO: [SYN 201-210] Renamed object name 'render_lane_3u_s_bb_2' to 'render_lane_3u_s_dgE' due to the length limit 20
INFO: [SYN 201-210] Renamed object name 'render_lane_3u_s_bb_3' to 'render_lane_3u_s_dhF' due to the length limit 20
INFO: [SYN 201-210] Renamed object name 'render_lane_3u_s_tt_0' to 'render_lane_3u_s_diF' due to the length limit 20
INFO: [SYN 201-210] Renamed object name 'render_lane_3u_s_tt_1' to 'render_lane_3u_s_djF' due to the length limit 20
INFO: [SYN 201-210] Renamed object name 'render_lane_3u_s_tt_2' to 'render_lane_3u_s_dkF' due to the length limit 20
INFO: [SYN 201-210] Renamed object name 'render_lane_3u_s_tt_3' to 'render_lane_3u_s_dlF' due to the length limit 20
INFO: [SYN 201-210] Renamed object name 'render_lane_3u_s_last_0' to 'render_lane_3u_s_dmF' due to the length limit 20
INFO: [SYN 201-210] Renamed object name 'render_lane_3u_s_last_1' to 'render_lane_3u_s_dnG' due to the length limit 20
INFO: [SYN 201-210] Renamed object name 'render_lane_3u_s_last_2' to 'render_lane_3u_s_doG' due to the length limit 20
INFO: [SYN 201-210] Renamed object name 'render_lane_3u_s_last_3' to 'render_lane_3u_s_dpG' due to the length limit 20
INFO: [SYN 201-210] Renamed object name 'render_lane_3u_s_stopped_0' to 'render_lane_3u_s_dqG' due to the length limit 20
INFO: [SYN 201-210] Renamed object name 'render_lane_3u_s_stopped_1' to 'render_lane_3u_s_drG' due to the length limit 20
INFO: [SYN 201-210] Renamed object name 'render_lane_3u_s_stopped_2' to 'render_lane_3u_s_dsG' due to the length limit 20
INFO: [SYN 201-210] Renamed object name 'render_lane_3u_s_stopped_3' to 'render_lane_3u_s_dtH' due to the length limit 20
INFO: [SYN 201-210] Renamed object name 'render_lane_3u_s_mr_0' to 'render_lane_3u_s_duH' due to the length limit 20
INFO: [SYN 201-210] Renamed object name 'render_lane_3u_s_mr_1' to 'render_lane_3u_s_dvH' due to the length limit 20
INFO: [SYN 201-210] Renamed object name 'render_lane_3u_s_mr_2' to 'render_lane_3u_s_dwH' due to the length limit 20
INFO: [SYN 201-210] Renamed object name 'render_lane_3u_s_mr_3' to 'render_lane_3u_s_dxH' due to the length limit 20
INFO: [SYN 201-210] Renamed object name 'render_lane_3u_s_mg_0' to 'render_lane_3u_s_dyH' due to the length limit 20
INFO: [SYN 201-210] Renamed object name 'render_lane_3u_s_mg_1' to 'render_lane_3u_s_dzI' due to the length limit 20
INFO: [SYN 201-210] Renamed object name 'render_lane_3u_s_mg_2' to 'render_lane_3u_s_dAI' due to the length limit 20
INFO: [SYN 201-210] Renamed object name 'render_lane_3u_s_mg_3' to 'render_lane_3u_s_dBI' due to the length limit 20
INFO: [SYN 201-210] Renamed object name 'render_lane_3u_s_mb_0' to 'render_lane_3u_s_dCI' due to the length limit 20
INFO: [SYN 201-210] Renamed object name 'render_lane_3u_s_mb_1' to 'render_lane_3u_s_dDI' due to the length limit 20
INFO: [SYN 201-210] Renamed object name 'render_lane_3u_s_mb_2' to 'render_lane_3u_s_dEI' due to the length limit 20
INFO: [SYN 201-210] Renamed object name 'render_lane_3u_s_mb_3' to 'render_lane_3u_s_dFJ' due to the length limit 20
INFO: [SYN 201-210] Renamed object name 'render_lane_3u_s_mt_0' to 'render_lane_3u_s_dGJ' due to the length limit 20
INFO: [SYN 201-210] Renamed object name 'render_lane_3u_s_mt_1' to 'render_lane_3u_s_dHJ' due to the length limit 20
INFO: [SYN 201-210] Renamed object name 'render_lane_3u_s_mt_2' to 'render_lane_3u_s_dIJ' due to the length limit 20
INFO: [SYN 201-210] Renamed object name 'render_lane_3u_s_mt_3' to 'render_lane_3u_s_dJJ' due to the length limit 20
INFO: [SYN 201-210] Renamed object name 'render_lane_3u_s_ml_0' to 'render_lane_3u_s_dKJ' due to the length limit 20
INFO: [SYN 201-210] Renamed object name 'render_lane_3u_s_ml_1' to 'render_lane_3u_s_dLJ' due to the length limit 20
INFO: [SYN 201-210] Renamed object name 'render_lane_3u_s_ml_2' to 'render_lane_3u_s_dMK' due to the length limit 20
INFO: [SYN 201-210] Renamed object name 'render_lane_3u_s_ml_3' to 'render_lane_3u_s_dNK' due to the length limit 20
INFO: [SYN 201-210] Renamed object name 'render_lane_3u_s_ms_0' to 'render_lane_3u_s_dOK' due to the length limit 20
INFO: [SYN 201-210] Renamed object name 'render_lane_3u_s_ms_1' to 'render_lane_3u_s_dPK' due to the length limit 20
INFO: [SYN 201-210] Renamed object name 'render_lane_3u_s_ms_2' to 'render_lane_3u_s_dQK' due to the length limit 20
INFO: [SYN 201-210] Renamed object name 'render_lane_3u_s_ms_3' to 'render_lane_3u_s_dRK' due to the length limit 20
INFO: [RTGEN 206-100] Generating core module 'flicker_render_piHfu': 4 instance(s).
INFO: [RTGEN 206-100] Generating core module 'flicker_render_pibun': 1 instance(s).
INFO: [RTGEN 206-100] Generating core module 'flicker_render_piudo': 3 instance(s).
INFO: [RTGEN 206-100] Generating core module 'flicker_render_pixdS': 3 instance(s).
INFO: [RTGEN 206-100] Finished creating RTL model for 'render_lane_3u_s'.
INFO: [HLS 200-111]  Elapsed time: 2.076 seconds; current allocated memory: 786.282 MB.
INFO: [HLS 200-10] ----------------------------------------------------------------
INFO: [HLS 200-10] -- Generating RTL for module 'gather' 
INFO: [HLS 200-10] ----------------------------------------------------------------
INFO: [SYN 201-210] Renamed object name 'flicker_render_pipeline_mux_42_128_1_1' to 'flicker_render_pidSL' due to the length limit 20
INFO: [RTGEN 206-100] Generating core module 'flicker_render_pidSL': 1 instance(s).
INFO: [RTGEN 206-100] Finished creating RTL model for 'gather'.
INFO: [HLS 200-111]  Elapsed time: 1.012 seconds; current allocated memory: 787.393 MB.
INFO: [HLS 200-10] ----------------------------------------------------------------
INFO: [HLS 200-10] -- Generating RTL for module 'flicker_render_pipeline' 
INFO: [HLS 200-10] ----------------------------------------------------------------
INFO: [RTGEN 206-500] Setting interface mode on port 'flicker_render_pipeline/input_V_V' to 'ap_fifo'.
INFO: [RTGEN 206-500] Setting interface mode on port 'flicker_render_pipeline/output_V_V' to 'ap_fifo'.
INFO: [RTGEN 206-500] Setting interface mode on port 'flicker_render_pipeline/tiles' to 'ap_none'.
INFO: [RTGEN 206-500] Setting interface mode on port 'flicker_render_pipeline/mode' to 'ap_none'.
INFO: [RTGEN 206-500] Setting interface mode on function 'flicker_render_pipeline' to 'ap_ctrl_hs'.
WARNING: [RTGEN 206-101] RTL name 'fifo_w512_d16_S' is changed to 'fifo_w512_d16_S_x' due to conflict.
INFO: [SYN 201-210] Renamed object name 'start_for_framed_ctu_U0' to 'start_for_framed_dTL' due to the length limit 20
INFO: [SYN 201-210] Renamed object name 'start_for_dispatch_U0' to 'start_for_dispatcdUL' due to the length limit 20
INFO: [SYN 201-210] Renamed object name 'start_for_render_lane_0u_U0' to 'start_for_render_dVL' due to the length limit 20
INFO: [SYN 201-210] Renamed object name 'start_for_render_lane_1u_U0' to 'start_for_render_dWL' due to the length limit 20
INFO: [SYN 201-210] Renamed object name 'start_for_render_lane_2u_U0' to 'start_for_render_dXL' due to the length limit 20
INFO: [SYN 201-210] Renamed object name 'start_for_render_lane_3u_U0' to 'start_for_render_dYM' due to the length limit 20
INFO: [RTGEN 206-100] Finished creating RTL model for 'flicker_render_pipeline'.
INFO: [HLS 200-111]  Elapsed time: 0.729 seconds; current allocated memory: 788.394 MB.
INFO: [RTMG 210-279] Implementing memory 'prepare_geometry_bkb_rom' using distributed ROMs.
INFO: [RTMG 210-285] Implementing FIFO 'framed_V_V_U(fifo_w512_d16_B)' using Block RAMs.
INFO: [RTMG 210-285] Implementing FIFO 'mode_c_i_U(fifo_w32_d3_A)' using Shift Registers.
INFO: [RTMG 210-285] Implementing FIFO 'geometry_V_V_U(fifo_w512_d16_B)' using Block RAMs.
INFO: [RTMG 210-285] Implementing FIFO 'start_for_preparejbC_U(start_for_preparejbC)' using Shift Registers.
INFO: [RTMG 210-285] Implementing FIFO 'start_for_expand_kbM_U(start_for_expand_kbM)' using Shift Registers.
INFO: [RTMG 210-279] Implementing memory 'log_generic_log_ilbW_rom' using distributed ROMs.
INFO: [RTMG 210-279] Implementing memory 'log_generic_log0_mb6_rom' using auto ROMs.
INFO: [RTMG 210-279] Implementing memory 'log_generic_log_lncg_rom' using distributed ROMs.
INFO: [RTMG 210-279] Implementing memory 'log_generic_log_locq_rom' using auto ROMs.
INFO: [RTMG 210-285] Implementing FIFO 'prepared_V_q_V_U(fifo_w512_d16_S)' using Shift Registers.
INFO: [RTMG 210-285] Implementing FIFO 'prepared_V_limit_U(fifo_w16_d16_S)' using Shift Registers.
INFO: [RTMG 210-285] Implementing FIFO 'prepared_V_dense_U(fifo_w1_d16_S)' using Shift Registers.
INFO: [RTMG 210-285] Implementing FIFO 'prepared_V_bypass_U(fifo_w1_d16_S)' using Shift Registers.
INFO: [RTMG 210-285] Implementing FIFO 'requests_V_p_q_V_U(fifo_w512_d16_S)' using Shift Registers.
INFO: [RTMG 210-285] Implementing FIFO 'requests_V_p_limit_U(fifo_w16_d16_S)' using Shift Registers.
INFO: [RTMG 210-285] Implementing FIFO 'requests_V_p_dense_U(fifo_w1_d16_S)' using Shift Registers.
INFO: [RTMG 210-285] Implementing FIFO 'requests_V_p_bypass_U(fifo_w1_d16_S)' using Shift Registers.
INFO: [RTMG 210-285] Implementing FIFO 'requests_V_second_U(fifo_w1_d16_S)' using Shift Registers.
INFO: [RTMG 210-285] Implementing FIFO 'requests_V_end_U(fifo_w1_d16_S)' using Shift Registers.
INFO: [RTMG 210-285] Implementing FIFO 'tested_V_q_V_U(fifo_w512_d16_S)' using Shift Registers.
INFO: [RTMG 210-285] Implementing FIFO 'tested_V_mask_V_U(fifo_w4_d16_S)' using Shift Registers.
INFO: [RTMG 210-285] Implementing FIFO 'tested_V_dense_U(fifo_w1_d16_S)' using Shift Registers.
INFO: [RTMG 210-285] Implementing FIFO 'tested_V_second_U(fifo_w1_d16_S)' using Shift Registers.
INFO: [RTMG 210-285] Implementing FIFO 'tested_V_end_U(fifo_w1_d16_S)' using Shift Registers.
INFO: [RTMG 210-285] Implementing FIFO 'start_for_expand_zec_U(start_for_expand_zec)' using Shift Registers.
INFO: [RTMG 210-285] Implementing FIFO 'start_for_test_frAem_U(start_for_test_frAem)' using Shift Registers.
INFO: [RTMG 210-285] Implementing FIFO 'start_for_merge_fBew_U(start_for_merge_fBew)' using Shift Registers.
INFO: [RTMG 210-279] Implementing memory 'evaluate_mini_0u_CeG_rom' using block ROMs.
INFO: [RTMG 210-278] Implementing memory 'render_lane_0u_s_IfE_ram (RAM_2P_LUTRAM)' using distributed RAMs.
INFO: [RTMG 210-278] Implementing memory 'render_lane_0u_s_Yie_ram (RAM_2P_LUTRAM)' using distributed RAMs.
INFO: [RTMG 210-278] Implementing memory 'render_lane_0u_s_2iS_ram (RAM_2P_LUTRAM)' using distributed RAMs.
INFO: [RTMG 210-278] Implementing memory 'render_lane_0u_s_6jw_ram (RAM_2P_LUTRAM)' using distributed RAMs.
INFO: [RTMG 210-278] Implementing memory 'render_lane_0u_s_bml_ram (RAM_2P_LUTRAM)' using distributed RAMs.
INFO: [RTMG 210-278] Implementing memory 'render_lane_0u_s_bqm_ram (RAM_2P_LUTRAM)' using distributed RAMs.
INFO: [RTMG 210-278] Implementing memory 'gather_pixels_0_V_ram (RAM)' using block RAMs.
INFO: [RTMG 210-285] Implementing FIFO 'subtiles_V_V_U(fifo_w512_d16_S_x)' using Shift Registers.
INFO: [RTMG 210-285] Implementing FIFO 'tiles_c_U(fifo_w32_d5_A)' using Shift Registers.
INFO: [RTMG 210-285] Implementing FIFO 'mode_c_U(fifo_w32_d2_A)' using Shift Registers.
INFO: [RTMG 210-285] Implementing FIFO 'masks_V_V_U(fifo_w512_d16_S_x)' using Shift Registers.
INFO: [RTMG 210-285] Implementing FIFO 'q0_V_V_U(fifo_w512_d8_S)' using Shift Registers.
INFO: [RTMG 210-285] Implementing FIFO 'q1_V_V_U(fifo_w512_d8_S)' using Shift Registers.
INFO: [RTMG 210-285] Implementing FIFO 'q2_V_V_U(fifo_w512_d8_S)' using Shift Registers.
INFO: [RTMG 210-285] Implementing FIFO 'q3_V_V_U(fifo_w512_d8_S)' using Shift Registers.
INFO: [RTMG 210-285] Implementing FIFO 'p0_V_V_U(fifo_w128_d8_S)' using Shift Registers.
INFO: [RTMG 210-285] Implementing FIFO 'p1_V_V_U(fifo_w128_d8_S)' using Shift Registers.
INFO: [RTMG 210-285] Implementing FIFO 'p2_V_V_U(fifo_w128_d8_S)' using Shift Registers.
INFO: [RTMG 210-285] Implementing FIFO 'p3_V_V_U(fifo_w128_d8_S)' using Shift Registers.
INFO: [RTMG 210-285] Implementing FIFO 'start_for_framed_dTL_U(start_for_framed_dTL)' using Shift Registers.
INFO: [RTMG 210-285] Implementing FIFO 'start_for_gather_U0_U(start_for_gather_U0)' using Shift Registers.
INFO: [RTMG 210-285] Implementing FIFO 'start_for_dispatcdUL_U(start_for_dispatcdUL)' using Shift Registers.
INFO: [RTMG 210-285] Implementing FIFO 'start_for_render_dVL_U(start_for_render_dVL)' using Shift Registers.
INFO: [RTMG 210-285] Implementing FIFO 'start_for_render_dWL_U(start_for_render_dWL)' using Shift Registers.
INFO: [RTMG 210-285] Implementing FIFO 'start_for_render_dXL_U(start_for_render_dXL)' using Shift Registers.
INFO: [RTMG 210-285] Implementing FIFO 'start_for_render_dYM_U(start_for_render_dYM)' using Shift Registers.
INFO: [HLS 200-111] Finished generating all RTL models Time (s): cpu = 00:00:41 ; elapsed = 00:02:12 . Memory (MB): peak = 938.086 ; gain = 855.133
INFO: [SYSC 207-301] Generating SystemC RTL for flicker_render_pipeline.
INFO: [VHDL 208-304] Generating VHDL RTL for flicker_render_pipeline.
INFO: [VLOG 209-307] Generating Verilog RTL for flicker_render_pipeline.
Mini-tile pipeline II=60 failed in hls_pipeline_banks4_20260930/solution1/syn/report/evaluate_mini_0u_s_csynth.xml; preserve reports, skip expensive cosim
    while executing
"error "Mini-tile pipeline II=$ii failed in $f; preserve reports, skip expensive cosim""
    ("foreach" body line 2)
    invoked from within
"foreach {all ii} [regexp -all -inline {<PipelineII>([0-9]+)</PipelineII>} $report] {
  if {$ii != 1} {error "Mini-tile pipeline II=$ii failed in $f; p..."
    ("foreach" body line 3)
    invoked from within
"foreach f [glob $project/solution1/syn/report/evaluate_mini*csynth.xml] {
 set fd [open $f r];set report [read $fd];close $fd
 foreach {all ii} [regex..."
    (file "D:\ADProjects\FPGA43DGS\examples\3dgs_flicker_hw\pipeline\build.tcl" line 24)
    invoked from within
"source [lindex $::argv 1] "
    ("uplevel" body line 1)
    invoked from within
"uplevel \#0 { source [lindex $::argv 1] } "

INFO: [HLS 200-112] Total elapsed time: 131.684 seconds; peak allocated memory: 788.394 MB.
INFO: [Common 17-206] Exiting vivado_hls at Wed Sep 30 18:39:36 2026...
