Copyright 1986-2018 Xilinx, Inc. All Rights Reserved.
------------------------------------------------------------------------------------------------------------------------------------
| Tool Version : Vivado v.2018.3 (win64) Build 2405991 Thu Dec  6 23:38:27 MST 2018
| Date         : Wed Sep 30 16:22:27 2026
| Host         : cysc-0286 running 64-bit major release  (build 9200)
| Command      : report_bus_skew -file D:/ADProjects/FPGA43DGS/examples/3dgs_flicker_hw/build/board_rom_final_20260930/bus_skew.rpt
| Design       : ai7030_edif_top
| Device       : 7z030-ffg676
| Speed File   : -2  PRODUCTION 1.11 2025-11-03
------------------------------------------------------------------------------------------------------------------------------------

Bus Skew Report

Table of Contents
-----------------
1. Bus Skew Report Summary
2. Bus Skew Report Per Constraint

1. Bus Skew Report Summary
--------------------------

Id  Position  From                            To                              Corner  Requirement(ns)  Actual(ns)  Slack(ns)
--  --------  ------------------------------  ------------------------------  ------  ---------------  ----------  ---------
1   66        [get_cells [list {U0_ps_ai_peripheral/frame_to_ps_inst0/frame_read_write_m0/write_buf/U0/inst_fifo_gen/gconvfifo.rf/grf.rf/gntv_or_sync_fifo.gcx.clkx/wr_pntr_cdc_inst/src_gray_ff_reg[9]} \
          {U0_ps_ai_peripheral/frame_to_ps_inst0/frame_read_write_m0/write_buf/U0/inst_fifo_gen/gconvfifo.rf/grf.rf/gntv_or_sync_fifo.gcx.clkx/wr_pntr_cdc_inst/src_gray_ff_reg[10]} \
          {U0_ps_ai_peripheral/frame_to_ps_inst0/frame_read_write_m0/write_buf/U0/inst_fifo_gen/gconvfifo.rf/grf.rf/gntv_or_sync_fifo.gcx.clkx/wr_pntr_cdc_inst/src_gray_ff_reg[11]} \
          {U0_ps_ai_peripheral/frame_to_ps_inst0/frame_read_write_m0/write_buf/U0/inst_fifo_gen/gconvfifo.rf/grf.rf/gntv_or_sync_fifo.gcx.clkx/wr_pntr_cdc_inst/src_gray_ff_reg[12]} \
          {U0_ps_ai_peripheral/frame_to_ps_inst0/frame_read_write_m0/write_buf/U0/inst_fifo_gen/gconvfifo.rf/grf.rf/gntv_or_sync_fifo.gcx.clkx/wr_pntr_cdc_inst/src_gray_ff_reg[13]} \
          {U0_ps_ai_peripheral/frame_to_ps_inst0/frame_read_write_m0/write_buf/U0/inst_fifo_gen/gconvfifo.rf/grf.rf/gntv_or_sync_fifo.gcx.clkx/wr_pntr_cdc_inst/src_gray_ff_reg[8]} \
          {U0_ps_ai_peripheral/frame_to_ps_inst0/frame_read_write_m0/write_buf/U0/inst_fifo_gen/gconvfifo.rf/grf.rf/gntv_or_sync_fifo.gcx.clkx/wr_pntr_cdc_inst/src_gray_ff_reg[2]} \
          {U0_ps_ai_peripheral/frame_to_ps_inst0/frame_read_write_m0/write_buf/U0/inst_fifo_gen/gconvfifo.rf/grf.rf/gntv_or_sync_fifo.gcx.clkx/wr_pntr_cdc_inst/src_gray_ff_reg[3]} \
          {U0_ps_ai_peripheral/frame_to_ps_inst0/frame_read_write_m0/write_buf/U0/inst_fifo_gen/gconvfifo.rf/grf.rf/gntv_or_sync_fifo.gcx.clkx/wr_pntr_cdc_inst/src_gray_ff_reg[4]} \
          {U0_ps_ai_peripheral/frame_to_ps_inst0/frame_read_write_m0/write_buf/U0/inst_fifo_gen/gconvfifo.rf/grf.rf/gntv_or_sync_fifo.gcx.clkx/wr_pntr_cdc_inst/src_gray_ff_reg[5]} \
          {U0_ps_ai_peripheral/frame_to_ps_inst0/frame_read_write_m0/write_buf/U0/inst_fifo_gen/gconvfifo.rf/grf.rf/gntv_or_sync_fifo.gcx.clkx/wr_pntr_cdc_inst/src_gray_ff_reg[6]} \
          {U0_ps_ai_peripheral/frame_to_ps_inst0/frame_read_write_m0/write_buf/U0/inst_fifo_gen/gconvfifo.rf/grf.rf/gntv_or_sync_fifo.gcx.clkx/wr_pntr_cdc_inst/src_gray_ff_reg[7]}]]
                                              [get_cells [list {U0_ps_ai_peripheral/frame_to_ps_inst0/frame_read_write_m0/write_buf/U0/inst_fifo_gen/gconvfifo.rf/grf.rf/gntv_or_sync_fifo.gcx.clkx/wr_pntr_cdc_inst/dest_graysync_ff_reg[0][9]} \
          {U0_ps_ai_peripheral/frame_to_ps_inst0/frame_read_write_m0/write_buf/U0/inst_fifo_gen/gconvfifo.rf/grf.rf/gntv_or_sync_fifo.gcx.clkx/wr_pntr_cdc_inst/dest_graysync_ff_reg[0][10]} \
          {U0_ps_ai_peripheral/frame_to_ps_inst0/frame_read_write_m0/write_buf/U0/inst_fifo_gen/gconvfifo.rf/grf.rf/gntv_or_sync_fifo.gcx.clkx/wr_pntr_cdc_inst/dest_graysync_ff_reg[0][11]} \
          {U0_ps_ai_peripheral/frame_to_ps_inst0/frame_read_write_m0/write_buf/U0/inst_fifo_gen/gconvfifo.rf/grf.rf/gntv_or_sync_fifo.gcx.clkx/wr_pntr_cdc_inst/dest_graysync_ff_reg[0][12]} \
          {U0_ps_ai_peripheral/frame_to_ps_inst0/frame_read_write_m0/write_buf/U0/inst_fifo_gen/gconvfifo.rf/grf.rf/gntv_or_sync_fifo.gcx.clkx/wr_pntr_cdc_inst/dest_graysync_ff_reg[0][13]} \
          {U0_ps_ai_peripheral/frame_to_ps_inst0/frame_read_write_m0/write_buf/U0/inst_fifo_gen/gconvfifo.rf/grf.rf/gntv_or_sync_fifo.gcx.clkx/wr_pntr_cdc_inst/dest_graysync_ff_reg[0][8]} \
          {U0_ps_ai_peripheral/frame_to_ps_inst0/frame_read_write_m0/write_buf/U0/inst_fifo_gen/gconvfifo.rf/grf.rf/gntv_or_sync_fifo.gcx.clkx/wr_pntr_cdc_inst/dest_graysync_ff_reg[0][2]} \
          {U0_ps_ai_peripheral/frame_to_ps_inst0/frame_read_write_m0/write_buf/U0/inst_fifo_gen/gconvfifo.rf/grf.rf/gntv_or_sync_fifo.gcx.clkx/wr_pntr_cdc_inst/dest_graysync_ff_reg[0][3]} \
          {U0_ps_ai_peripheral/frame_to_ps_inst0/frame_read_write_m0/write_buf/U0/inst_fifo_gen/gconvfifo.rf/grf.rf/gntv_or_sync_fifo.gcx.clkx/wr_pntr_cdc_inst/dest_graysync_ff_reg[0][4]} \
          {U0_ps_ai_peripheral/frame_to_ps_inst0/frame_read_write_m0/write_buf/U0/inst_fifo_gen/gconvfifo.rf/grf.rf/gntv_or_sync_fifo.gcx.clkx/wr_pntr_cdc_inst/dest_graysync_ff_reg[0][5]} \
          {U0_ps_ai_peripheral/frame_to_ps_inst0/frame_read_write_m0/write_buf/U0/inst_fifo_gen/gconvfifo.rf/grf.rf/gntv_or_sync_fifo.gcx.clkx/wr_pntr_cdc_inst/dest_graysync_ff_reg[0][6]} \
          {U0_ps_ai_peripheral/frame_to_ps_inst0/frame_read_write_m0/write_buf/U0/inst_fifo_gen/gconvfifo.rf/grf.rf/gntv_or_sync_fifo.gcx.clkx/wr_pntr_cdc_inst/dest_graysync_ff_reg[0][7]}]]
                                                                              Slow              5.000       2.411      2.589
2   68        [get_cells [list {U0_ps_ai_peripheral/frame_to_ps_inst0/frame_read_write_m0/write_buf/U0/inst_fifo_gen/gconvfifo.rf/grf.rf/gntv_or_sync_fifo.gcx.clkx/rd_pntr_cdc_inst/src_gray_ff_reg[0]} \
          {U0_ps_ai_peripheral/frame_to_ps_inst0/frame_read_write_m0/write_buf/U0/inst_fifo_gen/gconvfifo.rf/grf.rf/gntv_or_sync_fifo.gcx.clkx/rd_pntr_cdc_inst/src_gray_ff_reg[10]} \
          {U0_ps_ai_peripheral/frame_to_ps_inst0/frame_read_write_m0/write_buf/U0/inst_fifo_gen/gconvfifo.rf/grf.rf/gntv_or_sync_fifo.gcx.clkx/rd_pntr_cdc_inst/src_gray_ff_reg[11]} \
          {U0_ps_ai_peripheral/frame_to_ps_inst0/frame_read_write_m0/write_buf/U0/inst_fifo_gen/gconvfifo.rf/grf.rf/gntv_or_sync_fifo.gcx.clkx/rd_pntr_cdc_inst/src_gray_ff_reg[1]} \
          {U0_ps_ai_peripheral/frame_to_ps_inst0/frame_read_write_m0/write_buf/U0/inst_fifo_gen/gconvfifo.rf/grf.rf/gntv_or_sync_fifo.gcx.clkx/rd_pntr_cdc_inst/src_gray_ff_reg[2]} \
          {U0_ps_ai_peripheral/frame_to_ps_inst0/frame_read_write_m0/write_buf/U0/inst_fifo_gen/gconvfifo.rf/grf.rf/gntv_or_sync_fifo.gcx.clkx/rd_pntr_cdc_inst/src_gray_ff_reg[3]} \
          {U0_ps_ai_peripheral/frame_to_ps_inst0/frame_read_write_m0/write_buf/U0/inst_fifo_gen/gconvfifo.rf/grf.rf/gntv_or_sync_fifo.gcx.clkx/rd_pntr_cdc_inst/src_gray_ff_reg[4]} \
          {U0_ps_ai_peripheral/frame_to_ps_inst0/frame_read_write_m0/write_buf/U0/inst_fifo_gen/gconvfifo.rf/grf.rf/gntv_or_sync_fifo.gcx.clkx/rd_pntr_cdc_inst/src_gray_ff_reg[5]} \
          {U0_ps_ai_peripheral/frame_to_ps_inst0/frame_read_write_m0/write_buf/U0/inst_fifo_gen/gconvfifo.rf/grf.rf/gntv_or_sync_fifo.gcx.clkx/rd_pntr_cdc_inst/src_gray_ff_reg[6]} \
          {U0_ps_ai_peripheral/frame_to_ps_inst0/frame_read_write_m0/write_buf/U0/inst_fifo_gen/gconvfifo.rf/grf.rf/gntv_or_sync_fifo.gcx.clkx/rd_pntr_cdc_inst/src_gray_ff_reg[7]} \
          {U0_ps_ai_peripheral/frame_to_ps_inst0/frame_read_write_m0/write_buf/U0/inst_fifo_gen/gconvfifo.rf/grf.rf/gntv_or_sync_fifo.gcx.clkx/rd_pntr_cdc_inst/src_gray_ff_reg[8]} \
          {U0_ps_ai_peripheral/frame_to_ps_inst0/frame_read_write_m0/write_buf/U0/inst_fifo_gen/gconvfifo.rf/grf.rf/gntv_or_sync_fifo.gcx.clkx/rd_pntr_cdc_inst/src_gray_ff_reg[9]}]]
                                              [get_cells [list {U0_ps_ai_peripheral/frame_to_ps_inst0/frame_read_write_m0/write_buf/U0/inst_fifo_gen/gconvfifo.rf/grf.rf/gntv_or_sync_fifo.gcx.clkx/rd_pntr_cdc_inst/dest_graysync_ff_reg[0][0]} \
          {U0_ps_ai_peripheral/frame_to_ps_inst0/frame_read_write_m0/write_buf/U0/inst_fifo_gen/gconvfifo.rf/grf.rf/gntv_or_sync_fifo.gcx.clkx/rd_pntr_cdc_inst/dest_graysync_ff_reg[0][10]} \
          {U0_ps_ai_peripheral/frame_to_ps_inst0/frame_read_write_m0/write_buf/U0/inst_fifo_gen/gconvfifo.rf/grf.rf/gntv_or_sync_fifo.gcx.clkx/rd_pntr_cdc_inst/dest_graysync_ff_reg[0][11]} \
          {U0_ps_ai_peripheral/frame_to_ps_inst0/frame_read_write_m0/write_buf/U0/inst_fifo_gen/gconvfifo.rf/grf.rf/gntv_or_sync_fifo.gcx.clkx/rd_pntr_cdc_inst/dest_graysync_ff_reg[0][1]} \
          {U0_ps_ai_peripheral/frame_to_ps_inst0/frame_read_write_m0/write_buf/U0/inst_fifo_gen/gconvfifo.rf/grf.rf/gntv_or_sync_fifo.gcx.clkx/rd_pntr_cdc_inst/dest_graysync_ff_reg[0][2]} \
          {U0_ps_ai_peripheral/frame_to_ps_inst0/frame_read_write_m0/write_buf/U0/inst_fifo_gen/gconvfifo.rf/grf.rf/gntv_or_sync_fifo.gcx.clkx/rd_pntr_cdc_inst/dest_graysync_ff_reg[0][3]} \
          {U0_ps_ai_peripheral/frame_to_ps_inst0/frame_read_write_m0/write_buf/U0/inst_fifo_gen/gconvfifo.rf/grf.rf/gntv_or_sync_fifo.gcx.clkx/rd_pntr_cdc_inst/dest_graysync_ff_reg[0][4]} \
          {U0_ps_ai_peripheral/frame_to_ps_inst0/frame_read_write_m0/write_buf/U0/inst_fifo_gen/gconvfifo.rf/grf.rf/gntv_or_sync_fifo.gcx.clkx/rd_pntr_cdc_inst/dest_graysync_ff_reg[0][5]} \
          {U0_ps_ai_peripheral/frame_to_ps_inst0/frame_read_write_m0/write_buf/U0/inst_fifo_gen/gconvfifo.rf/grf.rf/gntv_or_sync_fifo.gcx.clkx/rd_pntr_cdc_inst/dest_graysync_ff_reg[0][6]} \
          {U0_ps_ai_peripheral/frame_to_ps_inst0/frame_read_write_m0/write_buf/U0/inst_fifo_gen/gconvfifo.rf/grf.rf/gntv_or_sync_fifo.gcx.clkx/rd_pntr_cdc_inst/dest_graysync_ff_reg[0][7]} \
          {U0_ps_ai_peripheral/frame_to_ps_inst0/frame_read_write_m0/write_buf/U0/inst_fifo_gen/gconvfifo.rf/grf.rf/gntv_or_sync_fifo.gcx.clkx/rd_pntr_cdc_inst/dest_graysync_ff_reg[0][8]} \
          {U0_ps_ai_peripheral/frame_to_ps_inst0/frame_read_write_m0/write_buf/U0/inst_fifo_gen/gconvfifo.rf/grf.rf/gntv_or_sync_fifo.gcx.clkx/rd_pntr_cdc_inst/dest_graysync_ff_reg[0][9]}]]
                                                                              Slow              5.000       2.421      2.579
3   70        [get_cells [list {U0_ps_ai_peripheral/frame_trans_inst0/axis_master_inst/afifo_24w_4096d_u0/U0/inst_fifo_gen/gconvfifo.rf/grf.rf/gntv_or_sync_fifo.gcx.clkx/rd_pntr_cdc_inst/src_gray_ff_reg[0]} \
          {U0_ps_ai_peripheral/frame_trans_inst0/axis_master_inst/afifo_24w_4096d_u0/U0/inst_fifo_gen/gconvfifo.rf/grf.rf/gntv_or_sync_fifo.gcx.clkx/rd_pntr_cdc_inst/src_gray_ff_reg[10]} \
          {U0_ps_ai_peripheral/frame_trans_inst0/axis_master_inst/afifo_24w_4096d_u0/U0/inst_fifo_gen/gconvfifo.rf/grf.rf/gntv_or_sync_fifo.gcx.clkx/rd_pntr_cdc_inst/src_gray_ff_reg[11]} \
          {U0_ps_ai_peripheral/frame_trans_inst0/axis_master_inst/afifo_24w_4096d_u0/U0/inst_fifo_gen/gconvfifo.rf/grf.rf/gntv_or_sync_fifo.gcx.clkx/rd_pntr_cdc_inst/src_gray_ff_reg[1]} \
          {U0_ps_ai_peripheral/frame_trans_inst0/axis_master_inst/afifo_24w_4096d_u0/U0/inst_fifo_gen/gconvfifo.rf/grf.rf/gntv_or_sync_fifo.gcx.clkx/rd_pntr_cdc_inst/src_gray_ff_reg[2]} \
          {U0_ps_ai_peripheral/frame_trans_inst0/axis_master_inst/afifo_24w_4096d_u0/U0/inst_fifo_gen/gconvfifo.rf/grf.rf/gntv_or_sync_fifo.gcx.clkx/rd_pntr_cdc_inst/src_gray_ff_reg[3]} \
          {U0_ps_ai_peripheral/frame_trans_inst0/axis_master_inst/afifo_24w_4096d_u0/U0/inst_fifo_gen/gconvfifo.rf/grf.rf/gntv_or_sync_fifo.gcx.clkx/rd_pntr_cdc_inst/src_gray_ff_reg[4]} \
          {U0_ps_ai_peripheral/frame_trans_inst0/axis_master_inst/afifo_24w_4096d_u0/U0/inst_fifo_gen/gconvfifo.rf/grf.rf/gntv_or_sync_fifo.gcx.clkx/rd_pntr_cdc_inst/src_gray_ff_reg[5]} \
          {U0_ps_ai_peripheral/frame_trans_inst0/axis_master_inst/afifo_24w_4096d_u0/U0/inst_fifo_gen/gconvfifo.rf/grf.rf/gntv_or_sync_fifo.gcx.clkx/rd_pntr_cdc_inst/src_gray_ff_reg[6]} \
          {U0_ps_ai_peripheral/frame_trans_inst0/axis_master_inst/afifo_24w_4096d_u0/U0/inst_fifo_gen/gconvfifo.rf/grf.rf/gntv_or_sync_fifo.gcx.clkx/rd_pntr_cdc_inst/src_gray_ff_reg[7]} \
          {U0_ps_ai_peripheral/frame_trans_inst0/axis_master_inst/afifo_24w_4096d_u0/U0/inst_fifo_gen/gconvfifo.rf/grf.rf/gntv_or_sync_fifo.gcx.clkx/rd_pntr_cdc_inst/src_gray_ff_reg[8]} \
          {U0_ps_ai_peripheral/frame_trans_inst0/axis_master_inst/afifo_24w_4096d_u0/U0/inst_fifo_gen/gconvfifo.rf/grf.rf/gntv_or_sync_fifo.gcx.clkx/rd_pntr_cdc_inst/src_gray_ff_reg[9]}]]
                                              [get_cells [list {U0_ps_ai_peripheral/frame_trans_inst0/axis_master_inst/afifo_24w_4096d_u0/U0/inst_fifo_gen/gconvfifo.rf/grf.rf/gntv_or_sync_fifo.gcx.clkx/rd_pntr_cdc_inst/dest_graysync_ff_reg[0][0]} \
          {U0_ps_ai_peripheral/frame_trans_inst0/axis_master_inst/afifo_24w_4096d_u0/U0/inst_fifo_gen/gconvfifo.rf/grf.rf/gntv_or_sync_fifo.gcx.clkx/rd_pntr_cdc_inst/dest_graysync_ff_reg[0][10]} \
          {U0_ps_ai_peripheral/frame_trans_inst0/axis_master_inst/afifo_24w_4096d_u0/U0/inst_fifo_gen/gconvfifo.rf/grf.rf/gntv_or_sync_fifo.gcx.clkx/rd_pntr_cdc_inst/dest_graysync_ff_reg[0][11]} \
          {U0_ps_ai_peripheral/frame_trans_inst0/axis_master_inst/afifo_24w_4096d_u0/U0/inst_fifo_gen/gconvfifo.rf/grf.rf/gntv_or_sync_fifo.gcx.clkx/rd_pntr_cdc_inst/dest_graysync_ff_reg[0][1]} \
          {U0_ps_ai_peripheral/frame_trans_inst0/axis_master_inst/afifo_24w_4096d_u0/U0/inst_fifo_gen/gconvfifo.rf/grf.rf/gntv_or_sync_fifo.gcx.clkx/rd_pntr_cdc_inst/dest_graysync_ff_reg[0][2]} \
          {U0_ps_ai_peripheral/frame_trans_inst0/axis_master_inst/afifo_24w_4096d_u0/U0/inst_fifo_gen/gconvfifo.rf/grf.rf/gntv_or_sync_fifo.gcx.clkx/rd_pntr_cdc_inst/dest_graysync_ff_reg[0][3]} \
          {U0_ps_ai_peripheral/frame_trans_inst0/axis_master_inst/afifo_24w_4096d_u0/U0/inst_fifo_gen/gconvfifo.rf/grf.rf/gntv_or_sync_fifo.gcx.clkx/rd_pntr_cdc_inst/dest_graysync_ff_reg[0][4]} \
          {U0_ps_ai_peripheral/frame_trans_inst0/axis_master_inst/afifo_24w_4096d_u0/U0/inst_fifo_gen/gconvfifo.rf/grf.rf/gntv_or_sync_fifo.gcx.clkx/rd_pntr_cdc_inst/dest_graysync_ff_reg[0][5]} \
          {U0_ps_ai_peripheral/frame_trans_inst0/axis_master_inst/afifo_24w_4096d_u0/U0/inst_fifo_gen/gconvfifo.rf/grf.rf/gntv_or_sync_fifo.gcx.clkx/rd_pntr_cdc_inst/dest_graysync_ff_reg[0][6]} \
          {U0_ps_ai_peripheral/frame_trans_inst0/axis_master_inst/afifo_24w_4096d_u0/U0/inst_fifo_gen/gconvfifo.rf/grf.rf/gntv_or_sync_fifo.gcx.clkx/rd_pntr_cdc_inst/dest_graysync_ff_reg[0][7]} \
          {U0_ps_ai_peripheral/frame_trans_inst0/axis_master_inst/afifo_24w_4096d_u0/U0/inst_fifo_gen/gconvfifo.rf/grf.rf/gntv_or_sync_fifo.gcx.clkx/rd_pntr_cdc_inst/dest_graysync_ff_reg[0][8]} \
          {U0_ps_ai_peripheral/frame_trans_inst0/axis_master_inst/afifo_24w_4096d_u0/U0/inst_fifo_gen/gconvfifo.rf/grf.rf/gntv_or_sync_fifo.gcx.clkx/rd_pntr_cdc_inst/dest_graysync_ff_reg[0][9]}]]
                                                                              Slow              5.000       2.251      2.749
4   72        [get_cells [list {U0_ps_ai_peripheral/frame_trans_inst0/axis_master_inst/afifo_24w_4096d_u0/U0/inst_fifo_gen/gconvfifo.rf/grf.rf/gntv_or_sync_fifo.gcx.clkx/wr_pntr_cdc_inst/src_gray_ff_reg[0]} \
          {U0_ps_ai_peripheral/frame_trans_inst0/axis_master_inst/afifo_24w_4096d_u0/U0/inst_fifo_gen/gconvfifo.rf/grf.rf/gntv_or_sync_fifo.gcx.clkx/wr_pntr_cdc_inst/src_gray_ff_reg[10]} \
          {U0_ps_ai_peripheral/frame_trans_inst0/axis_master_inst/afifo_24w_4096d_u0/U0/inst_fifo_gen/gconvfifo.rf/grf.rf/gntv_or_sync_fifo.gcx.clkx/wr_pntr_cdc_inst/src_gray_ff_reg[11]} \
          {U0_ps_ai_peripheral/frame_trans_inst0/axis_master_inst/afifo_24w_4096d_u0/U0/inst_fifo_gen/gconvfifo.rf/grf.rf/gntv_or_sync_fifo.gcx.clkx/wr_pntr_cdc_inst/src_gray_ff_reg[1]} \
          {U0_ps_ai_peripheral/frame_trans_inst0/axis_master_inst/afifo_24w_4096d_u0/U0/inst_fifo_gen/gconvfifo.rf/grf.rf/gntv_or_sync_fifo.gcx.clkx/wr_pntr_cdc_inst/src_gray_ff_reg[2]} \
          {U0_ps_ai_peripheral/frame_trans_inst0/axis_master_inst/afifo_24w_4096d_u0/U0/inst_fifo_gen/gconvfifo.rf/grf.rf/gntv_or_sync_fifo.gcx.clkx/wr_pntr_cdc_inst/src_gray_ff_reg[3]} \
          {U0_ps_ai_peripheral/frame_trans_inst0/axis_master_inst/afifo_24w_4096d_u0/U0/inst_fifo_gen/gconvfifo.rf/grf.rf/gntv_or_sync_fifo.gcx.clkx/wr_pntr_cdc_inst/src_gray_ff_reg[4]} \
          {U0_ps_ai_peripheral/frame_trans_inst0/axis_master_inst/afifo_24w_4096d_u0/U0/inst_fifo_gen/gconvfifo.rf/grf.rf/gntv_or_sync_fifo.gcx.clkx/wr_pntr_cdc_inst/src_gray_ff_reg[5]} \
          {U0_ps_ai_peripheral/frame_trans_inst0/axis_master_inst/afifo_24w_4096d_u0/U0/inst_fifo_gen/gconvfifo.rf/grf.rf/gntv_or_sync_fifo.gcx.clkx/wr_pntr_cdc_inst/src_gray_ff_reg[6]} \
          {U0_ps_ai_peripheral/frame_trans_inst0/axis_master_inst/afifo_24w_4096d_u0/U0/inst_fifo_gen/gconvfifo.rf/grf.rf/gntv_or_sync_fifo.gcx.clkx/wr_pntr_cdc_inst/src_gray_ff_reg[7]} \
          {U0_ps_ai_peripheral/frame_trans_inst0/axis_master_inst/afifo_24w_4096d_u0/U0/inst_fifo_gen/gconvfifo.rf/grf.rf/gntv_or_sync_fifo.gcx.clkx/wr_pntr_cdc_inst/src_gray_ff_reg[8]} \
          {U0_ps_ai_peripheral/frame_trans_inst0/axis_master_inst/afifo_24w_4096d_u0/U0/inst_fifo_gen/gconvfifo.rf/grf.rf/gntv_or_sync_fifo.gcx.clkx/wr_pntr_cdc_inst/src_gray_ff_reg[9]}]]
                                              [get_cells [list {U0_ps_ai_peripheral/frame_trans_inst0/axis_master_inst/afifo_24w_4096d_u0/U0/inst_fifo_gen/gconvfifo.rf/grf.rf/gntv_or_sync_fifo.gcx.clkx/wr_pntr_cdc_inst/dest_graysync_ff_reg[0][0]} \
          {U0_ps_ai_peripheral/frame_trans_inst0/axis_master_inst/afifo_24w_4096d_u0/U0/inst_fifo_gen/gconvfifo.rf/grf.rf/gntv_or_sync_fifo.gcx.clkx/wr_pntr_cdc_inst/dest_graysync_ff_reg[0][10]} \
          {U0_ps_ai_peripheral/frame_trans_inst0/axis_master_inst/afifo_24w_4096d_u0/U0/inst_fifo_gen/gconvfifo.rf/grf.rf/gntv_or_sync_fifo.gcx.clkx/wr_pntr_cdc_inst/dest_graysync_ff_reg[0][11]} \
          {U0_ps_ai_peripheral/frame_trans_inst0/axis_master_inst/afifo_24w_4096d_u0/U0/inst_fifo_gen/gconvfifo.rf/grf.rf/gntv_or_sync_fifo.gcx.clkx/wr_pntr_cdc_inst/dest_graysync_ff_reg[0][1]} \
          {U0_ps_ai_peripheral/frame_trans_inst0/axis_master_inst/afifo_24w_4096d_u0/U0/inst_fifo_gen/gconvfifo.rf/grf.rf/gntv_or_sync_fifo.gcx.clkx/wr_pntr_cdc_inst/dest_graysync_ff_reg[0][2]} \
          {U0_ps_ai_peripheral/frame_trans_inst0/axis_master_inst/afifo_24w_4096d_u0/U0/inst_fifo_gen/gconvfifo.rf/grf.rf/gntv_or_sync_fifo.gcx.clkx/wr_pntr_cdc_inst/dest_graysync_ff_reg[0][3]} \
          {U0_ps_ai_peripheral/frame_trans_inst0/axis_master_inst/afifo_24w_4096d_u0/U0/inst_fifo_gen/gconvfifo.rf/grf.rf/gntv_or_sync_fifo.gcx.clkx/wr_pntr_cdc_inst/dest_graysync_ff_reg[0][4]} \
          {U0_ps_ai_peripheral/frame_trans_inst0/axis_master_inst/afifo_24w_4096d_u0/U0/inst_fifo_gen/gconvfifo.rf/grf.rf/gntv_or_sync_fifo.gcx.clkx/wr_pntr_cdc_inst/dest_graysync_ff_reg[0][5]} \
          {U0_ps_ai_peripheral/frame_trans_inst0/axis_master_inst/afifo_24w_4096d_u0/U0/inst_fifo_gen/gconvfifo.rf/grf.rf/gntv_or_sync_fifo.gcx.clkx/wr_pntr_cdc_inst/dest_graysync_ff_reg[0][6]} \
          {U0_ps_ai_peripheral/frame_trans_inst0/axis_master_inst/afifo_24w_4096d_u0/U0/inst_fifo_gen/gconvfifo.rf/grf.rf/gntv_or_sync_fifo.gcx.clkx/wr_pntr_cdc_inst/dest_graysync_ff_reg[0][7]} \
          {U0_ps_ai_peripheral/frame_trans_inst0/axis_master_inst/afifo_24w_4096d_u0/U0/inst_fifo_gen/gconvfifo.rf/grf.rf/gntv_or_sync_fifo.gcx.clkx/wr_pntr_cdc_inst/dest_graysync_ff_reg[0][8]} \
          {U0_ps_ai_peripheral/frame_trans_inst0/axis_master_inst/afifo_24w_4096d_u0/U0/inst_fifo_gen/gconvfifo.rf/grf.rf/gntv_or_sync_fifo.gcx.clkx/wr_pntr_cdc_inst/dest_graysync_ff_reg[0][9]}]]
                                                                              Slow              5.000       2.264      2.736
5   74        [get_cells [list {U0_ps_ai_peripheral/frame_to_ps_inst0/frame_read_write_m0/read_buf/U0/inst_fifo_gen/gconvfifo.rf/grf.rf/gntv_or_sync_fifo.gcx.clkx/wr_pntr_cdc_inst/src_gray_ff_reg[0]} \
          {U0_ps_ai_peripheral/frame_to_ps_inst0/frame_read_write_m0/read_buf/U0/inst_fifo_gen/gconvfifo.rf/grf.rf/gntv_or_sync_fifo.gcx.clkx/wr_pntr_cdc_inst/src_gray_ff_reg[10]} \
          {U0_ps_ai_peripheral/frame_to_ps_inst0/frame_read_write_m0/read_buf/U0/inst_fifo_gen/gconvfifo.rf/grf.rf/gntv_or_sync_fifo.gcx.clkx/wr_pntr_cdc_inst/src_gray_ff_reg[11]} \
          {U0_ps_ai_peripheral/frame_to_ps_inst0/frame_read_write_m0/read_buf/U0/inst_fifo_gen/gconvfifo.rf/grf.rf/gntv_or_sync_fifo.gcx.clkx/wr_pntr_cdc_inst/src_gray_ff_reg[12]} \
          {U0_ps_ai_peripheral/frame_to_ps_inst0/frame_read_write_m0/read_buf/U0/inst_fifo_gen/gconvfifo.rf/grf.rf/gntv_or_sync_fifo.gcx.clkx/wr_pntr_cdc_inst/src_gray_ff_reg[13]} \
          {U0_ps_ai_peripheral/frame_to_ps_inst0/frame_read_write_m0/read_buf/U0/inst_fifo_gen/gconvfifo.rf/grf.rf/gntv_or_sync_fifo.gcx.clkx/wr_pntr_cdc_inst/src_gray_ff_reg[14]} \
          {U0_ps_ai_peripheral/frame_to_ps_inst0/frame_read_write_m0/read_buf/U0/inst_fifo_gen/gconvfifo.rf/grf.rf/gntv_or_sync_fifo.gcx.clkx/wr_pntr_cdc_inst/src_gray_ff_reg[1]} \
          {U0_ps_ai_peripheral/frame_to_ps_inst0/frame_read_write_m0/read_buf/U0/inst_fifo_gen/gconvfifo.rf/grf.rf/gntv_or_sync_fifo.gcx.clkx/wr_pntr_cdc_inst/src_gray_ff_reg[2]} \
          {U0_ps_ai_peripheral/frame_to_ps_inst0/frame_read_write_m0/read_buf/U0/inst_fifo_gen/gconvfifo.rf/grf.rf/gntv_or_sync_fifo.gcx.clkx/wr_pntr_cdc_inst/src_gray_ff_reg[3]} \
          {U0_ps_ai_peripheral/frame_to_ps_inst0/frame_read_write_m0/read_buf/U0/inst_fifo_gen/gconvfifo.rf/grf.rf/gntv_or_sync_fifo.gcx.clkx/wr_pntr_cdc_inst/src_gray_ff_reg[4]} \
          {U0_ps_ai_peripheral/frame_to_ps_inst0/frame_read_write_m0/read_buf/U0/inst_fifo_gen/gconvfifo.rf/grf.rf/gntv_or_sync_fifo.gcx.clkx/wr_pntr_cdc_inst/src_gray_ff_reg[5]} \
          {U0_ps_ai_peripheral/frame_to_ps_inst0/frame_read_write_m0/read_buf/U0/inst_fifo_gen/gconvfifo.rf/grf.rf/gntv_or_sync_fifo.gcx.clkx/wr_pntr_cdc_inst/src_gray_ff_reg[6]} \
          {U0_ps_ai_peripheral/frame_to_ps_inst0/frame_read_write_m0/read_buf/U0/inst_fifo_gen/gconvfifo.rf/grf.rf/gntv_or_sync_fifo.gcx.clkx/wr_pntr_cdc_inst/src_gray_ff_reg[7]} \
          {U0_ps_ai_peripheral/frame_to_ps_inst0/frame_read_write_m0/read_buf/U0/inst_fifo_gen/gconvfifo.rf/grf.rf/gntv_or_sync_fifo.gcx.clkx/wr_pntr_cdc_inst/src_gray_ff_reg[8]} \
          {U0_ps_ai_peripheral/frame_to_ps_inst0/frame_read_write_m0/read_buf/U0/inst_fifo_gen/gconvfifo.rf/grf.rf/gntv_or_sync_fifo.gcx.clkx/wr_pntr_cdc_inst/src_gray_ff_reg[9]}]]
                                              [get_cells [list {U0_ps_ai_peripheral/frame_to_ps_inst0/frame_read_write_m0/read_buf/U0/inst_fifo_gen/gconvfifo.rf/grf.rf/gntv_or_sync_fifo.gcx.clkx/wr_pntr_cdc_inst/dest_graysync_ff_reg[0][0]} \
          {U0_ps_ai_peripheral/frame_to_ps_inst0/frame_read_write_m0/read_buf/U0/inst_fifo_gen/gconvfifo.rf/grf.rf/gntv_or_sync_fifo.gcx.clkx/wr_pntr_cdc_inst/dest_graysync_ff_reg[0][10]} \
          {U0_ps_ai_peripheral/frame_to_ps_inst0/frame_read_write_m0/read_buf/U0/inst_fifo_gen/gconvfifo.rf/grf.rf/gntv_or_sync_fifo.gcx.clkx/wr_pntr_cdc_inst/dest_graysync_ff_reg[0][11]} \
          {U0_ps_ai_peripheral/frame_to_ps_inst0/frame_read_write_m0/read_buf/U0/inst_fifo_gen/gconvfifo.rf/grf.rf/gntv_or_sync_fifo.gcx.clkx/wr_pntr_cdc_inst/dest_graysync_ff_reg[0][12]} \
          {U0_ps_ai_peripheral/frame_to_ps_inst0/frame_read_write_m0/read_buf/U0/inst_fifo_gen/gconvfifo.rf/grf.rf/gntv_or_sync_fifo.gcx.clkx/wr_pntr_cdc_inst/dest_graysync_ff_reg[0][13]} \
          {U0_ps_ai_peripheral/frame_to_ps_inst0/frame_read_write_m0/read_buf/U0/inst_fifo_gen/gconvfifo.rf/grf.rf/gntv_or_sync_fifo.gcx.clkx/wr_pntr_cdc_inst/dest_graysync_ff_reg[0][14]} \
          {U0_ps_ai_peripheral/frame_to_ps_inst0/frame_read_write_m0/read_buf/U0/inst_fifo_gen/gconvfifo.rf/grf.rf/gntv_or_sync_fifo.gcx.clkx/wr_pntr_cdc_inst/dest_graysync_ff_reg[0][1]} \
          {U0_ps_ai_peripheral/frame_to_ps_inst0/frame_read_write_m0/read_buf/U0/inst_fifo_gen/gconvfifo.rf/grf.rf/gntv_or_sync_fifo.gcx.clkx/wr_pntr_cdc_inst/dest_graysync_ff_reg[0][2]} \
          {U0_ps_ai_peripheral/frame_to_ps_inst0/frame_read_write_m0/read_buf/U0/inst_fifo_gen/gconvfifo.rf/grf.rf/gntv_or_sync_fifo.gcx.clkx/wr_pntr_cdc_inst/dest_graysync_ff_reg[0][3]} \
          {U0_ps_ai_peripheral/frame_to_ps_inst0/frame_read_write_m0/read_buf/U0/inst_fifo_gen/gconvfifo.rf/grf.rf/gntv_or_sync_fifo.gcx.clkx/wr_pntr_cdc_inst/dest_graysync_ff_reg[0][4]} \
          {U0_ps_ai_peripheral/frame_to_ps_inst0/frame_read_write_m0/read_buf/U0/inst_fifo_gen/gconvfifo.rf/grf.rf/gntv_or_sync_fifo.gcx.clkx/wr_pntr_cdc_inst/dest_graysync_ff_reg[0][5]} \
          {U0_ps_ai_peripheral/frame_to_ps_inst0/frame_read_write_m0/read_buf/U0/inst_fifo_gen/gconvfifo.rf/grf.rf/gntv_or_sync_fifo.gcx.clkx/wr_pntr_cdc_inst/dest_graysync_ff_reg[0][6]} \
          {U0_ps_ai_peripheral/frame_to_ps_inst0/frame_read_write_m0/read_buf/U0/inst_fifo_gen/gconvfifo.rf/grf.rf/gntv_or_sync_fifo.gcx.clkx/wr_pntr_cdc_inst/dest_graysync_ff_reg[0][7]} \
          {U0_ps_ai_peripheral/frame_to_ps_inst0/frame_read_write_m0/read_buf/U0/inst_fifo_gen/gconvfifo.rf/grf.rf/gntv_or_sync_fifo.gcx.clkx/wr_pntr_cdc_inst/dest_graysync_ff_reg[0][8]} \
          {U0_ps_ai_peripheral/frame_to_ps_inst0/frame_read_write_m0/read_buf/U0/inst_fifo_gen/gconvfifo.rf/grf.rf/gntv_or_sync_fifo.gcx.clkx/wr_pntr_cdc_inst/dest_graysync_ff_reg[0][9]}]]
                                                                              Slow              5.000       2.997      2.003
6   76        [get_cells [list {U0_ps_ai_peripheral/frame_to_ps_inst0/frame_read_write_m0/read_buf/U0/inst_fifo_gen/gconvfifo.rf/grf.rf/gntv_or_sync_fifo.gcx.clkx/rd_pntr_cdc_inst/src_gray_ff_reg[9]} \
          {U0_ps_ai_peripheral/frame_to_ps_inst0/frame_read_write_m0/read_buf/U0/inst_fifo_gen/gconvfifo.rf/grf.rf/gntv_or_sync_fifo.gcx.clkx/rd_pntr_cdc_inst/src_gray_ff_reg[10]} \
          {U0_ps_ai_peripheral/frame_to_ps_inst0/frame_read_write_m0/read_buf/U0/inst_fifo_gen/gconvfifo.rf/grf.rf/gntv_or_sync_fifo.gcx.clkx/rd_pntr_cdc_inst/src_gray_ff_reg[11]} \
          {U0_ps_ai_peripheral/frame_to_ps_inst0/frame_read_write_m0/read_buf/U0/inst_fifo_gen/gconvfifo.rf/grf.rf/gntv_or_sync_fifo.gcx.clkx/rd_pntr_cdc_inst/src_gray_ff_reg[12]} \
          {U0_ps_ai_peripheral/frame_to_ps_inst0/frame_read_write_m0/read_buf/U0/inst_fifo_gen/gconvfifo.rf/grf.rf/gntv_or_sync_fifo.gcx.clkx/rd_pntr_cdc_inst/src_gray_ff_reg[13]} \
          {U0_ps_ai_peripheral/frame_to_ps_inst0/frame_read_write_m0/read_buf/U0/inst_fifo_gen/gconvfifo.rf/grf.rf/gntv_or_sync_fifo.gcx.clkx/rd_pntr_cdc_inst/src_gray_ff_reg[14]} \
          {U0_ps_ai_peripheral/frame_to_ps_inst0/frame_read_write_m0/read_buf/U0/inst_fifo_gen/gconvfifo.rf/grf.rf/gntv_or_sync_fifo.gcx.clkx/rd_pntr_cdc_inst/src_gray_ff_reg[15]} \
          {U0_ps_ai_peripheral/frame_to_ps_inst0/frame_read_write_m0/read_buf/U0/inst_fifo_gen/gconvfifo.rf/grf.rf/gntv_or_sync_fifo.gcx.clkx/rd_pntr_cdc_inst/src_gray_ff_reg[16]} \
          {U0_ps_ai_peripheral/frame_to_ps_inst0/frame_read_write_m0/read_buf/U0/inst_fifo_gen/gconvfifo.rf/grf.rf/gntv_or_sync_fifo.gcx.clkx/rd_pntr_cdc_inst/src_gray_ff_reg[8]} \
          {U0_ps_ai_peripheral/frame_to_ps_inst0/frame_read_write_m0/read_buf/U0/inst_fifo_gen/gconvfifo.rf/grf.rf/gntv_or_sync_fifo.gcx.clkx/rd_pntr_cdc_inst/src_gray_ff_reg[2]} \
          {U0_ps_ai_peripheral/frame_to_ps_inst0/frame_read_write_m0/read_buf/U0/inst_fifo_gen/gconvfifo.rf/grf.rf/gntv_or_sync_fifo.gcx.clkx/rd_pntr_cdc_inst/src_gray_ff_reg[3]} \
          {U0_ps_ai_peripheral/frame_to_ps_inst0/frame_read_write_m0/read_buf/U0/inst_fifo_gen/gconvfifo.rf/grf.rf/gntv_or_sync_fifo.gcx.clkx/rd_pntr_cdc_inst/src_gray_ff_reg[4]} \
          {U0_ps_ai_peripheral/frame_to_ps_inst0/frame_read_write_m0/read_buf/U0/inst_fifo_gen/gconvfifo.rf/grf.rf/gntv_or_sync_fifo.gcx.clkx/rd_pntr_cdc_inst/src_gray_ff_reg[5]} \
          {U0_ps_ai_peripheral/frame_to_ps_inst0/frame_read_write_m0/read_buf/U0/inst_fifo_gen/gconvfifo.rf/grf.rf/gntv_or_sync_fifo.gcx.clkx/rd_pntr_cdc_inst/src_gray_ff_reg[6]} \
          {U0_ps_ai_peripheral/frame_to_ps_inst0/frame_read_write_m0/read_buf/U0/inst_fifo_gen/gconvfifo.rf/grf.rf/gntv_or_sync_fifo.gcx.clkx/rd_pntr_cdc_inst/src_gray_ff_reg[7]}]]
                                              [get_cells [list {U0_ps_ai_peripheral/frame_to_ps_inst0/frame_read_write_m0/read_buf/U0/inst_fifo_gen/gconvfifo.rf/grf.rf/gntv_or_sync_fifo.gcx.clkx/rd_pntr_cdc_inst/dest_graysync_ff_reg[0][9]} \
          {U0_ps_ai_peripheral/frame_to_ps_inst0/frame_read_write_m0/read_buf/U0/inst_fifo_gen/gconvfifo.rf/grf.rf/gntv_or_sync_fifo.gcx.clkx/rd_pntr_cdc_inst/dest_graysync_ff_reg[0][10]} \
          {U0_ps_ai_peripheral/frame_to_ps_inst0/frame_read_write_m0/read_buf/U0/inst_fifo_gen/gconvfifo.rf/grf.rf/gntv_or_sync_fifo.gcx.clkx/rd_pntr_cdc_inst/dest_graysync_ff_reg[0][11]} \
          {U0_ps_ai_peripheral/frame_to_ps_inst0/frame_read_write_m0/read_buf/U0/inst_fifo_gen/gconvfifo.rf/grf.rf/gntv_or_sync_fifo.gcx.clkx/rd_pntr_cdc_inst/dest_graysync_ff_reg[0][12]} \
          {U0_ps_ai_peripheral/frame_to_ps_inst0/frame_read_write_m0/read_buf/U0/inst_fifo_gen/gconvfifo.rf/grf.rf/gntv_or_sync_fifo.gcx.clkx/rd_pntr_cdc_inst/dest_graysync_ff_reg[0][13]} \
          {U0_ps_ai_peripheral/frame_to_ps_inst0/frame_read_write_m0/read_buf/U0/inst_fifo_gen/gconvfifo.rf/grf.rf/gntv_or_sync_fifo.gcx.clkx/rd_pntr_cdc_inst/dest_graysync_ff_reg[0][14]} \
          {U0_ps_ai_peripheral/frame_to_ps_inst0/frame_read_write_m0/read_buf/U0/inst_fifo_gen/gconvfifo.rf/grf.rf/gntv_or_sync_fifo.gcx.clkx/rd_pntr_cdc_inst/dest_graysync_ff_reg[0][15]} \
          {U0_ps_ai_peripheral/frame_to_ps_inst0/frame_read_write_m0/read_buf/U0/inst_fifo_gen/gconvfifo.rf/grf.rf/gntv_or_sync_fifo.gcx.clkx/rd_pntr_cdc_inst/dest_graysync_ff_reg[0][16]} \
          {U0_ps_ai_peripheral/frame_to_ps_inst0/frame_read_write_m0/read_buf/U0/inst_fifo_gen/gconvfifo.rf/grf.rf/gntv_or_sync_fifo.gcx.clkx/rd_pntr_cdc_inst/dest_graysync_ff_reg[0][8]} \
          {U0_ps_ai_peripheral/frame_to_ps_inst0/frame_read_write_m0/read_buf/U0/inst_fifo_gen/gconvfifo.rf/grf.rf/gntv_or_sync_fifo.gcx.clkx/rd_pntr_cdc_inst/dest_graysync_ff_reg[0][2]} \
          {U0_ps_ai_peripheral/frame_to_ps_inst0/frame_read_write_m0/read_buf/U0/inst_fifo_gen/gconvfifo.rf/grf.rf/gntv_or_sync_fifo.gcx.clkx/rd_pntr_cdc_inst/dest_graysync_ff_reg[0][3]} \
          {U0_ps_ai_peripheral/frame_to_ps_inst0/frame_read_write_m0/read_buf/U0/inst_fifo_gen/gconvfifo.rf/grf.rf/gntv_or_sync_fifo.gcx.clkx/rd_pntr_cdc_inst/dest_graysync_ff_reg[0][4]} \
          {U0_ps_ai_peripheral/frame_to_ps_inst0/frame_read_write_m0/read_buf/U0/inst_fifo_gen/gconvfifo.rf/grf.rf/gntv_or_sync_fifo.gcx.clkx/rd_pntr_cdc_inst/dest_graysync_ff_reg[0][5]} \
          {U0_ps_ai_peripheral/frame_to_ps_inst0/frame_read_write_m0/read_buf/U0/inst_fifo_gen/gconvfifo.rf/grf.rf/gntv_or_sync_fifo.gcx.clkx/rd_pntr_cdc_inst/dest_graysync_ff_reg[0][6]} \
          {U0_ps_ai_peripheral/frame_to_ps_inst0/frame_read_write_m0/read_buf/U0/inst_fifo_gen/gconvfifo.rf/grf.rf/gntv_or_sync_fifo.gcx.clkx/rd_pntr_cdc_inst/dest_graysync_ff_reg[0][7]}]]
                                                                              Slow              5.000       2.800      2.200
7   78        [get_cells [list {U0_ps_ai_peripheral/frame_to_ps_inst0/cmos_write_req_gen_m0/rindex_buf_2b_16w_u0/U0/inst_fifo_gen/gconvfifo.rf/grf.rf/gntv_or_sync_fifo.gcx.clkx/rd_pntr_cdc_inst/src_gray_ff_reg[0]} {U0_ps_ai_peripheral/frame_to_ps_inst0/cmos_write_req_gen_m0/rindex_buf_2b_16w_u0/U0/inst_fifo_gen/gconvfifo.rf/grf.rf/gntv_or_sync_fifo.gcx.clkx/rd_pntr_cdc_inst/src_gray_ff_reg[1]} {U0_ps_ai_peripheral/frame_to_ps_inst0/cmos_write_req_gen_m0/rindex_buf_2b_16w_u0/U0/inst_fifo_gen/gconvfifo.rf/grf.rf/gntv_or_sync_fifo.gcx.clkx/rd_pntr_cdc_inst/src_gray_ff_reg[2]} {U0_ps_ai_peripheral/frame_to_ps_inst0/cmos_write_req_gen_m0/rindex_buf_2b_16w_u0/U0/inst_fifo_gen/gconvfifo.rf/grf.rf/gntv_or_sync_fifo.gcx.clkx/rd_pntr_cdc_inst/src_gray_ff_reg[3]}]]
                                              [get_cells [list {U0_ps_ai_peripheral/frame_to_ps_inst0/cmos_write_req_gen_m0/rindex_buf_2b_16w_u0/U0/inst_fifo_gen/gconvfifo.rf/grf.rf/gntv_or_sync_fifo.gcx.clkx/rd_pntr_cdc_inst/dest_graysync_ff_reg[0][0]} {U0_ps_ai_peripheral/frame_to_ps_inst0/cmos_write_req_gen_m0/rindex_buf_2b_16w_u0/U0/inst_fifo_gen/gconvfifo.rf/grf.rf/gntv_or_sync_fifo.gcx.clkx/rd_pntr_cdc_inst/dest_graysync_ff_reg[0][1]} {U0_ps_ai_peripheral/frame_to_ps_inst0/cmos_write_req_gen_m0/rindex_buf_2b_16w_u0/U0/inst_fifo_gen/gconvfifo.rf/grf.rf/gntv_or_sync_fifo.gcx.clkx/rd_pntr_cdc_inst/dest_graysync_ff_reg[0][2]} {U0_ps_ai_peripheral/frame_to_ps_inst0/cmos_write_req_gen_m0/rindex_buf_2b_16w_u0/U0/inst_fifo_gen/gconvfifo.rf/grf.rf/gntv_or_sync_fifo.gcx.clkx/rd_pntr_cdc_inst/dest_graysync_ff_reg[0][3]}]]
                                                                              Slow              5.000       2.163      2.837
8   80        [get_cells [list {U0_ps_ai_peripheral/frame_to_ps_inst0/cmos_write_req_gen_m0/rindex_buf_2b_16w_u0/U0/inst_fifo_gen/gconvfifo.rf/grf.rf/gntv_or_sync_fifo.gcx.clkx/wr_pntr_cdc_inst/src_gray_ff_reg[0]} {U0_ps_ai_peripheral/frame_to_ps_inst0/cmos_write_req_gen_m0/rindex_buf_2b_16w_u0/U0/inst_fifo_gen/gconvfifo.rf/grf.rf/gntv_or_sync_fifo.gcx.clkx/wr_pntr_cdc_inst/src_gray_ff_reg[1]} {U0_ps_ai_peripheral/frame_to_ps_inst0/cmos_write_req_gen_m0/rindex_buf_2b_16w_u0/U0/inst_fifo_gen/gconvfifo.rf/grf.rf/gntv_or_sync_fifo.gcx.clkx/wr_pntr_cdc_inst/src_gray_ff_reg[2]} {U0_ps_ai_peripheral/frame_to_ps_inst0/cmos_write_req_gen_m0/rindex_buf_2b_16w_u0/U0/inst_fifo_gen/gconvfifo.rf/grf.rf/gntv_or_sync_fifo.gcx.clkx/wr_pntr_cdc_inst/src_gray_ff_reg[3]}]]
                                              [get_cells [list {U0_ps_ai_peripheral/frame_to_ps_inst0/cmos_write_req_gen_m0/rindex_buf_2b_16w_u0/U0/inst_fifo_gen/gconvfifo.rf/grf.rf/gntv_or_sync_fifo.gcx.clkx/wr_pntr_cdc_inst/dest_graysync_ff_reg[0][0]} {U0_ps_ai_peripheral/frame_to_ps_inst0/cmos_write_req_gen_m0/rindex_buf_2b_16w_u0/U0/inst_fifo_gen/gconvfifo.rf/grf.rf/gntv_or_sync_fifo.gcx.clkx/wr_pntr_cdc_inst/dest_graysync_ff_reg[0][1]} {U0_ps_ai_peripheral/frame_to_ps_inst0/cmos_write_req_gen_m0/rindex_buf_2b_16w_u0/U0/inst_fifo_gen/gconvfifo.rf/grf.rf/gntv_or_sync_fifo.gcx.clkx/wr_pntr_cdc_inst/dest_graysync_ff_reg[0][2]} {U0_ps_ai_peripheral/frame_to_ps_inst0/cmos_write_req_gen_m0/rindex_buf_2b_16w_u0/U0/inst_fifo_gen/gconvfifo.rf/grf.rf/gntv_or_sync_fifo.gcx.clkx/wr_pntr_cdc_inst/dest_graysync_ff_reg[0][3]}]]
                                                                              Slow              5.000       2.094      2.906
9   82        [get_cells [list {U0_ps_ai_peripheral/frame_to_ps_inst0/cmos_write_req_gen_m0/windex_buf_2b_16w_u0/U0/inst_fifo_gen/gconvfifo.rf/grf.rf/gntv_or_sync_fifo.gcx.clkx/rd_pntr_cdc_inst/src_gray_ff_reg[0]} {U0_ps_ai_peripheral/frame_to_ps_inst0/cmos_write_req_gen_m0/windex_buf_2b_16w_u0/U0/inst_fifo_gen/gconvfifo.rf/grf.rf/gntv_or_sync_fifo.gcx.clkx/rd_pntr_cdc_inst/src_gray_ff_reg[1]} {U0_ps_ai_peripheral/frame_to_ps_inst0/cmos_write_req_gen_m0/windex_buf_2b_16w_u0/U0/inst_fifo_gen/gconvfifo.rf/grf.rf/gntv_or_sync_fifo.gcx.clkx/rd_pntr_cdc_inst/src_gray_ff_reg[2]} {U0_ps_ai_peripheral/frame_to_ps_inst0/cmos_write_req_gen_m0/windex_buf_2b_16w_u0/U0/inst_fifo_gen/gconvfifo.rf/grf.rf/gntv_or_sync_fifo.gcx.clkx/rd_pntr_cdc_inst/src_gray_ff_reg[3]}]]
                                              [get_cells [list {U0_ps_ai_peripheral/frame_to_ps_inst0/cmos_write_req_gen_m0/windex_buf_2b_16w_u0/U0/inst_fifo_gen/gconvfifo.rf/grf.rf/gntv_or_sync_fifo.gcx.clkx/rd_pntr_cdc_inst/dest_graysync_ff_reg[0][0]} {U0_ps_ai_peripheral/frame_to_ps_inst0/cmos_write_req_gen_m0/windex_buf_2b_16w_u0/U0/inst_fifo_gen/gconvfifo.rf/grf.rf/gntv_or_sync_fifo.gcx.clkx/rd_pntr_cdc_inst/dest_graysync_ff_reg[0][1]} {U0_ps_ai_peripheral/frame_to_ps_inst0/cmos_write_req_gen_m0/windex_buf_2b_16w_u0/U0/inst_fifo_gen/gconvfifo.rf/grf.rf/gntv_or_sync_fifo.gcx.clkx/rd_pntr_cdc_inst/dest_graysync_ff_reg[0][2]} {U0_ps_ai_peripheral/frame_to_ps_inst0/cmos_write_req_gen_m0/windex_buf_2b_16w_u0/U0/inst_fifo_gen/gconvfifo.rf/grf.rf/gntv_or_sync_fifo.gcx.clkx/rd_pntr_cdc_inst/dest_graysync_ff_reg[0][3]}]]
                                                                              Slow              5.000       2.521      2.479
10  84        [get_cells [list {U0_ps_ai_peripheral/frame_to_ps_inst0/cmos_write_req_gen_m0/windex_buf_2b_16w_u0/U0/inst_fifo_gen/gconvfifo.rf/grf.rf/gntv_or_sync_fifo.gcx.clkx/wr_pntr_cdc_inst/src_gray_ff_reg[0]} {U0_ps_ai_peripheral/frame_to_ps_inst0/cmos_write_req_gen_m0/windex_buf_2b_16w_u0/U0/inst_fifo_gen/gconvfifo.rf/grf.rf/gntv_or_sync_fifo.gcx.clkx/wr_pntr_cdc_inst/src_gray_ff_reg[1]} {U0_ps_ai_peripheral/frame_to_ps_inst0/cmos_write_req_gen_m0/windex_buf_2b_16w_u0/U0/inst_fifo_gen/gconvfifo.rf/grf.rf/gntv_or_sync_fifo.gcx.clkx/wr_pntr_cdc_inst/src_gray_ff_reg[2]} {U0_ps_ai_peripheral/frame_to_ps_inst0/cmos_write_req_gen_m0/windex_buf_2b_16w_u0/U0/inst_fifo_gen/gconvfifo.rf/grf.rf/gntv_or_sync_fifo.gcx.clkx/wr_pntr_cdc_inst/src_gray_ff_reg[3]}]]
                                              [get_cells [list {U0_ps_ai_peripheral/frame_to_ps_inst0/cmos_write_req_gen_m0/windex_buf_2b_16w_u0/U0/inst_fifo_gen/gconvfifo.rf/grf.rf/gntv_or_sync_fifo.gcx.clkx/wr_pntr_cdc_inst/dest_graysync_ff_reg[0][0]} {U0_ps_ai_peripheral/frame_to_ps_inst0/cmos_write_req_gen_m0/windex_buf_2b_16w_u0/U0/inst_fifo_gen/gconvfifo.rf/grf.rf/gntv_or_sync_fifo.gcx.clkx/wr_pntr_cdc_inst/dest_graysync_ff_reg[0][1]} {U0_ps_ai_peripheral/frame_to_ps_inst0/cmos_write_req_gen_m0/windex_buf_2b_16w_u0/U0/inst_fifo_gen/gconvfifo.rf/grf.rf/gntv_or_sync_fifo.gcx.clkx/wr_pntr_cdc_inst/dest_graysync_ff_reg[0][2]} {U0_ps_ai_peripheral/frame_to_ps_inst0/cmos_write_req_gen_m0/windex_buf_2b_16w_u0/U0/inst_fifo_gen/gconvfifo.rf/grf.rf/gntv_or_sync_fifo.gcx.clkx/wr_pntr_cdc_inst/dest_graysync_ff_reg[0][3]}]]
                                                                              Slow              5.000       2.413      2.587


2. Bus Skew Report Per Constraint
---------------------------------

Id: 1
set_bus_skew -from [get_cells [list {U0_ps_ai_peripheral/frame_to_ps_inst0/frame_read_write_m0/write_buf/U0/inst_fifo_gen/gconvfifo.rf/grf.rf/gntv_or_sync_fifo.gcx.clkx/wr_pntr_cdc_inst/src_gray_ff_reg[9]} \
          {U0_ps_ai_peripheral/frame_to_ps_inst0/frame_read_write_m0/write_buf/U0/inst_fifo_gen/gconvfifo.rf/grf.rf/gntv_or_sync_fifo.gcx.clkx/wr_pntr_cdc_inst/src_gray_ff_reg[10]} \
          {U0_ps_ai_peripheral/frame_to_ps_inst0/frame_read_write_m0/write_buf/U0/inst_fifo_gen/gconvfifo.rf/grf.rf/gntv_or_sync_fifo.gcx.clkx/wr_pntr_cdc_inst/src_gray_ff_reg[11]} \
          {U0_ps_ai_peripheral/frame_to_ps_inst0/frame_read_write_m0/write_buf/U0/inst_fifo_gen/gconvfifo.rf/grf.rf/gntv_or_sync_fifo.gcx.clkx/wr_pntr_cdc_inst/src_gray_ff_reg[12]} \
          {U0_ps_ai_peripheral/frame_to_ps_inst0/frame_read_write_m0/write_buf/U0/inst_fifo_gen/gconvfifo.rf/grf.rf/gntv_or_sync_fifo.gcx.clkx/wr_pntr_cdc_inst/src_gray_ff_reg[13]} \
          {U0_ps_ai_peripheral/frame_to_ps_inst0/frame_read_write_m0/write_buf/U0/inst_fifo_gen/gconvfifo.rf/grf.rf/gntv_or_sync_fifo.gcx.clkx/wr_pntr_cdc_inst/src_gray_ff_reg[8]} \
          {U0_ps_ai_peripheral/frame_to_ps_inst0/frame_read_write_m0/write_buf/U0/inst_fifo_gen/gconvfifo.rf/grf.rf/gntv_or_sync_fifo.gcx.clkx/wr_pntr_cdc_inst/src_gray_ff_reg[2]} \
          {U0_ps_ai_peripheral/frame_to_ps_inst0/frame_read_write_m0/write_buf/U0/inst_fifo_gen/gconvfifo.rf/grf.rf/gntv_or_sync_fifo.gcx.clkx/wr_pntr_cdc_inst/src_gray_ff_reg[3]} \
          {U0_ps_ai_peripheral/frame_to_ps_inst0/frame_read_write_m0/write_buf/U0/inst_fifo_gen/gconvfifo.rf/grf.rf/gntv_or_sync_fifo.gcx.clkx/wr_pntr_cdc_inst/src_gray_ff_reg[4]} \
          {U0_ps_ai_peripheral/frame_to_ps_inst0/frame_read_write_m0/write_buf/U0/inst_fifo_gen/gconvfifo.rf/grf.rf/gntv_or_sync_fifo.gcx.clkx/wr_pntr_cdc_inst/src_gray_ff_reg[5]} \
          {U0_ps_ai_peripheral/frame_to_ps_inst0/frame_read_write_m0/write_buf/U0/inst_fifo_gen/gconvfifo.rf/grf.rf/gntv_or_sync_fifo.gcx.clkx/wr_pntr_cdc_inst/src_gray_ff_reg[6]} \
          {U0_ps_ai_peripheral/frame_to_ps_inst0/frame_read_write_m0/write_buf/U0/inst_fifo_gen/gconvfifo.rf/grf.rf/gntv_or_sync_fifo.gcx.clkx/wr_pntr_cdc_inst/src_gray_ff_reg[7]}]] -to [get_cells [list {U0_ps_ai_peripheral/frame_to_ps_inst0/frame_read_write_m0/write_buf/U0/inst_fifo_gen/gconvfifo.rf/grf.rf/gntv_or_sync_fifo.gcx.clkx/wr_pntr_cdc_inst/dest_graysync_ff_reg[0][9]} \
          {U0_ps_ai_peripheral/frame_to_ps_inst0/frame_read_write_m0/write_buf/U0/inst_fifo_gen/gconvfifo.rf/grf.rf/gntv_or_sync_fifo.gcx.clkx/wr_pntr_cdc_inst/dest_graysync_ff_reg[0][10]} \
          {U0_ps_ai_peripheral/frame_to_ps_inst0/frame_read_write_m0/write_buf/U0/inst_fifo_gen/gconvfifo.rf/grf.rf/gntv_or_sync_fifo.gcx.clkx/wr_pntr_cdc_inst/dest_graysync_ff_reg[0][11]} \
          {U0_ps_ai_peripheral/frame_to_ps_inst0/frame_read_write_m0/write_buf/U0/inst_fifo_gen/gconvfifo.rf/grf.rf/gntv_or_sync_fifo.gcx.clkx/wr_pntr_cdc_inst/dest_graysync_ff_reg[0][12]} \
          {U0_ps_ai_peripheral/frame_to_ps_inst0/frame_read_write_m0/write_buf/U0/inst_fifo_gen/gconvfifo.rf/grf.rf/gntv_or_sync_fifo.gcx.clkx/wr_pntr_cdc_inst/dest_graysync_ff_reg[0][13]} \
          {U0_ps_ai_peripheral/frame_to_ps_inst0/frame_read_write_m0/write_buf/U0/inst_fifo_gen/gconvfifo.rf/grf.rf/gntv_or_sync_fifo.gcx.clkx/wr_pntr_cdc_inst/dest_graysync_ff_reg[0][8]} \
          {U0_ps_ai_peripheral/frame_to_ps_inst0/frame_read_write_m0/write_buf/U0/inst_fifo_gen/gconvfifo.rf/grf.rf/gntv_or_sync_fifo.gcx.clkx/wr_pntr_cdc_inst/dest_graysync_ff_reg[0][2]} \
          {U0_ps_ai_peripheral/frame_to_ps_inst0/frame_read_write_m0/write_buf/U0/inst_fifo_gen/gconvfifo.rf/grf.rf/gntv_or_sync_fifo.gcx.clkx/wr_pntr_cdc_inst/dest_graysync_ff_reg[0][3]} \
          {U0_ps_ai_peripheral/frame_to_ps_inst0/frame_read_write_m0/write_buf/U0/inst_fifo_gen/gconvfifo.rf/grf.rf/gntv_or_sync_fifo.gcx.clkx/wr_pntr_cdc_inst/dest_graysync_ff_reg[0][4]} \
          {U0_ps_ai_peripheral/frame_to_ps_inst0/frame_read_write_m0/write_buf/U0/inst_fifo_gen/gconvfifo.rf/grf.rf/gntv_or_sync_fifo.gcx.clkx/wr_pntr_cdc_inst/dest_graysync_ff_reg[0][5]} \
          {U0_ps_ai_peripheral/frame_to_ps_inst0/frame_read_write_m0/write_buf/U0/inst_fifo_gen/gconvfifo.rf/grf.rf/gntv_or_sync_fifo.gcx.clkx/wr_pntr_cdc_inst/dest_graysync_ff_reg[0][6]} \
          {U0_ps_ai_peripheral/frame_to_ps_inst0/frame_read_write_m0/write_buf/U0/inst_fifo_gen/gconvfifo.rf/grf.rf/gntv_or_sync_fifo.gcx.clkx/wr_pntr_cdc_inst/dest_graysync_ff_reg[0][7]}]] 5.000
Requirement: 5.000ns
Endpoints: 12

From Clock            To Clock              Endpoint Pin                    Reference Pin                   Corner  Actual(ns)  Slack(ns)
--------------------  --------------------  ------------------------------  ------------------------------  ------  ----------  ---------
clk_pll_i             clk_pll_i             U0_ps_ai_peripheral/frame_to_ps_inst0/frame_read_write_m0/write_buf/U0/inst_fifo_gen/gconvfifo.rf/grf.rf/gntv_or_sync_fifo.gcx.clkx/wr_pntr_cdc_inst/dest_graysync_ff_reg[0][7]/D
                                                                            U0_ps_ai_peripheral/frame_to_ps_inst0/frame_read_write_m0/write_buf/U0/inst_fifo_gen/gconvfifo.rf/grf.rf/gntv_or_sync_fifo.gcx.clkx/wr_pntr_cdc_inst/dest_graysync_ff_reg[0][12]/D
                                                                                                            Slow         2.411      2.589


Slack (MET) :             2.589ns  (requirement - actual skew)
  Endpoint Source:        U0_ps_ai_peripheral/frame_to_ps_inst0/frame_read_write_m0/write_buf/U0/inst_fifo_gen/gconvfifo.rf/grf.rf/gntv_or_sync_fifo.gcx.clkx/wr_pntr_cdc_inst/src_gray_ff_reg[7]/C
                            (rising edge-triggered cell FDRE clocked by clk_pll_i)
  Endpoint Destination:   U0_ps_ai_peripheral/frame_to_ps_inst0/frame_read_write_m0/write_buf/U0/inst_fifo_gen/gconvfifo.rf/grf.rf/gntv_or_sync_fifo.gcx.clkx/wr_pntr_cdc_inst/dest_graysync_ff_reg[0][7]/D
                            (rising edge-triggered cell FDRE clocked by clk_pll_i)
  Reference Source:       U0_ps_ai_peripheral/frame_to_ps_inst0/frame_read_write_m0/write_buf/U0/inst_fifo_gen/gconvfifo.rf/grf.rf/gntv_or_sync_fifo.gcx.clkx/wr_pntr_cdc_inst/src_gray_ff_reg[12]/C
                            (rising edge-triggered cell FDRE clocked by rx_sdi_inst/SDI0/SDI/GTX_i/gtxe2_i/RXOUTCLK)
  Reference Destination:  U0_ps_ai_peripheral/frame_to_ps_inst0/frame_read_write_m0/write_buf/U0/inst_fifo_gen/gconvfifo.rf/grf.rf/gntv_or_sync_fifo.gcx.clkx/wr_pntr_cdc_inst/dest_graysync_ff_reg[0][12]/D
                            (rising edge-triggered cell FDRE clocked by clk_pll_i)
  Path Type:              Bus Skew (Max at Slow Process Corner)
  Requirement:            5.000ns
  Endpoint Relative Delay:    3.687ns
  Reference Relative Delay:   1.043ns
  Relative CRPR:              0.383ns
  Uncertainty:                0.150ns
  Actual Bus Skew:            2.411ns  (Endpoint Relative Delay - Reference Relative Delay - Relative CRPR + Uncertainty)

Endpoint path:
    Pin Reuse     Location             Delay type                Incr(ns)  Path(ns)    Netlist Resource(s)
  ---------------------------------------------------------------------------------    -------------------
                                       (clock clk_pll_i rise edge)
                                                                    0.000     0.000 r  
                  C8                                                0.000     0.000 r  sys_clk_p (IN)
                                       net (fo=0)                   0.000     0.000    U0_ps_ai_peripheral/mig_ddr3_u0/u_mig_7series_0_mig/u_ddr3_clk_ibuf/sys_clk_p
                  C8                   IBUFDS (Prop_ibufds_I_O)     0.855     0.855 r  U0_ps_ai_peripheral/mig_ddr3_u0/u_mig_7series_0_mig/u_ddr3_clk_ibuf/diff_input_clk.u_ibufg_sys_clk/O
                                       net (fo=3, routed)           1.098     1.953    U0_ps_ai_peripheral/mig_ddr3_u0/u_mig_7series_0_mig/u_ddr3_infrastructure/out
                  PLLE2_ADV_X1Y2       PLLE2_ADV (Prop_plle2_adv_CLKIN1_CLKOUT3)
                                                                    0.077     2.030 r  U0_ps_ai_peripheral/mig_ddr3_u0/u_mig_7series_0_mig/u_ddr3_infrastructure/plle2_i/CLKOUT3
                                       net (fo=1, routed)           1.145     3.175    U0_ps_ai_peripheral/mig_ddr3_u0/u_mig_7series_0_mig/u_ddr3_infrastructure/pll_clk3_out
                  BUFHCE_X1Y24         BUFH (Prop_bufh_I_O)         0.103     3.278 r  U0_ps_ai_peripheral/mig_ddr3_u0/u_mig_7series_0_mig/u_ddr3_infrastructure/u_bufh_pll_clk3/O
                                       net (fo=1, routed)           0.779     4.057    U0_ps_ai_peripheral/mig_ddr3_u0/u_mig_7series_0_mig/u_ddr3_infrastructure/pll_clk3
                  MMCME2_ADV_X1Y2      MMCME2_ADV (Prop_mmcme2_adv_CLKIN1_CLKFBOUT)
                                                                   -2.933     1.124 r  U0_ps_ai_peripheral/mig_ddr3_u0/u_mig_7series_0_mig/u_ddr3_infrastructure/gen_mmcm.mmcm_i/CLKFBOUT
                                       net (fo=1, routed)           1.442     2.566    U0_ps_ai_peripheral/mig_ddr3_u0/u_mig_7series_0_mig/u_ddr3_infrastructure/clk_pll_i
                  BUFGCTRL_X0Y16       BUFG (Prop_bufg_I_O)         0.093     2.659 r  U0_ps_ai_peripheral/mig_ddr3_u0/u_mig_7series_0_mig/u_ddr3_infrastructure/u_bufg_clkdiv0/O
                                       net (fo=103920, routed)      1.702     4.360    rx_sdi_inst/SDI0/SDI/ui_clk
                  SLICE_X108Y38        LUT3 (Prop_lut3_I1_O)        0.043     4.403 r  rx_sdi_inst/SDI0/SDI/cam_clk_inferred_i_1/O
                                       net (fo=1681, routed)        2.514     6.918    U0_ps_ai_peripheral/frame_to_ps_inst0/frame_read_write_m0/write_buf/U0/inst_fifo_gen/gconvfifo.rf/grf.rf/gntv_or_sync_fifo.gcx.clkx/wr_pntr_cdc_inst/src_clk
                  SLICE_X98Y177        FDRE                                         r  U0_ps_ai_peripheral/frame_to_ps_inst0/frame_read_write_m0/write_buf/U0/inst_fifo_gen/gconvfifo.rf/grf.rf/gntv_or_sync_fifo.gcx.clkx/wr_pntr_cdc_inst/src_gray_ff_reg[7]/C
  ---------------------------------------------------------------------------------    -------------------
    Placement     SLICE_X98Y177        FDRE (Prop_fdre_C_Q)         0.204     7.122 r  U0_ps_ai_peripheral/frame_to_ps_inst0/frame_read_write_m0/write_buf/U0/inst_fifo_gen/gconvfifo.rf/grf.rf/gntv_or_sync_fifo.gcx.clkx/wr_pntr_cdc_inst/src_gray_ff_reg[7]/Q
                                       net (fo=1, routed)           0.423     7.544    U0_ps_ai_peripheral/frame_to_ps_inst0/frame_read_write_m0/write_buf/U0/inst_fifo_gen/gconvfifo.rf/grf.rf/gntv_or_sync_fifo.gcx.clkx/wr_pntr_cdc_inst/async_path[7]
    Placement     SLICE_X104Y178       FDRE                                         r  U0_ps_ai_peripheral/frame_to_ps_inst0/frame_read_write_m0/write_buf/U0/inst_fifo_gen/gconvfifo.rf/grf.rf/gntv_or_sync_fifo.gcx.clkx/wr_pntr_cdc_inst/dest_graysync_ff_reg[0][7]/D
  ---------------------------------------------------------------------------------    -------------------

                                       (clock clk_pll_i rise edge)
                                                                    0.000     0.000 r  
                  C8                                                0.000     0.000 r  sys_clk_p (IN)
                                       net (fo=0)                   0.000     0.000    U0_ps_ai_peripheral/mig_ddr3_u0/u_mig_7series_0_mig/u_ddr3_clk_ibuf/sys_clk_p
                  C8                   IBUFDS (Prop_ibufds_I_O)     0.758     0.758 r  U0_ps_ai_peripheral/mig_ddr3_u0/u_mig_7series_0_mig/u_ddr3_clk_ibuf/diff_input_clk.u_ibufg_sys_clk/O
                                       net (fo=3, routed)           1.001     1.759    U0_ps_ai_peripheral/mig_ddr3_u0/u_mig_7series_0_mig/u_ddr3_infrastructure/out
                  PLLE2_ADV_X1Y2       PLLE2_ADV (Prop_plle2_adv_CLKIN1_CLKOUT3)
                                                                    0.073     1.832 r  U0_ps_ai_peripheral/mig_ddr3_u0/u_mig_7series_0_mig/u_ddr3_infrastructure/plle2_i/CLKOUT3
                                       net (fo=1, routed)           1.033     2.865    U0_ps_ai_peripheral/mig_ddr3_u0/u_mig_7series_0_mig/u_ddr3_infrastructure/pll_clk3_out
                  BUFHCE_X1Y24         BUFH (Prop_bufh_I_O)         0.066     2.931 r  U0_ps_ai_peripheral/mig_ddr3_u0/u_mig_7series_0_mig/u_ddr3_infrastructure/u_bufh_pll_clk3/O
                                       net (fo=1, routed)           0.710     3.641    U0_ps_ai_peripheral/mig_ddr3_u0/u_mig_7series_0_mig/u_ddr3_infrastructure/pll_clk3
                  MMCME2_ADV_X1Y2      MMCME2_ADV (Prop_mmcme2_adv_CLKIN1_CLKFBOUT)
                                                                   -2.652     0.989 r  U0_ps_ai_peripheral/mig_ddr3_u0/u_mig_7series_0_mig/u_ddr3_infrastructure/gen_mmcm.mmcm_i/CLKFBOUT
                                       net (fo=1, routed)           1.333     2.322    U0_ps_ai_peripheral/mig_ddr3_u0/u_mig_7series_0_mig/u_ddr3_infrastructure/clk_pll_i
                  BUFGCTRL_X0Y16       BUFG (Prop_bufg_I_O)         0.083     2.405 r  U0_ps_ai_peripheral/mig_ddr3_u0/u_mig_7series_0_mig/u_ddr3_infrastructure/u_bufg_clkdiv0/O
                                       net (fo=103920, routed)      1.257     3.662    U0_ps_ai_peripheral/frame_to_ps_inst0/frame_read_write_m0/write_buf/U0/inst_fifo_gen/gconvfifo.rf/grf.rf/gntv_or_sync_fifo.gcx.clkx/wr_pntr_cdc_inst/dest_clk
                  SLICE_X104Y178       FDRE                                         r  U0_ps_ai_peripheral/frame_to_ps_inst0/frame_read_write_m0/write_buf/U0/inst_fifo_gen/gconvfifo.rf/grf.rf/gntv_or_sync_fifo.gcx.clkx/wr_pntr_cdc_inst/dest_graysync_ff_reg[0][7]/C
                                       clock pessimism              0.253     3.916    
                  SLICE_X104Y178       FDRE (Setup_fdre_C_D)       -0.059     3.857    U0_ps_ai_peripheral/frame_to_ps_inst0/frame_read_write_m0/write_buf/U0/inst_fifo_gen/gconvfifo.rf/grf.rf/gntv_or_sync_fifo.gcx.clkx/wr_pntr_cdc_inst/dest_graysync_ff_reg[0][7]
  ---------------------------------------------------------------------------------
                                       data arrival                           7.544    
                                       clock arrival                          3.857    
  ---------------------------------------------------------------------------------
                                       relative delay                         3.687    

Reference path:
    Pin Reuse     Location             Delay type                Incr(ns)  Path(ns)    Netlist Resource(s)
  ---------------------------------------------------------------------------------    -------------------
                                       (clock rx_sdi_inst/SDI0/SDI/GTX_i/gtxe2_i/RXOUTCLK rise edge)
                                                                    0.000     0.000 r  
                  GTXE2_CHANNEL_X0Y0   GTXE2_CHANNEL                0.000     0.000 r  rx_sdi_inst/SDI0/SDI/GTX_i/gtxe2_i/RXOUTCLK
                                       net (fo=1, routed)           1.154     1.154    rx_sdi_inst/SDI0/SDI/rx_outclk
                  BUFGCTRL_X0Y1        BUFG (Prop_bufg_I_O)         0.083     1.237 r  rx_sdi_inst/SDI0/SDI/BUFGRX/O
                                       net (fo=645, routed)         1.630     2.867    rx_sdi_inst/SDI0/SDI/cpllpd_wait_reg[95]__0_0
                  SLICE_X108Y38        LUT3 (Prop_lut3_I2_O)        0.036     2.903 r  rx_sdi_inst/SDI0/SDI/cam_clk_inferred_i_1/O
                                       net (fo=1681, routed)        1.942     4.845    U0_ps_ai_peripheral/frame_to_ps_inst0/frame_read_write_m0/write_buf/U0/inst_fifo_gen/gconvfifo.rf/grf.rf/gntv_or_sync_fifo.gcx.clkx/wr_pntr_cdc_inst/src_clk
                  SLICE_X103Y184       FDRE                                         r  U0_ps_ai_peripheral/frame_to_ps_inst0/frame_read_write_m0/write_buf/U0/inst_fifo_gen/gconvfifo.rf/grf.rf/gntv_or_sync_fifo.gcx.clkx/wr_pntr_cdc_inst/src_gray_ff_reg[12]/C
  ---------------------------------------------------------------------------------    -------------------
    Placement     SLICE_X103Y184       FDRE (Prop_fdre_C_Q)         0.178     5.023 r  U0_ps_ai_peripheral/frame_to_ps_inst0/frame_read_write_m0/write_buf/U0/inst_fifo_gen/gconvfifo.rf/grf.rf/gntv_or_sync_fifo.gcx.clkx/wr_pntr_cdc_inst/src_gray_ff_reg[12]/Q
                                       net (fo=1, routed)           0.231     5.254    U0_ps_ai_peripheral/frame_to_ps_inst0/frame_read_write_m0/write_buf/U0/inst_fifo_gen/gconvfifo.rf/grf.rf/gntv_or_sync_fifo.gcx.clkx/wr_pntr_cdc_inst/async_path[12]
    Placement     SLICE_X103Y186       FDRE                                         r  U0_ps_ai_peripheral/frame_to_ps_inst0/frame_read_write_m0/write_buf/U0/inst_fifo_gen/gconvfifo.rf/grf.rf/gntv_or_sync_fifo.gcx.clkx/wr_pntr_cdc_inst/dest_graysync_ff_reg[0][12]/D
  ---------------------------------------------------------------------------------    -------------------

                                       (clock clk_pll_i rise edge)
                                                                    0.000     0.000 r  
                  C8                                                0.000     0.000 r  sys_clk_p (IN)
                                       net (fo=0)                   0.000     0.000    U0_ps_ai_peripheral/mig_ddr3_u0/u_mig_7series_0_mig/u_ddr3_clk_ibuf/sys_clk_p
                  C8                   IBUFDS (Prop_ibufds_I_O)     0.855     0.855 r  U0_ps_ai_peripheral/mig_ddr3_u0/u_mig_7series_0_mig/u_ddr3_clk_ibuf/diff_input_clk.u_ibufg_sys_clk/O
                                       net (fo=3, routed)           1.098     1.953    U0_ps_ai_peripheral/mig_ddr3_u0/u_mig_7series_0_mig/u_ddr3_infrastructure/out
                  PLLE2_ADV_X1Y2       PLLE2_ADV (Prop_plle2_adv_CLKIN1_CLKOUT3)
                                                                    0.077     2.030 r  U0_ps_ai_peripheral/mig_ddr3_u0/u_mig_7series_0_mig/u_ddr3_infrastructure/plle2_i/CLKOUT3
                                       net (fo=1, routed)           1.145     3.175    U0_ps_ai_peripheral/mig_ddr3_u0/u_mig_7series_0_mig/u_ddr3_infrastructure/pll_clk3_out
                  BUFHCE_X1Y24         BUFH (Prop_bufh_I_O)         0.103     3.278 r  U0_ps_ai_peripheral/mig_ddr3_u0/u_mig_7series_0_mig/u_ddr3_infrastructure/u_bufh_pll_clk3/O
                                       net (fo=1, routed)           0.779     4.057    U0_ps_ai_peripheral/mig_ddr3_u0/u_mig_7series_0_mig/u_ddr3_infrastructure/pll_clk3
                  MMCME2_ADV_X1Y2      MMCME2_ADV (Prop_mmcme2_adv_CLKIN1_CLKFBOUT)
                                                                   -2.933     1.124 r  U0_ps_ai_peripheral/mig_ddr3_u0/u_mig_7series_0_mig/u_ddr3_infrastructure/gen_mmcm.mmcm_i/CLKFBOUT
                                       net (fo=1, routed)           1.442     2.566    U0_ps_ai_peripheral/mig_ddr3_u0/u_mig_7series_0_mig/u_ddr3_infrastructure/clk_pll_i
                  BUFGCTRL_X0Y16       BUFG (Prop_bufg_I_O)         0.093     2.659 r  U0_ps_ai_peripheral/mig_ddr3_u0/u_mig_7series_0_mig/u_ddr3_infrastructure/u_bufg_clkdiv0/O
                                       net (fo=103920, routed)      1.434     4.093    U0_ps_ai_peripheral/frame_to_ps_inst0/frame_read_write_m0/write_buf/U0/inst_fifo_gen/gconvfifo.rf/grf.rf/gntv_or_sync_fifo.gcx.clkx/wr_pntr_cdc_inst/dest_clk
                  SLICE_X103Y186       FDRE                                         r  U0_ps_ai_peripheral/frame_to_ps_inst0/frame_read_write_m0/write_buf/U0/inst_fifo_gen/gconvfifo.rf/grf.rf/gntv_or_sync_fifo.gcx.clkx/wr_pntr_cdc_inst/dest_graysync_ff_reg[0][12]/C
                                       clock pessimism              0.000     4.093    
                  SLICE_X103Y186       FDRE (Hold_fdre_C_D)         0.118     4.211    U0_ps_ai_peripheral/frame_to_ps_inst0/frame_read_write_m0/write_buf/U0/inst_fifo_gen/gconvfifo.rf/grf.rf/gntv_or_sync_fifo.gcx.clkx/wr_pntr_cdc_inst/dest_graysync_ff_reg[0][12]
  ---------------------------------------------------------------------------------
                                       data arrival                           5.254    
                                       clock arrival                          4.211    
  ---------------------------------------------------------------------------------
                                       relative delay                         1.043    



Id: 2
set_bus_skew -from [get_cells [list {U0_ps_ai_peripheral/frame_to_ps_inst0/frame_read_write_m0/write_buf/U0/inst_fifo_gen/gconvfifo.rf/grf.rf/gntv_or_sync_fifo.gcx.clkx/rd_pntr_cdc_inst/src_gray_ff_reg[0]} \
          {U0_ps_ai_peripheral/frame_to_ps_inst0/frame_read_write_m0/write_buf/U0/inst_fifo_gen/gconvfifo.rf/grf.rf/gntv_or_sync_fifo.gcx.clkx/rd_pntr_cdc_inst/src_gray_ff_reg[10]} \
          {U0_ps_ai_peripheral/frame_to_ps_inst0/frame_read_write_m0/write_buf/U0/inst_fifo_gen/gconvfifo.rf/grf.rf/gntv_or_sync_fifo.gcx.clkx/rd_pntr_cdc_inst/src_gray_ff_reg[11]} \
          {U0_ps_ai_peripheral/frame_to_ps_inst0/frame_read_write_m0/write_buf/U0/inst_fifo_gen/gconvfifo.rf/grf.rf/gntv_or_sync_fifo.gcx.clkx/rd_pntr_cdc_inst/src_gray_ff_reg[1]} \
          {U0_ps_ai_peripheral/frame_to_ps_inst0/frame_read_write_m0/write_buf/U0/inst_fifo_gen/gconvfifo.rf/grf.rf/gntv_or_sync_fifo.gcx.clkx/rd_pntr_cdc_inst/src_gray_ff_reg[2]} \
          {U0_ps_ai_peripheral/frame_to_ps_inst0/frame_read_write_m0/write_buf/U0/inst_fifo_gen/gconvfifo.rf/grf.rf/gntv_or_sync_fifo.gcx.clkx/rd_pntr_cdc_inst/src_gray_ff_reg[3]} \
          {U0_ps_ai_peripheral/frame_to_ps_inst0/frame_read_write_m0/write_buf/U0/inst_fifo_gen/gconvfifo.rf/grf.rf/gntv_or_sync_fifo.gcx.clkx/rd_pntr_cdc_inst/src_gray_ff_reg[4]} \
          {U0_ps_ai_peripheral/frame_to_ps_inst0/frame_read_write_m0/write_buf/U0/inst_fifo_gen/gconvfifo.rf/grf.rf/gntv_or_sync_fifo.gcx.clkx/rd_pntr_cdc_inst/src_gray_ff_reg[5]} \
          {U0_ps_ai_peripheral/frame_to_ps_inst0/frame_read_write_m0/write_buf/U0/inst_fifo_gen/gconvfifo.rf/grf.rf/gntv_or_sync_fifo.gcx.clkx/rd_pntr_cdc_inst/src_gray_ff_reg[6]} \
          {U0_ps_ai_peripheral/frame_to_ps_inst0/frame_read_write_m0/write_buf/U0/inst_fifo_gen/gconvfifo.rf/grf.rf/gntv_or_sync_fifo.gcx.clkx/rd_pntr_cdc_inst/src_gray_ff_reg[7]} \
          {U0_ps_ai_peripheral/frame_to_ps_inst0/frame_read_write_m0/write_buf/U0/inst_fifo_gen/gconvfifo.rf/grf.rf/gntv_or_sync_fifo.gcx.clkx/rd_pntr_cdc_inst/src_gray_ff_reg[8]} \
          {U0_ps_ai_peripheral/frame_to_ps_inst0/frame_read_write_m0/write_buf/U0/inst_fifo_gen/gconvfifo.rf/grf.rf/gntv_or_sync_fifo.gcx.clkx/rd_pntr_cdc_inst/src_gray_ff_reg[9]}]] -to [get_cells [list {U0_ps_ai_peripheral/frame_to_ps_inst0/frame_read_write_m0/write_buf/U0/inst_fifo_gen/gconvfifo.rf/grf.rf/gntv_or_sync_fifo.gcx.clkx/rd_pntr_cdc_inst/dest_graysync_ff_reg[0][0]} \
          {U0_ps_ai_peripheral/frame_to_ps_inst0/frame_read_write_m0/write_buf/U0/inst_fifo_gen/gconvfifo.rf/grf.rf/gntv_or_sync_fifo.gcx.clkx/rd_pntr_cdc_inst/dest_graysync_ff_reg[0][10]} \
          {U0_ps_ai_peripheral/frame_to_ps_inst0/frame_read_write_m0/write_buf/U0/inst_fifo_gen/gconvfifo.rf/grf.rf/gntv_or_sync_fifo.gcx.clkx/rd_pntr_cdc_inst/dest_graysync_ff_reg[0][11]} \
          {U0_ps_ai_peripheral/frame_to_ps_inst0/frame_read_write_m0/write_buf/U0/inst_fifo_gen/gconvfifo.rf/grf.rf/gntv_or_sync_fifo.gcx.clkx/rd_pntr_cdc_inst/dest_graysync_ff_reg[0][1]} \
          {U0_ps_ai_peripheral/frame_to_ps_inst0/frame_read_write_m0/write_buf/U0/inst_fifo_gen/gconvfifo.rf/grf.rf/gntv_or_sync_fifo.gcx.clkx/rd_pntr_cdc_inst/dest_graysync_ff_reg[0][2]} \
          {U0_ps_ai_peripheral/frame_to_ps_inst0/frame_read_write_m0/write_buf/U0/inst_fifo_gen/gconvfifo.rf/grf.rf/gntv_or_sync_fifo.gcx.clkx/rd_pntr_cdc_inst/dest_graysync_ff_reg[0][3]} \
          {U0_ps_ai_peripheral/frame_to_ps_inst0/frame_read_write_m0/write_buf/U0/inst_fifo_gen/gconvfifo.rf/grf.rf/gntv_or_sync_fifo.gcx.clkx/rd_pntr_cdc_inst/dest_graysync_ff_reg[0][4]} \
          {U0_ps_ai_peripheral/frame_to_ps_inst0/frame_read_write_m0/write_buf/U0/inst_fifo_gen/gconvfifo.rf/grf.rf/gntv_or_sync_fifo.gcx.clkx/rd_pntr_cdc_inst/dest_graysync_ff_reg[0][5]} \
          {U0_ps_ai_peripheral/frame_to_ps_inst0/frame_read_write_m0/write_buf/U0/inst_fifo_gen/gconvfifo.rf/grf.rf/gntv_or_sync_fifo.gcx.clkx/rd_pntr_cdc_inst/dest_graysync_ff_reg[0][6]} \
          {U0_ps_ai_peripheral/frame_to_ps_inst0/frame_read_write_m0/write_buf/U0/inst_fifo_gen/gconvfifo.rf/grf.rf/gntv_or_sync_fifo.gcx.clkx/rd_pntr_cdc_inst/dest_graysync_ff_reg[0][7]} \
          {U0_ps_ai_peripheral/frame_to_ps_inst0/frame_read_write_m0/write_buf/U0/inst_fifo_gen/gconvfifo.rf/grf.rf/gntv_or_sync_fifo.gcx.clkx/rd_pntr_cdc_inst/dest_graysync_ff_reg[0][8]} \
          {U0_ps_ai_peripheral/frame_to_ps_inst0/frame_read_write_m0/write_buf/U0/inst_fifo_gen/gconvfifo.rf/grf.rf/gntv_or_sync_fifo.gcx.clkx/rd_pntr_cdc_inst/dest_graysync_ff_reg[0][9]}]] 5.000
Requirement: 5.000ns
Endpoints: 12

From Clock            To Clock              Endpoint Pin                    Reference Pin                   Corner  Actual(ns)  Slack(ns)
--------------------  --------------------  ------------------------------  ------------------------------  ------  ----------  ---------
clk_pll_i             rx_sdi_inst/SDI0/SDI/GTX_i/gtxe2_i/RXOUTCLK
                                            U0_ps_ai_peripheral/frame_to_ps_inst0/frame_read_write_m0/write_buf/U0/inst_fifo_gen/gconvfifo.rf/grf.rf/gntv_or_sync_fifo.gcx.clkx/rd_pntr_cdc_inst/dest_graysync_ff_reg[0][5]/D
                                                                            U0_ps_ai_peripheral/frame_to_ps_inst0/frame_read_write_m0/write_buf/U0/inst_fifo_gen/gconvfifo.rf/grf.rf/gntv_or_sync_fifo.gcx.clkx/rd_pntr_cdc_inst/dest_graysync_ff_reg[0][3]/D
                                                                                                            Slow         2.421      2.579


Slack (MET) :             2.579ns  (requirement - actual skew)
  Endpoint Source:        U0_ps_ai_peripheral/frame_to_ps_inst0/frame_read_write_m0/write_buf/U0/inst_fifo_gen/gconvfifo.rf/grf.rf/gntv_or_sync_fifo.gcx.clkx/rd_pntr_cdc_inst/src_gray_ff_reg[5]/C
                            (rising edge-triggered cell FDRE clocked by clk_pll_i)
  Endpoint Destination:   U0_ps_ai_peripheral/frame_to_ps_inst0/frame_read_write_m0/write_buf/U0/inst_fifo_gen/gconvfifo.rf/grf.rf/gntv_or_sync_fifo.gcx.clkx/rd_pntr_cdc_inst/dest_graysync_ff_reg[0][5]/D
                            (rising edge-triggered cell FDRE clocked by rx_sdi_inst/SDI0/SDI/GTX_i/gtxe2_i/RXOUTCLK)
  Reference Source:       U0_ps_ai_peripheral/frame_to_ps_inst0/frame_read_write_m0/write_buf/U0/inst_fifo_gen/gconvfifo.rf/grf.rf/gntv_or_sync_fifo.gcx.clkx/rd_pntr_cdc_inst/src_gray_ff_reg[3]/C
                            (rising edge-triggered cell FDRE clocked by clk_pll_i)
  Reference Destination:  U0_ps_ai_peripheral/frame_to_ps_inst0/frame_read_write_m0/write_buf/U0/inst_fifo_gen/gconvfifo.rf/grf.rf/gntv_or_sync_fifo.gcx.clkx/rd_pntr_cdc_inst/dest_graysync_ff_reg[0][3]/D
                            (rising edge-triggered cell FDRE clocked by clk_pll_i)
  Path Type:              Bus Skew (Max at Slow Process Corner)
  Requirement:            5.000ns
  Endpoint Relative Delay:   -0.151ns
  Reference Relative Delay:  -2.829ns
  Relative CRPR:              0.406ns
  Uncertainty:                0.150ns
  Actual Bus Skew:            2.421ns  (Endpoint Relative Delay - Reference Relative Delay - Relative CRPR + Uncertainty)

Endpoint path:
    Pin Reuse     Location             Delay type                Incr(ns)  Path(ns)    Netlist Resource(s)
  ---------------------------------------------------------------------------------    -------------------
                                       (clock clk_pll_i rise edge)
                                                                    0.000     0.000 r  
                  C8                                                0.000     0.000 r  sys_clk_p (IN)
                                       net (fo=0)                   0.000     0.000    U0_ps_ai_peripheral/mig_ddr3_u0/u_mig_7series_0_mig/u_ddr3_clk_ibuf/sys_clk_p
                  C8                   IBUFDS (Prop_ibufds_I_O)     0.855     0.855 r  U0_ps_ai_peripheral/mig_ddr3_u0/u_mig_7series_0_mig/u_ddr3_clk_ibuf/diff_input_clk.u_ibufg_sys_clk/O
                                       net (fo=3, routed)           1.098     1.953    U0_ps_ai_peripheral/mig_ddr3_u0/u_mig_7series_0_mig/u_ddr3_infrastructure/out
                  PLLE2_ADV_X1Y2       PLLE2_ADV (Prop_plle2_adv_CLKIN1_CLKOUT3)
                                                                    0.077     2.030 r  U0_ps_ai_peripheral/mig_ddr3_u0/u_mig_7series_0_mig/u_ddr3_infrastructure/plle2_i/CLKOUT3
                                       net (fo=1, routed)           1.145     3.175    U0_ps_ai_peripheral/mig_ddr3_u0/u_mig_7series_0_mig/u_ddr3_infrastructure/pll_clk3_out
                  BUFHCE_X1Y24         BUFH (Prop_bufh_I_O)         0.103     3.278 r  U0_ps_ai_peripheral/mig_ddr3_u0/u_mig_7series_0_mig/u_ddr3_infrastructure/u_bufh_pll_clk3/O
                                       net (fo=1, routed)           0.779     4.057    U0_ps_ai_peripheral/mig_ddr3_u0/u_mig_7series_0_mig/u_ddr3_infrastructure/pll_clk3
                  MMCME2_ADV_X1Y2      MMCME2_ADV (Prop_mmcme2_adv_CLKIN1_CLKFBOUT)
                                                                   -2.933     1.124 r  U0_ps_ai_peripheral/mig_ddr3_u0/u_mig_7series_0_mig/u_ddr3_infrastructure/gen_mmcm.mmcm_i/CLKFBOUT
                                       net (fo=1, routed)           1.442     2.566    U0_ps_ai_peripheral/mig_ddr3_u0/u_mig_7series_0_mig/u_ddr3_infrastructure/clk_pll_i
                  BUFGCTRL_X0Y16       BUFG (Prop_bufg_I_O)         0.093     2.659 r  U0_ps_ai_peripheral/mig_ddr3_u0/u_mig_7series_0_mig/u_ddr3_infrastructure/u_bufg_clkdiv0/O
                                       net (fo=103920, routed)      1.433     4.092    U0_ps_ai_peripheral/frame_to_ps_inst0/frame_read_write_m0/write_buf/U0/inst_fifo_gen/gconvfifo.rf/grf.rf/gntv_or_sync_fifo.gcx.clkx/rd_pntr_cdc_inst/src_clk
                  SLICE_X111Y184       FDRE                                         r  U0_ps_ai_peripheral/frame_to_ps_inst0/frame_read_write_m0/write_buf/U0/inst_fifo_gen/gconvfifo.rf/grf.rf/gntv_or_sync_fifo.gcx.clkx/rd_pntr_cdc_inst/src_gray_ff_reg[5]/C
  ---------------------------------------------------------------------------------    -------------------
    Placement     SLICE_X111Y184       FDRE (Prop_fdre_C_Q)         0.204     4.296 r  U0_ps_ai_peripheral/frame_to_ps_inst0/frame_read_write_m0/write_buf/U0/inst_fifo_gen/gconvfifo.rf/grf.rf/gntv_or_sync_fifo.gcx.clkx/rd_pntr_cdc_inst/src_gray_ff_reg[5]/Q
                                       net (fo=1, routed)           0.353     4.649    U0_ps_ai_peripheral/frame_to_ps_inst0/frame_read_write_m0/write_buf/U0/inst_fifo_gen/gconvfifo.rf/grf.rf/gntv_or_sync_fifo.gcx.clkx/rd_pntr_cdc_inst/async_path[5]
    Placement     SLICE_X110Y184       FDRE                                         r  U0_ps_ai_peripheral/frame_to_ps_inst0/frame_read_write_m0/write_buf/U0/inst_fifo_gen/gconvfifo.rf/grf.rf/gntv_or_sync_fifo.gcx.clkx/rd_pntr_cdc_inst/dest_graysync_ff_reg[0][5]/D
  ---------------------------------------------------------------------------------    -------------------

                                       (clock rx_sdi_inst/SDI0/SDI/GTX_i/gtxe2_i/RXOUTCLK rise edge)
                                                                    0.000     0.000 r  
                  GTXE2_CHANNEL_X0Y0   GTXE2_CHANNEL                0.000     0.000 r  rx_sdi_inst/SDI0/SDI/GTX_i/gtxe2_i/RXOUTCLK
                                       net (fo=1, routed)           1.154     1.154    rx_sdi_inst/SDI0/SDI/rx_outclk
                  BUFGCTRL_X0Y1        BUFG (Prop_bufg_I_O)         0.083     1.237 r  rx_sdi_inst/SDI0/SDI/BUFGRX/O
                                       net (fo=645, routed)         1.630     2.867    rx_sdi_inst/SDI0/SDI/cpllpd_wait_reg[95]__0_0
                  SLICE_X108Y38        LUT3 (Prop_lut3_I2_O)        0.036     2.903 r  rx_sdi_inst/SDI0/SDI/cam_clk_inferred_i_1/O
                                       net (fo=1681, routed)        1.991     4.893    U0_ps_ai_peripheral/frame_to_ps_inst0/frame_read_write_m0/write_buf/U0/inst_fifo_gen/gconvfifo.rf/grf.rf/gntv_or_sync_fifo.gcx.clkx/rd_pntr_cdc_inst/dest_clk
                  SLICE_X110Y184       FDRE                                         r  U0_ps_ai_peripheral/frame_to_ps_inst0/frame_read_write_m0/write_buf/U0/inst_fifo_gen/gconvfifo.rf/grf.rf/gntv_or_sync_fifo.gcx.clkx/rd_pntr_cdc_inst/dest_graysync_ff_reg[0][5]/C
                                       clock pessimism              0.000     4.893    
                  SLICE_X110Y184       FDRE (Setup_fdre_C_D)       -0.093     4.800    U0_ps_ai_peripheral/frame_to_ps_inst0/frame_read_write_m0/write_buf/U0/inst_fifo_gen/gconvfifo.rf/grf.rf/gntv_or_sync_fifo.gcx.clkx/rd_pntr_cdc_inst/dest_graysync_ff_reg[0][5]
  ---------------------------------------------------------------------------------
                                       data arrival                           4.649    
                                       clock arrival                          4.800    
  ---------------------------------------------------------------------------------
                                       relative delay                        -0.151    

Reference path:
    Pin Reuse     Location             Delay type                Incr(ns)  Path(ns)    Netlist Resource(s)
  ---------------------------------------------------------------------------------    -------------------
                                       (clock clk_pll_i rise edge)
                                                                    0.000     0.000 r  
                  C8                                                0.000     0.000 r  sys_clk_p (IN)
                                       net (fo=0)                   0.000     0.000    U0_ps_ai_peripheral/mig_ddr3_u0/u_mig_7series_0_mig/u_ddr3_clk_ibuf/sys_clk_p
                  C8                   IBUFDS (Prop_ibufds_I_O)     0.758     0.758 r  U0_ps_ai_peripheral/mig_ddr3_u0/u_mig_7series_0_mig/u_ddr3_clk_ibuf/diff_input_clk.u_ibufg_sys_clk/O
                                       net (fo=3, routed)           1.001     1.759    U0_ps_ai_peripheral/mig_ddr3_u0/u_mig_7series_0_mig/u_ddr3_infrastructure/out
                  PLLE2_ADV_X1Y2       PLLE2_ADV (Prop_plle2_adv_CLKIN1_CLKOUT3)
                                                                    0.073     1.832 r  U0_ps_ai_peripheral/mig_ddr3_u0/u_mig_7series_0_mig/u_ddr3_infrastructure/plle2_i/CLKOUT3
                                       net (fo=1, routed)           1.033     2.865    U0_ps_ai_peripheral/mig_ddr3_u0/u_mig_7series_0_mig/u_ddr3_infrastructure/pll_clk3_out
                  BUFHCE_X1Y24         BUFH (Prop_bufh_I_O)         0.066     2.931 r  U0_ps_ai_peripheral/mig_ddr3_u0/u_mig_7series_0_mig/u_ddr3_infrastructure/u_bufh_pll_clk3/O
                                       net (fo=1, routed)           0.710     3.641    U0_ps_ai_peripheral/mig_ddr3_u0/u_mig_7series_0_mig/u_ddr3_infrastructure/pll_clk3
                  MMCME2_ADV_X1Y2      MMCME2_ADV (Prop_mmcme2_adv_CLKIN1_CLKFBOUT)
                                                                   -2.652     0.989 r  U0_ps_ai_peripheral/mig_ddr3_u0/u_mig_7series_0_mig/u_ddr3_infrastructure/gen_mmcm.mmcm_i/CLKFBOUT
                                       net (fo=1, routed)           1.333     2.322    U0_ps_ai_peripheral/mig_ddr3_u0/u_mig_7series_0_mig/u_ddr3_infrastructure/clk_pll_i
                  BUFGCTRL_X0Y16       BUFG (Prop_bufg_I_O)         0.083     2.405 r  U0_ps_ai_peripheral/mig_ddr3_u0/u_mig_7series_0_mig/u_ddr3_infrastructure/u_bufg_clkdiv0/O
                                       net (fo=103920, routed)      1.266     3.671    U0_ps_ai_peripheral/frame_to_ps_inst0/frame_read_write_m0/write_buf/U0/inst_fifo_gen/gconvfifo.rf/grf.rf/gntv_or_sync_fifo.gcx.clkx/rd_pntr_cdc_inst/src_clk
                  SLICE_X110Y186       FDRE                                         r  U0_ps_ai_peripheral/frame_to_ps_inst0/frame_read_write_m0/write_buf/U0/inst_fifo_gen/gconvfifo.rf/grf.rf/gntv_or_sync_fifo.gcx.clkx/rd_pntr_cdc_inst/src_gray_ff_reg[3]/C
  ---------------------------------------------------------------------------------    -------------------
    Placement     SLICE_X110Y186       FDRE (Prop_fdre_C_Q)         0.162     3.833 r  U0_ps_ai_peripheral/frame_to_ps_inst0/frame_read_write_m0/write_buf/U0/inst_fifo_gen/gconvfifo.rf/grf.rf/gntv_or_sync_fifo.gcx.clkx/rd_pntr_cdc_inst/src_gray_ff_reg[3]/Q
                                       net (fo=1, routed)           0.157     3.990    U0_ps_ai_peripheral/frame_to_ps_inst0/frame_read_write_m0/write_buf/U0/inst_fifo_gen/gconvfifo.rf/grf.rf/gntv_or_sync_fifo.gcx.clkx/rd_pntr_cdc_inst/async_path[3]
    Placement     SLICE_X110Y187       FDRE                                         r  U0_ps_ai_peripheral/frame_to_ps_inst0/frame_read_write_m0/write_buf/U0/inst_fifo_gen/gconvfifo.rf/grf.rf/gntv_or_sync_fifo.gcx.clkx/rd_pntr_cdc_inst/dest_graysync_ff_reg[0][3]/D
  ---------------------------------------------------------------------------------    -------------------

                                       (clock clk_pll_i rise edge)
                                                                    0.000     0.000 r  
                  C8                                                0.000     0.000 r  sys_clk_p (IN)
                                       net (fo=0)                   0.000     0.000    U0_ps_ai_peripheral/mig_ddr3_u0/u_mig_7series_0_mig/u_ddr3_clk_ibuf/sys_clk_p
                  C8                   IBUFDS (Prop_ibufds_I_O)     0.855     0.855 r  U0_ps_ai_peripheral/mig_ddr3_u0/u_mig_7series_0_mig/u_ddr3_clk_ibuf/diff_input_clk.u_ibufg_sys_clk/O
                                       net (fo=3, routed)           1.098     1.953    U0_ps_ai_peripheral/mig_ddr3_u0/u_mig_7series_0_mig/u_ddr3_infrastructure/out
                  PLLE2_ADV_X1Y2       PLLE2_ADV (Prop_plle2_adv_CLKIN1_CLKOUT3)
                                                                    0.077     2.030 r  U0_ps_ai_peripheral/mig_ddr3_u0/u_mig_7series_0_mig/u_ddr3_infrastructure/plle2_i/CLKOUT3
                                       net (fo=1, routed)           1.145     3.175    U0_ps_ai_peripheral/mig_ddr3_u0/u_mig_7series_0_mig/u_ddr3_infrastructure/pll_clk3_out
                  BUFHCE_X1Y24         BUFH (Prop_bufh_I_O)         0.103     3.278 r  U0_ps_ai_peripheral/mig_ddr3_u0/u_mig_7series_0_mig/u_ddr3_infrastructure/u_bufh_pll_clk3/O
                                       net (fo=1, routed)           0.779     4.057    U0_ps_ai_peripheral/mig_ddr3_u0/u_mig_7series_0_mig/u_ddr3_infrastructure/pll_clk3
                  MMCME2_ADV_X1Y2      MMCME2_ADV (Prop_mmcme2_adv_CLKIN1_CLKFBOUT)
                                                                   -2.933     1.124 r  U0_ps_ai_peripheral/mig_ddr3_u0/u_mig_7series_0_mig/u_ddr3_infrastructure/gen_mmcm.mmcm_i/CLKFBOUT
                                       net (fo=1, routed)           1.442     2.566    U0_ps_ai_peripheral/mig_ddr3_u0/u_mig_7series_0_mig/u_ddr3_infrastructure/clk_pll_i
                  BUFGCTRL_X0Y16       BUFG (Prop_bufg_I_O)         0.093     2.659 r  U0_ps_ai_peripheral/mig_ddr3_u0/u_mig_7series_0_mig/u_ddr3_infrastructure/u_bufg_clkdiv0/O
                                       net (fo=103920, routed)      1.702     4.360    rx_sdi_inst/SDI0/SDI/ui_clk
                  SLICE_X108Y38        LUT3 (Prop_lut3_I1_O)        0.043     4.403 r  rx_sdi_inst/SDI0/SDI/cam_clk_inferred_i_1/O
                                       net (fo=1681, routed)        2.615     7.019    U0_ps_ai_peripheral/frame_to_ps_inst0/frame_read_write_m0/write_buf/U0/inst_fifo_gen/gconvfifo.rf/grf.rf/gntv_or_sync_fifo.gcx.clkx/rd_pntr_cdc_inst/dest_clk
                  SLICE_X110Y187       FDRE                                         r  U0_ps_ai_peripheral/frame_to_ps_inst0/frame_read_write_m0/write_buf/U0/inst_fifo_gen/gconvfifo.rf/grf.rf/gntv_or_sync_fifo.gcx.clkx/rd_pntr_cdc_inst/dest_graysync_ff_reg[0][3]/C
                                       clock pessimism             -0.253     6.765    
                  SLICE_X110Y187       FDRE (Hold_fdre_C_D)         0.054     6.819    U0_ps_ai_peripheral/frame_to_ps_inst0/frame_read_write_m0/write_buf/U0/inst_fifo_gen/gconvfifo.rf/grf.rf/gntv_or_sync_fifo.gcx.clkx/rd_pntr_cdc_inst/dest_graysync_ff_reg[0][3]
  ---------------------------------------------------------------------------------
                                       data arrival                           3.990    
                                       clock arrival                          6.819    
  ---------------------------------------------------------------------------------
                                       relative delay                        -2.829    



Id: 3
set_bus_skew -from [get_cells [list {U0_ps_ai_peripheral/frame_trans_inst0/axis_master_inst/afifo_24w_4096d_u0/U0/inst_fifo_gen/gconvfifo.rf/grf.rf/gntv_or_sync_fifo.gcx.clkx/rd_pntr_cdc_inst/src_gray_ff_reg[0]} \
          {U0_ps_ai_peripheral/frame_trans_inst0/axis_master_inst/afifo_24w_4096d_u0/U0/inst_fifo_gen/gconvfifo.rf/grf.rf/gntv_or_sync_fifo.gcx.clkx/rd_pntr_cdc_inst/src_gray_ff_reg[10]} \
          {U0_ps_ai_peripheral/frame_trans_inst0/axis_master_inst/afifo_24w_4096d_u0/U0/inst_fifo_gen/gconvfifo.rf/grf.rf/gntv_or_sync_fifo.gcx.clkx/rd_pntr_cdc_inst/src_gray_ff_reg[11]} \
          {U0_ps_ai_peripheral/frame_trans_inst0/axis_master_inst/afifo_24w_4096d_u0/U0/inst_fifo_gen/gconvfifo.rf/grf.rf/gntv_or_sync_fifo.gcx.clkx/rd_pntr_cdc_inst/src_gray_ff_reg[1]} \
          {U0_ps_ai_peripheral/frame_trans_inst0/axis_master_inst/afifo_24w_4096d_u0/U0/inst_fifo_gen/gconvfifo.rf/grf.rf/gntv_or_sync_fifo.gcx.clkx/rd_pntr_cdc_inst/src_gray_ff_reg[2]} \
          {U0_ps_ai_peripheral/frame_trans_inst0/axis_master_inst/afifo_24w_4096d_u0/U0/inst_fifo_gen/gconvfifo.rf/grf.rf/gntv_or_sync_fifo.gcx.clkx/rd_pntr_cdc_inst/src_gray_ff_reg[3]} \
          {U0_ps_ai_peripheral/frame_trans_inst0/axis_master_inst/afifo_24w_4096d_u0/U0/inst_fifo_gen/gconvfifo.rf/grf.rf/gntv_or_sync_fifo.gcx.clkx/rd_pntr_cdc_inst/src_gray_ff_reg[4]} \
          {U0_ps_ai_peripheral/frame_trans_inst0/axis_master_inst/afifo_24w_4096d_u0/U0/inst_fifo_gen/gconvfifo.rf/grf.rf/gntv_or_sync_fifo.gcx.clkx/rd_pntr_cdc_inst/src_gray_ff_reg[5]} \
          {U0_ps_ai_peripheral/frame_trans_inst0/axis_master_inst/afifo_24w_4096d_u0/U0/inst_fifo_gen/gconvfifo.rf/grf.rf/gntv_or_sync_fifo.gcx.clkx/rd_pntr_cdc_inst/src_gray_ff_reg[6]} \
          {U0_ps_ai_peripheral/frame_trans_inst0/axis_master_inst/afifo_24w_4096d_u0/U0/inst_fifo_gen/gconvfifo.rf/grf.rf/gntv_or_sync_fifo.gcx.clkx/rd_pntr_cdc_inst/src_gray_ff_reg[7]} \
          {U0_ps_ai_peripheral/frame_trans_inst0/axis_master_inst/afifo_24w_4096d_u0/U0/inst_fifo_gen/gconvfifo.rf/grf.rf/gntv_or_sync_fifo.gcx.clkx/rd_pntr_cdc_inst/src_gray_ff_reg[8]} \
          {U0_ps_ai_peripheral/frame_trans_inst0/axis_master_inst/afifo_24w_4096d_u0/U0/inst_fifo_gen/gconvfifo.rf/grf.rf/gntv_or_sync_fifo.gcx.clkx/rd_pntr_cdc_inst/src_gray_ff_reg[9]}]] -to [get_cells [list {U0_ps_ai_peripheral/frame_trans_inst0/axis_master_inst/afifo_24w_4096d_u0/U0/inst_fifo_gen/gconvfifo.rf/grf.rf/gntv_or_sync_fifo.gcx.clkx/rd_pntr_cdc_inst/dest_graysync_ff_reg[0][0]} \
          {U0_ps_ai_peripheral/frame_trans_inst0/axis_master_inst/afifo_24w_4096d_u0/U0/inst_fifo_gen/gconvfifo.rf/grf.rf/gntv_or_sync_fifo.gcx.clkx/rd_pntr_cdc_inst/dest_graysync_ff_reg[0][10]} \
          {U0_ps_ai_peripheral/frame_trans_inst0/axis_master_inst/afifo_24w_4096d_u0/U0/inst_fifo_gen/gconvfifo.rf/grf.rf/gntv_or_sync_fifo.gcx.clkx/rd_pntr_cdc_inst/dest_graysync_ff_reg[0][11]} \
          {U0_ps_ai_peripheral/frame_trans_inst0/axis_master_inst/afifo_24w_4096d_u0/U0/inst_fifo_gen/gconvfifo.rf/grf.rf/gntv_or_sync_fifo.gcx.clkx/rd_pntr_cdc_inst/dest_graysync_ff_reg[0][1]} \
          {U0_ps_ai_peripheral/frame_trans_inst0/axis_master_inst/afifo_24w_4096d_u0/U0/inst_fifo_gen/gconvfifo.rf/grf.rf/gntv_or_sync_fifo.gcx.clkx/rd_pntr_cdc_inst/dest_graysync_ff_reg[0][2]} \
          {U0_ps_ai_peripheral/frame_trans_inst0/axis_master_inst/afifo_24w_4096d_u0/U0/inst_fifo_gen/gconvfifo.rf/grf.rf/gntv_or_sync_fifo.gcx.clkx/rd_pntr_cdc_inst/dest_graysync_ff_reg[0][3]} \
          {U0_ps_ai_peripheral/frame_trans_inst0/axis_master_inst/afifo_24w_4096d_u0/U0/inst_fifo_gen/gconvfifo.rf/grf.rf/gntv_or_sync_fifo.gcx.clkx/rd_pntr_cdc_inst/dest_graysync_ff_reg[0][4]} \
          {U0_ps_ai_peripheral/frame_trans_inst0/axis_master_inst/afifo_24w_4096d_u0/U0/inst_fifo_gen/gconvfifo.rf/grf.rf/gntv_or_sync_fifo.gcx.clkx/rd_pntr_cdc_inst/dest_graysync_ff_reg[0][5]} \
          {U0_ps_ai_peripheral/frame_trans_inst0/axis_master_inst/afifo_24w_4096d_u0/U0/inst_fifo_gen/gconvfifo.rf/grf.rf/gntv_or_sync_fifo.gcx.clkx/rd_pntr_cdc_inst/dest_graysync_ff_reg[0][6]} \
          {U0_ps_ai_peripheral/frame_trans_inst0/axis_master_inst/afifo_24w_4096d_u0/U0/inst_fifo_gen/gconvfifo.rf/grf.rf/gntv_or_sync_fifo.gcx.clkx/rd_pntr_cdc_inst/dest_graysync_ff_reg[0][7]} \
          {U0_ps_ai_peripheral/frame_trans_inst0/axis_master_inst/afifo_24w_4096d_u0/U0/inst_fifo_gen/gconvfifo.rf/grf.rf/gntv_or_sync_fifo.gcx.clkx/rd_pntr_cdc_inst/dest_graysync_ff_reg[0][8]} \
          {U0_ps_ai_peripheral/frame_trans_inst0/axis_master_inst/afifo_24w_4096d_u0/U0/inst_fifo_gen/gconvfifo.rf/grf.rf/gntv_or_sync_fifo.gcx.clkx/rd_pntr_cdc_inst/dest_graysync_ff_reg[0][9]}]] 5.000
Requirement: 5.000ns
Endpoints: 12

From Clock            To Clock              Endpoint Pin                    Reference Pin                   Corner  Actual(ns)  Slack(ns)
--------------------  --------------------  ------------------------------  ------------------------------  ------  ----------  ---------
clk_pll_i             rx_sdi_inst/SDI0/SDI/GTX_i/gtxe2_i/RXOUTCLK
                                            U0_ps_ai_peripheral/frame_trans_inst0/axis_master_inst/afifo_24w_4096d_u0/U0/inst_fifo_gen/gconvfifo.rf/grf.rf/gntv_or_sync_fifo.gcx.clkx/rd_pntr_cdc_inst/dest_graysync_ff_reg[0][8]/D
                                                                            U0_ps_ai_peripheral/frame_trans_inst0/axis_master_inst/afifo_24w_4096d_u0/U0/inst_fifo_gen/gconvfifo.rf/grf.rf/gntv_or_sync_fifo.gcx.clkx/rd_pntr_cdc_inst/dest_graysync_ff_reg[0][1]/D
                                                                                                            Slow         2.251      2.749


Slack (MET) :             2.749ns  (requirement - actual skew)
  Endpoint Source:        U0_ps_ai_peripheral/frame_trans_inst0/axis_master_inst/afifo_24w_4096d_u0/U0/inst_fifo_gen/gconvfifo.rf/grf.rf/gntv_or_sync_fifo.gcx.clkx/rd_pntr_cdc_inst/src_gray_ff_reg[8]/C
                            (rising edge-triggered cell FDRE clocked by clk_pll_i)
  Endpoint Destination:   U0_ps_ai_peripheral/frame_trans_inst0/axis_master_inst/afifo_24w_4096d_u0/U0/inst_fifo_gen/gconvfifo.rf/grf.rf/gntv_or_sync_fifo.gcx.clkx/rd_pntr_cdc_inst/dest_graysync_ff_reg[0][8]/D
                            (rising edge-triggered cell FDRE clocked by rx_sdi_inst/SDI0/SDI/GTX_i/gtxe2_i/RXOUTCLK)
  Reference Source:       U0_ps_ai_peripheral/frame_trans_inst0/axis_master_inst/afifo_24w_4096d_u0/U0/inst_fifo_gen/gconvfifo.rf/grf.rf/gntv_or_sync_fifo.gcx.clkx/rd_pntr_cdc_inst/src_gray_ff_reg[1]/C
                            (rising edge-triggered cell FDRE clocked by clk_pll_i)
  Reference Destination:  U0_ps_ai_peripheral/frame_trans_inst0/axis_master_inst/afifo_24w_4096d_u0/U0/inst_fifo_gen/gconvfifo.rf/grf.rf/gntv_or_sync_fifo.gcx.clkx/rd_pntr_cdc_inst/dest_graysync_ff_reg[0][1]/D
                            (rising edge-triggered cell FDRE clocked by clk_pll_i)
  Path Type:              Bus Skew (Max at Slow Process Corner)
  Requirement:            5.000ns
  Endpoint Relative Delay:   -0.185ns
  Reference Relative Delay:  -2.669ns
  Relative CRPR:              0.383ns
  Uncertainty:                0.150ns
  Actual Bus Skew:            2.251ns  (Endpoint Relative Delay - Reference Relative Delay - Relative CRPR + Uncertainty)

Endpoint path:
    Pin Reuse     Location             Delay type                Incr(ns)  Path(ns)    Netlist Resource(s)
  ---------------------------------------------------------------------------------    -------------------
                                       (clock clk_pll_i rise edge)
                                                                    0.000     0.000 r  
                  C8                                                0.000     0.000 r  sys_clk_p (IN)
                                       net (fo=0)                   0.000     0.000    U0_ps_ai_peripheral/mig_ddr3_u0/u_mig_7series_0_mig/u_ddr3_clk_ibuf/sys_clk_p
                  C8                   IBUFDS (Prop_ibufds_I_O)     0.855     0.855 r  U0_ps_ai_peripheral/mig_ddr3_u0/u_mig_7series_0_mig/u_ddr3_clk_ibuf/diff_input_clk.u_ibufg_sys_clk/O
                                       net (fo=3, routed)           1.098     1.953    U0_ps_ai_peripheral/mig_ddr3_u0/u_mig_7series_0_mig/u_ddr3_infrastructure/out
                  PLLE2_ADV_X1Y2       PLLE2_ADV (Prop_plle2_adv_CLKIN1_CLKOUT3)
                                                                    0.077     2.030 r  U0_ps_ai_peripheral/mig_ddr3_u0/u_mig_7series_0_mig/u_ddr3_infrastructure/plle2_i/CLKOUT3
                                       net (fo=1, routed)           1.145     3.175    U0_ps_ai_peripheral/mig_ddr3_u0/u_mig_7series_0_mig/u_ddr3_infrastructure/pll_clk3_out
                  BUFHCE_X1Y24         BUFH (Prop_bufh_I_O)         0.103     3.278 r  U0_ps_ai_peripheral/mig_ddr3_u0/u_mig_7series_0_mig/u_ddr3_infrastructure/u_bufh_pll_clk3/O
                                       net (fo=1, routed)           0.779     4.057    U0_ps_ai_peripheral/mig_ddr3_u0/u_mig_7series_0_mig/u_ddr3_infrastructure/pll_clk3
                  MMCME2_ADV_X1Y2      MMCME2_ADV (Prop_mmcme2_adv_CLKIN1_CLKFBOUT)
                                                                   -2.933     1.124 r  U0_ps_ai_peripheral/mig_ddr3_u0/u_mig_7series_0_mig/u_ddr3_infrastructure/gen_mmcm.mmcm_i/CLKFBOUT
                                       net (fo=1, routed)           1.442     2.566    U0_ps_ai_peripheral/mig_ddr3_u0/u_mig_7series_0_mig/u_ddr3_infrastructure/clk_pll_i
                  BUFGCTRL_X0Y16       BUFG (Prop_bufg_I_O)         0.093     2.659 r  U0_ps_ai_peripheral/mig_ddr3_u0/u_mig_7series_0_mig/u_ddr3_infrastructure/u_bufg_clkdiv0/O
                                       net (fo=103920, routed)      1.435     4.094    U0_ps_ai_peripheral/frame_trans_inst0/axis_master_inst/afifo_24w_4096d_u0/U0/inst_fifo_gen/gconvfifo.rf/grf.rf/gntv_or_sync_fifo.gcx.clkx/rd_pntr_cdc_inst/src_clk
                  SLICE_X102Y187       FDRE                                         r  U0_ps_ai_peripheral/frame_trans_inst0/axis_master_inst/afifo_24w_4096d_u0/U0/inst_fifo_gen/gconvfifo.rf/grf.rf/gntv_or_sync_fifo.gcx.clkx/rd_pntr_cdc_inst/src_gray_ff_reg[8]/C
  ---------------------------------------------------------------------------------    -------------------
    Placement     SLICE_X102Y187       FDRE (Prop_fdre_C_Q)         0.259     4.353 r  U0_ps_ai_peripheral/frame_trans_inst0/axis_master_inst/afifo_24w_4096d_u0/U0/inst_fifo_gen/gconvfifo.rf/grf.rf/gntv_or_sync_fifo.gcx.clkx/rd_pntr_cdc_inst/src_gray_ff_reg[8]/Q
                                       net (fo=1, routed)           0.500     4.853    U0_ps_ai_peripheral/frame_trans_inst0/axis_master_inst/afifo_24w_4096d_u0/U0/inst_fifo_gen/gconvfifo.rf/grf.rf/gntv_or_sync_fifo.gcx.clkx/rd_pntr_cdc_inst/async_path[8]
    Placement     SLICE_X103Y191       FDRE                                         r  U0_ps_ai_peripheral/frame_trans_inst0/axis_master_inst/afifo_24w_4096d_u0/U0/inst_fifo_gen/gconvfifo.rf/grf.rf/gntv_or_sync_fifo.gcx.clkx/rd_pntr_cdc_inst/dest_graysync_ff_reg[0][8]/D
  ---------------------------------------------------------------------------------    -------------------

                                       (clock rx_sdi_inst/SDI0/SDI/GTX_i/gtxe2_i/RXOUTCLK rise edge)
                                                                    0.000     0.000 r  
                  GTXE2_CHANNEL_X0Y0   GTXE2_CHANNEL                0.000     0.000 r  rx_sdi_inst/SDI0/SDI/GTX_i/gtxe2_i/RXOUTCLK
                                       net (fo=1, routed)           1.154     1.154    rx_sdi_inst/SDI0/SDI/rx_outclk
                  BUFGCTRL_X0Y1        BUFG (Prop_bufg_I_O)         0.083     1.237 r  rx_sdi_inst/SDI0/SDI/BUFGRX/O
                                       net (fo=645, routed)         1.630     2.867    rx_sdi_inst/SDI0/SDI/cpllpd_wait_reg[95]__0_0
                  SLICE_X108Y38        LUT3 (Prop_lut3_I2_O)        0.036     2.903 r  rx_sdi_inst/SDI0/SDI/cam_clk_inferred_i_1/O
                                       net (fo=1681, routed)        2.145     5.048    U0_ps_ai_peripheral/frame_trans_inst0/axis_master_inst/afifo_24w_4096d_u0/U0/inst_fifo_gen/gconvfifo.rf/grf.rf/gntv_or_sync_fifo.gcx.clkx/rd_pntr_cdc_inst/dest_clk
                  SLICE_X103Y191       FDRE                                         r  U0_ps_ai_peripheral/frame_trans_inst0/axis_master_inst/afifo_24w_4096d_u0/U0/inst_fifo_gen/gconvfifo.rf/grf.rf/gntv_or_sync_fifo.gcx.clkx/rd_pntr_cdc_inst/dest_graysync_ff_reg[0][8]/C
                                       clock pessimism              0.000     5.048    
                  SLICE_X103Y191       FDRE (Setup_fdre_C_D)       -0.009     5.039    U0_ps_ai_peripheral/frame_trans_inst0/axis_master_inst/afifo_24w_4096d_u0/U0/inst_fifo_gen/gconvfifo.rf/grf.rf/gntv_or_sync_fifo.gcx.clkx/rd_pntr_cdc_inst/dest_graysync_ff_reg[0][8]
  ---------------------------------------------------------------------------------
                                       data arrival                           4.853    
                                       clock arrival                          5.039    
  ---------------------------------------------------------------------------------
                                       relative delay                        -0.185    

Reference path:
    Pin Reuse     Location             Delay type                Incr(ns)  Path(ns)    Netlist Resource(s)
  ---------------------------------------------------------------------------------    -------------------
                                       (clock clk_pll_i rise edge)
                                                                    0.000     0.000 r  
                  C8                                                0.000     0.000 r  sys_clk_p (IN)
                                       net (fo=0)                   0.000     0.000    U0_ps_ai_peripheral/mig_ddr3_u0/u_mig_7series_0_mig/u_ddr3_clk_ibuf/sys_clk_p
                  C8                   IBUFDS (Prop_ibufds_I_O)     0.758     0.758 r  U0_ps_ai_peripheral/mig_ddr3_u0/u_mig_7series_0_mig/u_ddr3_clk_ibuf/diff_input_clk.u_ibufg_sys_clk/O
                                       net (fo=3, routed)           1.001     1.759    U0_ps_ai_peripheral/mig_ddr3_u0/u_mig_7series_0_mig/u_ddr3_infrastructure/out
                  PLLE2_ADV_X1Y2       PLLE2_ADV (Prop_plle2_adv_CLKIN1_CLKOUT3)
                                                                    0.073     1.832 r  U0_ps_ai_peripheral/mig_ddr3_u0/u_mig_7series_0_mig/u_ddr3_infrastructure/plle2_i/CLKOUT3
                                       net (fo=1, routed)           1.033     2.865    U0_ps_ai_peripheral/mig_ddr3_u0/u_mig_7series_0_mig/u_ddr3_infrastructure/pll_clk3_out
                  BUFHCE_X1Y24         BUFH (Prop_bufh_I_O)         0.066     2.931 r  U0_ps_ai_peripheral/mig_ddr3_u0/u_mig_7series_0_mig/u_ddr3_infrastructure/u_bufh_pll_clk3/O
                                       net (fo=1, routed)           0.710     3.641    U0_ps_ai_peripheral/mig_ddr3_u0/u_mig_7series_0_mig/u_ddr3_infrastructure/pll_clk3
                  MMCME2_ADV_X1Y2      MMCME2_ADV (Prop_mmcme2_adv_CLKIN1_CLKFBOUT)
                                                                   -2.652     0.989 r  U0_ps_ai_peripheral/mig_ddr3_u0/u_mig_7series_0_mig/u_ddr3_infrastructure/gen_mmcm.mmcm_i/CLKFBOUT
                                       net (fo=1, routed)           1.333     2.322    U0_ps_ai_peripheral/mig_ddr3_u0/u_mig_7series_0_mig/u_ddr3_infrastructure/clk_pll_i
                  BUFGCTRL_X0Y16       BUFG (Prop_bufg_I_O)         0.083     2.405 r  U0_ps_ai_peripheral/mig_ddr3_u0/u_mig_7series_0_mig/u_ddr3_infrastructure/u_bufg_clkdiv0/O
                                       net (fo=103920, routed)      1.264     3.669    U0_ps_ai_peripheral/frame_trans_inst0/axis_master_inst/afifo_24w_4096d_u0/U0/inst_fifo_gen/gconvfifo.rf/grf.rf/gntv_or_sync_fifo.gcx.clkx/rd_pntr_cdc_inst/src_clk
                  SLICE_X99Y191        FDRE                                         r  U0_ps_ai_peripheral/frame_trans_inst0/axis_master_inst/afifo_24w_4096d_u0/U0/inst_fifo_gen/gconvfifo.rf/grf.rf/gntv_or_sync_fifo.gcx.clkx/rd_pntr_cdc_inst/src_gray_ff_reg[1]/C
  ---------------------------------------------------------------------------------    -------------------
    Placement     SLICE_X99Y191        FDRE (Prop_fdre_C_Q)         0.162     3.831 r  U0_ps_ai_peripheral/frame_trans_inst0/axis_master_inst/afifo_24w_4096d_u0/U0/inst_fifo_gen/gconvfifo.rf/grf.rf/gntv_or_sync_fifo.gcx.clkx/rd_pntr_cdc_inst/src_gray_ff_reg[1]/Q
                                       net (fo=1, routed)           0.226     4.057    U0_ps_ai_peripheral/frame_trans_inst0/axis_master_inst/afifo_24w_4096d_u0/U0/inst_fifo_gen/gconvfifo.rf/grf.rf/gntv_or_sync_fifo.gcx.clkx/rd_pntr_cdc_inst/async_path[1]
    Placement     SLICE_X101Y191       FDRE                                         r  U0_ps_ai_peripheral/frame_trans_inst0/axis_master_inst/afifo_24w_4096d_u0/U0/inst_fifo_gen/gconvfifo.rf/grf.rf/gntv_or_sync_fifo.gcx.clkx/rd_pntr_cdc_inst/dest_graysync_ff_reg[0][1]/D
  ---------------------------------------------------------------------------------    -------------------

                                       (clock clk_pll_i rise edge)
                                                                    0.000     0.000 r  
                  C8                                                0.000     0.000 r  sys_clk_p (IN)
                                       net (fo=0)                   0.000     0.000    U0_ps_ai_peripheral/mig_ddr3_u0/u_mig_7series_0_mig/u_ddr3_clk_ibuf/sys_clk_p
                  C8                   IBUFDS (Prop_ibufds_I_O)     0.855     0.855 r  U0_ps_ai_peripheral/mig_ddr3_u0/u_mig_7series_0_mig/u_ddr3_clk_ibuf/diff_input_clk.u_ibufg_sys_clk/O
                                       net (fo=3, routed)           1.098     1.953    U0_ps_ai_peripheral/mig_ddr3_u0/u_mig_7series_0_mig/u_ddr3_infrastructure/out
                  PLLE2_ADV_X1Y2       PLLE2_ADV (Prop_plle2_adv_CLKIN1_CLKOUT3)
                                                                    0.077     2.030 r  U0_ps_ai_peripheral/mig_ddr3_u0/u_mig_7series_0_mig/u_ddr3_infrastructure/plle2_i/CLKOUT3
                                       net (fo=1, routed)           1.145     3.175    U0_ps_ai_peripheral/mig_ddr3_u0/u_mig_7series_0_mig/u_ddr3_infrastructure/pll_clk3_out
                  BUFHCE_X1Y24         BUFH (Prop_bufh_I_O)         0.103     3.278 r  U0_ps_ai_peripheral/mig_ddr3_u0/u_mig_7series_0_mig/u_ddr3_infrastructure/u_bufh_pll_clk3/O
                                       net (fo=1, routed)           0.779     4.057    U0_ps_ai_peripheral/mig_ddr3_u0/u_mig_7series_0_mig/u_ddr3_infrastructure/pll_clk3
                  MMCME2_ADV_X1Y2      MMCME2_ADV (Prop_mmcme2_adv_CLKIN1_CLKFBOUT)
                                                                   -2.933     1.124 r  U0_ps_ai_peripheral/mig_ddr3_u0/u_mig_7series_0_mig/u_ddr3_infrastructure/gen_mmcm.mmcm_i/CLKFBOUT
                                       net (fo=1, routed)           1.442     2.566    U0_ps_ai_peripheral/mig_ddr3_u0/u_mig_7series_0_mig/u_ddr3_infrastructure/clk_pll_i
                  BUFGCTRL_X0Y16       BUFG (Prop_bufg_I_O)         0.093     2.659 r  U0_ps_ai_peripheral/mig_ddr3_u0/u_mig_7series_0_mig/u_ddr3_infrastructure/u_bufg_clkdiv0/O
                                       net (fo=103920, routed)      1.702     4.360    rx_sdi_inst/SDI0/SDI/ui_clk
                  SLICE_X108Y38        LUT3 (Prop_lut3_I1_O)        0.043     4.403 r  rx_sdi_inst/SDI0/SDI/cam_clk_inferred_i_1/O
                                       net (fo=1681, routed)        2.526     6.929    U0_ps_ai_peripheral/frame_trans_inst0/axis_master_inst/afifo_24w_4096d_u0/U0/inst_fifo_gen/gconvfifo.rf/grf.rf/gntv_or_sync_fifo.gcx.clkx/rd_pntr_cdc_inst/dest_clk
                  SLICE_X101Y191       FDRE                                         r  U0_ps_ai_peripheral/frame_trans_inst0/axis_master_inst/afifo_24w_4096d_u0/U0/inst_fifo_gen/gconvfifo.rf/grf.rf/gntv_or_sync_fifo.gcx.clkx/rd_pntr_cdc_inst/dest_graysync_ff_reg[0][1]/C
                                       clock pessimism             -0.253     6.676    
                  SLICE_X101Y191       FDRE (Hold_fdre_C_D)         0.051     6.727    U0_ps_ai_peripheral/frame_trans_inst0/axis_master_inst/afifo_24w_4096d_u0/U0/inst_fifo_gen/gconvfifo.rf/grf.rf/gntv_or_sync_fifo.gcx.clkx/rd_pntr_cdc_inst/dest_graysync_ff_reg[0][1]
  ---------------------------------------------------------------------------------
                                       data arrival                           4.057    
                                       clock arrival                          6.727    
  ---------------------------------------------------------------------------------
                                       relative delay                        -2.669    



Id: 4
set_bus_skew -from [get_cells [list {U0_ps_ai_peripheral/frame_trans_inst0/axis_master_inst/afifo_24w_4096d_u0/U0/inst_fifo_gen/gconvfifo.rf/grf.rf/gntv_or_sync_fifo.gcx.clkx/wr_pntr_cdc_inst/src_gray_ff_reg[0]} \
          {U0_ps_ai_peripheral/frame_trans_inst0/axis_master_inst/afifo_24w_4096d_u0/U0/inst_fifo_gen/gconvfifo.rf/grf.rf/gntv_or_sync_fifo.gcx.clkx/wr_pntr_cdc_inst/src_gray_ff_reg[10]} \
          {U0_ps_ai_peripheral/frame_trans_inst0/axis_master_inst/afifo_24w_4096d_u0/U0/inst_fifo_gen/gconvfifo.rf/grf.rf/gntv_or_sync_fifo.gcx.clkx/wr_pntr_cdc_inst/src_gray_ff_reg[11]} \
          {U0_ps_ai_peripheral/frame_trans_inst0/axis_master_inst/afifo_24w_4096d_u0/U0/inst_fifo_gen/gconvfifo.rf/grf.rf/gntv_or_sync_fifo.gcx.clkx/wr_pntr_cdc_inst/src_gray_ff_reg[1]} \
          {U0_ps_ai_peripheral/frame_trans_inst0/axis_master_inst/afifo_24w_4096d_u0/U0/inst_fifo_gen/gconvfifo.rf/grf.rf/gntv_or_sync_fifo.gcx.clkx/wr_pntr_cdc_inst/src_gray_ff_reg[2]} \
          {U0_ps_ai_peripheral/frame_trans_inst0/axis_master_inst/afifo_24w_4096d_u0/U0/inst_fifo_gen/gconvfifo.rf/grf.rf/gntv_or_sync_fifo.gcx.clkx/wr_pntr_cdc_inst/src_gray_ff_reg[3]} \
          {U0_ps_ai_peripheral/frame_trans_inst0/axis_master_inst/afifo_24w_4096d_u0/U0/inst_fifo_gen/gconvfifo.rf/grf.rf/gntv_or_sync_fifo.gcx.clkx/wr_pntr_cdc_inst/src_gray_ff_reg[4]} \
          {U0_ps_ai_peripheral/frame_trans_inst0/axis_master_inst/afifo_24w_4096d_u0/U0/inst_fifo_gen/gconvfifo.rf/grf.rf/gntv_or_sync_fifo.gcx.clkx/wr_pntr_cdc_inst/src_gray_ff_reg[5]} \
          {U0_ps_ai_peripheral/frame_trans_inst0/axis_master_inst/afifo_24w_4096d_u0/U0/inst_fifo_gen/gconvfifo.rf/grf.rf/gntv_or_sync_fifo.gcx.clkx/wr_pntr_cdc_inst/src_gray_ff_reg[6]} \
          {U0_ps_ai_peripheral/frame_trans_inst0/axis_master_inst/afifo_24w_4096d_u0/U0/inst_fifo_gen/gconvfifo.rf/grf.rf/gntv_or_sync_fifo.gcx.clkx/wr_pntr_cdc_inst/src_gray_ff_reg[7]} \
          {U0_ps_ai_peripheral/frame_trans_inst0/axis_master_inst/afifo_24w_4096d_u0/U0/inst_fifo_gen/gconvfifo.rf/grf.rf/gntv_or_sync_fifo.gcx.clkx/wr_pntr_cdc_inst/src_gray_ff_reg[8]} \
          {U0_ps_ai_peripheral/frame_trans_inst0/axis_master_inst/afifo_24w_4096d_u0/U0/inst_fifo_gen/gconvfifo.rf/grf.rf/gntv_or_sync_fifo.gcx.clkx/wr_pntr_cdc_inst/src_gray_ff_reg[9]}]] -to [get_cells [list {U0_ps_ai_peripheral/frame_trans_inst0/axis_master_inst/afifo_24w_4096d_u0/U0/inst_fifo_gen/gconvfifo.rf/grf.rf/gntv_or_sync_fifo.gcx.clkx/wr_pntr_cdc_inst/dest_graysync_ff_reg[0][0]} \
          {U0_ps_ai_peripheral/frame_trans_inst0/axis_master_inst/afifo_24w_4096d_u0/U0/inst_fifo_gen/gconvfifo.rf/grf.rf/gntv_or_sync_fifo.gcx.clkx/wr_pntr_cdc_inst/dest_graysync_ff_reg[0][10]} \
          {U0_ps_ai_peripheral/frame_trans_inst0/axis_master_inst/afifo_24w_4096d_u0/U0/inst_fifo_gen/gconvfifo.rf/grf.rf/gntv_or_sync_fifo.gcx.clkx/wr_pntr_cdc_inst/dest_graysync_ff_reg[0][11]} \
          {U0_ps_ai_peripheral/frame_trans_inst0/axis_master_inst/afifo_24w_4096d_u0/U0/inst_fifo_gen/gconvfifo.rf/grf.rf/gntv_or_sync_fifo.gcx.clkx/wr_pntr_cdc_inst/dest_graysync_ff_reg[0][1]} \
          {U0_ps_ai_peripheral/frame_trans_inst0/axis_master_inst/afifo_24w_4096d_u0/U0/inst_fifo_gen/gconvfifo.rf/grf.rf/gntv_or_sync_fifo.gcx.clkx/wr_pntr_cdc_inst/dest_graysync_ff_reg[0][2]} \
          {U0_ps_ai_peripheral/frame_trans_inst0/axis_master_inst/afifo_24w_4096d_u0/U0/inst_fifo_gen/gconvfifo.rf/grf.rf/gntv_or_sync_fifo.gcx.clkx/wr_pntr_cdc_inst/dest_graysync_ff_reg[0][3]} \
          {U0_ps_ai_peripheral/frame_trans_inst0/axis_master_inst/afifo_24w_4096d_u0/U0/inst_fifo_gen/gconvfifo.rf/grf.rf/gntv_or_sync_fifo.gcx.clkx/wr_pntr_cdc_inst/dest_graysync_ff_reg[0][4]} \
          {U0_ps_ai_peripheral/frame_trans_inst0/axis_master_inst/afifo_24w_4096d_u0/U0/inst_fifo_gen/gconvfifo.rf/grf.rf/gntv_or_sync_fifo.gcx.clkx/wr_pntr_cdc_inst/dest_graysync_ff_reg[0][5]} \
          {U0_ps_ai_peripheral/frame_trans_inst0/axis_master_inst/afifo_24w_4096d_u0/U0/inst_fifo_gen/gconvfifo.rf/grf.rf/gntv_or_sync_fifo.gcx.clkx/wr_pntr_cdc_inst/dest_graysync_ff_reg[0][6]} \
          {U0_ps_ai_peripheral/frame_trans_inst0/axis_master_inst/afifo_24w_4096d_u0/U0/inst_fifo_gen/gconvfifo.rf/grf.rf/gntv_or_sync_fifo.gcx.clkx/wr_pntr_cdc_inst/dest_graysync_ff_reg[0][7]} \
          {U0_ps_ai_peripheral/frame_trans_inst0/axis_master_inst/afifo_24w_4096d_u0/U0/inst_fifo_gen/gconvfifo.rf/grf.rf/gntv_or_sync_fifo.gcx.clkx/wr_pntr_cdc_inst/dest_graysync_ff_reg[0][8]} \
          {U0_ps_ai_peripheral/frame_trans_inst0/axis_master_inst/afifo_24w_4096d_u0/U0/inst_fifo_gen/gconvfifo.rf/grf.rf/gntv_or_sync_fifo.gcx.clkx/wr_pntr_cdc_inst/dest_graysync_ff_reg[0][9]}]] 5.000
Requirement: 5.000ns
Endpoints: 12

From Clock            To Clock              Endpoint Pin                    Reference Pin                   Corner  Actual(ns)  Slack(ns)
--------------------  --------------------  ------------------------------  ------------------------------  ------  ----------  ---------
clk_pll_i             clk_pll_i             U0_ps_ai_peripheral/frame_trans_inst0/axis_master_inst/afifo_24w_4096d_u0/U0/inst_fifo_gen/gconvfifo.rf/grf.rf/gntv_or_sync_fifo.gcx.clkx/wr_pntr_cdc_inst/dest_graysync_ff_reg[0][1]/D
                                                                            U0_ps_ai_peripheral/frame_trans_inst0/axis_master_inst/afifo_24w_4096d_u0/U0/inst_fifo_gen/gconvfifo.rf/grf.rf/gntv_or_sync_fifo.gcx.clkx/wr_pntr_cdc_inst/dest_graysync_ff_reg[0][4]/D
                                                                                                            Slow         2.264      2.736


Slack (MET) :             2.736ns  (requirement - actual skew)
  Endpoint Source:        U0_ps_ai_peripheral/frame_trans_inst0/axis_master_inst/afifo_24w_4096d_u0/U0/inst_fifo_gen/gconvfifo.rf/grf.rf/gntv_or_sync_fifo.gcx.clkx/wr_pntr_cdc_inst/src_gray_ff_reg[1]/C
                            (rising edge-triggered cell FDRE clocked by clk_pll_i)
  Endpoint Destination:   U0_ps_ai_peripheral/frame_trans_inst0/axis_master_inst/afifo_24w_4096d_u0/U0/inst_fifo_gen/gconvfifo.rf/grf.rf/gntv_or_sync_fifo.gcx.clkx/wr_pntr_cdc_inst/dest_graysync_ff_reg[0][1]/D
                            (rising edge-triggered cell FDRE clocked by clk_pll_i)
  Reference Source:       U0_ps_ai_peripheral/frame_trans_inst0/axis_master_inst/afifo_24w_4096d_u0/U0/inst_fifo_gen/gconvfifo.rf/grf.rf/gntv_or_sync_fifo.gcx.clkx/wr_pntr_cdc_inst/src_gray_ff_reg[4]/C
                            (rising edge-triggered cell FDRE clocked by rx_sdi_inst/SDI0/SDI/GTX_i/gtxe2_i/RXOUTCLK)
  Reference Destination:  U0_ps_ai_peripheral/frame_trans_inst0/axis_master_inst/afifo_24w_4096d_u0/U0/inst_fifo_gen/gconvfifo.rf/grf.rf/gntv_or_sync_fifo.gcx.clkx/wr_pntr_cdc_inst/dest_graysync_ff_reg[0][4]/D
                            (rising edge-triggered cell FDRE clocked by clk_pll_i)
  Path Type:              Bus Skew (Max at Slow Process Corner)
  Requirement:            5.000ns
  Endpoint Relative Delay:    3.713ns
  Reference Relative Delay:   1.216ns
  Relative CRPR:              0.383ns
  Uncertainty:                0.150ns
  Actual Bus Skew:            2.264ns  (Endpoint Relative Delay - Reference Relative Delay - Relative CRPR + Uncertainty)

Endpoint path:
    Pin Reuse     Location             Delay type                Incr(ns)  Path(ns)    Netlist Resource(s)
  ---------------------------------------------------------------------------------    -------------------
                                       (clock clk_pll_i rise edge)
                                                                    0.000     0.000 r  
                  C8                                                0.000     0.000 r  sys_clk_p (IN)
                                       net (fo=0)                   0.000     0.000    U0_ps_ai_peripheral/mig_ddr3_u0/u_mig_7series_0_mig/u_ddr3_clk_ibuf/sys_clk_p
                  C8                   IBUFDS (Prop_ibufds_I_O)     0.855     0.855 r  U0_ps_ai_peripheral/mig_ddr3_u0/u_mig_7series_0_mig/u_ddr3_clk_ibuf/diff_input_clk.u_ibufg_sys_clk/O
                                       net (fo=3, routed)           1.098     1.953    U0_ps_ai_peripheral/mig_ddr3_u0/u_mig_7series_0_mig/u_ddr3_infrastructure/out
                  PLLE2_ADV_X1Y2       PLLE2_ADV (Prop_plle2_adv_CLKIN1_CLKOUT3)
                                                                    0.077     2.030 r  U0_ps_ai_peripheral/mig_ddr3_u0/u_mig_7series_0_mig/u_ddr3_infrastructure/plle2_i/CLKOUT3
                                       net (fo=1, routed)           1.145     3.175    U0_ps_ai_peripheral/mig_ddr3_u0/u_mig_7series_0_mig/u_ddr3_infrastructure/pll_clk3_out
                  BUFHCE_X1Y24         BUFH (Prop_bufh_I_O)         0.103     3.278 r  U0_ps_ai_peripheral/mig_ddr3_u0/u_mig_7series_0_mig/u_ddr3_infrastructure/u_bufh_pll_clk3/O
                                       net (fo=1, routed)           0.779     4.057    U0_ps_ai_peripheral/mig_ddr3_u0/u_mig_7series_0_mig/u_ddr3_infrastructure/pll_clk3
                  MMCME2_ADV_X1Y2      MMCME2_ADV (Prop_mmcme2_adv_CLKIN1_CLKFBOUT)
                                                                   -2.933     1.124 r  U0_ps_ai_peripheral/mig_ddr3_u0/u_mig_7series_0_mig/u_ddr3_infrastructure/gen_mmcm.mmcm_i/CLKFBOUT
                                       net (fo=1, routed)           1.442     2.566    U0_ps_ai_peripheral/mig_ddr3_u0/u_mig_7series_0_mig/u_ddr3_infrastructure/clk_pll_i
                  BUFGCTRL_X0Y16       BUFG (Prop_bufg_I_O)         0.093     2.659 r  U0_ps_ai_peripheral/mig_ddr3_u0/u_mig_7series_0_mig/u_ddr3_infrastructure/u_bufg_clkdiv0/O
                                       net (fo=103920, routed)      1.702     4.360    rx_sdi_inst/SDI0/SDI/ui_clk
                  SLICE_X108Y38        LUT3 (Prop_lut3_I1_O)        0.043     4.403 r  rx_sdi_inst/SDI0/SDI/cam_clk_inferred_i_1/O
                                       net (fo=1681, routed)        2.526     6.929    U0_ps_ai_peripheral/frame_trans_inst0/axis_master_inst/afifo_24w_4096d_u0/U0/inst_fifo_gen/gconvfifo.rf/grf.rf/gntv_or_sync_fifo.gcx.clkx/wr_pntr_cdc_inst/src_clk
                  SLICE_X101Y191       FDRE                                         r  U0_ps_ai_peripheral/frame_trans_inst0/axis_master_inst/afifo_24w_4096d_u0/U0/inst_fifo_gen/gconvfifo.rf/grf.rf/gntv_or_sync_fifo.gcx.clkx/wr_pntr_cdc_inst/src_gray_ff_reg[1]/C
  ---------------------------------------------------------------------------------    -------------------
    Placement     SLICE_X101Y191       FDRE (Prop_fdre_C_Q)         0.204     7.133 r  U0_ps_ai_peripheral/frame_trans_inst0/axis_master_inst/afifo_24w_4096d_u0/U0/inst_fifo_gen/gconvfifo.rf/grf.rf/gntv_or_sync_fifo.gcx.clkx/wr_pntr_cdc_inst/src_gray_ff_reg[1]/Q
                                       net (fo=1, routed)           0.411     7.544    U0_ps_ai_peripheral/frame_trans_inst0/axis_master_inst/afifo_24w_4096d_u0/U0/inst_fifo_gen/gconvfifo.rf/grf.rf/gntv_or_sync_fifo.gcx.clkx/wr_pntr_cdc_inst/async_path[1]
    Placement     SLICE_X101Y188       FDRE                                         r  U0_ps_ai_peripheral/frame_trans_inst0/axis_master_inst/afifo_24w_4096d_u0/U0/inst_fifo_gen/gconvfifo.rf/grf.rf/gntv_or_sync_fifo.gcx.clkx/wr_pntr_cdc_inst/dest_graysync_ff_reg[0][1]/D
  ---------------------------------------------------------------------------------    -------------------

                                       (clock clk_pll_i rise edge)
                                                                    0.000     0.000 r  
                  C8                                                0.000     0.000 r  sys_clk_p (IN)
                                       net (fo=0)                   0.000     0.000    U0_ps_ai_peripheral/mig_ddr3_u0/u_mig_7series_0_mig/u_ddr3_clk_ibuf/sys_clk_p
                  C8                   IBUFDS (Prop_ibufds_I_O)     0.758     0.758 r  U0_ps_ai_peripheral/mig_ddr3_u0/u_mig_7series_0_mig/u_ddr3_clk_ibuf/diff_input_clk.u_ibufg_sys_clk/O
                                       net (fo=3, routed)           1.001     1.759    U0_ps_ai_peripheral/mig_ddr3_u0/u_mig_7series_0_mig/u_ddr3_infrastructure/out
                  PLLE2_ADV_X1Y2       PLLE2_ADV (Prop_plle2_adv_CLKIN1_CLKOUT3)
                                                                    0.073     1.832 r  U0_ps_ai_peripheral/mig_ddr3_u0/u_mig_7series_0_mig/u_ddr3_infrastructure/plle2_i/CLKOUT3
                                       net (fo=1, routed)           1.033     2.865    U0_ps_ai_peripheral/mig_ddr3_u0/u_mig_7series_0_mig/u_ddr3_infrastructure/pll_clk3_out
                  BUFHCE_X1Y24         BUFH (Prop_bufh_I_O)         0.066     2.931 r  U0_ps_ai_peripheral/mig_ddr3_u0/u_mig_7series_0_mig/u_ddr3_infrastructure/u_bufh_pll_clk3/O
                                       net (fo=1, routed)           0.710     3.641    U0_ps_ai_peripheral/mig_ddr3_u0/u_mig_7series_0_mig/u_ddr3_infrastructure/pll_clk3
                  MMCME2_ADV_X1Y2      MMCME2_ADV (Prop_mmcme2_adv_CLKIN1_CLKFBOUT)
                                                                   -2.652     0.989 r  U0_ps_ai_peripheral/mig_ddr3_u0/u_mig_7series_0_mig/u_ddr3_infrastructure/gen_mmcm.mmcm_i/CLKFBOUT
                                       net (fo=1, routed)           1.333     2.322    U0_ps_ai_peripheral/mig_ddr3_u0/u_mig_7series_0_mig/u_ddr3_infrastructure/clk_pll_i
                  BUFGCTRL_X0Y16       BUFG (Prop_bufg_I_O)         0.083     2.405 r  U0_ps_ai_peripheral/mig_ddr3_u0/u_mig_7series_0_mig/u_ddr3_infrastructure/u_bufg_clkdiv0/O
                                       net (fo=103920, routed)      1.262     3.667    U0_ps_ai_peripheral/frame_trans_inst0/axis_master_inst/afifo_24w_4096d_u0/U0/inst_fifo_gen/gconvfifo.rf/grf.rf/gntv_or_sync_fifo.gcx.clkx/wr_pntr_cdc_inst/dest_clk
                  SLICE_X101Y188       FDRE                                         r  U0_ps_ai_peripheral/frame_trans_inst0/axis_master_inst/afifo_24w_4096d_u0/U0/inst_fifo_gen/gconvfifo.rf/grf.rf/gntv_or_sync_fifo.gcx.clkx/wr_pntr_cdc_inst/dest_graysync_ff_reg[0][1]/C
                                       clock pessimism              0.253     3.921    
                  SLICE_X101Y188       FDRE (Setup_fdre_C_D)       -0.090     3.831    U0_ps_ai_peripheral/frame_trans_inst0/axis_master_inst/afifo_24w_4096d_u0/U0/inst_fifo_gen/gconvfifo.rf/grf.rf/gntv_or_sync_fifo.gcx.clkx/wr_pntr_cdc_inst/dest_graysync_ff_reg[0][1]
  ---------------------------------------------------------------------------------
                                       data arrival                           7.544    
                                       clock arrival                          3.831    
  ---------------------------------------------------------------------------------
                                       relative delay                         3.713    

Reference path:
    Pin Reuse     Location             Delay type                Incr(ns)  Path(ns)    Netlist Resource(s)
  ---------------------------------------------------------------------------------    -------------------
                                       (clock rx_sdi_inst/SDI0/SDI/GTX_i/gtxe2_i/RXOUTCLK rise edge)
                                                                    0.000     0.000 r  
                  GTXE2_CHANNEL_X0Y0   GTXE2_CHANNEL                0.000     0.000 r  rx_sdi_inst/SDI0/SDI/GTX_i/gtxe2_i/RXOUTCLK
                                       net (fo=1, routed)           1.154     1.154    rx_sdi_inst/SDI0/SDI/rx_outclk
                  BUFGCTRL_X0Y1        BUFG (Prop_bufg_I_O)         0.083     1.237 r  rx_sdi_inst/SDI0/SDI/BUFGRX/O
                                       net (fo=645, routed)         1.630     2.867    rx_sdi_inst/SDI0/SDI/cpllpd_wait_reg[95]__0_0
                  SLICE_X108Y38        LUT3 (Prop_lut3_I2_O)        0.036     2.903 r  rx_sdi_inst/SDI0/SDI/cam_clk_inferred_i_1/O
                                       net (fo=1681, routed)        2.025     4.928    U0_ps_ai_peripheral/frame_trans_inst0/axis_master_inst/afifo_24w_4096d_u0/U0/inst_fifo_gen/gconvfifo.rf/grf.rf/gntv_or_sync_fifo.gcx.clkx/wr_pntr_cdc_inst/src_clk
                  SLICE_X102Y186       FDRE                                         r  U0_ps_ai_peripheral/frame_trans_inst0/axis_master_inst/afifo_24w_4096d_u0/U0/inst_fifo_gen/gconvfifo.rf/grf.rf/gntv_or_sync_fifo.gcx.clkx/wr_pntr_cdc_inst/src_gray_ff_reg[4]/C
  ---------------------------------------------------------------------------------    -------------------
    Placement     SLICE_X102Y186       FDRE (Prop_fdre_C_Q)         0.206     5.134 r  U0_ps_ai_peripheral/frame_trans_inst0/axis_master_inst/afifo_24w_4096d_u0/U0/inst_fifo_gen/gconvfifo.rf/grf.rf/gntv_or_sync_fifo.gcx.clkx/wr_pntr_cdc_inst/src_gray_ff_reg[4]/Q
                                       net (fo=1, routed)           0.293     5.427    U0_ps_ai_peripheral/frame_trans_inst0/axis_master_inst/afifo_24w_4096d_u0/U0/inst_fifo_gen/gconvfifo.rf/grf.rf/gntv_or_sync_fifo.gcx.clkx/wr_pntr_cdc_inst/async_path[4]
    Placement     SLICE_X103Y186       FDRE                                         r  U0_ps_ai_peripheral/frame_trans_inst0/axis_master_inst/afifo_24w_4096d_u0/U0/inst_fifo_gen/gconvfifo.rf/grf.rf/gntv_or_sync_fifo.gcx.clkx/wr_pntr_cdc_inst/dest_graysync_ff_reg[0][4]/D
  ---------------------------------------------------------------------------------    -------------------

                                       (clock clk_pll_i rise edge)
                                                                    0.000     0.000 r  
                  C8                                                0.000     0.000 r  sys_clk_p (IN)
                                       net (fo=0)                   0.000     0.000    U0_ps_ai_peripheral/mig_ddr3_u0/u_mig_7series_0_mig/u_ddr3_clk_ibuf/sys_clk_p
                  C8                   IBUFDS (Prop_ibufds_I_O)     0.855     0.855 r  U0_ps_ai_peripheral/mig_ddr3_u0/u_mig_7series_0_mig/u_ddr3_clk_ibuf/diff_input_clk.u_ibufg_sys_clk/O
                                       net (fo=3, routed)           1.098     1.953    U0_ps_ai_peripheral/mig_ddr3_u0/u_mig_7series_0_mig/u_ddr3_infrastructure/out
                  PLLE2_ADV_X1Y2       PLLE2_ADV (Prop_plle2_adv_CLKIN1_CLKOUT3)
                                                                    0.077     2.030 r  U0_ps_ai_peripheral/mig_ddr3_u0/u_mig_7series_0_mig/u_ddr3_infrastructure/plle2_i/CLKOUT3
                                       net (fo=1, routed)           1.145     3.175    U0_ps_ai_peripheral/mig_ddr3_u0/u_mig_7series_0_mig/u_ddr3_infrastructure/pll_clk3_out
                  BUFHCE_X1Y24         BUFH (Prop_bufh_I_O)         0.103     3.278 r  U0_ps_ai_peripheral/mig_ddr3_u0/u_mig_7series_0_mig/u_ddr3_infrastructure/u_bufh_pll_clk3/O
                                       net (fo=1, routed)           0.779     4.057    U0_ps_ai_peripheral/mig_ddr3_u0/u_mig_7series_0_mig/u_ddr3_infrastructure/pll_clk3
                  MMCME2_ADV_X1Y2      MMCME2_ADV (Prop_mmcme2_adv_CLKIN1_CLKFBOUT)
                                                                   -2.933     1.124 r  U0_ps_ai_peripheral/mig_ddr3_u0/u_mig_7series_0_mig/u_ddr3_infrastructure/gen_mmcm.mmcm_i/CLKFBOUT
                                       net (fo=1, routed)           1.442     2.566    U0_ps_ai_peripheral/mig_ddr3_u0/u_mig_7series_0_mig/u_ddr3_infrastructure/clk_pll_i
                  BUFGCTRL_X0Y16       BUFG (Prop_bufg_I_O)         0.093     2.659 r  U0_ps_ai_peripheral/mig_ddr3_u0/u_mig_7series_0_mig/u_ddr3_infrastructure/u_bufg_clkdiv0/O
                                       net (fo=103920, routed)      1.434     4.093    U0_ps_ai_peripheral/frame_trans_inst0/axis_master_inst/afifo_24w_4096d_u0/U0/inst_fifo_gen/gconvfifo.rf/grf.rf/gntv_or_sync_fifo.gcx.clkx/wr_pntr_cdc_inst/dest_clk
                  SLICE_X103Y186       FDRE                                         r  U0_ps_ai_peripheral/frame_trans_inst0/axis_master_inst/afifo_24w_4096d_u0/U0/inst_fifo_gen/gconvfifo.rf/grf.rf/gntv_or_sync_fifo.gcx.clkx/wr_pntr_cdc_inst/dest_graysync_ff_reg[0][4]/C
                                       clock pessimism              0.000     4.093    
                  SLICE_X103Y186       FDRE (Hold_fdre_C_D)         0.118     4.211    U0_ps_ai_peripheral/frame_trans_inst0/axis_master_inst/afifo_24w_4096d_u0/U0/inst_fifo_gen/gconvfifo.rf/grf.rf/gntv_or_sync_fifo.gcx.clkx/wr_pntr_cdc_inst/dest_graysync_ff_reg[0][4]
  ---------------------------------------------------------------------------------
                                       data arrival                           5.427    
                                       clock arrival                          4.211    
  ---------------------------------------------------------------------------------
                                       relative delay                         1.216    



Id: 5
set_bus_skew -from [get_cells [list {U0_ps_ai_peripheral/frame_to_ps_inst0/frame_read_write_m0/read_buf/U0/inst_fifo_gen/gconvfifo.rf/grf.rf/gntv_or_sync_fifo.gcx.clkx/wr_pntr_cdc_inst/src_gray_ff_reg[0]} \
          {U0_ps_ai_peripheral/frame_to_ps_inst0/frame_read_write_m0/read_buf/U0/inst_fifo_gen/gconvfifo.rf/grf.rf/gntv_or_sync_fifo.gcx.clkx/wr_pntr_cdc_inst/src_gray_ff_reg[10]} \
          {U0_ps_ai_peripheral/frame_to_ps_inst0/frame_read_write_m0/read_buf/U0/inst_fifo_gen/gconvfifo.rf/grf.rf/gntv_or_sync_fifo.gcx.clkx/wr_pntr_cdc_inst/src_gray_ff_reg[11]} \
          {U0_ps_ai_peripheral/frame_to_ps_inst0/frame_read_write_m0/read_buf/U0/inst_fifo_gen/gconvfifo.rf/grf.rf/gntv_or_sync_fifo.gcx.clkx/wr_pntr_cdc_inst/src_gray_ff_reg[12]} \
          {U0_ps_ai_peripheral/frame_to_ps_inst0/frame_read_write_m0/read_buf/U0/inst_fifo_gen/gconvfifo.rf/grf.rf/gntv_or_sync_fifo.gcx.clkx/wr_pntr_cdc_inst/src_gray_ff_reg[13]} \
          {U0_ps_ai_peripheral/frame_to_ps_inst0/frame_read_write_m0/read_buf/U0/inst_fifo_gen/gconvfifo.rf/grf.rf/gntv_or_sync_fifo.gcx.clkx/wr_pntr_cdc_inst/src_gray_ff_reg[14]} \
          {U0_ps_ai_peripheral/frame_to_ps_inst0/frame_read_write_m0/read_buf/U0/inst_fifo_gen/gconvfifo.rf/grf.rf/gntv_or_sync_fifo.gcx.clkx/wr_pntr_cdc_inst/src_gray_ff_reg[1]} \
          {U0_ps_ai_peripheral/frame_to_ps_inst0/frame_read_write_m0/read_buf/U0/inst_fifo_gen/gconvfifo.rf/grf.rf/gntv_or_sync_fifo.gcx.clkx/wr_pntr_cdc_inst/src_gray_ff_reg[2]} \
          {U0_ps_ai_peripheral/frame_to_ps_inst0/frame_read_write_m0/read_buf/U0/inst_fifo_gen/gconvfifo.rf/grf.rf/gntv_or_sync_fifo.gcx.clkx/wr_pntr_cdc_inst/src_gray_ff_reg[3]} \
          {U0_ps_ai_peripheral/frame_to_ps_inst0/frame_read_write_m0/read_buf/U0/inst_fifo_gen/gconvfifo.rf/grf.rf/gntv_or_sync_fifo.gcx.clkx/wr_pntr_cdc_inst/src_gray_ff_reg[4]} \
          {U0_ps_ai_peripheral/frame_to_ps_inst0/frame_read_write_m0/read_buf/U0/inst_fifo_gen/gconvfifo.rf/grf.rf/gntv_or_sync_fifo.gcx.clkx/wr_pntr_cdc_inst/src_gray_ff_reg[5]} \
          {U0_ps_ai_peripheral/frame_to_ps_inst0/frame_read_write_m0/read_buf/U0/inst_fifo_gen/gconvfifo.rf/grf.rf/gntv_or_sync_fifo.gcx.clkx/wr_pntr_cdc_inst/src_gray_ff_reg[6]} \
          {U0_ps_ai_peripheral/frame_to_ps_inst0/frame_read_write_m0/read_buf/U0/inst_fifo_gen/gconvfifo.rf/grf.rf/gntv_or_sync_fifo.gcx.clkx/wr_pntr_cdc_inst/src_gray_ff_reg[7]} \
          {U0_ps_ai_peripheral/frame_to_ps_inst0/frame_read_write_m0/read_buf/U0/inst_fifo_gen/gconvfifo.rf/grf.rf/gntv_or_sync_fifo.gcx.clkx/wr_pntr_cdc_inst/src_gray_ff_reg[8]} \
          {U0_ps_ai_peripheral/frame_to_ps_inst0/frame_read_write_m0/read_buf/U0/inst_fifo_gen/gconvfifo.rf/grf.rf/gntv_or_sync_fifo.gcx.clkx/wr_pntr_cdc_inst/src_gray_ff_reg[9]}]] -to [get_cells [list {U0_ps_ai_peripheral/frame_to_ps_inst0/frame_read_write_m0/read_buf/U0/inst_fifo_gen/gconvfifo.rf/grf.rf/gntv_or_sync_fifo.gcx.clkx/wr_pntr_cdc_inst/dest_graysync_ff_reg[0][0]} \
          {U0_ps_ai_peripheral/frame_to_ps_inst0/frame_read_write_m0/read_buf/U0/inst_fifo_gen/gconvfifo.rf/grf.rf/gntv_or_sync_fifo.gcx.clkx/wr_pntr_cdc_inst/dest_graysync_ff_reg[0][10]} \
          {U0_ps_ai_peripheral/frame_to_ps_inst0/frame_read_write_m0/read_buf/U0/inst_fifo_gen/gconvfifo.rf/grf.rf/gntv_or_sync_fifo.gcx.clkx/wr_pntr_cdc_inst/dest_graysync_ff_reg[0][11]} \
          {U0_ps_ai_peripheral/frame_to_ps_inst0/frame_read_write_m0/read_buf/U0/inst_fifo_gen/gconvfifo.rf/grf.rf/gntv_or_sync_fifo.gcx.clkx/wr_pntr_cdc_inst/dest_graysync_ff_reg[0][12]} \
          {U0_ps_ai_peripheral/frame_to_ps_inst0/frame_read_write_m0/read_buf/U0/inst_fifo_gen/gconvfifo.rf/grf.rf/gntv_or_sync_fifo.gcx.clkx/wr_pntr_cdc_inst/dest_graysync_ff_reg[0][13]} \
          {U0_ps_ai_peripheral/frame_to_ps_inst0/frame_read_write_m0/read_buf/U0/inst_fifo_gen/gconvfifo.rf/grf.rf/gntv_or_sync_fifo.gcx.clkx/wr_pntr_cdc_inst/dest_graysync_ff_reg[0][14]} \
          {U0_ps_ai_peripheral/frame_to_ps_inst0/frame_read_write_m0/read_buf/U0/inst_fifo_gen/gconvfifo.rf/grf.rf/gntv_or_sync_fifo.gcx.clkx/wr_pntr_cdc_inst/dest_graysync_ff_reg[0][1]} \
          {U0_ps_ai_peripheral/frame_to_ps_inst0/frame_read_write_m0/read_buf/U0/inst_fifo_gen/gconvfifo.rf/grf.rf/gntv_or_sync_fifo.gcx.clkx/wr_pntr_cdc_inst/dest_graysync_ff_reg[0][2]} \
          {U0_ps_ai_peripheral/frame_to_ps_inst0/frame_read_write_m0/read_buf/U0/inst_fifo_gen/gconvfifo.rf/grf.rf/gntv_or_sync_fifo.gcx.clkx/wr_pntr_cdc_inst/dest_graysync_ff_reg[0][3]} \
          {U0_ps_ai_peripheral/frame_to_ps_inst0/frame_read_write_m0/read_buf/U0/inst_fifo_gen/gconvfifo.rf/grf.rf/gntv_or_sync_fifo.gcx.clkx/wr_pntr_cdc_inst/dest_graysync_ff_reg[0][4]} \
          {U0_ps_ai_peripheral/frame_to_ps_inst0/frame_read_write_m0/read_buf/U0/inst_fifo_gen/gconvfifo.rf/grf.rf/gntv_or_sync_fifo.gcx.clkx/wr_pntr_cdc_inst/dest_graysync_ff_reg[0][5]} \
          {U0_ps_ai_peripheral/frame_to_ps_inst0/frame_read_write_m0/read_buf/U0/inst_fifo_gen/gconvfifo.rf/grf.rf/gntv_or_sync_fifo.gcx.clkx/wr_pntr_cdc_inst/dest_graysync_ff_reg[0][6]} \
          {U0_ps_ai_peripheral/frame_to_ps_inst0/frame_read_write_m0/read_buf/U0/inst_fifo_gen/gconvfifo.rf/grf.rf/gntv_or_sync_fifo.gcx.clkx/wr_pntr_cdc_inst/dest_graysync_ff_reg[0][7]} \
          {U0_ps_ai_peripheral/frame_to_ps_inst0/frame_read_write_m0/read_buf/U0/inst_fifo_gen/gconvfifo.rf/grf.rf/gntv_or_sync_fifo.gcx.clkx/wr_pntr_cdc_inst/dest_graysync_ff_reg[0][8]} \
          {U0_ps_ai_peripheral/frame_to_ps_inst0/frame_read_write_m0/read_buf/U0/inst_fifo_gen/gconvfifo.rf/grf.rf/gntv_or_sync_fifo.gcx.clkx/wr_pntr_cdc_inst/dest_graysync_ff_reg[0][9]}]] 5.000
Requirement: 5.000ns
Endpoints: 15

From Clock            To Clock              Endpoint Pin                    Reference Pin                   Corner  Actual(ns)  Slack(ns)
--------------------  --------------------  ------------------------------  ------------------------------  ------  ----------  ---------
clk_pll_i             rx_sdi_inst/SDI0/SDI/GTX_i/gtxe2_i/RXOUTCLK
                                            U0_ps_ai_peripheral/frame_to_ps_inst0/frame_read_write_m0/read_buf/U0/inst_fifo_gen/gconvfifo.rf/grf.rf/gntv_or_sync_fifo.gcx.clkx/wr_pntr_cdc_inst/dest_graysync_ff_reg[0][2]/D
                                                                            U0_ps_ai_peripheral/frame_to_ps_inst0/frame_read_write_m0/read_buf/U0/inst_fifo_gen/gconvfifo.rf/grf.rf/gntv_or_sync_fifo.gcx.clkx/wr_pntr_cdc_inst/dest_graysync_ff_reg[0][14]/D
                                                                                                            Slow         2.997      2.003


Slack (MET) :             2.003ns  (requirement - actual skew)
  Endpoint Source:        U0_ps_ai_peripheral/frame_to_ps_inst0/frame_read_write_m0/read_buf/U0/inst_fifo_gen/gconvfifo.rf/grf.rf/gntv_or_sync_fifo.gcx.clkx/wr_pntr_cdc_inst/src_gray_ff_reg[2]/C
                            (rising edge-triggered cell FDRE clocked by clk_pll_i)
  Endpoint Destination:   U0_ps_ai_peripheral/frame_to_ps_inst0/frame_read_write_m0/read_buf/U0/inst_fifo_gen/gconvfifo.rf/grf.rf/gntv_or_sync_fifo.gcx.clkx/wr_pntr_cdc_inst/dest_graysync_ff_reg[0][2]/D
                            (rising edge-triggered cell FDRE clocked by rx_sdi_inst/SDI0/SDI/GTX_i/gtxe2_i/RXOUTCLK)
  Reference Source:       U0_ps_ai_peripheral/frame_to_ps_inst0/frame_read_write_m0/read_buf/U0/inst_fifo_gen/gconvfifo.rf/grf.rf/gntv_or_sync_fifo.gcx.clkx/wr_pntr_cdc_inst/src_gray_ff_reg[14]/C
                            (rising edge-triggered cell FDRE clocked by clk_pll_i)
  Reference Destination:  U0_ps_ai_peripheral/frame_to_ps_inst0/frame_read_write_m0/read_buf/U0/inst_fifo_gen/gconvfifo.rf/grf.rf/gntv_or_sync_fifo.gcx.clkx/wr_pntr_cdc_inst/dest_graysync_ff_reg[0][14]/D
                            (rising edge-triggered cell FDRE clocked by clk_pll_i)
  Path Type:              Bus Skew (Max at Slow Process Corner)
  Requirement:            5.000ns
  Endpoint Relative Delay:    1.143ns
  Reference Relative Delay:  -1.737ns
  Relative CRPR:              0.033ns
  Uncertainty:                0.150ns
  Actual Bus Skew:            2.997ns  (Endpoint Relative Delay - Reference Relative Delay - Relative CRPR + Uncertainty)

Endpoint path:
    Pin Reuse     Location             Delay type                Incr(ns)  Path(ns)    Netlist Resource(s)
  ---------------------------------------------------------------------------------    -------------------
                                       (clock clk_pll_i rise edge)
                                                                    0.000     0.000 r  
                  C8                                                0.000     0.000 r  sys_clk_p (IN)
                                       net (fo=0)                   0.000     0.000    U0_ps_ai_peripheral/mig_ddr3_u0/u_mig_7series_0_mig/u_ddr3_clk_ibuf/sys_clk_p
                  C8                   IBUFDS (Prop_ibufds_I_O)     0.855     0.855 r  U0_ps_ai_peripheral/mig_ddr3_u0/u_mig_7series_0_mig/u_ddr3_clk_ibuf/diff_input_clk.u_ibufg_sys_clk/O
                                       net (fo=3, routed)           1.098     1.953    U0_ps_ai_peripheral/mig_ddr3_u0/u_mig_7series_0_mig/u_ddr3_infrastructure/out
                  PLLE2_ADV_X1Y2       PLLE2_ADV (Prop_plle2_adv_CLKIN1_CLKOUT3)
                                                                    0.077     2.030 r  U0_ps_ai_peripheral/mig_ddr3_u0/u_mig_7series_0_mig/u_ddr3_infrastructure/plle2_i/CLKOUT3
                                       net (fo=1, routed)           1.145     3.175    U0_ps_ai_peripheral/mig_ddr3_u0/u_mig_7series_0_mig/u_ddr3_infrastructure/pll_clk3_out
                  BUFHCE_X1Y24         BUFH (Prop_bufh_I_O)         0.103     3.278 r  U0_ps_ai_peripheral/mig_ddr3_u0/u_mig_7series_0_mig/u_ddr3_infrastructure/u_bufh_pll_clk3/O
                                       net (fo=1, routed)           0.779     4.057    U0_ps_ai_peripheral/mig_ddr3_u0/u_mig_7series_0_mig/u_ddr3_infrastructure/pll_clk3
                  MMCME2_ADV_X1Y2      MMCME2_ADV (Prop_mmcme2_adv_CLKIN1_CLKFBOUT)
                                                                   -2.933     1.124 r  U0_ps_ai_peripheral/mig_ddr3_u0/u_mig_7series_0_mig/u_ddr3_infrastructure/gen_mmcm.mmcm_i/CLKFBOUT
                                       net (fo=1, routed)           1.442     2.566    U0_ps_ai_peripheral/mig_ddr3_u0/u_mig_7series_0_mig/u_ddr3_infrastructure/clk_pll_i
                  BUFGCTRL_X0Y16       BUFG (Prop_bufg_I_O)         0.093     2.659 r  U0_ps_ai_peripheral/mig_ddr3_u0/u_mig_7series_0_mig/u_ddr3_infrastructure/u_bufg_clkdiv0/O
                                       net (fo=103920, routed)      1.392     4.051    U0_ps_ai_peripheral/frame_to_ps_inst0/frame_read_write_m0/read_buf/U0/inst_fifo_gen/gconvfifo.rf/grf.rf/gntv_or_sync_fifo.gcx.clkx/wr_pntr_cdc_inst/src_clk
                  SLICE_X76Y25         FDRE                                         r  U0_ps_ai_peripheral/frame_to_ps_inst0/frame_read_write_m0/read_buf/U0/inst_fifo_gen/gconvfifo.rf/grf.rf/gntv_or_sync_fifo.gcx.clkx/wr_pntr_cdc_inst/src_gray_ff_reg[2]/C
  ---------------------------------------------------------------------------------    -------------------
    Placement     SLICE_X76Y25         FDRE (Prop_fdre_C_Q)         0.223     4.274 r  U0_ps_ai_peripheral/frame_to_ps_inst0/frame_read_write_m0/read_buf/U0/inst_fifo_gen/gconvfifo.rf/grf.rf/gntv_or_sync_fifo.gcx.clkx/wr_pntr_cdc_inst/src_gray_ff_reg[2]/Q
                                       net (fo=1, routed)           1.181     5.455    U0_ps_ai_peripheral/frame_to_ps_inst0/frame_read_write_m0/read_buf/U0/inst_fifo_gen/gconvfifo.rf/grf.rf/gntv_or_sync_fifo.gcx.clkx/wr_pntr_cdc_inst/async_path[2]
    Placement     SLICE_X49Y12         FDRE                                         r  U0_ps_ai_peripheral/frame_to_ps_inst0/frame_read_write_m0/read_buf/U0/inst_fifo_gen/gconvfifo.rf/grf.rf/gntv_or_sync_fifo.gcx.clkx/wr_pntr_cdc_inst/dest_graysync_ff_reg[0][2]/D
  ---------------------------------------------------------------------------------    -------------------

                                       (clock rx_sdi_inst/SDI0/SDI/GTX_i/gtxe2_i/RXOUTCLK rise edge)
                                                                    0.000     0.000 r  
                  GTXE2_CHANNEL_X0Y0   GTXE2_CHANNEL                0.000     0.000 r  rx_sdi_inst/SDI0/SDI/GTX_i/gtxe2_i/RXOUTCLK
                                       net (fo=1, routed)           1.154     1.154    rx_sdi_inst/SDI0/SDI/rx_outclk
                  BUFGCTRL_X0Y1        BUFG (Prop_bufg_I_O)         0.083     1.237 r  rx_sdi_inst/SDI0/SDI/BUFGRX/O
                                       net (fo=645, routed)         1.630     2.867    rx_sdi_inst/SDI0/SDI/cpllpd_wait_reg[95]__0_0
                  SLICE_X108Y38        LUT3 (Prop_lut3_I2_O)        0.036     2.903 r  rx_sdi_inst/SDI0/SDI/cam_clk_inferred_i_1/O
                                       net (fo=1681, routed)        1.418     4.321    U0_ps_ai_peripheral/frame_to_ps_inst0/frame_read_write_m0/read_buf/U0/inst_fifo_gen/gconvfifo.rf/grf.rf/gntv_or_sync_fifo.gcx.clkx/wr_pntr_cdc_inst/dest_clk
                  SLICE_X49Y12         FDRE                                         r  U0_ps_ai_peripheral/frame_to_ps_inst0/frame_read_write_m0/read_buf/U0/inst_fifo_gen/gconvfifo.rf/grf.rf/gntv_or_sync_fifo.gcx.clkx/wr_pntr_cdc_inst/dest_graysync_ff_reg[0][2]/C
                                       clock pessimism              0.000     4.321    
                  SLICE_X49Y12         FDRE (Setup_fdre_C_D)       -0.009     4.312    U0_ps_ai_peripheral/frame_to_ps_inst0/frame_read_write_m0/read_buf/U0/inst_fifo_gen/gconvfifo.rf/grf.rf/gntv_or_sync_fifo.gcx.clkx/wr_pntr_cdc_inst/dest_graysync_ff_reg[0][2]
  ---------------------------------------------------------------------------------
                                       data arrival                           5.455    
                                       clock arrival                          4.312    
  ---------------------------------------------------------------------------------
                                       relative delay                         1.143    

Reference path:
    Pin Reuse     Location             Delay type                Incr(ns)  Path(ns)    Netlist Resource(s)
  ---------------------------------------------------------------------------------    -------------------
                                       (clock clk_pll_i rise edge)
                                                                    0.000     0.000 r  
                  C8                                                0.000     0.000 r  sys_clk_p (IN)
                                       net (fo=0)                   0.000     0.000    U0_ps_ai_peripheral/mig_ddr3_u0/u_mig_7series_0_mig/u_ddr3_clk_ibuf/sys_clk_p
                  C8                   IBUFDS (Prop_ibufds_I_O)     0.758     0.758 r  U0_ps_ai_peripheral/mig_ddr3_u0/u_mig_7series_0_mig/u_ddr3_clk_ibuf/diff_input_clk.u_ibufg_sys_clk/O
                                       net (fo=3, routed)           1.001     1.759    U0_ps_ai_peripheral/mig_ddr3_u0/u_mig_7series_0_mig/u_ddr3_infrastructure/out
                  PLLE2_ADV_X1Y2       PLLE2_ADV (Prop_plle2_adv_CLKIN1_CLKOUT3)
                                                                    0.073     1.832 r  U0_ps_ai_peripheral/mig_ddr3_u0/u_mig_7series_0_mig/u_ddr3_infrastructure/plle2_i/CLKOUT3
                                       net (fo=1, routed)           1.033     2.865    U0_ps_ai_peripheral/mig_ddr3_u0/u_mig_7series_0_mig/u_ddr3_infrastructure/pll_clk3_out
                  BUFHCE_X1Y24         BUFH (Prop_bufh_I_O)         0.066     2.931 r  U0_ps_ai_peripheral/mig_ddr3_u0/u_mig_7series_0_mig/u_ddr3_infrastructure/u_bufh_pll_clk3/O
                                       net (fo=1, routed)           0.710     3.641    U0_ps_ai_peripheral/mig_ddr3_u0/u_mig_7series_0_mig/u_ddr3_infrastructure/pll_clk3
                  MMCME2_ADV_X1Y2      MMCME2_ADV (Prop_mmcme2_adv_CLKIN1_CLKFBOUT)
                                                                   -2.652     0.989 r  U0_ps_ai_peripheral/mig_ddr3_u0/u_mig_7series_0_mig/u_ddr3_infrastructure/gen_mmcm.mmcm_i/CLKFBOUT
                                       net (fo=1, routed)           1.333     2.322    U0_ps_ai_peripheral/mig_ddr3_u0/u_mig_7series_0_mig/u_ddr3_infrastructure/clk_pll_i
                  BUFGCTRL_X0Y16       BUFG (Prop_bufg_I_O)         0.083     2.405 r  U0_ps_ai_peripheral/mig_ddr3_u0/u_mig_7series_0_mig/u_ddr3_infrastructure/u_bufg_clkdiv0/O
                                       net (fo=103920, routed)      1.265     3.670    U0_ps_ai_peripheral/frame_to_ps_inst0/frame_read_write_m0/read_buf/U0/inst_fifo_gen/gconvfifo.rf/grf.rf/gntv_or_sync_fifo.gcx.clkx/wr_pntr_cdc_inst/src_clk
                  SLICE_X53Y7          FDRE                                         r  U0_ps_ai_peripheral/frame_to_ps_inst0/frame_read_write_m0/read_buf/U0/inst_fifo_gen/gconvfifo.rf/grf.rf/gntv_or_sync_fifo.gcx.clkx/wr_pntr_cdc_inst/src_gray_ff_reg[14]/C
  ---------------------------------------------------------------------------------    -------------------
    Placement     SLICE_X53Y7          FDRE (Prop_fdre_C_Q)         0.162     3.832 r  U0_ps_ai_peripheral/frame_to_ps_inst0/frame_read_write_m0/read_buf/U0/inst_fifo_gen/gconvfifo.rf/grf.rf/gntv_or_sync_fifo.gcx.clkx/wr_pntr_cdc_inst/src_gray_ff_reg[14]/Q
                                       net (fo=1, routed)           0.321     4.153    U0_ps_ai_peripheral/frame_to_ps_inst0/frame_read_write_m0/read_buf/U0/inst_fifo_gen/gconvfifo.rf/grf.rf/gntv_or_sync_fifo.gcx.clkx/wr_pntr_cdc_inst/async_path[14]
    Placement     SLICE_X55Y7          FDRE                                         r  U0_ps_ai_peripheral/frame_to_ps_inst0/frame_read_write_m0/read_buf/U0/inst_fifo_gen/gconvfifo.rf/grf.rf/gntv_or_sync_fifo.gcx.clkx/wr_pntr_cdc_inst/dest_graysync_ff_reg[0][14]/D
  ---------------------------------------------------------------------------------    -------------------

                                       (clock clk_pll_i rise edge)
                                                                    0.000     0.000 r  
                  C8                                                0.000     0.000 r  sys_clk_p (IN)
                                       net (fo=0)                   0.000     0.000    U0_ps_ai_peripheral/mig_ddr3_u0/u_mig_7series_0_mig/u_ddr3_clk_ibuf/sys_clk_p
                  C8                   IBUFDS (Prop_ibufds_I_O)     0.855     0.855 r  U0_ps_ai_peripheral/mig_ddr3_u0/u_mig_7series_0_mig/u_ddr3_clk_ibuf/diff_input_clk.u_ibufg_sys_clk/O
                                       net (fo=3, routed)           1.098     1.953    U0_ps_ai_peripheral/mig_ddr3_u0/u_mig_7series_0_mig/u_ddr3_infrastructure/out
                  PLLE2_ADV_X1Y2       PLLE2_ADV (Prop_plle2_adv_CLKIN1_CLKOUT3)
                                                                    0.077     2.030 r  U0_ps_ai_peripheral/mig_ddr3_u0/u_mig_7series_0_mig/u_ddr3_infrastructure/plle2_i/CLKOUT3
                                       net (fo=1, routed)           1.145     3.175    U0_ps_ai_peripheral/mig_ddr3_u0/u_mig_7series_0_mig/u_ddr3_infrastructure/pll_clk3_out
                  BUFHCE_X1Y24         BUFH (Prop_bufh_I_O)         0.103     3.278 r  U0_ps_ai_peripheral/mig_ddr3_u0/u_mig_7series_0_mig/u_ddr3_infrastructure/u_bufh_pll_clk3/O
                                       net (fo=1, routed)           0.779     4.057    U0_ps_ai_peripheral/mig_ddr3_u0/u_mig_7series_0_mig/u_ddr3_infrastructure/pll_clk3
                  MMCME2_ADV_X1Y2      MMCME2_ADV (Prop_mmcme2_adv_CLKIN1_CLKFBOUT)
                                                                   -2.933     1.124 r  U0_ps_ai_peripheral/mig_ddr3_u0/u_mig_7series_0_mig/u_ddr3_infrastructure/gen_mmcm.mmcm_i/CLKFBOUT
                                       net (fo=1, routed)           1.442     2.566    U0_ps_ai_peripheral/mig_ddr3_u0/u_mig_7series_0_mig/u_ddr3_infrastructure/clk_pll_i
                  BUFGCTRL_X0Y16       BUFG (Prop_bufg_I_O)         0.093     2.659 r  U0_ps_ai_peripheral/mig_ddr3_u0/u_mig_7series_0_mig/u_ddr3_infrastructure/u_bufg_clkdiv0/O
                                       net (fo=103920, routed)      1.702     4.360    rx_sdi_inst/SDI0/SDI/ui_clk
                  SLICE_X108Y38        LUT3 (Prop_lut3_I1_O)        0.043     4.403 r  rx_sdi_inst/SDI0/SDI/cam_clk_inferred_i_1/O
                                       net (fo=1681, routed)        1.688     6.092    U0_ps_ai_peripheral/frame_to_ps_inst0/frame_read_write_m0/read_buf/U0/inst_fifo_gen/gconvfifo.rf/grf.rf/gntv_or_sync_fifo.gcx.clkx/wr_pntr_cdc_inst/dest_clk
                  SLICE_X55Y7          FDRE                                         r  U0_ps_ai_peripheral/frame_to_ps_inst0/frame_read_write_m0/read_buf/U0/inst_fifo_gen/gconvfifo.rf/grf.rf/gntv_or_sync_fifo.gcx.clkx/wr_pntr_cdc_inst/dest_graysync_ff_reg[0][14]/C
                                       clock pessimism             -0.253     5.838    
                  SLICE_X55Y7          FDRE (Hold_fdre_C_D)         0.052     5.890    U0_ps_ai_peripheral/frame_to_ps_inst0/frame_read_write_m0/read_buf/U0/inst_fifo_gen/gconvfifo.rf/grf.rf/gntv_or_sync_fifo.gcx.clkx/wr_pntr_cdc_inst/dest_graysync_ff_reg[0][14]
  ---------------------------------------------------------------------------------
                                       data arrival                           4.153    
                                       clock arrival                          5.890    
  ---------------------------------------------------------------------------------
                                       relative delay                        -1.737    



Id: 6
set_bus_skew -from [get_cells [list {U0_ps_ai_peripheral/frame_to_ps_inst0/frame_read_write_m0/read_buf/U0/inst_fifo_gen/gconvfifo.rf/grf.rf/gntv_or_sync_fifo.gcx.clkx/rd_pntr_cdc_inst/src_gray_ff_reg[9]} \
          {U0_ps_ai_peripheral/frame_to_ps_inst0/frame_read_write_m0/read_buf/U0/inst_fifo_gen/gconvfifo.rf/grf.rf/gntv_or_sync_fifo.gcx.clkx/rd_pntr_cdc_inst/src_gray_ff_reg[10]} \
          {U0_ps_ai_peripheral/frame_to_ps_inst0/frame_read_write_m0/read_buf/U0/inst_fifo_gen/gconvfifo.rf/grf.rf/gntv_or_sync_fifo.gcx.clkx/rd_pntr_cdc_inst/src_gray_ff_reg[11]} \
          {U0_ps_ai_peripheral/frame_to_ps_inst0/frame_read_write_m0/read_buf/U0/inst_fifo_gen/gconvfifo.rf/grf.rf/gntv_or_sync_fifo.gcx.clkx/rd_pntr_cdc_inst/src_gray_ff_reg[12]} \
          {U0_ps_ai_peripheral/frame_to_ps_inst0/frame_read_write_m0/read_buf/U0/inst_fifo_gen/gconvfifo.rf/grf.rf/gntv_or_sync_fifo.gcx.clkx/rd_pntr_cdc_inst/src_gray_ff_reg[13]} \
          {U0_ps_ai_peripheral/frame_to_ps_inst0/frame_read_write_m0/read_buf/U0/inst_fifo_gen/gconvfifo.rf/grf.rf/gntv_or_sync_fifo.gcx.clkx/rd_pntr_cdc_inst/src_gray_ff_reg[14]} \
          {U0_ps_ai_peripheral/frame_to_ps_inst0/frame_read_write_m0/read_buf/U0/inst_fifo_gen/gconvfifo.rf/grf.rf/gntv_or_sync_fifo.gcx.clkx/rd_pntr_cdc_inst/src_gray_ff_reg[15]} \
          {U0_ps_ai_peripheral/frame_to_ps_inst0/frame_read_write_m0/read_buf/U0/inst_fifo_gen/gconvfifo.rf/grf.rf/gntv_or_sync_fifo.gcx.clkx/rd_pntr_cdc_inst/src_gray_ff_reg[16]} \
          {U0_ps_ai_peripheral/frame_to_ps_inst0/frame_read_write_m0/read_buf/U0/inst_fifo_gen/gconvfifo.rf/grf.rf/gntv_or_sync_fifo.gcx.clkx/rd_pntr_cdc_inst/src_gray_ff_reg[8]} \
          {U0_ps_ai_peripheral/frame_to_ps_inst0/frame_read_write_m0/read_buf/U0/inst_fifo_gen/gconvfifo.rf/grf.rf/gntv_or_sync_fifo.gcx.clkx/rd_pntr_cdc_inst/src_gray_ff_reg[2]} \
          {U0_ps_ai_peripheral/frame_to_ps_inst0/frame_read_write_m0/read_buf/U0/inst_fifo_gen/gconvfifo.rf/grf.rf/gntv_or_sync_fifo.gcx.clkx/rd_pntr_cdc_inst/src_gray_ff_reg[3]} \
          {U0_ps_ai_peripheral/frame_to_ps_inst0/frame_read_write_m0/read_buf/U0/inst_fifo_gen/gconvfifo.rf/grf.rf/gntv_or_sync_fifo.gcx.clkx/rd_pntr_cdc_inst/src_gray_ff_reg[4]} \
          {U0_ps_ai_peripheral/frame_to_ps_inst0/frame_read_write_m0/read_buf/U0/inst_fifo_gen/gconvfifo.rf/grf.rf/gntv_or_sync_fifo.gcx.clkx/rd_pntr_cdc_inst/src_gray_ff_reg[5]} \
          {U0_ps_ai_peripheral/frame_to_ps_inst0/frame_read_write_m0/read_buf/U0/inst_fifo_gen/gconvfifo.rf/grf.rf/gntv_or_sync_fifo.gcx.clkx/rd_pntr_cdc_inst/src_gray_ff_reg[6]} \
          {U0_ps_ai_peripheral/frame_to_ps_inst0/frame_read_write_m0/read_buf/U0/inst_fifo_gen/gconvfifo.rf/grf.rf/gntv_or_sync_fifo.gcx.clkx/rd_pntr_cdc_inst/src_gray_ff_reg[7]}]] -to [get_cells [list {U0_ps_ai_peripheral/frame_to_ps_inst0/frame_read_write_m0/read_buf/U0/inst_fifo_gen/gconvfifo.rf/grf.rf/gntv_or_sync_fifo.gcx.clkx/rd_pntr_cdc_inst/dest_graysync_ff_reg[0][9]} \
          {U0_ps_ai_peripheral/frame_to_ps_inst0/frame_read_write_m0/read_buf/U0/inst_fifo_gen/gconvfifo.rf/grf.rf/gntv_or_sync_fifo.gcx.clkx/rd_pntr_cdc_inst/dest_graysync_ff_reg[0][10]} \
          {U0_ps_ai_peripheral/frame_to_ps_inst0/frame_read_write_m0/read_buf/U0/inst_fifo_gen/gconvfifo.rf/grf.rf/gntv_or_sync_fifo.gcx.clkx/rd_pntr_cdc_inst/dest_graysync_ff_reg[0][11]} \
          {U0_ps_ai_peripheral/frame_to_ps_inst0/frame_read_write_m0/read_buf/U0/inst_fifo_gen/gconvfifo.rf/grf.rf/gntv_or_sync_fifo.gcx.clkx/rd_pntr_cdc_inst/dest_graysync_ff_reg[0][12]} \
          {U0_ps_ai_peripheral/frame_to_ps_inst0/frame_read_write_m0/read_buf/U0/inst_fifo_gen/gconvfifo.rf/grf.rf/gntv_or_sync_fifo.gcx.clkx/rd_pntr_cdc_inst/dest_graysync_ff_reg[0][13]} \
          {U0_ps_ai_peripheral/frame_to_ps_inst0/frame_read_write_m0/read_buf/U0/inst_fifo_gen/gconvfifo.rf/grf.rf/gntv_or_sync_fifo.gcx.clkx/rd_pntr_cdc_inst/dest_graysync_ff_reg[0][14]} \
          {U0_ps_ai_peripheral/frame_to_ps_inst0/frame_read_write_m0/read_buf/U0/inst_fifo_gen/gconvfifo.rf/grf.rf/gntv_or_sync_fifo.gcx.clkx/rd_pntr_cdc_inst/dest_graysync_ff_reg[0][15]} \
          {U0_ps_ai_peripheral/frame_to_ps_inst0/frame_read_write_m0/read_buf/U0/inst_fifo_gen/gconvfifo.rf/grf.rf/gntv_or_sync_fifo.gcx.clkx/rd_pntr_cdc_inst/dest_graysync_ff_reg[0][16]} \
          {U0_ps_ai_peripheral/frame_to_ps_inst0/frame_read_write_m0/read_buf/U0/inst_fifo_gen/gconvfifo.rf/grf.rf/gntv_or_sync_fifo.gcx.clkx/rd_pntr_cdc_inst/dest_graysync_ff_reg[0][8]} \
          {U0_ps_ai_peripheral/frame_to_ps_inst0/frame_read_write_m0/read_buf/U0/inst_fifo_gen/gconvfifo.rf/grf.rf/gntv_or_sync_fifo.gcx.clkx/rd_pntr_cdc_inst/dest_graysync_ff_reg[0][2]} \
          {U0_ps_ai_peripheral/frame_to_ps_inst0/frame_read_write_m0/read_buf/U0/inst_fifo_gen/gconvfifo.rf/grf.rf/gntv_or_sync_fifo.gcx.clkx/rd_pntr_cdc_inst/dest_graysync_ff_reg[0][3]} \
          {U0_ps_ai_peripheral/frame_to_ps_inst0/frame_read_write_m0/read_buf/U0/inst_fifo_gen/gconvfifo.rf/grf.rf/gntv_or_sync_fifo.gcx.clkx/rd_pntr_cdc_inst/dest_graysync_ff_reg[0][4]} \
          {U0_ps_ai_peripheral/frame_to_ps_inst0/frame_read_write_m0/read_buf/U0/inst_fifo_gen/gconvfifo.rf/grf.rf/gntv_or_sync_fifo.gcx.clkx/rd_pntr_cdc_inst/dest_graysync_ff_reg[0][5]} \
          {U0_ps_ai_peripheral/frame_to_ps_inst0/frame_read_write_m0/read_buf/U0/inst_fifo_gen/gconvfifo.rf/grf.rf/gntv_or_sync_fifo.gcx.clkx/rd_pntr_cdc_inst/dest_graysync_ff_reg[0][6]} \
          {U0_ps_ai_peripheral/frame_to_ps_inst0/frame_read_write_m0/read_buf/U0/inst_fifo_gen/gconvfifo.rf/grf.rf/gntv_or_sync_fifo.gcx.clkx/rd_pntr_cdc_inst/dest_graysync_ff_reg[0][7]}]] 5.000
Requirement: 5.000ns
Endpoints: 15

From Clock            To Clock              Endpoint Pin                    Reference Pin                   Corner  Actual(ns)  Slack(ns)
--------------------  --------------------  ------------------------------  ------------------------------  ------  ----------  ---------
clk_pll_i             clk_pll_i             U0_ps_ai_peripheral/frame_to_ps_inst0/frame_read_write_m0/read_buf/U0/inst_fifo_gen/gconvfifo.rf/grf.rf/gntv_or_sync_fifo.gcx.clkx/rd_pntr_cdc_inst/dest_graysync_ff_reg[0][14]/D
                                                                            U0_ps_ai_peripheral/frame_to_ps_inst0/frame_read_write_m0/read_buf/U0/inst_fifo_gen/gconvfifo.rf/grf.rf/gntv_or_sync_fifo.gcx.clkx/rd_pntr_cdc_inst/dest_graysync_ff_reg[0][12]/D
                                                                                                            Slow         2.800      2.200


Slack (MET) :             2.200ns  (requirement - actual skew)
  Endpoint Source:        U0_ps_ai_peripheral/frame_to_ps_inst0/frame_read_write_m0/read_buf/U0/inst_fifo_gen/gconvfifo.rf/grf.rf/gntv_or_sync_fifo.gcx.clkx/rd_pntr_cdc_inst/src_gray_ff_reg[14]/C
                            (rising edge-triggered cell FDRE clocked by clk_pll_i)
  Endpoint Destination:   U0_ps_ai_peripheral/frame_to_ps_inst0/frame_read_write_m0/read_buf/U0/inst_fifo_gen/gconvfifo.rf/grf.rf/gntv_or_sync_fifo.gcx.clkx/rd_pntr_cdc_inst/dest_graysync_ff_reg[0][14]/D
                            (rising edge-triggered cell FDRE clocked by clk_pll_i)
  Reference Source:       U0_ps_ai_peripheral/frame_to_ps_inst0/frame_read_write_m0/read_buf/U0/inst_fifo_gen/gconvfifo.rf/grf.rf/gntv_or_sync_fifo.gcx.clkx/rd_pntr_cdc_inst/src_gray_ff_reg[12]/C
                            (rising edge-triggered cell FDRE clocked by rx_sdi_inst/SDI0/SDI/GTX_i/gtxe2_i/RXOUTCLK)
  Reference Destination:  U0_ps_ai_peripheral/frame_to_ps_inst0/frame_read_write_m0/read_buf/U0/inst_fifo_gen/gconvfifo.rf/grf.rf/gntv_or_sync_fifo.gcx.clkx/rd_pntr_cdc_inst/dest_graysync_ff_reg[0][12]/D
                            (rising edge-triggered cell FDRE clocked by clk_pll_i)
  Path Type:              Bus Skew (Max at Slow Process Corner)
  Requirement:            5.000ns
  Endpoint Relative Delay:    2.818ns
  Reference Relative Delay:   0.134ns
  Relative CRPR:              0.033ns
  Uncertainty:                0.150ns
  Actual Bus Skew:            2.800ns  (Endpoint Relative Delay - Reference Relative Delay - Relative CRPR + Uncertainty)

Endpoint path:
    Pin Reuse     Location             Delay type                Incr(ns)  Path(ns)    Netlist Resource(s)
  ---------------------------------------------------------------------------------    -------------------
                                       (clock clk_pll_i rise edge)
                                                                    0.000     0.000 r  
                  C8                                                0.000     0.000 r  sys_clk_p (IN)
                                       net (fo=0)                   0.000     0.000    U0_ps_ai_peripheral/mig_ddr3_u0/u_mig_7series_0_mig/u_ddr3_clk_ibuf/sys_clk_p
                  C8                   IBUFDS (Prop_ibufds_I_O)     0.855     0.855 r  U0_ps_ai_peripheral/mig_ddr3_u0/u_mig_7series_0_mig/u_ddr3_clk_ibuf/diff_input_clk.u_ibufg_sys_clk/O
                                       net (fo=3, routed)           1.098     1.953    U0_ps_ai_peripheral/mig_ddr3_u0/u_mig_7series_0_mig/u_ddr3_infrastructure/out
                  PLLE2_ADV_X1Y2       PLLE2_ADV (Prop_plle2_adv_CLKIN1_CLKOUT3)
                                                                    0.077     2.030 r  U0_ps_ai_peripheral/mig_ddr3_u0/u_mig_7series_0_mig/u_ddr3_infrastructure/plle2_i/CLKOUT3
                                       net (fo=1, routed)           1.145     3.175    U0_ps_ai_peripheral/mig_ddr3_u0/u_mig_7series_0_mig/u_ddr3_infrastructure/pll_clk3_out
                  BUFHCE_X1Y24         BUFH (Prop_bufh_I_O)         0.103     3.278 r  U0_ps_ai_peripheral/mig_ddr3_u0/u_mig_7series_0_mig/u_ddr3_infrastructure/u_bufh_pll_clk3/O
                                       net (fo=1, routed)           0.779     4.057    U0_ps_ai_peripheral/mig_ddr3_u0/u_mig_7series_0_mig/u_ddr3_infrastructure/pll_clk3
                  MMCME2_ADV_X1Y2      MMCME2_ADV (Prop_mmcme2_adv_CLKIN1_CLKFBOUT)
                                                                   -2.933     1.124 r  U0_ps_ai_peripheral/mig_ddr3_u0/u_mig_7series_0_mig/u_ddr3_infrastructure/gen_mmcm.mmcm_i/CLKFBOUT
                                       net (fo=1, routed)           1.442     2.566    U0_ps_ai_peripheral/mig_ddr3_u0/u_mig_7series_0_mig/u_ddr3_infrastructure/clk_pll_i
                  BUFGCTRL_X0Y16       BUFG (Prop_bufg_I_O)         0.093     2.659 r  U0_ps_ai_peripheral/mig_ddr3_u0/u_mig_7series_0_mig/u_ddr3_infrastructure/u_bufg_clkdiv0/O
                                       net (fo=103920, routed)      1.702     4.360    rx_sdi_inst/SDI0/SDI/ui_clk
                  SLICE_X108Y38        LUT3 (Prop_lut3_I1_O)        0.043     4.403 r  rx_sdi_inst/SDI0/SDI/cam_clk_inferred_i_1/O
                                       net (fo=1681, routed)        1.356     5.759    U0_ps_ai_peripheral/frame_to_ps_inst0/frame_read_write_m0/read_buf/U0/inst_fifo_gen/gconvfifo.rf/grf.rf/gntv_or_sync_fifo.gcx.clkx/rd_pntr_cdc_inst/src_clk
                  SLICE_X53Y35         FDRE                                         r  U0_ps_ai_peripheral/frame_to_ps_inst0/frame_read_write_m0/read_buf/U0/inst_fifo_gen/gconvfifo.rf/grf.rf/gntv_or_sync_fifo.gcx.clkx/rd_pntr_cdc_inst/src_gray_ff_reg[14]/C
  ---------------------------------------------------------------------------------    -------------------
    Placement     SLICE_X53Y35         FDRE (Prop_fdre_C_Q)         0.223     5.982 r  U0_ps_ai_peripheral/frame_to_ps_inst0/frame_read_write_m0/read_buf/U0/inst_fifo_gen/gconvfifo.rf/grf.rf/gntv_or_sync_fifo.gcx.clkx/rd_pntr_cdc_inst/src_gray_ff_reg[14]/Q
                                       net (fo=1, routed)           0.747     6.729    U0_ps_ai_peripheral/frame_to_ps_inst0/frame_read_write_m0/read_buf/U0/inst_fifo_gen/gconvfifo.rf/grf.rf/gntv_or_sync_fifo.gcx.clkx/rd_pntr_cdc_inst/async_path[14]
    Placement     SLICE_X68Y32         FDRE                                         r  U0_ps_ai_peripheral/frame_to_ps_inst0/frame_read_write_m0/read_buf/U0/inst_fifo_gen/gconvfifo.rf/grf.rf/gntv_or_sync_fifo.gcx.clkx/rd_pntr_cdc_inst/dest_graysync_ff_reg[0][14]/D
  ---------------------------------------------------------------------------------    -------------------

                                       (clock clk_pll_i rise edge)
                                                                    0.000     0.000 r  
                  C8                                                0.000     0.000 r  sys_clk_p (IN)
                                       net (fo=0)                   0.000     0.000    U0_ps_ai_peripheral/mig_ddr3_u0/u_mig_7series_0_mig/u_ddr3_clk_ibuf/sys_clk_p
                  C8                   IBUFDS (Prop_ibufds_I_O)     0.758     0.758 r  U0_ps_ai_peripheral/mig_ddr3_u0/u_mig_7series_0_mig/u_ddr3_clk_ibuf/diff_input_clk.u_ibufg_sys_clk/O
                                       net (fo=3, routed)           1.001     1.759    U0_ps_ai_peripheral/mig_ddr3_u0/u_mig_7series_0_mig/u_ddr3_infrastructure/out
                  PLLE2_ADV_X1Y2       PLLE2_ADV (Prop_plle2_adv_CLKIN1_CLKOUT3)
                                                                    0.073     1.832 r  U0_ps_ai_peripheral/mig_ddr3_u0/u_mig_7series_0_mig/u_ddr3_infrastructure/plle2_i/CLKOUT3
                                       net (fo=1, routed)           1.033     2.865    U0_ps_ai_peripheral/mig_ddr3_u0/u_mig_7series_0_mig/u_ddr3_infrastructure/pll_clk3_out
                  BUFHCE_X1Y24         BUFH (Prop_bufh_I_O)         0.066     2.931 r  U0_ps_ai_peripheral/mig_ddr3_u0/u_mig_7series_0_mig/u_ddr3_infrastructure/u_bufh_pll_clk3/O
                                       net (fo=1, routed)           0.710     3.641    U0_ps_ai_peripheral/mig_ddr3_u0/u_mig_7series_0_mig/u_ddr3_infrastructure/pll_clk3
                  MMCME2_ADV_X1Y2      MMCME2_ADV (Prop_mmcme2_adv_CLKIN1_CLKFBOUT)
                                                                   -2.652     0.989 r  U0_ps_ai_peripheral/mig_ddr3_u0/u_mig_7series_0_mig/u_ddr3_infrastructure/gen_mmcm.mmcm_i/CLKFBOUT
                                       net (fo=1, routed)           1.333     2.322    U0_ps_ai_peripheral/mig_ddr3_u0/u_mig_7series_0_mig/u_ddr3_infrastructure/clk_pll_i
                  BUFGCTRL_X0Y16       BUFG (Prop_bufg_I_O)         0.083     2.405 r  U0_ps_ai_peripheral/mig_ddr3_u0/u_mig_7series_0_mig/u_ddr3_infrastructure/u_bufg_clkdiv0/O
                                       net (fo=103920, routed)      1.262     3.667    U0_ps_ai_peripheral/frame_to_ps_inst0/frame_read_write_m0/read_buf/U0/inst_fifo_gen/gconvfifo.rf/grf.rf/gntv_or_sync_fifo.gcx.clkx/rd_pntr_cdc_inst/dest_clk
                  SLICE_X68Y32         FDRE                                         r  U0_ps_ai_peripheral/frame_to_ps_inst0/frame_read_write_m0/read_buf/U0/inst_fifo_gen/gconvfifo.rf/grf.rf/gntv_or_sync_fifo.gcx.clkx/rd_pntr_cdc_inst/dest_graysync_ff_reg[0][14]/C
                                       clock pessimism              0.253     3.921    
                  SLICE_X68Y32         FDRE (Setup_fdre_C_D)       -0.009     3.912    U0_ps_ai_peripheral/frame_to_ps_inst0/frame_read_write_m0/read_buf/U0/inst_fifo_gen/gconvfifo.rf/grf.rf/gntv_or_sync_fifo.gcx.clkx/rd_pntr_cdc_inst/dest_graysync_ff_reg[0][14]
  ---------------------------------------------------------------------------------
                                       data arrival                           6.729    
                                       clock arrival                          3.912    
  ---------------------------------------------------------------------------------
                                       relative delay                         2.818    

Reference path:
    Pin Reuse     Location             Delay type                Incr(ns)  Path(ns)    Netlist Resource(s)
  ---------------------------------------------------------------------------------    -------------------
                                       (clock rx_sdi_inst/SDI0/SDI/GTX_i/gtxe2_i/RXOUTCLK rise edge)
                                                                    0.000     0.000 r  
                  GTXE2_CHANNEL_X0Y0   GTXE2_CHANNEL                0.000     0.000 r  rx_sdi_inst/SDI0/SDI/GTX_i/gtxe2_i/RXOUTCLK
                                       net (fo=1, routed)           1.154     1.154    rx_sdi_inst/SDI0/SDI/rx_outclk
                  BUFGCTRL_X0Y1        BUFG (Prop_bufg_I_O)         0.083     1.237 r  rx_sdi_inst/SDI0/SDI/BUFGRX/O
                                       net (fo=645, routed)         1.630     2.867    rx_sdi_inst/SDI0/SDI/cpllpd_wait_reg[95]__0_0
                  SLICE_X108Y38        LUT3 (Prop_lut3_I2_O)        0.036     2.903 r  rx_sdi_inst/SDI0/SDI/cam_clk_inferred_i_1/O
                                       net (fo=1681, routed)        0.987     3.889    U0_ps_ai_peripheral/frame_to_ps_inst0/frame_read_write_m0/read_buf/U0/inst_fifo_gen/gconvfifo.rf/grf.rf/gntv_or_sync_fifo.gcx.clkx/rd_pntr_cdc_inst/src_clk
                  SLICE_X57Y38         FDRE                                         r  U0_ps_ai_peripheral/frame_to_ps_inst0/frame_read_write_m0/read_buf/U0/inst_fifo_gen/gconvfifo.rf/grf.rf/gntv_or_sync_fifo.gcx.clkx/rd_pntr_cdc_inst/src_gray_ff_reg[12]/C
  ---------------------------------------------------------------------------------    -------------------
    Placement     SLICE_X57Y38         FDRE (Prop_fdre_C_Q)         0.178     4.067 r  U0_ps_ai_peripheral/frame_to_ps_inst0/frame_read_write_m0/read_buf/U0/inst_fifo_gen/gconvfifo.rf/grf.rf/gntv_or_sync_fifo.gcx.clkx/rd_pntr_cdc_inst/src_gray_ff_reg[12]/Q
                                       net (fo=1, routed)           0.237     4.304    U0_ps_ai_peripheral/frame_to_ps_inst0/frame_read_write_m0/read_buf/U0/inst_fifo_gen/gconvfifo.rf/grf.rf/gntv_or_sync_fifo.gcx.clkx/rd_pntr_cdc_inst/async_path[12]
    Placement     SLICE_X56Y39         FDRE                                         r  U0_ps_ai_peripheral/frame_to_ps_inst0/frame_read_write_m0/read_buf/U0/inst_fifo_gen/gconvfifo.rf/grf.rf/gntv_or_sync_fifo.gcx.clkx/rd_pntr_cdc_inst/dest_graysync_ff_reg[0][12]/D
  ---------------------------------------------------------------------------------    -------------------

                                       (clock clk_pll_i rise edge)
                                                                    0.000     0.000 r  
                  C8                                                0.000     0.000 r  sys_clk_p (IN)
                                       net (fo=0)                   0.000     0.000    U0_ps_ai_peripheral/mig_ddr3_u0/u_mig_7series_0_mig/u_ddr3_clk_ibuf/sys_clk_p
                  C8                   IBUFDS (Prop_ibufds_I_O)     0.855     0.855 r  U0_ps_ai_peripheral/mig_ddr3_u0/u_mig_7series_0_mig/u_ddr3_clk_ibuf/diff_input_clk.u_ibufg_sys_clk/O
                                       net (fo=3, routed)           1.098     1.953    U0_ps_ai_peripheral/mig_ddr3_u0/u_mig_7series_0_mig/u_ddr3_infrastructure/out
                  PLLE2_ADV_X1Y2       PLLE2_ADV (Prop_plle2_adv_CLKIN1_CLKOUT3)
                                                                    0.077     2.030 r  U0_ps_ai_peripheral/mig_ddr3_u0/u_mig_7series_0_mig/u_ddr3_infrastructure/plle2_i/CLKOUT3
                                       net (fo=1, routed)           1.145     3.175    U0_ps_ai_peripheral/mig_ddr3_u0/u_mig_7series_0_mig/u_ddr3_infrastructure/pll_clk3_out
                  BUFHCE_X1Y24         BUFH (Prop_bufh_I_O)         0.103     3.278 r  U0_ps_ai_peripheral/mig_ddr3_u0/u_mig_7series_0_mig/u_ddr3_infrastructure/u_bufh_pll_clk3/O
                                       net (fo=1, routed)           0.779     4.057    U0_ps_ai_peripheral/mig_ddr3_u0/u_mig_7series_0_mig/u_ddr3_infrastructure/pll_clk3
                  MMCME2_ADV_X1Y2      MMCME2_ADV (Prop_mmcme2_adv_CLKIN1_CLKFBOUT)
                                                                   -2.933     1.124 r  U0_ps_ai_peripheral/mig_ddr3_u0/u_mig_7series_0_mig/u_ddr3_infrastructure/gen_mmcm.mmcm_i/CLKFBOUT
                                       net (fo=1, routed)           1.442     2.566    U0_ps_ai_peripheral/mig_ddr3_u0/u_mig_7series_0_mig/u_ddr3_infrastructure/clk_pll_i
                  BUFGCTRL_X0Y16       BUFG (Prop_bufg_I_O)         0.093     2.659 r  U0_ps_ai_peripheral/mig_ddr3_u0/u_mig_7series_0_mig/u_ddr3_infrastructure/u_bufg_clkdiv0/O
                                       net (fo=103920, routed)      1.393     4.052    U0_ps_ai_peripheral/frame_to_ps_inst0/frame_read_write_m0/read_buf/U0/inst_fifo_gen/gconvfifo.rf/grf.rf/gntv_or_sync_fifo.gcx.clkx/rd_pntr_cdc_inst/dest_clk
                  SLICE_X56Y39         FDRE                                         r  U0_ps_ai_peripheral/frame_to_ps_inst0/frame_read_write_m0/read_buf/U0/inst_fifo_gen/gconvfifo.rf/grf.rf/gntv_or_sync_fifo.gcx.clkx/rd_pntr_cdc_inst/dest_graysync_ff_reg[0][12]/C
                                       clock pessimism              0.000     4.052    
                  SLICE_X56Y39         FDRE (Hold_fdre_C_D)         0.118     4.170    U0_ps_ai_peripheral/frame_to_ps_inst0/frame_read_write_m0/read_buf/U0/inst_fifo_gen/gconvfifo.rf/grf.rf/gntv_or_sync_fifo.gcx.clkx/rd_pntr_cdc_inst/dest_graysync_ff_reg[0][12]
  ---------------------------------------------------------------------------------
                                       data arrival                           4.304    
                                       clock arrival                          4.170    
  ---------------------------------------------------------------------------------
                                       relative delay                         0.134    



Id: 7
set_bus_skew -from [get_cells [list {U0_ps_ai_peripheral/frame_to_ps_inst0/cmos_write_req_gen_m0/rindex_buf_2b_16w_u0/U0/inst_fifo_gen/gconvfifo.rf/grf.rf/gntv_or_sync_fifo.gcx.clkx/rd_pntr_cdc_inst/src_gray_ff_reg[0]} {U0_ps_ai_peripheral/frame_to_ps_inst0/cmos_write_req_gen_m0/rindex_buf_2b_16w_u0/U0/inst_fifo_gen/gconvfifo.rf/grf.rf/gntv_or_sync_fifo.gcx.clkx/rd_pntr_cdc_inst/src_gray_ff_reg[1]} {U0_ps_ai_peripheral/frame_to_ps_inst0/cmos_write_req_gen_m0/rindex_buf_2b_16w_u0/U0/inst_fifo_gen/gconvfifo.rf/grf.rf/gntv_or_sync_fifo.gcx.clkx/rd_pntr_cdc_inst/src_gray_ff_reg[2]} {U0_ps_ai_peripheral/frame_to_ps_inst0/cmos_write_req_gen_m0/rindex_buf_2b_16w_u0/U0/inst_fifo_gen/gconvfifo.rf/grf.rf/gntv_or_sync_fifo.gcx.clkx/rd_pntr_cdc_inst/src_gray_ff_reg[3]}]] -to [get_cells [list {U0_ps_ai_peripheral/frame_to_ps_inst0/cmos_write_req_gen_m0/rindex_buf_2b_16w_u0/U0/inst_fifo_gen/gconvfifo.rf/grf.rf/gntv_or_sync_fifo.gcx.clkx/rd_pntr_cdc_inst/dest_graysync_ff_reg[0][0]} {U0_ps_ai_peripheral/frame_to_ps_inst0/cmos_write_req_gen_m0/rindex_buf_2b_16w_u0/U0/inst_fifo_gen/gconvfifo.rf/grf.rf/gntv_or_sync_fifo.gcx.clkx/rd_pntr_cdc_inst/dest_graysync_ff_reg[0][1]} {U0_ps_ai_peripheral/frame_to_ps_inst0/cmos_write_req_gen_m0/rindex_buf_2b_16w_u0/U0/inst_fifo_gen/gconvfifo.rf/grf.rf/gntv_or_sync_fifo.gcx.clkx/rd_pntr_cdc_inst/dest_graysync_ff_reg[0][2]} {U0_ps_ai_peripheral/frame_to_ps_inst0/cmos_write_req_gen_m0/rindex_buf_2b_16w_u0/U0/inst_fifo_gen/gconvfifo.rf/grf.rf/gntv_or_sync_fifo.gcx.clkx/rd_pntr_cdc_inst/dest_graysync_ff_reg[0][3]}]] 5.000
Requirement: 5.000ns
Endpoints: 4

From Clock            To Clock              Endpoint Pin                    Reference Pin                   Corner  Actual(ns)  Slack(ns)
--------------------  --------------------  ------------------------------  ------------------------------  ------  ----------  ---------
clk_pll_i             rx_sdi_inst/SDI0/SDI/GTX_i/gtxe2_i/RXOUTCLK
                                            U0_ps_ai_peripheral/frame_to_ps_inst0/cmos_write_req_gen_m0/rindex_buf_2b_16w_u0/U0/inst_fifo_gen/gconvfifo.rf/grf.rf/gntv_or_sync_fifo.gcx.clkx/rd_pntr_cdc_inst/dest_graysync_ff_reg[0][3]/D
                                                                            U0_ps_ai_peripheral/frame_to_ps_inst0/cmos_write_req_gen_m0/rindex_buf_2b_16w_u0/U0/inst_fifo_gen/gconvfifo.rf/grf.rf/gntv_or_sync_fifo.gcx.clkx/rd_pntr_cdc_inst/dest_graysync_ff_reg[0][2]/D
                                                                                                            Slow         2.163      2.837


Slack (MET) :             2.837ns  (requirement - actual skew)
  Endpoint Source:        U0_ps_ai_peripheral/frame_to_ps_inst0/cmos_write_req_gen_m0/rindex_buf_2b_16w_u0/U0/inst_fifo_gen/gconvfifo.rf/grf.rf/gntv_or_sync_fifo.gcx.clkx/rd_pntr_cdc_inst/src_gray_ff_reg[3]/C
                            (rising edge-triggered cell FDRE clocked by clk_pll_i)
  Endpoint Destination:   U0_ps_ai_peripheral/frame_to_ps_inst0/cmos_write_req_gen_m0/rindex_buf_2b_16w_u0/U0/inst_fifo_gen/gconvfifo.rf/grf.rf/gntv_or_sync_fifo.gcx.clkx/rd_pntr_cdc_inst/dest_graysync_ff_reg[0][3]/D
                            (rising edge-triggered cell FDRE clocked by rx_sdi_inst/SDI0/SDI/GTX_i/gtxe2_i/RXOUTCLK)
  Reference Source:       U0_ps_ai_peripheral/frame_to_ps_inst0/cmos_write_req_gen_m0/rindex_buf_2b_16w_u0/U0/inst_fifo_gen/gconvfifo.rf/grf.rf/gntv_or_sync_fifo.gcx.clkx/rd_pntr_cdc_inst/src_gray_ff_reg[2]/C
                            (rising edge-triggered cell FDRE clocked by clk_pll_i)
  Reference Destination:  U0_ps_ai_peripheral/frame_to_ps_inst0/cmos_write_req_gen_m0/rindex_buf_2b_16w_u0/U0/inst_fifo_gen/gconvfifo.rf/grf.rf/gntv_or_sync_fifo.gcx.clkx/rd_pntr_cdc_inst/dest_graysync_ff_reg[0][2]/D
                            (rising edge-triggered cell FDRE clocked by clk_pll_i)
  Path Type:              Bus Skew (Max at Slow Process Corner)
  Requirement:            5.000ns
  Endpoint Relative Delay:   -0.459ns
  Reference Relative Delay:  -3.057ns
  Relative CRPR:              0.584ns
  Uncertainty:                0.150ns
  Actual Bus Skew:            2.163ns  (Endpoint Relative Delay - Reference Relative Delay - Relative CRPR + Uncertainty)

Endpoint path:
    Pin Reuse     Location             Delay type                Incr(ns)  Path(ns)    Netlist Resource(s)
  ---------------------------------------------------------------------------------    -------------------
                                       (clock clk_pll_i rise edge)
                                                                    0.000     0.000 r  
                  C8                                                0.000     0.000 r  sys_clk_p (IN)
                                       net (fo=0)                   0.000     0.000    U0_ps_ai_peripheral/mig_ddr3_u0/u_mig_7series_0_mig/u_ddr3_clk_ibuf/sys_clk_p
                  C8                   IBUFDS (Prop_ibufds_I_O)     0.855     0.855 r  U0_ps_ai_peripheral/mig_ddr3_u0/u_mig_7series_0_mig/u_ddr3_clk_ibuf/diff_input_clk.u_ibufg_sys_clk/O
                                       net (fo=3, routed)           1.098     1.953    U0_ps_ai_peripheral/mig_ddr3_u0/u_mig_7series_0_mig/u_ddr3_infrastructure/out
                  PLLE2_ADV_X1Y2       PLLE2_ADV (Prop_plle2_adv_CLKIN1_CLKOUT3)
                                                                    0.077     2.030 r  U0_ps_ai_peripheral/mig_ddr3_u0/u_mig_7series_0_mig/u_ddr3_infrastructure/plle2_i/CLKOUT3
                                       net (fo=1, routed)           1.145     3.175    U0_ps_ai_peripheral/mig_ddr3_u0/u_mig_7series_0_mig/u_ddr3_infrastructure/pll_clk3_out
                  BUFHCE_X1Y24         BUFH (Prop_bufh_I_O)         0.103     3.278 r  U0_ps_ai_peripheral/mig_ddr3_u0/u_mig_7series_0_mig/u_ddr3_infrastructure/u_bufh_pll_clk3/O
                                       net (fo=1, routed)           0.779     4.057    U0_ps_ai_peripheral/mig_ddr3_u0/u_mig_7series_0_mig/u_ddr3_infrastructure/pll_clk3
                  MMCME2_ADV_X1Y2      MMCME2_ADV (Prop_mmcme2_adv_CLKIN1_CLKFBOUT)
                                                                   -2.933     1.124 r  U0_ps_ai_peripheral/mig_ddr3_u0/u_mig_7series_0_mig/u_ddr3_infrastructure/gen_mmcm.mmcm_i/CLKFBOUT
                                       net (fo=1, routed)           1.442     2.566    U0_ps_ai_peripheral/mig_ddr3_u0/u_mig_7series_0_mig/u_ddr3_infrastructure/clk_pll_i
                  BUFGCTRL_X0Y16       BUFG (Prop_bufg_I_O)         0.093     2.659 r  U0_ps_ai_peripheral/mig_ddr3_u0/u_mig_7series_0_mig/u_ddr3_infrastructure/u_bufg_clkdiv0/O
                                       net (fo=103920, routed)      1.435     4.094    U0_ps_ai_peripheral/frame_to_ps_inst0/cmos_write_req_gen_m0/rindex_buf_2b_16w_u0/U0/inst_fifo_gen/gconvfifo.rf/grf.rf/gntv_or_sync_fifo.gcx.clkx/rd_pntr_cdc_inst/src_clk
                  SLICE_X93Y198        FDRE                                         r  U0_ps_ai_peripheral/frame_to_ps_inst0/cmos_write_req_gen_m0/rindex_buf_2b_16w_u0/U0/inst_fifo_gen/gconvfifo.rf/grf.rf/gntv_or_sync_fifo.gcx.clkx/rd_pntr_cdc_inst/src_gray_ff_reg[3]/C
  ---------------------------------------------------------------------------------    -------------------
    Placement     SLICE_X93Y198        FDRE (Prop_fdre_C_Q)         0.204     4.298 r  U0_ps_ai_peripheral/frame_to_ps_inst0/cmos_write_req_gen_m0/rindex_buf_2b_16w_u0/U0/inst_fifo_gen/gconvfifo.rf/grf.rf/gntv_or_sync_fifo.gcx.clkx/rd_pntr_cdc_inst/src_gray_ff_reg[3]/Q
                                       net (fo=1, routed)           0.358     4.656    U0_ps_ai_peripheral/frame_to_ps_inst0/cmos_write_req_gen_m0/rindex_buf_2b_16w_u0/U0/inst_fifo_gen/gconvfifo.rf/grf.rf/gntv_or_sync_fifo.gcx.clkx/rd_pntr_cdc_inst/async_path[3]
    Placement     SLICE_X96Y198        FDRE                                         r  U0_ps_ai_peripheral/frame_to_ps_inst0/cmos_write_req_gen_m0/rindex_buf_2b_16w_u0/U0/inst_fifo_gen/gconvfifo.rf/grf.rf/gntv_or_sync_fifo.gcx.clkx/rd_pntr_cdc_inst/dest_graysync_ff_reg[0][3]/D
  ---------------------------------------------------------------------------------    -------------------

                                       (clock rx_sdi_inst/SDI0/SDI/GTX_i/gtxe2_i/RXOUTCLK rise edge)
                                                                    0.000     0.000 r  
                  GTXE2_CHANNEL_X0Y0   GTXE2_CHANNEL                0.000     0.000 r  rx_sdi_inst/SDI0/SDI/GTX_i/gtxe2_i/RXOUTCLK
                                       net (fo=1, routed)           1.154     1.154    rx_sdi_inst/SDI0/SDI/rx_outclk
                  BUFGCTRL_X0Y1        BUFG (Prop_bufg_I_O)         0.083     1.237 r  rx_sdi_inst/SDI0/SDI/BUFGRX/O
                                       net (fo=645, routed)         1.630     2.867    rx_sdi_inst/SDI0/SDI/cpllpd_wait_reg[95]__0_0
                  SLICE_X108Y38        LUT3 (Prop_lut3_I2_O)        0.036     2.903 r  rx_sdi_inst/SDI0/SDI/cam_clk_inferred_i_1/O
                                       net (fo=1681, routed)        2.273     5.175    U0_ps_ai_peripheral/frame_to_ps_inst0/cmos_write_req_gen_m0/rindex_buf_2b_16w_u0/U0/inst_fifo_gen/gconvfifo.rf/grf.rf/gntv_or_sync_fifo.gcx.clkx/rd_pntr_cdc_inst/dest_clk
                  SLICE_X96Y198        FDRE                                         r  U0_ps_ai_peripheral/frame_to_ps_inst0/cmos_write_req_gen_m0/rindex_buf_2b_16w_u0/U0/inst_fifo_gen/gconvfifo.rf/grf.rf/gntv_or_sync_fifo.gcx.clkx/rd_pntr_cdc_inst/dest_graysync_ff_reg[0][3]/C
                                       clock pessimism              0.000     5.175    
                  SLICE_X96Y198        FDRE (Setup_fdre_C_D)       -0.060     5.115    U0_ps_ai_peripheral/frame_to_ps_inst0/cmos_write_req_gen_m0/rindex_buf_2b_16w_u0/U0/inst_fifo_gen/gconvfifo.rf/grf.rf/gntv_or_sync_fifo.gcx.clkx/rd_pntr_cdc_inst/dest_graysync_ff_reg[0][3]
  ---------------------------------------------------------------------------------
                                       data arrival                           4.656    
                                       clock arrival                          5.115    
  ---------------------------------------------------------------------------------
                                       relative delay                        -0.459    

Reference path:
    Pin Reuse     Location             Delay type                Incr(ns)  Path(ns)    Netlist Resource(s)
  ---------------------------------------------------------------------------------    -------------------
                                       (clock clk_pll_i rise edge)
                                                                    0.000     0.000 r  
                  C8                                                0.000     0.000 r  sys_clk_p (IN)
                                       net (fo=0)                   0.000     0.000    U0_ps_ai_peripheral/mig_ddr3_u0/u_mig_7series_0_mig/u_ddr3_clk_ibuf/sys_clk_p
                  C8                   IBUFDS (Prop_ibufds_I_O)     0.758     0.758 r  U0_ps_ai_peripheral/mig_ddr3_u0/u_mig_7series_0_mig/u_ddr3_clk_ibuf/diff_input_clk.u_ibufg_sys_clk/O
                                       net (fo=3, routed)           1.001     1.759    U0_ps_ai_peripheral/mig_ddr3_u0/u_mig_7series_0_mig/u_ddr3_infrastructure/out
                  PLLE2_ADV_X1Y2       PLLE2_ADV (Prop_plle2_adv_CLKIN1_CLKOUT3)
                                                                    0.073     1.832 r  U0_ps_ai_peripheral/mig_ddr3_u0/u_mig_7series_0_mig/u_ddr3_infrastructure/plle2_i/CLKOUT3
                                       net (fo=1, routed)           1.033     2.865    U0_ps_ai_peripheral/mig_ddr3_u0/u_mig_7series_0_mig/u_ddr3_infrastructure/pll_clk3_out
                  BUFHCE_X1Y24         BUFH (Prop_bufh_I_O)         0.066     2.931 r  U0_ps_ai_peripheral/mig_ddr3_u0/u_mig_7series_0_mig/u_ddr3_infrastructure/u_bufh_pll_clk3/O
                                       net (fo=1, routed)           0.710     3.641    U0_ps_ai_peripheral/mig_ddr3_u0/u_mig_7series_0_mig/u_ddr3_infrastructure/pll_clk3
                  MMCME2_ADV_X1Y2      MMCME2_ADV (Prop_mmcme2_adv_CLKIN1_CLKFBOUT)
                                                                   -2.652     0.989 r  U0_ps_ai_peripheral/mig_ddr3_u0/u_mig_7series_0_mig/u_ddr3_infrastructure/gen_mmcm.mmcm_i/CLKFBOUT
                                       net (fo=1, routed)           1.333     2.322    U0_ps_ai_peripheral/mig_ddr3_u0/u_mig_7series_0_mig/u_ddr3_infrastructure/clk_pll_i
                  BUFGCTRL_X0Y16       BUFG (Prop_bufg_I_O)         0.083     2.405 r  U0_ps_ai_peripheral/mig_ddr3_u0/u_mig_7series_0_mig/u_ddr3_infrastructure/u_bufg_clkdiv0/O
                                       net (fo=103920, routed)      1.264     3.669    U0_ps_ai_peripheral/frame_to_ps_inst0/cmos_write_req_gen_m0/rindex_buf_2b_16w_u0/U0/inst_fifo_gen/gconvfifo.rf/grf.rf/gntv_or_sync_fifo.gcx.clkx/rd_pntr_cdc_inst/src_clk
                  SLICE_X93Y198        FDRE                                         r  U0_ps_ai_peripheral/frame_to_ps_inst0/cmos_write_req_gen_m0/rindex_buf_2b_16w_u0/U0/inst_fifo_gen/gconvfifo.rf/grf.rf/gntv_or_sync_fifo.gcx.clkx/rd_pntr_cdc_inst/src_gray_ff_reg[2]/C
  ---------------------------------------------------------------------------------    -------------------
    Placement     SLICE_X93Y198        FDRE (Prop_fdre_C_Q)         0.178     3.847 r  U0_ps_ai_peripheral/frame_to_ps_inst0/cmos_write_req_gen_m0/rindex_buf_2b_16w_u0/U0/inst_fifo_gen/gconvfifo.rf/grf.rf/gntv_or_sync_fifo.gcx.clkx/rd_pntr_cdc_inst/src_gray_ff_reg[2]/Q
                                       net (fo=1, routed)           0.168     4.016    U0_ps_ai_peripheral/frame_to_ps_inst0/cmos_write_req_gen_m0/rindex_buf_2b_16w_u0/U0/inst_fifo_gen/gconvfifo.rf/grf.rf/gntv_or_sync_fifo.gcx.clkx/rd_pntr_cdc_inst/async_path[2]
    Placement     SLICE_X94Y198        FDRE                                         r  U0_ps_ai_peripheral/frame_to_ps_inst0/cmos_write_req_gen_m0/rindex_buf_2b_16w_u0/U0/inst_fifo_gen/gconvfifo.rf/grf.rf/gntv_or_sync_fifo.gcx.clkx/rd_pntr_cdc_inst/dest_graysync_ff_reg[0][2]/D
  ---------------------------------------------------------------------------------    -------------------

                                       (clock clk_pll_i rise edge)
                                                                    0.000     0.000 r  
                  C8                                                0.000     0.000 r  sys_clk_p (IN)
                                       net (fo=0)                   0.000     0.000    U0_ps_ai_peripheral/mig_ddr3_u0/u_mig_7series_0_mig/u_ddr3_clk_ibuf/sys_clk_p
                  C8                   IBUFDS (Prop_ibufds_I_O)     0.855     0.855 r  U0_ps_ai_peripheral/mig_ddr3_u0/u_mig_7series_0_mig/u_ddr3_clk_ibuf/diff_input_clk.u_ibufg_sys_clk/O
                                       net (fo=3, routed)           1.098     1.953    U0_ps_ai_peripheral/mig_ddr3_u0/u_mig_7series_0_mig/u_ddr3_infrastructure/out
                  PLLE2_ADV_X1Y2       PLLE2_ADV (Prop_plle2_adv_CLKIN1_CLKOUT3)
                                                                    0.077     2.030 r  U0_ps_ai_peripheral/mig_ddr3_u0/u_mig_7series_0_mig/u_ddr3_infrastructure/plle2_i/CLKOUT3
                                       net (fo=1, routed)           1.145     3.175    U0_ps_ai_peripheral/mig_ddr3_u0/u_mig_7series_0_mig/u_ddr3_infrastructure/pll_clk3_out
                  BUFHCE_X1Y24         BUFH (Prop_bufh_I_O)         0.103     3.278 r  U0_ps_ai_peripheral/mig_ddr3_u0/u_mig_7series_0_mig/u_ddr3_infrastructure/u_bufh_pll_clk3/O
                                       net (fo=1, routed)           0.779     4.057    U0_ps_ai_peripheral/mig_ddr3_u0/u_mig_7series_0_mig/u_ddr3_infrastructure/pll_clk3
                  MMCME2_ADV_X1Y2      MMCME2_ADV (Prop_mmcme2_adv_CLKIN1_CLKFBOUT)
                                                                   -2.933     1.124 r  U0_ps_ai_peripheral/mig_ddr3_u0/u_mig_7series_0_mig/u_ddr3_infrastructure/gen_mmcm.mmcm_i/CLKFBOUT
                                       net (fo=1, routed)           1.442     2.566    U0_ps_ai_peripheral/mig_ddr3_u0/u_mig_7series_0_mig/u_ddr3_infrastructure/clk_pll_i
                  BUFGCTRL_X0Y16       BUFG (Prop_bufg_I_O)         0.093     2.659 r  U0_ps_ai_peripheral/mig_ddr3_u0/u_mig_7series_0_mig/u_ddr3_infrastructure/u_bufg_clkdiv0/O
                                       net (fo=103920, routed)      1.702     4.360    rx_sdi_inst/SDI0/SDI/ui_clk
                  SLICE_X108Y38        LUT3 (Prop_lut3_I1_O)        0.043     4.403 r  rx_sdi_inst/SDI0/SDI/cam_clk_inferred_i_1/O
                                       net (fo=1681, routed)        2.804     7.208    U0_ps_ai_peripheral/frame_to_ps_inst0/cmos_write_req_gen_m0/rindex_buf_2b_16w_u0/U0/inst_fifo_gen/gconvfifo.rf/grf.rf/gntv_or_sync_fifo.gcx.clkx/rd_pntr_cdc_inst/dest_clk
                  SLICE_X94Y198        FDRE                                         r  U0_ps_ai_peripheral/frame_to_ps_inst0/cmos_write_req_gen_m0/rindex_buf_2b_16w_u0/U0/inst_fifo_gen/gconvfifo.rf/grf.rf/gntv_or_sync_fifo.gcx.clkx/rd_pntr_cdc_inst/dest_graysync_ff_reg[0][2]/C
                                       clock pessimism             -0.253     6.954    
                  SLICE_X94Y198        FDRE (Hold_fdre_C_D)         0.118     7.072    U0_ps_ai_peripheral/frame_to_ps_inst0/cmos_write_req_gen_m0/rindex_buf_2b_16w_u0/U0/inst_fifo_gen/gconvfifo.rf/grf.rf/gntv_or_sync_fifo.gcx.clkx/rd_pntr_cdc_inst/dest_graysync_ff_reg[0][2]
  ---------------------------------------------------------------------------------
                                       data arrival                           4.016    
                                       clock arrival                          7.072    
  ---------------------------------------------------------------------------------
                                       relative delay                        -3.057    



Id: 8
set_bus_skew -from [get_cells [list {U0_ps_ai_peripheral/frame_to_ps_inst0/cmos_write_req_gen_m0/rindex_buf_2b_16w_u0/U0/inst_fifo_gen/gconvfifo.rf/grf.rf/gntv_or_sync_fifo.gcx.clkx/wr_pntr_cdc_inst/src_gray_ff_reg[0]} {U0_ps_ai_peripheral/frame_to_ps_inst0/cmos_write_req_gen_m0/rindex_buf_2b_16w_u0/U0/inst_fifo_gen/gconvfifo.rf/grf.rf/gntv_or_sync_fifo.gcx.clkx/wr_pntr_cdc_inst/src_gray_ff_reg[1]} {U0_ps_ai_peripheral/frame_to_ps_inst0/cmos_write_req_gen_m0/rindex_buf_2b_16w_u0/U0/inst_fifo_gen/gconvfifo.rf/grf.rf/gntv_or_sync_fifo.gcx.clkx/wr_pntr_cdc_inst/src_gray_ff_reg[2]} {U0_ps_ai_peripheral/frame_to_ps_inst0/cmos_write_req_gen_m0/rindex_buf_2b_16w_u0/U0/inst_fifo_gen/gconvfifo.rf/grf.rf/gntv_or_sync_fifo.gcx.clkx/wr_pntr_cdc_inst/src_gray_ff_reg[3]}]] -to [get_cells [list {U0_ps_ai_peripheral/frame_to_ps_inst0/cmos_write_req_gen_m0/rindex_buf_2b_16w_u0/U0/inst_fifo_gen/gconvfifo.rf/grf.rf/gntv_or_sync_fifo.gcx.clkx/wr_pntr_cdc_inst/dest_graysync_ff_reg[0][0]} {U0_ps_ai_peripheral/frame_to_ps_inst0/cmos_write_req_gen_m0/rindex_buf_2b_16w_u0/U0/inst_fifo_gen/gconvfifo.rf/grf.rf/gntv_or_sync_fifo.gcx.clkx/wr_pntr_cdc_inst/dest_graysync_ff_reg[0][1]} {U0_ps_ai_peripheral/frame_to_ps_inst0/cmos_write_req_gen_m0/rindex_buf_2b_16w_u0/U0/inst_fifo_gen/gconvfifo.rf/grf.rf/gntv_or_sync_fifo.gcx.clkx/wr_pntr_cdc_inst/dest_graysync_ff_reg[0][2]} {U0_ps_ai_peripheral/frame_to_ps_inst0/cmos_write_req_gen_m0/rindex_buf_2b_16w_u0/U0/inst_fifo_gen/gconvfifo.rf/grf.rf/gntv_or_sync_fifo.gcx.clkx/wr_pntr_cdc_inst/dest_graysync_ff_reg[0][3]}]] 5.000
Requirement: 5.000ns
Endpoints: 4

From Clock            To Clock              Endpoint Pin                    Reference Pin                   Corner  Actual(ns)  Slack(ns)
--------------------  --------------------  ------------------------------  ------------------------------  ------  ----------  ---------
clk_pll_i             clk_pll_i             U0_ps_ai_peripheral/frame_to_ps_inst0/cmos_write_req_gen_m0/rindex_buf_2b_16w_u0/U0/inst_fifo_gen/gconvfifo.rf/grf.rf/gntv_or_sync_fifo.gcx.clkx/wr_pntr_cdc_inst/dest_graysync_ff_reg[0][3]/D
                                                                            U0_ps_ai_peripheral/frame_to_ps_inst0/cmos_write_req_gen_m0/rindex_buf_2b_16w_u0/U0/inst_fifo_gen/gconvfifo.rf/grf.rf/gntv_or_sync_fifo.gcx.clkx/wr_pntr_cdc_inst/dest_graysync_ff_reg[0][0]/D
                                                                                                            Slow         2.094      2.906


Slack (MET) :             2.906ns  (requirement - actual skew)
  Endpoint Source:        U0_ps_ai_peripheral/frame_to_ps_inst0/cmos_write_req_gen_m0/rindex_buf_2b_16w_u0/U0/inst_fifo_gen/gconvfifo.rf/grf.rf/gntv_or_sync_fifo.gcx.clkx/wr_pntr_cdc_inst/src_gray_ff_reg[3]/C
                            (rising edge-triggered cell FDRE clocked by clk_pll_i)
  Endpoint Destination:   U0_ps_ai_peripheral/frame_to_ps_inst0/cmos_write_req_gen_m0/rindex_buf_2b_16w_u0/U0/inst_fifo_gen/gconvfifo.rf/grf.rf/gntv_or_sync_fifo.gcx.clkx/wr_pntr_cdc_inst/dest_graysync_ff_reg[0][3]/D
                            (rising edge-triggered cell FDRE clocked by clk_pll_i)
  Reference Source:       U0_ps_ai_peripheral/frame_to_ps_inst0/cmos_write_req_gen_m0/rindex_buf_2b_16w_u0/U0/inst_fifo_gen/gconvfifo.rf/grf.rf/gntv_or_sync_fifo.gcx.clkx/wr_pntr_cdc_inst/src_gray_ff_reg[0]/C
                            (rising edge-triggered cell FDRE clocked by rx_sdi_inst/SDI0/SDI/GTX_i/gtxe2_i/RXOUTCLK)
  Reference Destination:  U0_ps_ai_peripheral/frame_to_ps_inst0/cmos_write_req_gen_m0/rindex_buf_2b_16w_u0/U0/inst_fifo_gen/gconvfifo.rf/grf.rf/gntv_or_sync_fifo.gcx.clkx/wr_pntr_cdc_inst/dest_graysync_ff_reg[0][0]/D
                            (rising edge-triggered cell FDRE clocked by clk_pll_i)
  Path Type:              Bus Skew (Max at Slow Process Corner)
  Requirement:            5.000ns
  Endpoint Relative Delay:    3.855ns
  Reference Relative Delay:   1.376ns
  Relative CRPR:              0.535ns
  Uncertainty:                0.150ns
  Actual Bus Skew:            2.094ns  (Endpoint Relative Delay - Reference Relative Delay - Relative CRPR + Uncertainty)

Endpoint path:
    Pin Reuse     Location             Delay type                Incr(ns)  Path(ns)    Netlist Resource(s)
  ---------------------------------------------------------------------------------    -------------------
                                       (clock clk_pll_i rise edge)
                                                                    0.000     0.000 r  
                  C8                                                0.000     0.000 r  sys_clk_p (IN)
                                       net (fo=0)                   0.000     0.000    U0_ps_ai_peripheral/mig_ddr3_u0/u_mig_7series_0_mig/u_ddr3_clk_ibuf/sys_clk_p
                  C8                   IBUFDS (Prop_ibufds_I_O)     0.855     0.855 r  U0_ps_ai_peripheral/mig_ddr3_u0/u_mig_7series_0_mig/u_ddr3_clk_ibuf/diff_input_clk.u_ibufg_sys_clk/O
                                       net (fo=3, routed)           1.098     1.953    U0_ps_ai_peripheral/mig_ddr3_u0/u_mig_7series_0_mig/u_ddr3_infrastructure/out
                  PLLE2_ADV_X1Y2       PLLE2_ADV (Prop_plle2_adv_CLKIN1_CLKOUT3)
                                                                    0.077     2.030 r  U0_ps_ai_peripheral/mig_ddr3_u0/u_mig_7series_0_mig/u_ddr3_infrastructure/plle2_i/CLKOUT3
                                       net (fo=1, routed)           1.145     3.175    U0_ps_ai_peripheral/mig_ddr3_u0/u_mig_7series_0_mig/u_ddr3_infrastructure/pll_clk3_out
                  BUFHCE_X1Y24         BUFH (Prop_bufh_I_O)         0.103     3.278 r  U0_ps_ai_peripheral/mig_ddr3_u0/u_mig_7series_0_mig/u_ddr3_infrastructure/u_bufh_pll_clk3/O
                                       net (fo=1, routed)           0.779     4.057    U0_ps_ai_peripheral/mig_ddr3_u0/u_mig_7series_0_mig/u_ddr3_infrastructure/pll_clk3
                  MMCME2_ADV_X1Y2      MMCME2_ADV (Prop_mmcme2_adv_CLKIN1_CLKFBOUT)
                                                                   -2.933     1.124 r  U0_ps_ai_peripheral/mig_ddr3_u0/u_mig_7series_0_mig/u_ddr3_infrastructure/gen_mmcm.mmcm_i/CLKFBOUT
                                       net (fo=1, routed)           1.442     2.566    U0_ps_ai_peripheral/mig_ddr3_u0/u_mig_7series_0_mig/u_ddr3_infrastructure/clk_pll_i
                  BUFGCTRL_X0Y16       BUFG (Prop_bufg_I_O)         0.093     2.659 r  U0_ps_ai_peripheral/mig_ddr3_u0/u_mig_7series_0_mig/u_ddr3_infrastructure/u_bufg_clkdiv0/O
                                       net (fo=103920, routed)      1.702     4.360    rx_sdi_inst/SDI0/SDI/ui_clk
                  SLICE_X108Y38        LUT3 (Prop_lut3_I1_O)        0.043     4.403 r  rx_sdi_inst/SDI0/SDI/cam_clk_inferred_i_1/O
                                       net (fo=1681, routed)        2.804     7.208    U0_ps_ai_peripheral/frame_to_ps_inst0/cmos_write_req_gen_m0/rindex_buf_2b_16w_u0/U0/inst_fifo_gen/gconvfifo.rf/grf.rf/gntv_or_sync_fifo.gcx.clkx/wr_pntr_cdc_inst/src_clk
                  SLICE_X94Y198        FDRE                                         r  U0_ps_ai_peripheral/frame_to_ps_inst0/cmos_write_req_gen_m0/rindex_buf_2b_16w_u0/U0/inst_fifo_gen/gconvfifo.rf/grf.rf/gntv_or_sync_fifo.gcx.clkx/wr_pntr_cdc_inst/src_gray_ff_reg[3]/C
  ---------------------------------------------------------------------------------    -------------------
    Placement     SLICE_X94Y198        FDRE (Prop_fdre_C_Q)         0.204     7.412 r  U0_ps_ai_peripheral/frame_to_ps_inst0/cmos_write_req_gen_m0/rindex_buf_2b_16w_u0/U0/inst_fifo_gen/gconvfifo.rf/grf.rf/gntv_or_sync_fifo.gcx.clkx/wr_pntr_cdc_inst/src_gray_ff_reg[3]/Q
                                       net (fo=1, routed)           0.277     7.689    U0_ps_ai_peripheral/frame_to_ps_inst0/cmos_write_req_gen_m0/rindex_buf_2b_16w_u0/U0/inst_fifo_gen/gconvfifo.rf/grf.rf/gntv_or_sync_fifo.gcx.clkx/wr_pntr_cdc_inst/async_path[3]
    Placement     SLICE_X93Y198        FDRE                                         r  U0_ps_ai_peripheral/frame_to_ps_inst0/cmos_write_req_gen_m0/rindex_buf_2b_16w_u0/U0/inst_fifo_gen/gconvfifo.rf/grf.rf/gntv_or_sync_fifo.gcx.clkx/wr_pntr_cdc_inst/dest_graysync_ff_reg[0][3]/D
  ---------------------------------------------------------------------------------    -------------------

                                       (clock clk_pll_i rise edge)
                                                                    0.000     0.000 r  
                  C8                                                0.000     0.000 r  sys_clk_p (IN)
                                       net (fo=0)                   0.000     0.000    U0_ps_ai_peripheral/mig_ddr3_u0/u_mig_7series_0_mig/u_ddr3_clk_ibuf/sys_clk_p
                  C8                   IBUFDS (Prop_ibufds_I_O)     0.758     0.758 r  U0_ps_ai_peripheral/mig_ddr3_u0/u_mig_7series_0_mig/u_ddr3_clk_ibuf/diff_input_clk.u_ibufg_sys_clk/O
                                       net (fo=3, routed)           1.001     1.759    U0_ps_ai_peripheral/mig_ddr3_u0/u_mig_7series_0_mig/u_ddr3_infrastructure/out
                  PLLE2_ADV_X1Y2       PLLE2_ADV (Prop_plle2_adv_CLKIN1_CLKOUT3)
                                                                    0.073     1.832 r  U0_ps_ai_peripheral/mig_ddr3_u0/u_mig_7series_0_mig/u_ddr3_infrastructure/plle2_i/CLKOUT3
                                       net (fo=1, routed)           1.033     2.865    U0_ps_ai_peripheral/mig_ddr3_u0/u_mig_7series_0_mig/u_ddr3_infrastructure/pll_clk3_out
                  BUFHCE_X1Y24         BUFH (Prop_bufh_I_O)         0.066     2.931 r  U0_ps_ai_peripheral/mig_ddr3_u0/u_mig_7series_0_mig/u_ddr3_infrastructure/u_bufh_pll_clk3/O
                                       net (fo=1, routed)           0.710     3.641    U0_ps_ai_peripheral/mig_ddr3_u0/u_mig_7series_0_mig/u_ddr3_infrastructure/pll_clk3
                  MMCME2_ADV_X1Y2      MMCME2_ADV (Prop_mmcme2_adv_CLKIN1_CLKFBOUT)
                                                                   -2.652     0.989 r  U0_ps_ai_peripheral/mig_ddr3_u0/u_mig_7series_0_mig/u_ddr3_infrastructure/gen_mmcm.mmcm_i/CLKFBOUT
                                       net (fo=1, routed)           1.333     2.322    U0_ps_ai_peripheral/mig_ddr3_u0/u_mig_7series_0_mig/u_ddr3_infrastructure/clk_pll_i
                  BUFGCTRL_X0Y16       BUFG (Prop_bufg_I_O)         0.083     2.405 r  U0_ps_ai_peripheral/mig_ddr3_u0/u_mig_7series_0_mig/u_ddr3_infrastructure/u_bufg_clkdiv0/O
                                       net (fo=103920, routed)      1.264     3.669    U0_ps_ai_peripheral/frame_to_ps_inst0/cmos_write_req_gen_m0/rindex_buf_2b_16w_u0/U0/inst_fifo_gen/gconvfifo.rf/grf.rf/gntv_or_sync_fifo.gcx.clkx/wr_pntr_cdc_inst/dest_clk
                  SLICE_X93Y198        FDRE                                         r  U0_ps_ai_peripheral/frame_to_ps_inst0/cmos_write_req_gen_m0/rindex_buf_2b_16w_u0/U0/inst_fifo_gen/gconvfifo.rf/grf.rf/gntv_or_sync_fifo.gcx.clkx/wr_pntr_cdc_inst/dest_graysync_ff_reg[0][3]/C
                                       clock pessimism              0.253     3.923    
                  SLICE_X93Y198        FDRE (Setup_fdre_C_D)       -0.089     3.834    U0_ps_ai_peripheral/frame_to_ps_inst0/cmos_write_req_gen_m0/rindex_buf_2b_16w_u0/U0/inst_fifo_gen/gconvfifo.rf/grf.rf/gntv_or_sync_fifo.gcx.clkx/wr_pntr_cdc_inst/dest_graysync_ff_reg[0][3]
  ---------------------------------------------------------------------------------
                                       data arrival                           7.689    
                                       clock arrival                          3.834    
  ---------------------------------------------------------------------------------
                                       relative delay                         3.855    

Reference path:
    Pin Reuse     Location             Delay type                Incr(ns)  Path(ns)    Netlist Resource(s)
  ---------------------------------------------------------------------------------    -------------------
                                       (clock rx_sdi_inst/SDI0/SDI/GTX_i/gtxe2_i/RXOUTCLK rise edge)
                                                                    0.000     0.000 r  
                  GTXE2_CHANNEL_X0Y0   GTXE2_CHANNEL                0.000     0.000 r  rx_sdi_inst/SDI0/SDI/GTX_i/gtxe2_i/RXOUTCLK
                                       net (fo=1, routed)           1.154     1.154    rx_sdi_inst/SDI0/SDI/rx_outclk
                  BUFGCTRL_X0Y1        BUFG (Prop_bufg_I_O)         0.083     1.237 r  rx_sdi_inst/SDI0/SDI/BUFGRX/O
                                       net (fo=645, routed)         1.630     2.867    rx_sdi_inst/SDI0/SDI/cpllpd_wait_reg[95]__0_0
                  SLICE_X108Y38        LUT3 (Prop_lut3_I2_O)        0.036     2.903 r  rx_sdi_inst/SDI0/SDI/cam_clk_inferred_i_1/O
                                       net (fo=1681, routed)        2.257     5.159    U0_ps_ai_peripheral/frame_to_ps_inst0/cmos_write_req_gen_m0/rindex_buf_2b_16w_u0/U0/inst_fifo_gen/gconvfifo.rf/grf.rf/gntv_or_sync_fifo.gcx.clkx/wr_pntr_cdc_inst/src_clk
                  SLICE_X93Y197        FDRE                                         r  U0_ps_ai_peripheral/frame_to_ps_inst0/cmos_write_req_gen_m0/rindex_buf_2b_16w_u0/U0/inst_fifo_gen/gconvfifo.rf/grf.rf/gntv_or_sync_fifo.gcx.clkx/wr_pntr_cdc_inst/src_gray_ff_reg[0]/C
  ---------------------------------------------------------------------------------    -------------------
    Placement     SLICE_X93Y197        FDRE (Prop_fdre_C_Q)         0.178     5.337 r  U0_ps_ai_peripheral/frame_to_ps_inst0/cmos_write_req_gen_m0/rindex_buf_2b_16w_u0/U0/inst_fifo_gen/gconvfifo.rf/grf.rf/gntv_or_sync_fifo.gcx.clkx/wr_pntr_cdc_inst/src_gray_ff_reg[0]/Q
                                       net (fo=1, routed)           0.250     5.587    U0_ps_ai_peripheral/frame_to_ps_inst0/cmos_write_req_gen_m0/rindex_buf_2b_16w_u0/U0/inst_fifo_gen/gconvfifo.rf/grf.rf/gntv_or_sync_fifo.gcx.clkx/wr_pntr_cdc_inst/async_path[0]
    Placement     SLICE_X92Y197        FDRE                                         r  U0_ps_ai_peripheral/frame_to_ps_inst0/cmos_write_req_gen_m0/rindex_buf_2b_16w_u0/U0/inst_fifo_gen/gconvfifo.rf/grf.rf/gntv_or_sync_fifo.gcx.clkx/wr_pntr_cdc_inst/dest_graysync_ff_reg[0][0]/D
  ---------------------------------------------------------------------------------    -------------------

                                       (clock clk_pll_i rise edge)
                                                                    0.000     0.000 r  
                  C8                                                0.000     0.000 r  sys_clk_p (IN)
                                       net (fo=0)                   0.000     0.000    U0_ps_ai_peripheral/mig_ddr3_u0/u_mig_7series_0_mig/u_ddr3_clk_ibuf/sys_clk_p
                  C8                   IBUFDS (Prop_ibufds_I_O)     0.855     0.855 r  U0_ps_ai_peripheral/mig_ddr3_u0/u_mig_7series_0_mig/u_ddr3_clk_ibuf/diff_input_clk.u_ibufg_sys_clk/O
                                       net (fo=3, routed)           1.098     1.953    U0_ps_ai_peripheral/mig_ddr3_u0/u_mig_7series_0_mig/u_ddr3_infrastructure/out
                  PLLE2_ADV_X1Y2       PLLE2_ADV (Prop_plle2_adv_CLKIN1_CLKOUT3)
                                                                    0.077     2.030 r  U0_ps_ai_peripheral/mig_ddr3_u0/u_mig_7series_0_mig/u_ddr3_infrastructure/plle2_i/CLKOUT3
                                       net (fo=1, routed)           1.145     3.175    U0_ps_ai_peripheral/mig_ddr3_u0/u_mig_7series_0_mig/u_ddr3_infrastructure/pll_clk3_out
                  BUFHCE_X1Y24         BUFH (Prop_bufh_I_O)         0.103     3.278 r  U0_ps_ai_peripheral/mig_ddr3_u0/u_mig_7series_0_mig/u_ddr3_infrastructure/u_bufh_pll_clk3/O
                                       net (fo=1, routed)           0.779     4.057    U0_ps_ai_peripheral/mig_ddr3_u0/u_mig_7series_0_mig/u_ddr3_infrastructure/pll_clk3
                  MMCME2_ADV_X1Y2      MMCME2_ADV (Prop_mmcme2_adv_CLKIN1_CLKFBOUT)
                                                                   -2.933     1.124 r  U0_ps_ai_peripheral/mig_ddr3_u0/u_mig_7series_0_mig/u_ddr3_infrastructure/gen_mmcm.mmcm_i/CLKFBOUT
                                       net (fo=1, routed)           1.442     2.566    U0_ps_ai_peripheral/mig_ddr3_u0/u_mig_7series_0_mig/u_ddr3_infrastructure/clk_pll_i
                  BUFGCTRL_X0Y16       BUFG (Prop_bufg_I_O)         0.093     2.659 r  U0_ps_ai_peripheral/mig_ddr3_u0/u_mig_7series_0_mig/u_ddr3_infrastructure/u_bufg_clkdiv0/O
                                       net (fo=103920, routed)      1.435     4.094    U0_ps_ai_peripheral/frame_to_ps_inst0/cmos_write_req_gen_m0/rindex_buf_2b_16w_u0/U0/inst_fifo_gen/gconvfifo.rf/grf.rf/gntv_or_sync_fifo.gcx.clkx/wr_pntr_cdc_inst/dest_clk
                  SLICE_X92Y197        FDRE                                         r  U0_ps_ai_peripheral/frame_to_ps_inst0/cmos_write_req_gen_m0/rindex_buf_2b_16w_u0/U0/inst_fifo_gen/gconvfifo.rf/grf.rf/gntv_or_sync_fifo.gcx.clkx/wr_pntr_cdc_inst/dest_graysync_ff_reg[0][0]/C
                                       clock pessimism              0.000     4.094    
                  SLICE_X92Y197        FDRE (Hold_fdre_C_D)         0.118     4.212    U0_ps_ai_peripheral/frame_to_ps_inst0/cmos_write_req_gen_m0/rindex_buf_2b_16w_u0/U0/inst_fifo_gen/gconvfifo.rf/grf.rf/gntv_or_sync_fifo.gcx.clkx/wr_pntr_cdc_inst/dest_graysync_ff_reg[0][0]
  ---------------------------------------------------------------------------------
                                       data arrival                           5.587    
                                       clock arrival                          4.212    
  ---------------------------------------------------------------------------------
                                       relative delay                         1.376    



Id: 9
set_bus_skew -from [get_cells [list {U0_ps_ai_peripheral/frame_to_ps_inst0/cmos_write_req_gen_m0/windex_buf_2b_16w_u0/U0/inst_fifo_gen/gconvfifo.rf/grf.rf/gntv_or_sync_fifo.gcx.clkx/rd_pntr_cdc_inst/src_gray_ff_reg[0]} {U0_ps_ai_peripheral/frame_to_ps_inst0/cmos_write_req_gen_m0/windex_buf_2b_16w_u0/U0/inst_fifo_gen/gconvfifo.rf/grf.rf/gntv_or_sync_fifo.gcx.clkx/rd_pntr_cdc_inst/src_gray_ff_reg[1]} {U0_ps_ai_peripheral/frame_to_ps_inst0/cmos_write_req_gen_m0/windex_buf_2b_16w_u0/U0/inst_fifo_gen/gconvfifo.rf/grf.rf/gntv_or_sync_fifo.gcx.clkx/rd_pntr_cdc_inst/src_gray_ff_reg[2]} {U0_ps_ai_peripheral/frame_to_ps_inst0/cmos_write_req_gen_m0/windex_buf_2b_16w_u0/U0/inst_fifo_gen/gconvfifo.rf/grf.rf/gntv_or_sync_fifo.gcx.clkx/rd_pntr_cdc_inst/src_gray_ff_reg[3]}]] -to [get_cells [list {U0_ps_ai_peripheral/frame_to_ps_inst0/cmos_write_req_gen_m0/windex_buf_2b_16w_u0/U0/inst_fifo_gen/gconvfifo.rf/grf.rf/gntv_or_sync_fifo.gcx.clkx/rd_pntr_cdc_inst/dest_graysync_ff_reg[0][0]} {U0_ps_ai_peripheral/frame_to_ps_inst0/cmos_write_req_gen_m0/windex_buf_2b_16w_u0/U0/inst_fifo_gen/gconvfifo.rf/grf.rf/gntv_or_sync_fifo.gcx.clkx/rd_pntr_cdc_inst/dest_graysync_ff_reg[0][1]} {U0_ps_ai_peripheral/frame_to_ps_inst0/cmos_write_req_gen_m0/windex_buf_2b_16w_u0/U0/inst_fifo_gen/gconvfifo.rf/grf.rf/gntv_or_sync_fifo.gcx.clkx/rd_pntr_cdc_inst/dest_graysync_ff_reg[0][2]} {U0_ps_ai_peripheral/frame_to_ps_inst0/cmos_write_req_gen_m0/windex_buf_2b_16w_u0/U0/inst_fifo_gen/gconvfifo.rf/grf.rf/gntv_or_sync_fifo.gcx.clkx/rd_pntr_cdc_inst/dest_graysync_ff_reg[0][3]}]] 5.000
Requirement: 5.000ns
Endpoints: 4

From Clock            To Clock              Endpoint Pin                    Reference Pin                   Corner  Actual(ns)  Slack(ns)
--------------------  --------------------  ------------------------------  ------------------------------  ------  ----------  ---------
clk_pll_i             rx_sdi_inst/SDI0/SDI/GTX_i/gtxe2_i/RXOUTCLK
                                            U0_ps_ai_peripheral/frame_to_ps_inst0/cmos_write_req_gen_m0/windex_buf_2b_16w_u0/U0/inst_fifo_gen/gconvfifo.rf/grf.rf/gntv_or_sync_fifo.gcx.clkx/rd_pntr_cdc_inst/dest_graysync_ff_reg[0][1]/D
                                                                            U0_ps_ai_peripheral/frame_to_ps_inst0/cmos_write_req_gen_m0/windex_buf_2b_16w_u0/U0/inst_fifo_gen/gconvfifo.rf/grf.rf/gntv_or_sync_fifo.gcx.clkx/rd_pntr_cdc_inst/dest_graysync_ff_reg[0][0]/D
                                                                                                            Slow         2.521      2.479


Slack (MET) :             2.479ns  (requirement - actual skew)
  Endpoint Source:        U0_ps_ai_peripheral/frame_to_ps_inst0/cmos_write_req_gen_m0/windex_buf_2b_16w_u0/U0/inst_fifo_gen/gconvfifo.rf/grf.rf/gntv_or_sync_fifo.gcx.clkx/rd_pntr_cdc_inst/src_gray_ff_reg[1]/C
                            (rising edge-triggered cell FDRE clocked by clk_pll_i)
  Endpoint Destination:   U0_ps_ai_peripheral/frame_to_ps_inst0/cmos_write_req_gen_m0/windex_buf_2b_16w_u0/U0/inst_fifo_gen/gconvfifo.rf/grf.rf/gntv_or_sync_fifo.gcx.clkx/rd_pntr_cdc_inst/dest_graysync_ff_reg[0][1]/D
                            (rising edge-triggered cell FDRE clocked by rx_sdi_inst/SDI0/SDI/GTX_i/gtxe2_i/RXOUTCLK)
  Reference Source:       U0_ps_ai_peripheral/frame_to_ps_inst0/cmos_write_req_gen_m0/windex_buf_2b_16w_u0/U0/inst_fifo_gen/gconvfifo.rf/grf.rf/gntv_or_sync_fifo.gcx.clkx/rd_pntr_cdc_inst/src_gray_ff_reg[0]/C
                            (rising edge-triggered cell FDRE clocked by clk_pll_i)
  Reference Destination:  U0_ps_ai_peripheral/frame_to_ps_inst0/cmos_write_req_gen_m0/windex_buf_2b_16w_u0/U0/inst_fifo_gen/gconvfifo.rf/grf.rf/gntv_or_sync_fifo.gcx.clkx/rd_pntr_cdc_inst/dest_graysync_ff_reg[0][0]/D
                            (rising edge-triggered cell FDRE clocked by clk_pll_i)
  Path Type:              Bus Skew (Max at Slow Process Corner)
  Requirement:            5.000ns
  Endpoint Relative Delay:   -0.546ns
  Reference Relative Delay:  -3.143ns
  Relative CRPR:              0.226ns
  Uncertainty:                0.150ns
  Actual Bus Skew:            2.521ns  (Endpoint Relative Delay - Reference Relative Delay - Relative CRPR + Uncertainty)

Endpoint path:
    Pin Reuse     Location             Delay type                Incr(ns)  Path(ns)    Netlist Resource(s)
  ---------------------------------------------------------------------------------    -------------------
                                       (clock clk_pll_i rise edge)
                                                                    0.000     0.000 r  
                  C8                                                0.000     0.000 r  sys_clk_p (IN)
                                       net (fo=0)                   0.000     0.000    U0_ps_ai_peripheral/mig_ddr3_u0/u_mig_7series_0_mig/u_ddr3_clk_ibuf/sys_clk_p
                  C8                   IBUFDS (Prop_ibufds_I_O)     0.855     0.855 r  U0_ps_ai_peripheral/mig_ddr3_u0/u_mig_7series_0_mig/u_ddr3_clk_ibuf/diff_input_clk.u_ibufg_sys_clk/O
                                       net (fo=3, routed)           1.098     1.953    U0_ps_ai_peripheral/mig_ddr3_u0/u_mig_7series_0_mig/u_ddr3_infrastructure/out
                  PLLE2_ADV_X1Y2       PLLE2_ADV (Prop_plle2_adv_CLKIN1_CLKOUT3)
                                                                    0.077     2.030 r  U0_ps_ai_peripheral/mig_ddr3_u0/u_mig_7series_0_mig/u_ddr3_infrastructure/plle2_i/CLKOUT3
                                       net (fo=1, routed)           1.145     3.175    U0_ps_ai_peripheral/mig_ddr3_u0/u_mig_7series_0_mig/u_ddr3_infrastructure/pll_clk3_out
                  BUFHCE_X1Y24         BUFH (Prop_bufh_I_O)         0.103     3.278 r  U0_ps_ai_peripheral/mig_ddr3_u0/u_mig_7series_0_mig/u_ddr3_infrastructure/u_bufh_pll_clk3/O
                                       net (fo=1, routed)           0.779     4.057    U0_ps_ai_peripheral/mig_ddr3_u0/u_mig_7series_0_mig/u_ddr3_infrastructure/pll_clk3
                  MMCME2_ADV_X1Y2      MMCME2_ADV (Prop_mmcme2_adv_CLKIN1_CLKFBOUT)
                                                                   -2.933     1.124 r  U0_ps_ai_peripheral/mig_ddr3_u0/u_mig_7series_0_mig/u_ddr3_infrastructure/gen_mmcm.mmcm_i/CLKFBOUT
                                       net (fo=1, routed)           1.442     2.566    U0_ps_ai_peripheral/mig_ddr3_u0/u_mig_7series_0_mig/u_ddr3_infrastructure/clk_pll_i
                  BUFGCTRL_X0Y16       BUFG (Prop_bufg_I_O)         0.093     2.659 r  U0_ps_ai_peripheral/mig_ddr3_u0/u_mig_7series_0_mig/u_ddr3_infrastructure/u_bufg_clkdiv0/O
                                       net (fo=103920, routed)      1.381     4.040    U0_ps_ai_peripheral/frame_to_ps_inst0/cmos_write_req_gen_m0/windex_buf_2b_16w_u0/U0/inst_fifo_gen/gconvfifo.rf/grf.rf/gntv_or_sync_fifo.gcx.clkx/rd_pntr_cdc_inst/src_clk
                  SLICE_X71Y198        FDRE                                         r  U0_ps_ai_peripheral/frame_to_ps_inst0/cmos_write_req_gen_m0/windex_buf_2b_16w_u0/U0/inst_fifo_gen/gconvfifo.rf/grf.rf/gntv_or_sync_fifo.gcx.clkx/rd_pntr_cdc_inst/src_gray_ff_reg[1]/C
  ---------------------------------------------------------------------------------    -------------------
    Placement     SLICE_X71Y198        FDRE (Prop_fdre_C_Q)         0.204     4.244 r  U0_ps_ai_peripheral/frame_to_ps_inst0/cmos_write_req_gen_m0/windex_buf_2b_16w_u0/U0/inst_fifo_gen/gconvfifo.rf/grf.rf/gntv_or_sync_fifo.gcx.clkx/rd_pntr_cdc_inst/src_gray_ff_reg[1]/Q
                                       net (fo=1, routed)           0.449     4.693    U0_ps_ai_peripheral/frame_to_ps_inst0/cmos_write_req_gen_m0/windex_buf_2b_16w_u0/U0/inst_fifo_gen/gconvfifo.rf/grf.rf/gntv_or_sync_fifo.gcx.clkx/rd_pntr_cdc_inst/async_path[1]
    Placement     SLICE_X90Y198        FDRE                                         r  U0_ps_ai_peripheral/frame_to_ps_inst0/cmos_write_req_gen_m0/windex_buf_2b_16w_u0/U0/inst_fifo_gen/gconvfifo.rf/grf.rf/gntv_or_sync_fifo.gcx.clkx/rd_pntr_cdc_inst/dest_graysync_ff_reg[0][1]/D
  ---------------------------------------------------------------------------------    -------------------

                                       (clock rx_sdi_inst/SDI0/SDI/GTX_i/gtxe2_i/RXOUTCLK rise edge)
                                                                    0.000     0.000 r  
                  GTXE2_CHANNEL_X0Y0   GTXE2_CHANNEL                0.000     0.000 r  rx_sdi_inst/SDI0/SDI/GTX_i/gtxe2_i/RXOUTCLK
                                       net (fo=1, routed)           1.154     1.154    rx_sdi_inst/SDI0/SDI/rx_outclk
                  BUFGCTRL_X0Y1        BUFG (Prop_bufg_I_O)         0.083     1.237 r  rx_sdi_inst/SDI0/SDI/BUFGRX/O
                                       net (fo=645, routed)         1.630     2.867    rx_sdi_inst/SDI0/SDI/cpllpd_wait_reg[95]__0_0
                  SLICE_X108Y38        LUT3 (Prop_lut3_I2_O)        0.036     2.903 r  rx_sdi_inst/SDI0/SDI/cam_clk_inferred_i_1/O
                                       net (fo=1681, routed)        2.395     5.298    U0_ps_ai_peripheral/frame_to_ps_inst0/cmos_write_req_gen_m0/windex_buf_2b_16w_u0/U0/inst_fifo_gen/gconvfifo.rf/grf.rf/gntv_or_sync_fifo.gcx.clkx/rd_pntr_cdc_inst/dest_clk
                  SLICE_X90Y198        FDRE                                         r  U0_ps_ai_peripheral/frame_to_ps_inst0/cmos_write_req_gen_m0/windex_buf_2b_16w_u0/U0/inst_fifo_gen/gconvfifo.rf/grf.rf/gntv_or_sync_fifo.gcx.clkx/rd_pntr_cdc_inst/dest_graysync_ff_reg[0][1]/C
                                       clock pessimism              0.000     5.298    
                  SLICE_X90Y198        FDRE (Setup_fdre_C_D)       -0.059     5.239    U0_ps_ai_peripheral/frame_to_ps_inst0/cmos_write_req_gen_m0/windex_buf_2b_16w_u0/U0/inst_fifo_gen/gconvfifo.rf/grf.rf/gntv_or_sync_fifo.gcx.clkx/rd_pntr_cdc_inst/dest_graysync_ff_reg[0][1]
  ---------------------------------------------------------------------------------
                                       data arrival                           4.693    
                                       clock arrival                          5.239    
  ---------------------------------------------------------------------------------
                                       relative delay                        -0.546    

Reference path:
    Pin Reuse     Location             Delay type                Incr(ns)  Path(ns)    Netlist Resource(s)
  ---------------------------------------------------------------------------------    -------------------
                                       (clock clk_pll_i rise edge)
                                                                    0.000     0.000 r  
                  C8                                                0.000     0.000 r  sys_clk_p (IN)
                                       net (fo=0)                   0.000     0.000    U0_ps_ai_peripheral/mig_ddr3_u0/u_mig_7series_0_mig/u_ddr3_clk_ibuf/sys_clk_p
                  C8                   IBUFDS (Prop_ibufds_I_O)     0.758     0.758 r  U0_ps_ai_peripheral/mig_ddr3_u0/u_mig_7series_0_mig/u_ddr3_clk_ibuf/diff_input_clk.u_ibufg_sys_clk/O
                                       net (fo=3, routed)           1.001     1.759    U0_ps_ai_peripheral/mig_ddr3_u0/u_mig_7series_0_mig/u_ddr3_infrastructure/out
                  PLLE2_ADV_X1Y2       PLLE2_ADV (Prop_plle2_adv_CLKIN1_CLKOUT3)
                                                                    0.073     1.832 r  U0_ps_ai_peripheral/mig_ddr3_u0/u_mig_7series_0_mig/u_ddr3_infrastructure/plle2_i/CLKOUT3
                                       net (fo=1, routed)           1.033     2.865    U0_ps_ai_peripheral/mig_ddr3_u0/u_mig_7series_0_mig/u_ddr3_infrastructure/pll_clk3_out
                  BUFHCE_X1Y24         BUFH (Prop_bufh_I_O)         0.066     2.931 r  U0_ps_ai_peripheral/mig_ddr3_u0/u_mig_7series_0_mig/u_ddr3_infrastructure/u_bufh_pll_clk3/O
                                       net (fo=1, routed)           0.710     3.641    U0_ps_ai_peripheral/mig_ddr3_u0/u_mig_7series_0_mig/u_ddr3_infrastructure/pll_clk3
                  MMCME2_ADV_X1Y2      MMCME2_ADV (Prop_mmcme2_adv_CLKIN1_CLKFBOUT)
                                                                   -2.652     0.989 r  U0_ps_ai_peripheral/mig_ddr3_u0/u_mig_7series_0_mig/u_ddr3_infrastructure/gen_mmcm.mmcm_i/CLKFBOUT
                                       net (fo=1, routed)           1.333     2.322    U0_ps_ai_peripheral/mig_ddr3_u0/u_mig_7series_0_mig/u_ddr3_infrastructure/clk_pll_i
                  BUFGCTRL_X0Y16       BUFG (Prop_bufg_I_O)         0.083     2.405 r  U0_ps_ai_peripheral/mig_ddr3_u0/u_mig_7series_0_mig/u_ddr3_infrastructure/u_bufg_clkdiv0/O
                                       net (fo=103920, routed)      1.211     3.616    U0_ps_ai_peripheral/frame_to_ps_inst0/cmos_write_req_gen_m0/windex_buf_2b_16w_u0/U0/inst_fifo_gen/gconvfifo.rf/grf.rf/gntv_or_sync_fifo.gcx.clkx/rd_pntr_cdc_inst/src_clk
                  SLICE_X71Y198        FDRE                                         r  U0_ps_ai_peripheral/frame_to_ps_inst0/cmos_write_req_gen_m0/windex_buf_2b_16w_u0/U0/inst_fifo_gen/gconvfifo.rf/grf.rf/gntv_or_sync_fifo.gcx.clkx/rd_pntr_cdc_inst/src_gray_ff_reg[0]/C
  ---------------------------------------------------------------------------------    -------------------
    Placement     SLICE_X71Y198        FDRE (Prop_fdre_C_Q)         0.178     3.794 r  U0_ps_ai_peripheral/frame_to_ps_inst0/cmos_write_req_gen_m0/windex_buf_2b_16w_u0/U0/inst_fifo_gen/gconvfifo.rf/grf.rf/gntv_or_sync_fifo.gcx.clkx/rd_pntr_cdc_inst/src_gray_ff_reg[0]/Q
                                       net (fo=1, routed)           0.286     4.080    U0_ps_ai_peripheral/frame_to_ps_inst0/cmos_write_req_gen_m0/windex_buf_2b_16w_u0/U0/inst_fifo_gen/gconvfifo.rf/grf.rf/gntv_or_sync_fifo.gcx.clkx/rd_pntr_cdc_inst/async_path[0]
    Placement     SLICE_X87Y198        FDRE                                         r  U0_ps_ai_peripheral/frame_to_ps_inst0/cmos_write_req_gen_m0/windex_buf_2b_16w_u0/U0/inst_fifo_gen/gconvfifo.rf/grf.rf/gntv_or_sync_fifo.gcx.clkx/rd_pntr_cdc_inst/dest_graysync_ff_reg[0][0]/D
  ---------------------------------------------------------------------------------    -------------------

                                       (clock clk_pll_i rise edge)
                                                                    0.000     0.000 r  
                  C8                                                0.000     0.000 r  sys_clk_p (IN)
                                       net (fo=0)                   0.000     0.000    U0_ps_ai_peripheral/mig_ddr3_u0/u_mig_7series_0_mig/u_ddr3_clk_ibuf/sys_clk_p
                  C8                   IBUFDS (Prop_ibufds_I_O)     0.855     0.855 r  U0_ps_ai_peripheral/mig_ddr3_u0/u_mig_7series_0_mig/u_ddr3_clk_ibuf/diff_input_clk.u_ibufg_sys_clk/O
                                       net (fo=3, routed)           1.098     1.953    U0_ps_ai_peripheral/mig_ddr3_u0/u_mig_7series_0_mig/u_ddr3_infrastructure/out
                  PLLE2_ADV_X1Y2       PLLE2_ADV (Prop_plle2_adv_CLKIN1_CLKOUT3)
                                                                    0.077     2.030 r  U0_ps_ai_peripheral/mig_ddr3_u0/u_mig_7series_0_mig/u_ddr3_infrastructure/plle2_i/CLKOUT3
                                       net (fo=1, routed)           1.145     3.175    U0_ps_ai_peripheral/mig_ddr3_u0/u_mig_7series_0_mig/u_ddr3_infrastructure/pll_clk3_out
                  BUFHCE_X1Y24         BUFH (Prop_bufh_I_O)         0.103     3.278 r  U0_ps_ai_peripheral/mig_ddr3_u0/u_mig_7series_0_mig/u_ddr3_infrastructure/u_bufh_pll_clk3/O
                                       net (fo=1, routed)           0.779     4.057    U0_ps_ai_peripheral/mig_ddr3_u0/u_mig_7series_0_mig/u_ddr3_infrastructure/pll_clk3
                  MMCME2_ADV_X1Y2      MMCME2_ADV (Prop_mmcme2_adv_CLKIN1_CLKFBOUT)
                                                                   -2.933     1.124 r  U0_ps_ai_peripheral/mig_ddr3_u0/u_mig_7series_0_mig/u_ddr3_infrastructure/gen_mmcm.mmcm_i/CLKFBOUT
                                       net (fo=1, routed)           1.442     2.566    U0_ps_ai_peripheral/mig_ddr3_u0/u_mig_7series_0_mig/u_ddr3_infrastructure/clk_pll_i
                  BUFGCTRL_X0Y16       BUFG (Prop_bufg_I_O)         0.093     2.659 r  U0_ps_ai_peripheral/mig_ddr3_u0/u_mig_7series_0_mig/u_ddr3_infrastructure/u_bufg_clkdiv0/O
                                       net (fo=103920, routed)      1.702     4.360    rx_sdi_inst/SDI0/SDI/ui_clk
                  SLICE_X108Y38        LUT3 (Prop_lut3_I1_O)        0.043     4.403 r  rx_sdi_inst/SDI0/SDI/cam_clk_inferred_i_1/O
                                       net (fo=1681, routed)        2.956     7.359    U0_ps_ai_peripheral/frame_to_ps_inst0/cmos_write_req_gen_m0/windex_buf_2b_16w_u0/U0/inst_fifo_gen/gconvfifo.rf/grf.rf/gntv_or_sync_fifo.gcx.clkx/rd_pntr_cdc_inst/dest_clk
                  SLICE_X87Y198        FDRE                                         r  U0_ps_ai_peripheral/frame_to_ps_inst0/cmos_write_req_gen_m0/windex_buf_2b_16w_u0/U0/inst_fifo_gen/gconvfifo.rf/grf.rf/gntv_or_sync_fifo.gcx.clkx/rd_pntr_cdc_inst/dest_graysync_ff_reg[0][0]/C
                                       clock pessimism             -0.253     7.106    
                  SLICE_X87Y198        FDRE (Hold_fdre_C_D)         0.118     7.224    U0_ps_ai_peripheral/frame_to_ps_inst0/cmos_write_req_gen_m0/windex_buf_2b_16w_u0/U0/inst_fifo_gen/gconvfifo.rf/grf.rf/gntv_or_sync_fifo.gcx.clkx/rd_pntr_cdc_inst/dest_graysync_ff_reg[0][0]
  ---------------------------------------------------------------------------------
                                       data arrival                           4.080    
                                       clock arrival                          7.224    
  ---------------------------------------------------------------------------------
                                       relative delay                        -3.143    



Id: 10
set_bus_skew -from [get_cells [list {U0_ps_ai_peripheral/frame_to_ps_inst0/cmos_write_req_gen_m0/windex_buf_2b_16w_u0/U0/inst_fifo_gen/gconvfifo.rf/grf.rf/gntv_or_sync_fifo.gcx.clkx/wr_pntr_cdc_inst/src_gray_ff_reg[0]} {U0_ps_ai_peripheral/frame_to_ps_inst0/cmos_write_req_gen_m0/windex_buf_2b_16w_u0/U0/inst_fifo_gen/gconvfifo.rf/grf.rf/gntv_or_sync_fifo.gcx.clkx/wr_pntr_cdc_inst/src_gray_ff_reg[1]} {U0_ps_ai_peripheral/frame_to_ps_inst0/cmos_write_req_gen_m0/windex_buf_2b_16w_u0/U0/inst_fifo_gen/gconvfifo.rf/grf.rf/gntv_or_sync_fifo.gcx.clkx/wr_pntr_cdc_inst/src_gray_ff_reg[2]} {U0_ps_ai_peripheral/frame_to_ps_inst0/cmos_write_req_gen_m0/windex_buf_2b_16w_u0/U0/inst_fifo_gen/gconvfifo.rf/grf.rf/gntv_or_sync_fifo.gcx.clkx/wr_pntr_cdc_inst/src_gray_ff_reg[3]}]] -to [get_cells [list {U0_ps_ai_peripheral/frame_to_ps_inst0/cmos_write_req_gen_m0/windex_buf_2b_16w_u0/U0/inst_fifo_gen/gconvfifo.rf/grf.rf/gntv_or_sync_fifo.gcx.clkx/wr_pntr_cdc_inst/dest_graysync_ff_reg[0][0]} {U0_ps_ai_peripheral/frame_to_ps_inst0/cmos_write_req_gen_m0/windex_buf_2b_16w_u0/U0/inst_fifo_gen/gconvfifo.rf/grf.rf/gntv_or_sync_fifo.gcx.clkx/wr_pntr_cdc_inst/dest_graysync_ff_reg[0][1]} {U0_ps_ai_peripheral/frame_to_ps_inst0/cmos_write_req_gen_m0/windex_buf_2b_16w_u0/U0/inst_fifo_gen/gconvfifo.rf/grf.rf/gntv_or_sync_fifo.gcx.clkx/wr_pntr_cdc_inst/dest_graysync_ff_reg[0][2]} {U0_ps_ai_peripheral/frame_to_ps_inst0/cmos_write_req_gen_m0/windex_buf_2b_16w_u0/U0/inst_fifo_gen/gconvfifo.rf/grf.rf/gntv_or_sync_fifo.gcx.clkx/wr_pntr_cdc_inst/dest_graysync_ff_reg[0][3]}]] 5.000
Requirement: 5.000ns
Endpoints: 4

From Clock            To Clock              Endpoint Pin                    Reference Pin                   Corner  Actual(ns)  Slack(ns)
--------------------  --------------------  ------------------------------  ------------------------------  ------  ----------  ---------
clk_pll_i             clk_pll_i             U0_ps_ai_peripheral/frame_to_ps_inst0/cmos_write_req_gen_m0/windex_buf_2b_16w_u0/U0/inst_fifo_gen/gconvfifo.rf/grf.rf/gntv_or_sync_fifo.gcx.clkx/wr_pntr_cdc_inst/dest_graysync_ff_reg[0][3]/D
                                                                            U0_ps_ai_peripheral/frame_to_ps_inst0/cmos_write_req_gen_m0/windex_buf_2b_16w_u0/U0/inst_fifo_gen/gconvfifo.rf/grf.rf/gntv_or_sync_fifo.gcx.clkx/wr_pntr_cdc_inst/dest_graysync_ff_reg[0][0]/D
                                                                                                            Slow         2.413      2.587


Slack (MET) :             2.587ns  (requirement - actual skew)
  Endpoint Source:        U0_ps_ai_peripheral/frame_to_ps_inst0/cmos_write_req_gen_m0/windex_buf_2b_16w_u0/U0/inst_fifo_gen/gconvfifo.rf/grf.rf/gntv_or_sync_fifo.gcx.clkx/wr_pntr_cdc_inst/src_gray_ff_reg[3]/C
                            (rising edge-triggered cell FDRE clocked by clk_pll_i)
  Endpoint Destination:   U0_ps_ai_peripheral/frame_to_ps_inst0/cmos_write_req_gen_m0/windex_buf_2b_16w_u0/U0/inst_fifo_gen/gconvfifo.rf/grf.rf/gntv_or_sync_fifo.gcx.clkx/wr_pntr_cdc_inst/dest_graysync_ff_reg[0][3]/D
                            (rising edge-triggered cell FDRE clocked by clk_pll_i)
  Reference Source:       U0_ps_ai_peripheral/frame_to_ps_inst0/cmos_write_req_gen_m0/windex_buf_2b_16w_u0/U0/inst_fifo_gen/gconvfifo.rf/grf.rf/gntv_or_sync_fifo.gcx.clkx/wr_pntr_cdc_inst/src_gray_ff_reg[0]/C
                            (rising edge-triggered cell FDRE clocked by rx_sdi_inst/SDI0/SDI/GTX_i/gtxe2_i/RXOUTCLK)
  Reference Destination:  U0_ps_ai_peripheral/frame_to_ps_inst0/cmos_write_req_gen_m0/windex_buf_2b_16w_u0/U0/inst_fifo_gen/gconvfifo.rf/grf.rf/gntv_or_sync_fifo.gcx.clkx/wr_pntr_cdc_inst/dest_graysync_ff_reg[0][0]/D
                            (rising edge-triggered cell FDRE clocked by clk_pll_i)
  Path Type:              Bus Skew (Max at Slow Process Corner)
  Requirement:            5.000ns
  Endpoint Relative Delay:    4.545ns
  Reference Relative Delay:   1.631ns
  Relative CRPR:              0.651ns
  Uncertainty:                0.150ns
  Actual Bus Skew:            2.413ns  (Endpoint Relative Delay - Reference Relative Delay - Relative CRPR + Uncertainty)

Endpoint path:
    Pin Reuse     Location             Delay type                Incr(ns)  Path(ns)    Netlist Resource(s)
  ---------------------------------------------------------------------------------    -------------------
                                       (clock clk_pll_i rise edge)
                                                                    0.000     0.000 r  
                  C8                                                0.000     0.000 r  sys_clk_p (IN)
                                       net (fo=0)                   0.000     0.000    U0_ps_ai_peripheral/mig_ddr3_u0/u_mig_7series_0_mig/u_ddr3_clk_ibuf/sys_clk_p
                  C8                   IBUFDS (Prop_ibufds_I_O)     0.855     0.855 r  U0_ps_ai_peripheral/mig_ddr3_u0/u_mig_7series_0_mig/u_ddr3_clk_ibuf/diff_input_clk.u_ibufg_sys_clk/O
                                       net (fo=3, routed)           1.098     1.953    U0_ps_ai_peripheral/mig_ddr3_u0/u_mig_7series_0_mig/u_ddr3_infrastructure/out
                  PLLE2_ADV_X1Y2       PLLE2_ADV (Prop_plle2_adv_CLKIN1_CLKOUT3)
                                                                    0.077     2.030 r  U0_ps_ai_peripheral/mig_ddr3_u0/u_mig_7series_0_mig/u_ddr3_infrastructure/plle2_i/CLKOUT3
                                       net (fo=1, routed)           1.145     3.175    U0_ps_ai_peripheral/mig_ddr3_u0/u_mig_7series_0_mig/u_ddr3_infrastructure/pll_clk3_out
                  BUFHCE_X1Y24         BUFH (Prop_bufh_I_O)         0.103     3.278 r  U0_ps_ai_peripheral/mig_ddr3_u0/u_mig_7series_0_mig/u_ddr3_infrastructure/u_bufh_pll_clk3/O
                                       net (fo=1, routed)           0.779     4.057    U0_ps_ai_peripheral/mig_ddr3_u0/u_mig_7series_0_mig/u_ddr3_infrastructure/pll_clk3
                  MMCME2_ADV_X1Y2      MMCME2_ADV (Prop_mmcme2_adv_CLKIN1_CLKFBOUT)
                                                                   -2.933     1.124 r  U0_ps_ai_peripheral/mig_ddr3_u0/u_mig_7series_0_mig/u_ddr3_infrastructure/gen_mmcm.mmcm_i/CLKFBOUT
                                       net (fo=1, routed)           1.442     2.566    U0_ps_ai_peripheral/mig_ddr3_u0/u_mig_7series_0_mig/u_ddr3_infrastructure/clk_pll_i
                  BUFGCTRL_X0Y16       BUFG (Prop_bufg_I_O)         0.093     2.659 r  U0_ps_ai_peripheral/mig_ddr3_u0/u_mig_7series_0_mig/u_ddr3_infrastructure/u_bufg_clkdiv0/O
                                       net (fo=103920, routed)      1.702     4.360    rx_sdi_inst/SDI0/SDI/ui_clk
                  SLICE_X108Y38        LUT3 (Prop_lut3_I1_O)        0.043     4.403 r  rx_sdi_inst/SDI0/SDI/cam_clk_inferred_i_1/O
                                       net (fo=1681, routed)        3.024     7.427    U0_ps_ai_peripheral/frame_to_ps_inst0/cmos_write_req_gen_m0/windex_buf_2b_16w_u0/U0/inst_fifo_gen/gconvfifo.rf/grf.rf/gntv_or_sync_fifo.gcx.clkx/wr_pntr_cdc_inst/src_clk
                  SLICE_X71Y199        FDRE                                         r  U0_ps_ai_peripheral/frame_to_ps_inst0/cmos_write_req_gen_m0/windex_buf_2b_16w_u0/U0/inst_fifo_gen/gconvfifo.rf/grf.rf/gntv_or_sync_fifo.gcx.clkx/wr_pntr_cdc_inst/src_gray_ff_reg[3]/C
  ---------------------------------------------------------------------------------    -------------------
    Placement     SLICE_X71Y199        FDRE (Prop_fdre_C_Q)         0.223     7.650 r  U0_ps_ai_peripheral/frame_to_ps_inst0/cmos_write_req_gen_m0/windex_buf_2b_16w_u0/U0/inst_fifo_gen/gconvfifo.rf/grf.rf/gntv_or_sync_fifo.gcx.clkx/wr_pntr_cdc_inst/src_gray_ff_reg[3]/Q
                                       net (fo=1, routed)           0.777     8.427    U0_ps_ai_peripheral/frame_to_ps_inst0/cmos_write_req_gen_m0/windex_buf_2b_16w_u0/U0/inst_fifo_gen/gconvfifo.rf/grf.rf/gntv_or_sync_fifo.gcx.clkx/wr_pntr_cdc_inst/async_path[3]
    Placement     SLICE_X70Y181        FDRE                                         r  U0_ps_ai_peripheral/frame_to_ps_inst0/cmos_write_req_gen_m0/windex_buf_2b_16w_u0/U0/inst_fifo_gen/gconvfifo.rf/grf.rf/gntv_or_sync_fifo.gcx.clkx/wr_pntr_cdc_inst/dest_graysync_ff_reg[0][3]/D
  ---------------------------------------------------------------------------------    -------------------

                                       (clock clk_pll_i rise edge)
                                                                    0.000     0.000 r  
                  C8                                                0.000     0.000 r  sys_clk_p (IN)
                                       net (fo=0)                   0.000     0.000    U0_ps_ai_peripheral/mig_ddr3_u0/u_mig_7series_0_mig/u_ddr3_clk_ibuf/sys_clk_p
                  C8                   IBUFDS (Prop_ibufds_I_O)     0.758     0.758 r  U0_ps_ai_peripheral/mig_ddr3_u0/u_mig_7series_0_mig/u_ddr3_clk_ibuf/diff_input_clk.u_ibufg_sys_clk/O
                                       net (fo=3, routed)           1.001     1.759    U0_ps_ai_peripheral/mig_ddr3_u0/u_mig_7series_0_mig/u_ddr3_infrastructure/out
                  PLLE2_ADV_X1Y2       PLLE2_ADV (Prop_plle2_adv_CLKIN1_CLKOUT3)
                                                                    0.073     1.832 r  U0_ps_ai_peripheral/mig_ddr3_u0/u_mig_7series_0_mig/u_ddr3_infrastructure/plle2_i/CLKOUT3
                                       net (fo=1, routed)           1.033     2.865    U0_ps_ai_peripheral/mig_ddr3_u0/u_mig_7series_0_mig/u_ddr3_infrastructure/pll_clk3_out
                  BUFHCE_X1Y24         BUFH (Prop_bufh_I_O)         0.066     2.931 r  U0_ps_ai_peripheral/mig_ddr3_u0/u_mig_7series_0_mig/u_ddr3_infrastructure/u_bufh_pll_clk3/O
                                       net (fo=1, routed)           0.710     3.641    U0_ps_ai_peripheral/mig_ddr3_u0/u_mig_7series_0_mig/u_ddr3_infrastructure/pll_clk3
                  MMCME2_ADV_X1Y2      MMCME2_ADV (Prop_mmcme2_adv_CLKIN1_CLKFBOUT)
                                                                   -2.652     0.989 r  U0_ps_ai_peripheral/mig_ddr3_u0/u_mig_7series_0_mig/u_ddr3_infrastructure/gen_mmcm.mmcm_i/CLKFBOUT
                                       net (fo=1, routed)           1.333     2.322    U0_ps_ai_peripheral/mig_ddr3_u0/u_mig_7series_0_mig/u_ddr3_infrastructure/clk_pll_i
                  BUFGCTRL_X0Y16       BUFG (Prop_bufg_I_O)         0.083     2.405 r  U0_ps_ai_peripheral/mig_ddr3_u0/u_mig_7series_0_mig/u_ddr3_infrastructure/u_bufg_clkdiv0/O
                                       net (fo=103920, routed)      1.202     3.607    U0_ps_ai_peripheral/frame_to_ps_inst0/cmos_write_req_gen_m0/windex_buf_2b_16w_u0/U0/inst_fifo_gen/gconvfifo.rf/grf.rf/gntv_or_sync_fifo.gcx.clkx/wr_pntr_cdc_inst/dest_clk
                  SLICE_X70Y181        FDRE                                         r  U0_ps_ai_peripheral/frame_to_ps_inst0/cmos_write_req_gen_m0/windex_buf_2b_16w_u0/U0/inst_fifo_gen/gconvfifo.rf/grf.rf/gntv_or_sync_fifo.gcx.clkx/wr_pntr_cdc_inst/dest_graysync_ff_reg[0][3]/C
                                       clock pessimism              0.253     3.861    
                  SLICE_X70Y181        FDRE (Setup_fdre_C_D)        0.021     3.882    U0_ps_ai_peripheral/frame_to_ps_inst0/cmos_write_req_gen_m0/windex_buf_2b_16w_u0/U0/inst_fifo_gen/gconvfifo.rf/grf.rf/gntv_or_sync_fifo.gcx.clkx/wr_pntr_cdc_inst/dest_graysync_ff_reg[0][3]
  ---------------------------------------------------------------------------------
                                       data arrival                           8.427    
                                       clock arrival                          3.882    
  ---------------------------------------------------------------------------------
                                       relative delay                         4.545    

Reference path:
    Pin Reuse     Location             Delay type                Incr(ns)  Path(ns)    Netlist Resource(s)
  ---------------------------------------------------------------------------------    -------------------
                                       (clock rx_sdi_inst/SDI0/SDI/GTX_i/gtxe2_i/RXOUTCLK rise edge)
                                                                    0.000     0.000 r  
                  GTXE2_CHANNEL_X0Y0   GTXE2_CHANNEL                0.000     0.000 r  rx_sdi_inst/SDI0/SDI/GTX_i/gtxe2_i/RXOUTCLK
                                       net (fo=1, routed)           1.154     1.154    rx_sdi_inst/SDI0/SDI/rx_outclk
                  BUFGCTRL_X0Y1        BUFG (Prop_bufg_I_O)         0.083     1.237 r  rx_sdi_inst/SDI0/SDI/BUFGRX/O
                                       net (fo=645, routed)         1.630     2.867    rx_sdi_inst/SDI0/SDI/cpllpd_wait_reg[95]__0_0
                  SLICE_X108Y38        LUT3 (Prop_lut3_I2_O)        0.036     2.903 r  rx_sdi_inst/SDI0/SDI/cam_clk_inferred_i_1/O
                                       net (fo=1681, routed)        2.518     5.420    U0_ps_ai_peripheral/frame_to_ps_inst0/cmos_write_req_gen_m0/windex_buf_2b_16w_u0/U0/inst_fifo_gen/gconvfifo.rf/grf.rf/gntv_or_sync_fifo.gcx.clkx/wr_pntr_cdc_inst/src_clk
                  SLICE_X71Y199        FDRE                                         r  U0_ps_ai_peripheral/frame_to_ps_inst0/cmos_write_req_gen_m0/windex_buf_2b_16w_u0/U0/inst_fifo_gen/gconvfifo.rf/grf.rf/gntv_or_sync_fifo.gcx.clkx/wr_pntr_cdc_inst/src_gray_ff_reg[0]/C
  ---------------------------------------------------------------------------------    -------------------
    Placement     SLICE_X71Y199        FDRE (Prop_fdre_C_Q)         0.178     5.598 r  U0_ps_ai_peripheral/frame_to_ps_inst0/cmos_write_req_gen_m0/windex_buf_2b_16w_u0/U0/inst_fifo_gen/gconvfifo.rf/grf.rf/gntv_or_sync_fifo.gcx.clkx/wr_pntr_cdc_inst/src_gray_ff_reg[0]/Q
                                       net (fo=1, routed)           0.225     5.824    U0_ps_ai_peripheral/frame_to_ps_inst0/cmos_write_req_gen_m0/windex_buf_2b_16w_u0/U0/inst_fifo_gen/gconvfifo.rf/grf.rf/gntv_or_sync_fifo.gcx.clkx/wr_pntr_cdc_inst/async_path[0]
    Placement     SLICE_X70Y199        FDRE                                         r  U0_ps_ai_peripheral/frame_to_ps_inst0/cmos_write_req_gen_m0/windex_buf_2b_16w_u0/U0/inst_fifo_gen/gconvfifo.rf/grf.rf/gntv_or_sync_fifo.gcx.clkx/wr_pntr_cdc_inst/dest_graysync_ff_reg[0][0]/D
  ---------------------------------------------------------------------------------    -------------------

                                       (clock clk_pll_i rise edge)
                                                                    0.000     0.000 r  
                  C8                                                0.000     0.000 r  sys_clk_p (IN)
                                       net (fo=0)                   0.000     0.000    U0_ps_ai_peripheral/mig_ddr3_u0/u_mig_7series_0_mig/u_ddr3_clk_ibuf/sys_clk_p
                  C8                   IBUFDS (Prop_ibufds_I_O)     0.855     0.855 r  U0_ps_ai_peripheral/mig_ddr3_u0/u_mig_7series_0_mig/u_ddr3_clk_ibuf/diff_input_clk.u_ibufg_sys_clk/O
                                       net (fo=3, routed)           1.098     1.953    U0_ps_ai_peripheral/mig_ddr3_u0/u_mig_7series_0_mig/u_ddr3_infrastructure/out
                  PLLE2_ADV_X1Y2       PLLE2_ADV (Prop_plle2_adv_CLKIN1_CLKOUT3)
                                                                    0.077     2.030 r  U0_ps_ai_peripheral/mig_ddr3_u0/u_mig_7series_0_mig/u_ddr3_infrastructure/plle2_i/CLKOUT3
                                       net (fo=1, routed)           1.145     3.175    U0_ps_ai_peripheral/mig_ddr3_u0/u_mig_7series_0_mig/u_ddr3_infrastructure/pll_clk3_out
                  BUFHCE_X1Y24         BUFH (Prop_bufh_I_O)         0.103     3.278 r  U0_ps_ai_peripheral/mig_ddr3_u0/u_mig_7series_0_mig/u_ddr3_infrastructure/u_bufh_pll_clk3/O
                                       net (fo=1, routed)           0.779     4.057    U0_ps_ai_peripheral/mig_ddr3_u0/u_mig_7series_0_mig/u_ddr3_infrastructure/pll_clk3
                  MMCME2_ADV_X1Y2      MMCME2_ADV (Prop_mmcme2_adv_CLKIN1_CLKFBOUT)
                                                                   -2.933     1.124 r  U0_ps_ai_peripheral/mig_ddr3_u0/u_mig_7series_0_mig/u_ddr3_infrastructure/gen_mmcm.mmcm_i/CLKFBOUT
                                       net (fo=1, routed)           1.442     2.566    U0_ps_ai_peripheral/mig_ddr3_u0/u_mig_7series_0_mig/u_ddr3_infrastructure/clk_pll_i
                  BUFGCTRL_X0Y16       BUFG (Prop_bufg_I_O)         0.093     2.659 r  U0_ps_ai_peripheral/mig_ddr3_u0/u_mig_7series_0_mig/u_ddr3_infrastructure/u_bufg_clkdiv0/O
                                       net (fo=103920, routed)      1.381     4.040    U0_ps_ai_peripheral/frame_to_ps_inst0/cmos_write_req_gen_m0/windex_buf_2b_16w_u0/U0/inst_fifo_gen/gconvfifo.rf/grf.rf/gntv_or_sync_fifo.gcx.clkx/wr_pntr_cdc_inst/dest_clk
                  SLICE_X70Y199        FDRE                                         r  U0_ps_ai_peripheral/frame_to_ps_inst0/cmos_write_req_gen_m0/windex_buf_2b_16w_u0/U0/inst_fifo_gen/gconvfifo.rf/grf.rf/gntv_or_sync_fifo.gcx.clkx/wr_pntr_cdc_inst/dest_graysync_ff_reg[0][0]/C
                                       clock pessimism              0.000     4.040    
                  SLICE_X70Y199        FDRE (Hold_fdre_C_D)         0.153     4.193    U0_ps_ai_peripheral/frame_to_ps_inst0/cmos_write_req_gen_m0/windex_buf_2b_16w_u0/U0/inst_fifo_gen/gconvfifo.rf/grf.rf/gntv_or_sync_fifo.gcx.clkx/wr_pntr_cdc_inst/dest_graysync_ff_reg[0][0]
  ---------------------------------------------------------------------------------
                                       data arrival                           5.824    
                                       clock arrival                          4.193    
  ---------------------------------------------------------------------------------
                                       relative delay                         1.631    



