Copyright 1986-2018 Xilinx, Inc. All Rights Reserved.
---------------------------------------------------------------------------------------------------------------------------------------
| Tool Version : Vivado v.2018.3 (win64) Build 2405991 Thu Dec  6 23:38:27 MST 2018
| Date         : Wed Sep 30 22:42:44 2026
| Host         : cysc-0286 running 64-bit major release  (build 9200)
| Command      : report_drc -file D:/ADProjects/FPGA43DGS/examples/3dgs_flicker_hw/pipeline/../build/board_cat_20260930_213732/drc.rpt
| Design       : ai7030_edif_top
| Device       : xc7z030ffg676-2
| Speed File   : -2
| Design State : Fully Routed
---------------------------------------------------------------------------------------------------------------------------------------

Report DRC

Table of Contents
-----------------
1. REPORT SUMMARY
2. REPORT DETAILS

1. REPORT SUMMARY
-----------------
            Netlist: netlist
          Floorplan: impl_1
      Design limits: <entire design considered>
           Ruledeck: default
             Max violations: <unlimited>
             Violations found: 936
+-------------+----------+-------------------------------------------------------------------+------------+
| Rule        | Severity | Description                                                       | Violations |
+-------------+----------+-------------------------------------------------------------------+------------+
| REQP-52     | Error    | connects_GTGREFCLK_ACTIVE                                         | 1          |
| REQP-56     | Error    | connects_GTGREFCLK_ACTIVE                                         | 1          |
| CHECK-3     | Warning  | Report rule limit reached                                         | 2          |
| DPIP-1      | Warning  | Input pipelining                                                  | 191        |
| DPOP-1      | Warning  | PREG Output pipelining                                            | 267        |
| DPOP-2      | Warning  | MREG Output pipelining                                            | 53         |
| DPREG-4     | Warning  | DSP48E1_PregDynOpmodeZmuxP:                                       | 1          |
| PDCN-1569   | Warning  | LUT equation term check                                           | 188        |
| PDRC-153    | Warning  | Gated clock check                                                 | 1          |
| PLCK-23     | Warning  | Clock Placer Checks                                               | 1          |
| PLHOLDVIO-2 | Warning  | Non-Optimal connections which could lead to hold violations       | 1          |
| REQP-1577   | Warning  | Clock output buffering                                            | 1          |
| REQP-1580   | Warning  | Phase alignment                                                   | 8          |
| REQP-1709   | Warning  | Clock output buffering                                            | 1          |
| REQP-1839   | Warning  | RAMB36 async control check                                        | 20         |
| REQP-1840   | Warning  | RAMB18 async control check                                        | 20         |
| RTSTAT-10   | Warning  | No routable loads                                                 | 1          |
| AVAL-4      | Advisory | enum_USE_DPORT_FALSE_enum_DREG_ADREG_0_connects_CED_CEAD_RSTD_GND | 74         |
| AVAL-5      | Advisory | enum_USE_MULT_NONE_enum_DREG_ADREG_0_connects_CED_CEAD_RSTD_GND   | 71         |
| REQP-165    | Advisory | writefirst                                                        | 4          |
| REQP-181    | Advisory | writefirst                                                        | 28         |
| REQP-1725   | Advisory | DSP_Abus_sign_bit_alert                                           | 1          |
+-------------+----------+-------------------------------------------------------------------+------------+

2. REPORT DETAILS
-----------------
REQP-52#1 Error
connects_GTGREFCLK_ACTIVE  
GTXE2_CHANNEL cell rx_sdi_inst/SDI0/SDI/GTX_i/gtxe2_i: Use of the GTGREFCLK is reserved for test purposes only. This has the lowest performance of the available clocking methods and can degrade transceiver performance. Note that GTGREFCLK use may be caused by driving a REFCLK with a BUFG.
Related violations: <none>

REQP-56#1 Error
connects_GTGREFCLK_ACTIVE  
GTXE2_COMMON cell rx_sdi_inst/gtxe2_common_0/gtxe2_common_i: Use of the GTGREFCLK is reserved for test purposes only. This has the lowest performance of the available clocking methods and can degrade transceiver performance. Note that GTGREFCLK use may be caused by driving a REFCLK with a BUFG.
Related violations: <none>

CHECK-3#1 Warning
Report rule limit reached  
REQP-1839 rule limit reached: 20 violations have been found.
Related violations: <none>

CHECK-3#2 Warning
Report rule limit reached  
REQP-1840 rule limit reached: 20 violations have been found.
Related violations: <none>

DPIP-1#1 Warning
Input pipelining  
DSP U0_ps_ai_peripheral/ZGolo/u_AI_Mate_top/buyi_icore_post_top_u0/icore_post_top_u0/post_read_u0/vector_base_2nd1 input U0_ps_ai_peripheral/ZGolo/u_AI_Mate_top/buyi_icore_post_top_u0/icore_post_top_u0/post_read_u0/vector_base_2nd1/A[29:0] is not pipelined. Pipelining DSP48 input will improve performance.
Related violations: <none>

DPIP-1#2 Warning
Input pipelining  
DSP U0_ps_ai_peripheral/ZGolo/u_AI_Mate_top/buyi_icore_post_top_u0/icore_post_top_u0/post_read_u0/vector_base_3rd1 input U0_ps_ai_peripheral/ZGolo/u_AI_Mate_top/buyi_icore_post_top_u0/icore_post_top_u0/post_read_u0/vector_base_3rd1/A[29:0] is not pipelined. Pipelining DSP48 input will improve performance.
Related violations: <none>

DPIP-1#3 Warning
Input pipelining  
DSP U_adder_top/U_flicker/render/framed_ctu_U0/prepare_frames_U0/flicker_render_piudo_U57/flicker_render_pipeline_ap_hmul_4_max_dsp_16_u/U0/i_synth/MULT.OP/MULT/MULT_GEN_VARIANT.FIX_MULT/MULT/gDSP.gDSP_only.iDSP/use_prim.appDSP48[0].bppDSP48[0].use_dsp.use_dsp48e1.iDSP48E1 input U_adder_top/U_flicker/render/framed_ctu_U0/prepare_frames_U0/flicker_render_piudo_U57/flicker_render_pipeline_ap_hmul_4_max_dsp_16_u/U0/i_synth/MULT.OP/MULT/MULT_GEN_VARIANT.FIX_MULT/MULT/gDSP.gDSP_only.iDSP/use_prim.appDSP48[0].bppDSP48[0].use_dsp.use_dsp48e1.iDSP48E1/A[29:0] is not pipelined. Pipelining DSP48 input will improve performance.
Related violations: <none>

DPIP-1#4 Warning
Input pipelining  
DSP U_adder_top/U_flicker/render/framed_ctu_U0/test_frames_U0/flicker_render_piudo_U82/flicker_render_pipeline_ap_hmul_4_max_dsp_16_u/U0/i_synth/MULT.OP/MULT/MULT_GEN_VARIANT.FIX_MULT/MULT/gDSP.gDSP_only.iDSP/use_prim.appDSP48[0].bppDSP48[0].use_dsp.use_dsp48e1.iDSP48E1 input U_adder_top/U_flicker/render/framed_ctu_U0/test_frames_U0/flicker_render_piudo_U82/flicker_render_pipeline_ap_hmul_4_max_dsp_16_u/U0/i_synth/MULT.OP/MULT/MULT_GEN_VARIANT.FIX_MULT/MULT/gDSP.gDSP_only.iDSP/use_prim.appDSP48[0].bppDSP48[0].use_dsp.use_dsp48e1.iDSP48E1/A[29:0] is not pipelined. Pipelining DSP48 input will improve performance.
Related violations: <none>

DPIP-1#5 Warning
Input pipelining  
DSP U_adder_top/U_flicker/render/framed_ctu_U0/test_frames_U0/flicker_render_piudo_U82/flicker_render_pipeline_ap_hmul_4_max_dsp_16_u/U0/i_synth/MULT.OP/MULT/MULT_GEN_VARIANT.FIX_MULT/MULT/gDSP.gDSP_only.iDSP/use_prim.appDSP48[0].bppDSP48[0].use_dsp.use_dsp48e1.iDSP48E1 input U_adder_top/U_flicker/render/framed_ctu_U0/test_frames_U0/flicker_render_piudo_U82/flicker_render_pipeline_ap_hmul_4_max_dsp_16_u/U0/i_synth/MULT.OP/MULT/MULT_GEN_VARIANT.FIX_MULT/MULT/gDSP.gDSP_only.iDSP/use_prim.appDSP48[0].bppDSP48[0].use_dsp.use_dsp48e1.iDSP48E1/B[17:0] is not pipelined. Pipelining DSP48 input will improve performance.
Related violations: <none>

DPIP-1#6 Warning
Input pipelining  
DSP U_adder_top/U_flicker/render/framed_ctu_U0/test_frames_U0/flicker_render_piudo_U83/flicker_render_pipeline_ap_hmul_4_max_dsp_16_u/U0/i_synth/MULT.OP/MULT/MULT_GEN_VARIANT.FIX_MULT/MULT/gDSP.gDSP_only.iDSP/use_prim.appDSP48[0].bppDSP48[0].use_dsp.use_dsp48e1.iDSP48E1 input U_adder_top/U_flicker/render/framed_ctu_U0/test_frames_U0/flicker_render_piudo_U83/flicker_render_pipeline_ap_hmul_4_max_dsp_16_u/U0/i_synth/MULT.OP/MULT/MULT_GEN_VARIANT.FIX_MULT/MULT/gDSP.gDSP_only.iDSP/use_prim.appDSP48[0].bppDSP48[0].use_dsp.use_dsp48e1.iDSP48E1/A[29:0] is not pipelined. Pipelining DSP48 input will improve performance.
Related violations: <none>

DPIP-1#7 Warning
Input pipelining  
DSP U_adder_top/U_flicker/render/framed_ctu_U0/test_frames_U0/flicker_render_piudo_U83/flicker_render_pipeline_ap_hmul_4_max_dsp_16_u/U0/i_synth/MULT.OP/MULT/MULT_GEN_VARIANT.FIX_MULT/MULT/gDSP.gDSP_only.iDSP/use_prim.appDSP48[0].bppDSP48[0].use_dsp.use_dsp48e1.iDSP48E1 input U_adder_top/U_flicker/render/framed_ctu_U0/test_frames_U0/flicker_render_piudo_U83/flicker_render_pipeline_ap_hmul_4_max_dsp_16_u/U0/i_synth/MULT.OP/MULT/MULT_GEN_VARIANT.FIX_MULT/MULT/gDSP.gDSP_only.iDSP/use_prim.appDSP48[0].bppDSP48[0].use_dsp.use_dsp48e1.iDSP48E1/B[17:0] is not pipelined. Pipelining DSP48 input will improve performance.
Related violations: <none>

DPIP-1#8 Warning
Input pipelining  
DSP U_adder_top/U_flicker/render/framed_ctu_U0/test_frames_U0/flicker_render_piudo_U84/flicker_render_pipeline_ap_hmul_4_max_dsp_16_u/U0/i_synth/MULT.OP/MULT/MULT_GEN_VARIANT.FIX_MULT/MULT/gDSP.gDSP_only.iDSP/use_prim.appDSP48[0].bppDSP48[0].use_dsp.use_dsp48e1.iDSP48E1 input U_adder_top/U_flicker/render/framed_ctu_U0/test_frames_U0/flicker_render_piudo_U84/flicker_render_pipeline_ap_hmul_4_max_dsp_16_u/U0/i_synth/MULT.OP/MULT/MULT_GEN_VARIANT.FIX_MULT/MULT/gDSP.gDSP_only.iDSP/use_prim.appDSP48[0].bppDSP48[0].use_dsp.use_dsp48e1.iDSP48E1/A[29:0] is not pipelined. Pipelining DSP48 input will improve performance.
Related violations: <none>

DPIP-1#9 Warning
Input pipelining  
DSP U_adder_top/U_flicker/render/framed_ctu_U0/test_frames_U0/flicker_render_piudo_U84/flicker_render_pipeline_ap_hmul_4_max_dsp_16_u/U0/i_synth/MULT.OP/MULT/MULT_GEN_VARIANT.FIX_MULT/MULT/gDSP.gDSP_only.iDSP/use_prim.appDSP48[0].bppDSP48[0].use_dsp.use_dsp48e1.iDSP48E1 input U_adder_top/U_flicker/render/framed_ctu_U0/test_frames_U0/flicker_render_piudo_U84/flicker_render_pipeline_ap_hmul_4_max_dsp_16_u/U0/i_synth/MULT.OP/MULT/MULT_GEN_VARIANT.FIX_MULT/MULT/gDSP.gDSP_only.iDSP/use_prim.appDSP48[0].bppDSP48[0].use_dsp.use_dsp48e1.iDSP48E1/B[17:0] is not pipelined. Pipelining DSP48 input will improve performance.
Related violations: <none>

DPIP-1#10 Warning
Input pipelining  
DSP U_adder_top/U_flicker/render/framed_ctu_U0/test_frames_U0/flicker_render_piudo_U85/flicker_render_pipeline_ap_hmul_4_max_dsp_16_u/U0/i_synth/MULT.OP/MULT/MULT_GEN_VARIANT.FIX_MULT/MULT/gDSP.gDSP_only.iDSP/use_prim.appDSP48[0].bppDSP48[0].use_dsp.use_dsp48e1.iDSP48E1 input U_adder_top/U_flicker/render/framed_ctu_U0/test_frames_U0/flicker_render_piudo_U85/flicker_render_pipeline_ap_hmul_4_max_dsp_16_u/U0/i_synth/MULT.OP/MULT/MULT_GEN_VARIANT.FIX_MULT/MULT/gDSP.gDSP_only.iDSP/use_prim.appDSP48[0].bppDSP48[0].use_dsp.use_dsp48e1.iDSP48E1/A[29:0] is not pipelined. Pipelining DSP48 input will improve performance.
Related violations: <none>

DPIP-1#11 Warning
Input pipelining  
DSP U_adder_top/U_flicker/render/framed_ctu_U0/test_frames_U0/flicker_render_piudo_U85/flicker_render_pipeline_ap_hmul_4_max_dsp_16_u/U0/i_synth/MULT.OP/MULT/MULT_GEN_VARIANT.FIX_MULT/MULT/gDSP.gDSP_only.iDSP/use_prim.appDSP48[0].bppDSP48[0].use_dsp.use_dsp48e1.iDSP48E1 input U_adder_top/U_flicker/render/framed_ctu_U0/test_frames_U0/flicker_render_piudo_U85/flicker_render_pipeline_ap_hmul_4_max_dsp_16_u/U0/i_synth/MULT.OP/MULT/MULT_GEN_VARIANT.FIX_MULT/MULT/gDSP.gDSP_only.iDSP/use_prim.appDSP48[0].bppDSP48[0].use_dsp.use_dsp48e1.iDSP48E1/B[17:0] is not pipelined. Pipelining DSP48 input will improve performance.
Related violations: <none>

DPIP-1#12 Warning
Input pipelining  
DSP U_adder_top/U_flicker/render/framed_ctu_U0/test_frames_U0/flicker_render_piudo_U86/flicker_render_pipeline_ap_hmul_4_max_dsp_16_u/U0/i_synth/MULT.OP/MULT/MULT_GEN_VARIANT.FIX_MULT/MULT/gDSP.gDSP_only.iDSP/use_prim.appDSP48[0].bppDSP48[0].use_dsp.use_dsp48e1.iDSP48E1 input U_adder_top/U_flicker/render/framed_ctu_U0/test_frames_U0/flicker_render_piudo_U86/flicker_render_pipeline_ap_hmul_4_max_dsp_16_u/U0/i_synth/MULT.OP/MULT/MULT_GEN_VARIANT.FIX_MULT/MULT/gDSP.gDSP_only.iDSP/use_prim.appDSP48[0].bppDSP48[0].use_dsp.use_dsp48e1.iDSP48E1/A[29:0] is not pipelined. Pipelining DSP48 input will improve performance.
Related violations: <none>

DPIP-1#13 Warning
Input pipelining  
DSP U_adder_top/U_flicker/render/framed_ctu_U0/test_frames_U0/flicker_render_piudo_U86/flicker_render_pipeline_ap_hmul_4_max_dsp_16_u/U0/i_synth/MULT.OP/MULT/MULT_GEN_VARIANT.FIX_MULT/MULT/gDSP.gDSP_only.iDSP/use_prim.appDSP48[0].bppDSP48[0].use_dsp.use_dsp48e1.iDSP48E1 input U_adder_top/U_flicker/render/framed_ctu_U0/test_frames_U0/flicker_render_piudo_U86/flicker_render_pipeline_ap_hmul_4_max_dsp_16_u/U0/i_synth/MULT.OP/MULT/MULT_GEN_VARIANT.FIX_MULT/MULT/gDSP.gDSP_only.iDSP/use_prim.appDSP48[0].bppDSP48[0].use_dsp.use_dsp48e1.iDSP48E1/B[17:0] is not pipelined. Pipelining DSP48 input will improve performance.
Related violations: <none>

DPIP-1#14 Warning
Input pipelining  
DSP U_adder_top/U_flicker/render/framed_ctu_U0/test_frames_U0/flicker_render_pixdS_U79/flicker_render_pipeline_ap_hadd_8_full_dsp_16_u/U0/i_synth/ADDSUB_OP.ADDSUB/SPEED_OP.DSP.OP/DSP48E1_BODY_HP.NORM_RND/FULL_USAGE_DSP.SHIFT_RND/DSP input U_adder_top/U_flicker/render/framed_ctu_U0/test_frames_U0/flicker_render_pixdS_U79/flicker_render_pipeline_ap_hadd_8_full_dsp_16_u/U0/i_synth/ADDSUB_OP.ADDSUB/SPEED_OP.DSP.OP/DSP48E1_BODY_HP.NORM_RND/FULL_USAGE_DSP.SHIFT_RND/DSP/C[47:0] is not pipelined. Pipelining DSP48 input will improve performance.
Related violations: <none>

DPIP-1#15 Warning
Input pipelining  
DSP U_adder_top/U_flicker/render/framed_ctu_U0/test_frames_U0/flicker_render_pixdS_U80/flicker_render_pipeline_ap_hadd_8_full_dsp_16_u/U0/i_synth/ADDSUB_OP.ADDSUB/SPEED_OP.DSP.OP/DSP48E1_BODY_HP.NORM_RND/FULL_USAGE_DSP.SHIFT_RND/DSP input U_adder_top/U_flicker/render/framed_ctu_U0/test_frames_U0/flicker_render_pixdS_U80/flicker_render_pipeline_ap_hadd_8_full_dsp_16_u/U0/i_synth/ADDSUB_OP.ADDSUB/SPEED_OP.DSP.OP/DSP48E1_BODY_HP.NORM_RND/FULL_USAGE_DSP.SHIFT_RND/DSP/C[47:0] is not pipelined. Pipelining DSP48 input will improve performance.
Related violations: <none>

DPIP-1#16 Warning
Input pipelining  
DSP U_adder_top/U_flicker/render/framed_ctu_U0/test_frames_U0/flicker_render_piyd2_U81/flicker_render_pipeline_ap_hsub_8_full_dsp_16_u/U0/i_synth/ADDSUB_OP.ADDSUB/SPEED_OP.DSP.OP/DSP48E1_BODY_HP.NORM_RND/FULL_USAGE_DSP.SHIFT_RND/DSP input U_adder_top/U_flicker/render/framed_ctu_U0/test_frames_U0/flicker_render_piyd2_U81/flicker_render_pipeline_ap_hsub_8_full_dsp_16_u/U0/i_synth/ADDSUB_OP.ADDSUB/SPEED_OP.DSP.OP/DSP48E1_BODY_HP.NORM_RND/FULL_USAGE_DSP.SHIFT_RND/DSP/C[47:0] is not pipelined. Pipelining DSP48 input will improve performance.
Related violations: <none>

DPIP-1#17 Warning
Input pipelining  
DSP U_adder_top/U_flicker/render/render_lane_0u_U0/flicker_render_piudo_U175/flicker_render_pipeline_ap_hmul_4_max_dsp_16_u/U0/i_synth/MULT.OP/MULT/MULT_GEN_VARIANT.FIX_MULT/MULT/gDSP.gDSP_only.iDSP/use_prim.appDSP48[0].bppDSP48[0].use_dsp.use_dsp48e1.iDSP48E1 input U_adder_top/U_flicker/render/render_lane_0u_U0/flicker_render_piudo_U175/flicker_render_pipeline_ap_hmul_4_max_dsp_16_u/U0/i_synth/MULT.OP/MULT/MULT_GEN_VARIANT.FIX_MULT/MULT/gDSP.gDSP_only.iDSP/use_prim.appDSP48[0].bppDSP48[0].use_dsp.use_dsp48e1.iDSP48E1/A[29:0] is not pipelined. Pipelining DSP48 input will improve performance.
Related violations: <none>

DPIP-1#18 Warning
Input pipelining  
DSP U_adder_top/U_flicker/render/render_lane_0u_U0/flicker_render_piudo_U175/flicker_render_pipeline_ap_hmul_4_max_dsp_16_u/U0/i_synth/MULT.OP/MULT/MULT_GEN_VARIANT.FIX_MULT/MULT/gDSP.gDSP_only.iDSP/use_prim.appDSP48[0].bppDSP48[0].use_dsp.use_dsp48e1.iDSP48E1 input U_adder_top/U_flicker/render/render_lane_0u_U0/flicker_render_piudo_U175/flicker_render_pipeline_ap_hmul_4_max_dsp_16_u/U0/i_synth/MULT.OP/MULT/MULT_GEN_VARIANT.FIX_MULT/MULT/gDSP.gDSP_only.iDSP/use_prim.appDSP48[0].bppDSP48[0].use_dsp.use_dsp48e1.iDSP48E1/B[17:0] is not pipelined. Pipelining DSP48 input will improve performance.
Related violations: <none>

DPIP-1#19 Warning
Input pipelining  
DSP U_adder_top/U_flicker/render/render_lane_0u_U0/flicker_render_piudo_U176/flicker_render_pipeline_ap_hmul_4_max_dsp_16_u/U0/i_synth/MULT.OP/MULT/MULT_GEN_VARIANT.FIX_MULT/MULT/gDSP.gDSP_only.iDSP/use_prim.appDSP48[0].bppDSP48[0].use_dsp.use_dsp48e1.iDSP48E1 input U_adder_top/U_flicker/render/render_lane_0u_U0/flicker_render_piudo_U176/flicker_render_pipeline_ap_hmul_4_max_dsp_16_u/U0/i_synth/MULT.OP/MULT/MULT_GEN_VARIANT.FIX_MULT/MULT/gDSP.gDSP_only.iDSP/use_prim.appDSP48[0].bppDSP48[0].use_dsp.use_dsp48e1.iDSP48E1/A[29:0] is not pipelined. Pipelining DSP48 input will improve performance.
Related violations: <none>

DPIP-1#20 Warning
Input pipelining  
DSP U_adder_top/U_flicker/render/render_lane_0u_U0/flicker_render_piudo_U176/flicker_render_pipeline_ap_hmul_4_max_dsp_16_u/U0/i_synth/MULT.OP/MULT/MULT_GEN_VARIANT.FIX_MULT/MULT/gDSP.gDSP_only.iDSP/use_prim.appDSP48[0].bppDSP48[0].use_dsp.use_dsp48e1.iDSP48E1 input U_adder_top/U_flicker/render/render_lane_0u_U0/flicker_render_piudo_U176/flicker_render_pipeline_ap_hmul_4_max_dsp_16_u/U0/i_synth/MULT.OP/MULT/MULT_GEN_VARIANT.FIX_MULT/MULT/gDSP.gDSP_only.iDSP/use_prim.appDSP48[0].bppDSP48[0].use_dsp.use_dsp48e1.iDSP48E1/B[17:0] is not pipelined. Pipelining DSP48 input will improve performance.
Related violations: <none>

DPIP-1#21 Warning
Input pipelining  
DSP U_adder_top/U_flicker/render/render_lane_0u_U0/flicker_render_piudo_U177/flicker_render_pipeline_ap_hmul_4_max_dsp_16_u/U0/i_synth/MULT.OP/MULT/MULT_GEN_VARIANT.FIX_MULT/MULT/gDSP.gDSP_only.iDSP/use_prim.appDSP48[0].bppDSP48[0].use_dsp.use_dsp48e1.iDSP48E1 input U_adder_top/U_flicker/render/render_lane_0u_U0/flicker_render_piudo_U177/flicker_render_pipeline_ap_hmul_4_max_dsp_16_u/U0/i_synth/MULT.OP/MULT/MULT_GEN_VARIANT.FIX_MULT/MULT/gDSP.gDSP_only.iDSP/use_prim.appDSP48[0].bppDSP48[0].use_dsp.use_dsp48e1.iDSP48E1/A[29:0] is not pipelined. Pipelining DSP48 input will improve performance.
Related violations: <none>

DPIP-1#22 Warning
Input pipelining  
DSP U_adder_top/U_flicker/render/render_lane_0u_U0/flicker_render_piudo_U177/flicker_render_pipeline_ap_hmul_4_max_dsp_16_u/U0/i_synth/MULT.OP/MULT/MULT_GEN_VARIANT.FIX_MULT/MULT/gDSP.gDSP_only.iDSP/use_prim.appDSP48[0].bppDSP48[0].use_dsp.use_dsp48e1.iDSP48E1 input U_adder_top/U_flicker/render/render_lane_0u_U0/flicker_render_piudo_U177/flicker_render_pipeline_ap_hmul_4_max_dsp_16_u/U0/i_synth/MULT.OP/MULT/MULT_GEN_VARIANT.FIX_MULT/MULT/gDSP.gDSP_only.iDSP/use_prim.appDSP48[0].bppDSP48[0].use_dsp.use_dsp48e1.iDSP48E1/B[17:0] is not pipelined. Pipelining DSP48 input will improve performance.
Related violations: <none>

DPIP-1#23 Warning
Input pipelining  
DSP U_adder_top/U_flicker/render/render_lane_0u_U0/flicker_render_pixdS_U172/flicker_render_pipeline_ap_hadd_8_full_dsp_16_u/U0/i_synth/ADDSUB_OP.ADDSUB/SPEED_OP.DSP.OP/DSP48E1_BODY_HP.NORM_RND/FULL_USAGE_DSP.SHIFT_RND/DSP input U_adder_top/U_flicker/render/render_lane_0u_U0/flicker_render_pixdS_U172/flicker_render_pipeline_ap_hadd_8_full_dsp_16_u/U0/i_synth/ADDSUB_OP.ADDSUB/SPEED_OP.DSP.OP/DSP48E1_BODY_HP.NORM_RND/FULL_USAGE_DSP.SHIFT_RND/DSP/C[47:0] is not pipelined. Pipelining DSP48 input will improve performance.
Related violations: <none>

DPIP-1#24 Warning
Input pipelining  
DSP U_adder_top/U_flicker/render/render_lane_0u_U0/flicker_render_pixdS_U173/flicker_render_pipeline_ap_hadd_8_full_dsp_16_u/U0/i_synth/ADDSUB_OP.ADDSUB/SPEED_OP.DSP.OP/DSP48E1_BODY_HP.NORM_RND/FULL_USAGE_DSP.SHIFT_RND/DSP input U_adder_top/U_flicker/render/render_lane_0u_U0/flicker_render_pixdS_U173/flicker_render_pipeline_ap_hadd_8_full_dsp_16_u/U0/i_synth/ADDSUB_OP.ADDSUB/SPEED_OP.DSP.OP/DSP48E1_BODY_HP.NORM_RND/FULL_USAGE_DSP.SHIFT_RND/DSP/C[47:0] is not pipelined. Pipelining DSP48 input will improve performance.
Related violations: <none>

DPIP-1#25 Warning
Input pipelining  
DSP U_adder_top/U_flicker/render/render_lane_0u_U0/flicker_render_pixdS_U174/flicker_render_pipeline_ap_hadd_8_full_dsp_16_u/U0/i_synth/ADDSUB_OP.ADDSUB/SPEED_OP.DSP.OP/DSP48E1_BODY_HP.NORM_RND/FULL_USAGE_DSP.SHIFT_RND/DSP input U_adder_top/U_flicker/render/render_lane_0u_U0/flicker_render_pixdS_U174/flicker_render_pipeline_ap_hadd_8_full_dsp_16_u/U0/i_synth/ADDSUB_OP.ADDSUB/SPEED_OP.DSP.OP/DSP48E1_BODY_HP.NORM_RND/FULL_USAGE_DSP.SHIFT_RND/DSP/C[47:0] is not pipelined. Pipelining DSP48 input will improve performance.
Related violations: <none>

DPIP-1#26 Warning
Input pipelining  
DSP U_adder_top/U_flicker/render/render_lane_0u_U0/grp_evaluate_group_0u_s_fu_446/flicker_render_piudo_U146/flicker_render_pipeline_ap_hmul_4_max_dsp_16_u/U0/i_synth/MULT.OP/MULT/MULT_GEN_VARIANT.FIX_MULT/MULT/gDSP.gDSP_only.iDSP/use_prim.appDSP48[0].bppDSP48[0].use_dsp.use_dsp48e1.iDSP48E1 input U_adder_top/U_flicker/render/render_lane_0u_U0/grp_evaluate_group_0u_s_fu_446/flicker_render_piudo_U146/flicker_render_pipeline_ap_hmul_4_max_dsp_16_u/U0/i_synth/MULT.OP/MULT/MULT_GEN_VARIANT.FIX_MULT/MULT/gDSP.gDSP_only.iDSP/use_prim.appDSP48[0].bppDSP48[0].use_dsp.use_dsp48e1.iDSP48E1/A[29:0] is not pipelined. Pipelining DSP48 input will improve performance.
Related violations: <none>

DPIP-1#27 Warning
Input pipelining  
DSP U_adder_top/U_flicker/render/render_lane_0u_U0/grp_evaluate_group_0u_s_fu_446/flicker_render_piudo_U146/flicker_render_pipeline_ap_hmul_4_max_dsp_16_u/U0/i_synth/MULT.OP/MULT/MULT_GEN_VARIANT.FIX_MULT/MULT/gDSP.gDSP_only.iDSP/use_prim.appDSP48[0].bppDSP48[0].use_dsp.use_dsp48e1.iDSP48E1 input U_adder_top/U_flicker/render/render_lane_0u_U0/grp_evaluate_group_0u_s_fu_446/flicker_render_piudo_U146/flicker_render_pipeline_ap_hmul_4_max_dsp_16_u/U0/i_synth/MULT.OP/MULT/MULT_GEN_VARIANT.FIX_MULT/MULT/gDSP.gDSP_only.iDSP/use_prim.appDSP48[0].bppDSP48[0].use_dsp.use_dsp48e1.iDSP48E1/B[17:0] is not pipelined. Pipelining DSP48 input will improve performance.
Related violations: <none>

DPIP-1#28 Warning
Input pipelining  
DSP U_adder_top/U_flicker/render/render_lane_0u_U0/grp_evaluate_group_0u_s_fu_446/flicker_render_piudo_U147/flicker_render_pipeline_ap_hmul_4_max_dsp_16_u/U0/i_synth/MULT.OP/MULT/MULT_GEN_VARIANT.FIX_MULT/MULT/gDSP.gDSP_only.iDSP/use_prim.appDSP48[0].bppDSP48[0].use_dsp.use_dsp48e1.iDSP48E1 input U_adder_top/U_flicker/render/render_lane_0u_U0/grp_evaluate_group_0u_s_fu_446/flicker_render_piudo_U147/flicker_render_pipeline_ap_hmul_4_max_dsp_16_u/U0/i_synth/MULT.OP/MULT/MULT_GEN_VARIANT.FIX_MULT/MULT/gDSP.gDSP_only.iDSP/use_prim.appDSP48[0].bppDSP48[0].use_dsp.use_dsp48e1.iDSP48E1/A[29:0] is not pipelined. Pipelining DSP48 input will improve performance.
Related violations: <none>

DPIP-1#29 Warning
Input pipelining  
DSP U_adder_top/U_flicker/render/render_lane_0u_U0/grp_evaluate_group_0u_s_fu_446/flicker_render_piudo_U147/flicker_render_pipeline_ap_hmul_4_max_dsp_16_u/U0/i_synth/MULT.OP/MULT/MULT_GEN_VARIANT.FIX_MULT/MULT/gDSP.gDSP_only.iDSP/use_prim.appDSP48[0].bppDSP48[0].use_dsp.use_dsp48e1.iDSP48E1 input U_adder_top/U_flicker/render/render_lane_0u_U0/grp_evaluate_group_0u_s_fu_446/flicker_render_piudo_U147/flicker_render_pipeline_ap_hmul_4_max_dsp_16_u/U0/i_synth/MULT.OP/MULT/MULT_GEN_VARIANT.FIX_MULT/MULT/gDSP.gDSP_only.iDSP/use_prim.appDSP48[0].bppDSP48[0].use_dsp.use_dsp48e1.iDSP48E1/B[17:0] is not pipelined. Pipelining DSP48 input will improve performance.
Related violations: <none>

DPIP-1#30 Warning
Input pipelining  
DSP U_adder_top/U_flicker/render/render_lane_0u_U0/grp_evaluate_group_0u_s_fu_446/flicker_render_piudo_U148/flicker_render_pipeline_ap_hmul_4_max_dsp_16_u/U0/i_synth/MULT.OP/MULT/MULT_GEN_VARIANT.FIX_MULT/MULT/gDSP.gDSP_only.iDSP/use_prim.appDSP48[0].bppDSP48[0].use_dsp.use_dsp48e1.iDSP48E1 input U_adder_top/U_flicker/render/render_lane_0u_U0/grp_evaluate_group_0u_s_fu_446/flicker_render_piudo_U148/flicker_render_pipeline_ap_hmul_4_max_dsp_16_u/U0/i_synth/MULT.OP/MULT/MULT_GEN_VARIANT.FIX_MULT/MULT/gDSP.gDSP_only.iDSP/use_prim.appDSP48[0].bppDSP48[0].use_dsp.use_dsp48e1.iDSP48E1/A[29:0] is not pipelined. Pipelining DSP48 input will improve performance.
Related violations: <none>

DPIP-1#31 Warning
Input pipelining  
DSP U_adder_top/U_flicker/render/render_lane_0u_U0/grp_evaluate_group_0u_s_fu_446/flicker_render_piudo_U148/flicker_render_pipeline_ap_hmul_4_max_dsp_16_u/U0/i_synth/MULT.OP/MULT/MULT_GEN_VARIANT.FIX_MULT/MULT/gDSP.gDSP_only.iDSP/use_prim.appDSP48[0].bppDSP48[0].use_dsp.use_dsp48e1.iDSP48E1 input U_adder_top/U_flicker/render/render_lane_0u_U0/grp_evaluate_group_0u_s_fu_446/flicker_render_piudo_U148/flicker_render_pipeline_ap_hmul_4_max_dsp_16_u/U0/i_synth/MULT.OP/MULT/MULT_GEN_VARIANT.FIX_MULT/MULT/gDSP.gDSP_only.iDSP/use_prim.appDSP48[0].bppDSP48[0].use_dsp.use_dsp48e1.iDSP48E1/B[17:0] is not pipelined. Pipelining DSP48 input will improve performance.
Related violations: <none>

DPIP-1#32 Warning
Input pipelining  
DSP U_adder_top/U_flicker/render/render_lane_0u_U0/grp_evaluate_group_0u_s_fu_446/flicker_render_piudo_U149/flicker_render_pipeline_ap_hmul_4_max_dsp_16_u/U0/i_synth/MULT.OP/MULT/MULT_GEN_VARIANT.FIX_MULT/MULT/gDSP.gDSP_only.iDSP/use_prim.appDSP48[0].bppDSP48[0].use_dsp.use_dsp48e1.iDSP48E1 input U_adder_top/U_flicker/render/render_lane_0u_U0/grp_evaluate_group_0u_s_fu_446/flicker_render_piudo_U149/flicker_render_pipeline_ap_hmul_4_max_dsp_16_u/U0/i_synth/MULT.OP/MULT/MULT_GEN_VARIANT.FIX_MULT/MULT/gDSP.gDSP_only.iDSP/use_prim.appDSP48[0].bppDSP48[0].use_dsp.use_dsp48e1.iDSP48E1/A[29:0] is not pipelined. Pipelining DSP48 input will improve performance.
Related violations: <none>

DPIP-1#33 Warning
Input pipelining  
DSP U_adder_top/U_flicker/render/render_lane_0u_U0/grp_evaluate_group_0u_s_fu_446/flicker_render_piudo_U149/flicker_render_pipeline_ap_hmul_4_max_dsp_16_u/U0/i_synth/MULT.OP/MULT/MULT_GEN_VARIANT.FIX_MULT/MULT/gDSP.gDSP_only.iDSP/use_prim.appDSP48[0].bppDSP48[0].use_dsp.use_dsp48e1.iDSP48E1 input U_adder_top/U_flicker/render/render_lane_0u_U0/grp_evaluate_group_0u_s_fu_446/flicker_render_piudo_U149/flicker_render_pipeline_ap_hmul_4_max_dsp_16_u/U0/i_synth/MULT.OP/MULT/MULT_GEN_VARIANT.FIX_MULT/MULT/gDSP.gDSP_only.iDSP/use_prim.appDSP48[0].bppDSP48[0].use_dsp.use_dsp48e1.iDSP48E1/B[17:0] is not pipelined. Pipelining DSP48 input will improve performance.
Related violations: <none>

DPIP-1#34 Warning
Input pipelining  
DSP U_adder_top/U_flicker/render/render_lane_0u_U0/grp_evaluate_group_0u_s_fu_446/flicker_render_piudo_U150/flicker_render_pipeline_ap_hmul_4_max_dsp_16_u/U0/i_synth/MULT.OP/MULT/MULT_GEN_VARIANT.FIX_MULT/MULT/gDSP.gDSP_only.iDSP/use_prim.appDSP48[0].bppDSP48[0].use_dsp.use_dsp48e1.iDSP48E1 input U_adder_top/U_flicker/render/render_lane_0u_U0/grp_evaluate_group_0u_s_fu_446/flicker_render_piudo_U150/flicker_render_pipeline_ap_hmul_4_max_dsp_16_u/U0/i_synth/MULT.OP/MULT/MULT_GEN_VARIANT.FIX_MULT/MULT/gDSP.gDSP_only.iDSP/use_prim.appDSP48[0].bppDSP48[0].use_dsp.use_dsp48e1.iDSP48E1/A[29:0] is not pipelined. Pipelining DSP48 input will improve performance.
Related violations: <none>

DPIP-1#35 Warning
Input pipelining  
DSP U_adder_top/U_flicker/render/render_lane_0u_U0/grp_evaluate_group_0u_s_fu_446/flicker_render_piudo_U150/flicker_render_pipeline_ap_hmul_4_max_dsp_16_u/U0/i_synth/MULT.OP/MULT/MULT_GEN_VARIANT.FIX_MULT/MULT/gDSP.gDSP_only.iDSP/use_prim.appDSP48[0].bppDSP48[0].use_dsp.use_dsp48e1.iDSP48E1 input U_adder_top/U_flicker/render/render_lane_0u_U0/grp_evaluate_group_0u_s_fu_446/flicker_render_piudo_U150/flicker_render_pipeline_ap_hmul_4_max_dsp_16_u/U0/i_synth/MULT.OP/MULT/MULT_GEN_VARIANT.FIX_MULT/MULT/gDSP.gDSP_only.iDSP/use_prim.appDSP48[0].bppDSP48[0].use_dsp.use_dsp48e1.iDSP48E1/B[17:0] is not pipelined. Pipelining DSP48 input will improve performance.
Related violations: <none>

DPIP-1#36 Warning
Input pipelining  
DSP U_adder_top/U_flicker/render/render_lane_0u_U0/grp_evaluate_group_0u_s_fu_446/flicker_render_piudo_U151/flicker_render_pipeline_ap_hmul_4_max_dsp_16_u/U0/i_synth/MULT.OP/MULT/MULT_GEN_VARIANT.FIX_MULT/MULT/gDSP.gDSP_only.iDSP/use_prim.appDSP48[0].bppDSP48[0].use_dsp.use_dsp48e1.iDSP48E1 input U_adder_top/U_flicker/render/render_lane_0u_U0/grp_evaluate_group_0u_s_fu_446/flicker_render_piudo_U151/flicker_render_pipeline_ap_hmul_4_max_dsp_16_u/U0/i_synth/MULT.OP/MULT/MULT_GEN_VARIANT.FIX_MULT/MULT/gDSP.gDSP_only.iDSP/use_prim.appDSP48[0].bppDSP48[0].use_dsp.use_dsp48e1.iDSP48E1/A[29:0] is not pipelined. Pipelining DSP48 input will improve performance.
Related violations: <none>

DPIP-1#37 Warning
Input pipelining  
DSP U_adder_top/U_flicker/render/render_lane_0u_U0/grp_evaluate_group_0u_s_fu_446/flicker_render_piudo_U151/flicker_render_pipeline_ap_hmul_4_max_dsp_16_u/U0/i_synth/MULT.OP/MULT/MULT_GEN_VARIANT.FIX_MULT/MULT/gDSP.gDSP_only.iDSP/use_prim.appDSP48[0].bppDSP48[0].use_dsp.use_dsp48e1.iDSP48E1 input U_adder_top/U_flicker/render/render_lane_0u_U0/grp_evaluate_group_0u_s_fu_446/flicker_render_piudo_U151/flicker_render_pipeline_ap_hmul_4_max_dsp_16_u/U0/i_synth/MULT.OP/MULT/MULT_GEN_VARIANT.FIX_MULT/MULT/gDSP.gDSP_only.iDSP/use_prim.appDSP48[0].bppDSP48[0].use_dsp.use_dsp48e1.iDSP48E1/B[17:0] is not pipelined. Pipelining DSP48 input will improve performance.
Related violations: <none>

DPIP-1#38 Warning
Input pipelining  
DSP U_adder_top/U_flicker/render/render_lane_0u_U0/grp_evaluate_group_0u_s_fu_446/flicker_render_piudo_U152/flicker_render_pipeline_ap_hmul_4_max_dsp_16_u/U0/i_synth/MULT.OP/MULT/MULT_GEN_VARIANT.FIX_MULT/MULT/gDSP.gDSP_only.iDSP/use_prim.appDSP48[0].bppDSP48[0].use_dsp.use_dsp48e1.iDSP48E1 input U_adder_top/U_flicker/render/render_lane_0u_U0/grp_evaluate_group_0u_s_fu_446/flicker_render_piudo_U152/flicker_render_pipeline_ap_hmul_4_max_dsp_16_u/U0/i_synth/MULT.OP/MULT/MULT_GEN_VARIANT.FIX_MULT/MULT/gDSP.gDSP_only.iDSP/use_prim.appDSP48[0].bppDSP48[0].use_dsp.use_dsp48e1.iDSP48E1/A[29:0] is not pipelined. Pipelining DSP48 input will improve performance.
Related violations: <none>

DPIP-1#39 Warning
Input pipelining  
DSP U_adder_top/U_flicker/render/render_lane_0u_U0/grp_evaluate_group_0u_s_fu_446/flicker_render_piudo_U153/flicker_render_pipeline_ap_hmul_4_max_dsp_16_u/U0/i_synth/MULT.OP/MULT/MULT_GEN_VARIANT.FIX_MULT/MULT/gDSP.gDSP_only.iDSP/use_prim.appDSP48[0].bppDSP48[0].use_dsp.use_dsp48e1.iDSP48E1 input U_adder_top/U_flicker/render/render_lane_0u_U0/grp_evaluate_group_0u_s_fu_446/flicker_render_piudo_U153/flicker_render_pipeline_ap_hmul_4_max_dsp_16_u/U0/i_synth/MULT.OP/MULT/MULT_GEN_VARIANT.FIX_MULT/MULT/gDSP.gDSP_only.iDSP/use_prim.appDSP48[0].bppDSP48[0].use_dsp.use_dsp48e1.iDSP48E1/A[29:0] is not pipelined. Pipelining DSP48 input will improve performance.
Related violations: <none>

DPIP-1#40 Warning
Input pipelining  
DSP U_adder_top/U_flicker/render/render_lane_0u_U0/grp_evaluate_group_0u_s_fu_446/flicker_render_piudo_U153/flicker_render_pipeline_ap_hmul_4_max_dsp_16_u/U0/i_synth/MULT.OP/MULT/MULT_GEN_VARIANT.FIX_MULT/MULT/gDSP.gDSP_only.iDSP/use_prim.appDSP48[0].bppDSP48[0].use_dsp.use_dsp48e1.iDSP48E1 input U_adder_top/U_flicker/render/render_lane_0u_U0/grp_evaluate_group_0u_s_fu_446/flicker_render_piudo_U153/flicker_render_pipeline_ap_hmul_4_max_dsp_16_u/U0/i_synth/MULT.OP/MULT/MULT_GEN_VARIANT.FIX_MULT/MULT/gDSP.gDSP_only.iDSP/use_prim.appDSP48[0].bppDSP48[0].use_dsp.use_dsp48e1.iDSP48E1/B[17:0] is not pipelined. Pipelining DSP48 input will improve performance.
Related violations: <none>

DPIP-1#41 Warning
Input pipelining  
DSP U_adder_top/U_flicker/render/render_lane_0u_U0/grp_evaluate_group_0u_s_fu_446/flicker_render_piudo_U154/flicker_render_pipeline_ap_hmul_4_max_dsp_16_u/U0/i_synth/MULT.OP/MULT/MULT_GEN_VARIANT.FIX_MULT/MULT/gDSP.gDSP_only.iDSP/use_prim.appDSP48[0].bppDSP48[0].use_dsp.use_dsp48e1.iDSP48E1 input U_adder_top/U_flicker/render/render_lane_0u_U0/grp_evaluate_group_0u_s_fu_446/flicker_render_piudo_U154/flicker_render_pipeline_ap_hmul_4_max_dsp_16_u/U0/i_synth/MULT.OP/MULT/MULT_GEN_VARIANT.FIX_MULT/MULT/gDSP.gDSP_only.iDSP/use_prim.appDSP48[0].bppDSP48[0].use_dsp.use_dsp48e1.iDSP48E1/A[29:0] is not pipelined. Pipelining DSP48 input will improve performance.
Related violations: <none>

DPIP-1#42 Warning
Input pipelining  
DSP U_adder_top/U_flicker/render/render_lane_0u_U0/grp_evaluate_group_0u_s_fu_446/flicker_render_piudo_U154/flicker_render_pipeline_ap_hmul_4_max_dsp_16_u/U0/i_synth/MULT.OP/MULT/MULT_GEN_VARIANT.FIX_MULT/MULT/gDSP.gDSP_only.iDSP/use_prim.appDSP48[0].bppDSP48[0].use_dsp.use_dsp48e1.iDSP48E1 input U_adder_top/U_flicker/render/render_lane_0u_U0/grp_evaluate_group_0u_s_fu_446/flicker_render_piudo_U154/flicker_render_pipeline_ap_hmul_4_max_dsp_16_u/U0/i_synth/MULT.OP/MULT/MULT_GEN_VARIANT.FIX_MULT/MULT/gDSP.gDSP_only.iDSP/use_prim.appDSP48[0].bppDSP48[0].use_dsp.use_dsp48e1.iDSP48E1/B[17:0] is not pipelined. Pipelining DSP48 input will improve performance.
Related violations: <none>

DPIP-1#43 Warning
Input pipelining  
DSP U_adder_top/U_flicker/render/render_lane_0u_U0/grp_evaluate_group_0u_s_fu_446/flicker_render_piudo_U155/flicker_render_pipeline_ap_hmul_4_max_dsp_16_u/U0/i_synth/MULT.OP/MULT/MULT_GEN_VARIANT.FIX_MULT/MULT/gDSP.gDSP_only.iDSP/use_prim.appDSP48[0].bppDSP48[0].use_dsp.use_dsp48e1.iDSP48E1 input U_adder_top/U_flicker/render/render_lane_0u_U0/grp_evaluate_group_0u_s_fu_446/flicker_render_piudo_U155/flicker_render_pipeline_ap_hmul_4_max_dsp_16_u/U0/i_synth/MULT.OP/MULT/MULT_GEN_VARIANT.FIX_MULT/MULT/gDSP.gDSP_only.iDSP/use_prim.appDSP48[0].bppDSP48[0].use_dsp.use_dsp48e1.iDSP48E1/A[29:0] is not pipelined. Pipelining DSP48 input will improve performance.
Related violations: <none>

DPIP-1#44 Warning
Input pipelining  
DSP U_adder_top/U_flicker/render/render_lane_0u_U0/grp_evaluate_group_0u_s_fu_446/flicker_render_piudo_U155/flicker_render_pipeline_ap_hmul_4_max_dsp_16_u/U0/i_synth/MULT.OP/MULT/MULT_GEN_VARIANT.FIX_MULT/MULT/gDSP.gDSP_only.iDSP/use_prim.appDSP48[0].bppDSP48[0].use_dsp.use_dsp48e1.iDSP48E1 input U_adder_top/U_flicker/render/render_lane_0u_U0/grp_evaluate_group_0u_s_fu_446/flicker_render_piudo_U155/flicker_render_pipeline_ap_hmul_4_max_dsp_16_u/U0/i_synth/MULT.OP/MULT/MULT_GEN_VARIANT.FIX_MULT/MULT/gDSP.gDSP_only.iDSP/use_prim.appDSP48[0].bppDSP48[0].use_dsp.use_dsp48e1.iDSP48E1/B[17:0] is not pipelined. Pipelining DSP48 input will improve performance.
Related violations: <none>

DPIP-1#45 Warning
Input pipelining  
DSP U_adder_top/U_flicker/render/render_lane_0u_U0/grp_evaluate_group_0u_s_fu_446/flicker_render_piudo_U156/flicker_render_pipeline_ap_hmul_4_max_dsp_16_u/U0/i_synth/MULT.OP/MULT/MULT_GEN_VARIANT.FIX_MULT/MULT/gDSP.gDSP_only.iDSP/use_prim.appDSP48[0].bppDSP48[0].use_dsp.use_dsp48e1.iDSP48E1 input U_adder_top/U_flicker/render/render_lane_0u_U0/grp_evaluate_group_0u_s_fu_446/flicker_render_piudo_U156/flicker_render_pipeline_ap_hmul_4_max_dsp_16_u/U0/i_synth/MULT.OP/MULT/MULT_GEN_VARIANT.FIX_MULT/MULT/gDSP.gDSP_only.iDSP/use_prim.appDSP48[0].bppDSP48[0].use_dsp.use_dsp48e1.iDSP48E1/A[29:0] is not pipelined. Pipelining DSP48 input will improve performance.
Related violations: <none>

DPIP-1#46 Warning
Input pipelining  
DSP U_adder_top/U_flicker/render/render_lane_0u_U0/grp_evaluate_group_0u_s_fu_446/flicker_render_piudo_U156/flicker_render_pipeline_ap_hmul_4_max_dsp_16_u/U0/i_synth/MULT.OP/MULT/MULT_GEN_VARIANT.FIX_MULT/MULT/gDSP.gDSP_only.iDSP/use_prim.appDSP48[0].bppDSP48[0].use_dsp.use_dsp48e1.iDSP48E1 input U_adder_top/U_flicker/render/render_lane_0u_U0/grp_evaluate_group_0u_s_fu_446/flicker_render_piudo_U156/flicker_render_pipeline_ap_hmul_4_max_dsp_16_u/U0/i_synth/MULT.OP/MULT/MULT_GEN_VARIANT.FIX_MULT/MULT/gDSP.gDSP_only.iDSP/use_prim.appDSP48[0].bppDSP48[0].use_dsp.use_dsp48e1.iDSP48E1/B[17:0] is not pipelined. Pipelining DSP48 input will improve performance.
Related violations: <none>

DPIP-1#47 Warning
Input pipelining  
DSP U_adder_top/U_flicker/render/render_lane_0u_U0/grp_evaluate_group_0u_s_fu_446/flicker_render_piudo_U157/flicker_render_pipeline_ap_hmul_4_max_dsp_16_u/U0/i_synth/MULT.OP/MULT/MULT_GEN_VARIANT.FIX_MULT/MULT/gDSP.gDSP_only.iDSP/use_prim.appDSP48[0].bppDSP48[0].use_dsp.use_dsp48e1.iDSP48E1 input U_adder_top/U_flicker/render/render_lane_0u_U0/grp_evaluate_group_0u_s_fu_446/flicker_render_piudo_U157/flicker_render_pipeline_ap_hmul_4_max_dsp_16_u/U0/i_synth/MULT.OP/MULT/MULT_GEN_VARIANT.FIX_MULT/MULT/gDSP.gDSP_only.iDSP/use_prim.appDSP48[0].bppDSP48[0].use_dsp.use_dsp48e1.iDSP48E1/A[29:0] is not pipelined. Pipelining DSP48 input will improve performance.
Related violations: <none>

DPIP-1#48 Warning
Input pipelining  
DSP U_adder_top/U_flicker/render/render_lane_0u_U0/grp_evaluate_group_0u_s_fu_446/flicker_render_piudo_U157/flicker_render_pipeline_ap_hmul_4_max_dsp_16_u/U0/i_synth/MULT.OP/MULT/MULT_GEN_VARIANT.FIX_MULT/MULT/gDSP.gDSP_only.iDSP/use_prim.appDSP48[0].bppDSP48[0].use_dsp.use_dsp48e1.iDSP48E1 input U_adder_top/U_flicker/render/render_lane_0u_U0/grp_evaluate_group_0u_s_fu_446/flicker_render_piudo_U157/flicker_render_pipeline_ap_hmul_4_max_dsp_16_u/U0/i_synth/MULT.OP/MULT/MULT_GEN_VARIANT.FIX_MULT/MULT/gDSP.gDSP_only.iDSP/use_prim.appDSP48[0].bppDSP48[0].use_dsp.use_dsp48e1.iDSP48E1/B[17:0] is not pipelined. Pipelining DSP48 input will improve performance.
Related violations: <none>

DPIP-1#49 Warning
Input pipelining  
DSP U_adder_top/U_flicker/render/render_lane_0u_U0/grp_evaluate_group_0u_s_fu_446/flicker_render_piudo_U158/flicker_render_pipeline_ap_hmul_4_max_dsp_16_u/U0/i_synth/MULT.OP/MULT/MULT_GEN_VARIANT.FIX_MULT/MULT/gDSP.gDSP_only.iDSP/use_prim.appDSP48[0].bppDSP48[0].use_dsp.use_dsp48e1.iDSP48E1 input U_adder_top/U_flicker/render/render_lane_0u_U0/grp_evaluate_group_0u_s_fu_446/flicker_render_piudo_U158/flicker_render_pipeline_ap_hmul_4_max_dsp_16_u/U0/i_synth/MULT.OP/MULT/MULT_GEN_VARIANT.FIX_MULT/MULT/gDSP.gDSP_only.iDSP/use_prim.appDSP48[0].bppDSP48[0].use_dsp.use_dsp48e1.iDSP48E1/A[29:0] is not pipelined. Pipelining DSP48 input will improve performance.
Related violations: <none>

DPIP-1#50 Warning
Input pipelining  
DSP U_adder_top/U_flicker/render/render_lane_0u_U0/grp_evaluate_group_0u_s_fu_446/flicker_render_piudo_U158/flicker_render_pipeline_ap_hmul_4_max_dsp_16_u/U0/i_synth/MULT.OP/MULT/MULT_GEN_VARIANT.FIX_MULT/MULT/gDSP.gDSP_only.iDSP/use_prim.appDSP48[0].bppDSP48[0].use_dsp.use_dsp48e1.iDSP48E1 input U_adder_top/U_flicker/render/render_lane_0u_U0/grp_evaluate_group_0u_s_fu_446/flicker_render_piudo_U158/flicker_render_pipeline_ap_hmul_4_max_dsp_16_u/U0/i_synth/MULT.OP/MULT/MULT_GEN_VARIANT.FIX_MULT/MULT/gDSP.gDSP_only.iDSP/use_prim.appDSP48[0].bppDSP48[0].use_dsp.use_dsp48e1.iDSP48E1/B[17:0] is not pipelined. Pipelining DSP48 input will improve performance.
Related violations: <none>

DPIP-1#51 Warning
Input pipelining  
DSP U_adder_top/U_flicker/render/render_lane_0u_U0/grp_evaluate_group_0u_s_fu_446/flicker_render_pixdS_U138/flicker_render_pipeline_ap_hadd_8_full_dsp_16_u/U0/i_synth/ADDSUB_OP.ADDSUB/SPEED_OP.DSP.OP/DSP48E1_BODY_HP.NORM_RND/FULL_USAGE_DSP.SHIFT_RND/DSP input U_adder_top/U_flicker/render/render_lane_0u_U0/grp_evaluate_group_0u_s_fu_446/flicker_render_pixdS_U138/flicker_render_pipeline_ap_hadd_8_full_dsp_16_u/U0/i_synth/ADDSUB_OP.ADDSUB/SPEED_OP.DSP.OP/DSP48E1_BODY_HP.NORM_RND/FULL_USAGE_DSP.SHIFT_RND/DSP/C[47:0] is not pipelined. Pipelining DSP48 input will improve performance.
Related violations: <none>

DPIP-1#52 Warning
Input pipelining  
DSP U_adder_top/U_flicker/render/render_lane_0u_U0/grp_evaluate_group_0u_s_fu_446/flicker_render_pixdS_U139/flicker_render_pipeline_ap_hadd_8_full_dsp_16_u/U0/i_synth/ADDSUB_OP.ADDSUB/SPEED_OP.DSP.OP/DSP48E1_BODY_HP.NORM_RND/FULL_USAGE_DSP.SHIFT_RND/DSP input U_adder_top/U_flicker/render/render_lane_0u_U0/grp_evaluate_group_0u_s_fu_446/flicker_render_pixdS_U139/flicker_render_pipeline_ap_hadd_8_full_dsp_16_u/U0/i_synth/ADDSUB_OP.ADDSUB/SPEED_OP.DSP.OP/DSP48E1_BODY_HP.NORM_RND/FULL_USAGE_DSP.SHIFT_RND/DSP/C[47:0] is not pipelined. Pipelining DSP48 input will improve performance.
Related violations: <none>

DPIP-1#53 Warning
Input pipelining  
DSP U_adder_top/U_flicker/render/render_lane_0u_U0/grp_evaluate_group_0u_s_fu_446/flicker_render_pixdS_U140/flicker_render_pipeline_ap_hadd_8_full_dsp_16_u/U0/i_synth/ADDSUB_OP.ADDSUB/SPEED_OP.DSP.OP/DSP48E1_BODY_HP.NORM_RND/FULL_USAGE_DSP.SHIFT_RND/DSP input U_adder_top/U_flicker/render/render_lane_0u_U0/grp_evaluate_group_0u_s_fu_446/flicker_render_pixdS_U140/flicker_render_pipeline_ap_hadd_8_full_dsp_16_u/U0/i_synth/ADDSUB_OP.ADDSUB/SPEED_OP.DSP.OP/DSP48E1_BODY_HP.NORM_RND/FULL_USAGE_DSP.SHIFT_RND/DSP/C[47:0] is not pipelined. Pipelining DSP48 input will improve performance.
Related violations: <none>

DPIP-1#54 Warning
Input pipelining  
DSP U_adder_top/U_flicker/render/render_lane_0u_U0/grp_evaluate_group_0u_s_fu_446/flicker_render_pixdS_U141/flicker_render_pipeline_ap_hadd_8_full_dsp_16_u/U0/i_synth/ADDSUB_OP.ADDSUB/SPEED_OP.DSP.OP/DSP48E1_BODY_HP.NORM_RND/FULL_USAGE_DSP.SHIFT_RND/DSP input U_adder_top/U_flicker/render/render_lane_0u_U0/grp_evaluate_group_0u_s_fu_446/flicker_render_pixdS_U141/flicker_render_pipeline_ap_hadd_8_full_dsp_16_u/U0/i_synth/ADDSUB_OP.ADDSUB/SPEED_OP.DSP.OP/DSP48E1_BODY_HP.NORM_RND/FULL_USAGE_DSP.SHIFT_RND/DSP/C[47:0] is not pipelined. Pipelining DSP48 input will improve performance.
Related violations: <none>

DPIP-1#55 Warning
Input pipelining  
DSP U_adder_top/U_flicker/render/render_lane_0u_U0/grp_evaluate_group_0u_s_fu_446/flicker_render_piyd2_U142/flicker_render_pipeline_ap_hsub_8_full_dsp_16_u/U0/i_synth/ADDSUB_OP.ADDSUB/SPEED_OP.DSP.OP/DSP48E1_BODY_HP.NORM_RND/FULL_USAGE_DSP.SHIFT_RND/DSP input U_adder_top/U_flicker/render/render_lane_0u_U0/grp_evaluate_group_0u_s_fu_446/flicker_render_piyd2_U142/flicker_render_pipeline_ap_hsub_8_full_dsp_16_u/U0/i_synth/ADDSUB_OP.ADDSUB/SPEED_OP.DSP.OP/DSP48E1_BODY_HP.NORM_RND/FULL_USAGE_DSP.SHIFT_RND/DSP/C[47:0] is not pipelined. Pipelining DSP48 input will improve performance.
Related violations: <none>

DPIP-1#56 Warning
Input pipelining  
DSP U_adder_top/U_flicker/render/render_lane_0u_U0/grp_evaluate_group_0u_s_fu_446/flicker_render_piyd2_U143/flicker_render_pipeline_ap_hsub_8_full_dsp_16_u/U0/i_synth/ADDSUB_OP.ADDSUB/SPEED_OP.DSP.OP/DSP48E1_BODY_HP.NORM_RND/FULL_USAGE_DSP.SHIFT_RND/DSP input U_adder_top/U_flicker/render/render_lane_0u_U0/grp_evaluate_group_0u_s_fu_446/flicker_render_piyd2_U143/flicker_render_pipeline_ap_hsub_8_full_dsp_16_u/U0/i_synth/ADDSUB_OP.ADDSUB/SPEED_OP.DSP.OP/DSP48E1_BODY_HP.NORM_RND/FULL_USAGE_DSP.SHIFT_RND/DSP/C[47:0] is not pipelined. Pipelining DSP48 input will improve performance.
Related violations: <none>

DPIP-1#57 Warning
Input pipelining  
DSP U_adder_top/U_flicker/render/render_lane_0u_U0/grp_evaluate_group_0u_s_fu_446/flicker_render_piyd2_U144/flicker_render_pipeline_ap_hsub_8_full_dsp_16_u/U0/i_synth/ADDSUB_OP.ADDSUB/SPEED_OP.DSP.OP/DSP48E1_BODY_HP.NORM_RND/FULL_USAGE_DSP.SHIFT_RND/DSP input U_adder_top/U_flicker/render/render_lane_0u_U0/grp_evaluate_group_0u_s_fu_446/flicker_render_piyd2_U144/flicker_render_pipeline_ap_hsub_8_full_dsp_16_u/U0/i_synth/ADDSUB_OP.ADDSUB/SPEED_OP.DSP.OP/DSP48E1_BODY_HP.NORM_RND/FULL_USAGE_DSP.SHIFT_RND/DSP/C[47:0] is not pipelined. Pipelining DSP48 input will improve performance.
Related violations: <none>

DPIP-1#58 Warning
Input pipelining  
DSP U_adder_top/U_flicker/render/render_lane_0u_U0/grp_evaluate_group_0u_s_fu_446/flicker_render_piyd2_U145/flicker_render_pipeline_ap_hsub_8_full_dsp_16_u/U0/i_synth/ADDSUB_OP.ADDSUB/SPEED_OP.DSP.OP/DSP48E1_BODY_HP.NORM_RND/FULL_USAGE_DSP.SHIFT_RND/DSP input U_adder_top/U_flicker/render/render_lane_0u_U0/grp_evaluate_group_0u_s_fu_446/flicker_render_piyd2_U145/flicker_render_pipeline_ap_hsub_8_full_dsp_16_u/U0/i_synth/ADDSUB_OP.ADDSUB/SPEED_OP.DSP.OP/DSP48E1_BODY_HP.NORM_RND/FULL_USAGE_DSP.SHIFT_RND/DSP/C[47:0] is not pipelined. Pipelining DSP48 input will improve performance.
Related violations: <none>

DPIP-1#59 Warning
Input pipelining  
DSP U_adder_top/U_flicker/render/render_lane_1u_U0/flicker_render_piudo_U224/flicker_render_pipeline_ap_hmul_4_max_dsp_16_u/U0/i_synth/MULT.OP/MULT/MULT_GEN_VARIANT.FIX_MULT/MULT/gDSP.gDSP_only.iDSP/use_prim.appDSP48[0].bppDSP48[0].use_dsp.use_dsp48e1.iDSP48E1 input U_adder_top/U_flicker/render/render_lane_1u_U0/flicker_render_piudo_U224/flicker_render_pipeline_ap_hmul_4_max_dsp_16_u/U0/i_synth/MULT.OP/MULT/MULT_GEN_VARIANT.FIX_MULT/MULT/gDSP.gDSP_only.iDSP/use_prim.appDSP48[0].bppDSP48[0].use_dsp.use_dsp48e1.iDSP48E1/A[29:0] is not pipelined. Pipelining DSP48 input will improve performance.
Related violations: <none>

DPIP-1#60 Warning
Input pipelining  
DSP U_adder_top/U_flicker/render/render_lane_1u_U0/flicker_render_piudo_U224/flicker_render_pipeline_ap_hmul_4_max_dsp_16_u/U0/i_synth/MULT.OP/MULT/MULT_GEN_VARIANT.FIX_MULT/MULT/gDSP.gDSP_only.iDSP/use_prim.appDSP48[0].bppDSP48[0].use_dsp.use_dsp48e1.iDSP48E1 input U_adder_top/U_flicker/render/render_lane_1u_U0/flicker_render_piudo_U224/flicker_render_pipeline_ap_hmul_4_max_dsp_16_u/U0/i_synth/MULT.OP/MULT/MULT_GEN_VARIANT.FIX_MULT/MULT/gDSP.gDSP_only.iDSP/use_prim.appDSP48[0].bppDSP48[0].use_dsp.use_dsp48e1.iDSP48E1/B[17:0] is not pipelined. Pipelining DSP48 input will improve performance.
Related violations: <none>

DPIP-1#61 Warning
Input pipelining  
DSP U_adder_top/U_flicker/render/render_lane_1u_U0/flicker_render_piudo_U225/flicker_render_pipeline_ap_hmul_4_max_dsp_16_u/U0/i_synth/MULT.OP/MULT/MULT_GEN_VARIANT.FIX_MULT/MULT/gDSP.gDSP_only.iDSP/use_prim.appDSP48[0].bppDSP48[0].use_dsp.use_dsp48e1.iDSP48E1 input U_adder_top/U_flicker/render/render_lane_1u_U0/flicker_render_piudo_U225/flicker_render_pipeline_ap_hmul_4_max_dsp_16_u/U0/i_synth/MULT.OP/MULT/MULT_GEN_VARIANT.FIX_MULT/MULT/gDSP.gDSP_only.iDSP/use_prim.appDSP48[0].bppDSP48[0].use_dsp.use_dsp48e1.iDSP48E1/A[29:0] is not pipelined. Pipelining DSP48 input will improve performance.
Related violations: <none>

DPIP-1#62 Warning
Input pipelining  
DSP U_adder_top/U_flicker/render/render_lane_1u_U0/flicker_render_piudo_U225/flicker_render_pipeline_ap_hmul_4_max_dsp_16_u/U0/i_synth/MULT.OP/MULT/MULT_GEN_VARIANT.FIX_MULT/MULT/gDSP.gDSP_only.iDSP/use_prim.appDSP48[0].bppDSP48[0].use_dsp.use_dsp48e1.iDSP48E1 input U_adder_top/U_flicker/render/render_lane_1u_U0/flicker_render_piudo_U225/flicker_render_pipeline_ap_hmul_4_max_dsp_16_u/U0/i_synth/MULT.OP/MULT/MULT_GEN_VARIANT.FIX_MULT/MULT/gDSP.gDSP_only.iDSP/use_prim.appDSP48[0].bppDSP48[0].use_dsp.use_dsp48e1.iDSP48E1/B[17:0] is not pipelined. Pipelining DSP48 input will improve performance.
Related violations: <none>

DPIP-1#63 Warning
Input pipelining  
DSP U_adder_top/U_flicker/render/render_lane_1u_U0/flicker_render_piudo_U226/flicker_render_pipeline_ap_hmul_4_max_dsp_16_u/U0/i_synth/MULT.OP/MULT/MULT_GEN_VARIANT.FIX_MULT/MULT/gDSP.gDSP_only.iDSP/use_prim.appDSP48[0].bppDSP48[0].use_dsp.use_dsp48e1.iDSP48E1 input U_adder_top/U_flicker/render/render_lane_1u_U0/flicker_render_piudo_U226/flicker_render_pipeline_ap_hmul_4_max_dsp_16_u/U0/i_synth/MULT.OP/MULT/MULT_GEN_VARIANT.FIX_MULT/MULT/gDSP.gDSP_only.iDSP/use_prim.appDSP48[0].bppDSP48[0].use_dsp.use_dsp48e1.iDSP48E1/A[29:0] is not pipelined. Pipelining DSP48 input will improve performance.
Related violations: <none>

DPIP-1#64 Warning
Input pipelining  
DSP U_adder_top/U_flicker/render/render_lane_1u_U0/flicker_render_piudo_U226/flicker_render_pipeline_ap_hmul_4_max_dsp_16_u/U0/i_synth/MULT.OP/MULT/MULT_GEN_VARIANT.FIX_MULT/MULT/gDSP.gDSP_only.iDSP/use_prim.appDSP48[0].bppDSP48[0].use_dsp.use_dsp48e1.iDSP48E1 input U_adder_top/U_flicker/render/render_lane_1u_U0/flicker_render_piudo_U226/flicker_render_pipeline_ap_hmul_4_max_dsp_16_u/U0/i_synth/MULT.OP/MULT/MULT_GEN_VARIANT.FIX_MULT/MULT/gDSP.gDSP_only.iDSP/use_prim.appDSP48[0].bppDSP48[0].use_dsp.use_dsp48e1.iDSP48E1/B[17:0] is not pipelined. Pipelining DSP48 input will improve performance.
Related violations: <none>

DPIP-1#65 Warning
Input pipelining  
DSP U_adder_top/U_flicker/render/render_lane_1u_U0/flicker_render_pixdS_U221/flicker_render_pipeline_ap_hadd_8_full_dsp_16_u/U0/i_synth/ADDSUB_OP.ADDSUB/SPEED_OP.DSP.OP/DSP48E1_BODY_HP.NORM_RND/FULL_USAGE_DSP.SHIFT_RND/DSP input U_adder_top/U_flicker/render/render_lane_1u_U0/flicker_render_pixdS_U221/flicker_render_pipeline_ap_hadd_8_full_dsp_16_u/U0/i_synth/ADDSUB_OP.ADDSUB/SPEED_OP.DSP.OP/DSP48E1_BODY_HP.NORM_RND/FULL_USAGE_DSP.SHIFT_RND/DSP/C[47:0] is not pipelined. Pipelining DSP48 input will improve performance.
Related violations: <none>

DPIP-1#66 Warning
Input pipelining  
DSP U_adder_top/U_flicker/render/render_lane_1u_U0/flicker_render_pixdS_U222/flicker_render_pipeline_ap_hadd_8_full_dsp_16_u/U0/i_synth/ADDSUB_OP.ADDSUB/SPEED_OP.DSP.OP/DSP48E1_BODY_HP.NORM_RND/FULL_USAGE_DSP.SHIFT_RND/DSP input U_adder_top/U_flicker/render/render_lane_1u_U0/flicker_render_pixdS_U222/flicker_render_pipeline_ap_hadd_8_full_dsp_16_u/U0/i_synth/ADDSUB_OP.ADDSUB/SPEED_OP.DSP.OP/DSP48E1_BODY_HP.NORM_RND/FULL_USAGE_DSP.SHIFT_RND/DSP/C[47:0] is not pipelined. Pipelining DSP48 input will improve performance.
Related violations: <none>

DPIP-1#67 Warning
Input pipelining  
DSP U_adder_top/U_flicker/render/render_lane_1u_U0/flicker_render_pixdS_U223/flicker_render_pipeline_ap_hadd_8_full_dsp_16_u/U0/i_synth/ADDSUB_OP.ADDSUB/SPEED_OP.DSP.OP/DSP48E1_BODY_HP.NORM_RND/FULL_USAGE_DSP.SHIFT_RND/DSP input U_adder_top/U_flicker/render/render_lane_1u_U0/flicker_render_pixdS_U223/flicker_render_pipeline_ap_hadd_8_full_dsp_16_u/U0/i_synth/ADDSUB_OP.ADDSUB/SPEED_OP.DSP.OP/DSP48E1_BODY_HP.NORM_RND/FULL_USAGE_DSP.SHIFT_RND/DSP/C[47:0] is not pipelined. Pipelining DSP48 input will improve performance.
Related violations: <none>

DPIP-1#68 Warning
Input pipelining  
DSP U_adder_top/U_flicker/render/render_lane_1u_U0/grp_evaluate_group_1u_s_fu_448/flicker_render_piudo_U196/flicker_render_pipeline_ap_hmul_4_max_dsp_16_u/U0/i_synth/MULT.OP/MULT/MULT_GEN_VARIANT.FIX_MULT/MULT/gDSP.gDSP_only.iDSP/use_prim.appDSP48[0].bppDSP48[0].use_dsp.use_dsp48e1.iDSP48E1 input U_adder_top/U_flicker/render/render_lane_1u_U0/grp_evaluate_group_1u_s_fu_448/flicker_render_piudo_U196/flicker_render_pipeline_ap_hmul_4_max_dsp_16_u/U0/i_synth/MULT.OP/MULT/MULT_GEN_VARIANT.FIX_MULT/MULT/gDSP.gDSP_only.iDSP/use_prim.appDSP48[0].bppDSP48[0].use_dsp.use_dsp48e1.iDSP48E1/A[29:0] is not pipelined. Pipelining DSP48 input will improve performance.
Related violations: <none>

DPIP-1#69 Warning
Input pipelining  
DSP U_adder_top/U_flicker/render/render_lane_1u_U0/grp_evaluate_group_1u_s_fu_448/flicker_render_piudo_U196/flicker_render_pipeline_ap_hmul_4_max_dsp_16_u/U0/i_synth/MULT.OP/MULT/MULT_GEN_VARIANT.FIX_MULT/MULT/gDSP.gDSP_only.iDSP/use_prim.appDSP48[0].bppDSP48[0].use_dsp.use_dsp48e1.iDSP48E1 input U_adder_top/U_flicker/render/render_lane_1u_U0/grp_evaluate_group_1u_s_fu_448/flicker_render_piudo_U196/flicker_render_pipeline_ap_hmul_4_max_dsp_16_u/U0/i_synth/MULT.OP/MULT/MULT_GEN_VARIANT.FIX_MULT/MULT/gDSP.gDSP_only.iDSP/use_prim.appDSP48[0].bppDSP48[0].use_dsp.use_dsp48e1.iDSP48E1/B[17:0] is not pipelined. Pipelining DSP48 input will improve performance.
Related violations: <none>

DPIP-1#70 Warning
Input pipelining  
DSP U_adder_top/U_flicker/render/render_lane_1u_U0/grp_evaluate_group_1u_s_fu_448/flicker_render_piudo_U197/flicker_render_pipeline_ap_hmul_4_max_dsp_16_u/U0/i_synth/MULT.OP/MULT/MULT_GEN_VARIANT.FIX_MULT/MULT/gDSP.gDSP_only.iDSP/use_prim.appDSP48[0].bppDSP48[0].use_dsp.use_dsp48e1.iDSP48E1 input U_adder_top/U_flicker/render/render_lane_1u_U0/grp_evaluate_group_1u_s_fu_448/flicker_render_piudo_U197/flicker_render_pipeline_ap_hmul_4_max_dsp_16_u/U0/i_synth/MULT.OP/MULT/MULT_GEN_VARIANT.FIX_MULT/MULT/gDSP.gDSP_only.iDSP/use_prim.appDSP48[0].bppDSP48[0].use_dsp.use_dsp48e1.iDSP48E1/A[29:0] is not pipelined. Pipelining DSP48 input will improve performance.
Related violations: <none>

DPIP-1#71 Warning
Input pipelining  
DSP U_adder_top/U_flicker/render/render_lane_1u_U0/grp_evaluate_group_1u_s_fu_448/flicker_render_piudo_U197/flicker_render_pipeline_ap_hmul_4_max_dsp_16_u/U0/i_synth/MULT.OP/MULT/MULT_GEN_VARIANT.FIX_MULT/MULT/gDSP.gDSP_only.iDSP/use_prim.appDSP48[0].bppDSP48[0].use_dsp.use_dsp48e1.iDSP48E1 input U_adder_top/U_flicker/render/render_lane_1u_U0/grp_evaluate_group_1u_s_fu_448/flicker_render_piudo_U197/flicker_render_pipeline_ap_hmul_4_max_dsp_16_u/U0/i_synth/MULT.OP/MULT/MULT_GEN_VARIANT.FIX_MULT/MULT/gDSP.gDSP_only.iDSP/use_prim.appDSP48[0].bppDSP48[0].use_dsp.use_dsp48e1.iDSP48E1/B[17:0] is not pipelined. Pipelining DSP48 input will improve performance.
Related violations: <none>

DPIP-1#72 Warning
Input pipelining  
DSP U_adder_top/U_flicker/render/render_lane_1u_U0/grp_evaluate_group_1u_s_fu_448/flicker_render_piudo_U198/flicker_render_pipeline_ap_hmul_4_max_dsp_16_u/U0/i_synth/MULT.OP/MULT/MULT_GEN_VARIANT.FIX_MULT/MULT/gDSP.gDSP_only.iDSP/use_prim.appDSP48[0].bppDSP48[0].use_dsp.use_dsp48e1.iDSP48E1 input U_adder_top/U_flicker/render/render_lane_1u_U0/grp_evaluate_group_1u_s_fu_448/flicker_render_piudo_U198/flicker_render_pipeline_ap_hmul_4_max_dsp_16_u/U0/i_synth/MULT.OP/MULT/MULT_GEN_VARIANT.FIX_MULT/MULT/gDSP.gDSP_only.iDSP/use_prim.appDSP48[0].bppDSP48[0].use_dsp.use_dsp48e1.iDSP48E1/A[29:0] is not pipelined. Pipelining DSP48 input will improve performance.
Related violations: <none>

DPIP-1#73 Warning
Input pipelining  
DSP U_adder_top/U_flicker/render/render_lane_1u_U0/grp_evaluate_group_1u_s_fu_448/flicker_render_piudo_U198/flicker_render_pipeline_ap_hmul_4_max_dsp_16_u/U0/i_synth/MULT.OP/MULT/MULT_GEN_VARIANT.FIX_MULT/MULT/gDSP.gDSP_only.iDSP/use_prim.appDSP48[0].bppDSP48[0].use_dsp.use_dsp48e1.iDSP48E1 input U_adder_top/U_flicker/render/render_lane_1u_U0/grp_evaluate_group_1u_s_fu_448/flicker_render_piudo_U198/flicker_render_pipeline_ap_hmul_4_max_dsp_16_u/U0/i_synth/MULT.OP/MULT/MULT_GEN_VARIANT.FIX_MULT/MULT/gDSP.gDSP_only.iDSP/use_prim.appDSP48[0].bppDSP48[0].use_dsp.use_dsp48e1.iDSP48E1/B[17:0] is not pipelined. Pipelining DSP48 input will improve performance.
Related violations: <none>

DPIP-1#74 Warning
Input pipelining  
DSP U_adder_top/U_flicker/render/render_lane_1u_U0/grp_evaluate_group_1u_s_fu_448/flicker_render_piudo_U199/flicker_render_pipeline_ap_hmul_4_max_dsp_16_u/U0/i_synth/MULT.OP/MULT/MULT_GEN_VARIANT.FIX_MULT/MULT/gDSP.gDSP_only.iDSP/use_prim.appDSP48[0].bppDSP48[0].use_dsp.use_dsp48e1.iDSP48E1 input U_adder_top/U_flicker/render/render_lane_1u_U0/grp_evaluate_group_1u_s_fu_448/flicker_render_piudo_U199/flicker_render_pipeline_ap_hmul_4_max_dsp_16_u/U0/i_synth/MULT.OP/MULT/MULT_GEN_VARIANT.FIX_MULT/MULT/gDSP.gDSP_only.iDSP/use_prim.appDSP48[0].bppDSP48[0].use_dsp.use_dsp48e1.iDSP48E1/A[29:0] is not pipelined. Pipelining DSP48 input will improve performance.
Related violations: <none>

DPIP-1#75 Warning
Input pipelining  
DSP U_adder_top/U_flicker/render/render_lane_1u_U0/grp_evaluate_group_1u_s_fu_448/flicker_render_piudo_U199/flicker_render_pipeline_ap_hmul_4_max_dsp_16_u/U0/i_synth/MULT.OP/MULT/MULT_GEN_VARIANT.FIX_MULT/MULT/gDSP.gDSP_only.iDSP/use_prim.appDSP48[0].bppDSP48[0].use_dsp.use_dsp48e1.iDSP48E1 input U_adder_top/U_flicker/render/render_lane_1u_U0/grp_evaluate_group_1u_s_fu_448/flicker_render_piudo_U199/flicker_render_pipeline_ap_hmul_4_max_dsp_16_u/U0/i_synth/MULT.OP/MULT/MULT_GEN_VARIANT.FIX_MULT/MULT/gDSP.gDSP_only.iDSP/use_prim.appDSP48[0].bppDSP48[0].use_dsp.use_dsp48e1.iDSP48E1/B[17:0] is not pipelined. Pipelining DSP48 input will improve performance.
Related violations: <none>

DPIP-1#76 Warning
Input pipelining  
DSP U_adder_top/U_flicker/render/render_lane_1u_U0/grp_evaluate_group_1u_s_fu_448/flicker_render_piudo_U200/flicker_render_pipeline_ap_hmul_4_max_dsp_16_u/U0/i_synth/MULT.OP/MULT/MULT_GEN_VARIANT.FIX_MULT/MULT/gDSP.gDSP_only.iDSP/use_prim.appDSP48[0].bppDSP48[0].use_dsp.use_dsp48e1.iDSP48E1 input U_adder_top/U_flicker/render/render_lane_1u_U0/grp_evaluate_group_1u_s_fu_448/flicker_render_piudo_U200/flicker_render_pipeline_ap_hmul_4_max_dsp_16_u/U0/i_synth/MULT.OP/MULT/MULT_GEN_VARIANT.FIX_MULT/MULT/gDSP.gDSP_only.iDSP/use_prim.appDSP48[0].bppDSP48[0].use_dsp.use_dsp48e1.iDSP48E1/A[29:0] is not pipelined. Pipelining DSP48 input will improve performance.
Related violations: <none>

DPIP-1#77 Warning
Input pipelining  
DSP U_adder_top/U_flicker/render/render_lane_1u_U0/grp_evaluate_group_1u_s_fu_448/flicker_render_piudo_U200/flicker_render_pipeline_ap_hmul_4_max_dsp_16_u/U0/i_synth/MULT.OP/MULT/MULT_GEN_VARIANT.FIX_MULT/MULT/gDSP.gDSP_only.iDSP/use_prim.appDSP48[0].bppDSP48[0].use_dsp.use_dsp48e1.iDSP48E1 input U_adder_top/U_flicker/render/render_lane_1u_U0/grp_evaluate_group_1u_s_fu_448/flicker_render_piudo_U200/flicker_render_pipeline_ap_hmul_4_max_dsp_16_u/U0/i_synth/MULT.OP/MULT/MULT_GEN_VARIANT.FIX_MULT/MULT/gDSP.gDSP_only.iDSP/use_prim.appDSP48[0].bppDSP48[0].use_dsp.use_dsp48e1.iDSP48E1/B[17:0] is not pipelined. Pipelining DSP48 input will improve performance.
Related violations: <none>

DPIP-1#78 Warning
Input pipelining  
DSP U_adder_top/U_flicker/render/render_lane_1u_U0/grp_evaluate_group_1u_s_fu_448/flicker_render_piudo_U201/flicker_render_pipeline_ap_hmul_4_max_dsp_16_u/U0/i_synth/MULT.OP/MULT/MULT_GEN_VARIANT.FIX_MULT/MULT/gDSP.gDSP_only.iDSP/use_prim.appDSP48[0].bppDSP48[0].use_dsp.use_dsp48e1.iDSP48E1 input U_adder_top/U_flicker/render/render_lane_1u_U0/grp_evaluate_group_1u_s_fu_448/flicker_render_piudo_U201/flicker_render_pipeline_ap_hmul_4_max_dsp_16_u/U0/i_synth/MULT.OP/MULT/MULT_GEN_VARIANT.FIX_MULT/MULT/gDSP.gDSP_only.iDSP/use_prim.appDSP48[0].bppDSP48[0].use_dsp.use_dsp48e1.iDSP48E1/A[29:0] is not pipelined. Pipelining DSP48 input will improve performance.
Related violations: <none>

DPIP-1#79 Warning
Input pipelining  
DSP U_adder_top/U_flicker/render/render_lane_1u_U0/grp_evaluate_group_1u_s_fu_448/flicker_render_piudo_U201/flicker_render_pipeline_ap_hmul_4_max_dsp_16_u/U0/i_synth/MULT.OP/MULT/MULT_GEN_VARIANT.FIX_MULT/MULT/gDSP.gDSP_only.iDSP/use_prim.appDSP48[0].bppDSP48[0].use_dsp.use_dsp48e1.iDSP48E1 input U_adder_top/U_flicker/render/render_lane_1u_U0/grp_evaluate_group_1u_s_fu_448/flicker_render_piudo_U201/flicker_render_pipeline_ap_hmul_4_max_dsp_16_u/U0/i_synth/MULT.OP/MULT/MULT_GEN_VARIANT.FIX_MULT/MULT/gDSP.gDSP_only.iDSP/use_prim.appDSP48[0].bppDSP48[0].use_dsp.use_dsp48e1.iDSP48E1/B[17:0] is not pipelined. Pipelining DSP48 input will improve performance.
Related violations: <none>

DPIP-1#80 Warning
Input pipelining  
DSP U_adder_top/U_flicker/render/render_lane_1u_U0/grp_evaluate_group_1u_s_fu_448/flicker_render_piudo_U202/flicker_render_pipeline_ap_hmul_4_max_dsp_16_u/U0/i_synth/MULT.OP/MULT/MULT_GEN_VARIANT.FIX_MULT/MULT/gDSP.gDSP_only.iDSP/use_prim.appDSP48[0].bppDSP48[0].use_dsp.use_dsp48e1.iDSP48E1 input U_adder_top/U_flicker/render/render_lane_1u_U0/grp_evaluate_group_1u_s_fu_448/flicker_render_piudo_U202/flicker_render_pipeline_ap_hmul_4_max_dsp_16_u/U0/i_synth/MULT.OP/MULT/MULT_GEN_VARIANT.FIX_MULT/MULT/gDSP.gDSP_only.iDSP/use_prim.appDSP48[0].bppDSP48[0].use_dsp.use_dsp48e1.iDSP48E1/A[29:0] is not pipelined. Pipelining DSP48 input will improve performance.
Related violations: <none>

DPIP-1#81 Warning
Input pipelining  
DSP U_adder_top/U_flicker/render/render_lane_1u_U0/grp_evaluate_group_1u_s_fu_448/flicker_render_piudo_U203/flicker_render_pipeline_ap_hmul_4_max_dsp_16_u/U0/i_synth/MULT.OP/MULT/MULT_GEN_VARIANT.FIX_MULT/MULT/gDSP.gDSP_only.iDSP/use_prim.appDSP48[0].bppDSP48[0].use_dsp.use_dsp48e1.iDSP48E1 input U_adder_top/U_flicker/render/render_lane_1u_U0/grp_evaluate_group_1u_s_fu_448/flicker_render_piudo_U203/flicker_render_pipeline_ap_hmul_4_max_dsp_16_u/U0/i_synth/MULT.OP/MULT/MULT_GEN_VARIANT.FIX_MULT/MULT/gDSP.gDSP_only.iDSP/use_prim.appDSP48[0].bppDSP48[0].use_dsp.use_dsp48e1.iDSP48E1/A[29:0] is not pipelined. Pipelining DSP48 input will improve performance.
Related violations: <none>

DPIP-1#82 Warning
Input pipelining  
DSP U_adder_top/U_flicker/render/render_lane_1u_U0/grp_evaluate_group_1u_s_fu_448/flicker_render_piudo_U203/flicker_render_pipeline_ap_hmul_4_max_dsp_16_u/U0/i_synth/MULT.OP/MULT/MULT_GEN_VARIANT.FIX_MULT/MULT/gDSP.gDSP_only.iDSP/use_prim.appDSP48[0].bppDSP48[0].use_dsp.use_dsp48e1.iDSP48E1 input U_adder_top/U_flicker/render/render_lane_1u_U0/grp_evaluate_group_1u_s_fu_448/flicker_render_piudo_U203/flicker_render_pipeline_ap_hmul_4_max_dsp_16_u/U0/i_synth/MULT.OP/MULT/MULT_GEN_VARIANT.FIX_MULT/MULT/gDSP.gDSP_only.iDSP/use_prim.appDSP48[0].bppDSP48[0].use_dsp.use_dsp48e1.iDSP48E1/B[17:0] is not pipelined. Pipelining DSP48 input will improve performance.
Related violations: <none>

DPIP-1#83 Warning
Input pipelining  
DSP U_adder_top/U_flicker/render/render_lane_1u_U0/grp_evaluate_group_1u_s_fu_448/flicker_render_piudo_U204/flicker_render_pipeline_ap_hmul_4_max_dsp_16_u/U0/i_synth/MULT.OP/MULT/MULT_GEN_VARIANT.FIX_MULT/MULT/gDSP.gDSP_only.iDSP/use_prim.appDSP48[0].bppDSP48[0].use_dsp.use_dsp48e1.iDSP48E1 input U_adder_top/U_flicker/render/render_lane_1u_U0/grp_evaluate_group_1u_s_fu_448/flicker_render_piudo_U204/flicker_render_pipeline_ap_hmul_4_max_dsp_16_u/U0/i_synth/MULT.OP/MULT/MULT_GEN_VARIANT.FIX_MULT/MULT/gDSP.gDSP_only.iDSP/use_prim.appDSP48[0].bppDSP48[0].use_dsp.use_dsp48e1.iDSP48E1/A[29:0] is not pipelined. Pipelining DSP48 input will improve performance.
Related violations: <none>

DPIP-1#84 Warning
Input pipelining  
DSP U_adder_top/U_flicker/render/render_lane_1u_U0/grp_evaluate_group_1u_s_fu_448/flicker_render_piudo_U204/flicker_render_pipeline_ap_hmul_4_max_dsp_16_u/U0/i_synth/MULT.OP/MULT/MULT_GEN_VARIANT.FIX_MULT/MULT/gDSP.gDSP_only.iDSP/use_prim.appDSP48[0].bppDSP48[0].use_dsp.use_dsp48e1.iDSP48E1 input U_adder_top/U_flicker/render/render_lane_1u_U0/grp_evaluate_group_1u_s_fu_448/flicker_render_piudo_U204/flicker_render_pipeline_ap_hmul_4_max_dsp_16_u/U0/i_synth/MULT.OP/MULT/MULT_GEN_VARIANT.FIX_MULT/MULT/gDSP.gDSP_only.iDSP/use_prim.appDSP48[0].bppDSP48[0].use_dsp.use_dsp48e1.iDSP48E1/B[17:0] is not pipelined. Pipelining DSP48 input will improve performance.
Related violations: <none>

DPIP-1#85 Warning
Input pipelining  
DSP U_adder_top/U_flicker/render/render_lane_1u_U0/grp_evaluate_group_1u_s_fu_448/flicker_render_piudo_U205/flicker_render_pipeline_ap_hmul_4_max_dsp_16_u/U0/i_synth/MULT.OP/MULT/MULT_GEN_VARIANT.FIX_MULT/MULT/gDSP.gDSP_only.iDSP/use_prim.appDSP48[0].bppDSP48[0].use_dsp.use_dsp48e1.iDSP48E1 input U_adder_top/U_flicker/render/render_lane_1u_U0/grp_evaluate_group_1u_s_fu_448/flicker_render_piudo_U205/flicker_render_pipeline_ap_hmul_4_max_dsp_16_u/U0/i_synth/MULT.OP/MULT/MULT_GEN_VARIANT.FIX_MULT/MULT/gDSP.gDSP_only.iDSP/use_prim.appDSP48[0].bppDSP48[0].use_dsp.use_dsp48e1.iDSP48E1/A[29:0] is not pipelined. Pipelining DSP48 input will improve performance.
Related violations: <none>

DPIP-1#86 Warning
Input pipelining  
DSP U_adder_top/U_flicker/render/render_lane_1u_U0/grp_evaluate_group_1u_s_fu_448/flicker_render_piudo_U205/flicker_render_pipeline_ap_hmul_4_max_dsp_16_u/U0/i_synth/MULT.OP/MULT/MULT_GEN_VARIANT.FIX_MULT/MULT/gDSP.gDSP_only.iDSP/use_prim.appDSP48[0].bppDSP48[0].use_dsp.use_dsp48e1.iDSP48E1 input U_adder_top/U_flicker/render/render_lane_1u_U0/grp_evaluate_group_1u_s_fu_448/flicker_render_piudo_U205/flicker_render_pipeline_ap_hmul_4_max_dsp_16_u/U0/i_synth/MULT.OP/MULT/MULT_GEN_VARIANT.FIX_MULT/MULT/gDSP.gDSP_only.iDSP/use_prim.appDSP48[0].bppDSP48[0].use_dsp.use_dsp48e1.iDSP48E1/B[17:0] is not pipelined. Pipelining DSP48 input will improve performance.
Related violations: <none>

DPIP-1#87 Warning
Input pipelining  
DSP U_adder_top/U_flicker/render/render_lane_1u_U0/grp_evaluate_group_1u_s_fu_448/flicker_render_piudo_U206/flicker_render_pipeline_ap_hmul_4_max_dsp_16_u/U0/i_synth/MULT.OP/MULT/MULT_GEN_VARIANT.FIX_MULT/MULT/gDSP.gDSP_only.iDSP/use_prim.appDSP48[0].bppDSP48[0].use_dsp.use_dsp48e1.iDSP48E1 input U_adder_top/U_flicker/render/render_lane_1u_U0/grp_evaluate_group_1u_s_fu_448/flicker_render_piudo_U206/flicker_render_pipeline_ap_hmul_4_max_dsp_16_u/U0/i_synth/MULT.OP/MULT/MULT_GEN_VARIANT.FIX_MULT/MULT/gDSP.gDSP_only.iDSP/use_prim.appDSP48[0].bppDSP48[0].use_dsp.use_dsp48e1.iDSP48E1/A[29:0] is not pipelined. Pipelining DSP48 input will improve performance.
Related violations: <none>

DPIP-1#88 Warning
Input pipelining  
DSP U_adder_top/U_flicker/render/render_lane_1u_U0/grp_evaluate_group_1u_s_fu_448/flicker_render_piudo_U206/flicker_render_pipeline_ap_hmul_4_max_dsp_16_u/U0/i_synth/MULT.OP/MULT/MULT_GEN_VARIANT.FIX_MULT/MULT/gDSP.gDSP_only.iDSP/use_prim.appDSP48[0].bppDSP48[0].use_dsp.use_dsp48e1.iDSP48E1 input U_adder_top/U_flicker/render/render_lane_1u_U0/grp_evaluate_group_1u_s_fu_448/flicker_render_piudo_U206/flicker_render_pipeline_ap_hmul_4_max_dsp_16_u/U0/i_synth/MULT.OP/MULT/MULT_GEN_VARIANT.FIX_MULT/MULT/gDSP.gDSP_only.iDSP/use_prim.appDSP48[0].bppDSP48[0].use_dsp.use_dsp48e1.iDSP48E1/B[17:0] is not pipelined. Pipelining DSP48 input will improve performance.
Related violations: <none>

DPIP-1#89 Warning
Input pipelining  
DSP U_adder_top/U_flicker/render/render_lane_1u_U0/grp_evaluate_group_1u_s_fu_448/flicker_render_piudo_U207/flicker_render_pipeline_ap_hmul_4_max_dsp_16_u/U0/i_synth/MULT.OP/MULT/MULT_GEN_VARIANT.FIX_MULT/MULT/gDSP.gDSP_only.iDSP/use_prim.appDSP48[0].bppDSP48[0].use_dsp.use_dsp48e1.iDSP48E1 input U_adder_top/U_flicker/render/render_lane_1u_U0/grp_evaluate_group_1u_s_fu_448/flicker_render_piudo_U207/flicker_render_pipeline_ap_hmul_4_max_dsp_16_u/U0/i_synth/MULT.OP/MULT/MULT_GEN_VARIANT.FIX_MULT/MULT/gDSP.gDSP_only.iDSP/use_prim.appDSP48[0].bppDSP48[0].use_dsp.use_dsp48e1.iDSP48E1/A[29:0] is not pipelined. Pipelining DSP48 input will improve performance.
Related violations: <none>

DPIP-1#90 Warning
Input pipelining  
DSP U_adder_top/U_flicker/render/render_lane_1u_U0/grp_evaluate_group_1u_s_fu_448/flicker_render_piudo_U207/flicker_render_pipeline_ap_hmul_4_max_dsp_16_u/U0/i_synth/MULT.OP/MULT/MULT_GEN_VARIANT.FIX_MULT/MULT/gDSP.gDSP_only.iDSP/use_prim.appDSP48[0].bppDSP48[0].use_dsp.use_dsp48e1.iDSP48E1 input U_adder_top/U_flicker/render/render_lane_1u_U0/grp_evaluate_group_1u_s_fu_448/flicker_render_piudo_U207/flicker_render_pipeline_ap_hmul_4_max_dsp_16_u/U0/i_synth/MULT.OP/MULT/MULT_GEN_VARIANT.FIX_MULT/MULT/gDSP.gDSP_only.iDSP/use_prim.appDSP48[0].bppDSP48[0].use_dsp.use_dsp48e1.iDSP48E1/B[17:0] is not pipelined. Pipelining DSP48 input will improve performance.
Related violations: <none>

DPIP-1#91 Warning
Input pipelining  
DSP U_adder_top/U_flicker/render/render_lane_1u_U0/grp_evaluate_group_1u_s_fu_448/flicker_render_piudo_U208/flicker_render_pipeline_ap_hmul_4_max_dsp_16_u/U0/i_synth/MULT.OP/MULT/MULT_GEN_VARIANT.FIX_MULT/MULT/gDSP.gDSP_only.iDSP/use_prim.appDSP48[0].bppDSP48[0].use_dsp.use_dsp48e1.iDSP48E1 input U_adder_top/U_flicker/render/render_lane_1u_U0/grp_evaluate_group_1u_s_fu_448/flicker_render_piudo_U208/flicker_render_pipeline_ap_hmul_4_max_dsp_16_u/U0/i_synth/MULT.OP/MULT/MULT_GEN_VARIANT.FIX_MULT/MULT/gDSP.gDSP_only.iDSP/use_prim.appDSP48[0].bppDSP48[0].use_dsp.use_dsp48e1.iDSP48E1/A[29:0] is not pipelined. Pipelining DSP48 input will improve performance.
Related violations: <none>

DPIP-1#92 Warning
Input pipelining  
DSP U_adder_top/U_flicker/render/render_lane_1u_U0/grp_evaluate_group_1u_s_fu_448/flicker_render_piudo_U208/flicker_render_pipeline_ap_hmul_4_max_dsp_16_u/U0/i_synth/MULT.OP/MULT/MULT_GEN_VARIANT.FIX_MULT/MULT/gDSP.gDSP_only.iDSP/use_prim.appDSP48[0].bppDSP48[0].use_dsp.use_dsp48e1.iDSP48E1 input U_adder_top/U_flicker/render/render_lane_1u_U0/grp_evaluate_group_1u_s_fu_448/flicker_render_piudo_U208/flicker_render_pipeline_ap_hmul_4_max_dsp_16_u/U0/i_synth/MULT.OP/MULT/MULT_GEN_VARIANT.FIX_MULT/MULT/gDSP.gDSP_only.iDSP/use_prim.appDSP48[0].bppDSP48[0].use_dsp.use_dsp48e1.iDSP48E1/B[17:0] is not pipelined. Pipelining DSP48 input will improve performance.
Related violations: <none>

DPIP-1#93 Warning
Input pipelining  
DSP U_adder_top/U_flicker/render/render_lane_1u_U0/grp_evaluate_group_1u_s_fu_448/flicker_render_pixdS_U188/flicker_render_pipeline_ap_hadd_8_full_dsp_16_u/U0/i_synth/ADDSUB_OP.ADDSUB/SPEED_OP.DSP.OP/DSP48E1_BODY_HP.NORM_RND/FULL_USAGE_DSP.SHIFT_RND/DSP input U_adder_top/U_flicker/render/render_lane_1u_U0/grp_evaluate_group_1u_s_fu_448/flicker_render_pixdS_U188/flicker_render_pipeline_ap_hadd_8_full_dsp_16_u/U0/i_synth/ADDSUB_OP.ADDSUB/SPEED_OP.DSP.OP/DSP48E1_BODY_HP.NORM_RND/FULL_USAGE_DSP.SHIFT_RND/DSP/C[47:0] is not pipelined. Pipelining DSP48 input will improve performance.
Related violations: <none>

DPIP-1#94 Warning
Input pipelining  
DSP U_adder_top/U_flicker/render/render_lane_1u_U0/grp_evaluate_group_1u_s_fu_448/flicker_render_pixdS_U189/flicker_render_pipeline_ap_hadd_8_full_dsp_16_u/U0/i_synth/ADDSUB_OP.ADDSUB/SPEED_OP.DSP.OP/DSP48E1_BODY_HP.NORM_RND/FULL_USAGE_DSP.SHIFT_RND/DSP input U_adder_top/U_flicker/render/render_lane_1u_U0/grp_evaluate_group_1u_s_fu_448/flicker_render_pixdS_U189/flicker_render_pipeline_ap_hadd_8_full_dsp_16_u/U0/i_synth/ADDSUB_OP.ADDSUB/SPEED_OP.DSP.OP/DSP48E1_BODY_HP.NORM_RND/FULL_USAGE_DSP.SHIFT_RND/DSP/C[47:0] is not pipelined. Pipelining DSP48 input will improve performance.
Related violations: <none>

DPIP-1#95 Warning
Input pipelining  
DSP U_adder_top/U_flicker/render/render_lane_1u_U0/grp_evaluate_group_1u_s_fu_448/flicker_render_pixdS_U190/flicker_render_pipeline_ap_hadd_8_full_dsp_16_u/U0/i_synth/ADDSUB_OP.ADDSUB/SPEED_OP.DSP.OP/DSP48E1_BODY_HP.NORM_RND/FULL_USAGE_DSP.SHIFT_RND/DSP input U_adder_top/U_flicker/render/render_lane_1u_U0/grp_evaluate_group_1u_s_fu_448/flicker_render_pixdS_U190/flicker_render_pipeline_ap_hadd_8_full_dsp_16_u/U0/i_synth/ADDSUB_OP.ADDSUB/SPEED_OP.DSP.OP/DSP48E1_BODY_HP.NORM_RND/FULL_USAGE_DSP.SHIFT_RND/DSP/C[47:0] is not pipelined. Pipelining DSP48 input will improve performance.
Related violations: <none>

DPIP-1#96 Warning
Input pipelining  
DSP U_adder_top/U_flicker/render/render_lane_1u_U0/grp_evaluate_group_1u_s_fu_448/flicker_render_pixdS_U191/flicker_render_pipeline_ap_hadd_8_full_dsp_16_u/U0/i_synth/ADDSUB_OP.ADDSUB/SPEED_OP.DSP.OP/DSP48E1_BODY_HP.NORM_RND/FULL_USAGE_DSP.SHIFT_RND/DSP input U_adder_top/U_flicker/render/render_lane_1u_U0/grp_evaluate_group_1u_s_fu_448/flicker_render_pixdS_U191/flicker_render_pipeline_ap_hadd_8_full_dsp_16_u/U0/i_synth/ADDSUB_OP.ADDSUB/SPEED_OP.DSP.OP/DSP48E1_BODY_HP.NORM_RND/FULL_USAGE_DSP.SHIFT_RND/DSP/C[47:0] is not pipelined. Pipelining DSP48 input will improve performance.
Related violations: <none>

DPIP-1#97 Warning
Input pipelining  
DSP U_adder_top/U_flicker/render/render_lane_1u_U0/grp_evaluate_group_1u_s_fu_448/flicker_render_piyd2_U192/flicker_render_pipeline_ap_hsub_8_full_dsp_16_u/U0/i_synth/ADDSUB_OP.ADDSUB/SPEED_OP.DSP.OP/DSP48E1_BODY_HP.NORM_RND/FULL_USAGE_DSP.SHIFT_RND/DSP input U_adder_top/U_flicker/render/render_lane_1u_U0/grp_evaluate_group_1u_s_fu_448/flicker_render_piyd2_U192/flicker_render_pipeline_ap_hsub_8_full_dsp_16_u/U0/i_synth/ADDSUB_OP.ADDSUB/SPEED_OP.DSP.OP/DSP48E1_BODY_HP.NORM_RND/FULL_USAGE_DSP.SHIFT_RND/DSP/C[47:0] is not pipelined. Pipelining DSP48 input will improve performance.
Related violations: <none>

DPIP-1#98 Warning
Input pipelining  
DSP U_adder_top/U_flicker/render/render_lane_1u_U0/grp_evaluate_group_1u_s_fu_448/flicker_render_piyd2_U193/flicker_render_pipeline_ap_hsub_8_full_dsp_16_u/U0/i_synth/ADDSUB_OP.ADDSUB/SPEED_OP.DSP.OP/DSP48E1_BODY_HP.NORM_RND/FULL_USAGE_DSP.SHIFT_RND/DSP input U_adder_top/U_flicker/render/render_lane_1u_U0/grp_evaluate_group_1u_s_fu_448/flicker_render_piyd2_U193/flicker_render_pipeline_ap_hsub_8_full_dsp_16_u/U0/i_synth/ADDSUB_OP.ADDSUB/SPEED_OP.DSP.OP/DSP48E1_BODY_HP.NORM_RND/FULL_USAGE_DSP.SHIFT_RND/DSP/C[47:0] is not pipelined. Pipelining DSP48 input will improve performance.
Related violations: <none>

DPIP-1#99 Warning
Input pipelining  
DSP U_adder_top/U_flicker/render/render_lane_1u_U0/grp_evaluate_group_1u_s_fu_448/flicker_render_piyd2_U194/flicker_render_pipeline_ap_hsub_8_full_dsp_16_u/U0/i_synth/ADDSUB_OP.ADDSUB/SPEED_OP.DSP.OP/DSP48E1_BODY_HP.NORM_RND/FULL_USAGE_DSP.SHIFT_RND/DSP input U_adder_top/U_flicker/render/render_lane_1u_U0/grp_evaluate_group_1u_s_fu_448/flicker_render_piyd2_U194/flicker_render_pipeline_ap_hsub_8_full_dsp_16_u/U0/i_synth/ADDSUB_OP.ADDSUB/SPEED_OP.DSP.OP/DSP48E1_BODY_HP.NORM_RND/FULL_USAGE_DSP.SHIFT_RND/DSP/C[47:0] is not pipelined. Pipelining DSP48 input will improve performance.
Related violations: <none>

DPIP-1#100 Warning
Input pipelining  
DSP U_adder_top/U_flicker/render/render_lane_1u_U0/grp_evaluate_group_1u_s_fu_448/flicker_render_piyd2_U195/flicker_render_pipeline_ap_hsub_8_full_dsp_16_u/U0/i_synth/ADDSUB_OP.ADDSUB/SPEED_OP.DSP.OP/DSP48E1_BODY_HP.NORM_RND/FULL_USAGE_DSP.SHIFT_RND/DSP input U_adder_top/U_flicker/render/render_lane_1u_U0/grp_evaluate_group_1u_s_fu_448/flicker_render_piyd2_U195/flicker_render_pipeline_ap_hsub_8_full_dsp_16_u/U0/i_synth/ADDSUB_OP.ADDSUB/SPEED_OP.DSP.OP/DSP48E1_BODY_HP.NORM_RND/FULL_USAGE_DSP.SHIFT_RND/DSP/C[47:0] is not pipelined. Pipelining DSP48 input will improve performance.
Related violations: <none>

DPIP-1#101 Warning
Input pipelining  
DSP U_adder_top/U_flicker/render/render_lane_2u_U0/flicker_render_piudo_U269/flicker_render_pipeline_ap_hmul_4_max_dsp_16_u/U0/i_synth/MULT.OP/MULT/MULT_GEN_VARIANT.FIX_MULT/MULT/gDSP.gDSP_only.iDSP/use_prim.appDSP48[0].bppDSP48[0].use_dsp.use_dsp48e1.iDSP48E1 input U_adder_top/U_flicker/render/render_lane_2u_U0/flicker_render_piudo_U269/flicker_render_pipeline_ap_hmul_4_max_dsp_16_u/U0/i_synth/MULT.OP/MULT/MULT_GEN_VARIANT.FIX_MULT/MULT/gDSP.gDSP_only.iDSP/use_prim.appDSP48[0].bppDSP48[0].use_dsp.use_dsp48e1.iDSP48E1/A[29:0] is not pipelined. Pipelining DSP48 input will improve performance.
Related violations: <none>

DPIP-1#102 Warning
Input pipelining  
DSP U_adder_top/U_flicker/render/render_lane_2u_U0/flicker_render_piudo_U269/flicker_render_pipeline_ap_hmul_4_max_dsp_16_u/U0/i_synth/MULT.OP/MULT/MULT_GEN_VARIANT.FIX_MULT/MULT/gDSP.gDSP_only.iDSP/use_prim.appDSP48[0].bppDSP48[0].use_dsp.use_dsp48e1.iDSP48E1 input U_adder_top/U_flicker/render/render_lane_2u_U0/flicker_render_piudo_U269/flicker_render_pipeline_ap_hmul_4_max_dsp_16_u/U0/i_synth/MULT.OP/MULT/MULT_GEN_VARIANT.FIX_MULT/MULT/gDSP.gDSP_only.iDSP/use_prim.appDSP48[0].bppDSP48[0].use_dsp.use_dsp48e1.iDSP48E1/B[17:0] is not pipelined. Pipelining DSP48 input will improve performance.
Related violations: <none>

DPIP-1#103 Warning
Input pipelining  
DSP U_adder_top/U_flicker/render/render_lane_2u_U0/flicker_render_piudo_U270/flicker_render_pipeline_ap_hmul_4_max_dsp_16_u/U0/i_synth/MULT.OP/MULT/MULT_GEN_VARIANT.FIX_MULT/MULT/gDSP.gDSP_only.iDSP/use_prim.appDSP48[0].bppDSP48[0].use_dsp.use_dsp48e1.iDSP48E1 input U_adder_top/U_flicker/render/render_lane_2u_U0/flicker_render_piudo_U270/flicker_render_pipeline_ap_hmul_4_max_dsp_16_u/U0/i_synth/MULT.OP/MULT/MULT_GEN_VARIANT.FIX_MULT/MULT/gDSP.gDSP_only.iDSP/use_prim.appDSP48[0].bppDSP48[0].use_dsp.use_dsp48e1.iDSP48E1/A[29:0] is not pipelined. Pipelining DSP48 input will improve performance.
Related violations: <none>

DPIP-1#104 Warning
Input pipelining  
DSP U_adder_top/U_flicker/render/render_lane_2u_U0/flicker_render_piudo_U270/flicker_render_pipeline_ap_hmul_4_max_dsp_16_u/U0/i_synth/MULT.OP/MULT/MULT_GEN_VARIANT.FIX_MULT/MULT/gDSP.gDSP_only.iDSP/use_prim.appDSP48[0].bppDSP48[0].use_dsp.use_dsp48e1.iDSP48E1 input U_adder_top/U_flicker/render/render_lane_2u_U0/flicker_render_piudo_U270/flicker_render_pipeline_ap_hmul_4_max_dsp_16_u/U0/i_synth/MULT.OP/MULT/MULT_GEN_VARIANT.FIX_MULT/MULT/gDSP.gDSP_only.iDSP/use_prim.appDSP48[0].bppDSP48[0].use_dsp.use_dsp48e1.iDSP48E1/B[17:0] is not pipelined. Pipelining DSP48 input will improve performance.
Related violations: <none>

DPIP-1#105 Warning
Input pipelining  
DSP U_adder_top/U_flicker/render/render_lane_2u_U0/flicker_render_piudo_U271/flicker_render_pipeline_ap_hmul_4_max_dsp_16_u/U0/i_synth/MULT.OP/MULT/MULT_GEN_VARIANT.FIX_MULT/MULT/gDSP.gDSP_only.iDSP/use_prim.appDSP48[0].bppDSP48[0].use_dsp.use_dsp48e1.iDSP48E1 input U_adder_top/U_flicker/render/render_lane_2u_U0/flicker_render_piudo_U271/flicker_render_pipeline_ap_hmul_4_max_dsp_16_u/U0/i_synth/MULT.OP/MULT/MULT_GEN_VARIANT.FIX_MULT/MULT/gDSP.gDSP_only.iDSP/use_prim.appDSP48[0].bppDSP48[0].use_dsp.use_dsp48e1.iDSP48E1/A[29:0] is not pipelined. Pipelining DSP48 input will improve performance.
Related violations: <none>

DPIP-1#106 Warning
Input pipelining  
DSP U_adder_top/U_flicker/render/render_lane_2u_U0/flicker_render_piudo_U271/flicker_render_pipeline_ap_hmul_4_max_dsp_16_u/U0/i_synth/MULT.OP/MULT/MULT_GEN_VARIANT.FIX_MULT/MULT/gDSP.gDSP_only.iDSP/use_prim.appDSP48[0].bppDSP48[0].use_dsp.use_dsp48e1.iDSP48E1 input U_adder_top/U_flicker/render/render_lane_2u_U0/flicker_render_piudo_U271/flicker_render_pipeline_ap_hmul_4_max_dsp_16_u/U0/i_synth/MULT.OP/MULT/MULT_GEN_VARIANT.FIX_MULT/MULT/gDSP.gDSP_only.iDSP/use_prim.appDSP48[0].bppDSP48[0].use_dsp.use_dsp48e1.iDSP48E1/B[17:0] is not pipelined. Pipelining DSP48 input will improve performance.
Related violations: <none>

DPIP-1#107 Warning
Input pipelining  
DSP U_adder_top/U_flicker/render/render_lane_2u_U0/flicker_render_pixdS_U266/flicker_render_pipeline_ap_hadd_8_full_dsp_16_u/U0/i_synth/ADDSUB_OP.ADDSUB/SPEED_OP.DSP.OP/DSP48E1_BODY_HP.NORM_RND/FULL_USAGE_DSP.SHIFT_RND/DSP input U_adder_top/U_flicker/render/render_lane_2u_U0/flicker_render_pixdS_U266/flicker_render_pipeline_ap_hadd_8_full_dsp_16_u/U0/i_synth/ADDSUB_OP.ADDSUB/SPEED_OP.DSP.OP/DSP48E1_BODY_HP.NORM_RND/FULL_USAGE_DSP.SHIFT_RND/DSP/C[47:0] is not pipelined. Pipelining DSP48 input will improve performance.
Related violations: <none>

DPIP-1#108 Warning
Input pipelining  
DSP U_adder_top/U_flicker/render/render_lane_2u_U0/flicker_render_pixdS_U267/flicker_render_pipeline_ap_hadd_8_full_dsp_16_u/U0/i_synth/ADDSUB_OP.ADDSUB/SPEED_OP.DSP.OP/DSP48E1_BODY_HP.NORM_RND/FULL_USAGE_DSP.SHIFT_RND/DSP input U_adder_top/U_flicker/render/render_lane_2u_U0/flicker_render_pixdS_U267/flicker_render_pipeline_ap_hadd_8_full_dsp_16_u/U0/i_synth/ADDSUB_OP.ADDSUB/SPEED_OP.DSP.OP/DSP48E1_BODY_HP.NORM_RND/FULL_USAGE_DSP.SHIFT_RND/DSP/C[47:0] is not pipelined. Pipelining DSP48 input will improve performance.
Related violations: <none>

DPIP-1#109 Warning
Input pipelining  
DSP U_adder_top/U_flicker/render/render_lane_2u_U0/flicker_render_pixdS_U268/flicker_render_pipeline_ap_hadd_8_full_dsp_16_u/U0/i_synth/ADDSUB_OP.ADDSUB/SPEED_OP.DSP.OP/DSP48E1_BODY_HP.NORM_RND/FULL_USAGE_DSP.SHIFT_RND/DSP input U_adder_top/U_flicker/render/render_lane_2u_U0/flicker_render_pixdS_U268/flicker_render_pipeline_ap_hadd_8_full_dsp_16_u/U0/i_synth/ADDSUB_OP.ADDSUB/SPEED_OP.DSP.OP/DSP48E1_BODY_HP.NORM_RND/FULL_USAGE_DSP.SHIFT_RND/DSP/C[47:0] is not pipelined. Pipelining DSP48 input will improve performance.
Related violations: <none>

DPIP-1#110 Warning
Input pipelining  
DSP U_adder_top/U_flicker/render/render_lane_2u_U0/grp_evaluate_group_2u_s_fu_454/flicker_render_piudo_U241/flicker_render_pipeline_ap_hmul_4_max_dsp_16_u/U0/i_synth/MULT.OP/MULT/MULT_GEN_VARIANT.FIX_MULT/MULT/gDSP.gDSP_only.iDSP/use_prim.appDSP48[0].bppDSP48[0].use_dsp.use_dsp48e1.iDSP48E1 input U_adder_top/U_flicker/render/render_lane_2u_U0/grp_evaluate_group_2u_s_fu_454/flicker_render_piudo_U241/flicker_render_pipeline_ap_hmul_4_max_dsp_16_u/U0/i_synth/MULT.OP/MULT/MULT_GEN_VARIANT.FIX_MULT/MULT/gDSP.gDSP_only.iDSP/use_prim.appDSP48[0].bppDSP48[0].use_dsp.use_dsp48e1.iDSP48E1/A[29:0] is not pipelined. Pipelining DSP48 input will improve performance.
Related violations: <none>

DPIP-1#111 Warning
Input pipelining  
DSP U_adder_top/U_flicker/render/render_lane_2u_U0/grp_evaluate_group_2u_s_fu_454/flicker_render_piudo_U241/flicker_render_pipeline_ap_hmul_4_max_dsp_16_u/U0/i_synth/MULT.OP/MULT/MULT_GEN_VARIANT.FIX_MULT/MULT/gDSP.gDSP_only.iDSP/use_prim.appDSP48[0].bppDSP48[0].use_dsp.use_dsp48e1.iDSP48E1 input U_adder_top/U_flicker/render/render_lane_2u_U0/grp_evaluate_group_2u_s_fu_454/flicker_render_piudo_U241/flicker_render_pipeline_ap_hmul_4_max_dsp_16_u/U0/i_synth/MULT.OP/MULT/MULT_GEN_VARIANT.FIX_MULT/MULT/gDSP.gDSP_only.iDSP/use_prim.appDSP48[0].bppDSP48[0].use_dsp.use_dsp48e1.iDSP48E1/B[17:0] is not pipelined. Pipelining DSP48 input will improve performance.
Related violations: <none>

DPIP-1#112 Warning
Input pipelining  
DSP U_adder_top/U_flicker/render/render_lane_2u_U0/grp_evaluate_group_2u_s_fu_454/flicker_render_piudo_U242/flicker_render_pipeline_ap_hmul_4_max_dsp_16_u/U0/i_synth/MULT.OP/MULT/MULT_GEN_VARIANT.FIX_MULT/MULT/gDSP.gDSP_only.iDSP/use_prim.appDSP48[0].bppDSP48[0].use_dsp.use_dsp48e1.iDSP48E1 input U_adder_top/U_flicker/render/render_lane_2u_U0/grp_evaluate_group_2u_s_fu_454/flicker_render_piudo_U242/flicker_render_pipeline_ap_hmul_4_max_dsp_16_u/U0/i_synth/MULT.OP/MULT/MULT_GEN_VARIANT.FIX_MULT/MULT/gDSP.gDSP_only.iDSP/use_prim.appDSP48[0].bppDSP48[0].use_dsp.use_dsp48e1.iDSP48E1/A[29:0] is not pipelined. Pipelining DSP48 input will improve performance.
Related violations: <none>

DPIP-1#113 Warning
Input pipelining  
DSP U_adder_top/U_flicker/render/render_lane_2u_U0/grp_evaluate_group_2u_s_fu_454/flicker_render_piudo_U242/flicker_render_pipeline_ap_hmul_4_max_dsp_16_u/U0/i_synth/MULT.OP/MULT/MULT_GEN_VARIANT.FIX_MULT/MULT/gDSP.gDSP_only.iDSP/use_prim.appDSP48[0].bppDSP48[0].use_dsp.use_dsp48e1.iDSP48E1 input U_adder_top/U_flicker/render/render_lane_2u_U0/grp_evaluate_group_2u_s_fu_454/flicker_render_piudo_U242/flicker_render_pipeline_ap_hmul_4_max_dsp_16_u/U0/i_synth/MULT.OP/MULT/MULT_GEN_VARIANT.FIX_MULT/MULT/gDSP.gDSP_only.iDSP/use_prim.appDSP48[0].bppDSP48[0].use_dsp.use_dsp48e1.iDSP48E1/B[17:0] is not pipelined. Pipelining DSP48 input will improve performance.
Related violations: <none>

DPIP-1#114 Warning
Input pipelining  
DSP U_adder_top/U_flicker/render/render_lane_2u_U0/grp_evaluate_group_2u_s_fu_454/flicker_render_piudo_U243/flicker_render_pipeline_ap_hmul_4_max_dsp_16_u/U0/i_synth/MULT.OP/MULT/MULT_GEN_VARIANT.FIX_MULT/MULT/gDSP.gDSP_only.iDSP/use_prim.appDSP48[0].bppDSP48[0].use_dsp.use_dsp48e1.iDSP48E1 input U_adder_top/U_flicker/render/render_lane_2u_U0/grp_evaluate_group_2u_s_fu_454/flicker_render_piudo_U243/flicker_render_pipeline_ap_hmul_4_max_dsp_16_u/U0/i_synth/MULT.OP/MULT/MULT_GEN_VARIANT.FIX_MULT/MULT/gDSP.gDSP_only.iDSP/use_prim.appDSP48[0].bppDSP48[0].use_dsp.use_dsp48e1.iDSP48E1/A[29:0] is not pipelined. Pipelining DSP48 input will improve performance.
Related violations: <none>

DPIP-1#115 Warning
Input pipelining  
DSP U_adder_top/U_flicker/render/render_lane_2u_U0/grp_evaluate_group_2u_s_fu_454/flicker_render_piudo_U243/flicker_render_pipeline_ap_hmul_4_max_dsp_16_u/U0/i_synth/MULT.OP/MULT/MULT_GEN_VARIANT.FIX_MULT/MULT/gDSP.gDSP_only.iDSP/use_prim.appDSP48[0].bppDSP48[0].use_dsp.use_dsp48e1.iDSP48E1 input U_adder_top/U_flicker/render/render_lane_2u_U0/grp_evaluate_group_2u_s_fu_454/flicker_render_piudo_U243/flicker_render_pipeline_ap_hmul_4_max_dsp_16_u/U0/i_synth/MULT.OP/MULT/MULT_GEN_VARIANT.FIX_MULT/MULT/gDSP.gDSP_only.iDSP/use_prim.appDSP48[0].bppDSP48[0].use_dsp.use_dsp48e1.iDSP48E1/B[17:0] is not pipelined. Pipelining DSP48 input will improve performance.
Related violations: <none>

DPIP-1#116 Warning
Input pipelining  
DSP U_adder_top/U_flicker/render/render_lane_2u_U0/grp_evaluate_group_2u_s_fu_454/flicker_render_piudo_U244/flicker_render_pipeline_ap_hmul_4_max_dsp_16_u/U0/i_synth/MULT.OP/MULT/MULT_GEN_VARIANT.FIX_MULT/MULT/gDSP.gDSP_only.iDSP/use_prim.appDSP48[0].bppDSP48[0].use_dsp.use_dsp48e1.iDSP48E1 input U_adder_top/U_flicker/render/render_lane_2u_U0/grp_evaluate_group_2u_s_fu_454/flicker_render_piudo_U244/flicker_render_pipeline_ap_hmul_4_max_dsp_16_u/U0/i_synth/MULT.OP/MULT/MULT_GEN_VARIANT.FIX_MULT/MULT/gDSP.gDSP_only.iDSP/use_prim.appDSP48[0].bppDSP48[0].use_dsp.use_dsp48e1.iDSP48E1/A[29:0] is not pipelined. Pipelining DSP48 input will improve performance.
Related violations: <none>

DPIP-1#117 Warning
Input pipelining  
DSP U_adder_top/U_flicker/render/render_lane_2u_U0/grp_evaluate_group_2u_s_fu_454/flicker_render_piudo_U244/flicker_render_pipeline_ap_hmul_4_max_dsp_16_u/U0/i_synth/MULT.OP/MULT/MULT_GEN_VARIANT.FIX_MULT/MULT/gDSP.gDSP_only.iDSP/use_prim.appDSP48[0].bppDSP48[0].use_dsp.use_dsp48e1.iDSP48E1 input U_adder_top/U_flicker/render/render_lane_2u_U0/grp_evaluate_group_2u_s_fu_454/flicker_render_piudo_U244/flicker_render_pipeline_ap_hmul_4_max_dsp_16_u/U0/i_synth/MULT.OP/MULT/MULT_GEN_VARIANT.FIX_MULT/MULT/gDSP.gDSP_only.iDSP/use_prim.appDSP48[0].bppDSP48[0].use_dsp.use_dsp48e1.iDSP48E1/B[17:0] is not pipelined. Pipelining DSP48 input will improve performance.
Related violations: <none>

DPIP-1#118 Warning
Input pipelining  
DSP U_adder_top/U_flicker/render/render_lane_2u_U0/grp_evaluate_group_2u_s_fu_454/flicker_render_piudo_U245/flicker_render_pipeline_ap_hmul_4_max_dsp_16_u/U0/i_synth/MULT.OP/MULT/MULT_GEN_VARIANT.FIX_MULT/MULT/gDSP.gDSP_only.iDSP/use_prim.appDSP48[0].bppDSP48[0].use_dsp.use_dsp48e1.iDSP48E1 input U_adder_top/U_flicker/render/render_lane_2u_U0/grp_evaluate_group_2u_s_fu_454/flicker_render_piudo_U245/flicker_render_pipeline_ap_hmul_4_max_dsp_16_u/U0/i_synth/MULT.OP/MULT/MULT_GEN_VARIANT.FIX_MULT/MULT/gDSP.gDSP_only.iDSP/use_prim.appDSP48[0].bppDSP48[0].use_dsp.use_dsp48e1.iDSP48E1/A[29:0] is not pipelined. Pipelining DSP48 input will improve performance.
Related violations: <none>

DPIP-1#119 Warning
Input pipelining  
DSP U_adder_top/U_flicker/render/render_lane_2u_U0/grp_evaluate_group_2u_s_fu_454/flicker_render_piudo_U245/flicker_render_pipeline_ap_hmul_4_max_dsp_16_u/U0/i_synth/MULT.OP/MULT/MULT_GEN_VARIANT.FIX_MULT/MULT/gDSP.gDSP_only.iDSP/use_prim.appDSP48[0].bppDSP48[0].use_dsp.use_dsp48e1.iDSP48E1 input U_adder_top/U_flicker/render/render_lane_2u_U0/grp_evaluate_group_2u_s_fu_454/flicker_render_piudo_U245/flicker_render_pipeline_ap_hmul_4_max_dsp_16_u/U0/i_synth/MULT.OP/MULT/MULT_GEN_VARIANT.FIX_MULT/MULT/gDSP.gDSP_only.iDSP/use_prim.appDSP48[0].bppDSP48[0].use_dsp.use_dsp48e1.iDSP48E1/B[17:0] is not pipelined. Pipelining DSP48 input will improve performance.
Related violations: <none>

DPIP-1#120 Warning
Input pipelining  
DSP U_adder_top/U_flicker/render/render_lane_2u_U0/grp_evaluate_group_2u_s_fu_454/flicker_render_piudo_U246/flicker_render_pipeline_ap_hmul_4_max_dsp_16_u/U0/i_synth/MULT.OP/MULT/MULT_GEN_VARIANT.FIX_MULT/MULT/gDSP.gDSP_only.iDSP/use_prim.appDSP48[0].bppDSP48[0].use_dsp.use_dsp48e1.iDSP48E1 input U_adder_top/U_flicker/render/render_lane_2u_U0/grp_evaluate_group_2u_s_fu_454/flicker_render_piudo_U246/flicker_render_pipeline_ap_hmul_4_max_dsp_16_u/U0/i_synth/MULT.OP/MULT/MULT_GEN_VARIANT.FIX_MULT/MULT/gDSP.gDSP_only.iDSP/use_prim.appDSP48[0].bppDSP48[0].use_dsp.use_dsp48e1.iDSP48E1/A[29:0] is not pipelined. Pipelining DSP48 input will improve performance.
Related violations: <none>

DPIP-1#121 Warning
Input pipelining  
DSP U_adder_top/U_flicker/render/render_lane_2u_U0/grp_evaluate_group_2u_s_fu_454/flicker_render_piudo_U246/flicker_render_pipeline_ap_hmul_4_max_dsp_16_u/U0/i_synth/MULT.OP/MULT/MULT_GEN_VARIANT.FIX_MULT/MULT/gDSP.gDSP_only.iDSP/use_prim.appDSP48[0].bppDSP48[0].use_dsp.use_dsp48e1.iDSP48E1 input U_adder_top/U_flicker/render/render_lane_2u_U0/grp_evaluate_group_2u_s_fu_454/flicker_render_piudo_U246/flicker_render_pipeline_ap_hmul_4_max_dsp_16_u/U0/i_synth/MULT.OP/MULT/MULT_GEN_VARIANT.FIX_MULT/MULT/gDSP.gDSP_only.iDSP/use_prim.appDSP48[0].bppDSP48[0].use_dsp.use_dsp48e1.iDSP48E1/B[17:0] is not pipelined. Pipelining DSP48 input will improve performance.
Related violations: <none>

DPIP-1#122 Warning
Input pipelining  
DSP U_adder_top/U_flicker/render/render_lane_2u_U0/grp_evaluate_group_2u_s_fu_454/flicker_render_piudo_U247/flicker_render_pipeline_ap_hmul_4_max_dsp_16_u/U0/i_synth/MULT.OP/MULT/MULT_GEN_VARIANT.FIX_MULT/MULT/gDSP.gDSP_only.iDSP/use_prim.appDSP48[0].bppDSP48[0].use_dsp.use_dsp48e1.iDSP48E1 input U_adder_top/U_flicker/render/render_lane_2u_U0/grp_evaluate_group_2u_s_fu_454/flicker_render_piudo_U247/flicker_render_pipeline_ap_hmul_4_max_dsp_16_u/U0/i_synth/MULT.OP/MULT/MULT_GEN_VARIANT.FIX_MULT/MULT/gDSP.gDSP_only.iDSP/use_prim.appDSP48[0].bppDSP48[0].use_dsp.use_dsp48e1.iDSP48E1/A[29:0] is not pipelined. Pipelining DSP48 input will improve performance.
Related violations: <none>

DPIP-1#123 Warning
Input pipelining  
DSP U_adder_top/U_flicker/render/render_lane_2u_U0/grp_evaluate_group_2u_s_fu_454/flicker_render_piudo_U248/flicker_render_pipeline_ap_hmul_4_max_dsp_16_u/U0/i_synth/MULT.OP/MULT/MULT_GEN_VARIANT.FIX_MULT/MULT/gDSP.gDSP_only.iDSP/use_prim.appDSP48[0].bppDSP48[0].use_dsp.use_dsp48e1.iDSP48E1 input U_adder_top/U_flicker/render/render_lane_2u_U0/grp_evaluate_group_2u_s_fu_454/flicker_render_piudo_U248/flicker_render_pipeline_ap_hmul_4_max_dsp_16_u/U0/i_synth/MULT.OP/MULT/MULT_GEN_VARIANT.FIX_MULT/MULT/gDSP.gDSP_only.iDSP/use_prim.appDSP48[0].bppDSP48[0].use_dsp.use_dsp48e1.iDSP48E1/A[29:0] is not pipelined. Pipelining DSP48 input will improve performance.
Related violations: <none>

DPIP-1#124 Warning
Input pipelining  
DSP U_adder_top/U_flicker/render/render_lane_2u_U0/grp_evaluate_group_2u_s_fu_454/flicker_render_piudo_U248/flicker_render_pipeline_ap_hmul_4_max_dsp_16_u/U0/i_synth/MULT.OP/MULT/MULT_GEN_VARIANT.FIX_MULT/MULT/gDSP.gDSP_only.iDSP/use_prim.appDSP48[0].bppDSP48[0].use_dsp.use_dsp48e1.iDSP48E1 input U_adder_top/U_flicker/render/render_lane_2u_U0/grp_evaluate_group_2u_s_fu_454/flicker_render_piudo_U248/flicker_render_pipeline_ap_hmul_4_max_dsp_16_u/U0/i_synth/MULT.OP/MULT/MULT_GEN_VARIANT.FIX_MULT/MULT/gDSP.gDSP_only.iDSP/use_prim.appDSP48[0].bppDSP48[0].use_dsp.use_dsp48e1.iDSP48E1/B[17:0] is not pipelined. Pipelining DSP48 input will improve performance.
Related violations: <none>

DPIP-1#125 Warning
Input pipelining  
DSP U_adder_top/U_flicker/render/render_lane_2u_U0/grp_evaluate_group_2u_s_fu_454/flicker_render_piudo_U249/flicker_render_pipeline_ap_hmul_4_max_dsp_16_u/U0/i_synth/MULT.OP/MULT/MULT_GEN_VARIANT.FIX_MULT/MULT/gDSP.gDSP_only.iDSP/use_prim.appDSP48[0].bppDSP48[0].use_dsp.use_dsp48e1.iDSP48E1 input U_adder_top/U_flicker/render/render_lane_2u_U0/grp_evaluate_group_2u_s_fu_454/flicker_render_piudo_U249/flicker_render_pipeline_ap_hmul_4_max_dsp_16_u/U0/i_synth/MULT.OP/MULT/MULT_GEN_VARIANT.FIX_MULT/MULT/gDSP.gDSP_only.iDSP/use_prim.appDSP48[0].bppDSP48[0].use_dsp.use_dsp48e1.iDSP48E1/A[29:0] is not pipelined. Pipelining DSP48 input will improve performance.
Related violations: <none>

DPIP-1#126 Warning
Input pipelining  
DSP U_adder_top/U_flicker/render/render_lane_2u_U0/grp_evaluate_group_2u_s_fu_454/flicker_render_piudo_U249/flicker_render_pipeline_ap_hmul_4_max_dsp_16_u/U0/i_synth/MULT.OP/MULT/MULT_GEN_VARIANT.FIX_MULT/MULT/gDSP.gDSP_only.iDSP/use_prim.appDSP48[0].bppDSP48[0].use_dsp.use_dsp48e1.iDSP48E1 input U_adder_top/U_flicker/render/render_lane_2u_U0/grp_evaluate_group_2u_s_fu_454/flicker_render_piudo_U249/flicker_render_pipeline_ap_hmul_4_max_dsp_16_u/U0/i_synth/MULT.OP/MULT/MULT_GEN_VARIANT.FIX_MULT/MULT/gDSP.gDSP_only.iDSP/use_prim.appDSP48[0].bppDSP48[0].use_dsp.use_dsp48e1.iDSP48E1/B[17:0] is not pipelined. Pipelining DSP48 input will improve performance.
Related violations: <none>

DPIP-1#127 Warning
Input pipelining  
DSP U_adder_top/U_flicker/render/render_lane_2u_U0/grp_evaluate_group_2u_s_fu_454/flicker_render_piudo_U250/flicker_render_pipeline_ap_hmul_4_max_dsp_16_u/U0/i_synth/MULT.OP/MULT/MULT_GEN_VARIANT.FIX_MULT/MULT/gDSP.gDSP_only.iDSP/use_prim.appDSP48[0].bppDSP48[0].use_dsp.use_dsp48e1.iDSP48E1 input U_adder_top/U_flicker/render/render_lane_2u_U0/grp_evaluate_group_2u_s_fu_454/flicker_render_piudo_U250/flicker_render_pipeline_ap_hmul_4_max_dsp_16_u/U0/i_synth/MULT.OP/MULT/MULT_GEN_VARIANT.FIX_MULT/MULT/gDSP.gDSP_only.iDSP/use_prim.appDSP48[0].bppDSP48[0].use_dsp.use_dsp48e1.iDSP48E1/A[29:0] is not pipelined. Pipelining DSP48 input will improve performance.
Related violations: <none>

DPIP-1#128 Warning
Input pipelining  
DSP U_adder_top/U_flicker/render/render_lane_2u_U0/grp_evaluate_group_2u_s_fu_454/flicker_render_piudo_U250/flicker_render_pipeline_ap_hmul_4_max_dsp_16_u/U0/i_synth/MULT.OP/MULT/MULT_GEN_VARIANT.FIX_MULT/MULT/gDSP.gDSP_only.iDSP/use_prim.appDSP48[0].bppDSP48[0].use_dsp.use_dsp48e1.iDSP48E1 input U_adder_top/U_flicker/render/render_lane_2u_U0/grp_evaluate_group_2u_s_fu_454/flicker_render_piudo_U250/flicker_render_pipeline_ap_hmul_4_max_dsp_16_u/U0/i_synth/MULT.OP/MULT/MULT_GEN_VARIANT.FIX_MULT/MULT/gDSP.gDSP_only.iDSP/use_prim.appDSP48[0].bppDSP48[0].use_dsp.use_dsp48e1.iDSP48E1/B[17:0] is not pipelined. Pipelining DSP48 input will improve performance.
Related violations: <none>

DPIP-1#129 Warning
Input pipelining  
DSP U_adder_top/U_flicker/render/render_lane_2u_U0/grp_evaluate_group_2u_s_fu_454/flicker_render_piudo_U251/flicker_render_pipeline_ap_hmul_4_max_dsp_16_u/U0/i_synth/MULT.OP/MULT/MULT_GEN_VARIANT.FIX_MULT/MULT/gDSP.gDSP_only.iDSP/use_prim.appDSP48[0].bppDSP48[0].use_dsp.use_dsp48e1.iDSP48E1 input U_adder_top/U_flicker/render/render_lane_2u_U0/grp_evaluate_group_2u_s_fu_454/flicker_render_piudo_U251/flicker_render_pipeline_ap_hmul_4_max_dsp_16_u/U0/i_synth/MULT.OP/MULT/MULT_GEN_VARIANT.FIX_MULT/MULT/gDSP.gDSP_only.iDSP/use_prim.appDSP48[0].bppDSP48[0].use_dsp.use_dsp48e1.iDSP48E1/A[29:0] is not pipelined. Pipelining DSP48 input will improve performance.
Related violations: <none>

DPIP-1#130 Warning
Input pipelining  
DSP U_adder_top/U_flicker/render/render_lane_2u_U0/grp_evaluate_group_2u_s_fu_454/flicker_render_piudo_U251/flicker_render_pipeline_ap_hmul_4_max_dsp_16_u/U0/i_synth/MULT.OP/MULT/MULT_GEN_VARIANT.FIX_MULT/MULT/gDSP.gDSP_only.iDSP/use_prim.appDSP48[0].bppDSP48[0].use_dsp.use_dsp48e1.iDSP48E1 input U_adder_top/U_flicker/render/render_lane_2u_U0/grp_evaluate_group_2u_s_fu_454/flicker_render_piudo_U251/flicker_render_pipeline_ap_hmul_4_max_dsp_16_u/U0/i_synth/MULT.OP/MULT/MULT_GEN_VARIANT.FIX_MULT/MULT/gDSP.gDSP_only.iDSP/use_prim.appDSP48[0].bppDSP48[0].use_dsp.use_dsp48e1.iDSP48E1/B[17:0] is not pipelined. Pipelining DSP48 input will improve performance.
Related violations: <none>

DPIP-1#131 Warning
Input pipelining  
DSP U_adder_top/U_flicker/render/render_lane_2u_U0/grp_evaluate_group_2u_s_fu_454/flicker_render_piudo_U252/flicker_render_pipeline_ap_hmul_4_max_dsp_16_u/U0/i_synth/MULT.OP/MULT/MULT_GEN_VARIANT.FIX_MULT/MULT/gDSP.gDSP_only.iDSP/use_prim.appDSP48[0].bppDSP48[0].use_dsp.use_dsp48e1.iDSP48E1 input U_adder_top/U_flicker/render/render_lane_2u_U0/grp_evaluate_group_2u_s_fu_454/flicker_render_piudo_U252/flicker_render_pipeline_ap_hmul_4_max_dsp_16_u/U0/i_synth/MULT.OP/MULT/MULT_GEN_VARIANT.FIX_MULT/MULT/gDSP.gDSP_only.iDSP/use_prim.appDSP48[0].bppDSP48[0].use_dsp.use_dsp48e1.iDSP48E1/A[29:0] is not pipelined. Pipelining DSP48 input will improve performance.
Related violations: <none>

DPIP-1#132 Warning
Input pipelining  
DSP U_adder_top/U_flicker/render/render_lane_2u_U0/grp_evaluate_group_2u_s_fu_454/flicker_render_piudo_U252/flicker_render_pipeline_ap_hmul_4_max_dsp_16_u/U0/i_synth/MULT.OP/MULT/MULT_GEN_VARIANT.FIX_MULT/MULT/gDSP.gDSP_only.iDSP/use_prim.appDSP48[0].bppDSP48[0].use_dsp.use_dsp48e1.iDSP48E1 input U_adder_top/U_flicker/render/render_lane_2u_U0/grp_evaluate_group_2u_s_fu_454/flicker_render_piudo_U252/flicker_render_pipeline_ap_hmul_4_max_dsp_16_u/U0/i_synth/MULT.OP/MULT/MULT_GEN_VARIANT.FIX_MULT/MULT/gDSP.gDSP_only.iDSP/use_prim.appDSP48[0].bppDSP48[0].use_dsp.use_dsp48e1.iDSP48E1/B[17:0] is not pipelined. Pipelining DSP48 input will improve performance.
Related violations: <none>

DPIP-1#133 Warning
Input pipelining  
DSP U_adder_top/U_flicker/render/render_lane_2u_U0/grp_evaluate_group_2u_s_fu_454/flicker_render_piudo_U253/flicker_render_pipeline_ap_hmul_4_max_dsp_16_u/U0/i_synth/MULT.OP/MULT/MULT_GEN_VARIANT.FIX_MULT/MULT/gDSP.gDSP_only.iDSP/use_prim.appDSP48[0].bppDSP48[0].use_dsp.use_dsp48e1.iDSP48E1 input U_adder_top/U_flicker/render/render_lane_2u_U0/grp_evaluate_group_2u_s_fu_454/flicker_render_piudo_U253/flicker_render_pipeline_ap_hmul_4_max_dsp_16_u/U0/i_synth/MULT.OP/MULT/MULT_GEN_VARIANT.FIX_MULT/MULT/gDSP.gDSP_only.iDSP/use_prim.appDSP48[0].bppDSP48[0].use_dsp.use_dsp48e1.iDSP48E1/A[29:0] is not pipelined. Pipelining DSP48 input will improve performance.
Related violations: <none>

DPIP-1#134 Warning
Input pipelining  
DSP U_adder_top/U_flicker/render/render_lane_2u_U0/grp_evaluate_group_2u_s_fu_454/flicker_render_piudo_U253/flicker_render_pipeline_ap_hmul_4_max_dsp_16_u/U0/i_synth/MULT.OP/MULT/MULT_GEN_VARIANT.FIX_MULT/MULT/gDSP.gDSP_only.iDSP/use_prim.appDSP48[0].bppDSP48[0].use_dsp.use_dsp48e1.iDSP48E1 input U_adder_top/U_flicker/render/render_lane_2u_U0/grp_evaluate_group_2u_s_fu_454/flicker_render_piudo_U253/flicker_render_pipeline_ap_hmul_4_max_dsp_16_u/U0/i_synth/MULT.OP/MULT/MULT_GEN_VARIANT.FIX_MULT/MULT/gDSP.gDSP_only.iDSP/use_prim.appDSP48[0].bppDSP48[0].use_dsp.use_dsp48e1.iDSP48E1/B[17:0] is not pipelined. Pipelining DSP48 input will improve performance.
Related violations: <none>

DPIP-1#135 Warning
Input pipelining  
DSP U_adder_top/U_flicker/render/render_lane_2u_U0/grp_evaluate_group_2u_s_fu_454/flicker_render_pixdS_U233/flicker_render_pipeline_ap_hadd_8_full_dsp_16_u/U0/i_synth/ADDSUB_OP.ADDSUB/SPEED_OP.DSP.OP/DSP48E1_BODY_HP.NORM_RND/FULL_USAGE_DSP.SHIFT_RND/DSP input U_adder_top/U_flicker/render/render_lane_2u_U0/grp_evaluate_group_2u_s_fu_454/flicker_render_pixdS_U233/flicker_render_pipeline_ap_hadd_8_full_dsp_16_u/U0/i_synth/ADDSUB_OP.ADDSUB/SPEED_OP.DSP.OP/DSP48E1_BODY_HP.NORM_RND/FULL_USAGE_DSP.SHIFT_RND/DSP/C[47:0] is not pipelined. Pipelining DSP48 input will improve performance.
Related violations: <none>

DPIP-1#136 Warning
Input pipelining  
DSP U_adder_top/U_flicker/render/render_lane_2u_U0/grp_evaluate_group_2u_s_fu_454/flicker_render_pixdS_U234/flicker_render_pipeline_ap_hadd_8_full_dsp_16_u/U0/i_synth/ADDSUB_OP.ADDSUB/SPEED_OP.DSP.OP/DSP48E1_BODY_HP.NORM_RND/FULL_USAGE_DSP.SHIFT_RND/DSP input U_adder_top/U_flicker/render/render_lane_2u_U0/grp_evaluate_group_2u_s_fu_454/flicker_render_pixdS_U234/flicker_render_pipeline_ap_hadd_8_full_dsp_16_u/U0/i_synth/ADDSUB_OP.ADDSUB/SPEED_OP.DSP.OP/DSP48E1_BODY_HP.NORM_RND/FULL_USAGE_DSP.SHIFT_RND/DSP/C[47:0] is not pipelined. Pipelining DSP48 input will improve performance.
Related violations: <none>

DPIP-1#137 Warning
Input pipelining  
DSP U_adder_top/U_flicker/render/render_lane_2u_U0/grp_evaluate_group_2u_s_fu_454/flicker_render_pixdS_U235/flicker_render_pipeline_ap_hadd_8_full_dsp_16_u/U0/i_synth/ADDSUB_OP.ADDSUB/SPEED_OP.DSP.OP/DSP48E1_BODY_HP.NORM_RND/FULL_USAGE_DSP.SHIFT_RND/DSP input U_adder_top/U_flicker/render/render_lane_2u_U0/grp_evaluate_group_2u_s_fu_454/flicker_render_pixdS_U235/flicker_render_pipeline_ap_hadd_8_full_dsp_16_u/U0/i_synth/ADDSUB_OP.ADDSUB/SPEED_OP.DSP.OP/DSP48E1_BODY_HP.NORM_RND/FULL_USAGE_DSP.SHIFT_RND/DSP/C[47:0] is not pipelined. Pipelining DSP48 input will improve performance.
Related violations: <none>

DPIP-1#138 Warning
Input pipelining  
DSP U_adder_top/U_flicker/render/render_lane_2u_U0/grp_evaluate_group_2u_s_fu_454/flicker_render_pixdS_U236/flicker_render_pipeline_ap_hadd_8_full_dsp_16_u/U0/i_synth/ADDSUB_OP.ADDSUB/SPEED_OP.DSP.OP/DSP48E1_BODY_HP.NORM_RND/FULL_USAGE_DSP.SHIFT_RND/DSP input U_adder_top/U_flicker/render/render_lane_2u_U0/grp_evaluate_group_2u_s_fu_454/flicker_render_pixdS_U236/flicker_render_pipeline_ap_hadd_8_full_dsp_16_u/U0/i_synth/ADDSUB_OP.ADDSUB/SPEED_OP.DSP.OP/DSP48E1_BODY_HP.NORM_RND/FULL_USAGE_DSP.SHIFT_RND/DSP/C[47:0] is not pipelined. Pipelining DSP48 input will improve performance.
Related violations: <none>

DPIP-1#139 Warning
Input pipelining  
DSP U_adder_top/U_flicker/render/render_lane_2u_U0/grp_evaluate_group_2u_s_fu_454/flicker_render_piyd2_U237/flicker_render_pipeline_ap_hsub_8_full_dsp_16_u/U0/i_synth/ADDSUB_OP.ADDSUB/SPEED_OP.DSP.OP/DSP48E1_BODY_HP.NORM_RND/FULL_USAGE_DSP.SHIFT_RND/DSP input U_adder_top/U_flicker/render/render_lane_2u_U0/grp_evaluate_group_2u_s_fu_454/flicker_render_piyd2_U237/flicker_render_pipeline_ap_hsub_8_full_dsp_16_u/U0/i_synth/ADDSUB_OP.ADDSUB/SPEED_OP.DSP.OP/DSP48E1_BODY_HP.NORM_RND/FULL_USAGE_DSP.SHIFT_RND/DSP/C[47:0] is not pipelined. Pipelining DSP48 input will improve performance.
Related violations: <none>

DPIP-1#140 Warning
Input pipelining  
DSP U_adder_top/U_flicker/render/render_lane_2u_U0/grp_evaluate_group_2u_s_fu_454/flicker_render_piyd2_U238/flicker_render_pipeline_ap_hsub_8_full_dsp_16_u/U0/i_synth/ADDSUB_OP.ADDSUB/SPEED_OP.DSP.OP/DSP48E1_BODY_HP.NORM_RND/FULL_USAGE_DSP.SHIFT_RND/DSP input U_adder_top/U_flicker/render/render_lane_2u_U0/grp_evaluate_group_2u_s_fu_454/flicker_render_piyd2_U238/flicker_render_pipeline_ap_hsub_8_full_dsp_16_u/U0/i_synth/ADDSUB_OP.ADDSUB/SPEED_OP.DSP.OP/DSP48E1_BODY_HP.NORM_RND/FULL_USAGE_DSP.SHIFT_RND/DSP/C[47:0] is not pipelined. Pipelining DSP48 input will improve performance.
Related violations: <none>

DPIP-1#141 Warning
Input pipelining  
DSP U_adder_top/U_flicker/render/render_lane_2u_U0/grp_evaluate_group_2u_s_fu_454/flicker_render_piyd2_U239/flicker_render_pipeline_ap_hsub_8_full_dsp_16_u/U0/i_synth/ADDSUB_OP.ADDSUB/SPEED_OP.DSP.OP/DSP48E1_BODY_HP.NORM_RND/FULL_USAGE_DSP.SHIFT_RND/DSP input U_adder_top/U_flicker/render/render_lane_2u_U0/grp_evaluate_group_2u_s_fu_454/flicker_render_piyd2_U239/flicker_render_pipeline_ap_hsub_8_full_dsp_16_u/U0/i_synth/ADDSUB_OP.ADDSUB/SPEED_OP.DSP.OP/DSP48E1_BODY_HP.NORM_RND/FULL_USAGE_DSP.SHIFT_RND/DSP/C[47:0] is not pipelined. Pipelining DSP48 input will improve performance.
Related violations: <none>

DPIP-1#142 Warning
Input pipelining  
DSP U_adder_top/U_flicker/render/render_lane_2u_U0/grp_evaluate_group_2u_s_fu_454/flicker_render_piyd2_U240/flicker_render_pipeline_ap_hsub_8_full_dsp_16_u/U0/i_synth/ADDSUB_OP.ADDSUB/SPEED_OP.DSP.OP/DSP48E1_BODY_HP.NORM_RND/FULL_USAGE_DSP.SHIFT_RND/DSP input U_adder_top/U_flicker/render/render_lane_2u_U0/grp_evaluate_group_2u_s_fu_454/flicker_render_piyd2_U240/flicker_render_pipeline_ap_hsub_8_full_dsp_16_u/U0/i_synth/ADDSUB_OP.ADDSUB/SPEED_OP.DSP.OP/DSP48E1_BODY_HP.NORM_RND/FULL_USAGE_DSP.SHIFT_RND/DSP/C[47:0] is not pipelined. Pipelining DSP48 input will improve performance.
Related violations: <none>

DPIP-1#143 Warning
Input pipelining  
DSP U_adder_top/U_flicker/render/render_lane_3u_U0/flicker_render_piudo_U314/flicker_render_pipeline_ap_hmul_4_max_dsp_16_u/U0/i_synth/MULT.OP/MULT/MULT_GEN_VARIANT.FIX_MULT/MULT/gDSP.gDSP_only.iDSP/use_prim.appDSP48[0].bppDSP48[0].use_dsp.use_dsp48e1.iDSP48E1 input U_adder_top/U_flicker/render/render_lane_3u_U0/flicker_render_piudo_U314/flicker_render_pipeline_ap_hmul_4_max_dsp_16_u/U0/i_synth/MULT.OP/MULT/MULT_GEN_VARIANT.FIX_MULT/MULT/gDSP.gDSP_only.iDSP/use_prim.appDSP48[0].bppDSP48[0].use_dsp.use_dsp48e1.iDSP48E1/A[29:0] is not pipelined. Pipelining DSP48 input will improve performance.
Related violations: <none>

DPIP-1#144 Warning
Input pipelining  
DSP U_adder_top/U_flicker/render/render_lane_3u_U0/flicker_render_piudo_U314/flicker_render_pipeline_ap_hmul_4_max_dsp_16_u/U0/i_synth/MULT.OP/MULT/MULT_GEN_VARIANT.FIX_MULT/MULT/gDSP.gDSP_only.iDSP/use_prim.appDSP48[0].bppDSP48[0].use_dsp.use_dsp48e1.iDSP48E1 input U_adder_top/U_flicker/render/render_lane_3u_U0/flicker_render_piudo_U314/flicker_render_pipeline_ap_hmul_4_max_dsp_16_u/U0/i_synth/MULT.OP/MULT/MULT_GEN_VARIANT.FIX_MULT/MULT/gDSP.gDSP_only.iDSP/use_prim.appDSP48[0].bppDSP48[0].use_dsp.use_dsp48e1.iDSP48E1/B[17:0] is not pipelined. Pipelining DSP48 input will improve performance.
Related violations: <none>

DPIP-1#145 Warning
Input pipelining  
DSP U_adder_top/U_flicker/render/render_lane_3u_U0/flicker_render_piudo_U315/flicker_render_pipeline_ap_hmul_4_max_dsp_16_u/U0/i_synth/MULT.OP/MULT/MULT_GEN_VARIANT.FIX_MULT/MULT/gDSP.gDSP_only.iDSP/use_prim.appDSP48[0].bppDSP48[0].use_dsp.use_dsp48e1.iDSP48E1 input U_adder_top/U_flicker/render/render_lane_3u_U0/flicker_render_piudo_U315/flicker_render_pipeline_ap_hmul_4_max_dsp_16_u/U0/i_synth/MULT.OP/MULT/MULT_GEN_VARIANT.FIX_MULT/MULT/gDSP.gDSP_only.iDSP/use_prim.appDSP48[0].bppDSP48[0].use_dsp.use_dsp48e1.iDSP48E1/A[29:0] is not pipelined. Pipelining DSP48 input will improve performance.
Related violations: <none>

DPIP-1#146 Warning
Input pipelining  
DSP U_adder_top/U_flicker/render/render_lane_3u_U0/flicker_render_piudo_U315/flicker_render_pipeline_ap_hmul_4_max_dsp_16_u/U0/i_synth/MULT.OP/MULT/MULT_GEN_VARIANT.FIX_MULT/MULT/gDSP.gDSP_only.iDSP/use_prim.appDSP48[0].bppDSP48[0].use_dsp.use_dsp48e1.iDSP48E1 input U_adder_top/U_flicker/render/render_lane_3u_U0/flicker_render_piudo_U315/flicker_render_pipeline_ap_hmul_4_max_dsp_16_u/U0/i_synth/MULT.OP/MULT/MULT_GEN_VARIANT.FIX_MULT/MULT/gDSP.gDSP_only.iDSP/use_prim.appDSP48[0].bppDSP48[0].use_dsp.use_dsp48e1.iDSP48E1/B[17:0] is not pipelined. Pipelining DSP48 input will improve performance.
Related violations: <none>

DPIP-1#147 Warning
Input pipelining  
DSP U_adder_top/U_flicker/render/render_lane_3u_U0/flicker_render_piudo_U316/flicker_render_pipeline_ap_hmul_4_max_dsp_16_u/U0/i_synth/MULT.OP/MULT/MULT_GEN_VARIANT.FIX_MULT/MULT/gDSP.gDSP_only.iDSP/use_prim.appDSP48[0].bppDSP48[0].use_dsp.use_dsp48e1.iDSP48E1 input U_adder_top/U_flicker/render/render_lane_3u_U0/flicker_render_piudo_U316/flicker_render_pipeline_ap_hmul_4_max_dsp_16_u/U0/i_synth/MULT.OP/MULT/MULT_GEN_VARIANT.FIX_MULT/MULT/gDSP.gDSP_only.iDSP/use_prim.appDSP48[0].bppDSP48[0].use_dsp.use_dsp48e1.iDSP48E1/A[29:0] is not pipelined. Pipelining DSP48 input will improve performance.
Related violations: <none>

DPIP-1#148 Warning
Input pipelining  
DSP U_adder_top/U_flicker/render/render_lane_3u_U0/flicker_render_piudo_U316/flicker_render_pipeline_ap_hmul_4_max_dsp_16_u/U0/i_synth/MULT.OP/MULT/MULT_GEN_VARIANT.FIX_MULT/MULT/gDSP.gDSP_only.iDSP/use_prim.appDSP48[0].bppDSP48[0].use_dsp.use_dsp48e1.iDSP48E1 input U_adder_top/U_flicker/render/render_lane_3u_U0/flicker_render_piudo_U316/flicker_render_pipeline_ap_hmul_4_max_dsp_16_u/U0/i_synth/MULT.OP/MULT/MULT_GEN_VARIANT.FIX_MULT/MULT/gDSP.gDSP_only.iDSP/use_prim.appDSP48[0].bppDSP48[0].use_dsp.use_dsp48e1.iDSP48E1/B[17:0] is not pipelined. Pipelining DSP48 input will improve performance.
Related violations: <none>

DPIP-1#149 Warning
Input pipelining  
DSP U_adder_top/U_flicker/render/render_lane_3u_U0/flicker_render_pixdS_U311/flicker_render_pipeline_ap_hadd_8_full_dsp_16_u/U0/i_synth/ADDSUB_OP.ADDSUB/SPEED_OP.DSP.OP/DSP48E1_BODY_HP.NORM_RND/FULL_USAGE_DSP.SHIFT_RND/DSP input U_adder_top/U_flicker/render/render_lane_3u_U0/flicker_render_pixdS_U311/flicker_render_pipeline_ap_hadd_8_full_dsp_16_u/U0/i_synth/ADDSUB_OP.ADDSUB/SPEED_OP.DSP.OP/DSP48E1_BODY_HP.NORM_RND/FULL_USAGE_DSP.SHIFT_RND/DSP/C[47:0] is not pipelined. Pipelining DSP48 input will improve performance.
Related violations: <none>

DPIP-1#150 Warning
Input pipelining  
DSP U_adder_top/U_flicker/render/render_lane_3u_U0/flicker_render_pixdS_U312/flicker_render_pipeline_ap_hadd_8_full_dsp_16_u/U0/i_synth/ADDSUB_OP.ADDSUB/SPEED_OP.DSP.OP/DSP48E1_BODY_HP.NORM_RND/FULL_USAGE_DSP.SHIFT_RND/DSP input U_adder_top/U_flicker/render/render_lane_3u_U0/flicker_render_pixdS_U312/flicker_render_pipeline_ap_hadd_8_full_dsp_16_u/U0/i_synth/ADDSUB_OP.ADDSUB/SPEED_OP.DSP.OP/DSP48E1_BODY_HP.NORM_RND/FULL_USAGE_DSP.SHIFT_RND/DSP/C[47:0] is not pipelined. Pipelining DSP48 input will improve performance.
Related violations: <none>

DPIP-1#151 Warning
Input pipelining  
DSP U_adder_top/U_flicker/render/render_lane_3u_U0/flicker_render_pixdS_U313/flicker_render_pipeline_ap_hadd_8_full_dsp_16_u/U0/i_synth/ADDSUB_OP.ADDSUB/SPEED_OP.DSP.OP/DSP48E1_BODY_HP.NORM_RND/FULL_USAGE_DSP.SHIFT_RND/DSP input U_adder_top/U_flicker/render/render_lane_3u_U0/flicker_render_pixdS_U313/flicker_render_pipeline_ap_hadd_8_full_dsp_16_u/U0/i_synth/ADDSUB_OP.ADDSUB/SPEED_OP.DSP.OP/DSP48E1_BODY_HP.NORM_RND/FULL_USAGE_DSP.SHIFT_RND/DSP/C[47:0] is not pipelined. Pipelining DSP48 input will improve performance.
Related violations: <none>

DPIP-1#152 Warning
Input pipelining  
DSP U_adder_top/U_flicker/render/render_lane_3u_U0/grp_evaluate_group_3u_s_fu_456/flicker_render_piudo_U286/flicker_render_pipeline_ap_hmul_4_max_dsp_16_u/U0/i_synth/MULT.OP/MULT/MULT_GEN_VARIANT.FIX_MULT/MULT/gDSP.gDSP_only.iDSP/use_prim.appDSP48[0].bppDSP48[0].use_dsp.use_dsp48e1.iDSP48E1 input U_adder_top/U_flicker/render/render_lane_3u_U0/grp_evaluate_group_3u_s_fu_456/flicker_render_piudo_U286/flicker_render_pipeline_ap_hmul_4_max_dsp_16_u/U0/i_synth/MULT.OP/MULT/MULT_GEN_VARIANT.FIX_MULT/MULT/gDSP.gDSP_only.iDSP/use_prim.appDSP48[0].bppDSP48[0].use_dsp.use_dsp48e1.iDSP48E1/A[29:0] is not pipelined. Pipelining DSP48 input will improve performance.
Related violations: <none>

DPIP-1#153 Warning
Input pipelining  
DSP U_adder_top/U_flicker/render/render_lane_3u_U0/grp_evaluate_group_3u_s_fu_456/flicker_render_piudo_U286/flicker_render_pipeline_ap_hmul_4_max_dsp_16_u/U0/i_synth/MULT.OP/MULT/MULT_GEN_VARIANT.FIX_MULT/MULT/gDSP.gDSP_only.iDSP/use_prim.appDSP48[0].bppDSP48[0].use_dsp.use_dsp48e1.iDSP48E1 input U_adder_top/U_flicker/render/render_lane_3u_U0/grp_evaluate_group_3u_s_fu_456/flicker_render_piudo_U286/flicker_render_pipeline_ap_hmul_4_max_dsp_16_u/U0/i_synth/MULT.OP/MULT/MULT_GEN_VARIANT.FIX_MULT/MULT/gDSP.gDSP_only.iDSP/use_prim.appDSP48[0].bppDSP48[0].use_dsp.use_dsp48e1.iDSP48E1/B[17:0] is not pipelined. Pipelining DSP48 input will improve performance.
Related violations: <none>

DPIP-1#154 Warning
Input pipelining  
DSP U_adder_top/U_flicker/render/render_lane_3u_U0/grp_evaluate_group_3u_s_fu_456/flicker_render_piudo_U287/flicker_render_pipeline_ap_hmul_4_max_dsp_16_u/U0/i_synth/MULT.OP/MULT/MULT_GEN_VARIANT.FIX_MULT/MULT/gDSP.gDSP_only.iDSP/use_prim.appDSP48[0].bppDSP48[0].use_dsp.use_dsp48e1.iDSP48E1 input U_adder_top/U_flicker/render/render_lane_3u_U0/grp_evaluate_group_3u_s_fu_456/flicker_render_piudo_U287/flicker_render_pipeline_ap_hmul_4_max_dsp_16_u/U0/i_synth/MULT.OP/MULT/MULT_GEN_VARIANT.FIX_MULT/MULT/gDSP.gDSP_only.iDSP/use_prim.appDSP48[0].bppDSP48[0].use_dsp.use_dsp48e1.iDSP48E1/A[29:0] is not pipelined. Pipelining DSP48 input will improve performance.
Related violations: <none>

DPIP-1#155 Warning
Input pipelining  
DSP U_adder_top/U_flicker/render/render_lane_3u_U0/grp_evaluate_group_3u_s_fu_456/flicker_render_piudo_U287/flicker_render_pipeline_ap_hmul_4_max_dsp_16_u/U0/i_synth/MULT.OP/MULT/MULT_GEN_VARIANT.FIX_MULT/MULT/gDSP.gDSP_only.iDSP/use_prim.appDSP48[0].bppDSP48[0].use_dsp.use_dsp48e1.iDSP48E1 input U_adder_top/U_flicker/render/render_lane_3u_U0/grp_evaluate_group_3u_s_fu_456/flicker_render_piudo_U287/flicker_render_pipeline_ap_hmul_4_max_dsp_16_u/U0/i_synth/MULT.OP/MULT/MULT_GEN_VARIANT.FIX_MULT/MULT/gDSP.gDSP_only.iDSP/use_prim.appDSP48[0].bppDSP48[0].use_dsp.use_dsp48e1.iDSP48E1/B[17:0] is not pipelined. Pipelining DSP48 input will improve performance.
Related violations: <none>

DPIP-1#156 Warning
Input pipelining  
DSP U_adder_top/U_flicker/render/render_lane_3u_U0/grp_evaluate_group_3u_s_fu_456/flicker_render_piudo_U288/flicker_render_pipeline_ap_hmul_4_max_dsp_16_u/U0/i_synth/MULT.OP/MULT/MULT_GEN_VARIANT.FIX_MULT/MULT/gDSP.gDSP_only.iDSP/use_prim.appDSP48[0].bppDSP48[0].use_dsp.use_dsp48e1.iDSP48E1 input U_adder_top/U_flicker/render/render_lane_3u_U0/grp_evaluate_group_3u_s_fu_456/flicker_render_piudo_U288/flicker_render_pipeline_ap_hmul_4_max_dsp_16_u/U0/i_synth/MULT.OP/MULT/MULT_GEN_VARIANT.FIX_MULT/MULT/gDSP.gDSP_only.iDSP/use_prim.appDSP48[0].bppDSP48[0].use_dsp.use_dsp48e1.iDSP48E1/A[29:0] is not pipelined. Pipelining DSP48 input will improve performance.
Related violations: <none>

DPIP-1#157 Warning
Input pipelining  
DSP U_adder_top/U_flicker/render/render_lane_3u_U0/grp_evaluate_group_3u_s_fu_456/flicker_render_piudo_U288/flicker_render_pipeline_ap_hmul_4_max_dsp_16_u/U0/i_synth/MULT.OP/MULT/MULT_GEN_VARIANT.FIX_MULT/MULT/gDSP.gDSP_only.iDSP/use_prim.appDSP48[0].bppDSP48[0].use_dsp.use_dsp48e1.iDSP48E1 input U_adder_top/U_flicker/render/render_lane_3u_U0/grp_evaluate_group_3u_s_fu_456/flicker_render_piudo_U288/flicker_render_pipeline_ap_hmul_4_max_dsp_16_u/U0/i_synth/MULT.OP/MULT/MULT_GEN_VARIANT.FIX_MULT/MULT/gDSP.gDSP_only.iDSP/use_prim.appDSP48[0].bppDSP48[0].use_dsp.use_dsp48e1.iDSP48E1/B[17:0] is not pipelined. Pipelining DSP48 input will improve performance.
Related violations: <none>

DPIP-1#158 Warning
Input pipelining  
DSP U_adder_top/U_flicker/render/render_lane_3u_U0/grp_evaluate_group_3u_s_fu_456/flicker_render_piudo_U289/flicker_render_pipeline_ap_hmul_4_max_dsp_16_u/U0/i_synth/MULT.OP/MULT/MULT_GEN_VARIANT.FIX_MULT/MULT/gDSP.gDSP_only.iDSP/use_prim.appDSP48[0].bppDSP48[0].use_dsp.use_dsp48e1.iDSP48E1 input U_adder_top/U_flicker/render/render_lane_3u_U0/grp_evaluate_group_3u_s_fu_456/flicker_render_piudo_U289/flicker_render_pipeline_ap_hmul_4_max_dsp_16_u/U0/i_synth/MULT.OP/MULT/MULT_GEN_VARIANT.FIX_MULT/MULT/gDSP.gDSP_only.iDSP/use_prim.appDSP48[0].bppDSP48[0].use_dsp.use_dsp48e1.iDSP48E1/A[29:0] is not pipelined. Pipelining DSP48 input will improve performance.
Related violations: <none>

DPIP-1#159 Warning
Input pipelining  
DSP U_adder_top/U_flicker/render/render_lane_3u_U0/grp_evaluate_group_3u_s_fu_456/flicker_render_piudo_U289/flicker_render_pipeline_ap_hmul_4_max_dsp_16_u/U0/i_synth/MULT.OP/MULT/MULT_GEN_VARIANT.FIX_MULT/MULT/gDSP.gDSP_only.iDSP/use_prim.appDSP48[0].bppDSP48[0].use_dsp.use_dsp48e1.iDSP48E1 input U_adder_top/U_flicker/render/render_lane_3u_U0/grp_evaluate_group_3u_s_fu_456/flicker_render_piudo_U289/flicker_render_pipeline_ap_hmul_4_max_dsp_16_u/U0/i_synth/MULT.OP/MULT/MULT_GEN_VARIANT.FIX_MULT/MULT/gDSP.gDSP_only.iDSP/use_prim.appDSP48[0].bppDSP48[0].use_dsp.use_dsp48e1.iDSP48E1/B[17:0] is not pipelined. Pipelining DSP48 input will improve performance.
Related violations: <none>

DPIP-1#160 Warning
Input pipelining  
DSP U_adder_top/U_flicker/render/render_lane_3u_U0/grp_evaluate_group_3u_s_fu_456/flicker_render_piudo_U290/flicker_render_pipeline_ap_hmul_4_max_dsp_16_u/U0/i_synth/MULT.OP/MULT/MULT_GEN_VARIANT.FIX_MULT/MULT/gDSP.gDSP_only.iDSP/use_prim.appDSP48[0].bppDSP48[0].use_dsp.use_dsp48e1.iDSP48E1 input U_adder_top/U_flicker/render/render_lane_3u_U0/grp_evaluate_group_3u_s_fu_456/flicker_render_piudo_U290/flicker_render_pipeline_ap_hmul_4_max_dsp_16_u/U0/i_synth/MULT.OP/MULT/MULT_GEN_VARIANT.FIX_MULT/MULT/gDSP.gDSP_only.iDSP/use_prim.appDSP48[0].bppDSP48[0].use_dsp.use_dsp48e1.iDSP48E1/A[29:0] is not pipelined. Pipelining DSP48 input will improve performance.
Related violations: <none>

DPIP-1#161 Warning
Input pipelining  
DSP U_adder_top/U_flicker/render/render_lane_3u_U0/grp_evaluate_group_3u_s_fu_456/flicker_render_piudo_U290/flicker_render_pipeline_ap_hmul_4_max_dsp_16_u/U0/i_synth/MULT.OP/MULT/MULT_GEN_VARIANT.FIX_MULT/MULT/gDSP.gDSP_only.iDSP/use_prim.appDSP48[0].bppDSP48[0].use_dsp.use_dsp48e1.iDSP48E1 input U_adder_top/U_flicker/render/render_lane_3u_U0/grp_evaluate_group_3u_s_fu_456/flicker_render_piudo_U290/flicker_render_pipeline_ap_hmul_4_max_dsp_16_u/U0/i_synth/MULT.OP/MULT/MULT_GEN_VARIANT.FIX_MULT/MULT/gDSP.gDSP_only.iDSP/use_prim.appDSP48[0].bppDSP48[0].use_dsp.use_dsp48e1.iDSP48E1/B[17:0] is not pipelined. Pipelining DSP48 input will improve performance.
Related violations: <none>

DPIP-1#162 Warning
Input pipelining  
DSP U_adder_top/U_flicker/render/render_lane_3u_U0/grp_evaluate_group_3u_s_fu_456/flicker_render_piudo_U291/flicker_render_pipeline_ap_hmul_4_max_dsp_16_u/U0/i_synth/MULT.OP/MULT/MULT_GEN_VARIANT.FIX_MULT/MULT/gDSP.gDSP_only.iDSP/use_prim.appDSP48[0].bppDSP48[0].use_dsp.use_dsp48e1.iDSP48E1 input U_adder_top/U_flicker/render/render_lane_3u_U0/grp_evaluate_group_3u_s_fu_456/flicker_render_piudo_U291/flicker_render_pipeline_ap_hmul_4_max_dsp_16_u/U0/i_synth/MULT.OP/MULT/MULT_GEN_VARIANT.FIX_MULT/MULT/gDSP.gDSP_only.iDSP/use_prim.appDSP48[0].bppDSP48[0].use_dsp.use_dsp48e1.iDSP48E1/A[29:0] is not pipelined. Pipelining DSP48 input will improve performance.
Related violations: <none>

DPIP-1#163 Warning
Input pipelining  
DSP U_adder_top/U_flicker/render/render_lane_3u_U0/grp_evaluate_group_3u_s_fu_456/flicker_render_piudo_U291/flicker_render_pipeline_ap_hmul_4_max_dsp_16_u/U0/i_synth/MULT.OP/MULT/MULT_GEN_VARIANT.FIX_MULT/MULT/gDSP.gDSP_only.iDSP/use_prim.appDSP48[0].bppDSP48[0].use_dsp.use_dsp48e1.iDSP48E1 input U_adder_top/U_flicker/render/render_lane_3u_U0/grp_evaluate_group_3u_s_fu_456/flicker_render_piudo_U291/flicker_render_pipeline_ap_hmul_4_max_dsp_16_u/U0/i_synth/MULT.OP/MULT/MULT_GEN_VARIANT.FIX_MULT/MULT/gDSP.gDSP_only.iDSP/use_prim.appDSP48[0].bppDSP48[0].use_dsp.use_dsp48e1.iDSP48E1/B[17:0] is not pipelined. Pipelining DSP48 input will improve performance.
Related violations: <none>

DPIP-1#164 Warning
Input pipelining  
DSP U_adder_top/U_flicker/render/render_lane_3u_U0/grp_evaluate_group_3u_s_fu_456/flicker_render_piudo_U292/flicker_render_pipeline_ap_hmul_4_max_dsp_16_u/U0/i_synth/MULT.OP/MULT/MULT_GEN_VARIANT.FIX_MULT/MULT/gDSP.gDSP_only.iDSP/use_prim.appDSP48[0].bppDSP48[0].use_dsp.use_dsp48e1.iDSP48E1 input U_adder_top/U_flicker/render/render_lane_3u_U0/grp_evaluate_group_3u_s_fu_456/flicker_render_piudo_U292/flicker_render_pipeline_ap_hmul_4_max_dsp_16_u/U0/i_synth/MULT.OP/MULT/MULT_GEN_VARIANT.FIX_MULT/MULT/gDSP.gDSP_only.iDSP/use_prim.appDSP48[0].bppDSP48[0].use_dsp.use_dsp48e1.iDSP48E1/A[29:0] is not pipelined. Pipelining DSP48 input will improve performance.
Related violations: <none>

DPIP-1#165 Warning
Input pipelining  
DSP U_adder_top/U_flicker/render/render_lane_3u_U0/grp_evaluate_group_3u_s_fu_456/flicker_render_piudo_U293/flicker_render_pipeline_ap_hmul_4_max_dsp_16_u/U0/i_synth/MULT.OP/MULT/MULT_GEN_VARIANT.FIX_MULT/MULT/gDSP.gDSP_only.iDSP/use_prim.appDSP48[0].bppDSP48[0].use_dsp.use_dsp48e1.iDSP48E1 input U_adder_top/U_flicker/render/render_lane_3u_U0/grp_evaluate_group_3u_s_fu_456/flicker_render_piudo_U293/flicker_render_pipeline_ap_hmul_4_max_dsp_16_u/U0/i_synth/MULT.OP/MULT/MULT_GEN_VARIANT.FIX_MULT/MULT/gDSP.gDSP_only.iDSP/use_prim.appDSP48[0].bppDSP48[0].use_dsp.use_dsp48e1.iDSP48E1/A[29:0] is not pipelined. Pipelining DSP48 input will improve performance.
Related violations: <none>

DPIP-1#166 Warning
Input pipelining  
DSP U_adder_top/U_flicker/render/render_lane_3u_U0/grp_evaluate_group_3u_s_fu_456/flicker_render_piudo_U293/flicker_render_pipeline_ap_hmul_4_max_dsp_16_u/U0/i_synth/MULT.OP/MULT/MULT_GEN_VARIANT.FIX_MULT/MULT/gDSP.gDSP_only.iDSP/use_prim.appDSP48[0].bppDSP48[0].use_dsp.use_dsp48e1.iDSP48E1 input U_adder_top/U_flicker/render/render_lane_3u_U0/grp_evaluate_group_3u_s_fu_456/flicker_render_piudo_U293/flicker_render_pipeline_ap_hmul_4_max_dsp_16_u/U0/i_synth/MULT.OP/MULT/MULT_GEN_VARIANT.FIX_MULT/MULT/gDSP.gDSP_only.iDSP/use_prim.appDSP48[0].bppDSP48[0].use_dsp.use_dsp48e1.iDSP48E1/B[17:0] is not pipelined. Pipelining DSP48 input will improve performance.
Related violations: <none>

DPIP-1#167 Warning
Input pipelining  
DSP U_adder_top/U_flicker/render/render_lane_3u_U0/grp_evaluate_group_3u_s_fu_456/flicker_render_piudo_U294/flicker_render_pipeline_ap_hmul_4_max_dsp_16_u/U0/i_synth/MULT.OP/MULT/MULT_GEN_VARIANT.FIX_MULT/MULT/gDSP.gDSP_only.iDSP/use_prim.appDSP48[0].bppDSP48[0].use_dsp.use_dsp48e1.iDSP48E1 input U_adder_top/U_flicker/render/render_lane_3u_U0/grp_evaluate_group_3u_s_fu_456/flicker_render_piudo_U294/flicker_render_pipeline_ap_hmul_4_max_dsp_16_u/U0/i_synth/MULT.OP/MULT/MULT_GEN_VARIANT.FIX_MULT/MULT/gDSP.gDSP_only.iDSP/use_prim.appDSP48[0].bppDSP48[0].use_dsp.use_dsp48e1.iDSP48E1/A[29:0] is not pipelined. Pipelining DSP48 input will improve performance.
Related violations: <none>

DPIP-1#168 Warning
Input pipelining  
DSP U_adder_top/U_flicker/render/render_lane_3u_U0/grp_evaluate_group_3u_s_fu_456/flicker_render_piudo_U294/flicker_render_pipeline_ap_hmul_4_max_dsp_16_u/U0/i_synth/MULT.OP/MULT/MULT_GEN_VARIANT.FIX_MULT/MULT/gDSP.gDSP_only.iDSP/use_prim.appDSP48[0].bppDSP48[0].use_dsp.use_dsp48e1.iDSP48E1 input U_adder_top/U_flicker/render/render_lane_3u_U0/grp_evaluate_group_3u_s_fu_456/flicker_render_piudo_U294/flicker_render_pipeline_ap_hmul_4_max_dsp_16_u/U0/i_synth/MULT.OP/MULT/MULT_GEN_VARIANT.FIX_MULT/MULT/gDSP.gDSP_only.iDSP/use_prim.appDSP48[0].bppDSP48[0].use_dsp.use_dsp48e1.iDSP48E1/B[17:0] is not pipelined. Pipelining DSP48 input will improve performance.
Related violations: <none>

DPIP-1#169 Warning
Input pipelining  
DSP U_adder_top/U_flicker/render/render_lane_3u_U0/grp_evaluate_group_3u_s_fu_456/flicker_render_piudo_U295/flicker_render_pipeline_ap_hmul_4_max_dsp_16_u/U0/i_synth/MULT.OP/MULT/MULT_GEN_VARIANT.FIX_MULT/MULT/gDSP.gDSP_only.iDSP/use_prim.appDSP48[0].bppDSP48[0].use_dsp.use_dsp48e1.iDSP48E1 input U_adder_top/U_flicker/render/render_lane_3u_U0/grp_evaluate_group_3u_s_fu_456/flicker_render_piudo_U295/flicker_render_pipeline_ap_hmul_4_max_dsp_16_u/U0/i_synth/MULT.OP/MULT/MULT_GEN_VARIANT.FIX_MULT/MULT/gDSP.gDSP_only.iDSP/use_prim.appDSP48[0].bppDSP48[0].use_dsp.use_dsp48e1.iDSP48E1/A[29:0] is not pipelined. Pipelining DSP48 input will improve performance.
Related violations: <none>

DPIP-1#170 Warning
Input pipelining  
DSP U_adder_top/U_flicker/render/render_lane_3u_U0/grp_evaluate_group_3u_s_fu_456/flicker_render_piudo_U295/flicker_render_pipeline_ap_hmul_4_max_dsp_16_u/U0/i_synth/MULT.OP/MULT/MULT_GEN_VARIANT.FIX_MULT/MULT/gDSP.gDSP_only.iDSP/use_prim.appDSP48[0].bppDSP48[0].use_dsp.use_dsp48e1.iDSP48E1 input U_adder_top/U_flicker/render/render_lane_3u_U0/grp_evaluate_group_3u_s_fu_456/flicker_render_piudo_U295/flicker_render_pipeline_ap_hmul_4_max_dsp_16_u/U0/i_synth/MULT.OP/MULT/MULT_GEN_VARIANT.FIX_MULT/MULT/gDSP.gDSP_only.iDSP/use_prim.appDSP48[0].bppDSP48[0].use_dsp.use_dsp48e1.iDSP48E1/B[17:0] is not pipelined. Pipelining DSP48 input will improve performance.
Related violations: <none>

DPIP-1#171 Warning
Input pipelining  
DSP U_adder_top/U_flicker/render/render_lane_3u_U0/grp_evaluate_group_3u_s_fu_456/flicker_render_piudo_U296/flicker_render_pipeline_ap_hmul_4_max_dsp_16_u/U0/i_synth/MULT.OP/MULT/MULT_GEN_VARIANT.FIX_MULT/MULT/gDSP.gDSP_only.iDSP/use_prim.appDSP48[0].bppDSP48[0].use_dsp.use_dsp48e1.iDSP48E1 input U_adder_top/U_flicker/render/render_lane_3u_U0/grp_evaluate_group_3u_s_fu_456/flicker_render_piudo_U296/flicker_render_pipeline_ap_hmul_4_max_dsp_16_u/U0/i_synth/MULT.OP/MULT/MULT_GEN_VARIANT.FIX_MULT/MULT/gDSP.gDSP_only.iDSP/use_prim.appDSP48[0].bppDSP48[0].use_dsp.use_dsp48e1.iDSP48E1/A[29:0] is not pipelined. Pipelining DSP48 input will improve performance.
Related violations: <none>

DPIP-1#172 Warning
Input pipelining  
DSP U_adder_top/U_flicker/render/render_lane_3u_U0/grp_evaluate_group_3u_s_fu_456/flicker_render_piudo_U296/flicker_render_pipeline_ap_hmul_4_max_dsp_16_u/U0/i_synth/MULT.OP/MULT/MULT_GEN_VARIANT.FIX_MULT/MULT/gDSP.gDSP_only.iDSP/use_prim.appDSP48[0].bppDSP48[0].use_dsp.use_dsp48e1.iDSP48E1 input U_adder_top/U_flicker/render/render_lane_3u_U0/grp_evaluate_group_3u_s_fu_456/flicker_render_piudo_U296/flicker_render_pipeline_ap_hmul_4_max_dsp_16_u/U0/i_synth/MULT.OP/MULT/MULT_GEN_VARIANT.FIX_MULT/MULT/gDSP.gDSP_only.iDSP/use_prim.appDSP48[0].bppDSP48[0].use_dsp.use_dsp48e1.iDSP48E1/B[17:0] is not pipelined. Pipelining DSP48 input will improve performance.
Related violations: <none>

DPIP-1#173 Warning
Input pipelining  
DSP U_adder_top/U_flicker/render/render_lane_3u_U0/grp_evaluate_group_3u_s_fu_456/flicker_render_piudo_U297/flicker_render_pipeline_ap_hmul_4_max_dsp_16_u/U0/i_synth/MULT.OP/MULT/MULT_GEN_VARIANT.FIX_MULT/MULT/gDSP.gDSP_only.iDSP/use_prim.appDSP48[0].bppDSP48[0].use_dsp.use_dsp48e1.iDSP48E1 input U_adder_top/U_flicker/render/render_lane_3u_U0/grp_evaluate_group_3u_s_fu_456/flicker_render_piudo_U297/flicker_render_pipeline_ap_hmul_4_max_dsp_16_u/U0/i_synth/MULT.OP/MULT/MULT_GEN_VARIANT.FIX_MULT/MULT/gDSP.gDSP_only.iDSP/use_prim.appDSP48[0].bppDSP48[0].use_dsp.use_dsp48e1.iDSP48E1/A[29:0] is not pipelined. Pipelining DSP48 input will improve performance.
Related violations: <none>

DPIP-1#174 Warning
Input pipelining  
DSP U_adder_top/U_flicker/render/render_lane_3u_U0/grp_evaluate_group_3u_s_fu_456/flicker_render_piudo_U297/flicker_render_pipeline_ap_hmul_4_max_dsp_16_u/U0/i_synth/MULT.OP/MULT/MULT_GEN_VARIANT.FIX_MULT/MULT/gDSP.gDSP_only.iDSP/use_prim.appDSP48[0].bppDSP48[0].use_dsp.use_dsp48e1.iDSP48E1 input U_adder_top/U_flicker/render/render_lane_3u_U0/grp_evaluate_group_3u_s_fu_456/flicker_render_piudo_U297/flicker_render_pipeline_ap_hmul_4_max_dsp_16_u/U0/i_synth/MULT.OP/MULT/MULT_GEN_VARIANT.FIX_MULT/MULT/gDSP.gDSP_only.iDSP/use_prim.appDSP48[0].bppDSP48[0].use_dsp.use_dsp48e1.iDSP48E1/B[17:0] is not pipelined. Pipelining DSP48 input will improve performance.
Related violations: <none>

DPIP-1#175 Warning
Input pipelining  
DSP U_adder_top/U_flicker/render/render_lane_3u_U0/grp_evaluate_group_3u_s_fu_456/flicker_render_piudo_U298/flicker_render_pipeline_ap_hmul_4_max_dsp_16_u/U0/i_synth/MULT.OP/MULT/MULT_GEN_VARIANT.FIX_MULT/MULT/gDSP.gDSP_only.iDSP/use_prim.appDSP48[0].bppDSP48[0].use_dsp.use_dsp48e1.iDSP48E1 input U_adder_top/U_flicker/render/render_lane_3u_U0/grp_evaluate_group_3u_s_fu_456/flicker_render_piudo_U298/flicker_render_pipeline_ap_hmul_4_max_dsp_16_u/U0/i_synth/MULT.OP/MULT/MULT_GEN_VARIANT.FIX_MULT/MULT/gDSP.gDSP_only.iDSP/use_prim.appDSP48[0].bppDSP48[0].use_dsp.use_dsp48e1.iDSP48E1/A[29:0] is not pipelined. Pipelining DSP48 input will improve performance.
Related violations: <none>

DPIP-1#176 Warning
Input pipelining  
DSP U_adder_top/U_flicker/render/render_lane_3u_U0/grp_evaluate_group_3u_s_fu_456/flicker_render_piudo_U298/flicker_render_pipeline_ap_hmul_4_max_dsp_16_u/U0/i_synth/MULT.OP/MULT/MULT_GEN_VARIANT.FIX_MULT/MULT/gDSP.gDSP_only.iDSP/use_prim.appDSP48[0].bppDSP48[0].use_dsp.use_dsp48e1.iDSP48E1 input U_adder_top/U_flicker/render/render_lane_3u_U0/grp_evaluate_group_3u_s_fu_456/flicker_render_piudo_U298/flicker_render_pipeline_ap_hmul_4_max_dsp_16_u/U0/i_synth/MULT.OP/MULT/MULT_GEN_VARIANT.FIX_MULT/MULT/gDSP.gDSP_only.iDSP/use_prim.appDSP48[0].bppDSP48[0].use_dsp.use_dsp48e1.iDSP48E1/B[17:0] is not pipelined. Pipelining DSP48 input will improve performance.
Related violations: <none>

DPIP-1#177 Warning
Input pipelining  
DSP U_adder_top/U_flicker/render/render_lane_3u_U0/grp_evaluate_group_3u_s_fu_456/flicker_render_pixdS_U278/flicker_render_pipeline_ap_hadd_8_full_dsp_16_u/U0/i_synth/ADDSUB_OP.ADDSUB/SPEED_OP.DSP.OP/DSP48E1_BODY_HP.NORM_RND/FULL_USAGE_DSP.SHIFT_RND/DSP input U_adder_top/U_flicker/render/render_lane_3u_U0/grp_evaluate_group_3u_s_fu_456/flicker_render_pixdS_U278/flicker_render_pipeline_ap_hadd_8_full_dsp_16_u/U0/i_synth/ADDSUB_OP.ADDSUB/SPEED_OP.DSP.OP/DSP48E1_BODY_HP.NORM_RND/FULL_USAGE_DSP.SHIFT_RND/DSP/C[47:0] is not pipelined. Pipelining DSP48 input will improve performance.
Related violations: <none>

DPIP-1#178 Warning
Input pipelining  
DSP U_adder_top/U_flicker/render/render_lane_3u_U0/grp_evaluate_group_3u_s_fu_456/flicker_render_pixdS_U279/flicker_render_pipeline_ap_hadd_8_full_dsp_16_u/U0/i_synth/ADDSUB_OP.ADDSUB/SPEED_OP.DSP.OP/DSP48E1_BODY_HP.NORM_RND/FULL_USAGE_DSP.SHIFT_RND/DSP input U_adder_top/U_flicker/render/render_lane_3u_U0/grp_evaluate_group_3u_s_fu_456/flicker_render_pixdS_U279/flicker_render_pipeline_ap_hadd_8_full_dsp_16_u/U0/i_synth/ADDSUB_OP.ADDSUB/SPEED_OP.DSP.OP/DSP48E1_BODY_HP.NORM_RND/FULL_USAGE_DSP.SHIFT_RND/DSP/C[47:0] is not pipelined. Pipelining DSP48 input will improve performance.
Related violations: <none>

DPIP-1#179 Warning
Input pipelining  
DSP U_adder_top/U_flicker/render/render_lane_3u_U0/grp_evaluate_group_3u_s_fu_456/flicker_render_pixdS_U280/flicker_render_pipeline_ap_hadd_8_full_dsp_16_u/U0/i_synth/ADDSUB_OP.ADDSUB/SPEED_OP.DSP.OP/DSP48E1_BODY_HP.NORM_RND/FULL_USAGE_DSP.SHIFT_RND/DSP input U_adder_top/U_flicker/render/render_lane_3u_U0/grp_evaluate_group_3u_s_fu_456/flicker_render_pixdS_U280/flicker_render_pipeline_ap_hadd_8_full_dsp_16_u/U0/i_synth/ADDSUB_OP.ADDSUB/SPEED_OP.DSP.OP/DSP48E1_BODY_HP.NORM_RND/FULL_USAGE_DSP.SHIFT_RND/DSP/C[47:0] is not pipelined. Pipelining DSP48 input will improve performance.
Related violations: <none>

DPIP-1#180 Warning
Input pipelining  
DSP U_adder_top/U_flicker/render/render_lane_3u_U0/grp_evaluate_group_3u_s_fu_456/flicker_render_pixdS_U281/flicker_render_pipeline_ap_hadd_8_full_dsp_16_u/U0/i_synth/ADDSUB_OP.ADDSUB/SPEED_OP.DSP.OP/DSP48E1_BODY_HP.NORM_RND/FULL_USAGE_DSP.SHIFT_RND/DSP input U_adder_top/U_flicker/render/render_lane_3u_U0/grp_evaluate_group_3u_s_fu_456/flicker_render_pixdS_U281/flicker_render_pipeline_ap_hadd_8_full_dsp_16_u/U0/i_synth/ADDSUB_OP.ADDSUB/SPEED_OP.DSP.OP/DSP48E1_BODY_HP.NORM_RND/FULL_USAGE_DSP.SHIFT_RND/DSP/C[47:0] is not pipelined. Pipelining DSP48 input will improve performance.
Related violations: <none>

DPIP-1#181 Warning
Input pipelining  
DSP U_adder_top/U_flicker/render/render_lane_3u_U0/grp_evaluate_group_3u_s_fu_456/flicker_render_piyd2_U282/flicker_render_pipeline_ap_hsub_8_full_dsp_16_u/U0/i_synth/ADDSUB_OP.ADDSUB/SPEED_OP.DSP.OP/DSP48E1_BODY_HP.NORM_RND/FULL_USAGE_DSP.SHIFT_RND/DSP input U_adder_top/U_flicker/render/render_lane_3u_U0/grp_evaluate_group_3u_s_fu_456/flicker_render_piyd2_U282/flicker_render_pipeline_ap_hsub_8_full_dsp_16_u/U0/i_synth/ADDSUB_OP.ADDSUB/SPEED_OP.DSP.OP/DSP48E1_BODY_HP.NORM_RND/FULL_USAGE_DSP.SHIFT_RND/DSP/C[47:0] is not pipelined. Pipelining DSP48 input will improve performance.
Related violations: <none>

DPIP-1#182 Warning
Input pipelining  
DSP U_adder_top/U_flicker/render/render_lane_3u_U0/grp_evaluate_group_3u_s_fu_456/flicker_render_piyd2_U283/flicker_render_pipeline_ap_hsub_8_full_dsp_16_u/U0/i_synth/ADDSUB_OP.ADDSUB/SPEED_OP.DSP.OP/DSP48E1_BODY_HP.NORM_RND/FULL_USAGE_DSP.SHIFT_RND/DSP input U_adder_top/U_flicker/render/render_lane_3u_U0/grp_evaluate_group_3u_s_fu_456/flicker_render_piyd2_U283/flicker_render_pipeline_ap_hsub_8_full_dsp_16_u/U0/i_synth/ADDSUB_OP.ADDSUB/SPEED_OP.DSP.OP/DSP48E1_BODY_HP.NORM_RND/FULL_USAGE_DSP.SHIFT_RND/DSP/C[47:0] is not pipelined. Pipelining DSP48 input will improve performance.
Related violations: <none>

DPIP-1#183 Warning
Input pipelining  
DSP U_adder_top/U_flicker/render/render_lane_3u_U0/grp_evaluate_group_3u_s_fu_456/flicker_render_piyd2_U284/flicker_render_pipeline_ap_hsub_8_full_dsp_16_u/U0/i_synth/ADDSUB_OP.ADDSUB/SPEED_OP.DSP.OP/DSP48E1_BODY_HP.NORM_RND/FULL_USAGE_DSP.SHIFT_RND/DSP input U_adder_top/U_flicker/render/render_lane_3u_U0/grp_evaluate_group_3u_s_fu_456/flicker_render_piyd2_U284/flicker_render_pipeline_ap_hsub_8_full_dsp_16_u/U0/i_synth/ADDSUB_OP.ADDSUB/SPEED_OP.DSP.OP/DSP48E1_BODY_HP.NORM_RND/FULL_USAGE_DSP.SHIFT_RND/DSP/C[47:0] is not pipelined. Pipelining DSP48 input will improve performance.
Related violations: <none>

DPIP-1#184 Warning
Input pipelining  
DSP U_adder_top/U_flicker/render/render_lane_3u_U0/grp_evaluate_group_3u_s_fu_456/flicker_render_piyd2_U285/flicker_render_pipeline_ap_hsub_8_full_dsp_16_u/U0/i_synth/ADDSUB_OP.ADDSUB/SPEED_OP.DSP.OP/DSP48E1_BODY_HP.NORM_RND/FULL_USAGE_DSP.SHIFT_RND/DSP input U_adder_top/U_flicker/render/render_lane_3u_U0/grp_evaluate_group_3u_s_fu_456/flicker_render_piyd2_U285/flicker_render_pipeline_ap_hsub_8_full_dsp_16_u/U0/i_synth/ADDSUB_OP.ADDSUB/SPEED_OP.DSP.OP/DSP48E1_BODY_HP.NORM_RND/FULL_USAGE_DSP.SHIFT_RND/DSP/C[47:0] is not pipelined. Pipelining DSP48 input will improve performance.
Related violations: <none>

DPIP-1#185 Warning
Input pipelining  
DSP U_adder_top/U_flicker/render/split_U0/prepare_geometry_U0/flicker_render_picud_U10/flicker_render_pipeline_ap_faddfsub_6_full_dsp_32_u/U0/i_synth/ADDSUB_OP.ADDSUB/SPEED_OP.DSP.OP/DSP48E1_BODY.ALIGN_ADD/DSP2/DSP input U_adder_top/U_flicker/render/split_U0/prepare_geometry_U0/flicker_render_picud_U10/flicker_render_pipeline_ap_faddfsub_6_full_dsp_32_u/U0/i_synth/ADDSUB_OP.ADDSUB/SPEED_OP.DSP.OP/DSP48E1_BODY.ALIGN_ADD/DSP2/DSP/A[29:0] is not pipelined. Pipelining DSP48 input will improve performance.
Related violations: <none>

DPIP-1#186 Warning
Input pipelining  
DSP U_adder_top/U_flicker/render/split_U0/prepare_geometry_U0/flicker_render_picud_U10/flicker_render_pipeline_ap_faddfsub_6_full_dsp_32_u/U0/i_synth/ADDSUB_OP.ADDSUB/SPEED_OP.DSP.OP/DSP48E1_BODY.ALIGN_ADD/DSP2/DSP input U_adder_top/U_flicker/render/split_U0/prepare_geometry_U0/flicker_render_picud_U10/flicker_render_pipeline_ap_faddfsub_6_full_dsp_32_u/U0/i_synth/ADDSUB_OP.ADDSUB/SPEED_OP.DSP.OP/DSP48E1_BODY.ALIGN_ADD/DSP2/DSP/B[17:0] is not pipelined. Pipelining DSP48 input will improve performance.
Related violations: <none>

DPIP-1#187 Warning
Input pipelining  
DSP U_adder_top/U_flicker/render/split_U0/prepare_geometry_U0/flicker_render_picud_U10/flicker_render_pipeline_ap_faddfsub_6_full_dsp_32_u/U0/i_synth/ADDSUB_OP.ADDSUB/SPEED_OP.DSP.OP/DSP48E1_BODY.NORM_RND/FULL_USAGE_DSP.SHIFT_RND/DSP input U_adder_top/U_flicker/render/split_U0/prepare_geometry_U0/flicker_render_picud_U10/flicker_render_pipeline_ap_faddfsub_6_full_dsp_32_u/U0/i_synth/ADDSUB_OP.ADDSUB/SPEED_OP.DSP.OP/DSP48E1_BODY.NORM_RND/FULL_USAGE_DSP.SHIFT_RND/DSP/B[17:0] is not pipelined. Pipelining DSP48 input will improve performance.
Related violations: <none>

DPIP-1#188 Warning
Input pipelining  
DSP U_adder_top/U_flicker/render/split_U0/prepare_geometry_U0/flicker_render_pidEe_U11/flicker_render_pipeline_ap_fmul_3_max_dsp_32_u/U0/i_synth/MULT.OP/MULT/DSP48E1_SPD_SGL_VARIANT.FIX_MULT/DSP1/DSP input U_adder_top/U_flicker/render/split_U0/prepare_geometry_U0/flicker_render_pidEe_U11/flicker_render_pipeline_ap_fmul_3_max_dsp_32_u/U0/i_synth/MULT.OP/MULT/DSP48E1_SPD_SGL_VARIANT.FIX_MULT/DSP1/DSP/A[29:0] is not pipelined. Pipelining DSP48 input will improve performance.
Related violations: <none>

DPIP-1#189 Warning
Input pipelining  
DSP U_adder_top/U_flicker/render/split_U0/prepare_geometry_U0/flicker_render_pidEe_U11/flicker_render_pipeline_ap_fmul_3_max_dsp_32_u/U0/i_synth/MULT.OP/MULT/DSP48E1_SPD_SGL_VARIANT.FIX_MULT/DSP1/DSP input U_adder_top/U_flicker/render/split_U0/prepare_geometry_U0/flicker_render_pidEe_U11/flicker_render_pipeline_ap_fmul_3_max_dsp_32_u/U0/i_synth/MULT.OP/MULT/DSP48E1_SPD_SGL_VARIANT.FIX_MULT/DSP1/DSP/B[17:0] is not pipelined. Pipelining DSP48 input will improve performance.
Related violations: <none>

DPIP-1#190 Warning
Input pipelining  
DSP rx_sdi_inst/YCbCr422_2_RGB888_u0/YCbCr444_2_RGB888_u/img_Cb_r2_reg input rx_sdi_inst/YCbCr422_2_RGB888_u0/YCbCr444_2_RGB888_u/img_Cb_r2_reg/A[29:0] is not pipelined. Pipelining DSP48 input will improve performance.
Related violations: <none>

DPIP-1#191 Warning
Input pipelining  
DSP rx_sdi_inst/YCbCr422_2_RGB888_u0/YCbCr444_2_RGB888_u/img_Cr_r1_reg input rx_sdi_inst/YCbCr422_2_RGB888_u0/YCbCr444_2_RGB888_u/img_Cr_r1_reg/A[29:0] is not pipelined. Pipelining DSP48 input will improve performance.
Related violations: <none>

DPOP-1#1 Warning
PREG Output pipelining  
DSP U0_ps_ai_peripheral/ZGolo/u_AI_Mate_top/buyi_icore_post_top_u0/icore_post_top_u0/post_read_u0/vector_base_2nd1 output U0_ps_ai_peripheral/ZGolo/u_AI_Mate_top/buyi_icore_post_top_u0/icore_post_top_u0/post_read_u0/vector_base_2nd1/P[47:0] is not pipelined (PREG=0). Pipelining the DSP48 output will improve performance and often saves power so it is suggested whenever possible to fully pipeline this function.  If this DSP48 function was inferred, it is suggested to describe an additional register stage after this function.  If the DSP48 was instantiated in the design, it is suggested to set the PREG attribute to 1.
Related violations: <none>

DPOP-1#2 Warning
PREG Output pipelining  
DSP U0_ps_ai_peripheral/ZGolo/u_AI_Mate_top/buyi_icore_post_top_u0/icore_post_top_u0/post_read_u0/vector_base_3rd1 output U0_ps_ai_peripheral/ZGolo/u_AI_Mate_top/buyi_icore_post_top_u0/icore_post_top_u0/post_read_u0/vector_base_3rd1/P[47:0] is not pipelined (PREG=0). Pipelining the DSP48 output will improve performance and often saves power so it is suggested whenever possible to fully pipeline this function.  If this DSP48 function was inferred, it is suggested to describe an additional register stage after this function.  If the DSP48 was instantiated in the design, it is suggested to set the PREG attribute to 1.
Related violations: <none>

DPOP-1#3 Warning
PREG Output pipelining  
DSP U_adder_top/U_flicker/render/framed_ctu_U0/prepare_frames_U0/flicker_render_piudo_U57/flicker_render_pipeline_ap_hmul_4_max_dsp_16_u/U0/i_synth/MULT.OP/MULT/MULT_GEN_VARIANT.FIX_MULT/MULT/gDSP.gDSP_only.iDSP/use_prim.appDSP48[0].bppDSP48[0].use_dsp.use_dsp48e1.iDSP48E1 output U_adder_top/U_flicker/render/framed_ctu_U0/prepare_frames_U0/flicker_render_piudo_U57/flicker_render_pipeline_ap_hmul_4_max_dsp_16_u/U0/i_synth/MULT.OP/MULT/MULT_GEN_VARIANT.FIX_MULT/MULT/gDSP.gDSP_only.iDSP/use_prim.appDSP48[0].bppDSP48[0].use_dsp.use_dsp48e1.iDSP48E1/PATTERNDETECT is not pipelined (PREG=0). Pipelining the DSP48 output will improve performance and often saves power so it is suggested whenever possible to fully pipeline this function.  If this DSP48 function was inferred, it is suggested to describe an additional register stage after this function.  If the DSP48 was instantiated in the design, it is suggested to set the PREG attribute to 1.
Related violations: <none>

DPOP-1#4 Warning
PREG Output pipelining  
DSP U_adder_top/U_flicker/render/framed_ctu_U0/prepare_frames_U0/flicker_render_piudo_U57/flicker_render_pipeline_ap_hmul_4_max_dsp_16_u/U0/i_synth/MULT.OP/MULT/MULT_GEN_VARIANT.FIX_MULT/MULT/gDSP.gDSP_only.iDSP/use_prim.appDSP48[0].bppDSP48[0].use_dsp.use_dsp48e1.iDSP48E1 output U_adder_top/U_flicker/render/framed_ctu_U0/prepare_frames_U0/flicker_render_piudo_U57/flicker_render_pipeline_ap_hmul_4_max_dsp_16_u/U0/i_synth/MULT.OP/MULT/MULT_GEN_VARIANT.FIX_MULT/MULT/gDSP.gDSP_only.iDSP/use_prim.appDSP48[0].bppDSP48[0].use_dsp.use_dsp48e1.iDSP48E1/P[47:0] is not pipelined (PREG=0). Pipelining the DSP48 output will improve performance and often saves power so it is suggested whenever possible to fully pipeline this function.  If this DSP48 function was inferred, it is suggested to describe an additional register stage after this function.  If the DSP48 was instantiated in the design, it is suggested to set the PREG attribute to 1.
Related violations: <none>

DPOP-1#5 Warning
PREG Output pipelining  
DSP U_adder_top/U_flicker/render/framed_ctu_U0/prepare_frames_U0/flicker_render_piudo_U57/flicker_render_pipeline_ap_hmul_4_max_dsp_16_u/U0/i_synth/MULT.OP/R_AND_R/LOGIC.R_AND_R/DSP48_E1.DSP48E1_ADD.DSP48E1_ADD/DSP output U_adder_top/U_flicker/render/framed_ctu_U0/prepare_frames_U0/flicker_render_piudo_U57/flicker_render_pipeline_ap_hmul_4_max_dsp_16_u/U0/i_synth/MULT.OP/R_AND_R/LOGIC.R_AND_R/DSP48_E1.DSP48E1_ADD.DSP48E1_ADD/DSP/P[47:0] is not pipelined (PREG=0). Pipelining the DSP48 output will improve performance and often saves power so it is suggested whenever possible to fully pipeline this function.  If this DSP48 function was inferred, it is suggested to describe an additional register stage after this function.  If the DSP48 was instantiated in the design, it is suggested to set the PREG attribute to 1.
Related violations: <none>

DPOP-1#6 Warning
PREG Output pipelining  
DSP U_adder_top/U_flicker/render/framed_ctu_U0/prepare_frames_U0/grp_log_generic_fu_142/flicker_render_piqcK_U43/flicker_render_piqcK_DSP48_1_U/p output U_adder_top/U_flicker/render/framed_ctu_U0/prepare_frames_U0/grp_log_generic_fu_142/flicker_render_piqcK_U43/flicker_render_piqcK_DSP48_1_U/p/P[47:0] is not pipelined (PREG=0). Pipelining the DSP48 output will improve performance and often saves power so it is suggested whenever possible to fully pipeline this function.  If this DSP48 function was inferred, it is suggested to describe an additional register stage after this function.  If the DSP48 was instantiated in the design, it is suggested to set the PREG attribute to 1.
Related violations: <none>

DPOP-1#7 Warning
PREG Output pipelining  
DSP U_adder_top/U_flicker/render/framed_ctu_U0/test_frames_U0/flicker_render_piudo_U82/flicker_render_pipeline_ap_hmul_4_max_dsp_16_u/U0/i_synth/MULT.OP/MULT/MULT_GEN_VARIANT.FIX_MULT/MULT/gDSP.gDSP_only.iDSP/use_prim.appDSP48[0].bppDSP48[0].use_dsp.use_dsp48e1.iDSP48E1 output U_adder_top/U_flicker/render/framed_ctu_U0/test_frames_U0/flicker_render_piudo_U82/flicker_render_pipeline_ap_hmul_4_max_dsp_16_u/U0/i_synth/MULT.OP/MULT/MULT_GEN_VARIANT.FIX_MULT/MULT/gDSP.gDSP_only.iDSP/use_prim.appDSP48[0].bppDSP48[0].use_dsp.use_dsp48e1.iDSP48E1/PATTERNDETECT is not pipelined (PREG=0). Pipelining the DSP48 output will improve performance and often saves power so it is suggested whenever possible to fully pipeline this function.  If this DSP48 function was inferred, it is suggested to describe an additional register stage after this function.  If the DSP48 was instantiated in the design, it is suggested to set the PREG attribute to 1.
Related violations: <none>

DPOP-1#8 Warning
PREG Output pipelining  
DSP U_adder_top/U_flicker/render/framed_ctu_U0/test_frames_U0/flicker_render_piudo_U82/flicker_render_pipeline_ap_hmul_4_max_dsp_16_u/U0/i_synth/MULT.OP/MULT/MULT_GEN_VARIANT.FIX_MULT/MULT/gDSP.gDSP_only.iDSP/use_prim.appDSP48[0].bppDSP48[0].use_dsp.use_dsp48e1.iDSP48E1 output U_adder_top/U_flicker/render/framed_ctu_U0/test_frames_U0/flicker_render_piudo_U82/flicker_render_pipeline_ap_hmul_4_max_dsp_16_u/U0/i_synth/MULT.OP/MULT/MULT_GEN_VARIANT.FIX_MULT/MULT/gDSP.gDSP_only.iDSP/use_prim.appDSP48[0].bppDSP48[0].use_dsp.use_dsp48e1.iDSP48E1/P[47:0] is not pipelined (PREG=0). Pipelining the DSP48 output will improve performance and often saves power so it is suggested whenever possible to fully pipeline this function.  If this DSP48 function was inferred, it is suggested to describe an additional register stage after this function.  If the DSP48 was instantiated in the design, it is suggested to set the PREG attribute to 1.
Related violations: <none>

DPOP-1#9 Warning
PREG Output pipelining  
DSP U_adder_top/U_flicker/render/framed_ctu_U0/test_frames_U0/flicker_render_piudo_U82/flicker_render_pipeline_ap_hmul_4_max_dsp_16_u/U0/i_synth/MULT.OP/R_AND_R/LOGIC.R_AND_R/DSP48_E1.DSP48E1_ADD.DSP48E1_ADD/DSP output U_adder_top/U_flicker/render/framed_ctu_U0/test_frames_U0/flicker_render_piudo_U82/flicker_render_pipeline_ap_hmul_4_max_dsp_16_u/U0/i_synth/MULT.OP/R_AND_R/LOGIC.R_AND_R/DSP48_E1.DSP48E1_ADD.DSP48E1_ADD/DSP/P[47:0] is not pipelined (PREG=0). Pipelining the DSP48 output will improve performance and often saves power so it is suggested whenever possible to fully pipeline this function.  If this DSP48 function was inferred, it is suggested to describe an additional register stage after this function.  If the DSP48 was instantiated in the design, it is suggested to set the PREG attribute to 1.
Related violations: <none>

DPOP-1#10 Warning
PREG Output pipelining  
DSP U_adder_top/U_flicker/render/framed_ctu_U0/test_frames_U0/flicker_render_piudo_U83/flicker_render_pipeline_ap_hmul_4_max_dsp_16_u/U0/i_synth/MULT.OP/MULT/MULT_GEN_VARIANT.FIX_MULT/MULT/gDSP.gDSP_only.iDSP/use_prim.appDSP48[0].bppDSP48[0].use_dsp.use_dsp48e1.iDSP48E1 output U_adder_top/U_flicker/render/framed_ctu_U0/test_frames_U0/flicker_render_piudo_U83/flicker_render_pipeline_ap_hmul_4_max_dsp_16_u/U0/i_synth/MULT.OP/MULT/MULT_GEN_VARIANT.FIX_MULT/MULT/gDSP.gDSP_only.iDSP/use_prim.appDSP48[0].bppDSP48[0].use_dsp.use_dsp48e1.iDSP48E1/PATTERNDETECT is not pipelined (PREG=0). Pipelining the DSP48 output will improve performance and often saves power so it is suggested whenever possible to fully pipeline this function.  If this DSP48 function was inferred, it is suggested to describe an additional register stage after this function.  If the DSP48 was instantiated in the design, it is suggested to set the PREG attribute to 1.
Related violations: <none>

DPOP-1#11 Warning
PREG Output pipelining  
DSP U_adder_top/U_flicker/render/framed_ctu_U0/test_frames_U0/flicker_render_piudo_U83/flicker_render_pipeline_ap_hmul_4_max_dsp_16_u/U0/i_synth/MULT.OP/MULT/MULT_GEN_VARIANT.FIX_MULT/MULT/gDSP.gDSP_only.iDSP/use_prim.appDSP48[0].bppDSP48[0].use_dsp.use_dsp48e1.iDSP48E1 output U_adder_top/U_flicker/render/framed_ctu_U0/test_frames_U0/flicker_render_piudo_U83/flicker_render_pipeline_ap_hmul_4_max_dsp_16_u/U0/i_synth/MULT.OP/MULT/MULT_GEN_VARIANT.FIX_MULT/MULT/gDSP.gDSP_only.iDSP/use_prim.appDSP48[0].bppDSP48[0].use_dsp.use_dsp48e1.iDSP48E1/P[47:0] is not pipelined (PREG=0). Pipelining the DSP48 output will improve performance and often saves power so it is suggested whenever possible to fully pipeline this function.  If this DSP48 function was inferred, it is suggested to describe an additional register stage after this function.  If the DSP48 was instantiated in the design, it is suggested to set the PREG attribute to 1.
Related violations: <none>

DPOP-1#12 Warning
PREG Output pipelining  
DSP U_adder_top/U_flicker/render/framed_ctu_U0/test_frames_U0/flicker_render_piudo_U83/flicker_render_pipeline_ap_hmul_4_max_dsp_16_u/U0/i_synth/MULT.OP/R_AND_R/LOGIC.R_AND_R/DSP48_E1.DSP48E1_ADD.DSP48E1_ADD/DSP output U_adder_top/U_flicker/render/framed_ctu_U0/test_frames_U0/flicker_render_piudo_U83/flicker_render_pipeline_ap_hmul_4_max_dsp_16_u/U0/i_synth/MULT.OP/R_AND_R/LOGIC.R_AND_R/DSP48_E1.DSP48E1_ADD.DSP48E1_ADD/DSP/P[47:0] is not pipelined (PREG=0). Pipelining the DSP48 output will improve performance and often saves power so it is suggested whenever possible to fully pipeline this function.  If this DSP48 function was inferred, it is suggested to describe an additional register stage after this function.  If the DSP48 was instantiated in the design, it is suggested to set the PREG attribute to 1.
Related violations: <none>

DPOP-1#13 Warning
PREG Output pipelining  
DSP U_adder_top/U_flicker/render/framed_ctu_U0/test_frames_U0/flicker_render_piudo_U84/flicker_render_pipeline_ap_hmul_4_max_dsp_16_u/U0/i_synth/MULT.OP/MULT/MULT_GEN_VARIANT.FIX_MULT/MULT/gDSP.gDSP_only.iDSP/use_prim.appDSP48[0].bppDSP48[0].use_dsp.use_dsp48e1.iDSP48E1 output U_adder_top/U_flicker/render/framed_ctu_U0/test_frames_U0/flicker_render_piudo_U84/flicker_render_pipeline_ap_hmul_4_max_dsp_16_u/U0/i_synth/MULT.OP/MULT/MULT_GEN_VARIANT.FIX_MULT/MULT/gDSP.gDSP_only.iDSP/use_prim.appDSP48[0].bppDSP48[0].use_dsp.use_dsp48e1.iDSP48E1/PATTERNDETECT is not pipelined (PREG=0). Pipelining the DSP48 output will improve performance and often saves power so it is suggested whenever possible to fully pipeline this function.  If this DSP48 function was inferred, it is suggested to describe an additional register stage after this function.  If the DSP48 was instantiated in the design, it is suggested to set the PREG attribute to 1.
Related violations: <none>

DPOP-1#14 Warning
PREG Output pipelining  
DSP U_adder_top/U_flicker/render/framed_ctu_U0/test_frames_U0/flicker_render_piudo_U84/flicker_render_pipeline_ap_hmul_4_max_dsp_16_u/U0/i_synth/MULT.OP/MULT/MULT_GEN_VARIANT.FIX_MULT/MULT/gDSP.gDSP_only.iDSP/use_prim.appDSP48[0].bppDSP48[0].use_dsp.use_dsp48e1.iDSP48E1 output U_adder_top/U_flicker/render/framed_ctu_U0/test_frames_U0/flicker_render_piudo_U84/flicker_render_pipeline_ap_hmul_4_max_dsp_16_u/U0/i_synth/MULT.OP/MULT/MULT_GEN_VARIANT.FIX_MULT/MULT/gDSP.gDSP_only.iDSP/use_prim.appDSP48[0].bppDSP48[0].use_dsp.use_dsp48e1.iDSP48E1/P[47:0] is not pipelined (PREG=0). Pipelining the DSP48 output will improve performance and often saves power so it is suggested whenever possible to fully pipeline this function.  If this DSP48 function was inferred, it is suggested to describe an additional register stage after this function.  If the DSP48 was instantiated in the design, it is suggested to set the PREG attribute to 1.
Related violations: <none>

DPOP-1#15 Warning
PREG Output pipelining  
DSP U_adder_top/U_flicker/render/framed_ctu_U0/test_frames_U0/flicker_render_piudo_U84/flicker_render_pipeline_ap_hmul_4_max_dsp_16_u/U0/i_synth/MULT.OP/R_AND_R/LOGIC.R_AND_R/DSP48_E1.DSP48E1_ADD.DSP48E1_ADD/DSP output U_adder_top/U_flicker/render/framed_ctu_U0/test_frames_U0/flicker_render_piudo_U84/flicker_render_pipeline_ap_hmul_4_max_dsp_16_u/U0/i_synth/MULT.OP/R_AND_R/LOGIC.R_AND_R/DSP48_E1.DSP48E1_ADD.DSP48E1_ADD/DSP/P[47:0] is not pipelined (PREG=0). Pipelining the DSP48 output will improve performance and often saves power so it is suggested whenever possible to fully pipeline this function.  If this DSP48 function was inferred, it is suggested to describe an additional register stage after this function.  If the DSP48 was instantiated in the design, it is suggested to set the PREG attribute to 1.
Related violations: <none>

DPOP-1#16 Warning
PREG Output pipelining  
DSP U_adder_top/U_flicker/render/framed_ctu_U0/test_frames_U0/flicker_render_piudo_U85/flicker_render_pipeline_ap_hmul_4_max_dsp_16_u/U0/i_synth/MULT.OP/MULT/MULT_GEN_VARIANT.FIX_MULT/MULT/gDSP.gDSP_only.iDSP/use_prim.appDSP48[0].bppDSP48[0].use_dsp.use_dsp48e1.iDSP48E1 output U_adder_top/U_flicker/render/framed_ctu_U0/test_frames_U0/flicker_render_piudo_U85/flicker_render_pipeline_ap_hmul_4_max_dsp_16_u/U0/i_synth/MULT.OP/MULT/MULT_GEN_VARIANT.FIX_MULT/MULT/gDSP.gDSP_only.iDSP/use_prim.appDSP48[0].bppDSP48[0].use_dsp.use_dsp48e1.iDSP48E1/PATTERNDETECT is not pipelined (PREG=0). Pipelining the DSP48 output will improve performance and often saves power so it is suggested whenever possible to fully pipeline this function.  If this DSP48 function was inferred, it is suggested to describe an additional register stage after this function.  If the DSP48 was instantiated in the design, it is suggested to set the PREG attribute to 1.
Related violations: <none>

DPOP-1#17 Warning
PREG Output pipelining  
DSP U_adder_top/U_flicker/render/framed_ctu_U0/test_frames_U0/flicker_render_piudo_U85/flicker_render_pipeline_ap_hmul_4_max_dsp_16_u/U0/i_synth/MULT.OP/MULT/MULT_GEN_VARIANT.FIX_MULT/MULT/gDSP.gDSP_only.iDSP/use_prim.appDSP48[0].bppDSP48[0].use_dsp.use_dsp48e1.iDSP48E1 output U_adder_top/U_flicker/render/framed_ctu_U0/test_frames_U0/flicker_render_piudo_U85/flicker_render_pipeline_ap_hmul_4_max_dsp_16_u/U0/i_synth/MULT.OP/MULT/MULT_GEN_VARIANT.FIX_MULT/MULT/gDSP.gDSP_only.iDSP/use_prim.appDSP48[0].bppDSP48[0].use_dsp.use_dsp48e1.iDSP48E1/P[47:0] is not pipelined (PREG=0). Pipelining the DSP48 output will improve performance and often saves power so it is suggested whenever possible to fully pipeline this function.  If this DSP48 function was inferred, it is suggested to describe an additional register stage after this function.  If the DSP48 was instantiated in the design, it is suggested to set the PREG attribute to 1.
Related violations: <none>

DPOP-1#18 Warning
PREG Output pipelining  
DSP U_adder_top/U_flicker/render/framed_ctu_U0/test_frames_U0/flicker_render_piudo_U85/flicker_render_pipeline_ap_hmul_4_max_dsp_16_u/U0/i_synth/MULT.OP/R_AND_R/LOGIC.R_AND_R/DSP48_E1.DSP48E1_ADD.DSP48E1_ADD/DSP output U_adder_top/U_flicker/render/framed_ctu_U0/test_frames_U0/flicker_render_piudo_U85/flicker_render_pipeline_ap_hmul_4_max_dsp_16_u/U0/i_synth/MULT.OP/R_AND_R/LOGIC.R_AND_R/DSP48_E1.DSP48E1_ADD.DSP48E1_ADD/DSP/P[47:0] is not pipelined (PREG=0). Pipelining the DSP48 output will improve performance and often saves power so it is suggested whenever possible to fully pipeline this function.  If this DSP48 function was inferred, it is suggested to describe an additional register stage after this function.  If the DSP48 was instantiated in the design, it is suggested to set the PREG attribute to 1.
Related violations: <none>

DPOP-1#19 Warning
PREG Output pipelining  
DSP U_adder_top/U_flicker/render/framed_ctu_U0/test_frames_U0/flicker_render_piudo_U86/flicker_render_pipeline_ap_hmul_4_max_dsp_16_u/U0/i_synth/MULT.OP/MULT/MULT_GEN_VARIANT.FIX_MULT/MULT/gDSP.gDSP_only.iDSP/use_prim.appDSP48[0].bppDSP48[0].use_dsp.use_dsp48e1.iDSP48E1 output U_adder_top/U_flicker/render/framed_ctu_U0/test_frames_U0/flicker_render_piudo_U86/flicker_render_pipeline_ap_hmul_4_max_dsp_16_u/U0/i_synth/MULT.OP/MULT/MULT_GEN_VARIANT.FIX_MULT/MULT/gDSP.gDSP_only.iDSP/use_prim.appDSP48[0].bppDSP48[0].use_dsp.use_dsp48e1.iDSP48E1/PATTERNDETECT is not pipelined (PREG=0). Pipelining the DSP48 output will improve performance and often saves power so it is suggested whenever possible to fully pipeline this function.  If this DSP48 function was inferred, it is suggested to describe an additional register stage after this function.  If the DSP48 was instantiated in the design, it is suggested to set the PREG attribute to 1.
Related violations: <none>

DPOP-1#20 Warning
PREG Output pipelining  
DSP U_adder_top/U_flicker/render/framed_ctu_U0/test_frames_U0/flicker_render_piudo_U86/flicker_render_pipeline_ap_hmul_4_max_dsp_16_u/U0/i_synth/MULT.OP/MULT/MULT_GEN_VARIANT.FIX_MULT/MULT/gDSP.gDSP_only.iDSP/use_prim.appDSP48[0].bppDSP48[0].use_dsp.use_dsp48e1.iDSP48E1 output U_adder_top/U_flicker/render/framed_ctu_U0/test_frames_U0/flicker_render_piudo_U86/flicker_render_pipeline_ap_hmul_4_max_dsp_16_u/U0/i_synth/MULT.OP/MULT/MULT_GEN_VARIANT.FIX_MULT/MULT/gDSP.gDSP_only.iDSP/use_prim.appDSP48[0].bppDSP48[0].use_dsp.use_dsp48e1.iDSP48E1/P[47:0] is not pipelined (PREG=0). Pipelining the DSP48 output will improve performance and often saves power so it is suggested whenever possible to fully pipeline this function.  If this DSP48 function was inferred, it is suggested to describe an additional register stage after this function.  If the DSP48 was instantiated in the design, it is suggested to set the PREG attribute to 1.
Related violations: <none>

DPOP-1#21 Warning
PREG Output pipelining  
DSP U_adder_top/U_flicker/render/framed_ctu_U0/test_frames_U0/flicker_render_piudo_U86/flicker_render_pipeline_ap_hmul_4_max_dsp_16_u/U0/i_synth/MULT.OP/R_AND_R/LOGIC.R_AND_R/DSP48_E1.DSP48E1_ADD.DSP48E1_ADD/DSP output U_adder_top/U_flicker/render/framed_ctu_U0/test_frames_U0/flicker_render_piudo_U86/flicker_render_pipeline_ap_hmul_4_max_dsp_16_u/U0/i_synth/MULT.OP/R_AND_R/LOGIC.R_AND_R/DSP48_E1.DSP48E1_ADD.DSP48E1_ADD/DSP/P[47:0] is not pipelined (PREG=0). Pipelining the DSP48 output will improve performance and often saves power so it is suggested whenever possible to fully pipeline this function.  If this DSP48 function was inferred, it is suggested to describe an additional register stage after this function.  If the DSP48 was instantiated in the design, it is suggested to set the PREG attribute to 1.
Related violations: <none>

DPOP-1#22 Warning
PREG Output pipelining  
DSP U_adder_top/U_flicker/render/framed_ctu_U0/test_frames_U0/flicker_render_pixdS_U79/flicker_render_pipeline_ap_hadd_8_full_dsp_16_u/U0/i_synth/ADDSUB_OP.ADDSUB/SPEED_OP.DSP.OP/DSP48E1_BODY_HP.NORM_RND/FULL_USAGE_DSP.SHIFT_RND/DSP output U_adder_top/U_flicker/render/framed_ctu_U0/test_frames_U0/flicker_render_pixdS_U79/flicker_render_pipeline_ap_hadd_8_full_dsp_16_u/U0/i_synth/ADDSUB_OP.ADDSUB/SPEED_OP.DSP.OP/DSP48E1_BODY_HP.NORM_RND/FULL_USAGE_DSP.SHIFT_RND/DSP/P[47:0] is not pipelined (PREG=0). Pipelining the DSP48 output will improve performance and often saves power so it is suggested whenever possible to fully pipeline this function.  If this DSP48 function was inferred, it is suggested to describe an additional register stage after this function.  If the DSP48 was instantiated in the design, it is suggested to set the PREG attribute to 1.
Related violations: <none>

DPOP-1#23 Warning
PREG Output pipelining  
DSP U_adder_top/U_flicker/render/framed_ctu_U0/test_frames_U0/flicker_render_pixdS_U80/flicker_render_pipeline_ap_hadd_8_full_dsp_16_u/U0/i_synth/ADDSUB_OP.ADDSUB/SPEED_OP.DSP.OP/DSP48E1_BODY_HP.NORM_RND/FULL_USAGE_DSP.SHIFT_RND/DSP output U_adder_top/U_flicker/render/framed_ctu_U0/test_frames_U0/flicker_render_pixdS_U80/flicker_render_pipeline_ap_hadd_8_full_dsp_16_u/U0/i_synth/ADDSUB_OP.ADDSUB/SPEED_OP.DSP.OP/DSP48E1_BODY_HP.NORM_RND/FULL_USAGE_DSP.SHIFT_RND/DSP/P[47:0] is not pipelined (PREG=0). Pipelining the DSP48 output will improve performance and often saves power so it is suggested whenever possible to fully pipeline this function.  If this DSP48 function was inferred, it is suggested to describe an additional register stage after this function.  If the DSP48 was instantiated in the design, it is suggested to set the PREG attribute to 1.
Related violations: <none>

DPOP-1#24 Warning
PREG Output pipelining  
DSP U_adder_top/U_flicker/render/framed_ctu_U0/test_frames_U0/flicker_render_piyd2_U81/flicker_render_pipeline_ap_hsub_8_full_dsp_16_u/U0/i_synth/ADDSUB_OP.ADDSUB/SPEED_OP.DSP.OP/DSP48E1_BODY_HP.NORM_RND/FULL_USAGE_DSP.SHIFT_RND/DSP output U_adder_top/U_flicker/render/framed_ctu_U0/test_frames_U0/flicker_render_piyd2_U81/flicker_render_pipeline_ap_hsub_8_full_dsp_16_u/U0/i_synth/ADDSUB_OP.ADDSUB/SPEED_OP.DSP.OP/DSP48E1_BODY_HP.NORM_RND/FULL_USAGE_DSP.SHIFT_RND/DSP/P[47:0] is not pipelined (PREG=0). Pipelining the DSP48 output will improve performance and often saves power so it is suggested whenever possible to fully pipeline this function.  If this DSP48 function was inferred, it is suggested to describe an additional register stage after this function.  If the DSP48 was instantiated in the design, it is suggested to set the PREG attribute to 1.
Related violations: <none>

DPOP-1#25 Warning
PREG Output pipelining  
DSP U_adder_top/U_flicker/render/render_lane_0u_U0/flicker_render_piudo_U175/flicker_render_pipeline_ap_hmul_4_max_dsp_16_u/U0/i_synth/MULT.OP/MULT/MULT_GEN_VARIANT.FIX_MULT/MULT/gDSP.gDSP_only.iDSP/use_prim.appDSP48[0].bppDSP48[0].use_dsp.use_dsp48e1.iDSP48E1 output U_adder_top/U_flicker/render/render_lane_0u_U0/flicker_render_piudo_U175/flicker_render_pipeline_ap_hmul_4_max_dsp_16_u/U0/i_synth/MULT.OP/MULT/MULT_GEN_VARIANT.FIX_MULT/MULT/gDSP.gDSP_only.iDSP/use_prim.appDSP48[0].bppDSP48[0].use_dsp.use_dsp48e1.iDSP48E1/PATTERNDETECT is not pipelined (PREG=0). Pipelining the DSP48 output will improve performance and often saves power so it is suggested whenever possible to fully pipeline this function.  If this DSP48 function was inferred, it is suggested to describe an additional register stage after this function.  If the DSP48 was instantiated in the design, it is suggested to set the PREG attribute to 1.
Related violations: <none>

DPOP-1#26 Warning
PREG Output pipelining  
DSP U_adder_top/U_flicker/render/render_lane_0u_U0/flicker_render_piudo_U175/flicker_render_pipeline_ap_hmul_4_max_dsp_16_u/U0/i_synth/MULT.OP/MULT/MULT_GEN_VARIANT.FIX_MULT/MULT/gDSP.gDSP_only.iDSP/use_prim.appDSP48[0].bppDSP48[0].use_dsp.use_dsp48e1.iDSP48E1 output U_adder_top/U_flicker/render/render_lane_0u_U0/flicker_render_piudo_U175/flicker_render_pipeline_ap_hmul_4_max_dsp_16_u/U0/i_synth/MULT.OP/MULT/MULT_GEN_VARIANT.FIX_MULT/MULT/gDSP.gDSP_only.iDSP/use_prim.appDSP48[0].bppDSP48[0].use_dsp.use_dsp48e1.iDSP48E1/P[47:0] is not pipelined (PREG=0). Pipelining the DSP48 output will improve performance and often saves power so it is suggested whenever possible to fully pipeline this function.  If this DSP48 function was inferred, it is suggested to describe an additional register stage after this function.  If the DSP48 was instantiated in the design, it is suggested to set the PREG attribute to 1.
Related violations: <none>

DPOP-1#27 Warning
PREG Output pipelining  
DSP U_adder_top/U_flicker/render/render_lane_0u_U0/flicker_render_piudo_U175/flicker_render_pipeline_ap_hmul_4_max_dsp_16_u/U0/i_synth/MULT.OP/R_AND_R/LOGIC.R_AND_R/DSP48_E1.DSP48E1_ADD.DSP48E1_ADD/DSP output U_adder_top/U_flicker/render/render_lane_0u_U0/flicker_render_piudo_U175/flicker_render_pipeline_ap_hmul_4_max_dsp_16_u/U0/i_synth/MULT.OP/R_AND_R/LOGIC.R_AND_R/DSP48_E1.DSP48E1_ADD.DSP48E1_ADD/DSP/P[47:0] is not pipelined (PREG=0). Pipelining the DSP48 output will improve performance and often saves power so it is suggested whenever possible to fully pipeline this function.  If this DSP48 function was inferred, it is suggested to describe an additional register stage after this function.  If the DSP48 was instantiated in the design, it is suggested to set the PREG attribute to 1.
Related violations: <none>

DPOP-1#28 Warning
PREG Output pipelining  
DSP U_adder_top/U_flicker/render/render_lane_0u_U0/flicker_render_piudo_U176/flicker_render_pipeline_ap_hmul_4_max_dsp_16_u/U0/i_synth/MULT.OP/MULT/MULT_GEN_VARIANT.FIX_MULT/MULT/gDSP.gDSP_only.iDSP/use_prim.appDSP48[0].bppDSP48[0].use_dsp.use_dsp48e1.iDSP48E1 output U_adder_top/U_flicker/render/render_lane_0u_U0/flicker_render_piudo_U176/flicker_render_pipeline_ap_hmul_4_max_dsp_16_u/U0/i_synth/MULT.OP/MULT/MULT_GEN_VARIANT.FIX_MULT/MULT/gDSP.gDSP_only.iDSP/use_prim.appDSP48[0].bppDSP48[0].use_dsp.use_dsp48e1.iDSP48E1/PATTERNDETECT is not pipelined (PREG=0). Pipelining the DSP48 output will improve performance and often saves power so it is suggested whenever possible to fully pipeline this function.  If this DSP48 function was inferred, it is suggested to describe an additional register stage after this function.  If the DSP48 was instantiated in the design, it is suggested to set the PREG attribute to 1.
Related violations: <none>

DPOP-1#29 Warning
PREG Output pipelining  
DSP U_adder_top/U_flicker/render/render_lane_0u_U0/flicker_render_piudo_U176/flicker_render_pipeline_ap_hmul_4_max_dsp_16_u/U0/i_synth/MULT.OP/MULT/MULT_GEN_VARIANT.FIX_MULT/MULT/gDSP.gDSP_only.iDSP/use_prim.appDSP48[0].bppDSP48[0].use_dsp.use_dsp48e1.iDSP48E1 output U_adder_top/U_flicker/render/render_lane_0u_U0/flicker_render_piudo_U176/flicker_render_pipeline_ap_hmul_4_max_dsp_16_u/U0/i_synth/MULT.OP/MULT/MULT_GEN_VARIANT.FIX_MULT/MULT/gDSP.gDSP_only.iDSP/use_prim.appDSP48[0].bppDSP48[0].use_dsp.use_dsp48e1.iDSP48E1/P[47:0] is not pipelined (PREG=0). Pipelining the DSP48 output will improve performance and often saves power so it is suggested whenever possible to fully pipeline this function.  If this DSP48 function was inferred, it is suggested to describe an additional register stage after this function.  If the DSP48 was instantiated in the design, it is suggested to set the PREG attribute to 1.
Related violations: <none>

DPOP-1#30 Warning
PREG Output pipelining  
DSP U_adder_top/U_flicker/render/render_lane_0u_U0/flicker_render_piudo_U176/flicker_render_pipeline_ap_hmul_4_max_dsp_16_u/U0/i_synth/MULT.OP/R_AND_R/LOGIC.R_AND_R/DSP48_E1.DSP48E1_ADD.DSP48E1_ADD/DSP output U_adder_top/U_flicker/render/render_lane_0u_U0/flicker_render_piudo_U176/flicker_render_pipeline_ap_hmul_4_max_dsp_16_u/U0/i_synth/MULT.OP/R_AND_R/LOGIC.R_AND_R/DSP48_E1.DSP48E1_ADD.DSP48E1_ADD/DSP/P[47:0] is not pipelined (PREG=0). Pipelining the DSP48 output will improve performance and often saves power so it is suggested whenever possible to fully pipeline this function.  If this DSP48 function was inferred, it is suggested to describe an additional register stage after this function.  If the DSP48 was instantiated in the design, it is suggested to set the PREG attribute to 1.
Related violations: <none>

DPOP-1#31 Warning
PREG Output pipelining  
DSP U_adder_top/U_flicker/render/render_lane_0u_U0/flicker_render_piudo_U177/flicker_render_pipeline_ap_hmul_4_max_dsp_16_u/U0/i_synth/MULT.OP/MULT/MULT_GEN_VARIANT.FIX_MULT/MULT/gDSP.gDSP_only.iDSP/use_prim.appDSP48[0].bppDSP48[0].use_dsp.use_dsp48e1.iDSP48E1 output U_adder_top/U_flicker/render/render_lane_0u_U0/flicker_render_piudo_U177/flicker_render_pipeline_ap_hmul_4_max_dsp_16_u/U0/i_synth/MULT.OP/MULT/MULT_GEN_VARIANT.FIX_MULT/MULT/gDSP.gDSP_only.iDSP/use_prim.appDSP48[0].bppDSP48[0].use_dsp.use_dsp48e1.iDSP48E1/PATTERNDETECT is not pipelined (PREG=0). Pipelining the DSP48 output will improve performance and often saves power so it is suggested whenever possible to fully pipeline this function.  If this DSP48 function was inferred, it is suggested to describe an additional register stage after this function.  If the DSP48 was instantiated in the design, it is suggested to set the PREG attribute to 1.
Related violations: <none>

DPOP-1#32 Warning
PREG Output pipelining  
DSP U_adder_top/U_flicker/render/render_lane_0u_U0/flicker_render_piudo_U177/flicker_render_pipeline_ap_hmul_4_max_dsp_16_u/U0/i_synth/MULT.OP/MULT/MULT_GEN_VARIANT.FIX_MULT/MULT/gDSP.gDSP_only.iDSP/use_prim.appDSP48[0].bppDSP48[0].use_dsp.use_dsp48e1.iDSP48E1 output U_adder_top/U_flicker/render/render_lane_0u_U0/flicker_render_piudo_U177/flicker_render_pipeline_ap_hmul_4_max_dsp_16_u/U0/i_synth/MULT.OP/MULT/MULT_GEN_VARIANT.FIX_MULT/MULT/gDSP.gDSP_only.iDSP/use_prim.appDSP48[0].bppDSP48[0].use_dsp.use_dsp48e1.iDSP48E1/P[47:0] is not pipelined (PREG=0). Pipelining the DSP48 output will improve performance and often saves power so it is suggested whenever possible to fully pipeline this function.  If this DSP48 function was inferred, it is suggested to describe an additional register stage after this function.  If the DSP48 was instantiated in the design, it is suggested to set the PREG attribute to 1.
Related violations: <none>

DPOP-1#33 Warning
PREG Output pipelining  
DSP U_adder_top/U_flicker/render/render_lane_0u_U0/flicker_render_piudo_U177/flicker_render_pipeline_ap_hmul_4_max_dsp_16_u/U0/i_synth/MULT.OP/R_AND_R/LOGIC.R_AND_R/DSP48_E1.DSP48E1_ADD.DSP48E1_ADD/DSP output U_adder_top/U_flicker/render/render_lane_0u_U0/flicker_render_piudo_U177/flicker_render_pipeline_ap_hmul_4_max_dsp_16_u/U0/i_synth/MULT.OP/R_AND_R/LOGIC.R_AND_R/DSP48_E1.DSP48E1_ADD.DSP48E1_ADD/DSP/P[47:0] is not pipelined (PREG=0). Pipelining the DSP48 output will improve performance and often saves power so it is suggested whenever possible to fully pipeline this function.  If this DSP48 function was inferred, it is suggested to describe an additional register stage after this function.  If the DSP48 was instantiated in the design, it is suggested to set the PREG attribute to 1.
Related violations: <none>

DPOP-1#34 Warning
PREG Output pipelining  
DSP U_adder_top/U_flicker/render/render_lane_0u_U0/flicker_render_pixdS_U172/flicker_render_pipeline_ap_hadd_8_full_dsp_16_u/U0/i_synth/ADDSUB_OP.ADDSUB/SPEED_OP.DSP.OP/DSP48E1_BODY_HP.NORM_RND/FULL_USAGE_DSP.SHIFT_RND/DSP output U_adder_top/U_flicker/render/render_lane_0u_U0/flicker_render_pixdS_U172/flicker_render_pipeline_ap_hadd_8_full_dsp_16_u/U0/i_synth/ADDSUB_OP.ADDSUB/SPEED_OP.DSP.OP/DSP48E1_BODY_HP.NORM_RND/FULL_USAGE_DSP.SHIFT_RND/DSP/P[47:0] is not pipelined (PREG=0). Pipelining the DSP48 output will improve performance and often saves power so it is suggested whenever possible to fully pipeline this function.  If this DSP48 function was inferred, it is suggested to describe an additional register stage after this function.  If the DSP48 was instantiated in the design, it is suggested to set the PREG attribute to 1.
Related violations: <none>

DPOP-1#35 Warning
PREG Output pipelining  
DSP U_adder_top/U_flicker/render/render_lane_0u_U0/flicker_render_pixdS_U173/flicker_render_pipeline_ap_hadd_8_full_dsp_16_u/U0/i_synth/ADDSUB_OP.ADDSUB/SPEED_OP.DSP.OP/DSP48E1_BODY_HP.NORM_RND/FULL_USAGE_DSP.SHIFT_RND/DSP output U_adder_top/U_flicker/render/render_lane_0u_U0/flicker_render_pixdS_U173/flicker_render_pipeline_ap_hadd_8_full_dsp_16_u/U0/i_synth/ADDSUB_OP.ADDSUB/SPEED_OP.DSP.OP/DSP48E1_BODY_HP.NORM_RND/FULL_USAGE_DSP.SHIFT_RND/DSP/P[47:0] is not pipelined (PREG=0). Pipelining the DSP48 output will improve performance and often saves power so it is suggested whenever possible to fully pipeline this function.  If this DSP48 function was inferred, it is suggested to describe an additional register stage after this function.  If the DSP48 was instantiated in the design, it is suggested to set the PREG attribute to 1.
Related violations: <none>

DPOP-1#36 Warning
PREG Output pipelining  
DSP U_adder_top/U_flicker/render/render_lane_0u_U0/flicker_render_pixdS_U174/flicker_render_pipeline_ap_hadd_8_full_dsp_16_u/U0/i_synth/ADDSUB_OP.ADDSUB/SPEED_OP.DSP.OP/DSP48E1_BODY_HP.NORM_RND/FULL_USAGE_DSP.SHIFT_RND/DSP output U_adder_top/U_flicker/render/render_lane_0u_U0/flicker_render_pixdS_U174/flicker_render_pipeline_ap_hadd_8_full_dsp_16_u/U0/i_synth/ADDSUB_OP.ADDSUB/SPEED_OP.DSP.OP/DSP48E1_BODY_HP.NORM_RND/FULL_USAGE_DSP.SHIFT_RND/DSP/P[47:0] is not pipelined (PREG=0). Pipelining the DSP48 output will improve performance and often saves power so it is suggested whenever possible to fully pipeline this function.  If this DSP48 function was inferred, it is suggested to describe an additional register stage after this function.  If the DSP48 was instantiated in the design, it is suggested to set the PREG attribute to 1.
Related violations: <none>

DPOP-1#37 Warning
PREG Output pipelining  
DSP U_adder_top/U_flicker/render/render_lane_0u_U0/grp_evaluate_group_0u_s_fu_446/flicker_render_piudo_U146/flicker_render_pipeline_ap_hmul_4_max_dsp_16_u/U0/i_synth/MULT.OP/MULT/MULT_GEN_VARIANT.FIX_MULT/MULT/gDSP.gDSP_only.iDSP/use_prim.appDSP48[0].bppDSP48[0].use_dsp.use_dsp48e1.iDSP48E1 output U_adder_top/U_flicker/render/render_lane_0u_U0/grp_evaluate_group_0u_s_fu_446/flicker_render_piudo_U146/flicker_render_pipeline_ap_hmul_4_max_dsp_16_u/U0/i_synth/MULT.OP/MULT/MULT_GEN_VARIANT.FIX_MULT/MULT/gDSP.gDSP_only.iDSP/use_prim.appDSP48[0].bppDSP48[0].use_dsp.use_dsp48e1.iDSP48E1/PATTERNDETECT is not pipelined (PREG=0). Pipelining the DSP48 output will improve performance and often saves power so it is suggested whenever possible to fully pipeline this function.  If this DSP48 function was inferred, it is suggested to describe an additional register stage after this function.  If the DSP48 was instantiated in the design, it is suggested to set the PREG attribute to 1.
Related violations: <none>

DPOP-1#38 Warning
PREG Output pipelining  
DSP U_adder_top/U_flicker/render/render_lane_0u_U0/grp_evaluate_group_0u_s_fu_446/flicker_render_piudo_U146/flicker_render_pipeline_ap_hmul_4_max_dsp_16_u/U0/i_synth/MULT.OP/MULT/MULT_GEN_VARIANT.FIX_MULT/MULT/gDSP.gDSP_only.iDSP/use_prim.appDSP48[0].bppDSP48[0].use_dsp.use_dsp48e1.iDSP48E1 output U_adder_top/U_flicker/render/render_lane_0u_U0/grp_evaluate_group_0u_s_fu_446/flicker_render_piudo_U146/flicker_render_pipeline_ap_hmul_4_max_dsp_16_u/U0/i_synth/MULT.OP/MULT/MULT_GEN_VARIANT.FIX_MULT/MULT/gDSP.gDSP_only.iDSP/use_prim.appDSP48[0].bppDSP48[0].use_dsp.use_dsp48e1.iDSP48E1/P[47:0] is not pipelined (PREG=0). Pipelining the DSP48 output will improve performance and often saves power so it is suggested whenever possible to fully pipeline this function.  If this DSP48 function was inferred, it is suggested to describe an additional register stage after this function.  If the DSP48 was instantiated in the design, it is suggested to set the PREG attribute to 1.
Related violations: <none>

DPOP-1#39 Warning
PREG Output pipelining  
DSP U_adder_top/U_flicker/render/render_lane_0u_U0/grp_evaluate_group_0u_s_fu_446/flicker_render_piudo_U146/flicker_render_pipeline_ap_hmul_4_max_dsp_16_u/U0/i_synth/MULT.OP/R_AND_R/LOGIC.R_AND_R/DSP48_E1.DSP48E1_ADD.DSP48E1_ADD/DSP output U_adder_top/U_flicker/render/render_lane_0u_U0/grp_evaluate_group_0u_s_fu_446/flicker_render_piudo_U146/flicker_render_pipeline_ap_hmul_4_max_dsp_16_u/U0/i_synth/MULT.OP/R_AND_R/LOGIC.R_AND_R/DSP48_E1.DSP48E1_ADD.DSP48E1_ADD/DSP/P[47:0] is not pipelined (PREG=0). Pipelining the DSP48 output will improve performance and often saves power so it is suggested whenever possible to fully pipeline this function.  If this DSP48 function was inferred, it is suggested to describe an additional register stage after this function.  If the DSP48 was instantiated in the design, it is suggested to set the PREG attribute to 1.
Related violations: <none>

DPOP-1#40 Warning
PREG Output pipelining  
DSP U_adder_top/U_flicker/render/render_lane_0u_U0/grp_evaluate_group_0u_s_fu_446/flicker_render_piudo_U147/flicker_render_pipeline_ap_hmul_4_max_dsp_16_u/U0/i_synth/MULT.OP/MULT/MULT_GEN_VARIANT.FIX_MULT/MULT/gDSP.gDSP_only.iDSP/use_prim.appDSP48[0].bppDSP48[0].use_dsp.use_dsp48e1.iDSP48E1 output U_adder_top/U_flicker/render/render_lane_0u_U0/grp_evaluate_group_0u_s_fu_446/flicker_render_piudo_U147/flicker_render_pipeline_ap_hmul_4_max_dsp_16_u/U0/i_synth/MULT.OP/MULT/MULT_GEN_VARIANT.FIX_MULT/MULT/gDSP.gDSP_only.iDSP/use_prim.appDSP48[0].bppDSP48[0].use_dsp.use_dsp48e1.iDSP48E1/PATTERNDETECT is not pipelined (PREG=0). Pipelining the DSP48 output will improve performance and often saves power so it is suggested whenever possible to fully pipeline this function.  If this DSP48 function was inferred, it is suggested to describe an additional register stage after this function.  If the DSP48 was instantiated in the design, it is suggested to set the PREG attribute to 1.
Related violations: <none>

DPOP-1#41 Warning
PREG Output pipelining  
DSP U_adder_top/U_flicker/render/render_lane_0u_U0/grp_evaluate_group_0u_s_fu_446/flicker_render_piudo_U147/flicker_render_pipeline_ap_hmul_4_max_dsp_16_u/U0/i_synth/MULT.OP/MULT/MULT_GEN_VARIANT.FIX_MULT/MULT/gDSP.gDSP_only.iDSP/use_prim.appDSP48[0].bppDSP48[0].use_dsp.use_dsp48e1.iDSP48E1 output U_adder_top/U_flicker/render/render_lane_0u_U0/grp_evaluate_group_0u_s_fu_446/flicker_render_piudo_U147/flicker_render_pipeline_ap_hmul_4_max_dsp_16_u/U0/i_synth/MULT.OP/MULT/MULT_GEN_VARIANT.FIX_MULT/MULT/gDSP.gDSP_only.iDSP/use_prim.appDSP48[0].bppDSP48[0].use_dsp.use_dsp48e1.iDSP48E1/P[47:0] is not pipelined (PREG=0). Pipelining the DSP48 output will improve performance and often saves power so it is suggested whenever possible to fully pipeline this function.  If this DSP48 function was inferred, it is suggested to describe an additional register stage after this function.  If the DSP48 was instantiated in the design, it is suggested to set the PREG attribute to 1.
Related violations: <none>

DPOP-1#42 Warning
PREG Output pipelining  
DSP U_adder_top/U_flicker/render/render_lane_0u_U0/grp_evaluate_group_0u_s_fu_446/flicker_render_piudo_U147/flicker_render_pipeline_ap_hmul_4_max_dsp_16_u/U0/i_synth/MULT.OP/R_AND_R/LOGIC.R_AND_R/DSP48_E1.DSP48E1_ADD.DSP48E1_ADD/DSP output U_adder_top/U_flicker/render/render_lane_0u_U0/grp_evaluate_group_0u_s_fu_446/flicker_render_piudo_U147/flicker_render_pipeline_ap_hmul_4_max_dsp_16_u/U0/i_synth/MULT.OP/R_AND_R/LOGIC.R_AND_R/DSP48_E1.DSP48E1_ADD.DSP48E1_ADD/DSP/P[47:0] is not pipelined (PREG=0). Pipelining the DSP48 output will improve performance and often saves power so it is suggested whenever possible to fully pipeline this function.  If this DSP48 function was inferred, it is suggested to describe an additional register stage after this function.  If the DSP48 was instantiated in the design, it is suggested to set the PREG attribute to 1.
Related violations: <none>

DPOP-1#43 Warning
PREG Output pipelining  
DSP U_adder_top/U_flicker/render/render_lane_0u_U0/grp_evaluate_group_0u_s_fu_446/flicker_render_piudo_U148/flicker_render_pipeline_ap_hmul_4_max_dsp_16_u/U0/i_synth/MULT.OP/MULT/MULT_GEN_VARIANT.FIX_MULT/MULT/gDSP.gDSP_only.iDSP/use_prim.appDSP48[0].bppDSP48[0].use_dsp.use_dsp48e1.iDSP48E1 output U_adder_top/U_flicker/render/render_lane_0u_U0/grp_evaluate_group_0u_s_fu_446/flicker_render_piudo_U148/flicker_render_pipeline_ap_hmul_4_max_dsp_16_u/U0/i_synth/MULT.OP/MULT/MULT_GEN_VARIANT.FIX_MULT/MULT/gDSP.gDSP_only.iDSP/use_prim.appDSP48[0].bppDSP48[0].use_dsp.use_dsp48e1.iDSP48E1/PATTERNDETECT is not pipelined (PREG=0). Pipelining the DSP48 output will improve performance and often saves power so it is suggested whenever possible to fully pipeline this function.  If this DSP48 function was inferred, it is suggested to describe an additional register stage after this function.  If the DSP48 was instantiated in the design, it is suggested to set the PREG attribute to 1.
Related violations: <none>

DPOP-1#44 Warning
PREG Output pipelining  
DSP U_adder_top/U_flicker/render/render_lane_0u_U0/grp_evaluate_group_0u_s_fu_446/flicker_render_piudo_U148/flicker_render_pipeline_ap_hmul_4_max_dsp_16_u/U0/i_synth/MULT.OP/MULT/MULT_GEN_VARIANT.FIX_MULT/MULT/gDSP.gDSP_only.iDSP/use_prim.appDSP48[0].bppDSP48[0].use_dsp.use_dsp48e1.iDSP48E1 output U_adder_top/U_flicker/render/render_lane_0u_U0/grp_evaluate_group_0u_s_fu_446/flicker_render_piudo_U148/flicker_render_pipeline_ap_hmul_4_max_dsp_16_u/U0/i_synth/MULT.OP/MULT/MULT_GEN_VARIANT.FIX_MULT/MULT/gDSP.gDSP_only.iDSP/use_prim.appDSP48[0].bppDSP48[0].use_dsp.use_dsp48e1.iDSP48E1/P[47:0] is not pipelined (PREG=0). Pipelining the DSP48 output will improve performance and often saves power so it is suggested whenever possible to fully pipeline this function.  If this DSP48 function was inferred, it is suggested to describe an additional register stage after this function.  If the DSP48 was instantiated in the design, it is suggested to set the PREG attribute to 1.
Related violations: <none>

DPOP-1#45 Warning
PREG Output pipelining  
DSP U_adder_top/U_flicker/render/render_lane_0u_U0/grp_evaluate_group_0u_s_fu_446/flicker_render_piudo_U148/flicker_render_pipeline_ap_hmul_4_max_dsp_16_u/U0/i_synth/MULT.OP/R_AND_R/LOGIC.R_AND_R/DSP48_E1.DSP48E1_ADD.DSP48E1_ADD/DSP output U_adder_top/U_flicker/render/render_lane_0u_U0/grp_evaluate_group_0u_s_fu_446/flicker_render_piudo_U148/flicker_render_pipeline_ap_hmul_4_max_dsp_16_u/U0/i_synth/MULT.OP/R_AND_R/LOGIC.R_AND_R/DSP48_E1.DSP48E1_ADD.DSP48E1_ADD/DSP/P[47:0] is not pipelined (PREG=0). Pipelining the DSP48 output will improve performance and often saves power so it is suggested whenever possible to fully pipeline this function.  If this DSP48 function was inferred, it is suggested to describe an additional register stage after this function.  If the DSP48 was instantiated in the design, it is suggested to set the PREG attribute to 1.
Related violations: <none>

DPOP-1#46 Warning
PREG Output pipelining  
DSP U_adder_top/U_flicker/render/render_lane_0u_U0/grp_evaluate_group_0u_s_fu_446/flicker_render_piudo_U149/flicker_render_pipeline_ap_hmul_4_max_dsp_16_u/U0/i_synth/MULT.OP/MULT/MULT_GEN_VARIANT.FIX_MULT/MULT/gDSP.gDSP_only.iDSP/use_prim.appDSP48[0].bppDSP48[0].use_dsp.use_dsp48e1.iDSP48E1 output U_adder_top/U_flicker/render/render_lane_0u_U0/grp_evaluate_group_0u_s_fu_446/flicker_render_piudo_U149/flicker_render_pipeline_ap_hmul_4_max_dsp_16_u/U0/i_synth/MULT.OP/MULT/MULT_GEN_VARIANT.FIX_MULT/MULT/gDSP.gDSP_only.iDSP/use_prim.appDSP48[0].bppDSP48[0].use_dsp.use_dsp48e1.iDSP48E1/PATTERNDETECT is not pipelined (PREG=0). Pipelining the DSP48 output will improve performance and often saves power so it is suggested whenever possible to fully pipeline this function.  If this DSP48 function was inferred, it is suggested to describe an additional register stage after this function.  If the DSP48 was instantiated in the design, it is suggested to set the PREG attribute to 1.
Related violations: <none>

DPOP-1#47 Warning
PREG Output pipelining  
DSP U_adder_top/U_flicker/render/render_lane_0u_U0/grp_evaluate_group_0u_s_fu_446/flicker_render_piudo_U149/flicker_render_pipeline_ap_hmul_4_max_dsp_16_u/U0/i_synth/MULT.OP/MULT/MULT_GEN_VARIANT.FIX_MULT/MULT/gDSP.gDSP_only.iDSP/use_prim.appDSP48[0].bppDSP48[0].use_dsp.use_dsp48e1.iDSP48E1 output U_adder_top/U_flicker/render/render_lane_0u_U0/grp_evaluate_group_0u_s_fu_446/flicker_render_piudo_U149/flicker_render_pipeline_ap_hmul_4_max_dsp_16_u/U0/i_synth/MULT.OP/MULT/MULT_GEN_VARIANT.FIX_MULT/MULT/gDSP.gDSP_only.iDSP/use_prim.appDSP48[0].bppDSP48[0].use_dsp.use_dsp48e1.iDSP48E1/P[47:0] is not pipelined (PREG=0). Pipelining the DSP48 output will improve performance and often saves power so it is suggested whenever possible to fully pipeline this function.  If this DSP48 function was inferred, it is suggested to describe an additional register stage after this function.  If the DSP48 was instantiated in the design, it is suggested to set the PREG attribute to 1.
Related violations: <none>

DPOP-1#48 Warning
PREG Output pipelining  
DSP U_adder_top/U_flicker/render/render_lane_0u_U0/grp_evaluate_group_0u_s_fu_446/flicker_render_piudo_U149/flicker_render_pipeline_ap_hmul_4_max_dsp_16_u/U0/i_synth/MULT.OP/R_AND_R/LOGIC.R_AND_R/DSP48_E1.DSP48E1_ADD.DSP48E1_ADD/DSP output U_adder_top/U_flicker/render/render_lane_0u_U0/grp_evaluate_group_0u_s_fu_446/flicker_render_piudo_U149/flicker_render_pipeline_ap_hmul_4_max_dsp_16_u/U0/i_synth/MULT.OP/R_AND_R/LOGIC.R_AND_R/DSP48_E1.DSP48E1_ADD.DSP48E1_ADD/DSP/P[47:0] is not pipelined (PREG=0). Pipelining the DSP48 output will improve performance and often saves power so it is suggested whenever possible to fully pipeline this function.  If this DSP48 function was inferred, it is suggested to describe an additional register stage after this function.  If the DSP48 was instantiated in the design, it is suggested to set the PREG attribute to 1.
Related violations: <none>

DPOP-1#49 Warning
PREG Output pipelining  
DSP U_adder_top/U_flicker/render/render_lane_0u_U0/grp_evaluate_group_0u_s_fu_446/flicker_render_piudo_U150/flicker_render_pipeline_ap_hmul_4_max_dsp_16_u/U0/i_synth/MULT.OP/MULT/MULT_GEN_VARIANT.FIX_MULT/MULT/gDSP.gDSP_only.iDSP/use_prim.appDSP48[0].bppDSP48[0].use_dsp.use_dsp48e1.iDSP48E1 output U_adder_top/U_flicker/render/render_lane_0u_U0/grp_evaluate_group_0u_s_fu_446/flicker_render_piudo_U150/flicker_render_pipeline_ap_hmul_4_max_dsp_16_u/U0/i_synth/MULT.OP/MULT/MULT_GEN_VARIANT.FIX_MULT/MULT/gDSP.gDSP_only.iDSP/use_prim.appDSP48[0].bppDSP48[0].use_dsp.use_dsp48e1.iDSP48E1/PATTERNDETECT is not pipelined (PREG=0). Pipelining the DSP48 output will improve performance and often saves power so it is suggested whenever possible to fully pipeline this function.  If this DSP48 function was inferred, it is suggested to describe an additional register stage after this function.  If the DSP48 was instantiated in the design, it is suggested to set the PREG attribute to 1.
Related violations: <none>

DPOP-1#50 Warning
PREG Output pipelining  
DSP U_adder_top/U_flicker/render/render_lane_0u_U0/grp_evaluate_group_0u_s_fu_446/flicker_render_piudo_U150/flicker_render_pipeline_ap_hmul_4_max_dsp_16_u/U0/i_synth/MULT.OP/MULT/MULT_GEN_VARIANT.FIX_MULT/MULT/gDSP.gDSP_only.iDSP/use_prim.appDSP48[0].bppDSP48[0].use_dsp.use_dsp48e1.iDSP48E1 output U_adder_top/U_flicker/render/render_lane_0u_U0/grp_evaluate_group_0u_s_fu_446/flicker_render_piudo_U150/flicker_render_pipeline_ap_hmul_4_max_dsp_16_u/U0/i_synth/MULT.OP/MULT/MULT_GEN_VARIANT.FIX_MULT/MULT/gDSP.gDSP_only.iDSP/use_prim.appDSP48[0].bppDSP48[0].use_dsp.use_dsp48e1.iDSP48E1/P[47:0] is not pipelined (PREG=0). Pipelining the DSP48 output will improve performance and often saves power so it is suggested whenever possible to fully pipeline this function.  If this DSP48 function was inferred, it is suggested to describe an additional register stage after this function.  If the DSP48 was instantiated in the design, it is suggested to set the PREG attribute to 1.
Related violations: <none>

DPOP-1#51 Warning
PREG Output pipelining  
DSP U_adder_top/U_flicker/render/render_lane_0u_U0/grp_evaluate_group_0u_s_fu_446/flicker_render_piudo_U150/flicker_render_pipeline_ap_hmul_4_max_dsp_16_u/U0/i_synth/MULT.OP/R_AND_R/LOGIC.R_AND_R/DSP48_E1.DSP48E1_ADD.DSP48E1_ADD/DSP output U_adder_top/U_flicker/render/render_lane_0u_U0/grp_evaluate_group_0u_s_fu_446/flicker_render_piudo_U150/flicker_render_pipeline_ap_hmul_4_max_dsp_16_u/U0/i_synth/MULT.OP/R_AND_R/LOGIC.R_AND_R/DSP48_E1.DSP48E1_ADD.DSP48E1_ADD/DSP/P[47:0] is not pipelined (PREG=0). Pipelining the DSP48 output will improve performance and often saves power so it is suggested whenever possible to fully pipeline this function.  If this DSP48 function was inferred, it is suggested to describe an additional register stage after this function.  If the DSP48 was instantiated in the design, it is suggested to set the PREG attribute to 1.
Related violations: <none>

DPOP-1#52 Warning
PREG Output pipelining  
DSP U_adder_top/U_flicker/render/render_lane_0u_U0/grp_evaluate_group_0u_s_fu_446/flicker_render_piudo_U151/flicker_render_pipeline_ap_hmul_4_max_dsp_16_u/U0/i_synth/MULT.OP/MULT/MULT_GEN_VARIANT.FIX_MULT/MULT/gDSP.gDSP_only.iDSP/use_prim.appDSP48[0].bppDSP48[0].use_dsp.use_dsp48e1.iDSP48E1 output U_adder_top/U_flicker/render/render_lane_0u_U0/grp_evaluate_group_0u_s_fu_446/flicker_render_piudo_U151/flicker_render_pipeline_ap_hmul_4_max_dsp_16_u/U0/i_synth/MULT.OP/MULT/MULT_GEN_VARIANT.FIX_MULT/MULT/gDSP.gDSP_only.iDSP/use_prim.appDSP48[0].bppDSP48[0].use_dsp.use_dsp48e1.iDSP48E1/PATTERNDETECT is not pipelined (PREG=0). Pipelining the DSP48 output will improve performance and often saves power so it is suggested whenever possible to fully pipeline this function.  If this DSP48 function was inferred, it is suggested to describe an additional register stage after this function.  If the DSP48 was instantiated in the design, it is suggested to set the PREG attribute to 1.
Related violations: <none>

DPOP-1#53 Warning
PREG Output pipelining  
DSP U_adder_top/U_flicker/render/render_lane_0u_U0/grp_evaluate_group_0u_s_fu_446/flicker_render_piudo_U151/flicker_render_pipeline_ap_hmul_4_max_dsp_16_u/U0/i_synth/MULT.OP/MULT/MULT_GEN_VARIANT.FIX_MULT/MULT/gDSP.gDSP_only.iDSP/use_prim.appDSP48[0].bppDSP48[0].use_dsp.use_dsp48e1.iDSP48E1 output U_adder_top/U_flicker/render/render_lane_0u_U0/grp_evaluate_group_0u_s_fu_446/flicker_render_piudo_U151/flicker_render_pipeline_ap_hmul_4_max_dsp_16_u/U0/i_synth/MULT.OP/MULT/MULT_GEN_VARIANT.FIX_MULT/MULT/gDSP.gDSP_only.iDSP/use_prim.appDSP48[0].bppDSP48[0].use_dsp.use_dsp48e1.iDSP48E1/P[47:0] is not pipelined (PREG=0). Pipelining the DSP48 output will improve performance and often saves power so it is suggested whenever possible to fully pipeline this function.  If this DSP48 function was inferred, it is suggested to describe an additional register stage after this function.  If the DSP48 was instantiated in the design, it is suggested to set the PREG attribute to 1.
Related violations: <none>

DPOP-1#54 Warning
PREG Output pipelining  
DSP U_adder_top/U_flicker/render/render_lane_0u_U0/grp_evaluate_group_0u_s_fu_446/flicker_render_piudo_U151/flicker_render_pipeline_ap_hmul_4_max_dsp_16_u/U0/i_synth/MULT.OP/R_AND_R/LOGIC.R_AND_R/DSP48_E1.DSP48E1_ADD.DSP48E1_ADD/DSP output U_adder_top/U_flicker/render/render_lane_0u_U0/grp_evaluate_group_0u_s_fu_446/flicker_render_piudo_U151/flicker_render_pipeline_ap_hmul_4_max_dsp_16_u/U0/i_synth/MULT.OP/R_AND_R/LOGIC.R_AND_R/DSP48_E1.DSP48E1_ADD.DSP48E1_ADD/DSP/P[47:0] is not pipelined (PREG=0). Pipelining the DSP48 output will improve performance and often saves power so it is suggested whenever possible to fully pipeline this function.  If this DSP48 function was inferred, it is suggested to describe an additional register stage after this function.  If the DSP48 was instantiated in the design, it is suggested to set the PREG attribute to 1.
Related violations: <none>

DPOP-1#55 Warning
PREG Output pipelining  
DSP U_adder_top/U_flicker/render/render_lane_0u_U0/grp_evaluate_group_0u_s_fu_446/flicker_render_piudo_U152/flicker_render_pipeline_ap_hmul_4_max_dsp_16_u/U0/i_synth/MULT.OP/MULT/MULT_GEN_VARIANT.FIX_MULT/MULT/gDSP.gDSP_only.iDSP/use_prim.appDSP48[0].bppDSP48[0].use_dsp.use_dsp48e1.iDSP48E1 output U_adder_top/U_flicker/render/render_lane_0u_U0/grp_evaluate_group_0u_s_fu_446/flicker_render_piudo_U152/flicker_render_pipeline_ap_hmul_4_max_dsp_16_u/U0/i_synth/MULT.OP/MULT/MULT_GEN_VARIANT.FIX_MULT/MULT/gDSP.gDSP_only.iDSP/use_prim.appDSP48[0].bppDSP48[0].use_dsp.use_dsp48e1.iDSP48E1/PATTERNDETECT is not pipelined (PREG=0). Pipelining the DSP48 output will improve performance and often saves power so it is suggested whenever possible to fully pipeline this function.  If this DSP48 function was inferred, it is suggested to describe an additional register stage after this function.  If the DSP48 was instantiated in the design, it is suggested to set the PREG attribute to 1.
Related violations: <none>

DPOP-1#56 Warning
PREG Output pipelining  
DSP U_adder_top/U_flicker/render/render_lane_0u_U0/grp_evaluate_group_0u_s_fu_446/flicker_render_piudo_U152/flicker_render_pipeline_ap_hmul_4_max_dsp_16_u/U0/i_synth/MULT.OP/MULT/MULT_GEN_VARIANT.FIX_MULT/MULT/gDSP.gDSP_only.iDSP/use_prim.appDSP48[0].bppDSP48[0].use_dsp.use_dsp48e1.iDSP48E1 output U_adder_top/U_flicker/render/render_lane_0u_U0/grp_evaluate_group_0u_s_fu_446/flicker_render_piudo_U152/flicker_render_pipeline_ap_hmul_4_max_dsp_16_u/U0/i_synth/MULT.OP/MULT/MULT_GEN_VARIANT.FIX_MULT/MULT/gDSP.gDSP_only.iDSP/use_prim.appDSP48[0].bppDSP48[0].use_dsp.use_dsp48e1.iDSP48E1/P[47:0] is not pipelined (PREG=0). Pipelining the DSP48 output will improve performance and often saves power so it is suggested whenever possible to fully pipeline this function.  If this DSP48 function was inferred, it is suggested to describe an additional register stage after this function.  If the DSP48 was instantiated in the design, it is suggested to set the PREG attribute to 1.
Related violations: <none>

DPOP-1#57 Warning
PREG Output pipelining  
DSP U_adder_top/U_flicker/render/render_lane_0u_U0/grp_evaluate_group_0u_s_fu_446/flicker_render_piudo_U152/flicker_render_pipeline_ap_hmul_4_max_dsp_16_u/U0/i_synth/MULT.OP/R_AND_R/LOGIC.R_AND_R/DSP48_E1.DSP48E1_ADD.DSP48E1_ADD/DSP output U_adder_top/U_flicker/render/render_lane_0u_U0/grp_evaluate_group_0u_s_fu_446/flicker_render_piudo_U152/flicker_render_pipeline_ap_hmul_4_max_dsp_16_u/U0/i_synth/MULT.OP/R_AND_R/LOGIC.R_AND_R/DSP48_E1.DSP48E1_ADD.DSP48E1_ADD/DSP/P[47:0] is not pipelined (PREG=0). Pipelining the DSP48 output will improve performance and often saves power so it is suggested whenever possible to fully pipeline this function.  If this DSP48 function was inferred, it is suggested to describe an additional register stage after this function.  If the DSP48 was instantiated in the design, it is suggested to set the PREG attribute to 1.
Related violations: <none>

DPOP-1#58 Warning
PREG Output pipelining  
DSP U_adder_top/U_flicker/render/render_lane_0u_U0/grp_evaluate_group_0u_s_fu_446/flicker_render_piudo_U153/flicker_render_pipeline_ap_hmul_4_max_dsp_16_u/U0/i_synth/MULT.OP/MULT/MULT_GEN_VARIANT.FIX_MULT/MULT/gDSP.gDSP_only.iDSP/use_prim.appDSP48[0].bppDSP48[0].use_dsp.use_dsp48e1.iDSP48E1 output U_adder_top/U_flicker/render/render_lane_0u_U0/grp_evaluate_group_0u_s_fu_446/flicker_render_piudo_U153/flicker_render_pipeline_ap_hmul_4_max_dsp_16_u/U0/i_synth/MULT.OP/MULT/MULT_GEN_VARIANT.FIX_MULT/MULT/gDSP.gDSP_only.iDSP/use_prim.appDSP48[0].bppDSP48[0].use_dsp.use_dsp48e1.iDSP48E1/PATTERNDETECT is not pipelined (PREG=0). Pipelining the DSP48 output will improve performance and often saves power so it is suggested whenever possible to fully pipeline this function.  If this DSP48 function was inferred, it is suggested to describe an additional register stage after this function.  If the DSP48 was instantiated in the design, it is suggested to set the PREG attribute to 1.
Related violations: <none>

DPOP-1#59 Warning
PREG Output pipelining  
DSP U_adder_top/U_flicker/render/render_lane_0u_U0/grp_evaluate_group_0u_s_fu_446/flicker_render_piudo_U153/flicker_render_pipeline_ap_hmul_4_max_dsp_16_u/U0/i_synth/MULT.OP/MULT/MULT_GEN_VARIANT.FIX_MULT/MULT/gDSP.gDSP_only.iDSP/use_prim.appDSP48[0].bppDSP48[0].use_dsp.use_dsp48e1.iDSP48E1 output U_adder_top/U_flicker/render/render_lane_0u_U0/grp_evaluate_group_0u_s_fu_446/flicker_render_piudo_U153/flicker_render_pipeline_ap_hmul_4_max_dsp_16_u/U0/i_synth/MULT.OP/MULT/MULT_GEN_VARIANT.FIX_MULT/MULT/gDSP.gDSP_only.iDSP/use_prim.appDSP48[0].bppDSP48[0].use_dsp.use_dsp48e1.iDSP48E1/P[47:0] is not pipelined (PREG=0). Pipelining the DSP48 output will improve performance and often saves power so it is suggested whenever possible to fully pipeline this function.  If this DSP48 function was inferred, it is suggested to describe an additional register stage after this function.  If the DSP48 was instantiated in the design, it is suggested to set the PREG attribute to 1.
Related violations: <none>

DPOP-1#60 Warning
PREG Output pipelining  
DSP U_adder_top/U_flicker/render/render_lane_0u_U0/grp_evaluate_group_0u_s_fu_446/flicker_render_piudo_U153/flicker_render_pipeline_ap_hmul_4_max_dsp_16_u/U0/i_synth/MULT.OP/R_AND_R/LOGIC.R_AND_R/DSP48_E1.DSP48E1_ADD.DSP48E1_ADD/DSP output U_adder_top/U_flicker/render/render_lane_0u_U0/grp_evaluate_group_0u_s_fu_446/flicker_render_piudo_U153/flicker_render_pipeline_ap_hmul_4_max_dsp_16_u/U0/i_synth/MULT.OP/R_AND_R/LOGIC.R_AND_R/DSP48_E1.DSP48E1_ADD.DSP48E1_ADD/DSP/P[47:0] is not pipelined (PREG=0). Pipelining the DSP48 output will improve performance and often saves power so it is suggested whenever possible to fully pipeline this function.  If this DSP48 function was inferred, it is suggested to describe an additional register stage after this function.  If the DSP48 was instantiated in the design, it is suggested to set the PREG attribute to 1.
Related violations: <none>

DPOP-1#61 Warning
PREG Output pipelining  
DSP U_adder_top/U_flicker/render/render_lane_0u_U0/grp_evaluate_group_0u_s_fu_446/flicker_render_piudo_U154/flicker_render_pipeline_ap_hmul_4_max_dsp_16_u/U0/i_synth/MULT.OP/MULT/MULT_GEN_VARIANT.FIX_MULT/MULT/gDSP.gDSP_only.iDSP/use_prim.appDSP48[0].bppDSP48[0].use_dsp.use_dsp48e1.iDSP48E1 output U_adder_top/U_flicker/render/render_lane_0u_U0/grp_evaluate_group_0u_s_fu_446/flicker_render_piudo_U154/flicker_render_pipeline_ap_hmul_4_max_dsp_16_u/U0/i_synth/MULT.OP/MULT/MULT_GEN_VARIANT.FIX_MULT/MULT/gDSP.gDSP_only.iDSP/use_prim.appDSP48[0].bppDSP48[0].use_dsp.use_dsp48e1.iDSP48E1/PATTERNDETECT is not pipelined (PREG=0). Pipelining the DSP48 output will improve performance and often saves power so it is suggested whenever possible to fully pipeline this function.  If this DSP48 function was inferred, it is suggested to describe an additional register stage after this function.  If the DSP48 was instantiated in the design, it is suggested to set the PREG attribute to 1.
Related violations: <none>

DPOP-1#62 Warning
PREG Output pipelining  
DSP U_adder_top/U_flicker/render/render_lane_0u_U0/grp_evaluate_group_0u_s_fu_446/flicker_render_piudo_U154/flicker_render_pipeline_ap_hmul_4_max_dsp_16_u/U0/i_synth/MULT.OP/MULT/MULT_GEN_VARIANT.FIX_MULT/MULT/gDSP.gDSP_only.iDSP/use_prim.appDSP48[0].bppDSP48[0].use_dsp.use_dsp48e1.iDSP48E1 output U_adder_top/U_flicker/render/render_lane_0u_U0/grp_evaluate_group_0u_s_fu_446/flicker_render_piudo_U154/flicker_render_pipeline_ap_hmul_4_max_dsp_16_u/U0/i_synth/MULT.OP/MULT/MULT_GEN_VARIANT.FIX_MULT/MULT/gDSP.gDSP_only.iDSP/use_prim.appDSP48[0].bppDSP48[0].use_dsp.use_dsp48e1.iDSP48E1/P[47:0] is not pipelined (PREG=0). Pipelining the DSP48 output will improve performance and often saves power so it is suggested whenever possible to fully pipeline this function.  If this DSP48 function was inferred, it is suggested to describe an additional register stage after this function.  If the DSP48 was instantiated in the design, it is suggested to set the PREG attribute to 1.
Related violations: <none>

DPOP-1#63 Warning
PREG Output pipelining  
DSP U_adder_top/U_flicker/render/render_lane_0u_U0/grp_evaluate_group_0u_s_fu_446/flicker_render_piudo_U154/flicker_render_pipeline_ap_hmul_4_max_dsp_16_u/U0/i_synth/MULT.OP/R_AND_R/LOGIC.R_AND_R/DSP48_E1.DSP48E1_ADD.DSP48E1_ADD/DSP output U_adder_top/U_flicker/render/render_lane_0u_U0/grp_evaluate_group_0u_s_fu_446/flicker_render_piudo_U154/flicker_render_pipeline_ap_hmul_4_max_dsp_16_u/U0/i_synth/MULT.OP/R_AND_R/LOGIC.R_AND_R/DSP48_E1.DSP48E1_ADD.DSP48E1_ADD/DSP/P[47:0] is not pipelined (PREG=0). Pipelining the DSP48 output will improve performance and often saves power so it is suggested whenever possible to fully pipeline this function.  If this DSP48 function was inferred, it is suggested to describe an additional register stage after this function.  If the DSP48 was instantiated in the design, it is suggested to set the PREG attribute to 1.
Related violations: <none>

DPOP-1#64 Warning
PREG Output pipelining  
DSP U_adder_top/U_flicker/render/render_lane_0u_U0/grp_evaluate_group_0u_s_fu_446/flicker_render_piudo_U155/flicker_render_pipeline_ap_hmul_4_max_dsp_16_u/U0/i_synth/MULT.OP/MULT/MULT_GEN_VARIANT.FIX_MULT/MULT/gDSP.gDSP_only.iDSP/use_prim.appDSP48[0].bppDSP48[0].use_dsp.use_dsp48e1.iDSP48E1 output U_adder_top/U_flicker/render/render_lane_0u_U0/grp_evaluate_group_0u_s_fu_446/flicker_render_piudo_U155/flicker_render_pipeline_ap_hmul_4_max_dsp_16_u/U0/i_synth/MULT.OP/MULT/MULT_GEN_VARIANT.FIX_MULT/MULT/gDSP.gDSP_only.iDSP/use_prim.appDSP48[0].bppDSP48[0].use_dsp.use_dsp48e1.iDSP48E1/PATTERNDETECT is not pipelined (PREG=0). Pipelining the DSP48 output will improve performance and often saves power so it is suggested whenever possible to fully pipeline this function.  If this DSP48 function was inferred, it is suggested to describe an additional register stage after this function.  If the DSP48 was instantiated in the design, it is suggested to set the PREG attribute to 1.
Related violations: <none>

DPOP-1#65 Warning
PREG Output pipelining  
DSP U_adder_top/U_flicker/render/render_lane_0u_U0/grp_evaluate_group_0u_s_fu_446/flicker_render_piudo_U155/flicker_render_pipeline_ap_hmul_4_max_dsp_16_u/U0/i_synth/MULT.OP/MULT/MULT_GEN_VARIANT.FIX_MULT/MULT/gDSP.gDSP_only.iDSP/use_prim.appDSP48[0].bppDSP48[0].use_dsp.use_dsp48e1.iDSP48E1 output U_adder_top/U_flicker/render/render_lane_0u_U0/grp_evaluate_group_0u_s_fu_446/flicker_render_piudo_U155/flicker_render_pipeline_ap_hmul_4_max_dsp_16_u/U0/i_synth/MULT.OP/MULT/MULT_GEN_VARIANT.FIX_MULT/MULT/gDSP.gDSP_only.iDSP/use_prim.appDSP48[0].bppDSP48[0].use_dsp.use_dsp48e1.iDSP48E1/P[47:0] is not pipelined (PREG=0). Pipelining the DSP48 output will improve performance and often saves power so it is suggested whenever possible to fully pipeline this function.  If this DSP48 function was inferred, it is suggested to describe an additional register stage after this function.  If the DSP48 was instantiated in the design, it is suggested to set the PREG attribute to 1.
Related violations: <none>

DPOP-1#66 Warning
PREG Output pipelining  
DSP U_adder_top/U_flicker/render/render_lane_0u_U0/grp_evaluate_group_0u_s_fu_446/flicker_render_piudo_U155/flicker_render_pipeline_ap_hmul_4_max_dsp_16_u/U0/i_synth/MULT.OP/R_AND_R/LOGIC.R_AND_R/DSP48_E1.DSP48E1_ADD.DSP48E1_ADD/DSP output U_adder_top/U_flicker/render/render_lane_0u_U0/grp_evaluate_group_0u_s_fu_446/flicker_render_piudo_U155/flicker_render_pipeline_ap_hmul_4_max_dsp_16_u/U0/i_synth/MULT.OP/R_AND_R/LOGIC.R_AND_R/DSP48_E1.DSP48E1_ADD.DSP48E1_ADD/DSP/P[47:0] is not pipelined (PREG=0). Pipelining the DSP48 output will improve performance and often saves power so it is suggested whenever possible to fully pipeline this function.  If this DSP48 function was inferred, it is suggested to describe an additional register stage after this function.  If the DSP48 was instantiated in the design, it is suggested to set the PREG attribute to 1.
Related violations: <none>

DPOP-1#67 Warning
PREG Output pipelining  
DSP U_adder_top/U_flicker/render/render_lane_0u_U0/grp_evaluate_group_0u_s_fu_446/flicker_render_piudo_U156/flicker_render_pipeline_ap_hmul_4_max_dsp_16_u/U0/i_synth/MULT.OP/MULT/MULT_GEN_VARIANT.FIX_MULT/MULT/gDSP.gDSP_only.iDSP/use_prim.appDSP48[0].bppDSP48[0].use_dsp.use_dsp48e1.iDSP48E1 output U_adder_top/U_flicker/render/render_lane_0u_U0/grp_evaluate_group_0u_s_fu_446/flicker_render_piudo_U156/flicker_render_pipeline_ap_hmul_4_max_dsp_16_u/U0/i_synth/MULT.OP/MULT/MULT_GEN_VARIANT.FIX_MULT/MULT/gDSP.gDSP_only.iDSP/use_prim.appDSP48[0].bppDSP48[0].use_dsp.use_dsp48e1.iDSP48E1/PATTERNDETECT is not pipelined (PREG=0). Pipelining the DSP48 output will improve performance and often saves power so it is suggested whenever possible to fully pipeline this function.  If this DSP48 function was inferred, it is suggested to describe an additional register stage after this function.  If the DSP48 was instantiated in the design, it is suggested to set the PREG attribute to 1.
Related violations: <none>

DPOP-1#68 Warning
PREG Output pipelining  
DSP U_adder_top/U_flicker/render/render_lane_0u_U0/grp_evaluate_group_0u_s_fu_446/flicker_render_piudo_U156/flicker_render_pipeline_ap_hmul_4_max_dsp_16_u/U0/i_synth/MULT.OP/MULT/MULT_GEN_VARIANT.FIX_MULT/MULT/gDSP.gDSP_only.iDSP/use_prim.appDSP48[0].bppDSP48[0].use_dsp.use_dsp48e1.iDSP48E1 output U_adder_top/U_flicker/render/render_lane_0u_U0/grp_evaluate_group_0u_s_fu_446/flicker_render_piudo_U156/flicker_render_pipeline_ap_hmul_4_max_dsp_16_u/U0/i_synth/MULT.OP/MULT/MULT_GEN_VARIANT.FIX_MULT/MULT/gDSP.gDSP_only.iDSP/use_prim.appDSP48[0].bppDSP48[0].use_dsp.use_dsp48e1.iDSP48E1/P[47:0] is not pipelined (PREG=0). Pipelining the DSP48 output will improve performance and often saves power so it is suggested whenever possible to fully pipeline this function.  If this DSP48 function was inferred, it is suggested to describe an additional register stage after this function.  If the DSP48 was instantiated in the design, it is suggested to set the PREG attribute to 1.
Related violations: <none>

DPOP-1#69 Warning
PREG Output pipelining  
DSP U_adder_top/U_flicker/render/render_lane_0u_U0/grp_evaluate_group_0u_s_fu_446/flicker_render_piudo_U156/flicker_render_pipeline_ap_hmul_4_max_dsp_16_u/U0/i_synth/MULT.OP/R_AND_R/LOGIC.R_AND_R/DSP48_E1.DSP48E1_ADD.DSP48E1_ADD/DSP output U_adder_top/U_flicker/render/render_lane_0u_U0/grp_evaluate_group_0u_s_fu_446/flicker_render_piudo_U156/flicker_render_pipeline_ap_hmul_4_max_dsp_16_u/U0/i_synth/MULT.OP/R_AND_R/LOGIC.R_AND_R/DSP48_E1.DSP48E1_ADD.DSP48E1_ADD/DSP/P[47:0] is not pipelined (PREG=0). Pipelining the DSP48 output will improve performance and often saves power so it is suggested whenever possible to fully pipeline this function.  If this DSP48 function was inferred, it is suggested to describe an additional register stage after this function.  If the DSP48 was instantiated in the design, it is suggested to set the PREG attribute to 1.
Related violations: <none>

DPOP-1#70 Warning
PREG Output pipelining  
DSP U_adder_top/U_flicker/render/render_lane_0u_U0/grp_evaluate_group_0u_s_fu_446/flicker_render_piudo_U157/flicker_render_pipeline_ap_hmul_4_max_dsp_16_u/U0/i_synth/MULT.OP/MULT/MULT_GEN_VARIANT.FIX_MULT/MULT/gDSP.gDSP_only.iDSP/use_prim.appDSP48[0].bppDSP48[0].use_dsp.use_dsp48e1.iDSP48E1 output U_adder_top/U_flicker/render/render_lane_0u_U0/grp_evaluate_group_0u_s_fu_446/flicker_render_piudo_U157/flicker_render_pipeline_ap_hmul_4_max_dsp_16_u/U0/i_synth/MULT.OP/MULT/MULT_GEN_VARIANT.FIX_MULT/MULT/gDSP.gDSP_only.iDSP/use_prim.appDSP48[0].bppDSP48[0].use_dsp.use_dsp48e1.iDSP48E1/PATTERNDETECT is not pipelined (PREG=0). Pipelining the DSP48 output will improve performance and often saves power so it is suggested whenever possible to fully pipeline this function.  If this DSP48 function was inferred, it is suggested to describe an additional register stage after this function.  If the DSP48 was instantiated in the design, it is suggested to set the PREG attribute to 1.
Related violations: <none>

DPOP-1#71 Warning
PREG Output pipelining  
DSP U_adder_top/U_flicker/render/render_lane_0u_U0/grp_evaluate_group_0u_s_fu_446/flicker_render_piudo_U157/flicker_render_pipeline_ap_hmul_4_max_dsp_16_u/U0/i_synth/MULT.OP/MULT/MULT_GEN_VARIANT.FIX_MULT/MULT/gDSP.gDSP_only.iDSP/use_prim.appDSP48[0].bppDSP48[0].use_dsp.use_dsp48e1.iDSP48E1 output U_adder_top/U_flicker/render/render_lane_0u_U0/grp_evaluate_group_0u_s_fu_446/flicker_render_piudo_U157/flicker_render_pipeline_ap_hmul_4_max_dsp_16_u/U0/i_synth/MULT.OP/MULT/MULT_GEN_VARIANT.FIX_MULT/MULT/gDSP.gDSP_only.iDSP/use_prim.appDSP48[0].bppDSP48[0].use_dsp.use_dsp48e1.iDSP48E1/P[47:0] is not pipelined (PREG=0). Pipelining the DSP48 output will improve performance and often saves power so it is suggested whenever possible to fully pipeline this function.  If this DSP48 function was inferred, it is suggested to describe an additional register stage after this function.  If the DSP48 was instantiated in the design, it is suggested to set the PREG attribute to 1.
Related violations: <none>

DPOP-1#72 Warning
PREG Output pipelining  
DSP U_adder_top/U_flicker/render/render_lane_0u_U0/grp_evaluate_group_0u_s_fu_446/flicker_render_piudo_U157/flicker_render_pipeline_ap_hmul_4_max_dsp_16_u/U0/i_synth/MULT.OP/R_AND_R/LOGIC.R_AND_R/DSP48_E1.DSP48E1_ADD.DSP48E1_ADD/DSP output U_adder_top/U_flicker/render/render_lane_0u_U0/grp_evaluate_group_0u_s_fu_446/flicker_render_piudo_U157/flicker_render_pipeline_ap_hmul_4_max_dsp_16_u/U0/i_synth/MULT.OP/R_AND_R/LOGIC.R_AND_R/DSP48_E1.DSP48E1_ADD.DSP48E1_ADD/DSP/P[47:0] is not pipelined (PREG=0). Pipelining the DSP48 output will improve performance and often saves power so it is suggested whenever possible to fully pipeline this function.  If this DSP48 function was inferred, it is suggested to describe an additional register stage after this function.  If the DSP48 was instantiated in the design, it is suggested to set the PREG attribute to 1.
Related violations: <none>

DPOP-1#73 Warning
PREG Output pipelining  
DSP U_adder_top/U_flicker/render/render_lane_0u_U0/grp_evaluate_group_0u_s_fu_446/flicker_render_piudo_U158/flicker_render_pipeline_ap_hmul_4_max_dsp_16_u/U0/i_synth/MULT.OP/MULT/MULT_GEN_VARIANT.FIX_MULT/MULT/gDSP.gDSP_only.iDSP/use_prim.appDSP48[0].bppDSP48[0].use_dsp.use_dsp48e1.iDSP48E1 output U_adder_top/U_flicker/render/render_lane_0u_U0/grp_evaluate_group_0u_s_fu_446/flicker_render_piudo_U158/flicker_render_pipeline_ap_hmul_4_max_dsp_16_u/U0/i_synth/MULT.OP/MULT/MULT_GEN_VARIANT.FIX_MULT/MULT/gDSP.gDSP_only.iDSP/use_prim.appDSP48[0].bppDSP48[0].use_dsp.use_dsp48e1.iDSP48E1/PATTERNDETECT is not pipelined (PREG=0). Pipelining the DSP48 output will improve performance and often saves power so it is suggested whenever possible to fully pipeline this function.  If this DSP48 function was inferred, it is suggested to describe an additional register stage after this function.  If the DSP48 was instantiated in the design, it is suggested to set the PREG attribute to 1.
Related violations: <none>

DPOP-1#74 Warning
PREG Output pipelining  
DSP U_adder_top/U_flicker/render/render_lane_0u_U0/grp_evaluate_group_0u_s_fu_446/flicker_render_piudo_U158/flicker_render_pipeline_ap_hmul_4_max_dsp_16_u/U0/i_synth/MULT.OP/MULT/MULT_GEN_VARIANT.FIX_MULT/MULT/gDSP.gDSP_only.iDSP/use_prim.appDSP48[0].bppDSP48[0].use_dsp.use_dsp48e1.iDSP48E1 output U_adder_top/U_flicker/render/render_lane_0u_U0/grp_evaluate_group_0u_s_fu_446/flicker_render_piudo_U158/flicker_render_pipeline_ap_hmul_4_max_dsp_16_u/U0/i_synth/MULT.OP/MULT/MULT_GEN_VARIANT.FIX_MULT/MULT/gDSP.gDSP_only.iDSP/use_prim.appDSP48[0].bppDSP48[0].use_dsp.use_dsp48e1.iDSP48E1/P[47:0] is not pipelined (PREG=0). Pipelining the DSP48 output will improve performance and often saves power so it is suggested whenever possible to fully pipeline this function.  If this DSP48 function was inferred, it is suggested to describe an additional register stage after this function.  If the DSP48 was instantiated in the design, it is suggested to set the PREG attribute to 1.
Related violations: <none>

DPOP-1#75 Warning
PREG Output pipelining  
DSP U_adder_top/U_flicker/render/render_lane_0u_U0/grp_evaluate_group_0u_s_fu_446/flicker_render_piudo_U158/flicker_render_pipeline_ap_hmul_4_max_dsp_16_u/U0/i_synth/MULT.OP/R_AND_R/LOGIC.R_AND_R/DSP48_E1.DSP48E1_ADD.DSP48E1_ADD/DSP output U_adder_top/U_flicker/render/render_lane_0u_U0/grp_evaluate_group_0u_s_fu_446/flicker_render_piudo_U158/flicker_render_pipeline_ap_hmul_4_max_dsp_16_u/U0/i_synth/MULT.OP/R_AND_R/LOGIC.R_AND_R/DSP48_E1.DSP48E1_ADD.DSP48E1_ADD/DSP/P[47:0] is not pipelined (PREG=0). Pipelining the DSP48 output will improve performance and often saves power so it is suggested whenever possible to fully pipeline this function.  If this DSP48 function was inferred, it is suggested to describe an additional register stage after this function.  If the DSP48 was instantiated in the design, it is suggested to set the PREG attribute to 1.
Related violations: <none>

DPOP-1#76 Warning
PREG Output pipelining  
DSP U_adder_top/U_flicker/render/render_lane_0u_U0/grp_evaluate_group_0u_s_fu_446/flicker_render_pixdS_U138/flicker_render_pipeline_ap_hadd_8_full_dsp_16_u/U0/i_synth/ADDSUB_OP.ADDSUB/SPEED_OP.DSP.OP/DSP48E1_BODY_HP.NORM_RND/FULL_USAGE_DSP.SHIFT_RND/DSP output U_adder_top/U_flicker/render/render_lane_0u_U0/grp_evaluate_group_0u_s_fu_446/flicker_render_pixdS_U138/flicker_render_pipeline_ap_hadd_8_full_dsp_16_u/U0/i_synth/ADDSUB_OP.ADDSUB/SPEED_OP.DSP.OP/DSP48E1_BODY_HP.NORM_RND/FULL_USAGE_DSP.SHIFT_RND/DSP/P[47:0] is not pipelined (PREG=0). Pipelining the DSP48 output will improve performance and often saves power so it is suggested whenever possible to fully pipeline this function.  If this DSP48 function was inferred, it is suggested to describe an additional register stage after this function.  If the DSP48 was instantiated in the design, it is suggested to set the PREG attribute to 1.
Related violations: <none>

DPOP-1#77 Warning
PREG Output pipelining  
DSP U_adder_top/U_flicker/render/render_lane_0u_U0/grp_evaluate_group_0u_s_fu_446/flicker_render_pixdS_U139/flicker_render_pipeline_ap_hadd_8_full_dsp_16_u/U0/i_synth/ADDSUB_OP.ADDSUB/SPEED_OP.DSP.OP/DSP48E1_BODY_HP.NORM_RND/FULL_USAGE_DSP.SHIFT_RND/DSP output U_adder_top/U_flicker/render/render_lane_0u_U0/grp_evaluate_group_0u_s_fu_446/flicker_render_pixdS_U139/flicker_render_pipeline_ap_hadd_8_full_dsp_16_u/U0/i_synth/ADDSUB_OP.ADDSUB/SPEED_OP.DSP.OP/DSP48E1_BODY_HP.NORM_RND/FULL_USAGE_DSP.SHIFT_RND/DSP/P[47:0] is not pipelined (PREG=0). Pipelining the DSP48 output will improve performance and often saves power so it is suggested whenever possible to fully pipeline this function.  If this DSP48 function was inferred, it is suggested to describe an additional register stage after this function.  If the DSP48 was instantiated in the design, it is suggested to set the PREG attribute to 1.
Related violations: <none>

DPOP-1#78 Warning
PREG Output pipelining  
DSP U_adder_top/U_flicker/render/render_lane_0u_U0/grp_evaluate_group_0u_s_fu_446/flicker_render_pixdS_U140/flicker_render_pipeline_ap_hadd_8_full_dsp_16_u/U0/i_synth/ADDSUB_OP.ADDSUB/SPEED_OP.DSP.OP/DSP48E1_BODY_HP.NORM_RND/FULL_USAGE_DSP.SHIFT_RND/DSP output U_adder_top/U_flicker/render/render_lane_0u_U0/grp_evaluate_group_0u_s_fu_446/flicker_render_pixdS_U140/flicker_render_pipeline_ap_hadd_8_full_dsp_16_u/U0/i_synth/ADDSUB_OP.ADDSUB/SPEED_OP.DSP.OP/DSP48E1_BODY_HP.NORM_RND/FULL_USAGE_DSP.SHIFT_RND/DSP/P[47:0] is not pipelined (PREG=0). Pipelining the DSP48 output will improve performance and often saves power so it is suggested whenever possible to fully pipeline this function.  If this DSP48 function was inferred, it is suggested to describe an additional register stage after this function.  If the DSP48 was instantiated in the design, it is suggested to set the PREG attribute to 1.
Related violations: <none>

DPOP-1#79 Warning
PREG Output pipelining  
DSP U_adder_top/U_flicker/render/render_lane_0u_U0/grp_evaluate_group_0u_s_fu_446/flicker_render_pixdS_U141/flicker_render_pipeline_ap_hadd_8_full_dsp_16_u/U0/i_synth/ADDSUB_OP.ADDSUB/SPEED_OP.DSP.OP/DSP48E1_BODY_HP.NORM_RND/FULL_USAGE_DSP.SHIFT_RND/DSP output U_adder_top/U_flicker/render/render_lane_0u_U0/grp_evaluate_group_0u_s_fu_446/flicker_render_pixdS_U141/flicker_render_pipeline_ap_hadd_8_full_dsp_16_u/U0/i_synth/ADDSUB_OP.ADDSUB/SPEED_OP.DSP.OP/DSP48E1_BODY_HP.NORM_RND/FULL_USAGE_DSP.SHIFT_RND/DSP/P[47:0] is not pipelined (PREG=0). Pipelining the DSP48 output will improve performance and often saves power so it is suggested whenever possible to fully pipeline this function.  If this DSP48 function was inferred, it is suggested to describe an additional register stage after this function.  If the DSP48 was instantiated in the design, it is suggested to set the PREG attribute to 1.
Related violations: <none>

DPOP-1#80 Warning
PREG Output pipelining  
DSP U_adder_top/U_flicker/render/render_lane_0u_U0/grp_evaluate_group_0u_s_fu_446/flicker_render_piyd2_U142/flicker_render_pipeline_ap_hsub_8_full_dsp_16_u/U0/i_synth/ADDSUB_OP.ADDSUB/SPEED_OP.DSP.OP/DSP48E1_BODY_HP.NORM_RND/FULL_USAGE_DSP.SHIFT_RND/DSP output U_adder_top/U_flicker/render/render_lane_0u_U0/grp_evaluate_group_0u_s_fu_446/flicker_render_piyd2_U142/flicker_render_pipeline_ap_hsub_8_full_dsp_16_u/U0/i_synth/ADDSUB_OP.ADDSUB/SPEED_OP.DSP.OP/DSP48E1_BODY_HP.NORM_RND/FULL_USAGE_DSP.SHIFT_RND/DSP/P[47:0] is not pipelined (PREG=0). Pipelining the DSP48 output will improve performance and often saves power so it is suggested whenever possible to fully pipeline this function.  If this DSP48 function was inferred, it is suggested to describe an additional register stage after this function.  If the DSP48 was instantiated in the design, it is suggested to set the PREG attribute to 1.
Related violations: <none>

DPOP-1#81 Warning
PREG Output pipelining  
DSP U_adder_top/U_flicker/render/render_lane_0u_U0/grp_evaluate_group_0u_s_fu_446/flicker_render_piyd2_U143/flicker_render_pipeline_ap_hsub_8_full_dsp_16_u/U0/i_synth/ADDSUB_OP.ADDSUB/SPEED_OP.DSP.OP/DSP48E1_BODY_HP.NORM_RND/FULL_USAGE_DSP.SHIFT_RND/DSP output U_adder_top/U_flicker/render/render_lane_0u_U0/grp_evaluate_group_0u_s_fu_446/flicker_render_piyd2_U143/flicker_render_pipeline_ap_hsub_8_full_dsp_16_u/U0/i_synth/ADDSUB_OP.ADDSUB/SPEED_OP.DSP.OP/DSP48E1_BODY_HP.NORM_RND/FULL_USAGE_DSP.SHIFT_RND/DSP/P[47:0] is not pipelined (PREG=0). Pipelining the DSP48 output will improve performance and often saves power so it is suggested whenever possible to fully pipeline this function.  If this DSP48 function was inferred, it is suggested to describe an additional register stage after this function.  If the DSP48 was instantiated in the design, it is suggested to set the PREG attribute to 1.
Related violations: <none>

DPOP-1#82 Warning
PREG Output pipelining  
DSP U_adder_top/U_flicker/render/render_lane_0u_U0/grp_evaluate_group_0u_s_fu_446/flicker_render_piyd2_U144/flicker_render_pipeline_ap_hsub_8_full_dsp_16_u/U0/i_synth/ADDSUB_OP.ADDSUB/SPEED_OP.DSP.OP/DSP48E1_BODY_HP.NORM_RND/FULL_USAGE_DSP.SHIFT_RND/DSP output U_adder_top/U_flicker/render/render_lane_0u_U0/grp_evaluate_group_0u_s_fu_446/flicker_render_piyd2_U144/flicker_render_pipeline_ap_hsub_8_full_dsp_16_u/U0/i_synth/ADDSUB_OP.ADDSUB/SPEED_OP.DSP.OP/DSP48E1_BODY_HP.NORM_RND/FULL_USAGE_DSP.SHIFT_RND/DSP/P[47:0] is not pipelined (PREG=0). Pipelining the DSP48 output will improve performance and often saves power so it is suggested whenever possible to fully pipeline this function.  If this DSP48 function was inferred, it is suggested to describe an additional register stage after this function.  If the DSP48 was instantiated in the design, it is suggested to set the PREG attribute to 1.
Related violations: <none>

DPOP-1#83 Warning
PREG Output pipelining  
DSP U_adder_top/U_flicker/render/render_lane_0u_U0/grp_evaluate_group_0u_s_fu_446/flicker_render_piyd2_U145/flicker_render_pipeline_ap_hsub_8_full_dsp_16_u/U0/i_synth/ADDSUB_OP.ADDSUB/SPEED_OP.DSP.OP/DSP48E1_BODY_HP.NORM_RND/FULL_USAGE_DSP.SHIFT_RND/DSP output U_adder_top/U_flicker/render/render_lane_0u_U0/grp_evaluate_group_0u_s_fu_446/flicker_render_piyd2_U145/flicker_render_pipeline_ap_hsub_8_full_dsp_16_u/U0/i_synth/ADDSUB_OP.ADDSUB/SPEED_OP.DSP.OP/DSP48E1_BODY_HP.NORM_RND/FULL_USAGE_DSP.SHIFT_RND/DSP/P[47:0] is not pipelined (PREG=0). Pipelining the DSP48 output will improve performance and often saves power so it is suggested whenever possible to fully pipeline this function.  If this DSP48 function was inferred, it is suggested to describe an additional register stage after this function.  If the DSP48 was instantiated in the design, it is suggested to set the PREG attribute to 1.
Related violations: <none>

DPOP-1#84 Warning
PREG Output pipelining  
DSP U_adder_top/U_flicker/render/render_lane_1u_U0/flicker_render_piudo_U224/flicker_render_pipeline_ap_hmul_4_max_dsp_16_u/U0/i_synth/MULT.OP/MULT/MULT_GEN_VARIANT.FIX_MULT/MULT/gDSP.gDSP_only.iDSP/use_prim.appDSP48[0].bppDSP48[0].use_dsp.use_dsp48e1.iDSP48E1 output U_adder_top/U_flicker/render/render_lane_1u_U0/flicker_render_piudo_U224/flicker_render_pipeline_ap_hmul_4_max_dsp_16_u/U0/i_synth/MULT.OP/MULT/MULT_GEN_VARIANT.FIX_MULT/MULT/gDSP.gDSP_only.iDSP/use_prim.appDSP48[0].bppDSP48[0].use_dsp.use_dsp48e1.iDSP48E1/PATTERNDETECT is not pipelined (PREG=0). Pipelining the DSP48 output will improve performance and often saves power so it is suggested whenever possible to fully pipeline this function.  If this DSP48 function was inferred, it is suggested to describe an additional register stage after this function.  If the DSP48 was instantiated in the design, it is suggested to set the PREG attribute to 1.
Related violations: <none>

DPOP-1#85 Warning
PREG Output pipelining  
DSP U_adder_top/U_flicker/render/render_lane_1u_U0/flicker_render_piudo_U224/flicker_render_pipeline_ap_hmul_4_max_dsp_16_u/U0/i_synth/MULT.OP/MULT/MULT_GEN_VARIANT.FIX_MULT/MULT/gDSP.gDSP_only.iDSP/use_prim.appDSP48[0].bppDSP48[0].use_dsp.use_dsp48e1.iDSP48E1 output U_adder_top/U_flicker/render/render_lane_1u_U0/flicker_render_piudo_U224/flicker_render_pipeline_ap_hmul_4_max_dsp_16_u/U0/i_synth/MULT.OP/MULT/MULT_GEN_VARIANT.FIX_MULT/MULT/gDSP.gDSP_only.iDSP/use_prim.appDSP48[0].bppDSP48[0].use_dsp.use_dsp48e1.iDSP48E1/P[47:0] is not pipelined (PREG=0). Pipelining the DSP48 output will improve performance and often saves power so it is suggested whenever possible to fully pipeline this function.  If this DSP48 function was inferred, it is suggested to describe an additional register stage after this function.  If the DSP48 was instantiated in the design, it is suggested to set the PREG attribute to 1.
Related violations: <none>

DPOP-1#86 Warning
PREG Output pipelining  
DSP U_adder_top/U_flicker/render/render_lane_1u_U0/flicker_render_piudo_U224/flicker_render_pipeline_ap_hmul_4_max_dsp_16_u/U0/i_synth/MULT.OP/R_AND_R/LOGIC.R_AND_R/DSP48_E1.DSP48E1_ADD.DSP48E1_ADD/DSP output U_adder_top/U_flicker/render/render_lane_1u_U0/flicker_render_piudo_U224/flicker_render_pipeline_ap_hmul_4_max_dsp_16_u/U0/i_synth/MULT.OP/R_AND_R/LOGIC.R_AND_R/DSP48_E1.DSP48E1_ADD.DSP48E1_ADD/DSP/P[47:0] is not pipelined (PREG=0). Pipelining the DSP48 output will improve performance and often saves power so it is suggested whenever possible to fully pipeline this function.  If this DSP48 function was inferred, it is suggested to describe an additional register stage after this function.  If the DSP48 was instantiated in the design, it is suggested to set the PREG attribute to 1.
Related violations: <none>

DPOP-1#87 Warning
PREG Output pipelining  
DSP U_adder_top/U_flicker/render/render_lane_1u_U0/flicker_render_piudo_U225/flicker_render_pipeline_ap_hmul_4_max_dsp_16_u/U0/i_synth/MULT.OP/MULT/MULT_GEN_VARIANT.FIX_MULT/MULT/gDSP.gDSP_only.iDSP/use_prim.appDSP48[0].bppDSP48[0].use_dsp.use_dsp48e1.iDSP48E1 output U_adder_top/U_flicker/render/render_lane_1u_U0/flicker_render_piudo_U225/flicker_render_pipeline_ap_hmul_4_max_dsp_16_u/U0/i_synth/MULT.OP/MULT/MULT_GEN_VARIANT.FIX_MULT/MULT/gDSP.gDSP_only.iDSP/use_prim.appDSP48[0].bppDSP48[0].use_dsp.use_dsp48e1.iDSP48E1/PATTERNDETECT is not pipelined (PREG=0). Pipelining the DSP48 output will improve performance and often saves power so it is suggested whenever possible to fully pipeline this function.  If this DSP48 function was inferred, it is suggested to describe an additional register stage after this function.  If the DSP48 was instantiated in the design, it is suggested to set the PREG attribute to 1.
Related violations: <none>

DPOP-1#88 Warning
PREG Output pipelining  
DSP U_adder_top/U_flicker/render/render_lane_1u_U0/flicker_render_piudo_U225/flicker_render_pipeline_ap_hmul_4_max_dsp_16_u/U0/i_synth/MULT.OP/MULT/MULT_GEN_VARIANT.FIX_MULT/MULT/gDSP.gDSP_only.iDSP/use_prim.appDSP48[0].bppDSP48[0].use_dsp.use_dsp48e1.iDSP48E1 output U_adder_top/U_flicker/render/render_lane_1u_U0/flicker_render_piudo_U225/flicker_render_pipeline_ap_hmul_4_max_dsp_16_u/U0/i_synth/MULT.OP/MULT/MULT_GEN_VARIANT.FIX_MULT/MULT/gDSP.gDSP_only.iDSP/use_prim.appDSP48[0].bppDSP48[0].use_dsp.use_dsp48e1.iDSP48E1/P[47:0] is not pipelined (PREG=0). Pipelining the DSP48 output will improve performance and often saves power so it is suggested whenever possible to fully pipeline this function.  If this DSP48 function was inferred, it is suggested to describe an additional register stage after this function.  If the DSP48 was instantiated in the design, it is suggested to set the PREG attribute to 1.
Related violations: <none>

DPOP-1#89 Warning
PREG Output pipelining  
DSP U_adder_top/U_flicker/render/render_lane_1u_U0/flicker_render_piudo_U225/flicker_render_pipeline_ap_hmul_4_max_dsp_16_u/U0/i_synth/MULT.OP/R_AND_R/LOGIC.R_AND_R/DSP48_E1.DSP48E1_ADD.DSP48E1_ADD/DSP output U_adder_top/U_flicker/render/render_lane_1u_U0/flicker_render_piudo_U225/flicker_render_pipeline_ap_hmul_4_max_dsp_16_u/U0/i_synth/MULT.OP/R_AND_R/LOGIC.R_AND_R/DSP48_E1.DSP48E1_ADD.DSP48E1_ADD/DSP/P[47:0] is not pipelined (PREG=0). Pipelining the DSP48 output will improve performance and often saves power so it is suggested whenever possible to fully pipeline this function.  If this DSP48 function was inferred, it is suggested to describe an additional register stage after this function.  If the DSP48 was instantiated in the design, it is suggested to set the PREG attribute to 1.
Related violations: <none>

DPOP-1#90 Warning
PREG Output pipelining  
DSP U_adder_top/U_flicker/render/render_lane_1u_U0/flicker_render_piudo_U226/flicker_render_pipeline_ap_hmul_4_max_dsp_16_u/U0/i_synth/MULT.OP/MULT/MULT_GEN_VARIANT.FIX_MULT/MULT/gDSP.gDSP_only.iDSP/use_prim.appDSP48[0].bppDSP48[0].use_dsp.use_dsp48e1.iDSP48E1 output U_adder_top/U_flicker/render/render_lane_1u_U0/flicker_render_piudo_U226/flicker_render_pipeline_ap_hmul_4_max_dsp_16_u/U0/i_synth/MULT.OP/MULT/MULT_GEN_VARIANT.FIX_MULT/MULT/gDSP.gDSP_only.iDSP/use_prim.appDSP48[0].bppDSP48[0].use_dsp.use_dsp48e1.iDSP48E1/PATTERNDETECT is not pipelined (PREG=0). Pipelining the DSP48 output will improve performance and often saves power so it is suggested whenever possible to fully pipeline this function.  If this DSP48 function was inferred, it is suggested to describe an additional register stage after this function.  If the DSP48 was instantiated in the design, it is suggested to set the PREG attribute to 1.
Related violations: <none>

DPOP-1#91 Warning
PREG Output pipelining  
DSP U_adder_top/U_flicker/render/render_lane_1u_U0/flicker_render_piudo_U226/flicker_render_pipeline_ap_hmul_4_max_dsp_16_u/U0/i_synth/MULT.OP/MULT/MULT_GEN_VARIANT.FIX_MULT/MULT/gDSP.gDSP_only.iDSP/use_prim.appDSP48[0].bppDSP48[0].use_dsp.use_dsp48e1.iDSP48E1 output U_adder_top/U_flicker/render/render_lane_1u_U0/flicker_render_piudo_U226/flicker_render_pipeline_ap_hmul_4_max_dsp_16_u/U0/i_synth/MULT.OP/MULT/MULT_GEN_VARIANT.FIX_MULT/MULT/gDSP.gDSP_only.iDSP/use_prim.appDSP48[0].bppDSP48[0].use_dsp.use_dsp48e1.iDSP48E1/P[47:0] is not pipelined (PREG=0). Pipelining the DSP48 output will improve performance and often saves power so it is suggested whenever possible to fully pipeline this function.  If this DSP48 function was inferred, it is suggested to describe an additional register stage after this function.  If the DSP48 was instantiated in the design, it is suggested to set the PREG attribute to 1.
Related violations: <none>

DPOP-1#92 Warning
PREG Output pipelining  
DSP U_adder_top/U_flicker/render/render_lane_1u_U0/flicker_render_piudo_U226/flicker_render_pipeline_ap_hmul_4_max_dsp_16_u/U0/i_synth/MULT.OP/R_AND_R/LOGIC.R_AND_R/DSP48_E1.DSP48E1_ADD.DSP48E1_ADD/DSP output U_adder_top/U_flicker/render/render_lane_1u_U0/flicker_render_piudo_U226/flicker_render_pipeline_ap_hmul_4_max_dsp_16_u/U0/i_synth/MULT.OP/R_AND_R/LOGIC.R_AND_R/DSP48_E1.DSP48E1_ADD.DSP48E1_ADD/DSP/P[47:0] is not pipelined (PREG=0). Pipelining the DSP48 output will improve performance and often saves power so it is suggested whenever possible to fully pipeline this function.  If this DSP48 function was inferred, it is suggested to describe an additional register stage after this function.  If the DSP48 was instantiated in the design, it is suggested to set the PREG attribute to 1.
Related violations: <none>

DPOP-1#93 Warning
PREG Output pipelining  
DSP U_adder_top/U_flicker/render/render_lane_1u_U0/flicker_render_pixdS_U221/flicker_render_pipeline_ap_hadd_8_full_dsp_16_u/U0/i_synth/ADDSUB_OP.ADDSUB/SPEED_OP.DSP.OP/DSP48E1_BODY_HP.NORM_RND/FULL_USAGE_DSP.SHIFT_RND/DSP output U_adder_top/U_flicker/render/render_lane_1u_U0/flicker_render_pixdS_U221/flicker_render_pipeline_ap_hadd_8_full_dsp_16_u/U0/i_synth/ADDSUB_OP.ADDSUB/SPEED_OP.DSP.OP/DSP48E1_BODY_HP.NORM_RND/FULL_USAGE_DSP.SHIFT_RND/DSP/P[47:0] is not pipelined (PREG=0). Pipelining the DSP48 output will improve performance and often saves power so it is suggested whenever possible to fully pipeline this function.  If this DSP48 function was inferred, it is suggested to describe an additional register stage after this function.  If the DSP48 was instantiated in the design, it is suggested to set the PREG attribute to 1.
Related violations: <none>

DPOP-1#94 Warning
PREG Output pipelining  
DSP U_adder_top/U_flicker/render/render_lane_1u_U0/flicker_render_pixdS_U222/flicker_render_pipeline_ap_hadd_8_full_dsp_16_u/U0/i_synth/ADDSUB_OP.ADDSUB/SPEED_OP.DSP.OP/DSP48E1_BODY_HP.NORM_RND/FULL_USAGE_DSP.SHIFT_RND/DSP output U_adder_top/U_flicker/render/render_lane_1u_U0/flicker_render_pixdS_U222/flicker_render_pipeline_ap_hadd_8_full_dsp_16_u/U0/i_synth/ADDSUB_OP.ADDSUB/SPEED_OP.DSP.OP/DSP48E1_BODY_HP.NORM_RND/FULL_USAGE_DSP.SHIFT_RND/DSP/P[47:0] is not pipelined (PREG=0). Pipelining the DSP48 output will improve performance and often saves power so it is suggested whenever possible to fully pipeline this function.  If this DSP48 function was inferred, it is suggested to describe an additional register stage after this function.  If the DSP48 was instantiated in the design, it is suggested to set the PREG attribute to 1.
Related violations: <none>

DPOP-1#95 Warning
PREG Output pipelining  
DSP U_adder_top/U_flicker/render/render_lane_1u_U0/flicker_render_pixdS_U223/flicker_render_pipeline_ap_hadd_8_full_dsp_16_u/U0/i_synth/ADDSUB_OP.ADDSUB/SPEED_OP.DSP.OP/DSP48E1_BODY_HP.NORM_RND/FULL_USAGE_DSP.SHIFT_RND/DSP output U_adder_top/U_flicker/render/render_lane_1u_U0/flicker_render_pixdS_U223/flicker_render_pipeline_ap_hadd_8_full_dsp_16_u/U0/i_synth/ADDSUB_OP.ADDSUB/SPEED_OP.DSP.OP/DSP48E1_BODY_HP.NORM_RND/FULL_USAGE_DSP.SHIFT_RND/DSP/P[47:0] is not pipelined (PREG=0). Pipelining the DSP48 output will improve performance and often saves power so it is suggested whenever possible to fully pipeline this function.  If this DSP48 function was inferred, it is suggested to describe an additional register stage after this function.  If the DSP48 was instantiated in the design, it is suggested to set the PREG attribute to 1.
Related violations: <none>

DPOP-1#96 Warning
PREG Output pipelining  
DSP U_adder_top/U_flicker/render/render_lane_1u_U0/grp_evaluate_group_1u_s_fu_448/flicker_render_piudo_U196/flicker_render_pipeline_ap_hmul_4_max_dsp_16_u/U0/i_synth/MULT.OP/MULT/MULT_GEN_VARIANT.FIX_MULT/MULT/gDSP.gDSP_only.iDSP/use_prim.appDSP48[0].bppDSP48[0].use_dsp.use_dsp48e1.iDSP48E1 output U_adder_top/U_flicker/render/render_lane_1u_U0/grp_evaluate_group_1u_s_fu_448/flicker_render_piudo_U196/flicker_render_pipeline_ap_hmul_4_max_dsp_16_u/U0/i_synth/MULT.OP/MULT/MULT_GEN_VARIANT.FIX_MULT/MULT/gDSP.gDSP_only.iDSP/use_prim.appDSP48[0].bppDSP48[0].use_dsp.use_dsp48e1.iDSP48E1/PATTERNDETECT is not pipelined (PREG=0). Pipelining the DSP48 output will improve performance and often saves power so it is suggested whenever possible to fully pipeline this function.  If this DSP48 function was inferred, it is suggested to describe an additional register stage after this function.  If the DSP48 was instantiated in the design, it is suggested to set the PREG attribute to 1.
Related violations: <none>

DPOP-1#97 Warning
PREG Output pipelining  
DSP U_adder_top/U_flicker/render/render_lane_1u_U0/grp_evaluate_group_1u_s_fu_448/flicker_render_piudo_U196/flicker_render_pipeline_ap_hmul_4_max_dsp_16_u/U0/i_synth/MULT.OP/MULT/MULT_GEN_VARIANT.FIX_MULT/MULT/gDSP.gDSP_only.iDSP/use_prim.appDSP48[0].bppDSP48[0].use_dsp.use_dsp48e1.iDSP48E1 output U_adder_top/U_flicker/render/render_lane_1u_U0/grp_evaluate_group_1u_s_fu_448/flicker_render_piudo_U196/flicker_render_pipeline_ap_hmul_4_max_dsp_16_u/U0/i_synth/MULT.OP/MULT/MULT_GEN_VARIANT.FIX_MULT/MULT/gDSP.gDSP_only.iDSP/use_prim.appDSP48[0].bppDSP48[0].use_dsp.use_dsp48e1.iDSP48E1/P[47:0] is not pipelined (PREG=0). Pipelining the DSP48 output will improve performance and often saves power so it is suggested whenever possible to fully pipeline this function.  If this DSP48 function was inferred, it is suggested to describe an additional register stage after this function.  If the DSP48 was instantiated in the design, it is suggested to set the PREG attribute to 1.
Related violations: <none>

DPOP-1#98 Warning
PREG Output pipelining  
DSP U_adder_top/U_flicker/render/render_lane_1u_U0/grp_evaluate_group_1u_s_fu_448/flicker_render_piudo_U196/flicker_render_pipeline_ap_hmul_4_max_dsp_16_u/U0/i_synth/MULT.OP/R_AND_R/LOGIC.R_AND_R/DSP48_E1.DSP48E1_ADD.DSP48E1_ADD/DSP output U_adder_top/U_flicker/render/render_lane_1u_U0/grp_evaluate_group_1u_s_fu_448/flicker_render_piudo_U196/flicker_render_pipeline_ap_hmul_4_max_dsp_16_u/U0/i_synth/MULT.OP/R_AND_R/LOGIC.R_AND_R/DSP48_E1.DSP48E1_ADD.DSP48E1_ADD/DSP/P[47:0] is not pipelined (PREG=0). Pipelining the DSP48 output will improve performance and often saves power so it is suggested whenever possible to fully pipeline this function.  If this DSP48 function was inferred, it is suggested to describe an additional register stage after this function.  If the DSP48 was instantiated in the design, it is suggested to set the PREG attribute to 1.
Related violations: <none>

DPOP-1#99 Warning
PREG Output pipelining  
DSP U_adder_top/U_flicker/render/render_lane_1u_U0/grp_evaluate_group_1u_s_fu_448/flicker_render_piudo_U197/flicker_render_pipeline_ap_hmul_4_max_dsp_16_u/U0/i_synth/MULT.OP/MULT/MULT_GEN_VARIANT.FIX_MULT/MULT/gDSP.gDSP_only.iDSP/use_prim.appDSP48[0].bppDSP48[0].use_dsp.use_dsp48e1.iDSP48E1 output U_adder_top/U_flicker/render/render_lane_1u_U0/grp_evaluate_group_1u_s_fu_448/flicker_render_piudo_U197/flicker_render_pipeline_ap_hmul_4_max_dsp_16_u/U0/i_synth/MULT.OP/MULT/MULT_GEN_VARIANT.FIX_MULT/MULT/gDSP.gDSP_only.iDSP/use_prim.appDSP48[0].bppDSP48[0].use_dsp.use_dsp48e1.iDSP48E1/PATTERNDETECT is not pipelined (PREG=0). Pipelining the DSP48 output will improve performance and often saves power so it is suggested whenever possible to fully pipeline this function.  If this DSP48 function was inferred, it is suggested to describe an additional register stage after this function.  If the DSP48 was instantiated in the design, it is suggested to set the PREG attribute to 1.
Related violations: <none>

DPOP-1#100 Warning
PREG Output pipelining  
DSP U_adder_top/U_flicker/render/render_lane_1u_U0/grp_evaluate_group_1u_s_fu_448/flicker_render_piudo_U197/flicker_render_pipeline_ap_hmul_4_max_dsp_16_u/U0/i_synth/MULT.OP/MULT/MULT_GEN_VARIANT.FIX_MULT/MULT/gDSP.gDSP_only.iDSP/use_prim.appDSP48[0].bppDSP48[0].use_dsp.use_dsp48e1.iDSP48E1 output U_adder_top/U_flicker/render/render_lane_1u_U0/grp_evaluate_group_1u_s_fu_448/flicker_render_piudo_U197/flicker_render_pipeline_ap_hmul_4_max_dsp_16_u/U0/i_synth/MULT.OP/MULT/MULT_GEN_VARIANT.FIX_MULT/MULT/gDSP.gDSP_only.iDSP/use_prim.appDSP48[0].bppDSP48[0].use_dsp.use_dsp48e1.iDSP48E1/P[47:0] is not pipelined (PREG=0). Pipelining the DSP48 output will improve performance and often saves power so it is suggested whenever possible to fully pipeline this function.  If this DSP48 function was inferred, it is suggested to describe an additional register stage after this function.  If the DSP48 was instantiated in the design, it is suggested to set the PREG attribute to 1.
Related violations: <none>

DPOP-1#101 Warning
PREG Output pipelining  
DSP U_adder_top/U_flicker/render/render_lane_1u_U0/grp_evaluate_group_1u_s_fu_448/flicker_render_piudo_U197/flicker_render_pipeline_ap_hmul_4_max_dsp_16_u/U0/i_synth/MULT.OP/R_AND_R/LOGIC.R_AND_R/DSP48_E1.DSP48E1_ADD.DSP48E1_ADD/DSP output U_adder_top/U_flicker/render/render_lane_1u_U0/grp_evaluate_group_1u_s_fu_448/flicker_render_piudo_U197/flicker_render_pipeline_ap_hmul_4_max_dsp_16_u/U0/i_synth/MULT.OP/R_AND_R/LOGIC.R_AND_R/DSP48_E1.DSP48E1_ADD.DSP48E1_ADD/DSP/P[47:0] is not pipelined (PREG=0). Pipelining the DSP48 output will improve performance and often saves power so it is suggested whenever possible to fully pipeline this function.  If this DSP48 function was inferred, it is suggested to describe an additional register stage after this function.  If the DSP48 was instantiated in the design, it is suggested to set the PREG attribute to 1.
Related violations: <none>

DPOP-1#102 Warning
PREG Output pipelining  
DSP U_adder_top/U_flicker/render/render_lane_1u_U0/grp_evaluate_group_1u_s_fu_448/flicker_render_piudo_U198/flicker_render_pipeline_ap_hmul_4_max_dsp_16_u/U0/i_synth/MULT.OP/MULT/MULT_GEN_VARIANT.FIX_MULT/MULT/gDSP.gDSP_only.iDSP/use_prim.appDSP48[0].bppDSP48[0].use_dsp.use_dsp48e1.iDSP48E1 output U_adder_top/U_flicker/render/render_lane_1u_U0/grp_evaluate_group_1u_s_fu_448/flicker_render_piudo_U198/flicker_render_pipeline_ap_hmul_4_max_dsp_16_u/U0/i_synth/MULT.OP/MULT/MULT_GEN_VARIANT.FIX_MULT/MULT/gDSP.gDSP_only.iDSP/use_prim.appDSP48[0].bppDSP48[0].use_dsp.use_dsp48e1.iDSP48E1/PATTERNDETECT is not pipelined (PREG=0). Pipelining the DSP48 output will improve performance and often saves power so it is suggested whenever possible to fully pipeline this function.  If this DSP48 function was inferred, it is suggested to describe an additional register stage after this function.  If the DSP48 was instantiated in the design, it is suggested to set the PREG attribute to 1.
Related violations: <none>

DPOP-1#103 Warning
PREG Output pipelining  
DSP U_adder_top/U_flicker/render/render_lane_1u_U0/grp_evaluate_group_1u_s_fu_448/flicker_render_piudo_U198/flicker_render_pipeline_ap_hmul_4_max_dsp_16_u/U0/i_synth/MULT.OP/MULT/MULT_GEN_VARIANT.FIX_MULT/MULT/gDSP.gDSP_only.iDSP/use_prim.appDSP48[0].bppDSP48[0].use_dsp.use_dsp48e1.iDSP48E1 output U_adder_top/U_flicker/render/render_lane_1u_U0/grp_evaluate_group_1u_s_fu_448/flicker_render_piudo_U198/flicker_render_pipeline_ap_hmul_4_max_dsp_16_u/U0/i_synth/MULT.OP/MULT/MULT_GEN_VARIANT.FIX_MULT/MULT/gDSP.gDSP_only.iDSP/use_prim.appDSP48[0].bppDSP48[0].use_dsp.use_dsp48e1.iDSP48E1/P[47:0] is not pipelined (PREG=0). Pipelining the DSP48 output will improve performance and often saves power so it is suggested whenever possible to fully pipeline this function.  If this DSP48 function was inferred, it is suggested to describe an additional register stage after this function.  If the DSP48 was instantiated in the design, it is suggested to set the PREG attribute to 1.
Related violations: <none>

DPOP-1#104 Warning
PREG Output pipelining  
DSP U_adder_top/U_flicker/render/render_lane_1u_U0/grp_evaluate_group_1u_s_fu_448/flicker_render_piudo_U198/flicker_render_pipeline_ap_hmul_4_max_dsp_16_u/U0/i_synth/MULT.OP/R_AND_R/LOGIC.R_AND_R/DSP48_E1.DSP48E1_ADD.DSP48E1_ADD/DSP output U_adder_top/U_flicker/render/render_lane_1u_U0/grp_evaluate_group_1u_s_fu_448/flicker_render_piudo_U198/flicker_render_pipeline_ap_hmul_4_max_dsp_16_u/U0/i_synth/MULT.OP/R_AND_R/LOGIC.R_AND_R/DSP48_E1.DSP48E1_ADD.DSP48E1_ADD/DSP/P[47:0] is not pipelined (PREG=0). Pipelining the DSP48 output will improve performance and often saves power so it is suggested whenever possible to fully pipeline this function.  If this DSP48 function was inferred, it is suggested to describe an additional register stage after this function.  If the DSP48 was instantiated in the design, it is suggested to set the PREG attribute to 1.
Related violations: <none>

DPOP-1#105 Warning
PREG Output pipelining  
DSP U_adder_top/U_flicker/render/render_lane_1u_U0/grp_evaluate_group_1u_s_fu_448/flicker_render_piudo_U199/flicker_render_pipeline_ap_hmul_4_max_dsp_16_u/U0/i_synth/MULT.OP/MULT/MULT_GEN_VARIANT.FIX_MULT/MULT/gDSP.gDSP_only.iDSP/use_prim.appDSP48[0].bppDSP48[0].use_dsp.use_dsp48e1.iDSP48E1 output U_adder_top/U_flicker/render/render_lane_1u_U0/grp_evaluate_group_1u_s_fu_448/flicker_render_piudo_U199/flicker_render_pipeline_ap_hmul_4_max_dsp_16_u/U0/i_synth/MULT.OP/MULT/MULT_GEN_VARIANT.FIX_MULT/MULT/gDSP.gDSP_only.iDSP/use_prim.appDSP48[0].bppDSP48[0].use_dsp.use_dsp48e1.iDSP48E1/PATTERNDETECT is not pipelined (PREG=0). Pipelining the DSP48 output will improve performance and often saves power so it is suggested whenever possible to fully pipeline this function.  If this DSP48 function was inferred, it is suggested to describe an additional register stage after this function.  If the DSP48 was instantiated in the design, it is suggested to set the PREG attribute to 1.
Related violations: <none>

DPOP-1#106 Warning
PREG Output pipelining  
DSP U_adder_top/U_flicker/render/render_lane_1u_U0/grp_evaluate_group_1u_s_fu_448/flicker_render_piudo_U199/flicker_render_pipeline_ap_hmul_4_max_dsp_16_u/U0/i_synth/MULT.OP/MULT/MULT_GEN_VARIANT.FIX_MULT/MULT/gDSP.gDSP_only.iDSP/use_prim.appDSP48[0].bppDSP48[0].use_dsp.use_dsp48e1.iDSP48E1 output U_adder_top/U_flicker/render/render_lane_1u_U0/grp_evaluate_group_1u_s_fu_448/flicker_render_piudo_U199/flicker_render_pipeline_ap_hmul_4_max_dsp_16_u/U0/i_synth/MULT.OP/MULT/MULT_GEN_VARIANT.FIX_MULT/MULT/gDSP.gDSP_only.iDSP/use_prim.appDSP48[0].bppDSP48[0].use_dsp.use_dsp48e1.iDSP48E1/P[47:0] is not pipelined (PREG=0). Pipelining the DSP48 output will improve performance and often saves power so it is suggested whenever possible to fully pipeline this function.  If this DSP48 function was inferred, it is suggested to describe an additional register stage after this function.  If the DSP48 was instantiated in the design, it is suggested to set the PREG attribute to 1.
Related violations: <none>

DPOP-1#107 Warning
PREG Output pipelining  
DSP U_adder_top/U_flicker/render/render_lane_1u_U0/grp_evaluate_group_1u_s_fu_448/flicker_render_piudo_U199/flicker_render_pipeline_ap_hmul_4_max_dsp_16_u/U0/i_synth/MULT.OP/R_AND_R/LOGIC.R_AND_R/DSP48_E1.DSP48E1_ADD.DSP48E1_ADD/DSP output U_adder_top/U_flicker/render/render_lane_1u_U0/grp_evaluate_group_1u_s_fu_448/flicker_render_piudo_U199/flicker_render_pipeline_ap_hmul_4_max_dsp_16_u/U0/i_synth/MULT.OP/R_AND_R/LOGIC.R_AND_R/DSP48_E1.DSP48E1_ADD.DSP48E1_ADD/DSP/P[47:0] is not pipelined (PREG=0). Pipelining the DSP48 output will improve performance and often saves power so it is suggested whenever possible to fully pipeline this function.  If this DSP48 function was inferred, it is suggested to describe an additional register stage after this function.  If the DSP48 was instantiated in the design, it is suggested to set the PREG attribute to 1.
Related violations: <none>

DPOP-1#108 Warning
PREG Output pipelining  
DSP U_adder_top/U_flicker/render/render_lane_1u_U0/grp_evaluate_group_1u_s_fu_448/flicker_render_piudo_U200/flicker_render_pipeline_ap_hmul_4_max_dsp_16_u/U0/i_synth/MULT.OP/MULT/MULT_GEN_VARIANT.FIX_MULT/MULT/gDSP.gDSP_only.iDSP/use_prim.appDSP48[0].bppDSP48[0].use_dsp.use_dsp48e1.iDSP48E1 output U_adder_top/U_flicker/render/render_lane_1u_U0/grp_evaluate_group_1u_s_fu_448/flicker_render_piudo_U200/flicker_render_pipeline_ap_hmul_4_max_dsp_16_u/U0/i_synth/MULT.OP/MULT/MULT_GEN_VARIANT.FIX_MULT/MULT/gDSP.gDSP_only.iDSP/use_prim.appDSP48[0].bppDSP48[0].use_dsp.use_dsp48e1.iDSP48E1/PATTERNDETECT is not pipelined (PREG=0). Pipelining the DSP48 output will improve performance and often saves power so it is suggested whenever possible to fully pipeline this function.  If this DSP48 function was inferred, it is suggested to describe an additional register stage after this function.  If the DSP48 was instantiated in the design, it is suggested to set the PREG attribute to 1.
Related violations: <none>

DPOP-1#109 Warning
PREG Output pipelining  
DSP U_adder_top/U_flicker/render/render_lane_1u_U0/grp_evaluate_group_1u_s_fu_448/flicker_render_piudo_U200/flicker_render_pipeline_ap_hmul_4_max_dsp_16_u/U0/i_synth/MULT.OP/MULT/MULT_GEN_VARIANT.FIX_MULT/MULT/gDSP.gDSP_only.iDSP/use_prim.appDSP48[0].bppDSP48[0].use_dsp.use_dsp48e1.iDSP48E1 output U_adder_top/U_flicker/render/render_lane_1u_U0/grp_evaluate_group_1u_s_fu_448/flicker_render_piudo_U200/flicker_render_pipeline_ap_hmul_4_max_dsp_16_u/U0/i_synth/MULT.OP/MULT/MULT_GEN_VARIANT.FIX_MULT/MULT/gDSP.gDSP_only.iDSP/use_prim.appDSP48[0].bppDSP48[0].use_dsp.use_dsp48e1.iDSP48E1/P[47:0] is not pipelined (PREG=0). Pipelining the DSP48 output will improve performance and often saves power so it is suggested whenever possible to fully pipeline this function.  If this DSP48 function was inferred, it is suggested to describe an additional register stage after this function.  If the DSP48 was instantiated in the design, it is suggested to set the PREG attribute to 1.
Related violations: <none>

DPOP-1#110 Warning
PREG Output pipelining  
DSP U_adder_top/U_flicker/render/render_lane_1u_U0/grp_evaluate_group_1u_s_fu_448/flicker_render_piudo_U200/flicker_render_pipeline_ap_hmul_4_max_dsp_16_u/U0/i_synth/MULT.OP/R_AND_R/LOGIC.R_AND_R/DSP48_E1.DSP48E1_ADD.DSP48E1_ADD/DSP output U_adder_top/U_flicker/render/render_lane_1u_U0/grp_evaluate_group_1u_s_fu_448/flicker_render_piudo_U200/flicker_render_pipeline_ap_hmul_4_max_dsp_16_u/U0/i_synth/MULT.OP/R_AND_R/LOGIC.R_AND_R/DSP48_E1.DSP48E1_ADD.DSP48E1_ADD/DSP/P[47:0] is not pipelined (PREG=0). Pipelining the DSP48 output will improve performance and often saves power so it is suggested whenever possible to fully pipeline this function.  If this DSP48 function was inferred, it is suggested to describe an additional register stage after this function.  If the DSP48 was instantiated in the design, it is suggested to set the PREG attribute to 1.
Related violations: <none>

DPOP-1#111 Warning
PREG Output pipelining  
DSP U_adder_top/U_flicker/render/render_lane_1u_U0/grp_evaluate_group_1u_s_fu_448/flicker_render_piudo_U201/flicker_render_pipeline_ap_hmul_4_max_dsp_16_u/U0/i_synth/MULT.OP/MULT/MULT_GEN_VARIANT.FIX_MULT/MULT/gDSP.gDSP_only.iDSP/use_prim.appDSP48[0].bppDSP48[0].use_dsp.use_dsp48e1.iDSP48E1 output U_adder_top/U_flicker/render/render_lane_1u_U0/grp_evaluate_group_1u_s_fu_448/flicker_render_piudo_U201/flicker_render_pipeline_ap_hmul_4_max_dsp_16_u/U0/i_synth/MULT.OP/MULT/MULT_GEN_VARIANT.FIX_MULT/MULT/gDSP.gDSP_only.iDSP/use_prim.appDSP48[0].bppDSP48[0].use_dsp.use_dsp48e1.iDSP48E1/PATTERNDETECT is not pipelined (PREG=0). Pipelining the DSP48 output will improve performance and often saves power so it is suggested whenever possible to fully pipeline this function.  If this DSP48 function was inferred, it is suggested to describe an additional register stage after this function.  If the DSP48 was instantiated in the design, it is suggested to set the PREG attribute to 1.
Related violations: <none>

DPOP-1#112 Warning
PREG Output pipelining  
DSP U_adder_top/U_flicker/render/render_lane_1u_U0/grp_evaluate_group_1u_s_fu_448/flicker_render_piudo_U201/flicker_render_pipeline_ap_hmul_4_max_dsp_16_u/U0/i_synth/MULT.OP/MULT/MULT_GEN_VARIANT.FIX_MULT/MULT/gDSP.gDSP_only.iDSP/use_prim.appDSP48[0].bppDSP48[0].use_dsp.use_dsp48e1.iDSP48E1 output U_adder_top/U_flicker/render/render_lane_1u_U0/grp_evaluate_group_1u_s_fu_448/flicker_render_piudo_U201/flicker_render_pipeline_ap_hmul_4_max_dsp_16_u/U0/i_synth/MULT.OP/MULT/MULT_GEN_VARIANT.FIX_MULT/MULT/gDSP.gDSP_only.iDSP/use_prim.appDSP48[0].bppDSP48[0].use_dsp.use_dsp48e1.iDSP48E1/P[47:0] is not pipelined (PREG=0). Pipelining the DSP48 output will improve performance and often saves power so it is suggested whenever possible to fully pipeline this function.  If this DSP48 function was inferred, it is suggested to describe an additional register stage after this function.  If the DSP48 was instantiated in the design, it is suggested to set the PREG attribute to 1.
Related violations: <none>

DPOP-1#113 Warning
PREG Output pipelining  
DSP U_adder_top/U_flicker/render/render_lane_1u_U0/grp_evaluate_group_1u_s_fu_448/flicker_render_piudo_U201/flicker_render_pipeline_ap_hmul_4_max_dsp_16_u/U0/i_synth/MULT.OP/R_AND_R/LOGIC.R_AND_R/DSP48_E1.DSP48E1_ADD.DSP48E1_ADD/DSP output U_adder_top/U_flicker/render/render_lane_1u_U0/grp_evaluate_group_1u_s_fu_448/flicker_render_piudo_U201/flicker_render_pipeline_ap_hmul_4_max_dsp_16_u/U0/i_synth/MULT.OP/R_AND_R/LOGIC.R_AND_R/DSP48_E1.DSP48E1_ADD.DSP48E1_ADD/DSP/P[47:0] is not pipelined (PREG=0). Pipelining the DSP48 output will improve performance and often saves power so it is suggested whenever possible to fully pipeline this function.  If this DSP48 function was inferred, it is suggested to describe an additional register stage after this function.  If the DSP48 was instantiated in the design, it is suggested to set the PREG attribute to 1.
Related violations: <none>

DPOP-1#114 Warning
PREG Output pipelining  
DSP U_adder_top/U_flicker/render/render_lane_1u_U0/grp_evaluate_group_1u_s_fu_448/flicker_render_piudo_U202/flicker_render_pipeline_ap_hmul_4_max_dsp_16_u/U0/i_synth/MULT.OP/MULT/MULT_GEN_VARIANT.FIX_MULT/MULT/gDSP.gDSP_only.iDSP/use_prim.appDSP48[0].bppDSP48[0].use_dsp.use_dsp48e1.iDSP48E1 output U_adder_top/U_flicker/render/render_lane_1u_U0/grp_evaluate_group_1u_s_fu_448/flicker_render_piudo_U202/flicker_render_pipeline_ap_hmul_4_max_dsp_16_u/U0/i_synth/MULT.OP/MULT/MULT_GEN_VARIANT.FIX_MULT/MULT/gDSP.gDSP_only.iDSP/use_prim.appDSP48[0].bppDSP48[0].use_dsp.use_dsp48e1.iDSP48E1/PATTERNDETECT is not pipelined (PREG=0). Pipelining the DSP48 output will improve performance and often saves power so it is suggested whenever possible to fully pipeline this function.  If this DSP48 function was inferred, it is suggested to describe an additional register stage after this function.  If the DSP48 was instantiated in the design, it is suggested to set the PREG attribute to 1.
Related violations: <none>

DPOP-1#115 Warning
PREG Output pipelining  
DSP U_adder_top/U_flicker/render/render_lane_1u_U0/grp_evaluate_group_1u_s_fu_448/flicker_render_piudo_U202/flicker_render_pipeline_ap_hmul_4_max_dsp_16_u/U0/i_synth/MULT.OP/MULT/MULT_GEN_VARIANT.FIX_MULT/MULT/gDSP.gDSP_only.iDSP/use_prim.appDSP48[0].bppDSP48[0].use_dsp.use_dsp48e1.iDSP48E1 output U_adder_top/U_flicker/render/render_lane_1u_U0/grp_evaluate_group_1u_s_fu_448/flicker_render_piudo_U202/flicker_render_pipeline_ap_hmul_4_max_dsp_16_u/U0/i_synth/MULT.OP/MULT/MULT_GEN_VARIANT.FIX_MULT/MULT/gDSP.gDSP_only.iDSP/use_prim.appDSP48[0].bppDSP48[0].use_dsp.use_dsp48e1.iDSP48E1/P[47:0] is not pipelined (PREG=0). Pipelining the DSP48 output will improve performance and often saves power so it is suggested whenever possible to fully pipeline this function.  If this DSP48 function was inferred, it is suggested to describe an additional register stage after this function.  If the DSP48 was instantiated in the design, it is suggested to set the PREG attribute to 1.
Related violations: <none>

DPOP-1#116 Warning
PREG Output pipelining  
DSP U_adder_top/U_flicker/render/render_lane_1u_U0/grp_evaluate_group_1u_s_fu_448/flicker_render_piudo_U202/flicker_render_pipeline_ap_hmul_4_max_dsp_16_u/U0/i_synth/MULT.OP/R_AND_R/LOGIC.R_AND_R/DSP48_E1.DSP48E1_ADD.DSP48E1_ADD/DSP output U_adder_top/U_flicker/render/render_lane_1u_U0/grp_evaluate_group_1u_s_fu_448/flicker_render_piudo_U202/flicker_render_pipeline_ap_hmul_4_max_dsp_16_u/U0/i_synth/MULT.OP/R_AND_R/LOGIC.R_AND_R/DSP48_E1.DSP48E1_ADD.DSP48E1_ADD/DSP/P[47:0] is not pipelined (PREG=0). Pipelining the DSP48 output will improve performance and often saves power so it is suggested whenever possible to fully pipeline this function.  If this DSP48 function was inferred, it is suggested to describe an additional register stage after this function.  If the DSP48 was instantiated in the design, it is suggested to set the PREG attribute to 1.
Related violations: <none>

DPOP-1#117 Warning
PREG Output pipelining  
DSP U_adder_top/U_flicker/render/render_lane_1u_U0/grp_evaluate_group_1u_s_fu_448/flicker_render_piudo_U203/flicker_render_pipeline_ap_hmul_4_max_dsp_16_u/U0/i_synth/MULT.OP/MULT/MULT_GEN_VARIANT.FIX_MULT/MULT/gDSP.gDSP_only.iDSP/use_prim.appDSP48[0].bppDSP48[0].use_dsp.use_dsp48e1.iDSP48E1 output U_adder_top/U_flicker/render/render_lane_1u_U0/grp_evaluate_group_1u_s_fu_448/flicker_render_piudo_U203/flicker_render_pipeline_ap_hmul_4_max_dsp_16_u/U0/i_synth/MULT.OP/MULT/MULT_GEN_VARIANT.FIX_MULT/MULT/gDSP.gDSP_only.iDSP/use_prim.appDSP48[0].bppDSP48[0].use_dsp.use_dsp48e1.iDSP48E1/PATTERNDETECT is not pipelined (PREG=0). Pipelining the DSP48 output will improve performance and often saves power so it is suggested whenever possible to fully pipeline this function.  If this DSP48 function was inferred, it is suggested to describe an additional register stage after this function.  If the DSP48 was instantiated in the design, it is suggested to set the PREG attribute to 1.
Related violations: <none>

DPOP-1#118 Warning
PREG Output pipelining  
DSP U_adder_top/U_flicker/render/render_lane_1u_U0/grp_evaluate_group_1u_s_fu_448/flicker_render_piudo_U203/flicker_render_pipeline_ap_hmul_4_max_dsp_16_u/U0/i_synth/MULT.OP/MULT/MULT_GEN_VARIANT.FIX_MULT/MULT/gDSP.gDSP_only.iDSP/use_prim.appDSP48[0].bppDSP48[0].use_dsp.use_dsp48e1.iDSP48E1 output U_adder_top/U_flicker/render/render_lane_1u_U0/grp_evaluate_group_1u_s_fu_448/flicker_render_piudo_U203/flicker_render_pipeline_ap_hmul_4_max_dsp_16_u/U0/i_synth/MULT.OP/MULT/MULT_GEN_VARIANT.FIX_MULT/MULT/gDSP.gDSP_only.iDSP/use_prim.appDSP48[0].bppDSP48[0].use_dsp.use_dsp48e1.iDSP48E1/P[47:0] is not pipelined (PREG=0). Pipelining the DSP48 output will improve performance and often saves power so it is suggested whenever possible to fully pipeline this function.  If this DSP48 function was inferred, it is suggested to describe an additional register stage after this function.  If the DSP48 was instantiated in the design, it is suggested to set the PREG attribute to 1.
Related violations: <none>

DPOP-1#119 Warning
PREG Output pipelining  
DSP U_adder_top/U_flicker/render/render_lane_1u_U0/grp_evaluate_group_1u_s_fu_448/flicker_render_piudo_U203/flicker_render_pipeline_ap_hmul_4_max_dsp_16_u/U0/i_synth/MULT.OP/R_AND_R/LOGIC.R_AND_R/DSP48_E1.DSP48E1_ADD.DSP48E1_ADD/DSP output U_adder_top/U_flicker/render/render_lane_1u_U0/grp_evaluate_group_1u_s_fu_448/flicker_render_piudo_U203/flicker_render_pipeline_ap_hmul_4_max_dsp_16_u/U0/i_synth/MULT.OP/R_AND_R/LOGIC.R_AND_R/DSP48_E1.DSP48E1_ADD.DSP48E1_ADD/DSP/P[47:0] is not pipelined (PREG=0). Pipelining the DSP48 output will improve performance and often saves power so it is suggested whenever possible to fully pipeline this function.  If this DSP48 function was inferred, it is suggested to describe an additional register stage after this function.  If the DSP48 was instantiated in the design, it is suggested to set the PREG attribute to 1.
Related violations: <none>

DPOP-1#120 Warning
PREG Output pipelining  
DSP U_adder_top/U_flicker/render/render_lane_1u_U0/grp_evaluate_group_1u_s_fu_448/flicker_render_piudo_U204/flicker_render_pipeline_ap_hmul_4_max_dsp_16_u/U0/i_synth/MULT.OP/MULT/MULT_GEN_VARIANT.FIX_MULT/MULT/gDSP.gDSP_only.iDSP/use_prim.appDSP48[0].bppDSP48[0].use_dsp.use_dsp48e1.iDSP48E1 output U_adder_top/U_flicker/render/render_lane_1u_U0/grp_evaluate_group_1u_s_fu_448/flicker_render_piudo_U204/flicker_render_pipeline_ap_hmul_4_max_dsp_16_u/U0/i_synth/MULT.OP/MULT/MULT_GEN_VARIANT.FIX_MULT/MULT/gDSP.gDSP_only.iDSP/use_prim.appDSP48[0].bppDSP48[0].use_dsp.use_dsp48e1.iDSP48E1/PATTERNDETECT is not pipelined (PREG=0). Pipelining the DSP48 output will improve performance and often saves power so it is suggested whenever possible to fully pipeline this function.  If this DSP48 function was inferred, it is suggested to describe an additional register stage after this function.  If the DSP48 was instantiated in the design, it is suggested to set the PREG attribute to 1.
Related violations: <none>

DPOP-1#121 Warning
PREG Output pipelining  
DSP U_adder_top/U_flicker/render/render_lane_1u_U0/grp_evaluate_group_1u_s_fu_448/flicker_render_piudo_U204/flicker_render_pipeline_ap_hmul_4_max_dsp_16_u/U0/i_synth/MULT.OP/MULT/MULT_GEN_VARIANT.FIX_MULT/MULT/gDSP.gDSP_only.iDSP/use_prim.appDSP48[0].bppDSP48[0].use_dsp.use_dsp48e1.iDSP48E1 output U_adder_top/U_flicker/render/render_lane_1u_U0/grp_evaluate_group_1u_s_fu_448/flicker_render_piudo_U204/flicker_render_pipeline_ap_hmul_4_max_dsp_16_u/U0/i_synth/MULT.OP/MULT/MULT_GEN_VARIANT.FIX_MULT/MULT/gDSP.gDSP_only.iDSP/use_prim.appDSP48[0].bppDSP48[0].use_dsp.use_dsp48e1.iDSP48E1/P[47:0] is not pipelined (PREG=0). Pipelining the DSP48 output will improve performance and often saves power so it is suggested whenever possible to fully pipeline this function.  If this DSP48 function was inferred, it is suggested to describe an additional register stage after this function.  If the DSP48 was instantiated in the design, it is suggested to set the PREG attribute to 1.
Related violations: <none>

DPOP-1#122 Warning
PREG Output pipelining  
DSP U_adder_top/U_flicker/render/render_lane_1u_U0/grp_evaluate_group_1u_s_fu_448/flicker_render_piudo_U204/flicker_render_pipeline_ap_hmul_4_max_dsp_16_u/U0/i_synth/MULT.OP/R_AND_R/LOGIC.R_AND_R/DSP48_E1.DSP48E1_ADD.DSP48E1_ADD/DSP output U_adder_top/U_flicker/render/render_lane_1u_U0/grp_evaluate_group_1u_s_fu_448/flicker_render_piudo_U204/flicker_render_pipeline_ap_hmul_4_max_dsp_16_u/U0/i_synth/MULT.OP/R_AND_R/LOGIC.R_AND_R/DSP48_E1.DSP48E1_ADD.DSP48E1_ADD/DSP/P[47:0] is not pipelined (PREG=0). Pipelining the DSP48 output will improve performance and often saves power so it is suggested whenever possible to fully pipeline this function.  If this DSP48 function was inferred, it is suggested to describe an additional register stage after this function.  If the DSP48 was instantiated in the design, it is suggested to set the PREG attribute to 1.
Related violations: <none>

DPOP-1#123 Warning
PREG Output pipelining  
DSP U_adder_top/U_flicker/render/render_lane_1u_U0/grp_evaluate_group_1u_s_fu_448/flicker_render_piudo_U205/flicker_render_pipeline_ap_hmul_4_max_dsp_16_u/U0/i_synth/MULT.OP/MULT/MULT_GEN_VARIANT.FIX_MULT/MULT/gDSP.gDSP_only.iDSP/use_prim.appDSP48[0].bppDSP48[0].use_dsp.use_dsp48e1.iDSP48E1 output U_adder_top/U_flicker/render/render_lane_1u_U0/grp_evaluate_group_1u_s_fu_448/flicker_render_piudo_U205/flicker_render_pipeline_ap_hmul_4_max_dsp_16_u/U0/i_synth/MULT.OP/MULT/MULT_GEN_VARIANT.FIX_MULT/MULT/gDSP.gDSP_only.iDSP/use_prim.appDSP48[0].bppDSP48[0].use_dsp.use_dsp48e1.iDSP48E1/PATTERNDETECT is not pipelined (PREG=0). Pipelining the DSP48 output will improve performance and often saves power so it is suggested whenever possible to fully pipeline this function.  If this DSP48 function was inferred, it is suggested to describe an additional register stage after this function.  If the DSP48 was instantiated in the design, it is suggested to set the PREG attribute to 1.
Related violations: <none>

DPOP-1#124 Warning
PREG Output pipelining  
DSP U_adder_top/U_flicker/render/render_lane_1u_U0/grp_evaluate_group_1u_s_fu_448/flicker_render_piudo_U205/flicker_render_pipeline_ap_hmul_4_max_dsp_16_u/U0/i_synth/MULT.OP/MULT/MULT_GEN_VARIANT.FIX_MULT/MULT/gDSP.gDSP_only.iDSP/use_prim.appDSP48[0].bppDSP48[0].use_dsp.use_dsp48e1.iDSP48E1 output U_adder_top/U_flicker/render/render_lane_1u_U0/grp_evaluate_group_1u_s_fu_448/flicker_render_piudo_U205/flicker_render_pipeline_ap_hmul_4_max_dsp_16_u/U0/i_synth/MULT.OP/MULT/MULT_GEN_VARIANT.FIX_MULT/MULT/gDSP.gDSP_only.iDSP/use_prim.appDSP48[0].bppDSP48[0].use_dsp.use_dsp48e1.iDSP48E1/P[47:0] is not pipelined (PREG=0). Pipelining the DSP48 output will improve performance and often saves power so it is suggested whenever possible to fully pipeline this function.  If this DSP48 function was inferred, it is suggested to describe an additional register stage after this function.  If the DSP48 was instantiated in the design, it is suggested to set the PREG attribute to 1.
Related violations: <none>

DPOP-1#125 Warning
PREG Output pipelining  
DSP U_adder_top/U_flicker/render/render_lane_1u_U0/grp_evaluate_group_1u_s_fu_448/flicker_render_piudo_U205/flicker_render_pipeline_ap_hmul_4_max_dsp_16_u/U0/i_synth/MULT.OP/R_AND_R/LOGIC.R_AND_R/DSP48_E1.DSP48E1_ADD.DSP48E1_ADD/DSP output U_adder_top/U_flicker/render/render_lane_1u_U0/grp_evaluate_group_1u_s_fu_448/flicker_render_piudo_U205/flicker_render_pipeline_ap_hmul_4_max_dsp_16_u/U0/i_synth/MULT.OP/R_AND_R/LOGIC.R_AND_R/DSP48_E1.DSP48E1_ADD.DSP48E1_ADD/DSP/P[47:0] is not pipelined (PREG=0). Pipelining the DSP48 output will improve performance and often saves power so it is suggested whenever possible to fully pipeline this function.  If this DSP48 function was inferred, it is suggested to describe an additional register stage after this function.  If the DSP48 was instantiated in the design, it is suggested to set the PREG attribute to 1.
Related violations: <none>

DPOP-1#126 Warning
PREG Output pipelining  
DSP U_adder_top/U_flicker/render/render_lane_1u_U0/grp_evaluate_group_1u_s_fu_448/flicker_render_piudo_U206/flicker_render_pipeline_ap_hmul_4_max_dsp_16_u/U0/i_synth/MULT.OP/MULT/MULT_GEN_VARIANT.FIX_MULT/MULT/gDSP.gDSP_only.iDSP/use_prim.appDSP48[0].bppDSP48[0].use_dsp.use_dsp48e1.iDSP48E1 output U_adder_top/U_flicker/render/render_lane_1u_U0/grp_evaluate_group_1u_s_fu_448/flicker_render_piudo_U206/flicker_render_pipeline_ap_hmul_4_max_dsp_16_u/U0/i_synth/MULT.OP/MULT/MULT_GEN_VARIANT.FIX_MULT/MULT/gDSP.gDSP_only.iDSP/use_prim.appDSP48[0].bppDSP48[0].use_dsp.use_dsp48e1.iDSP48E1/PATTERNDETECT is not pipelined (PREG=0). Pipelining the DSP48 output will improve performance and often saves power so it is suggested whenever possible to fully pipeline this function.  If this DSP48 function was inferred, it is suggested to describe an additional register stage after this function.  If the DSP48 was instantiated in the design, it is suggested to set the PREG attribute to 1.
Related violations: <none>

DPOP-1#127 Warning
PREG Output pipelining  
DSP U_adder_top/U_flicker/render/render_lane_1u_U0/grp_evaluate_group_1u_s_fu_448/flicker_render_piudo_U206/flicker_render_pipeline_ap_hmul_4_max_dsp_16_u/U0/i_synth/MULT.OP/MULT/MULT_GEN_VARIANT.FIX_MULT/MULT/gDSP.gDSP_only.iDSP/use_prim.appDSP48[0].bppDSP48[0].use_dsp.use_dsp48e1.iDSP48E1 output U_adder_top/U_flicker/render/render_lane_1u_U0/grp_evaluate_group_1u_s_fu_448/flicker_render_piudo_U206/flicker_render_pipeline_ap_hmul_4_max_dsp_16_u/U0/i_synth/MULT.OP/MULT/MULT_GEN_VARIANT.FIX_MULT/MULT/gDSP.gDSP_only.iDSP/use_prim.appDSP48[0].bppDSP48[0].use_dsp.use_dsp48e1.iDSP48E1/P[47:0] is not pipelined (PREG=0). Pipelining the DSP48 output will improve performance and often saves power so it is suggested whenever possible to fully pipeline this function.  If this DSP48 function was inferred, it is suggested to describe an additional register stage after this function.  If the DSP48 was instantiated in the design, it is suggested to set the PREG attribute to 1.
Related violations: <none>

DPOP-1#128 Warning
PREG Output pipelining  
DSP U_adder_top/U_flicker/render/render_lane_1u_U0/grp_evaluate_group_1u_s_fu_448/flicker_render_piudo_U206/flicker_render_pipeline_ap_hmul_4_max_dsp_16_u/U0/i_synth/MULT.OP/R_AND_R/LOGIC.R_AND_R/DSP48_E1.DSP48E1_ADD.DSP48E1_ADD/DSP output U_adder_top/U_flicker/render/render_lane_1u_U0/grp_evaluate_group_1u_s_fu_448/flicker_render_piudo_U206/flicker_render_pipeline_ap_hmul_4_max_dsp_16_u/U0/i_synth/MULT.OP/R_AND_R/LOGIC.R_AND_R/DSP48_E1.DSP48E1_ADD.DSP48E1_ADD/DSP/P[47:0] is not pipelined (PREG=0). Pipelining the DSP48 output will improve performance and often saves power so it is suggested whenever possible to fully pipeline this function.  If this DSP48 function was inferred, it is suggested to describe an additional register stage after this function.  If the DSP48 was instantiated in the design, it is suggested to set the PREG attribute to 1.
Related violations: <none>

DPOP-1#129 Warning
PREG Output pipelining  
DSP U_adder_top/U_flicker/render/render_lane_1u_U0/grp_evaluate_group_1u_s_fu_448/flicker_render_piudo_U207/flicker_render_pipeline_ap_hmul_4_max_dsp_16_u/U0/i_synth/MULT.OP/MULT/MULT_GEN_VARIANT.FIX_MULT/MULT/gDSP.gDSP_only.iDSP/use_prim.appDSP48[0].bppDSP48[0].use_dsp.use_dsp48e1.iDSP48E1 output U_adder_top/U_flicker/render/render_lane_1u_U0/grp_evaluate_group_1u_s_fu_448/flicker_render_piudo_U207/flicker_render_pipeline_ap_hmul_4_max_dsp_16_u/U0/i_synth/MULT.OP/MULT/MULT_GEN_VARIANT.FIX_MULT/MULT/gDSP.gDSP_only.iDSP/use_prim.appDSP48[0].bppDSP48[0].use_dsp.use_dsp48e1.iDSP48E1/PATTERNDETECT is not pipelined (PREG=0). Pipelining the DSP48 output will improve performance and often saves power so it is suggested whenever possible to fully pipeline this function.  If this DSP48 function was inferred, it is suggested to describe an additional register stage after this function.  If the DSP48 was instantiated in the design, it is suggested to set the PREG attribute to 1.
Related violations: <none>

DPOP-1#130 Warning
PREG Output pipelining  
DSP U_adder_top/U_flicker/render/render_lane_1u_U0/grp_evaluate_group_1u_s_fu_448/flicker_render_piudo_U207/flicker_render_pipeline_ap_hmul_4_max_dsp_16_u/U0/i_synth/MULT.OP/MULT/MULT_GEN_VARIANT.FIX_MULT/MULT/gDSP.gDSP_only.iDSP/use_prim.appDSP48[0].bppDSP48[0].use_dsp.use_dsp48e1.iDSP48E1 output U_adder_top/U_flicker/render/render_lane_1u_U0/grp_evaluate_group_1u_s_fu_448/flicker_render_piudo_U207/flicker_render_pipeline_ap_hmul_4_max_dsp_16_u/U0/i_synth/MULT.OP/MULT/MULT_GEN_VARIANT.FIX_MULT/MULT/gDSP.gDSP_only.iDSP/use_prim.appDSP48[0].bppDSP48[0].use_dsp.use_dsp48e1.iDSP48E1/P[47:0] is not pipelined (PREG=0). Pipelining the DSP48 output will improve performance and often saves power so it is suggested whenever possible to fully pipeline this function.  If this DSP48 function was inferred, it is suggested to describe an additional register stage after this function.  If the DSP48 was instantiated in the design, it is suggested to set the PREG attribute to 1.
Related violations: <none>

DPOP-1#131 Warning
PREG Output pipelining  
DSP U_adder_top/U_flicker/render/render_lane_1u_U0/grp_evaluate_group_1u_s_fu_448/flicker_render_piudo_U207/flicker_render_pipeline_ap_hmul_4_max_dsp_16_u/U0/i_synth/MULT.OP/R_AND_R/LOGIC.R_AND_R/DSP48_E1.DSP48E1_ADD.DSP48E1_ADD/DSP output U_adder_top/U_flicker/render/render_lane_1u_U0/grp_evaluate_group_1u_s_fu_448/flicker_render_piudo_U207/flicker_render_pipeline_ap_hmul_4_max_dsp_16_u/U0/i_synth/MULT.OP/R_AND_R/LOGIC.R_AND_R/DSP48_E1.DSP48E1_ADD.DSP48E1_ADD/DSP/P[47:0] is not pipelined (PREG=0). Pipelining the DSP48 output will improve performance and often saves power so it is suggested whenever possible to fully pipeline this function.  If this DSP48 function was inferred, it is suggested to describe an additional register stage after this function.  If the DSP48 was instantiated in the design, it is suggested to set the PREG attribute to 1.
Related violations: <none>

DPOP-1#132 Warning
PREG Output pipelining  
DSP U_adder_top/U_flicker/render/render_lane_1u_U0/grp_evaluate_group_1u_s_fu_448/flicker_render_piudo_U208/flicker_render_pipeline_ap_hmul_4_max_dsp_16_u/U0/i_synth/MULT.OP/MULT/MULT_GEN_VARIANT.FIX_MULT/MULT/gDSP.gDSP_only.iDSP/use_prim.appDSP48[0].bppDSP48[0].use_dsp.use_dsp48e1.iDSP48E1 output U_adder_top/U_flicker/render/render_lane_1u_U0/grp_evaluate_group_1u_s_fu_448/flicker_render_piudo_U208/flicker_render_pipeline_ap_hmul_4_max_dsp_16_u/U0/i_synth/MULT.OP/MULT/MULT_GEN_VARIANT.FIX_MULT/MULT/gDSP.gDSP_only.iDSP/use_prim.appDSP48[0].bppDSP48[0].use_dsp.use_dsp48e1.iDSP48E1/PATTERNDETECT is not pipelined (PREG=0). Pipelining the DSP48 output will improve performance and often saves power so it is suggested whenever possible to fully pipeline this function.  If this DSP48 function was inferred, it is suggested to describe an additional register stage after this function.  If the DSP48 was instantiated in the design, it is suggested to set the PREG attribute to 1.
Related violations: <none>

DPOP-1#133 Warning
PREG Output pipelining  
DSP U_adder_top/U_flicker/render/render_lane_1u_U0/grp_evaluate_group_1u_s_fu_448/flicker_render_piudo_U208/flicker_render_pipeline_ap_hmul_4_max_dsp_16_u/U0/i_synth/MULT.OP/MULT/MULT_GEN_VARIANT.FIX_MULT/MULT/gDSP.gDSP_only.iDSP/use_prim.appDSP48[0].bppDSP48[0].use_dsp.use_dsp48e1.iDSP48E1 output U_adder_top/U_flicker/render/render_lane_1u_U0/grp_evaluate_group_1u_s_fu_448/flicker_render_piudo_U208/flicker_render_pipeline_ap_hmul_4_max_dsp_16_u/U0/i_synth/MULT.OP/MULT/MULT_GEN_VARIANT.FIX_MULT/MULT/gDSP.gDSP_only.iDSP/use_prim.appDSP48[0].bppDSP48[0].use_dsp.use_dsp48e1.iDSP48E1/P[47:0] is not pipelined (PREG=0). Pipelining the DSP48 output will improve performance and often saves power so it is suggested whenever possible to fully pipeline this function.  If this DSP48 function was inferred, it is suggested to describe an additional register stage after this function.  If the DSP48 was instantiated in the design, it is suggested to set the PREG attribute to 1.
Related violations: <none>

DPOP-1#134 Warning
PREG Output pipelining  
DSP U_adder_top/U_flicker/render/render_lane_1u_U0/grp_evaluate_group_1u_s_fu_448/flicker_render_piudo_U208/flicker_render_pipeline_ap_hmul_4_max_dsp_16_u/U0/i_synth/MULT.OP/R_AND_R/LOGIC.R_AND_R/DSP48_E1.DSP48E1_ADD.DSP48E1_ADD/DSP output U_adder_top/U_flicker/render/render_lane_1u_U0/grp_evaluate_group_1u_s_fu_448/flicker_render_piudo_U208/flicker_render_pipeline_ap_hmul_4_max_dsp_16_u/U0/i_synth/MULT.OP/R_AND_R/LOGIC.R_AND_R/DSP48_E1.DSP48E1_ADD.DSP48E1_ADD/DSP/P[47:0] is not pipelined (PREG=0). Pipelining the DSP48 output will improve performance and often saves power so it is suggested whenever possible to fully pipeline this function.  If this DSP48 function was inferred, it is suggested to describe an additional register stage after this function.  If the DSP48 was instantiated in the design, it is suggested to set the PREG attribute to 1.
Related violations: <none>

DPOP-1#135 Warning
PREG Output pipelining  
DSP U_adder_top/U_flicker/render/render_lane_1u_U0/grp_evaluate_group_1u_s_fu_448/flicker_render_pixdS_U188/flicker_render_pipeline_ap_hadd_8_full_dsp_16_u/U0/i_synth/ADDSUB_OP.ADDSUB/SPEED_OP.DSP.OP/DSP48E1_BODY_HP.NORM_RND/FULL_USAGE_DSP.SHIFT_RND/DSP output U_adder_top/U_flicker/render/render_lane_1u_U0/grp_evaluate_group_1u_s_fu_448/flicker_render_pixdS_U188/flicker_render_pipeline_ap_hadd_8_full_dsp_16_u/U0/i_synth/ADDSUB_OP.ADDSUB/SPEED_OP.DSP.OP/DSP48E1_BODY_HP.NORM_RND/FULL_USAGE_DSP.SHIFT_RND/DSP/P[47:0] is not pipelined (PREG=0). Pipelining the DSP48 output will improve performance and often saves power so it is suggested whenever possible to fully pipeline this function.  If this DSP48 function was inferred, it is suggested to describe an additional register stage after this function.  If the DSP48 was instantiated in the design, it is suggested to set the PREG attribute to 1.
Related violations: <none>

DPOP-1#136 Warning
PREG Output pipelining  
DSP U_adder_top/U_flicker/render/render_lane_1u_U0/grp_evaluate_group_1u_s_fu_448/flicker_render_pixdS_U189/flicker_render_pipeline_ap_hadd_8_full_dsp_16_u/U0/i_synth/ADDSUB_OP.ADDSUB/SPEED_OP.DSP.OP/DSP48E1_BODY_HP.NORM_RND/FULL_USAGE_DSP.SHIFT_RND/DSP output U_adder_top/U_flicker/render/render_lane_1u_U0/grp_evaluate_group_1u_s_fu_448/flicker_render_pixdS_U189/flicker_render_pipeline_ap_hadd_8_full_dsp_16_u/U0/i_synth/ADDSUB_OP.ADDSUB/SPEED_OP.DSP.OP/DSP48E1_BODY_HP.NORM_RND/FULL_USAGE_DSP.SHIFT_RND/DSP/P[47:0] is not pipelined (PREG=0). Pipelining the DSP48 output will improve performance and often saves power so it is suggested whenever possible to fully pipeline this function.  If this DSP48 function was inferred, it is suggested to describe an additional register stage after this function.  If the DSP48 was instantiated in the design, it is suggested to set the PREG attribute to 1.
Related violations: <none>

DPOP-1#137 Warning
PREG Output pipelining  
DSP U_adder_top/U_flicker/render/render_lane_1u_U0/grp_evaluate_group_1u_s_fu_448/flicker_render_pixdS_U190/flicker_render_pipeline_ap_hadd_8_full_dsp_16_u/U0/i_synth/ADDSUB_OP.ADDSUB/SPEED_OP.DSP.OP/DSP48E1_BODY_HP.NORM_RND/FULL_USAGE_DSP.SHIFT_RND/DSP output U_adder_top/U_flicker/render/render_lane_1u_U0/grp_evaluate_group_1u_s_fu_448/flicker_render_pixdS_U190/flicker_render_pipeline_ap_hadd_8_full_dsp_16_u/U0/i_synth/ADDSUB_OP.ADDSUB/SPEED_OP.DSP.OP/DSP48E1_BODY_HP.NORM_RND/FULL_USAGE_DSP.SHIFT_RND/DSP/P[47:0] is not pipelined (PREG=0). Pipelining the DSP48 output will improve performance and often saves power so it is suggested whenever possible to fully pipeline this function.  If this DSP48 function was inferred, it is suggested to describe an additional register stage after this function.  If the DSP48 was instantiated in the design, it is suggested to set the PREG attribute to 1.
Related violations: <none>

DPOP-1#138 Warning
PREG Output pipelining  
DSP U_adder_top/U_flicker/render/render_lane_1u_U0/grp_evaluate_group_1u_s_fu_448/flicker_render_pixdS_U191/flicker_render_pipeline_ap_hadd_8_full_dsp_16_u/U0/i_synth/ADDSUB_OP.ADDSUB/SPEED_OP.DSP.OP/DSP48E1_BODY_HP.NORM_RND/FULL_USAGE_DSP.SHIFT_RND/DSP output U_adder_top/U_flicker/render/render_lane_1u_U0/grp_evaluate_group_1u_s_fu_448/flicker_render_pixdS_U191/flicker_render_pipeline_ap_hadd_8_full_dsp_16_u/U0/i_synth/ADDSUB_OP.ADDSUB/SPEED_OP.DSP.OP/DSP48E1_BODY_HP.NORM_RND/FULL_USAGE_DSP.SHIFT_RND/DSP/P[47:0] is not pipelined (PREG=0). Pipelining the DSP48 output will improve performance and often saves power so it is suggested whenever possible to fully pipeline this function.  If this DSP48 function was inferred, it is suggested to describe an additional register stage after this function.  If the DSP48 was instantiated in the design, it is suggested to set the PREG attribute to 1.
Related violations: <none>

DPOP-1#139 Warning
PREG Output pipelining  
DSP U_adder_top/U_flicker/render/render_lane_1u_U0/grp_evaluate_group_1u_s_fu_448/flicker_render_piyd2_U192/flicker_render_pipeline_ap_hsub_8_full_dsp_16_u/U0/i_synth/ADDSUB_OP.ADDSUB/SPEED_OP.DSP.OP/DSP48E1_BODY_HP.NORM_RND/FULL_USAGE_DSP.SHIFT_RND/DSP output U_adder_top/U_flicker/render/render_lane_1u_U0/grp_evaluate_group_1u_s_fu_448/flicker_render_piyd2_U192/flicker_render_pipeline_ap_hsub_8_full_dsp_16_u/U0/i_synth/ADDSUB_OP.ADDSUB/SPEED_OP.DSP.OP/DSP48E1_BODY_HP.NORM_RND/FULL_USAGE_DSP.SHIFT_RND/DSP/P[47:0] is not pipelined (PREG=0). Pipelining the DSP48 output will improve performance and often saves power so it is suggested whenever possible to fully pipeline this function.  If this DSP48 function was inferred, it is suggested to describe an additional register stage after this function.  If the DSP48 was instantiated in the design, it is suggested to set the PREG attribute to 1.
Related violations: <none>

DPOP-1#140 Warning
PREG Output pipelining  
DSP U_adder_top/U_flicker/render/render_lane_1u_U0/grp_evaluate_group_1u_s_fu_448/flicker_render_piyd2_U193/flicker_render_pipeline_ap_hsub_8_full_dsp_16_u/U0/i_synth/ADDSUB_OP.ADDSUB/SPEED_OP.DSP.OP/DSP48E1_BODY_HP.NORM_RND/FULL_USAGE_DSP.SHIFT_RND/DSP output U_adder_top/U_flicker/render/render_lane_1u_U0/grp_evaluate_group_1u_s_fu_448/flicker_render_piyd2_U193/flicker_render_pipeline_ap_hsub_8_full_dsp_16_u/U0/i_synth/ADDSUB_OP.ADDSUB/SPEED_OP.DSP.OP/DSP48E1_BODY_HP.NORM_RND/FULL_USAGE_DSP.SHIFT_RND/DSP/P[47:0] is not pipelined (PREG=0). Pipelining the DSP48 output will improve performance and often saves power so it is suggested whenever possible to fully pipeline this function.  If this DSP48 function was inferred, it is suggested to describe an additional register stage after this function.  If the DSP48 was instantiated in the design, it is suggested to set the PREG attribute to 1.
Related violations: <none>

DPOP-1#141 Warning
PREG Output pipelining  
DSP U_adder_top/U_flicker/render/render_lane_1u_U0/grp_evaluate_group_1u_s_fu_448/flicker_render_piyd2_U194/flicker_render_pipeline_ap_hsub_8_full_dsp_16_u/U0/i_synth/ADDSUB_OP.ADDSUB/SPEED_OP.DSP.OP/DSP48E1_BODY_HP.NORM_RND/FULL_USAGE_DSP.SHIFT_RND/DSP output U_adder_top/U_flicker/render/render_lane_1u_U0/grp_evaluate_group_1u_s_fu_448/flicker_render_piyd2_U194/flicker_render_pipeline_ap_hsub_8_full_dsp_16_u/U0/i_synth/ADDSUB_OP.ADDSUB/SPEED_OP.DSP.OP/DSP48E1_BODY_HP.NORM_RND/FULL_USAGE_DSP.SHIFT_RND/DSP/P[47:0] is not pipelined (PREG=0). Pipelining the DSP48 output will improve performance and often saves power so it is suggested whenever possible to fully pipeline this function.  If this DSP48 function was inferred, it is suggested to describe an additional register stage after this function.  If the DSP48 was instantiated in the design, it is suggested to set the PREG attribute to 1.
Related violations: <none>

DPOP-1#142 Warning
PREG Output pipelining  
DSP U_adder_top/U_flicker/render/render_lane_1u_U0/grp_evaluate_group_1u_s_fu_448/flicker_render_piyd2_U195/flicker_render_pipeline_ap_hsub_8_full_dsp_16_u/U0/i_synth/ADDSUB_OP.ADDSUB/SPEED_OP.DSP.OP/DSP48E1_BODY_HP.NORM_RND/FULL_USAGE_DSP.SHIFT_RND/DSP output U_adder_top/U_flicker/render/render_lane_1u_U0/grp_evaluate_group_1u_s_fu_448/flicker_render_piyd2_U195/flicker_render_pipeline_ap_hsub_8_full_dsp_16_u/U0/i_synth/ADDSUB_OP.ADDSUB/SPEED_OP.DSP.OP/DSP48E1_BODY_HP.NORM_RND/FULL_USAGE_DSP.SHIFT_RND/DSP/P[47:0] is not pipelined (PREG=0). Pipelining the DSP48 output will improve performance and often saves power so it is suggested whenever possible to fully pipeline this function.  If this DSP48 function was inferred, it is suggested to describe an additional register stage after this function.  If the DSP48 was instantiated in the design, it is suggested to set the PREG attribute to 1.
Related violations: <none>

DPOP-1#143 Warning
PREG Output pipelining  
DSP U_adder_top/U_flicker/render/render_lane_2u_U0/flicker_render_piudo_U269/flicker_render_pipeline_ap_hmul_4_max_dsp_16_u/U0/i_synth/MULT.OP/MULT/MULT_GEN_VARIANT.FIX_MULT/MULT/gDSP.gDSP_only.iDSP/use_prim.appDSP48[0].bppDSP48[0].use_dsp.use_dsp48e1.iDSP48E1 output U_adder_top/U_flicker/render/render_lane_2u_U0/flicker_render_piudo_U269/flicker_render_pipeline_ap_hmul_4_max_dsp_16_u/U0/i_synth/MULT.OP/MULT/MULT_GEN_VARIANT.FIX_MULT/MULT/gDSP.gDSP_only.iDSP/use_prim.appDSP48[0].bppDSP48[0].use_dsp.use_dsp48e1.iDSP48E1/PATTERNDETECT is not pipelined (PREG=0). Pipelining the DSP48 output will improve performance and often saves power so it is suggested whenever possible to fully pipeline this function.  If this DSP48 function was inferred, it is suggested to describe an additional register stage after this function.  If the DSP48 was instantiated in the design, it is suggested to set the PREG attribute to 1.
Related violations: <none>

DPOP-1#144 Warning
PREG Output pipelining  
DSP U_adder_top/U_flicker/render/render_lane_2u_U0/flicker_render_piudo_U269/flicker_render_pipeline_ap_hmul_4_max_dsp_16_u/U0/i_synth/MULT.OP/MULT/MULT_GEN_VARIANT.FIX_MULT/MULT/gDSP.gDSP_only.iDSP/use_prim.appDSP48[0].bppDSP48[0].use_dsp.use_dsp48e1.iDSP48E1 output U_adder_top/U_flicker/render/render_lane_2u_U0/flicker_render_piudo_U269/flicker_render_pipeline_ap_hmul_4_max_dsp_16_u/U0/i_synth/MULT.OP/MULT/MULT_GEN_VARIANT.FIX_MULT/MULT/gDSP.gDSP_only.iDSP/use_prim.appDSP48[0].bppDSP48[0].use_dsp.use_dsp48e1.iDSP48E1/P[47:0] is not pipelined (PREG=0). Pipelining the DSP48 output will improve performance and often saves power so it is suggested whenever possible to fully pipeline this function.  If this DSP48 function was inferred, it is suggested to describe an additional register stage after this function.  If the DSP48 was instantiated in the design, it is suggested to set the PREG attribute to 1.
Related violations: <none>

DPOP-1#145 Warning
PREG Output pipelining  
DSP U_adder_top/U_flicker/render/render_lane_2u_U0/flicker_render_piudo_U269/flicker_render_pipeline_ap_hmul_4_max_dsp_16_u/U0/i_synth/MULT.OP/R_AND_R/LOGIC.R_AND_R/DSP48_E1.DSP48E1_ADD.DSP48E1_ADD/DSP output U_adder_top/U_flicker/render/render_lane_2u_U0/flicker_render_piudo_U269/flicker_render_pipeline_ap_hmul_4_max_dsp_16_u/U0/i_synth/MULT.OP/R_AND_R/LOGIC.R_AND_R/DSP48_E1.DSP48E1_ADD.DSP48E1_ADD/DSP/P[47:0] is not pipelined (PREG=0). Pipelining the DSP48 output will improve performance and often saves power so it is suggested whenever possible to fully pipeline this function.  If this DSP48 function was inferred, it is suggested to describe an additional register stage after this function.  If the DSP48 was instantiated in the design, it is suggested to set the PREG attribute to 1.
Related violations: <none>

DPOP-1#146 Warning
PREG Output pipelining  
DSP U_adder_top/U_flicker/render/render_lane_2u_U0/flicker_render_piudo_U270/flicker_render_pipeline_ap_hmul_4_max_dsp_16_u/U0/i_synth/MULT.OP/MULT/MULT_GEN_VARIANT.FIX_MULT/MULT/gDSP.gDSP_only.iDSP/use_prim.appDSP48[0].bppDSP48[0].use_dsp.use_dsp48e1.iDSP48E1 output U_adder_top/U_flicker/render/render_lane_2u_U0/flicker_render_piudo_U270/flicker_render_pipeline_ap_hmul_4_max_dsp_16_u/U0/i_synth/MULT.OP/MULT/MULT_GEN_VARIANT.FIX_MULT/MULT/gDSP.gDSP_only.iDSP/use_prim.appDSP48[0].bppDSP48[0].use_dsp.use_dsp48e1.iDSP48E1/PATTERNDETECT is not pipelined (PREG=0). Pipelining the DSP48 output will improve performance and often saves power so it is suggested whenever possible to fully pipeline this function.  If this DSP48 function was inferred, it is suggested to describe an additional register stage after this function.  If the DSP48 was instantiated in the design, it is suggested to set the PREG attribute to 1.
Related violations: <none>

DPOP-1#147 Warning
PREG Output pipelining  
DSP U_adder_top/U_flicker/render/render_lane_2u_U0/flicker_render_piudo_U270/flicker_render_pipeline_ap_hmul_4_max_dsp_16_u/U0/i_synth/MULT.OP/MULT/MULT_GEN_VARIANT.FIX_MULT/MULT/gDSP.gDSP_only.iDSP/use_prim.appDSP48[0].bppDSP48[0].use_dsp.use_dsp48e1.iDSP48E1 output U_adder_top/U_flicker/render/render_lane_2u_U0/flicker_render_piudo_U270/flicker_render_pipeline_ap_hmul_4_max_dsp_16_u/U0/i_synth/MULT.OP/MULT/MULT_GEN_VARIANT.FIX_MULT/MULT/gDSP.gDSP_only.iDSP/use_prim.appDSP48[0].bppDSP48[0].use_dsp.use_dsp48e1.iDSP48E1/P[47:0] is not pipelined (PREG=0). Pipelining the DSP48 output will improve performance and often saves power so it is suggested whenever possible to fully pipeline this function.  If this DSP48 function was inferred, it is suggested to describe an additional register stage after this function.  If the DSP48 was instantiated in the design, it is suggested to set the PREG attribute to 1.
Related violations: <none>

DPOP-1#148 Warning
PREG Output pipelining  
DSP U_adder_top/U_flicker/render/render_lane_2u_U0/flicker_render_piudo_U270/flicker_render_pipeline_ap_hmul_4_max_dsp_16_u/U0/i_synth/MULT.OP/R_AND_R/LOGIC.R_AND_R/DSP48_E1.DSP48E1_ADD.DSP48E1_ADD/DSP output U_adder_top/U_flicker/render/render_lane_2u_U0/flicker_render_piudo_U270/flicker_render_pipeline_ap_hmul_4_max_dsp_16_u/U0/i_synth/MULT.OP/R_AND_R/LOGIC.R_AND_R/DSP48_E1.DSP48E1_ADD.DSP48E1_ADD/DSP/P[47:0] is not pipelined (PREG=0). Pipelining the DSP48 output will improve performance and often saves power so it is suggested whenever possible to fully pipeline this function.  If this DSP48 function was inferred, it is suggested to describe an additional register stage after this function.  If the DSP48 was instantiated in the design, it is suggested to set the PREG attribute to 1.
Related violations: <none>

DPOP-1#149 Warning
PREG Output pipelining  
DSP U_adder_top/U_flicker/render/render_lane_2u_U0/flicker_render_piudo_U271/flicker_render_pipeline_ap_hmul_4_max_dsp_16_u/U0/i_synth/MULT.OP/MULT/MULT_GEN_VARIANT.FIX_MULT/MULT/gDSP.gDSP_only.iDSP/use_prim.appDSP48[0].bppDSP48[0].use_dsp.use_dsp48e1.iDSP48E1 output U_adder_top/U_flicker/render/render_lane_2u_U0/flicker_render_piudo_U271/flicker_render_pipeline_ap_hmul_4_max_dsp_16_u/U0/i_synth/MULT.OP/MULT/MULT_GEN_VARIANT.FIX_MULT/MULT/gDSP.gDSP_only.iDSP/use_prim.appDSP48[0].bppDSP48[0].use_dsp.use_dsp48e1.iDSP48E1/PATTERNDETECT is not pipelined (PREG=0). Pipelining the DSP48 output will improve performance and often saves power so it is suggested whenever possible to fully pipeline this function.  If this DSP48 function was inferred, it is suggested to describe an additional register stage after this function.  If the DSP48 was instantiated in the design, it is suggested to set the PREG attribute to 1.
Related violations: <none>

DPOP-1#150 Warning
PREG Output pipelining  
DSP U_adder_top/U_flicker/render/render_lane_2u_U0/flicker_render_piudo_U271/flicker_render_pipeline_ap_hmul_4_max_dsp_16_u/U0/i_synth/MULT.OP/MULT/MULT_GEN_VARIANT.FIX_MULT/MULT/gDSP.gDSP_only.iDSP/use_prim.appDSP48[0].bppDSP48[0].use_dsp.use_dsp48e1.iDSP48E1 output U_adder_top/U_flicker/render/render_lane_2u_U0/flicker_render_piudo_U271/flicker_render_pipeline_ap_hmul_4_max_dsp_16_u/U0/i_synth/MULT.OP/MULT/MULT_GEN_VARIANT.FIX_MULT/MULT/gDSP.gDSP_only.iDSP/use_prim.appDSP48[0].bppDSP48[0].use_dsp.use_dsp48e1.iDSP48E1/P[47:0] is not pipelined (PREG=0). Pipelining the DSP48 output will improve performance and often saves power so it is suggested whenever possible to fully pipeline this function.  If this DSP48 function was inferred, it is suggested to describe an additional register stage after this function.  If the DSP48 was instantiated in the design, it is suggested to set the PREG attribute to 1.
Related violations: <none>

DPOP-1#151 Warning
PREG Output pipelining  
DSP U_adder_top/U_flicker/render/render_lane_2u_U0/flicker_render_piudo_U271/flicker_render_pipeline_ap_hmul_4_max_dsp_16_u/U0/i_synth/MULT.OP/R_AND_R/LOGIC.R_AND_R/DSP48_E1.DSP48E1_ADD.DSP48E1_ADD/DSP output U_adder_top/U_flicker/render/render_lane_2u_U0/flicker_render_piudo_U271/flicker_render_pipeline_ap_hmul_4_max_dsp_16_u/U0/i_synth/MULT.OP/R_AND_R/LOGIC.R_AND_R/DSP48_E1.DSP48E1_ADD.DSP48E1_ADD/DSP/P[47:0] is not pipelined (PREG=0). Pipelining the DSP48 output will improve performance and often saves power so it is suggested whenever possible to fully pipeline this function.  If this DSP48 function was inferred, it is suggested to describe an additional register stage after this function.  If the DSP48 was instantiated in the design, it is suggested to set the PREG attribute to 1.
Related violations: <none>

DPOP-1#152 Warning
PREG Output pipelining  
DSP U_adder_top/U_flicker/render/render_lane_2u_U0/flicker_render_pixdS_U266/flicker_render_pipeline_ap_hadd_8_full_dsp_16_u/U0/i_synth/ADDSUB_OP.ADDSUB/SPEED_OP.DSP.OP/DSP48E1_BODY_HP.NORM_RND/FULL_USAGE_DSP.SHIFT_RND/DSP output U_adder_top/U_flicker/render/render_lane_2u_U0/flicker_render_pixdS_U266/flicker_render_pipeline_ap_hadd_8_full_dsp_16_u/U0/i_synth/ADDSUB_OP.ADDSUB/SPEED_OP.DSP.OP/DSP48E1_BODY_HP.NORM_RND/FULL_USAGE_DSP.SHIFT_RND/DSP/P[47:0] is not pipelined (PREG=0). Pipelining the DSP48 output will improve performance and often saves power so it is suggested whenever possible to fully pipeline this function.  If this DSP48 function was inferred, it is suggested to describe an additional register stage after this function.  If the DSP48 was instantiated in the design, it is suggested to set the PREG attribute to 1.
Related violations: <none>

DPOP-1#153 Warning
PREG Output pipelining  
DSP U_adder_top/U_flicker/render/render_lane_2u_U0/flicker_render_pixdS_U267/flicker_render_pipeline_ap_hadd_8_full_dsp_16_u/U0/i_synth/ADDSUB_OP.ADDSUB/SPEED_OP.DSP.OP/DSP48E1_BODY_HP.NORM_RND/FULL_USAGE_DSP.SHIFT_RND/DSP output U_adder_top/U_flicker/render/render_lane_2u_U0/flicker_render_pixdS_U267/flicker_render_pipeline_ap_hadd_8_full_dsp_16_u/U0/i_synth/ADDSUB_OP.ADDSUB/SPEED_OP.DSP.OP/DSP48E1_BODY_HP.NORM_RND/FULL_USAGE_DSP.SHIFT_RND/DSP/P[47:0] is not pipelined (PREG=0). Pipelining the DSP48 output will improve performance and often saves power so it is suggested whenever possible to fully pipeline this function.  If this DSP48 function was inferred, it is suggested to describe an additional register stage after this function.  If the DSP48 was instantiated in the design, it is suggested to set the PREG attribute to 1.
Related violations: <none>

DPOP-1#154 Warning
PREG Output pipelining  
DSP U_adder_top/U_flicker/render/render_lane_2u_U0/flicker_render_pixdS_U268/flicker_render_pipeline_ap_hadd_8_full_dsp_16_u/U0/i_synth/ADDSUB_OP.ADDSUB/SPEED_OP.DSP.OP/DSP48E1_BODY_HP.NORM_RND/FULL_USAGE_DSP.SHIFT_RND/DSP output U_adder_top/U_flicker/render/render_lane_2u_U0/flicker_render_pixdS_U268/flicker_render_pipeline_ap_hadd_8_full_dsp_16_u/U0/i_synth/ADDSUB_OP.ADDSUB/SPEED_OP.DSP.OP/DSP48E1_BODY_HP.NORM_RND/FULL_USAGE_DSP.SHIFT_RND/DSP/P[47:0] is not pipelined (PREG=0). Pipelining the DSP48 output will improve performance and often saves power so it is suggested whenever possible to fully pipeline this function.  If this DSP48 function was inferred, it is suggested to describe an additional register stage after this function.  If the DSP48 was instantiated in the design, it is suggested to set the PREG attribute to 1.
Related violations: <none>

DPOP-1#155 Warning
PREG Output pipelining  
DSP U_adder_top/U_flicker/render/render_lane_2u_U0/grp_evaluate_group_2u_s_fu_454/flicker_render_piudo_U241/flicker_render_pipeline_ap_hmul_4_max_dsp_16_u/U0/i_synth/MULT.OP/MULT/MULT_GEN_VARIANT.FIX_MULT/MULT/gDSP.gDSP_only.iDSP/use_prim.appDSP48[0].bppDSP48[0].use_dsp.use_dsp48e1.iDSP48E1 output U_adder_top/U_flicker/render/render_lane_2u_U0/grp_evaluate_group_2u_s_fu_454/flicker_render_piudo_U241/flicker_render_pipeline_ap_hmul_4_max_dsp_16_u/U0/i_synth/MULT.OP/MULT/MULT_GEN_VARIANT.FIX_MULT/MULT/gDSP.gDSP_only.iDSP/use_prim.appDSP48[0].bppDSP48[0].use_dsp.use_dsp48e1.iDSP48E1/PATTERNDETECT is not pipelined (PREG=0). Pipelining the DSP48 output will improve performance and often saves power so it is suggested whenever possible to fully pipeline this function.  If this DSP48 function was inferred, it is suggested to describe an additional register stage after this function.  If the DSP48 was instantiated in the design, it is suggested to set the PREG attribute to 1.
Related violations: <none>

DPOP-1#156 Warning
PREG Output pipelining  
DSP U_adder_top/U_flicker/render/render_lane_2u_U0/grp_evaluate_group_2u_s_fu_454/flicker_render_piudo_U241/flicker_render_pipeline_ap_hmul_4_max_dsp_16_u/U0/i_synth/MULT.OP/MULT/MULT_GEN_VARIANT.FIX_MULT/MULT/gDSP.gDSP_only.iDSP/use_prim.appDSP48[0].bppDSP48[0].use_dsp.use_dsp48e1.iDSP48E1 output U_adder_top/U_flicker/render/render_lane_2u_U0/grp_evaluate_group_2u_s_fu_454/flicker_render_piudo_U241/flicker_render_pipeline_ap_hmul_4_max_dsp_16_u/U0/i_synth/MULT.OP/MULT/MULT_GEN_VARIANT.FIX_MULT/MULT/gDSP.gDSP_only.iDSP/use_prim.appDSP48[0].bppDSP48[0].use_dsp.use_dsp48e1.iDSP48E1/P[47:0] is not pipelined (PREG=0). Pipelining the DSP48 output will improve performance and often saves power so it is suggested whenever possible to fully pipeline this function.  If this DSP48 function was inferred, it is suggested to describe an additional register stage after this function.  If the DSP48 was instantiated in the design, it is suggested to set the PREG attribute to 1.
Related violations: <none>

DPOP-1#157 Warning
PREG Output pipelining  
DSP U_adder_top/U_flicker/render/render_lane_2u_U0/grp_evaluate_group_2u_s_fu_454/flicker_render_piudo_U241/flicker_render_pipeline_ap_hmul_4_max_dsp_16_u/U0/i_synth/MULT.OP/R_AND_R/LOGIC.R_AND_R/DSP48_E1.DSP48E1_ADD.DSP48E1_ADD/DSP output U_adder_top/U_flicker/render/render_lane_2u_U0/grp_evaluate_group_2u_s_fu_454/flicker_render_piudo_U241/flicker_render_pipeline_ap_hmul_4_max_dsp_16_u/U0/i_synth/MULT.OP/R_AND_R/LOGIC.R_AND_R/DSP48_E1.DSP48E1_ADD.DSP48E1_ADD/DSP/P[47:0] is not pipelined (PREG=0). Pipelining the DSP48 output will improve performance and often saves power so it is suggested whenever possible to fully pipeline this function.  If this DSP48 function was inferred, it is suggested to describe an additional register stage after this function.  If the DSP48 was instantiated in the design, it is suggested to set the PREG attribute to 1.
Related violations: <none>

DPOP-1#158 Warning
PREG Output pipelining  
DSP U_adder_top/U_flicker/render/render_lane_2u_U0/grp_evaluate_group_2u_s_fu_454/flicker_render_piudo_U242/flicker_render_pipeline_ap_hmul_4_max_dsp_16_u/U0/i_synth/MULT.OP/MULT/MULT_GEN_VARIANT.FIX_MULT/MULT/gDSP.gDSP_only.iDSP/use_prim.appDSP48[0].bppDSP48[0].use_dsp.use_dsp48e1.iDSP48E1 output U_adder_top/U_flicker/render/render_lane_2u_U0/grp_evaluate_group_2u_s_fu_454/flicker_render_piudo_U242/flicker_render_pipeline_ap_hmul_4_max_dsp_16_u/U0/i_synth/MULT.OP/MULT/MULT_GEN_VARIANT.FIX_MULT/MULT/gDSP.gDSP_only.iDSP/use_prim.appDSP48[0].bppDSP48[0].use_dsp.use_dsp48e1.iDSP48E1/PATTERNDETECT is not pipelined (PREG=0). Pipelining the DSP48 output will improve performance and often saves power so it is suggested whenever possible to fully pipeline this function.  If this DSP48 function was inferred, it is suggested to describe an additional register stage after this function.  If the DSP48 was instantiated in the design, it is suggested to set the PREG attribute to 1.
Related violations: <none>

DPOP-1#159 Warning
PREG Output pipelining  
DSP U_adder_top/U_flicker/render/render_lane_2u_U0/grp_evaluate_group_2u_s_fu_454/flicker_render_piudo_U242/flicker_render_pipeline_ap_hmul_4_max_dsp_16_u/U0/i_synth/MULT.OP/MULT/MULT_GEN_VARIANT.FIX_MULT/MULT/gDSP.gDSP_only.iDSP/use_prim.appDSP48[0].bppDSP48[0].use_dsp.use_dsp48e1.iDSP48E1 output U_adder_top/U_flicker/render/render_lane_2u_U0/grp_evaluate_group_2u_s_fu_454/flicker_render_piudo_U242/flicker_render_pipeline_ap_hmul_4_max_dsp_16_u/U0/i_synth/MULT.OP/MULT/MULT_GEN_VARIANT.FIX_MULT/MULT/gDSP.gDSP_only.iDSP/use_prim.appDSP48[0].bppDSP48[0].use_dsp.use_dsp48e1.iDSP48E1/P[47:0] is not pipelined (PREG=0). Pipelining the DSP48 output will improve performance and often saves power so it is suggested whenever possible to fully pipeline this function.  If this DSP48 function was inferred, it is suggested to describe an additional register stage after this function.  If the DSP48 was instantiated in the design, it is suggested to set the PREG attribute to 1.
Related violations: <none>

DPOP-1#160 Warning
PREG Output pipelining  
DSP U_adder_top/U_flicker/render/render_lane_2u_U0/grp_evaluate_group_2u_s_fu_454/flicker_render_piudo_U242/flicker_render_pipeline_ap_hmul_4_max_dsp_16_u/U0/i_synth/MULT.OP/R_AND_R/LOGIC.R_AND_R/DSP48_E1.DSP48E1_ADD.DSP48E1_ADD/DSP output U_adder_top/U_flicker/render/render_lane_2u_U0/grp_evaluate_group_2u_s_fu_454/flicker_render_piudo_U242/flicker_render_pipeline_ap_hmul_4_max_dsp_16_u/U0/i_synth/MULT.OP/R_AND_R/LOGIC.R_AND_R/DSP48_E1.DSP48E1_ADD.DSP48E1_ADD/DSP/P[47:0] is not pipelined (PREG=0). Pipelining the DSP48 output will improve performance and often saves power so it is suggested whenever possible to fully pipeline this function.  If this DSP48 function was inferred, it is suggested to describe an additional register stage after this function.  If the DSP48 was instantiated in the design, it is suggested to set the PREG attribute to 1.
Related violations: <none>

DPOP-1#161 Warning
PREG Output pipelining  
DSP U_adder_top/U_flicker/render/render_lane_2u_U0/grp_evaluate_group_2u_s_fu_454/flicker_render_piudo_U243/flicker_render_pipeline_ap_hmul_4_max_dsp_16_u/U0/i_synth/MULT.OP/MULT/MULT_GEN_VARIANT.FIX_MULT/MULT/gDSP.gDSP_only.iDSP/use_prim.appDSP48[0].bppDSP48[0].use_dsp.use_dsp48e1.iDSP48E1 output U_adder_top/U_flicker/render/render_lane_2u_U0/grp_evaluate_group_2u_s_fu_454/flicker_render_piudo_U243/flicker_render_pipeline_ap_hmul_4_max_dsp_16_u/U0/i_synth/MULT.OP/MULT/MULT_GEN_VARIANT.FIX_MULT/MULT/gDSP.gDSP_only.iDSP/use_prim.appDSP48[0].bppDSP48[0].use_dsp.use_dsp48e1.iDSP48E1/PATTERNDETECT is not pipelined (PREG=0). Pipelining the DSP48 output will improve performance and often saves power so it is suggested whenever possible to fully pipeline this function.  If this DSP48 function was inferred, it is suggested to describe an additional register stage after this function.  If the DSP48 was instantiated in the design, it is suggested to set the PREG attribute to 1.
Related violations: <none>

DPOP-1#162 Warning
PREG Output pipelining  
DSP U_adder_top/U_flicker/render/render_lane_2u_U0/grp_evaluate_group_2u_s_fu_454/flicker_render_piudo_U243/flicker_render_pipeline_ap_hmul_4_max_dsp_16_u/U0/i_synth/MULT.OP/MULT/MULT_GEN_VARIANT.FIX_MULT/MULT/gDSP.gDSP_only.iDSP/use_prim.appDSP48[0].bppDSP48[0].use_dsp.use_dsp48e1.iDSP48E1 output U_adder_top/U_flicker/render/render_lane_2u_U0/grp_evaluate_group_2u_s_fu_454/flicker_render_piudo_U243/flicker_render_pipeline_ap_hmul_4_max_dsp_16_u/U0/i_synth/MULT.OP/MULT/MULT_GEN_VARIANT.FIX_MULT/MULT/gDSP.gDSP_only.iDSP/use_prim.appDSP48[0].bppDSP48[0].use_dsp.use_dsp48e1.iDSP48E1/P[47:0] is not pipelined (PREG=0). Pipelining the DSP48 output will improve performance and often saves power so it is suggested whenever possible to fully pipeline this function.  If this DSP48 function was inferred, it is suggested to describe an additional register stage after this function.  If the DSP48 was instantiated in the design, it is suggested to set the PREG attribute to 1.
Related violations: <none>

DPOP-1#163 Warning
PREG Output pipelining  
DSP U_adder_top/U_flicker/render/render_lane_2u_U0/grp_evaluate_group_2u_s_fu_454/flicker_render_piudo_U243/flicker_render_pipeline_ap_hmul_4_max_dsp_16_u/U0/i_synth/MULT.OP/R_AND_R/LOGIC.R_AND_R/DSP48_E1.DSP48E1_ADD.DSP48E1_ADD/DSP output U_adder_top/U_flicker/render/render_lane_2u_U0/grp_evaluate_group_2u_s_fu_454/flicker_render_piudo_U243/flicker_render_pipeline_ap_hmul_4_max_dsp_16_u/U0/i_synth/MULT.OP/R_AND_R/LOGIC.R_AND_R/DSP48_E1.DSP48E1_ADD.DSP48E1_ADD/DSP/P[47:0] is not pipelined (PREG=0). Pipelining the DSP48 output will improve performance and often saves power so it is suggested whenever possible to fully pipeline this function.  If this DSP48 function was inferred, it is suggested to describe an additional register stage after this function.  If the DSP48 was instantiated in the design, it is suggested to set the PREG attribute to 1.
Related violations: <none>

DPOP-1#164 Warning
PREG Output pipelining  
DSP U_adder_top/U_flicker/render/render_lane_2u_U0/grp_evaluate_group_2u_s_fu_454/flicker_render_piudo_U244/flicker_render_pipeline_ap_hmul_4_max_dsp_16_u/U0/i_synth/MULT.OP/MULT/MULT_GEN_VARIANT.FIX_MULT/MULT/gDSP.gDSP_only.iDSP/use_prim.appDSP48[0].bppDSP48[0].use_dsp.use_dsp48e1.iDSP48E1 output U_adder_top/U_flicker/render/render_lane_2u_U0/grp_evaluate_group_2u_s_fu_454/flicker_render_piudo_U244/flicker_render_pipeline_ap_hmul_4_max_dsp_16_u/U0/i_synth/MULT.OP/MULT/MULT_GEN_VARIANT.FIX_MULT/MULT/gDSP.gDSP_only.iDSP/use_prim.appDSP48[0].bppDSP48[0].use_dsp.use_dsp48e1.iDSP48E1/PATTERNDETECT is not pipelined (PREG=0). Pipelining the DSP48 output will improve performance and often saves power so it is suggested whenever possible to fully pipeline this function.  If this DSP48 function was inferred, it is suggested to describe an additional register stage after this function.  If the DSP48 was instantiated in the design, it is suggested to set the PREG attribute to 1.
Related violations: <none>

DPOP-1#165 Warning
PREG Output pipelining  
DSP U_adder_top/U_flicker/render/render_lane_2u_U0/grp_evaluate_group_2u_s_fu_454/flicker_render_piudo_U244/flicker_render_pipeline_ap_hmul_4_max_dsp_16_u/U0/i_synth/MULT.OP/MULT/MULT_GEN_VARIANT.FIX_MULT/MULT/gDSP.gDSP_only.iDSP/use_prim.appDSP48[0].bppDSP48[0].use_dsp.use_dsp48e1.iDSP48E1 output U_adder_top/U_flicker/render/render_lane_2u_U0/grp_evaluate_group_2u_s_fu_454/flicker_render_piudo_U244/flicker_render_pipeline_ap_hmul_4_max_dsp_16_u/U0/i_synth/MULT.OP/MULT/MULT_GEN_VARIANT.FIX_MULT/MULT/gDSP.gDSP_only.iDSP/use_prim.appDSP48[0].bppDSP48[0].use_dsp.use_dsp48e1.iDSP48E1/P[47:0] is not pipelined (PREG=0). Pipelining the DSP48 output will improve performance and often saves power so it is suggested whenever possible to fully pipeline this function.  If this DSP48 function was inferred, it is suggested to describe an additional register stage after this function.  If the DSP48 was instantiated in the design, it is suggested to set the PREG attribute to 1.
Related violations: <none>

DPOP-1#166 Warning
PREG Output pipelining  
DSP U_adder_top/U_flicker/render/render_lane_2u_U0/grp_evaluate_group_2u_s_fu_454/flicker_render_piudo_U244/flicker_render_pipeline_ap_hmul_4_max_dsp_16_u/U0/i_synth/MULT.OP/R_AND_R/LOGIC.R_AND_R/DSP48_E1.DSP48E1_ADD.DSP48E1_ADD/DSP output U_adder_top/U_flicker/render/render_lane_2u_U0/grp_evaluate_group_2u_s_fu_454/flicker_render_piudo_U244/flicker_render_pipeline_ap_hmul_4_max_dsp_16_u/U0/i_synth/MULT.OP/R_AND_R/LOGIC.R_AND_R/DSP48_E1.DSP48E1_ADD.DSP48E1_ADD/DSP/P[47:0] is not pipelined (PREG=0). Pipelining the DSP48 output will improve performance and often saves power so it is suggested whenever possible to fully pipeline this function.  If this DSP48 function was inferred, it is suggested to describe an additional register stage after this function.  If the DSP48 was instantiated in the design, it is suggested to set the PREG attribute to 1.
Related violations: <none>

DPOP-1#167 Warning
PREG Output pipelining  
DSP U_adder_top/U_flicker/render/render_lane_2u_U0/grp_evaluate_group_2u_s_fu_454/flicker_render_piudo_U245/flicker_render_pipeline_ap_hmul_4_max_dsp_16_u/U0/i_synth/MULT.OP/MULT/MULT_GEN_VARIANT.FIX_MULT/MULT/gDSP.gDSP_only.iDSP/use_prim.appDSP48[0].bppDSP48[0].use_dsp.use_dsp48e1.iDSP48E1 output U_adder_top/U_flicker/render/render_lane_2u_U0/grp_evaluate_group_2u_s_fu_454/flicker_render_piudo_U245/flicker_render_pipeline_ap_hmul_4_max_dsp_16_u/U0/i_synth/MULT.OP/MULT/MULT_GEN_VARIANT.FIX_MULT/MULT/gDSP.gDSP_only.iDSP/use_prim.appDSP48[0].bppDSP48[0].use_dsp.use_dsp48e1.iDSP48E1/PATTERNDETECT is not pipelined (PREG=0). Pipelining the DSP48 output will improve performance and often saves power so it is suggested whenever possible to fully pipeline this function.  If this DSP48 function was inferred, it is suggested to describe an additional register stage after this function.  If the DSP48 was instantiated in the design, it is suggested to set the PREG attribute to 1.
Related violations: <none>

DPOP-1#168 Warning
PREG Output pipelining  
DSP U_adder_top/U_flicker/render/render_lane_2u_U0/grp_evaluate_group_2u_s_fu_454/flicker_render_piudo_U245/flicker_render_pipeline_ap_hmul_4_max_dsp_16_u/U0/i_synth/MULT.OP/MULT/MULT_GEN_VARIANT.FIX_MULT/MULT/gDSP.gDSP_only.iDSP/use_prim.appDSP48[0].bppDSP48[0].use_dsp.use_dsp48e1.iDSP48E1 output U_adder_top/U_flicker/render/render_lane_2u_U0/grp_evaluate_group_2u_s_fu_454/flicker_render_piudo_U245/flicker_render_pipeline_ap_hmul_4_max_dsp_16_u/U0/i_synth/MULT.OP/MULT/MULT_GEN_VARIANT.FIX_MULT/MULT/gDSP.gDSP_only.iDSP/use_prim.appDSP48[0].bppDSP48[0].use_dsp.use_dsp48e1.iDSP48E1/P[47:0] is not pipelined (PREG=0). Pipelining the DSP48 output will improve performance and often saves power so it is suggested whenever possible to fully pipeline this function.  If this DSP48 function was inferred, it is suggested to describe an additional register stage after this function.  If the DSP48 was instantiated in the design, it is suggested to set the PREG attribute to 1.
Related violations: <none>

DPOP-1#169 Warning
PREG Output pipelining  
DSP U_adder_top/U_flicker/render/render_lane_2u_U0/grp_evaluate_group_2u_s_fu_454/flicker_render_piudo_U245/flicker_render_pipeline_ap_hmul_4_max_dsp_16_u/U0/i_synth/MULT.OP/R_AND_R/LOGIC.R_AND_R/DSP48_E1.DSP48E1_ADD.DSP48E1_ADD/DSP output U_adder_top/U_flicker/render/render_lane_2u_U0/grp_evaluate_group_2u_s_fu_454/flicker_render_piudo_U245/flicker_render_pipeline_ap_hmul_4_max_dsp_16_u/U0/i_synth/MULT.OP/R_AND_R/LOGIC.R_AND_R/DSP48_E1.DSP48E1_ADD.DSP48E1_ADD/DSP/P[47:0] is not pipelined (PREG=0). Pipelining the DSP48 output will improve performance and often saves power so it is suggested whenever possible to fully pipeline this function.  If this DSP48 function was inferred, it is suggested to describe an additional register stage after this function.  If the DSP48 was instantiated in the design, it is suggested to set the PREG attribute to 1.
Related violations: <none>

DPOP-1#170 Warning
PREG Output pipelining  
DSP U_adder_top/U_flicker/render/render_lane_2u_U0/grp_evaluate_group_2u_s_fu_454/flicker_render_piudo_U246/flicker_render_pipeline_ap_hmul_4_max_dsp_16_u/U0/i_synth/MULT.OP/MULT/MULT_GEN_VARIANT.FIX_MULT/MULT/gDSP.gDSP_only.iDSP/use_prim.appDSP48[0].bppDSP48[0].use_dsp.use_dsp48e1.iDSP48E1 output U_adder_top/U_flicker/render/render_lane_2u_U0/grp_evaluate_group_2u_s_fu_454/flicker_render_piudo_U246/flicker_render_pipeline_ap_hmul_4_max_dsp_16_u/U0/i_synth/MULT.OP/MULT/MULT_GEN_VARIANT.FIX_MULT/MULT/gDSP.gDSP_only.iDSP/use_prim.appDSP48[0].bppDSP48[0].use_dsp.use_dsp48e1.iDSP48E1/PATTERNDETECT is not pipelined (PREG=0). Pipelining the DSP48 output will improve performance and often saves power so it is suggested whenever possible to fully pipeline this function.  If this DSP48 function was inferred, it is suggested to describe an additional register stage after this function.  If the DSP48 was instantiated in the design, it is suggested to set the PREG attribute to 1.
Related violations: <none>

DPOP-1#171 Warning
PREG Output pipelining  
DSP U_adder_top/U_flicker/render/render_lane_2u_U0/grp_evaluate_group_2u_s_fu_454/flicker_render_piudo_U246/flicker_render_pipeline_ap_hmul_4_max_dsp_16_u/U0/i_synth/MULT.OP/MULT/MULT_GEN_VARIANT.FIX_MULT/MULT/gDSP.gDSP_only.iDSP/use_prim.appDSP48[0].bppDSP48[0].use_dsp.use_dsp48e1.iDSP48E1 output U_adder_top/U_flicker/render/render_lane_2u_U0/grp_evaluate_group_2u_s_fu_454/flicker_render_piudo_U246/flicker_render_pipeline_ap_hmul_4_max_dsp_16_u/U0/i_synth/MULT.OP/MULT/MULT_GEN_VARIANT.FIX_MULT/MULT/gDSP.gDSP_only.iDSP/use_prim.appDSP48[0].bppDSP48[0].use_dsp.use_dsp48e1.iDSP48E1/P[47:0] is not pipelined (PREG=0). Pipelining the DSP48 output will improve performance and often saves power so it is suggested whenever possible to fully pipeline this function.  If this DSP48 function was inferred, it is suggested to describe an additional register stage after this function.  If the DSP48 was instantiated in the design, it is suggested to set the PREG attribute to 1.
Related violations: <none>

DPOP-1#172 Warning
PREG Output pipelining  
DSP U_adder_top/U_flicker/render/render_lane_2u_U0/grp_evaluate_group_2u_s_fu_454/flicker_render_piudo_U246/flicker_render_pipeline_ap_hmul_4_max_dsp_16_u/U0/i_synth/MULT.OP/R_AND_R/LOGIC.R_AND_R/DSP48_E1.DSP48E1_ADD.DSP48E1_ADD/DSP output U_adder_top/U_flicker/render/render_lane_2u_U0/grp_evaluate_group_2u_s_fu_454/flicker_render_piudo_U246/flicker_render_pipeline_ap_hmul_4_max_dsp_16_u/U0/i_synth/MULT.OP/R_AND_R/LOGIC.R_AND_R/DSP48_E1.DSP48E1_ADD.DSP48E1_ADD/DSP/P[47:0] is not pipelined (PREG=0). Pipelining the DSP48 output will improve performance and often saves power so it is suggested whenever possible to fully pipeline this function.  If this DSP48 function was inferred, it is suggested to describe an additional register stage after this function.  If the DSP48 was instantiated in the design, it is suggested to set the PREG attribute to 1.
Related violations: <none>

DPOP-1#173 Warning
PREG Output pipelining  
DSP U_adder_top/U_flicker/render/render_lane_2u_U0/grp_evaluate_group_2u_s_fu_454/flicker_render_piudo_U247/flicker_render_pipeline_ap_hmul_4_max_dsp_16_u/U0/i_synth/MULT.OP/MULT/MULT_GEN_VARIANT.FIX_MULT/MULT/gDSP.gDSP_only.iDSP/use_prim.appDSP48[0].bppDSP48[0].use_dsp.use_dsp48e1.iDSP48E1 output U_adder_top/U_flicker/render/render_lane_2u_U0/grp_evaluate_group_2u_s_fu_454/flicker_render_piudo_U247/flicker_render_pipeline_ap_hmul_4_max_dsp_16_u/U0/i_synth/MULT.OP/MULT/MULT_GEN_VARIANT.FIX_MULT/MULT/gDSP.gDSP_only.iDSP/use_prim.appDSP48[0].bppDSP48[0].use_dsp.use_dsp48e1.iDSP48E1/PATTERNDETECT is not pipelined (PREG=0). Pipelining the DSP48 output will improve performance and often saves power so it is suggested whenever possible to fully pipeline this function.  If this DSP48 function was inferred, it is suggested to describe an additional register stage after this function.  If the DSP48 was instantiated in the design, it is suggested to set the PREG attribute to 1.
Related violations: <none>

DPOP-1#174 Warning
PREG Output pipelining  
DSP U_adder_top/U_flicker/render/render_lane_2u_U0/grp_evaluate_group_2u_s_fu_454/flicker_render_piudo_U247/flicker_render_pipeline_ap_hmul_4_max_dsp_16_u/U0/i_synth/MULT.OP/MULT/MULT_GEN_VARIANT.FIX_MULT/MULT/gDSP.gDSP_only.iDSP/use_prim.appDSP48[0].bppDSP48[0].use_dsp.use_dsp48e1.iDSP48E1 output U_adder_top/U_flicker/render/render_lane_2u_U0/grp_evaluate_group_2u_s_fu_454/flicker_render_piudo_U247/flicker_render_pipeline_ap_hmul_4_max_dsp_16_u/U0/i_synth/MULT.OP/MULT/MULT_GEN_VARIANT.FIX_MULT/MULT/gDSP.gDSP_only.iDSP/use_prim.appDSP48[0].bppDSP48[0].use_dsp.use_dsp48e1.iDSP48E1/P[47:0] is not pipelined (PREG=0). Pipelining the DSP48 output will improve performance and often saves power so it is suggested whenever possible to fully pipeline this function.  If this DSP48 function was inferred, it is suggested to describe an additional register stage after this function.  If the DSP48 was instantiated in the design, it is suggested to set the PREG attribute to 1.
Related violations: <none>

DPOP-1#175 Warning
PREG Output pipelining  
DSP U_adder_top/U_flicker/render/render_lane_2u_U0/grp_evaluate_group_2u_s_fu_454/flicker_render_piudo_U247/flicker_render_pipeline_ap_hmul_4_max_dsp_16_u/U0/i_synth/MULT.OP/R_AND_R/LOGIC.R_AND_R/DSP48_E1.DSP48E1_ADD.DSP48E1_ADD/DSP output U_adder_top/U_flicker/render/render_lane_2u_U0/grp_evaluate_group_2u_s_fu_454/flicker_render_piudo_U247/flicker_render_pipeline_ap_hmul_4_max_dsp_16_u/U0/i_synth/MULT.OP/R_AND_R/LOGIC.R_AND_R/DSP48_E1.DSP48E1_ADD.DSP48E1_ADD/DSP/P[47:0] is not pipelined (PREG=0). Pipelining the DSP48 output will improve performance and often saves power so it is suggested whenever possible to fully pipeline this function.  If this DSP48 function was inferred, it is suggested to describe an additional register stage after this function.  If the DSP48 was instantiated in the design, it is suggested to set the PREG attribute to 1.
Related violations: <none>

DPOP-1#176 Warning
PREG Output pipelining  
DSP U_adder_top/U_flicker/render/render_lane_2u_U0/grp_evaluate_group_2u_s_fu_454/flicker_render_piudo_U248/flicker_render_pipeline_ap_hmul_4_max_dsp_16_u/U0/i_synth/MULT.OP/MULT/MULT_GEN_VARIANT.FIX_MULT/MULT/gDSP.gDSP_only.iDSP/use_prim.appDSP48[0].bppDSP48[0].use_dsp.use_dsp48e1.iDSP48E1 output U_adder_top/U_flicker/render/render_lane_2u_U0/grp_evaluate_group_2u_s_fu_454/flicker_render_piudo_U248/flicker_render_pipeline_ap_hmul_4_max_dsp_16_u/U0/i_synth/MULT.OP/MULT/MULT_GEN_VARIANT.FIX_MULT/MULT/gDSP.gDSP_only.iDSP/use_prim.appDSP48[0].bppDSP48[0].use_dsp.use_dsp48e1.iDSP48E1/PATTERNDETECT is not pipelined (PREG=0). Pipelining the DSP48 output will improve performance and often saves power so it is suggested whenever possible to fully pipeline this function.  If this DSP48 function was inferred, it is suggested to describe an additional register stage after this function.  If the DSP48 was instantiated in the design, it is suggested to set the PREG attribute to 1.
Related violations: <none>

DPOP-1#177 Warning
PREG Output pipelining  
DSP U_adder_top/U_flicker/render/render_lane_2u_U0/grp_evaluate_group_2u_s_fu_454/flicker_render_piudo_U248/flicker_render_pipeline_ap_hmul_4_max_dsp_16_u/U0/i_synth/MULT.OP/MULT/MULT_GEN_VARIANT.FIX_MULT/MULT/gDSP.gDSP_only.iDSP/use_prim.appDSP48[0].bppDSP48[0].use_dsp.use_dsp48e1.iDSP48E1 output U_adder_top/U_flicker/render/render_lane_2u_U0/grp_evaluate_group_2u_s_fu_454/flicker_render_piudo_U248/flicker_render_pipeline_ap_hmul_4_max_dsp_16_u/U0/i_synth/MULT.OP/MULT/MULT_GEN_VARIANT.FIX_MULT/MULT/gDSP.gDSP_only.iDSP/use_prim.appDSP48[0].bppDSP48[0].use_dsp.use_dsp48e1.iDSP48E1/P[47:0] is not pipelined (PREG=0). Pipelining the DSP48 output will improve performance and often saves power so it is suggested whenever possible to fully pipeline this function.  If this DSP48 function was inferred, it is suggested to describe an additional register stage after this function.  If the DSP48 was instantiated in the design, it is suggested to set the PREG attribute to 1.
Related violations: <none>

DPOP-1#178 Warning
PREG Output pipelining  
DSP U_adder_top/U_flicker/render/render_lane_2u_U0/grp_evaluate_group_2u_s_fu_454/flicker_render_piudo_U248/flicker_render_pipeline_ap_hmul_4_max_dsp_16_u/U0/i_synth/MULT.OP/R_AND_R/LOGIC.R_AND_R/DSP48_E1.DSP48E1_ADD.DSP48E1_ADD/DSP output U_adder_top/U_flicker/render/render_lane_2u_U0/grp_evaluate_group_2u_s_fu_454/flicker_render_piudo_U248/flicker_render_pipeline_ap_hmul_4_max_dsp_16_u/U0/i_synth/MULT.OP/R_AND_R/LOGIC.R_AND_R/DSP48_E1.DSP48E1_ADD.DSP48E1_ADD/DSP/P[47:0] is not pipelined (PREG=0). Pipelining the DSP48 output will improve performance and often saves power so it is suggested whenever possible to fully pipeline this function.  If this DSP48 function was inferred, it is suggested to describe an additional register stage after this function.  If the DSP48 was instantiated in the design, it is suggested to set the PREG attribute to 1.
Related violations: <none>

DPOP-1#179 Warning
PREG Output pipelining  
DSP U_adder_top/U_flicker/render/render_lane_2u_U0/grp_evaluate_group_2u_s_fu_454/flicker_render_piudo_U249/flicker_render_pipeline_ap_hmul_4_max_dsp_16_u/U0/i_synth/MULT.OP/MULT/MULT_GEN_VARIANT.FIX_MULT/MULT/gDSP.gDSP_only.iDSP/use_prim.appDSP48[0].bppDSP48[0].use_dsp.use_dsp48e1.iDSP48E1 output U_adder_top/U_flicker/render/render_lane_2u_U0/grp_evaluate_group_2u_s_fu_454/flicker_render_piudo_U249/flicker_render_pipeline_ap_hmul_4_max_dsp_16_u/U0/i_synth/MULT.OP/MULT/MULT_GEN_VARIANT.FIX_MULT/MULT/gDSP.gDSP_only.iDSP/use_prim.appDSP48[0].bppDSP48[0].use_dsp.use_dsp48e1.iDSP48E1/PATTERNDETECT is not pipelined (PREG=0). Pipelining the DSP48 output will improve performance and often saves power so it is suggested whenever possible to fully pipeline this function.  If this DSP48 function was inferred, it is suggested to describe an additional register stage after this function.  If the DSP48 was instantiated in the design, it is suggested to set the PREG attribute to 1.
Related violations: <none>

DPOP-1#180 Warning
PREG Output pipelining  
DSP U_adder_top/U_flicker/render/render_lane_2u_U0/grp_evaluate_group_2u_s_fu_454/flicker_render_piudo_U249/flicker_render_pipeline_ap_hmul_4_max_dsp_16_u/U0/i_synth/MULT.OP/MULT/MULT_GEN_VARIANT.FIX_MULT/MULT/gDSP.gDSP_only.iDSP/use_prim.appDSP48[0].bppDSP48[0].use_dsp.use_dsp48e1.iDSP48E1 output U_adder_top/U_flicker/render/render_lane_2u_U0/grp_evaluate_group_2u_s_fu_454/flicker_render_piudo_U249/flicker_render_pipeline_ap_hmul_4_max_dsp_16_u/U0/i_synth/MULT.OP/MULT/MULT_GEN_VARIANT.FIX_MULT/MULT/gDSP.gDSP_only.iDSP/use_prim.appDSP48[0].bppDSP48[0].use_dsp.use_dsp48e1.iDSP48E1/P[47:0] is not pipelined (PREG=0). Pipelining the DSP48 output will improve performance and often saves power so it is suggested whenever possible to fully pipeline this function.  If this DSP48 function was inferred, it is suggested to describe an additional register stage after this function.  If the DSP48 was instantiated in the design, it is suggested to set the PREG attribute to 1.
Related violations: <none>

DPOP-1#181 Warning
PREG Output pipelining  
DSP U_adder_top/U_flicker/render/render_lane_2u_U0/grp_evaluate_group_2u_s_fu_454/flicker_render_piudo_U249/flicker_render_pipeline_ap_hmul_4_max_dsp_16_u/U0/i_synth/MULT.OP/R_AND_R/LOGIC.R_AND_R/DSP48_E1.DSP48E1_ADD.DSP48E1_ADD/DSP output U_adder_top/U_flicker/render/render_lane_2u_U0/grp_evaluate_group_2u_s_fu_454/flicker_render_piudo_U249/flicker_render_pipeline_ap_hmul_4_max_dsp_16_u/U0/i_synth/MULT.OP/R_AND_R/LOGIC.R_AND_R/DSP48_E1.DSP48E1_ADD.DSP48E1_ADD/DSP/P[47:0] is not pipelined (PREG=0). Pipelining the DSP48 output will improve performance and often saves power so it is suggested whenever possible to fully pipeline this function.  If this DSP48 function was inferred, it is suggested to describe an additional register stage after this function.  If the DSP48 was instantiated in the design, it is suggested to set the PREG attribute to 1.
Related violations: <none>

DPOP-1#182 Warning
PREG Output pipelining  
DSP U_adder_top/U_flicker/render/render_lane_2u_U0/grp_evaluate_group_2u_s_fu_454/flicker_render_piudo_U250/flicker_render_pipeline_ap_hmul_4_max_dsp_16_u/U0/i_synth/MULT.OP/MULT/MULT_GEN_VARIANT.FIX_MULT/MULT/gDSP.gDSP_only.iDSP/use_prim.appDSP48[0].bppDSP48[0].use_dsp.use_dsp48e1.iDSP48E1 output U_adder_top/U_flicker/render/render_lane_2u_U0/grp_evaluate_group_2u_s_fu_454/flicker_render_piudo_U250/flicker_render_pipeline_ap_hmul_4_max_dsp_16_u/U0/i_synth/MULT.OP/MULT/MULT_GEN_VARIANT.FIX_MULT/MULT/gDSP.gDSP_only.iDSP/use_prim.appDSP48[0].bppDSP48[0].use_dsp.use_dsp48e1.iDSP48E1/PATTERNDETECT is not pipelined (PREG=0). Pipelining the DSP48 output will improve performance and often saves power so it is suggested whenever possible to fully pipeline this function.  If this DSP48 function was inferred, it is suggested to describe an additional register stage after this function.  If the DSP48 was instantiated in the design, it is suggested to set the PREG attribute to 1.
Related violations: <none>

DPOP-1#183 Warning
PREG Output pipelining  
DSP U_adder_top/U_flicker/render/render_lane_2u_U0/grp_evaluate_group_2u_s_fu_454/flicker_render_piudo_U250/flicker_render_pipeline_ap_hmul_4_max_dsp_16_u/U0/i_synth/MULT.OP/MULT/MULT_GEN_VARIANT.FIX_MULT/MULT/gDSP.gDSP_only.iDSP/use_prim.appDSP48[0].bppDSP48[0].use_dsp.use_dsp48e1.iDSP48E1 output U_adder_top/U_flicker/render/render_lane_2u_U0/grp_evaluate_group_2u_s_fu_454/flicker_render_piudo_U250/flicker_render_pipeline_ap_hmul_4_max_dsp_16_u/U0/i_synth/MULT.OP/MULT/MULT_GEN_VARIANT.FIX_MULT/MULT/gDSP.gDSP_only.iDSP/use_prim.appDSP48[0].bppDSP48[0].use_dsp.use_dsp48e1.iDSP48E1/P[47:0] is not pipelined (PREG=0). Pipelining the DSP48 output will improve performance and often saves power so it is suggested whenever possible to fully pipeline this function.  If this DSP48 function was inferred, it is suggested to describe an additional register stage after this function.  If the DSP48 was instantiated in the design, it is suggested to set the PREG attribute to 1.
Related violations: <none>

DPOP-1#184 Warning
PREG Output pipelining  
DSP U_adder_top/U_flicker/render/render_lane_2u_U0/grp_evaluate_group_2u_s_fu_454/flicker_render_piudo_U250/flicker_render_pipeline_ap_hmul_4_max_dsp_16_u/U0/i_synth/MULT.OP/R_AND_R/LOGIC.R_AND_R/DSP48_E1.DSP48E1_ADD.DSP48E1_ADD/DSP output U_adder_top/U_flicker/render/render_lane_2u_U0/grp_evaluate_group_2u_s_fu_454/flicker_render_piudo_U250/flicker_render_pipeline_ap_hmul_4_max_dsp_16_u/U0/i_synth/MULT.OP/R_AND_R/LOGIC.R_AND_R/DSP48_E1.DSP48E1_ADD.DSP48E1_ADD/DSP/P[47:0] is not pipelined (PREG=0). Pipelining the DSP48 output will improve performance and often saves power so it is suggested whenever possible to fully pipeline this function.  If this DSP48 function was inferred, it is suggested to describe an additional register stage after this function.  If the DSP48 was instantiated in the design, it is suggested to set the PREG attribute to 1.
Related violations: <none>

DPOP-1#185 Warning
PREG Output pipelining  
DSP U_adder_top/U_flicker/render/render_lane_2u_U0/grp_evaluate_group_2u_s_fu_454/flicker_render_piudo_U251/flicker_render_pipeline_ap_hmul_4_max_dsp_16_u/U0/i_synth/MULT.OP/MULT/MULT_GEN_VARIANT.FIX_MULT/MULT/gDSP.gDSP_only.iDSP/use_prim.appDSP48[0].bppDSP48[0].use_dsp.use_dsp48e1.iDSP48E1 output U_adder_top/U_flicker/render/render_lane_2u_U0/grp_evaluate_group_2u_s_fu_454/flicker_render_piudo_U251/flicker_render_pipeline_ap_hmul_4_max_dsp_16_u/U0/i_synth/MULT.OP/MULT/MULT_GEN_VARIANT.FIX_MULT/MULT/gDSP.gDSP_only.iDSP/use_prim.appDSP48[0].bppDSP48[0].use_dsp.use_dsp48e1.iDSP48E1/PATTERNDETECT is not pipelined (PREG=0). Pipelining the DSP48 output will improve performance and often saves power so it is suggested whenever possible to fully pipeline this function.  If this DSP48 function was inferred, it is suggested to describe an additional register stage after this function.  If the DSP48 was instantiated in the design, it is suggested to set the PREG attribute to 1.
Related violations: <none>

DPOP-1#186 Warning
PREG Output pipelining  
DSP U_adder_top/U_flicker/render/render_lane_2u_U0/grp_evaluate_group_2u_s_fu_454/flicker_render_piudo_U251/flicker_render_pipeline_ap_hmul_4_max_dsp_16_u/U0/i_synth/MULT.OP/MULT/MULT_GEN_VARIANT.FIX_MULT/MULT/gDSP.gDSP_only.iDSP/use_prim.appDSP48[0].bppDSP48[0].use_dsp.use_dsp48e1.iDSP48E1 output U_adder_top/U_flicker/render/render_lane_2u_U0/grp_evaluate_group_2u_s_fu_454/flicker_render_piudo_U251/flicker_render_pipeline_ap_hmul_4_max_dsp_16_u/U0/i_synth/MULT.OP/MULT/MULT_GEN_VARIANT.FIX_MULT/MULT/gDSP.gDSP_only.iDSP/use_prim.appDSP48[0].bppDSP48[0].use_dsp.use_dsp48e1.iDSP48E1/P[47:0] is not pipelined (PREG=0). Pipelining the DSP48 output will improve performance and often saves power so it is suggested whenever possible to fully pipeline this function.  If this DSP48 function was inferred, it is suggested to describe an additional register stage after this function.  If the DSP48 was instantiated in the design, it is suggested to set the PREG attribute to 1.
Related violations: <none>

DPOP-1#187 Warning
PREG Output pipelining  
DSP U_adder_top/U_flicker/render/render_lane_2u_U0/grp_evaluate_group_2u_s_fu_454/flicker_render_piudo_U251/flicker_render_pipeline_ap_hmul_4_max_dsp_16_u/U0/i_synth/MULT.OP/R_AND_R/LOGIC.R_AND_R/DSP48_E1.DSP48E1_ADD.DSP48E1_ADD/DSP output U_adder_top/U_flicker/render/render_lane_2u_U0/grp_evaluate_group_2u_s_fu_454/flicker_render_piudo_U251/flicker_render_pipeline_ap_hmul_4_max_dsp_16_u/U0/i_synth/MULT.OP/R_AND_R/LOGIC.R_AND_R/DSP48_E1.DSP48E1_ADD.DSP48E1_ADD/DSP/P[47:0] is not pipelined (PREG=0). Pipelining the DSP48 output will improve performance and often saves power so it is suggested whenever possible to fully pipeline this function.  If this DSP48 function was inferred, it is suggested to describe an additional register stage after this function.  If the DSP48 was instantiated in the design, it is suggested to set the PREG attribute to 1.
Related violations: <none>

DPOP-1#188 Warning
PREG Output pipelining  
DSP U_adder_top/U_flicker/render/render_lane_2u_U0/grp_evaluate_group_2u_s_fu_454/flicker_render_piudo_U252/flicker_render_pipeline_ap_hmul_4_max_dsp_16_u/U0/i_synth/MULT.OP/MULT/MULT_GEN_VARIANT.FIX_MULT/MULT/gDSP.gDSP_only.iDSP/use_prim.appDSP48[0].bppDSP48[0].use_dsp.use_dsp48e1.iDSP48E1 output U_adder_top/U_flicker/render/render_lane_2u_U0/grp_evaluate_group_2u_s_fu_454/flicker_render_piudo_U252/flicker_render_pipeline_ap_hmul_4_max_dsp_16_u/U0/i_synth/MULT.OP/MULT/MULT_GEN_VARIANT.FIX_MULT/MULT/gDSP.gDSP_only.iDSP/use_prim.appDSP48[0].bppDSP48[0].use_dsp.use_dsp48e1.iDSP48E1/PATTERNDETECT is not pipelined (PREG=0). Pipelining the DSP48 output will improve performance and often saves power so it is suggested whenever possible to fully pipeline this function.  If this DSP48 function was inferred, it is suggested to describe an additional register stage after this function.  If the DSP48 was instantiated in the design, it is suggested to set the PREG attribute to 1.
Related violations: <none>

DPOP-1#189 Warning
PREG Output pipelining  
DSP U_adder_top/U_flicker/render/render_lane_2u_U0/grp_evaluate_group_2u_s_fu_454/flicker_render_piudo_U252/flicker_render_pipeline_ap_hmul_4_max_dsp_16_u/U0/i_synth/MULT.OP/MULT/MULT_GEN_VARIANT.FIX_MULT/MULT/gDSP.gDSP_only.iDSP/use_prim.appDSP48[0].bppDSP48[0].use_dsp.use_dsp48e1.iDSP48E1 output U_adder_top/U_flicker/render/render_lane_2u_U0/grp_evaluate_group_2u_s_fu_454/flicker_render_piudo_U252/flicker_render_pipeline_ap_hmul_4_max_dsp_16_u/U0/i_synth/MULT.OP/MULT/MULT_GEN_VARIANT.FIX_MULT/MULT/gDSP.gDSP_only.iDSP/use_prim.appDSP48[0].bppDSP48[0].use_dsp.use_dsp48e1.iDSP48E1/P[47:0] is not pipelined (PREG=0). Pipelining the DSP48 output will improve performance and often saves power so it is suggested whenever possible to fully pipeline this function.  If this DSP48 function was inferred, it is suggested to describe an additional register stage after this function.  If the DSP48 was instantiated in the design, it is suggested to set the PREG attribute to 1.
Related violations: <none>

DPOP-1#190 Warning
PREG Output pipelining  
DSP U_adder_top/U_flicker/render/render_lane_2u_U0/grp_evaluate_group_2u_s_fu_454/flicker_render_piudo_U252/flicker_render_pipeline_ap_hmul_4_max_dsp_16_u/U0/i_synth/MULT.OP/R_AND_R/LOGIC.R_AND_R/DSP48_E1.DSP48E1_ADD.DSP48E1_ADD/DSP output U_adder_top/U_flicker/render/render_lane_2u_U0/grp_evaluate_group_2u_s_fu_454/flicker_render_piudo_U252/flicker_render_pipeline_ap_hmul_4_max_dsp_16_u/U0/i_synth/MULT.OP/R_AND_R/LOGIC.R_AND_R/DSP48_E1.DSP48E1_ADD.DSP48E1_ADD/DSP/P[47:0] is not pipelined (PREG=0). Pipelining the DSP48 output will improve performance and often saves power so it is suggested whenever possible to fully pipeline this function.  If this DSP48 function was inferred, it is suggested to describe an additional register stage after this function.  If the DSP48 was instantiated in the design, it is suggested to set the PREG attribute to 1.
Related violations: <none>

DPOP-1#191 Warning
PREG Output pipelining  
DSP U_adder_top/U_flicker/render/render_lane_2u_U0/grp_evaluate_group_2u_s_fu_454/flicker_render_piudo_U253/flicker_render_pipeline_ap_hmul_4_max_dsp_16_u/U0/i_synth/MULT.OP/MULT/MULT_GEN_VARIANT.FIX_MULT/MULT/gDSP.gDSP_only.iDSP/use_prim.appDSP48[0].bppDSP48[0].use_dsp.use_dsp48e1.iDSP48E1 output U_adder_top/U_flicker/render/render_lane_2u_U0/grp_evaluate_group_2u_s_fu_454/flicker_render_piudo_U253/flicker_render_pipeline_ap_hmul_4_max_dsp_16_u/U0/i_synth/MULT.OP/MULT/MULT_GEN_VARIANT.FIX_MULT/MULT/gDSP.gDSP_only.iDSP/use_prim.appDSP48[0].bppDSP48[0].use_dsp.use_dsp48e1.iDSP48E1/PATTERNDETECT is not pipelined (PREG=0). Pipelining the DSP48 output will improve performance and often saves power so it is suggested whenever possible to fully pipeline this function.  If this DSP48 function was inferred, it is suggested to describe an additional register stage after this function.  If the DSP48 was instantiated in the design, it is suggested to set the PREG attribute to 1.
Related violations: <none>

DPOP-1#192 Warning
PREG Output pipelining  
DSP U_adder_top/U_flicker/render/render_lane_2u_U0/grp_evaluate_group_2u_s_fu_454/flicker_render_piudo_U253/flicker_render_pipeline_ap_hmul_4_max_dsp_16_u/U0/i_synth/MULT.OP/MULT/MULT_GEN_VARIANT.FIX_MULT/MULT/gDSP.gDSP_only.iDSP/use_prim.appDSP48[0].bppDSP48[0].use_dsp.use_dsp48e1.iDSP48E1 output U_adder_top/U_flicker/render/render_lane_2u_U0/grp_evaluate_group_2u_s_fu_454/flicker_render_piudo_U253/flicker_render_pipeline_ap_hmul_4_max_dsp_16_u/U0/i_synth/MULT.OP/MULT/MULT_GEN_VARIANT.FIX_MULT/MULT/gDSP.gDSP_only.iDSP/use_prim.appDSP48[0].bppDSP48[0].use_dsp.use_dsp48e1.iDSP48E1/P[47:0] is not pipelined (PREG=0). Pipelining the DSP48 output will improve performance and often saves power so it is suggested whenever possible to fully pipeline this function.  If this DSP48 function was inferred, it is suggested to describe an additional register stage after this function.  If the DSP48 was instantiated in the design, it is suggested to set the PREG attribute to 1.
Related violations: <none>

DPOP-1#193 Warning
PREG Output pipelining  
DSP U_adder_top/U_flicker/render/render_lane_2u_U0/grp_evaluate_group_2u_s_fu_454/flicker_render_piudo_U253/flicker_render_pipeline_ap_hmul_4_max_dsp_16_u/U0/i_synth/MULT.OP/R_AND_R/LOGIC.R_AND_R/DSP48_E1.DSP48E1_ADD.DSP48E1_ADD/DSP output U_adder_top/U_flicker/render/render_lane_2u_U0/grp_evaluate_group_2u_s_fu_454/flicker_render_piudo_U253/flicker_render_pipeline_ap_hmul_4_max_dsp_16_u/U0/i_synth/MULT.OP/R_AND_R/LOGIC.R_AND_R/DSP48_E1.DSP48E1_ADD.DSP48E1_ADD/DSP/P[47:0] is not pipelined (PREG=0). Pipelining the DSP48 output will improve performance and often saves power so it is suggested whenever possible to fully pipeline this function.  If this DSP48 function was inferred, it is suggested to describe an additional register stage after this function.  If the DSP48 was instantiated in the design, it is suggested to set the PREG attribute to 1.
Related violations: <none>

DPOP-1#194 Warning
PREG Output pipelining  
DSP U_adder_top/U_flicker/render/render_lane_2u_U0/grp_evaluate_group_2u_s_fu_454/flicker_render_pixdS_U233/flicker_render_pipeline_ap_hadd_8_full_dsp_16_u/U0/i_synth/ADDSUB_OP.ADDSUB/SPEED_OP.DSP.OP/DSP48E1_BODY_HP.NORM_RND/FULL_USAGE_DSP.SHIFT_RND/DSP output U_adder_top/U_flicker/render/render_lane_2u_U0/grp_evaluate_group_2u_s_fu_454/flicker_render_pixdS_U233/flicker_render_pipeline_ap_hadd_8_full_dsp_16_u/U0/i_synth/ADDSUB_OP.ADDSUB/SPEED_OP.DSP.OP/DSP48E1_BODY_HP.NORM_RND/FULL_USAGE_DSP.SHIFT_RND/DSP/P[47:0] is not pipelined (PREG=0). Pipelining the DSP48 output will improve performance and often saves power so it is suggested whenever possible to fully pipeline this function.  If this DSP48 function was inferred, it is suggested to describe an additional register stage after this function.  If the DSP48 was instantiated in the design, it is suggested to set the PREG attribute to 1.
Related violations: <none>

DPOP-1#195 Warning
PREG Output pipelining  
DSP U_adder_top/U_flicker/render/render_lane_2u_U0/grp_evaluate_group_2u_s_fu_454/flicker_render_pixdS_U234/flicker_render_pipeline_ap_hadd_8_full_dsp_16_u/U0/i_synth/ADDSUB_OP.ADDSUB/SPEED_OP.DSP.OP/DSP48E1_BODY_HP.NORM_RND/FULL_USAGE_DSP.SHIFT_RND/DSP output U_adder_top/U_flicker/render/render_lane_2u_U0/grp_evaluate_group_2u_s_fu_454/flicker_render_pixdS_U234/flicker_render_pipeline_ap_hadd_8_full_dsp_16_u/U0/i_synth/ADDSUB_OP.ADDSUB/SPEED_OP.DSP.OP/DSP48E1_BODY_HP.NORM_RND/FULL_USAGE_DSP.SHIFT_RND/DSP/P[47:0] is not pipelined (PREG=0). Pipelining the DSP48 output will improve performance and often saves power so it is suggested whenever possible to fully pipeline this function.  If this DSP48 function was inferred, it is suggested to describe an additional register stage after this function.  If the DSP48 was instantiated in the design, it is suggested to set the PREG attribute to 1.
Related violations: <none>

DPOP-1#196 Warning
PREG Output pipelining  
DSP U_adder_top/U_flicker/render/render_lane_2u_U0/grp_evaluate_group_2u_s_fu_454/flicker_render_pixdS_U235/flicker_render_pipeline_ap_hadd_8_full_dsp_16_u/U0/i_synth/ADDSUB_OP.ADDSUB/SPEED_OP.DSP.OP/DSP48E1_BODY_HP.NORM_RND/FULL_USAGE_DSP.SHIFT_RND/DSP output U_adder_top/U_flicker/render/render_lane_2u_U0/grp_evaluate_group_2u_s_fu_454/flicker_render_pixdS_U235/flicker_render_pipeline_ap_hadd_8_full_dsp_16_u/U0/i_synth/ADDSUB_OP.ADDSUB/SPEED_OP.DSP.OP/DSP48E1_BODY_HP.NORM_RND/FULL_USAGE_DSP.SHIFT_RND/DSP/P[47:0] is not pipelined (PREG=0). Pipelining the DSP48 output will improve performance and often saves power so it is suggested whenever possible to fully pipeline this function.  If this DSP48 function was inferred, it is suggested to describe an additional register stage after this function.  If the DSP48 was instantiated in the design, it is suggested to set the PREG attribute to 1.
Related violations: <none>

DPOP-1#197 Warning
PREG Output pipelining  
DSP U_adder_top/U_flicker/render/render_lane_2u_U0/grp_evaluate_group_2u_s_fu_454/flicker_render_pixdS_U236/flicker_render_pipeline_ap_hadd_8_full_dsp_16_u/U0/i_synth/ADDSUB_OP.ADDSUB/SPEED_OP.DSP.OP/DSP48E1_BODY_HP.NORM_RND/FULL_USAGE_DSP.SHIFT_RND/DSP output U_adder_top/U_flicker/render/render_lane_2u_U0/grp_evaluate_group_2u_s_fu_454/flicker_render_pixdS_U236/flicker_render_pipeline_ap_hadd_8_full_dsp_16_u/U0/i_synth/ADDSUB_OP.ADDSUB/SPEED_OP.DSP.OP/DSP48E1_BODY_HP.NORM_RND/FULL_USAGE_DSP.SHIFT_RND/DSP/P[47:0] is not pipelined (PREG=0). Pipelining the DSP48 output will improve performance and often saves power so it is suggested whenever possible to fully pipeline this function.  If this DSP48 function was inferred, it is suggested to describe an additional register stage after this function.  If the DSP48 was instantiated in the design, it is suggested to set the PREG attribute to 1.
Related violations: <none>

DPOP-1#198 Warning
PREG Output pipelining  
DSP U_adder_top/U_flicker/render/render_lane_2u_U0/grp_evaluate_group_2u_s_fu_454/flicker_render_piyd2_U237/flicker_render_pipeline_ap_hsub_8_full_dsp_16_u/U0/i_synth/ADDSUB_OP.ADDSUB/SPEED_OP.DSP.OP/DSP48E1_BODY_HP.NORM_RND/FULL_USAGE_DSP.SHIFT_RND/DSP output U_adder_top/U_flicker/render/render_lane_2u_U0/grp_evaluate_group_2u_s_fu_454/flicker_render_piyd2_U237/flicker_render_pipeline_ap_hsub_8_full_dsp_16_u/U0/i_synth/ADDSUB_OP.ADDSUB/SPEED_OP.DSP.OP/DSP48E1_BODY_HP.NORM_RND/FULL_USAGE_DSP.SHIFT_RND/DSP/P[47:0] is not pipelined (PREG=0). Pipelining the DSP48 output will improve performance and often saves power so it is suggested whenever possible to fully pipeline this function.  If this DSP48 function was inferred, it is suggested to describe an additional register stage after this function.  If the DSP48 was instantiated in the design, it is suggested to set the PREG attribute to 1.
Related violations: <none>

DPOP-1#199 Warning
PREG Output pipelining  
DSP U_adder_top/U_flicker/render/render_lane_2u_U0/grp_evaluate_group_2u_s_fu_454/flicker_render_piyd2_U238/flicker_render_pipeline_ap_hsub_8_full_dsp_16_u/U0/i_synth/ADDSUB_OP.ADDSUB/SPEED_OP.DSP.OP/DSP48E1_BODY_HP.NORM_RND/FULL_USAGE_DSP.SHIFT_RND/DSP output U_adder_top/U_flicker/render/render_lane_2u_U0/grp_evaluate_group_2u_s_fu_454/flicker_render_piyd2_U238/flicker_render_pipeline_ap_hsub_8_full_dsp_16_u/U0/i_synth/ADDSUB_OP.ADDSUB/SPEED_OP.DSP.OP/DSP48E1_BODY_HP.NORM_RND/FULL_USAGE_DSP.SHIFT_RND/DSP/P[47:0] is not pipelined (PREG=0). Pipelining the DSP48 output will improve performance and often saves power so it is suggested whenever possible to fully pipeline this function.  If this DSP48 function was inferred, it is suggested to describe an additional register stage after this function.  If the DSP48 was instantiated in the design, it is suggested to set the PREG attribute to 1.
Related violations: <none>

DPOP-1#200 Warning
PREG Output pipelining  
DSP U_adder_top/U_flicker/render/render_lane_2u_U0/grp_evaluate_group_2u_s_fu_454/flicker_render_piyd2_U239/flicker_render_pipeline_ap_hsub_8_full_dsp_16_u/U0/i_synth/ADDSUB_OP.ADDSUB/SPEED_OP.DSP.OP/DSP48E1_BODY_HP.NORM_RND/FULL_USAGE_DSP.SHIFT_RND/DSP output U_adder_top/U_flicker/render/render_lane_2u_U0/grp_evaluate_group_2u_s_fu_454/flicker_render_piyd2_U239/flicker_render_pipeline_ap_hsub_8_full_dsp_16_u/U0/i_synth/ADDSUB_OP.ADDSUB/SPEED_OP.DSP.OP/DSP48E1_BODY_HP.NORM_RND/FULL_USAGE_DSP.SHIFT_RND/DSP/P[47:0] is not pipelined (PREG=0). Pipelining the DSP48 output will improve performance and often saves power so it is suggested whenever possible to fully pipeline this function.  If this DSP48 function was inferred, it is suggested to describe an additional register stage after this function.  If the DSP48 was instantiated in the design, it is suggested to set the PREG attribute to 1.
Related violations: <none>

DPOP-1#201 Warning
PREG Output pipelining  
DSP U_adder_top/U_flicker/render/render_lane_2u_U0/grp_evaluate_group_2u_s_fu_454/flicker_render_piyd2_U240/flicker_render_pipeline_ap_hsub_8_full_dsp_16_u/U0/i_synth/ADDSUB_OP.ADDSUB/SPEED_OP.DSP.OP/DSP48E1_BODY_HP.NORM_RND/FULL_USAGE_DSP.SHIFT_RND/DSP output U_adder_top/U_flicker/render/render_lane_2u_U0/grp_evaluate_group_2u_s_fu_454/flicker_render_piyd2_U240/flicker_render_pipeline_ap_hsub_8_full_dsp_16_u/U0/i_synth/ADDSUB_OP.ADDSUB/SPEED_OP.DSP.OP/DSP48E1_BODY_HP.NORM_RND/FULL_USAGE_DSP.SHIFT_RND/DSP/P[47:0] is not pipelined (PREG=0). Pipelining the DSP48 output will improve performance and often saves power so it is suggested whenever possible to fully pipeline this function.  If this DSP48 function was inferred, it is suggested to describe an additional register stage after this function.  If the DSP48 was instantiated in the design, it is suggested to set the PREG attribute to 1.
Related violations: <none>

DPOP-1#202 Warning
PREG Output pipelining  
DSP U_adder_top/U_flicker/render/render_lane_3u_U0/flicker_render_piudo_U314/flicker_render_pipeline_ap_hmul_4_max_dsp_16_u/U0/i_synth/MULT.OP/MULT/MULT_GEN_VARIANT.FIX_MULT/MULT/gDSP.gDSP_only.iDSP/use_prim.appDSP48[0].bppDSP48[0].use_dsp.use_dsp48e1.iDSP48E1 output U_adder_top/U_flicker/render/render_lane_3u_U0/flicker_render_piudo_U314/flicker_render_pipeline_ap_hmul_4_max_dsp_16_u/U0/i_synth/MULT.OP/MULT/MULT_GEN_VARIANT.FIX_MULT/MULT/gDSP.gDSP_only.iDSP/use_prim.appDSP48[0].bppDSP48[0].use_dsp.use_dsp48e1.iDSP48E1/PATTERNDETECT is not pipelined (PREG=0). Pipelining the DSP48 output will improve performance and often saves power so it is suggested whenever possible to fully pipeline this function.  If this DSP48 function was inferred, it is suggested to describe an additional register stage after this function.  If the DSP48 was instantiated in the design, it is suggested to set the PREG attribute to 1.
Related violations: <none>

DPOP-1#203 Warning
PREG Output pipelining  
DSP U_adder_top/U_flicker/render/render_lane_3u_U0/flicker_render_piudo_U314/flicker_render_pipeline_ap_hmul_4_max_dsp_16_u/U0/i_synth/MULT.OP/MULT/MULT_GEN_VARIANT.FIX_MULT/MULT/gDSP.gDSP_only.iDSP/use_prim.appDSP48[0].bppDSP48[0].use_dsp.use_dsp48e1.iDSP48E1 output U_adder_top/U_flicker/render/render_lane_3u_U0/flicker_render_piudo_U314/flicker_render_pipeline_ap_hmul_4_max_dsp_16_u/U0/i_synth/MULT.OP/MULT/MULT_GEN_VARIANT.FIX_MULT/MULT/gDSP.gDSP_only.iDSP/use_prim.appDSP48[0].bppDSP48[0].use_dsp.use_dsp48e1.iDSP48E1/P[47:0] is not pipelined (PREG=0). Pipelining the DSP48 output will improve performance and often saves power so it is suggested whenever possible to fully pipeline this function.  If this DSP48 function was inferred, it is suggested to describe an additional register stage after this function.  If the DSP48 was instantiated in the design, it is suggested to set the PREG attribute to 1.
Related violations: <none>

DPOP-1#204 Warning
PREG Output pipelining  
DSP U_adder_top/U_flicker/render/render_lane_3u_U0/flicker_render_piudo_U314/flicker_render_pipeline_ap_hmul_4_max_dsp_16_u/U0/i_synth/MULT.OP/R_AND_R/LOGIC.R_AND_R/DSP48_E1.DSP48E1_ADD.DSP48E1_ADD/DSP output U_adder_top/U_flicker/render/render_lane_3u_U0/flicker_render_piudo_U314/flicker_render_pipeline_ap_hmul_4_max_dsp_16_u/U0/i_synth/MULT.OP/R_AND_R/LOGIC.R_AND_R/DSP48_E1.DSP48E1_ADD.DSP48E1_ADD/DSP/P[47:0] is not pipelined (PREG=0). Pipelining the DSP48 output will improve performance and often saves power so it is suggested whenever possible to fully pipeline this function.  If this DSP48 function was inferred, it is suggested to describe an additional register stage after this function.  If the DSP48 was instantiated in the design, it is suggested to set the PREG attribute to 1.
Related violations: <none>

DPOP-1#205 Warning
PREG Output pipelining  
DSP U_adder_top/U_flicker/render/render_lane_3u_U0/flicker_render_piudo_U315/flicker_render_pipeline_ap_hmul_4_max_dsp_16_u/U0/i_synth/MULT.OP/MULT/MULT_GEN_VARIANT.FIX_MULT/MULT/gDSP.gDSP_only.iDSP/use_prim.appDSP48[0].bppDSP48[0].use_dsp.use_dsp48e1.iDSP48E1 output U_adder_top/U_flicker/render/render_lane_3u_U0/flicker_render_piudo_U315/flicker_render_pipeline_ap_hmul_4_max_dsp_16_u/U0/i_synth/MULT.OP/MULT/MULT_GEN_VARIANT.FIX_MULT/MULT/gDSP.gDSP_only.iDSP/use_prim.appDSP48[0].bppDSP48[0].use_dsp.use_dsp48e1.iDSP48E1/PATTERNDETECT is not pipelined (PREG=0). Pipelining the DSP48 output will improve performance and often saves power so it is suggested whenever possible to fully pipeline this function.  If this DSP48 function was inferred, it is suggested to describe an additional register stage after this function.  If the DSP48 was instantiated in the design, it is suggested to set the PREG attribute to 1.
Related violations: <none>

DPOP-1#206 Warning
PREG Output pipelining  
DSP U_adder_top/U_flicker/render/render_lane_3u_U0/flicker_render_piudo_U315/flicker_render_pipeline_ap_hmul_4_max_dsp_16_u/U0/i_synth/MULT.OP/MULT/MULT_GEN_VARIANT.FIX_MULT/MULT/gDSP.gDSP_only.iDSP/use_prim.appDSP48[0].bppDSP48[0].use_dsp.use_dsp48e1.iDSP48E1 output U_adder_top/U_flicker/render/render_lane_3u_U0/flicker_render_piudo_U315/flicker_render_pipeline_ap_hmul_4_max_dsp_16_u/U0/i_synth/MULT.OP/MULT/MULT_GEN_VARIANT.FIX_MULT/MULT/gDSP.gDSP_only.iDSP/use_prim.appDSP48[0].bppDSP48[0].use_dsp.use_dsp48e1.iDSP48E1/P[47:0] is not pipelined (PREG=0). Pipelining the DSP48 output will improve performance and often saves power so it is suggested whenever possible to fully pipeline this function.  If this DSP48 function was inferred, it is suggested to describe an additional register stage after this function.  If the DSP48 was instantiated in the design, it is suggested to set the PREG attribute to 1.
Related violations: <none>

DPOP-1#207 Warning
PREG Output pipelining  
DSP U_adder_top/U_flicker/render/render_lane_3u_U0/flicker_render_piudo_U315/flicker_render_pipeline_ap_hmul_4_max_dsp_16_u/U0/i_synth/MULT.OP/R_AND_R/LOGIC.R_AND_R/DSP48_E1.DSP48E1_ADD.DSP48E1_ADD/DSP output U_adder_top/U_flicker/render/render_lane_3u_U0/flicker_render_piudo_U315/flicker_render_pipeline_ap_hmul_4_max_dsp_16_u/U0/i_synth/MULT.OP/R_AND_R/LOGIC.R_AND_R/DSP48_E1.DSP48E1_ADD.DSP48E1_ADD/DSP/P[47:0] is not pipelined (PREG=0). Pipelining the DSP48 output will improve performance and often saves power so it is suggested whenever possible to fully pipeline this function.  If this DSP48 function was inferred, it is suggested to describe an additional register stage after this function.  If the DSP48 was instantiated in the design, it is suggested to set the PREG attribute to 1.
Related violations: <none>

DPOP-1#208 Warning
PREG Output pipelining  
DSP U_adder_top/U_flicker/render/render_lane_3u_U0/flicker_render_piudo_U316/flicker_render_pipeline_ap_hmul_4_max_dsp_16_u/U0/i_synth/MULT.OP/MULT/MULT_GEN_VARIANT.FIX_MULT/MULT/gDSP.gDSP_only.iDSP/use_prim.appDSP48[0].bppDSP48[0].use_dsp.use_dsp48e1.iDSP48E1 output U_adder_top/U_flicker/render/render_lane_3u_U0/flicker_render_piudo_U316/flicker_render_pipeline_ap_hmul_4_max_dsp_16_u/U0/i_synth/MULT.OP/MULT/MULT_GEN_VARIANT.FIX_MULT/MULT/gDSP.gDSP_only.iDSP/use_prim.appDSP48[0].bppDSP48[0].use_dsp.use_dsp48e1.iDSP48E1/PATTERNDETECT is not pipelined (PREG=0). Pipelining the DSP48 output will improve performance and often saves power so it is suggested whenever possible to fully pipeline this function.  If this DSP48 function was inferred, it is suggested to describe an additional register stage after this function.  If the DSP48 was instantiated in the design, it is suggested to set the PREG attribute to 1.
Related violations: <none>

DPOP-1#209 Warning
PREG Output pipelining  
DSP U_adder_top/U_flicker/render/render_lane_3u_U0/flicker_render_piudo_U316/flicker_render_pipeline_ap_hmul_4_max_dsp_16_u/U0/i_synth/MULT.OP/MULT/MULT_GEN_VARIANT.FIX_MULT/MULT/gDSP.gDSP_only.iDSP/use_prim.appDSP48[0].bppDSP48[0].use_dsp.use_dsp48e1.iDSP48E1 output U_adder_top/U_flicker/render/render_lane_3u_U0/flicker_render_piudo_U316/flicker_render_pipeline_ap_hmul_4_max_dsp_16_u/U0/i_synth/MULT.OP/MULT/MULT_GEN_VARIANT.FIX_MULT/MULT/gDSP.gDSP_only.iDSP/use_prim.appDSP48[0].bppDSP48[0].use_dsp.use_dsp48e1.iDSP48E1/P[47:0] is not pipelined (PREG=0). Pipelining the DSP48 output will improve performance and often saves power so it is suggested whenever possible to fully pipeline this function.  If this DSP48 function was inferred, it is suggested to describe an additional register stage after this function.  If the DSP48 was instantiated in the design, it is suggested to set the PREG attribute to 1.
Related violations: <none>

DPOP-1#210 Warning
PREG Output pipelining  
DSP U_adder_top/U_flicker/render/render_lane_3u_U0/flicker_render_piudo_U316/flicker_render_pipeline_ap_hmul_4_max_dsp_16_u/U0/i_synth/MULT.OP/R_AND_R/LOGIC.R_AND_R/DSP48_E1.DSP48E1_ADD.DSP48E1_ADD/DSP output U_adder_top/U_flicker/render/render_lane_3u_U0/flicker_render_piudo_U316/flicker_render_pipeline_ap_hmul_4_max_dsp_16_u/U0/i_synth/MULT.OP/R_AND_R/LOGIC.R_AND_R/DSP48_E1.DSP48E1_ADD.DSP48E1_ADD/DSP/P[47:0] is not pipelined (PREG=0). Pipelining the DSP48 output will improve performance and often saves power so it is suggested whenever possible to fully pipeline this function.  If this DSP48 function was inferred, it is suggested to describe an additional register stage after this function.  If the DSP48 was instantiated in the design, it is suggested to set the PREG attribute to 1.
Related violations: <none>

DPOP-1#211 Warning
PREG Output pipelining  
DSP U_adder_top/U_flicker/render/render_lane_3u_U0/flicker_render_pixdS_U311/flicker_render_pipeline_ap_hadd_8_full_dsp_16_u/U0/i_synth/ADDSUB_OP.ADDSUB/SPEED_OP.DSP.OP/DSP48E1_BODY_HP.NORM_RND/FULL_USAGE_DSP.SHIFT_RND/DSP output U_adder_top/U_flicker/render/render_lane_3u_U0/flicker_render_pixdS_U311/flicker_render_pipeline_ap_hadd_8_full_dsp_16_u/U0/i_synth/ADDSUB_OP.ADDSUB/SPEED_OP.DSP.OP/DSP48E1_BODY_HP.NORM_RND/FULL_USAGE_DSP.SHIFT_RND/DSP/P[47:0] is not pipelined (PREG=0). Pipelining the DSP48 output will improve performance and often saves power so it is suggested whenever possible to fully pipeline this function.  If this DSP48 function was inferred, it is suggested to describe an additional register stage after this function.  If the DSP48 was instantiated in the design, it is suggested to set the PREG attribute to 1.
Related violations: <none>

DPOP-1#212 Warning
PREG Output pipelining  
DSP U_adder_top/U_flicker/render/render_lane_3u_U0/flicker_render_pixdS_U312/flicker_render_pipeline_ap_hadd_8_full_dsp_16_u/U0/i_synth/ADDSUB_OP.ADDSUB/SPEED_OP.DSP.OP/DSP48E1_BODY_HP.NORM_RND/FULL_USAGE_DSP.SHIFT_RND/DSP output U_adder_top/U_flicker/render/render_lane_3u_U0/flicker_render_pixdS_U312/flicker_render_pipeline_ap_hadd_8_full_dsp_16_u/U0/i_synth/ADDSUB_OP.ADDSUB/SPEED_OP.DSP.OP/DSP48E1_BODY_HP.NORM_RND/FULL_USAGE_DSP.SHIFT_RND/DSP/P[47:0] is not pipelined (PREG=0). Pipelining the DSP48 output will improve performance and often saves power so it is suggested whenever possible to fully pipeline this function.  If this DSP48 function was inferred, it is suggested to describe an additional register stage after this function.  If the DSP48 was instantiated in the design, it is suggested to set the PREG attribute to 1.
Related violations: <none>

DPOP-1#213 Warning
PREG Output pipelining  
DSP U_adder_top/U_flicker/render/render_lane_3u_U0/flicker_render_pixdS_U313/flicker_render_pipeline_ap_hadd_8_full_dsp_16_u/U0/i_synth/ADDSUB_OP.ADDSUB/SPEED_OP.DSP.OP/DSP48E1_BODY_HP.NORM_RND/FULL_USAGE_DSP.SHIFT_RND/DSP output U_adder_top/U_flicker/render/render_lane_3u_U0/flicker_render_pixdS_U313/flicker_render_pipeline_ap_hadd_8_full_dsp_16_u/U0/i_synth/ADDSUB_OP.ADDSUB/SPEED_OP.DSP.OP/DSP48E1_BODY_HP.NORM_RND/FULL_USAGE_DSP.SHIFT_RND/DSP/P[47:0] is not pipelined (PREG=0). Pipelining the DSP48 output will improve performance and often saves power so it is suggested whenever possible to fully pipeline this function.  If this DSP48 function was inferred, it is suggested to describe an additional register stage after this function.  If the DSP48 was instantiated in the design, it is suggested to set the PREG attribute to 1.
Related violations: <none>

DPOP-1#214 Warning
PREG Output pipelining  
DSP U_adder_top/U_flicker/render/render_lane_3u_U0/grp_evaluate_group_3u_s_fu_456/flicker_render_piudo_U286/flicker_render_pipeline_ap_hmul_4_max_dsp_16_u/U0/i_synth/MULT.OP/MULT/MULT_GEN_VARIANT.FIX_MULT/MULT/gDSP.gDSP_only.iDSP/use_prim.appDSP48[0].bppDSP48[0].use_dsp.use_dsp48e1.iDSP48E1 output U_adder_top/U_flicker/render/render_lane_3u_U0/grp_evaluate_group_3u_s_fu_456/flicker_render_piudo_U286/flicker_render_pipeline_ap_hmul_4_max_dsp_16_u/U0/i_synth/MULT.OP/MULT/MULT_GEN_VARIANT.FIX_MULT/MULT/gDSP.gDSP_only.iDSP/use_prim.appDSP48[0].bppDSP48[0].use_dsp.use_dsp48e1.iDSP48E1/PATTERNDETECT is not pipelined (PREG=0). Pipelining the DSP48 output will improve performance and often saves power so it is suggested whenever possible to fully pipeline this function.  If this DSP48 function was inferred, it is suggested to describe an additional register stage after this function.  If the DSP48 was instantiated in the design, it is suggested to set the PREG attribute to 1.
Related violations: <none>

DPOP-1#215 Warning
PREG Output pipelining  
DSP U_adder_top/U_flicker/render/render_lane_3u_U0/grp_evaluate_group_3u_s_fu_456/flicker_render_piudo_U286/flicker_render_pipeline_ap_hmul_4_max_dsp_16_u/U0/i_synth/MULT.OP/MULT/MULT_GEN_VARIANT.FIX_MULT/MULT/gDSP.gDSP_only.iDSP/use_prim.appDSP48[0].bppDSP48[0].use_dsp.use_dsp48e1.iDSP48E1 output U_adder_top/U_flicker/render/render_lane_3u_U0/grp_evaluate_group_3u_s_fu_456/flicker_render_piudo_U286/flicker_render_pipeline_ap_hmul_4_max_dsp_16_u/U0/i_synth/MULT.OP/MULT/MULT_GEN_VARIANT.FIX_MULT/MULT/gDSP.gDSP_only.iDSP/use_prim.appDSP48[0].bppDSP48[0].use_dsp.use_dsp48e1.iDSP48E1/P[47:0] is not pipelined (PREG=0). Pipelining the DSP48 output will improve performance and often saves power so it is suggested whenever possible to fully pipeline this function.  If this DSP48 function was inferred, it is suggested to describe an additional register stage after this function.  If the DSP48 was instantiated in the design, it is suggested to set the PREG attribute to 1.
Related violations: <none>

DPOP-1#216 Warning
PREG Output pipelining  
DSP U_adder_top/U_flicker/render/render_lane_3u_U0/grp_evaluate_group_3u_s_fu_456/flicker_render_piudo_U286/flicker_render_pipeline_ap_hmul_4_max_dsp_16_u/U0/i_synth/MULT.OP/R_AND_R/LOGIC.R_AND_R/DSP48_E1.DSP48E1_ADD.DSP48E1_ADD/DSP output U_adder_top/U_flicker/render/render_lane_3u_U0/grp_evaluate_group_3u_s_fu_456/flicker_render_piudo_U286/flicker_render_pipeline_ap_hmul_4_max_dsp_16_u/U0/i_synth/MULT.OP/R_AND_R/LOGIC.R_AND_R/DSP48_E1.DSP48E1_ADD.DSP48E1_ADD/DSP/P[47:0] is not pipelined (PREG=0). Pipelining the DSP48 output will improve performance and often saves power so it is suggested whenever possible to fully pipeline this function.  If this DSP48 function was inferred, it is suggested to describe an additional register stage after this function.  If the DSP48 was instantiated in the design, it is suggested to set the PREG attribute to 1.
Related violations: <none>

DPOP-1#217 Warning
PREG Output pipelining  
DSP U_adder_top/U_flicker/render/render_lane_3u_U0/grp_evaluate_group_3u_s_fu_456/flicker_render_piudo_U287/flicker_render_pipeline_ap_hmul_4_max_dsp_16_u/U0/i_synth/MULT.OP/MULT/MULT_GEN_VARIANT.FIX_MULT/MULT/gDSP.gDSP_only.iDSP/use_prim.appDSP48[0].bppDSP48[0].use_dsp.use_dsp48e1.iDSP48E1 output U_adder_top/U_flicker/render/render_lane_3u_U0/grp_evaluate_group_3u_s_fu_456/flicker_render_piudo_U287/flicker_render_pipeline_ap_hmul_4_max_dsp_16_u/U0/i_synth/MULT.OP/MULT/MULT_GEN_VARIANT.FIX_MULT/MULT/gDSP.gDSP_only.iDSP/use_prim.appDSP48[0].bppDSP48[0].use_dsp.use_dsp48e1.iDSP48E1/PATTERNDETECT is not pipelined (PREG=0). Pipelining the DSP48 output will improve performance and often saves power so it is suggested whenever possible to fully pipeline this function.  If this DSP48 function was inferred, it is suggested to describe an additional register stage after this function.  If the DSP48 was instantiated in the design, it is suggested to set the PREG attribute to 1.
Related violations: <none>

DPOP-1#218 Warning
PREG Output pipelining  
DSP U_adder_top/U_flicker/render/render_lane_3u_U0/grp_evaluate_group_3u_s_fu_456/flicker_render_piudo_U287/flicker_render_pipeline_ap_hmul_4_max_dsp_16_u/U0/i_synth/MULT.OP/MULT/MULT_GEN_VARIANT.FIX_MULT/MULT/gDSP.gDSP_only.iDSP/use_prim.appDSP48[0].bppDSP48[0].use_dsp.use_dsp48e1.iDSP48E1 output U_adder_top/U_flicker/render/render_lane_3u_U0/grp_evaluate_group_3u_s_fu_456/flicker_render_piudo_U287/flicker_render_pipeline_ap_hmul_4_max_dsp_16_u/U0/i_synth/MULT.OP/MULT/MULT_GEN_VARIANT.FIX_MULT/MULT/gDSP.gDSP_only.iDSP/use_prim.appDSP48[0].bppDSP48[0].use_dsp.use_dsp48e1.iDSP48E1/P[47:0] is not pipelined (PREG=0). Pipelining the DSP48 output will improve performance and often saves power so it is suggested whenever possible to fully pipeline this function.  If this DSP48 function was inferred, it is suggested to describe an additional register stage after this function.  If the DSP48 was instantiated in the design, it is suggested to set the PREG attribute to 1.
Related violations: <none>

DPOP-1#219 Warning
PREG Output pipelining  
DSP U_adder_top/U_flicker/render/render_lane_3u_U0/grp_evaluate_group_3u_s_fu_456/flicker_render_piudo_U287/flicker_render_pipeline_ap_hmul_4_max_dsp_16_u/U0/i_synth/MULT.OP/R_AND_R/LOGIC.R_AND_R/DSP48_E1.DSP48E1_ADD.DSP48E1_ADD/DSP output U_adder_top/U_flicker/render/render_lane_3u_U0/grp_evaluate_group_3u_s_fu_456/flicker_render_piudo_U287/flicker_render_pipeline_ap_hmul_4_max_dsp_16_u/U0/i_synth/MULT.OP/R_AND_R/LOGIC.R_AND_R/DSP48_E1.DSP48E1_ADD.DSP48E1_ADD/DSP/P[47:0] is not pipelined (PREG=0). Pipelining the DSP48 output will improve performance and often saves power so it is suggested whenever possible to fully pipeline this function.  If this DSP48 function was inferred, it is suggested to describe an additional register stage after this function.  If the DSP48 was instantiated in the design, it is suggested to set the PREG attribute to 1.
Related violations: <none>

DPOP-1#220 Warning
PREG Output pipelining  
DSP U_adder_top/U_flicker/render/render_lane_3u_U0/grp_evaluate_group_3u_s_fu_456/flicker_render_piudo_U288/flicker_render_pipeline_ap_hmul_4_max_dsp_16_u/U0/i_synth/MULT.OP/MULT/MULT_GEN_VARIANT.FIX_MULT/MULT/gDSP.gDSP_only.iDSP/use_prim.appDSP48[0].bppDSP48[0].use_dsp.use_dsp48e1.iDSP48E1 output U_adder_top/U_flicker/render/render_lane_3u_U0/grp_evaluate_group_3u_s_fu_456/flicker_render_piudo_U288/flicker_render_pipeline_ap_hmul_4_max_dsp_16_u/U0/i_synth/MULT.OP/MULT/MULT_GEN_VARIANT.FIX_MULT/MULT/gDSP.gDSP_only.iDSP/use_prim.appDSP48[0].bppDSP48[0].use_dsp.use_dsp48e1.iDSP48E1/PATTERNDETECT is not pipelined (PREG=0). Pipelining the DSP48 output will improve performance and often saves power so it is suggested whenever possible to fully pipeline this function.  If this DSP48 function was inferred, it is suggested to describe an additional register stage after this function.  If the DSP48 was instantiated in the design, it is suggested to set the PREG attribute to 1.
Related violations: <none>

DPOP-1#221 Warning
PREG Output pipelining  
DSP U_adder_top/U_flicker/render/render_lane_3u_U0/grp_evaluate_group_3u_s_fu_456/flicker_render_piudo_U288/flicker_render_pipeline_ap_hmul_4_max_dsp_16_u/U0/i_synth/MULT.OP/MULT/MULT_GEN_VARIANT.FIX_MULT/MULT/gDSP.gDSP_only.iDSP/use_prim.appDSP48[0].bppDSP48[0].use_dsp.use_dsp48e1.iDSP48E1 output U_adder_top/U_flicker/render/render_lane_3u_U0/grp_evaluate_group_3u_s_fu_456/flicker_render_piudo_U288/flicker_render_pipeline_ap_hmul_4_max_dsp_16_u/U0/i_synth/MULT.OP/MULT/MULT_GEN_VARIANT.FIX_MULT/MULT/gDSP.gDSP_only.iDSP/use_prim.appDSP48[0].bppDSP48[0].use_dsp.use_dsp48e1.iDSP48E1/P[47:0] is not pipelined (PREG=0). Pipelining the DSP48 output will improve performance and often saves power so it is suggested whenever possible to fully pipeline this function.  If this DSP48 function was inferred, it is suggested to describe an additional register stage after this function.  If the DSP48 was instantiated in the design, it is suggested to set the PREG attribute to 1.
Related violations: <none>

DPOP-1#222 Warning
PREG Output pipelining  
DSP U_adder_top/U_flicker/render/render_lane_3u_U0/grp_evaluate_group_3u_s_fu_456/flicker_render_piudo_U288/flicker_render_pipeline_ap_hmul_4_max_dsp_16_u/U0/i_synth/MULT.OP/R_AND_R/LOGIC.R_AND_R/DSP48_E1.DSP48E1_ADD.DSP48E1_ADD/DSP output U_adder_top/U_flicker/render/render_lane_3u_U0/grp_evaluate_group_3u_s_fu_456/flicker_render_piudo_U288/flicker_render_pipeline_ap_hmul_4_max_dsp_16_u/U0/i_synth/MULT.OP/R_AND_R/LOGIC.R_AND_R/DSP48_E1.DSP48E1_ADD.DSP48E1_ADD/DSP/P[47:0] is not pipelined (PREG=0). Pipelining the DSP48 output will improve performance and often saves power so it is suggested whenever possible to fully pipeline this function.  If this DSP48 function was inferred, it is suggested to describe an additional register stage after this function.  If the DSP48 was instantiated in the design, it is suggested to set the PREG attribute to 1.
Related violations: <none>

DPOP-1#223 Warning
PREG Output pipelining  
DSP U_adder_top/U_flicker/render/render_lane_3u_U0/grp_evaluate_group_3u_s_fu_456/flicker_render_piudo_U289/flicker_render_pipeline_ap_hmul_4_max_dsp_16_u/U0/i_synth/MULT.OP/MULT/MULT_GEN_VARIANT.FIX_MULT/MULT/gDSP.gDSP_only.iDSP/use_prim.appDSP48[0].bppDSP48[0].use_dsp.use_dsp48e1.iDSP48E1 output U_adder_top/U_flicker/render/render_lane_3u_U0/grp_evaluate_group_3u_s_fu_456/flicker_render_piudo_U289/flicker_render_pipeline_ap_hmul_4_max_dsp_16_u/U0/i_synth/MULT.OP/MULT/MULT_GEN_VARIANT.FIX_MULT/MULT/gDSP.gDSP_only.iDSP/use_prim.appDSP48[0].bppDSP48[0].use_dsp.use_dsp48e1.iDSP48E1/PATTERNDETECT is not pipelined (PREG=0). Pipelining the DSP48 output will improve performance and often saves power so it is suggested whenever possible to fully pipeline this function.  If this DSP48 function was inferred, it is suggested to describe an additional register stage after this function.  If the DSP48 was instantiated in the design, it is suggested to set the PREG attribute to 1.
Related violations: <none>

DPOP-1#224 Warning
PREG Output pipelining  
DSP U_adder_top/U_flicker/render/render_lane_3u_U0/grp_evaluate_group_3u_s_fu_456/flicker_render_piudo_U289/flicker_render_pipeline_ap_hmul_4_max_dsp_16_u/U0/i_synth/MULT.OP/MULT/MULT_GEN_VARIANT.FIX_MULT/MULT/gDSP.gDSP_only.iDSP/use_prim.appDSP48[0].bppDSP48[0].use_dsp.use_dsp48e1.iDSP48E1 output U_adder_top/U_flicker/render/render_lane_3u_U0/grp_evaluate_group_3u_s_fu_456/flicker_render_piudo_U289/flicker_render_pipeline_ap_hmul_4_max_dsp_16_u/U0/i_synth/MULT.OP/MULT/MULT_GEN_VARIANT.FIX_MULT/MULT/gDSP.gDSP_only.iDSP/use_prim.appDSP48[0].bppDSP48[0].use_dsp.use_dsp48e1.iDSP48E1/P[47:0] is not pipelined (PREG=0). Pipelining the DSP48 output will improve performance and often saves power so it is suggested whenever possible to fully pipeline this function.  If this DSP48 function was inferred, it is suggested to describe an additional register stage after this function.  If the DSP48 was instantiated in the design, it is suggested to set the PREG attribute to 1.
Related violations: <none>

DPOP-1#225 Warning
PREG Output pipelining  
DSP U_adder_top/U_flicker/render/render_lane_3u_U0/grp_evaluate_group_3u_s_fu_456/flicker_render_piudo_U289/flicker_render_pipeline_ap_hmul_4_max_dsp_16_u/U0/i_synth/MULT.OP/R_AND_R/LOGIC.R_AND_R/DSP48_E1.DSP48E1_ADD.DSP48E1_ADD/DSP output U_adder_top/U_flicker/render/render_lane_3u_U0/grp_evaluate_group_3u_s_fu_456/flicker_render_piudo_U289/flicker_render_pipeline_ap_hmul_4_max_dsp_16_u/U0/i_synth/MULT.OP/R_AND_R/LOGIC.R_AND_R/DSP48_E1.DSP48E1_ADD.DSP48E1_ADD/DSP/P[47:0] is not pipelined (PREG=0). Pipelining the DSP48 output will improve performance and often saves power so it is suggested whenever possible to fully pipeline this function.  If this DSP48 function was inferred, it is suggested to describe an additional register stage after this function.  If the DSP48 was instantiated in the design, it is suggested to set the PREG attribute to 1.
Related violations: <none>

DPOP-1#226 Warning
PREG Output pipelining  
DSP U_adder_top/U_flicker/render/render_lane_3u_U0/grp_evaluate_group_3u_s_fu_456/flicker_render_piudo_U290/flicker_render_pipeline_ap_hmul_4_max_dsp_16_u/U0/i_synth/MULT.OP/MULT/MULT_GEN_VARIANT.FIX_MULT/MULT/gDSP.gDSP_only.iDSP/use_prim.appDSP48[0].bppDSP48[0].use_dsp.use_dsp48e1.iDSP48E1 output U_adder_top/U_flicker/render/render_lane_3u_U0/grp_evaluate_group_3u_s_fu_456/flicker_render_piudo_U290/flicker_render_pipeline_ap_hmul_4_max_dsp_16_u/U0/i_synth/MULT.OP/MULT/MULT_GEN_VARIANT.FIX_MULT/MULT/gDSP.gDSP_only.iDSP/use_prim.appDSP48[0].bppDSP48[0].use_dsp.use_dsp48e1.iDSP48E1/PATTERNDETECT is not pipelined (PREG=0). Pipelining the DSP48 output will improve performance and often saves power so it is suggested whenever possible to fully pipeline this function.  If this DSP48 function was inferred, it is suggested to describe an additional register stage after this function.  If the DSP48 was instantiated in the design, it is suggested to set the PREG attribute to 1.
Related violations: <none>

DPOP-1#227 Warning
PREG Output pipelining  
DSP U_adder_top/U_flicker/render/render_lane_3u_U0/grp_evaluate_group_3u_s_fu_456/flicker_render_piudo_U290/flicker_render_pipeline_ap_hmul_4_max_dsp_16_u/U0/i_synth/MULT.OP/MULT/MULT_GEN_VARIANT.FIX_MULT/MULT/gDSP.gDSP_only.iDSP/use_prim.appDSP48[0].bppDSP48[0].use_dsp.use_dsp48e1.iDSP48E1 output U_adder_top/U_flicker/render/render_lane_3u_U0/grp_evaluate_group_3u_s_fu_456/flicker_render_piudo_U290/flicker_render_pipeline_ap_hmul_4_max_dsp_16_u/U0/i_synth/MULT.OP/MULT/MULT_GEN_VARIANT.FIX_MULT/MULT/gDSP.gDSP_only.iDSP/use_prim.appDSP48[0].bppDSP48[0].use_dsp.use_dsp48e1.iDSP48E1/P[47:0] is not pipelined (PREG=0). Pipelining the DSP48 output will improve performance and often saves power so it is suggested whenever possible to fully pipeline this function.  If this DSP48 function was inferred, it is suggested to describe an additional register stage after this function.  If the DSP48 was instantiated in the design, it is suggested to set the PREG attribute to 1.
Related violations: <none>

DPOP-1#228 Warning
PREG Output pipelining  
DSP U_adder_top/U_flicker/render/render_lane_3u_U0/grp_evaluate_group_3u_s_fu_456/flicker_render_piudo_U290/flicker_render_pipeline_ap_hmul_4_max_dsp_16_u/U0/i_synth/MULT.OP/R_AND_R/LOGIC.R_AND_R/DSP48_E1.DSP48E1_ADD.DSP48E1_ADD/DSP output U_adder_top/U_flicker/render/render_lane_3u_U0/grp_evaluate_group_3u_s_fu_456/flicker_render_piudo_U290/flicker_render_pipeline_ap_hmul_4_max_dsp_16_u/U0/i_synth/MULT.OP/R_AND_R/LOGIC.R_AND_R/DSP48_E1.DSP48E1_ADD.DSP48E1_ADD/DSP/P[47:0] is not pipelined (PREG=0). Pipelining the DSP48 output will improve performance and often saves power so it is suggested whenever possible to fully pipeline this function.  If this DSP48 function was inferred, it is suggested to describe an additional register stage after this function.  If the DSP48 was instantiated in the design, it is suggested to set the PREG attribute to 1.
Related violations: <none>

DPOP-1#229 Warning
PREG Output pipelining  
DSP U_adder_top/U_flicker/render/render_lane_3u_U0/grp_evaluate_group_3u_s_fu_456/flicker_render_piudo_U291/flicker_render_pipeline_ap_hmul_4_max_dsp_16_u/U0/i_synth/MULT.OP/MULT/MULT_GEN_VARIANT.FIX_MULT/MULT/gDSP.gDSP_only.iDSP/use_prim.appDSP48[0].bppDSP48[0].use_dsp.use_dsp48e1.iDSP48E1 output U_adder_top/U_flicker/render/render_lane_3u_U0/grp_evaluate_group_3u_s_fu_456/flicker_render_piudo_U291/flicker_render_pipeline_ap_hmul_4_max_dsp_16_u/U0/i_synth/MULT.OP/MULT/MULT_GEN_VARIANT.FIX_MULT/MULT/gDSP.gDSP_only.iDSP/use_prim.appDSP48[0].bppDSP48[0].use_dsp.use_dsp48e1.iDSP48E1/PATTERNDETECT is not pipelined (PREG=0). Pipelining the DSP48 output will improve performance and often saves power so it is suggested whenever possible to fully pipeline this function.  If this DSP48 function was inferred, it is suggested to describe an additional register stage after this function.  If the DSP48 was instantiated in the design, it is suggested to set the PREG attribute to 1.
Related violations: <none>

DPOP-1#230 Warning
PREG Output pipelining  
DSP U_adder_top/U_flicker/render/render_lane_3u_U0/grp_evaluate_group_3u_s_fu_456/flicker_render_piudo_U291/flicker_render_pipeline_ap_hmul_4_max_dsp_16_u/U0/i_synth/MULT.OP/MULT/MULT_GEN_VARIANT.FIX_MULT/MULT/gDSP.gDSP_only.iDSP/use_prim.appDSP48[0].bppDSP48[0].use_dsp.use_dsp48e1.iDSP48E1 output U_adder_top/U_flicker/render/render_lane_3u_U0/grp_evaluate_group_3u_s_fu_456/flicker_render_piudo_U291/flicker_render_pipeline_ap_hmul_4_max_dsp_16_u/U0/i_synth/MULT.OP/MULT/MULT_GEN_VARIANT.FIX_MULT/MULT/gDSP.gDSP_only.iDSP/use_prim.appDSP48[0].bppDSP48[0].use_dsp.use_dsp48e1.iDSP48E1/P[47:0] is not pipelined (PREG=0). Pipelining the DSP48 output will improve performance and often saves power so it is suggested whenever possible to fully pipeline this function.  If this DSP48 function was inferred, it is suggested to describe an additional register stage after this function.  If the DSP48 was instantiated in the design, it is suggested to set the PREG attribute to 1.
Related violations: <none>

DPOP-1#231 Warning
PREG Output pipelining  
DSP U_adder_top/U_flicker/render/render_lane_3u_U0/grp_evaluate_group_3u_s_fu_456/flicker_render_piudo_U291/flicker_render_pipeline_ap_hmul_4_max_dsp_16_u/U0/i_synth/MULT.OP/R_AND_R/LOGIC.R_AND_R/DSP48_E1.DSP48E1_ADD.DSP48E1_ADD/DSP output U_adder_top/U_flicker/render/render_lane_3u_U0/grp_evaluate_group_3u_s_fu_456/flicker_render_piudo_U291/flicker_render_pipeline_ap_hmul_4_max_dsp_16_u/U0/i_synth/MULT.OP/R_AND_R/LOGIC.R_AND_R/DSP48_E1.DSP48E1_ADD.DSP48E1_ADD/DSP/P[47:0] is not pipelined (PREG=0). Pipelining the DSP48 output will improve performance and often saves power so it is suggested whenever possible to fully pipeline this function.  If this DSP48 function was inferred, it is suggested to describe an additional register stage after this function.  If the DSP48 was instantiated in the design, it is suggested to set the PREG attribute to 1.
Related violations: <none>

DPOP-1#232 Warning
PREG Output pipelining  
DSP U_adder_top/U_flicker/render/render_lane_3u_U0/grp_evaluate_group_3u_s_fu_456/flicker_render_piudo_U292/flicker_render_pipeline_ap_hmul_4_max_dsp_16_u/U0/i_synth/MULT.OP/MULT/MULT_GEN_VARIANT.FIX_MULT/MULT/gDSP.gDSP_only.iDSP/use_prim.appDSP48[0].bppDSP48[0].use_dsp.use_dsp48e1.iDSP48E1 output U_adder_top/U_flicker/render/render_lane_3u_U0/grp_evaluate_group_3u_s_fu_456/flicker_render_piudo_U292/flicker_render_pipeline_ap_hmul_4_max_dsp_16_u/U0/i_synth/MULT.OP/MULT/MULT_GEN_VARIANT.FIX_MULT/MULT/gDSP.gDSP_only.iDSP/use_prim.appDSP48[0].bppDSP48[0].use_dsp.use_dsp48e1.iDSP48E1/PATTERNDETECT is not pipelined (PREG=0). Pipelining the DSP48 output will improve performance and often saves power so it is suggested whenever possible to fully pipeline this function.  If this DSP48 function was inferred, it is suggested to describe an additional register stage after this function.  If the DSP48 was instantiated in the design, it is suggested to set the PREG attribute to 1.
Related violations: <none>

DPOP-1#233 Warning
PREG Output pipelining  
DSP U_adder_top/U_flicker/render/render_lane_3u_U0/grp_evaluate_group_3u_s_fu_456/flicker_render_piudo_U292/flicker_render_pipeline_ap_hmul_4_max_dsp_16_u/U0/i_synth/MULT.OP/MULT/MULT_GEN_VARIANT.FIX_MULT/MULT/gDSP.gDSP_only.iDSP/use_prim.appDSP48[0].bppDSP48[0].use_dsp.use_dsp48e1.iDSP48E1 output U_adder_top/U_flicker/render/render_lane_3u_U0/grp_evaluate_group_3u_s_fu_456/flicker_render_piudo_U292/flicker_render_pipeline_ap_hmul_4_max_dsp_16_u/U0/i_synth/MULT.OP/MULT/MULT_GEN_VARIANT.FIX_MULT/MULT/gDSP.gDSP_only.iDSP/use_prim.appDSP48[0].bppDSP48[0].use_dsp.use_dsp48e1.iDSP48E1/P[47:0] is not pipelined (PREG=0). Pipelining the DSP48 output will improve performance and often saves power so it is suggested whenever possible to fully pipeline this function.  If this DSP48 function was inferred, it is suggested to describe an additional register stage after this function.  If the DSP48 was instantiated in the design, it is suggested to set the PREG attribute to 1.
Related violations: <none>

DPOP-1#234 Warning
PREG Output pipelining  
DSP U_adder_top/U_flicker/render/render_lane_3u_U0/grp_evaluate_group_3u_s_fu_456/flicker_render_piudo_U292/flicker_render_pipeline_ap_hmul_4_max_dsp_16_u/U0/i_synth/MULT.OP/R_AND_R/LOGIC.R_AND_R/DSP48_E1.DSP48E1_ADD.DSP48E1_ADD/DSP output U_adder_top/U_flicker/render/render_lane_3u_U0/grp_evaluate_group_3u_s_fu_456/flicker_render_piudo_U292/flicker_render_pipeline_ap_hmul_4_max_dsp_16_u/U0/i_synth/MULT.OP/R_AND_R/LOGIC.R_AND_R/DSP48_E1.DSP48E1_ADD.DSP48E1_ADD/DSP/P[47:0] is not pipelined (PREG=0). Pipelining the DSP48 output will improve performance and often saves power so it is suggested whenever possible to fully pipeline this function.  If this DSP48 function was inferred, it is suggested to describe an additional register stage after this function.  If the DSP48 was instantiated in the design, it is suggested to set the PREG attribute to 1.
Related violations: <none>

DPOP-1#235 Warning
PREG Output pipelining  
DSP U_adder_top/U_flicker/render/render_lane_3u_U0/grp_evaluate_group_3u_s_fu_456/flicker_render_piudo_U293/flicker_render_pipeline_ap_hmul_4_max_dsp_16_u/U0/i_synth/MULT.OP/MULT/MULT_GEN_VARIANT.FIX_MULT/MULT/gDSP.gDSP_only.iDSP/use_prim.appDSP48[0].bppDSP48[0].use_dsp.use_dsp48e1.iDSP48E1 output U_adder_top/U_flicker/render/render_lane_3u_U0/grp_evaluate_group_3u_s_fu_456/flicker_render_piudo_U293/flicker_render_pipeline_ap_hmul_4_max_dsp_16_u/U0/i_synth/MULT.OP/MULT/MULT_GEN_VARIANT.FIX_MULT/MULT/gDSP.gDSP_only.iDSP/use_prim.appDSP48[0].bppDSP48[0].use_dsp.use_dsp48e1.iDSP48E1/PATTERNDETECT is not pipelined (PREG=0). Pipelining the DSP48 output will improve performance and often saves power so it is suggested whenever possible to fully pipeline this function.  If this DSP48 function was inferred, it is suggested to describe an additional register stage after this function.  If the DSP48 was instantiated in the design, it is suggested to set the PREG attribute to 1.
Related violations: <none>

DPOP-1#236 Warning
PREG Output pipelining  
DSP U_adder_top/U_flicker/render/render_lane_3u_U0/grp_evaluate_group_3u_s_fu_456/flicker_render_piudo_U293/flicker_render_pipeline_ap_hmul_4_max_dsp_16_u/U0/i_synth/MULT.OP/MULT/MULT_GEN_VARIANT.FIX_MULT/MULT/gDSP.gDSP_only.iDSP/use_prim.appDSP48[0].bppDSP48[0].use_dsp.use_dsp48e1.iDSP48E1 output U_adder_top/U_flicker/render/render_lane_3u_U0/grp_evaluate_group_3u_s_fu_456/flicker_render_piudo_U293/flicker_render_pipeline_ap_hmul_4_max_dsp_16_u/U0/i_synth/MULT.OP/MULT/MULT_GEN_VARIANT.FIX_MULT/MULT/gDSP.gDSP_only.iDSP/use_prim.appDSP48[0].bppDSP48[0].use_dsp.use_dsp48e1.iDSP48E1/P[47:0] is not pipelined (PREG=0). Pipelining the DSP48 output will improve performance and often saves power so it is suggested whenever possible to fully pipeline this function.  If this DSP48 function was inferred, it is suggested to describe an additional register stage after this function.  If the DSP48 was instantiated in the design, it is suggested to set the PREG attribute to 1.
Related violations: <none>

DPOP-1#237 Warning
PREG Output pipelining  
DSP U_adder_top/U_flicker/render/render_lane_3u_U0/grp_evaluate_group_3u_s_fu_456/flicker_render_piudo_U293/flicker_render_pipeline_ap_hmul_4_max_dsp_16_u/U0/i_synth/MULT.OP/R_AND_R/LOGIC.R_AND_R/DSP48_E1.DSP48E1_ADD.DSP48E1_ADD/DSP output U_adder_top/U_flicker/render/render_lane_3u_U0/grp_evaluate_group_3u_s_fu_456/flicker_render_piudo_U293/flicker_render_pipeline_ap_hmul_4_max_dsp_16_u/U0/i_synth/MULT.OP/R_AND_R/LOGIC.R_AND_R/DSP48_E1.DSP48E1_ADD.DSP48E1_ADD/DSP/P[47:0] is not pipelined (PREG=0). Pipelining the DSP48 output will improve performance and often saves power so it is suggested whenever possible to fully pipeline this function.  If this DSP48 function was inferred, it is suggested to describe an additional register stage after this function.  If the DSP48 was instantiated in the design, it is suggested to set the PREG attribute to 1.
Related violations: <none>

DPOP-1#238 Warning
PREG Output pipelining  
DSP U_adder_top/U_flicker/render/render_lane_3u_U0/grp_evaluate_group_3u_s_fu_456/flicker_render_piudo_U294/flicker_render_pipeline_ap_hmul_4_max_dsp_16_u/U0/i_synth/MULT.OP/MULT/MULT_GEN_VARIANT.FIX_MULT/MULT/gDSP.gDSP_only.iDSP/use_prim.appDSP48[0].bppDSP48[0].use_dsp.use_dsp48e1.iDSP48E1 output U_adder_top/U_flicker/render/render_lane_3u_U0/grp_evaluate_group_3u_s_fu_456/flicker_render_piudo_U294/flicker_render_pipeline_ap_hmul_4_max_dsp_16_u/U0/i_synth/MULT.OP/MULT/MULT_GEN_VARIANT.FIX_MULT/MULT/gDSP.gDSP_only.iDSP/use_prim.appDSP48[0].bppDSP48[0].use_dsp.use_dsp48e1.iDSP48E1/PATTERNDETECT is not pipelined (PREG=0). Pipelining the DSP48 output will improve performance and often saves power so it is suggested whenever possible to fully pipeline this function.  If this DSP48 function was inferred, it is suggested to describe an additional register stage after this function.  If the DSP48 was instantiated in the design, it is suggested to set the PREG attribute to 1.
Related violations: <none>

DPOP-1#239 Warning
PREG Output pipelining  
DSP U_adder_top/U_flicker/render/render_lane_3u_U0/grp_evaluate_group_3u_s_fu_456/flicker_render_piudo_U294/flicker_render_pipeline_ap_hmul_4_max_dsp_16_u/U0/i_synth/MULT.OP/MULT/MULT_GEN_VARIANT.FIX_MULT/MULT/gDSP.gDSP_only.iDSP/use_prim.appDSP48[0].bppDSP48[0].use_dsp.use_dsp48e1.iDSP48E1 output U_adder_top/U_flicker/render/render_lane_3u_U0/grp_evaluate_group_3u_s_fu_456/flicker_render_piudo_U294/flicker_render_pipeline_ap_hmul_4_max_dsp_16_u/U0/i_synth/MULT.OP/MULT/MULT_GEN_VARIANT.FIX_MULT/MULT/gDSP.gDSP_only.iDSP/use_prim.appDSP48[0].bppDSP48[0].use_dsp.use_dsp48e1.iDSP48E1/P[47:0] is not pipelined (PREG=0). Pipelining the DSP48 output will improve performance and often saves power so it is suggested whenever possible to fully pipeline this function.  If this DSP48 function was inferred, it is suggested to describe an additional register stage after this function.  If the DSP48 was instantiated in the design, it is suggested to set the PREG attribute to 1.
Related violations: <none>

DPOP-1#240 Warning
PREG Output pipelining  
DSP U_adder_top/U_flicker/render/render_lane_3u_U0/grp_evaluate_group_3u_s_fu_456/flicker_render_piudo_U294/flicker_render_pipeline_ap_hmul_4_max_dsp_16_u/U0/i_synth/MULT.OP/R_AND_R/LOGIC.R_AND_R/DSP48_E1.DSP48E1_ADD.DSP48E1_ADD/DSP output U_adder_top/U_flicker/render/render_lane_3u_U0/grp_evaluate_group_3u_s_fu_456/flicker_render_piudo_U294/flicker_render_pipeline_ap_hmul_4_max_dsp_16_u/U0/i_synth/MULT.OP/R_AND_R/LOGIC.R_AND_R/DSP48_E1.DSP48E1_ADD.DSP48E1_ADD/DSP/P[47:0] is not pipelined (PREG=0). Pipelining the DSP48 output will improve performance and often saves power so it is suggested whenever possible to fully pipeline this function.  If this DSP48 function was inferred, it is suggested to describe an additional register stage after this function.  If the DSP48 was instantiated in the design, it is suggested to set the PREG attribute to 1.
Related violations: <none>

DPOP-1#241 Warning
PREG Output pipelining  
DSP U_adder_top/U_flicker/render/render_lane_3u_U0/grp_evaluate_group_3u_s_fu_456/flicker_render_piudo_U295/flicker_render_pipeline_ap_hmul_4_max_dsp_16_u/U0/i_synth/MULT.OP/MULT/MULT_GEN_VARIANT.FIX_MULT/MULT/gDSP.gDSP_only.iDSP/use_prim.appDSP48[0].bppDSP48[0].use_dsp.use_dsp48e1.iDSP48E1 output U_adder_top/U_flicker/render/render_lane_3u_U0/grp_evaluate_group_3u_s_fu_456/flicker_render_piudo_U295/flicker_render_pipeline_ap_hmul_4_max_dsp_16_u/U0/i_synth/MULT.OP/MULT/MULT_GEN_VARIANT.FIX_MULT/MULT/gDSP.gDSP_only.iDSP/use_prim.appDSP48[0].bppDSP48[0].use_dsp.use_dsp48e1.iDSP48E1/PATTERNDETECT is not pipelined (PREG=0). Pipelining the DSP48 output will improve performance and often saves power so it is suggested whenever possible to fully pipeline this function.  If this DSP48 function was inferred, it is suggested to describe an additional register stage after this function.  If the DSP48 was instantiated in the design, it is suggested to set the PREG attribute to 1.
Related violations: <none>

DPOP-1#242 Warning
PREG Output pipelining  
DSP U_adder_top/U_flicker/render/render_lane_3u_U0/grp_evaluate_group_3u_s_fu_456/flicker_render_piudo_U295/flicker_render_pipeline_ap_hmul_4_max_dsp_16_u/U0/i_synth/MULT.OP/MULT/MULT_GEN_VARIANT.FIX_MULT/MULT/gDSP.gDSP_only.iDSP/use_prim.appDSP48[0].bppDSP48[0].use_dsp.use_dsp48e1.iDSP48E1 output U_adder_top/U_flicker/render/render_lane_3u_U0/grp_evaluate_group_3u_s_fu_456/flicker_render_piudo_U295/flicker_render_pipeline_ap_hmul_4_max_dsp_16_u/U0/i_synth/MULT.OP/MULT/MULT_GEN_VARIANT.FIX_MULT/MULT/gDSP.gDSP_only.iDSP/use_prim.appDSP48[0].bppDSP48[0].use_dsp.use_dsp48e1.iDSP48E1/P[47:0] is not pipelined (PREG=0). Pipelining the DSP48 output will improve performance and often saves power so it is suggested whenever possible to fully pipeline this function.  If this DSP48 function was inferred, it is suggested to describe an additional register stage after this function.  If the DSP48 was instantiated in the design, it is suggested to set the PREG attribute to 1.
Related violations: <none>

DPOP-1#243 Warning
PREG Output pipelining  
DSP U_adder_top/U_flicker/render/render_lane_3u_U0/grp_evaluate_group_3u_s_fu_456/flicker_render_piudo_U295/flicker_render_pipeline_ap_hmul_4_max_dsp_16_u/U0/i_synth/MULT.OP/R_AND_R/LOGIC.R_AND_R/DSP48_E1.DSP48E1_ADD.DSP48E1_ADD/DSP output U_adder_top/U_flicker/render/render_lane_3u_U0/grp_evaluate_group_3u_s_fu_456/flicker_render_piudo_U295/flicker_render_pipeline_ap_hmul_4_max_dsp_16_u/U0/i_synth/MULT.OP/R_AND_R/LOGIC.R_AND_R/DSP48_E1.DSP48E1_ADD.DSP48E1_ADD/DSP/P[47:0] is not pipelined (PREG=0). Pipelining the DSP48 output will improve performance and often saves power so it is suggested whenever possible to fully pipeline this function.  If this DSP48 function was inferred, it is suggested to describe an additional register stage after this function.  If the DSP48 was instantiated in the design, it is suggested to set the PREG attribute to 1.
Related violations: <none>

DPOP-1#244 Warning
PREG Output pipelining  
DSP U_adder_top/U_flicker/render/render_lane_3u_U0/grp_evaluate_group_3u_s_fu_456/flicker_render_piudo_U296/flicker_render_pipeline_ap_hmul_4_max_dsp_16_u/U0/i_synth/MULT.OP/MULT/MULT_GEN_VARIANT.FIX_MULT/MULT/gDSP.gDSP_only.iDSP/use_prim.appDSP48[0].bppDSP48[0].use_dsp.use_dsp48e1.iDSP48E1 output U_adder_top/U_flicker/render/render_lane_3u_U0/grp_evaluate_group_3u_s_fu_456/flicker_render_piudo_U296/flicker_render_pipeline_ap_hmul_4_max_dsp_16_u/U0/i_synth/MULT.OP/MULT/MULT_GEN_VARIANT.FIX_MULT/MULT/gDSP.gDSP_only.iDSP/use_prim.appDSP48[0].bppDSP48[0].use_dsp.use_dsp48e1.iDSP48E1/PATTERNDETECT is not pipelined (PREG=0). Pipelining the DSP48 output will improve performance and often saves power so it is suggested whenever possible to fully pipeline this function.  If this DSP48 function was inferred, it is suggested to describe an additional register stage after this function.  If the DSP48 was instantiated in the design, it is suggested to set the PREG attribute to 1.
Related violations: <none>

DPOP-1#245 Warning
PREG Output pipelining  
DSP U_adder_top/U_flicker/render/render_lane_3u_U0/grp_evaluate_group_3u_s_fu_456/flicker_render_piudo_U296/flicker_render_pipeline_ap_hmul_4_max_dsp_16_u/U0/i_synth/MULT.OP/MULT/MULT_GEN_VARIANT.FIX_MULT/MULT/gDSP.gDSP_only.iDSP/use_prim.appDSP48[0].bppDSP48[0].use_dsp.use_dsp48e1.iDSP48E1 output U_adder_top/U_flicker/render/render_lane_3u_U0/grp_evaluate_group_3u_s_fu_456/flicker_render_piudo_U296/flicker_render_pipeline_ap_hmul_4_max_dsp_16_u/U0/i_synth/MULT.OP/MULT/MULT_GEN_VARIANT.FIX_MULT/MULT/gDSP.gDSP_only.iDSP/use_prim.appDSP48[0].bppDSP48[0].use_dsp.use_dsp48e1.iDSP48E1/P[47:0] is not pipelined (PREG=0). Pipelining the DSP48 output will improve performance and often saves power so it is suggested whenever possible to fully pipeline this function.  If this DSP48 function was inferred, it is suggested to describe an additional register stage after this function.  If the DSP48 was instantiated in the design, it is suggested to set the PREG attribute to 1.
Related violations: <none>

DPOP-1#246 Warning
PREG Output pipelining  
DSP U_adder_top/U_flicker/render/render_lane_3u_U0/grp_evaluate_group_3u_s_fu_456/flicker_render_piudo_U296/flicker_render_pipeline_ap_hmul_4_max_dsp_16_u/U0/i_synth/MULT.OP/R_AND_R/LOGIC.R_AND_R/DSP48_E1.DSP48E1_ADD.DSP48E1_ADD/DSP output U_adder_top/U_flicker/render/render_lane_3u_U0/grp_evaluate_group_3u_s_fu_456/flicker_render_piudo_U296/flicker_render_pipeline_ap_hmul_4_max_dsp_16_u/U0/i_synth/MULT.OP/R_AND_R/LOGIC.R_AND_R/DSP48_E1.DSP48E1_ADD.DSP48E1_ADD/DSP/P[47:0] is not pipelined (PREG=0). Pipelining the DSP48 output will improve performance and often saves power so it is suggested whenever possible to fully pipeline this function.  If this DSP48 function was inferred, it is suggested to describe an additional register stage after this function.  If the DSP48 was instantiated in the design, it is suggested to set the PREG attribute to 1.
Related violations: <none>

DPOP-1#247 Warning
PREG Output pipelining  
DSP U_adder_top/U_flicker/render/render_lane_3u_U0/grp_evaluate_group_3u_s_fu_456/flicker_render_piudo_U297/flicker_render_pipeline_ap_hmul_4_max_dsp_16_u/U0/i_synth/MULT.OP/MULT/MULT_GEN_VARIANT.FIX_MULT/MULT/gDSP.gDSP_only.iDSP/use_prim.appDSP48[0].bppDSP48[0].use_dsp.use_dsp48e1.iDSP48E1 output U_adder_top/U_flicker/render/render_lane_3u_U0/grp_evaluate_group_3u_s_fu_456/flicker_render_piudo_U297/flicker_render_pipeline_ap_hmul_4_max_dsp_16_u/U0/i_synth/MULT.OP/MULT/MULT_GEN_VARIANT.FIX_MULT/MULT/gDSP.gDSP_only.iDSP/use_prim.appDSP48[0].bppDSP48[0].use_dsp.use_dsp48e1.iDSP48E1/PATTERNDETECT is not pipelined (PREG=0). Pipelining the DSP48 output will improve performance and often saves power so it is suggested whenever possible to fully pipeline this function.  If this DSP48 function was inferred, it is suggested to describe an additional register stage after this function.  If the DSP48 was instantiated in the design, it is suggested to set the PREG attribute to 1.
Related violations: <none>

DPOP-1#248 Warning
PREG Output pipelining  
DSP U_adder_top/U_flicker/render/render_lane_3u_U0/grp_evaluate_group_3u_s_fu_456/flicker_render_piudo_U297/flicker_render_pipeline_ap_hmul_4_max_dsp_16_u/U0/i_synth/MULT.OP/MULT/MULT_GEN_VARIANT.FIX_MULT/MULT/gDSP.gDSP_only.iDSP/use_prim.appDSP48[0].bppDSP48[0].use_dsp.use_dsp48e1.iDSP48E1 output U_adder_top/U_flicker/render/render_lane_3u_U0/grp_evaluate_group_3u_s_fu_456/flicker_render_piudo_U297/flicker_render_pipeline_ap_hmul_4_max_dsp_16_u/U0/i_synth/MULT.OP/MULT/MULT_GEN_VARIANT.FIX_MULT/MULT/gDSP.gDSP_only.iDSP/use_prim.appDSP48[0].bppDSP48[0].use_dsp.use_dsp48e1.iDSP48E1/P[47:0] is not pipelined (PREG=0). Pipelining the DSP48 output will improve performance and often saves power so it is suggested whenever possible to fully pipeline this function.  If this DSP48 function was inferred, it is suggested to describe an additional register stage after this function.  If the DSP48 was instantiated in the design, it is suggested to set the PREG attribute to 1.
Related violations: <none>

DPOP-1#249 Warning
PREG Output pipelining  
DSP U_adder_top/U_flicker/render/render_lane_3u_U0/grp_evaluate_group_3u_s_fu_456/flicker_render_piudo_U297/flicker_render_pipeline_ap_hmul_4_max_dsp_16_u/U0/i_synth/MULT.OP/R_AND_R/LOGIC.R_AND_R/DSP48_E1.DSP48E1_ADD.DSP48E1_ADD/DSP output U_adder_top/U_flicker/render/render_lane_3u_U0/grp_evaluate_group_3u_s_fu_456/flicker_render_piudo_U297/flicker_render_pipeline_ap_hmul_4_max_dsp_16_u/U0/i_synth/MULT.OP/R_AND_R/LOGIC.R_AND_R/DSP48_E1.DSP48E1_ADD.DSP48E1_ADD/DSP/P[47:0] is not pipelined (PREG=0). Pipelining the DSP48 output will improve performance and often saves power so it is suggested whenever possible to fully pipeline this function.  If this DSP48 function was inferred, it is suggested to describe an additional register stage after this function.  If the DSP48 was instantiated in the design, it is suggested to set the PREG attribute to 1.
Related violations: <none>

DPOP-1#250 Warning
PREG Output pipelining  
DSP U_adder_top/U_flicker/render/render_lane_3u_U0/grp_evaluate_group_3u_s_fu_456/flicker_render_piudo_U298/flicker_render_pipeline_ap_hmul_4_max_dsp_16_u/U0/i_synth/MULT.OP/MULT/MULT_GEN_VARIANT.FIX_MULT/MULT/gDSP.gDSP_only.iDSP/use_prim.appDSP48[0].bppDSP48[0].use_dsp.use_dsp48e1.iDSP48E1 output U_adder_top/U_flicker/render/render_lane_3u_U0/grp_evaluate_group_3u_s_fu_456/flicker_render_piudo_U298/flicker_render_pipeline_ap_hmul_4_max_dsp_16_u/U0/i_synth/MULT.OP/MULT/MULT_GEN_VARIANT.FIX_MULT/MULT/gDSP.gDSP_only.iDSP/use_prim.appDSP48[0].bppDSP48[0].use_dsp.use_dsp48e1.iDSP48E1/PATTERNDETECT is not pipelined (PREG=0). Pipelining the DSP48 output will improve performance and often saves power so it is suggested whenever possible to fully pipeline this function.  If this DSP48 function was inferred, it is suggested to describe an additional register stage after this function.  If the DSP48 was instantiated in the design, it is suggested to set the PREG attribute to 1.
Related violations: <none>

DPOP-1#251 Warning
PREG Output pipelining  
DSP U_adder_top/U_flicker/render/render_lane_3u_U0/grp_evaluate_group_3u_s_fu_456/flicker_render_piudo_U298/flicker_render_pipeline_ap_hmul_4_max_dsp_16_u/U0/i_synth/MULT.OP/MULT/MULT_GEN_VARIANT.FIX_MULT/MULT/gDSP.gDSP_only.iDSP/use_prim.appDSP48[0].bppDSP48[0].use_dsp.use_dsp48e1.iDSP48E1 output U_adder_top/U_flicker/render/render_lane_3u_U0/grp_evaluate_group_3u_s_fu_456/flicker_render_piudo_U298/flicker_render_pipeline_ap_hmul_4_max_dsp_16_u/U0/i_synth/MULT.OP/MULT/MULT_GEN_VARIANT.FIX_MULT/MULT/gDSP.gDSP_only.iDSP/use_prim.appDSP48[0].bppDSP48[0].use_dsp.use_dsp48e1.iDSP48E1/P[47:0] is not pipelined (PREG=0). Pipelining the DSP48 output will improve performance and often saves power so it is suggested whenever possible to fully pipeline this function.  If this DSP48 function was inferred, it is suggested to describe an additional register stage after this function.  If the DSP48 was instantiated in the design, it is suggested to set the PREG attribute to 1.
Related violations: <none>

DPOP-1#252 Warning
PREG Output pipelining  
DSP U_adder_top/U_flicker/render/render_lane_3u_U0/grp_evaluate_group_3u_s_fu_456/flicker_render_piudo_U298/flicker_render_pipeline_ap_hmul_4_max_dsp_16_u/U0/i_synth/MULT.OP/R_AND_R/LOGIC.R_AND_R/DSP48_E1.DSP48E1_ADD.DSP48E1_ADD/DSP output U_adder_top/U_flicker/render/render_lane_3u_U0/grp_evaluate_group_3u_s_fu_456/flicker_render_piudo_U298/flicker_render_pipeline_ap_hmul_4_max_dsp_16_u/U0/i_synth/MULT.OP/R_AND_R/LOGIC.R_AND_R/DSP48_E1.DSP48E1_ADD.DSP48E1_ADD/DSP/P[47:0] is not pipelined (PREG=0). Pipelining the DSP48 output will improve performance and often saves power so it is suggested whenever possible to fully pipeline this function.  If this DSP48 function was inferred, it is suggested to describe an additional register stage after this function.  If the DSP48 was instantiated in the design, it is suggested to set the PREG attribute to 1.
Related violations: <none>

DPOP-1#253 Warning
PREG Output pipelining  
DSP U_adder_top/U_flicker/render/render_lane_3u_U0/grp_evaluate_group_3u_s_fu_456/flicker_render_pixdS_U278/flicker_render_pipeline_ap_hadd_8_full_dsp_16_u/U0/i_synth/ADDSUB_OP.ADDSUB/SPEED_OP.DSP.OP/DSP48E1_BODY_HP.NORM_RND/FULL_USAGE_DSP.SHIFT_RND/DSP output U_adder_top/U_flicker/render/render_lane_3u_U0/grp_evaluate_group_3u_s_fu_456/flicker_render_pixdS_U278/flicker_render_pipeline_ap_hadd_8_full_dsp_16_u/U0/i_synth/ADDSUB_OP.ADDSUB/SPEED_OP.DSP.OP/DSP48E1_BODY_HP.NORM_RND/FULL_USAGE_DSP.SHIFT_RND/DSP/P[47:0] is not pipelined (PREG=0). Pipelining the DSP48 output will improve performance and often saves power so it is suggested whenever possible to fully pipeline this function.  If this DSP48 function was inferred, it is suggested to describe an additional register stage after this function.  If the DSP48 was instantiated in the design, it is suggested to set the PREG attribute to 1.
Related violations: <none>

DPOP-1#254 Warning
PREG Output pipelining  
DSP U_adder_top/U_flicker/render/render_lane_3u_U0/grp_evaluate_group_3u_s_fu_456/flicker_render_pixdS_U279/flicker_render_pipeline_ap_hadd_8_full_dsp_16_u/U0/i_synth/ADDSUB_OP.ADDSUB/SPEED_OP.DSP.OP/DSP48E1_BODY_HP.NORM_RND/FULL_USAGE_DSP.SHIFT_RND/DSP output U_adder_top/U_flicker/render/render_lane_3u_U0/grp_evaluate_group_3u_s_fu_456/flicker_render_pixdS_U279/flicker_render_pipeline_ap_hadd_8_full_dsp_16_u/U0/i_synth/ADDSUB_OP.ADDSUB/SPEED_OP.DSP.OP/DSP48E1_BODY_HP.NORM_RND/FULL_USAGE_DSP.SHIFT_RND/DSP/P[47:0] is not pipelined (PREG=0). Pipelining the DSP48 output will improve performance and often saves power so it is suggested whenever possible to fully pipeline this function.  If this DSP48 function was inferred, it is suggested to describe an additional register stage after this function.  If the DSP48 was instantiated in the design, it is suggested to set the PREG attribute to 1.
Related violations: <none>

DPOP-1#255 Warning
PREG Output pipelining  
DSP U_adder_top/U_flicker/render/render_lane_3u_U0/grp_evaluate_group_3u_s_fu_456/flicker_render_pixdS_U280/flicker_render_pipeline_ap_hadd_8_full_dsp_16_u/U0/i_synth/ADDSUB_OP.ADDSUB/SPEED_OP.DSP.OP/DSP48E1_BODY_HP.NORM_RND/FULL_USAGE_DSP.SHIFT_RND/DSP output U_adder_top/U_flicker/render/render_lane_3u_U0/grp_evaluate_group_3u_s_fu_456/flicker_render_pixdS_U280/flicker_render_pipeline_ap_hadd_8_full_dsp_16_u/U0/i_synth/ADDSUB_OP.ADDSUB/SPEED_OP.DSP.OP/DSP48E1_BODY_HP.NORM_RND/FULL_USAGE_DSP.SHIFT_RND/DSP/P[47:0] is not pipelined (PREG=0). Pipelining the DSP48 output will improve performance and often saves power so it is suggested whenever possible to fully pipeline this function.  If this DSP48 function was inferred, it is suggested to describe an additional register stage after this function.  If the DSP48 was instantiated in the design, it is suggested to set the PREG attribute to 1.
Related violations: <none>

DPOP-1#256 Warning
PREG Output pipelining  
DSP U_adder_top/U_flicker/render/render_lane_3u_U0/grp_evaluate_group_3u_s_fu_456/flicker_render_pixdS_U281/flicker_render_pipeline_ap_hadd_8_full_dsp_16_u/U0/i_synth/ADDSUB_OP.ADDSUB/SPEED_OP.DSP.OP/DSP48E1_BODY_HP.NORM_RND/FULL_USAGE_DSP.SHIFT_RND/DSP output U_adder_top/U_flicker/render/render_lane_3u_U0/grp_evaluate_group_3u_s_fu_456/flicker_render_pixdS_U281/flicker_render_pipeline_ap_hadd_8_full_dsp_16_u/U0/i_synth/ADDSUB_OP.ADDSUB/SPEED_OP.DSP.OP/DSP48E1_BODY_HP.NORM_RND/FULL_USAGE_DSP.SHIFT_RND/DSP/P[47:0] is not pipelined (PREG=0). Pipelining the DSP48 output will improve performance and often saves power so it is suggested whenever possible to fully pipeline this function.  If this DSP48 function was inferred, it is suggested to describe an additional register stage after this function.  If the DSP48 was instantiated in the design, it is suggested to set the PREG attribute to 1.
Related violations: <none>

DPOP-1#257 Warning
PREG Output pipelining  
DSP U_adder_top/U_flicker/render/render_lane_3u_U0/grp_evaluate_group_3u_s_fu_456/flicker_render_piyd2_U282/flicker_render_pipeline_ap_hsub_8_full_dsp_16_u/U0/i_synth/ADDSUB_OP.ADDSUB/SPEED_OP.DSP.OP/DSP48E1_BODY_HP.NORM_RND/FULL_USAGE_DSP.SHIFT_RND/DSP output U_adder_top/U_flicker/render/render_lane_3u_U0/grp_evaluate_group_3u_s_fu_456/flicker_render_piyd2_U282/flicker_render_pipeline_ap_hsub_8_full_dsp_16_u/U0/i_synth/ADDSUB_OP.ADDSUB/SPEED_OP.DSP.OP/DSP48E1_BODY_HP.NORM_RND/FULL_USAGE_DSP.SHIFT_RND/DSP/P[47:0] is not pipelined (PREG=0). Pipelining the DSP48 output will improve performance and often saves power so it is suggested whenever possible to fully pipeline this function.  If this DSP48 function was inferred, it is suggested to describe an additional register stage after this function.  If the DSP48 was instantiated in the design, it is suggested to set the PREG attribute to 1.
Related violations: <none>

DPOP-1#258 Warning
PREG Output pipelining  
DSP U_adder_top/U_flicker/render/render_lane_3u_U0/grp_evaluate_group_3u_s_fu_456/flicker_render_piyd2_U283/flicker_render_pipeline_ap_hsub_8_full_dsp_16_u/U0/i_synth/ADDSUB_OP.ADDSUB/SPEED_OP.DSP.OP/DSP48E1_BODY_HP.NORM_RND/FULL_USAGE_DSP.SHIFT_RND/DSP output U_adder_top/U_flicker/render/render_lane_3u_U0/grp_evaluate_group_3u_s_fu_456/flicker_render_piyd2_U283/flicker_render_pipeline_ap_hsub_8_full_dsp_16_u/U0/i_synth/ADDSUB_OP.ADDSUB/SPEED_OP.DSP.OP/DSP48E1_BODY_HP.NORM_RND/FULL_USAGE_DSP.SHIFT_RND/DSP/P[47:0] is not pipelined (PREG=0). Pipelining the DSP48 output will improve performance and often saves power so it is suggested whenever possible to fully pipeline this function.  If this DSP48 function was inferred, it is suggested to describe an additional register stage after this function.  If the DSP48 was instantiated in the design, it is suggested to set the PREG attribute to 1.
Related violations: <none>

DPOP-1#259 Warning
PREG Output pipelining  
DSP U_adder_top/U_flicker/render/render_lane_3u_U0/grp_evaluate_group_3u_s_fu_456/flicker_render_piyd2_U284/flicker_render_pipeline_ap_hsub_8_full_dsp_16_u/U0/i_synth/ADDSUB_OP.ADDSUB/SPEED_OP.DSP.OP/DSP48E1_BODY_HP.NORM_RND/FULL_USAGE_DSP.SHIFT_RND/DSP output U_adder_top/U_flicker/render/render_lane_3u_U0/grp_evaluate_group_3u_s_fu_456/flicker_render_piyd2_U284/flicker_render_pipeline_ap_hsub_8_full_dsp_16_u/U0/i_synth/ADDSUB_OP.ADDSUB/SPEED_OP.DSP.OP/DSP48E1_BODY_HP.NORM_RND/FULL_USAGE_DSP.SHIFT_RND/DSP/P[47:0] is not pipelined (PREG=0). Pipelining the DSP48 output will improve performance and often saves power so it is suggested whenever possible to fully pipeline this function.  If this DSP48 function was inferred, it is suggested to describe an additional register stage after this function.  If the DSP48 was instantiated in the design, it is suggested to set the PREG attribute to 1.
Related violations: <none>

DPOP-1#260 Warning
PREG Output pipelining  
DSP U_adder_top/U_flicker/render/render_lane_3u_U0/grp_evaluate_group_3u_s_fu_456/flicker_render_piyd2_U285/flicker_render_pipeline_ap_hsub_8_full_dsp_16_u/U0/i_synth/ADDSUB_OP.ADDSUB/SPEED_OP.DSP.OP/DSP48E1_BODY_HP.NORM_RND/FULL_USAGE_DSP.SHIFT_RND/DSP output U_adder_top/U_flicker/render/render_lane_3u_U0/grp_evaluate_group_3u_s_fu_456/flicker_render_piyd2_U285/flicker_render_pipeline_ap_hsub_8_full_dsp_16_u/U0/i_synth/ADDSUB_OP.ADDSUB/SPEED_OP.DSP.OP/DSP48E1_BODY_HP.NORM_RND/FULL_USAGE_DSP.SHIFT_RND/DSP/P[47:0] is not pipelined (PREG=0). Pipelining the DSP48 output will improve performance and often saves power so it is suggested whenever possible to fully pipeline this function.  If this DSP48 function was inferred, it is suggested to describe an additional register stage after this function.  If the DSP48 was instantiated in the design, it is suggested to set the PREG attribute to 1.
Related violations: <none>

DPOP-1#261 Warning
PREG Output pipelining  
DSP U_adder_top/U_flicker/render/split_U0/prepare_geometry_U0/flicker_render_picud_U10/flicker_render_pipeline_ap_faddfsub_6_full_dsp_32_u/U0/i_synth/ADDSUB_OP.ADDSUB/SPEED_OP.DSP.OP/DSP48E1_BODY.ALIGN_ADD/DSP2/DSP output U_adder_top/U_flicker/render/split_U0/prepare_geometry_U0/flicker_render_picud_U10/flicker_render_pipeline_ap_faddfsub_6_full_dsp_32_u/U0/i_synth/ADDSUB_OP.ADDSUB/SPEED_OP.DSP.OP/DSP48E1_BODY.ALIGN_ADD/DSP2/DSP/PATTERNDETECT is not pipelined (PREG=0). Pipelining the DSP48 output will improve performance and often saves power so it is suggested whenever possible to fully pipeline this function.  If this DSP48 function was inferred, it is suggested to describe an additional register stage after this function.  If the DSP48 was instantiated in the design, it is suggested to set the PREG attribute to 1.
Related violations: <none>

DPOP-1#262 Warning
PREG Output pipelining  
DSP U_adder_top/U_flicker/render/split_U0/prepare_geometry_U0/flicker_render_picud_U10/flicker_render_pipeline_ap_faddfsub_6_full_dsp_32_u/U0/i_synth/ADDSUB_OP.ADDSUB/SPEED_OP.DSP.OP/DSP48E1_BODY.ALIGN_ADD/DSP2/DSP output U_adder_top/U_flicker/render/split_U0/prepare_geometry_U0/flicker_render_picud_U10/flicker_render_pipeline_ap_faddfsub_6_full_dsp_32_u/U0/i_synth/ADDSUB_OP.ADDSUB/SPEED_OP.DSP.OP/DSP48E1_BODY.ALIGN_ADD/DSP2/DSP/P[47:0] is not pipelined (PREG=0). Pipelining the DSP48 output will improve performance and often saves power so it is suggested whenever possible to fully pipeline this function.  If this DSP48 function was inferred, it is suggested to describe an additional register stage after this function.  If the DSP48 was instantiated in the design, it is suggested to set the PREG attribute to 1.
Related violations: <none>

DPOP-1#263 Warning
PREG Output pipelining  
DSP U_adder_top/U_flicker/render/split_U0/prepare_geometry_U0/flicker_render_picud_U10/flicker_render_pipeline_ap_faddfsub_6_full_dsp_32_u/U0/i_synth/ADDSUB_OP.ADDSUB/SPEED_OP.DSP.OP/DSP48E1_BODY.NORM_RND/FULL_USAGE_DSP.SHIFT_RND/DSP output U_adder_top/U_flicker/render/split_U0/prepare_geometry_U0/flicker_render_picud_U10/flicker_render_pipeline_ap_faddfsub_6_full_dsp_32_u/U0/i_synth/ADDSUB_OP.ADDSUB/SPEED_OP.DSP.OP/DSP48E1_BODY.NORM_RND/FULL_USAGE_DSP.SHIFT_RND/DSP/P[47:0] is not pipelined (PREG=0). Pipelining the DSP48 output will improve performance and often saves power so it is suggested whenever possible to fully pipeline this function.  If this DSP48 function was inferred, it is suggested to describe an additional register stage after this function.  If the DSP48 was instantiated in the design, it is suggested to set the PREG attribute to 1.
Related violations: <none>

DPOP-1#264 Warning
PREG Output pipelining  
DSP U_adder_top/U_flicker/render/split_U0/prepare_geometry_U0/flicker_render_pidEe_U11/flicker_render_pipeline_ap_fmul_3_max_dsp_32_u/U0/i_synth/MULT.OP/MULT/DSP48E1_SPD_SGL_VARIANT.FIX_MULT/DSP1/DSP output U_adder_top/U_flicker/render/split_U0/prepare_geometry_U0/flicker_render_pidEe_U11/flicker_render_pipeline_ap_fmul_3_max_dsp_32_u/U0/i_synth/MULT.OP/MULT/DSP48E1_SPD_SGL_VARIANT.FIX_MULT/DSP1/DSP/PATTERNDETECT is not pipelined (PREG=0). Pipelining the DSP48 output will improve performance and often saves power so it is suggested whenever possible to fully pipeline this function.  If this DSP48 function was inferred, it is suggested to describe an additional register stage after this function.  If the DSP48 was instantiated in the design, it is suggested to set the PREG attribute to 1.
Related violations: <none>

DPOP-1#265 Warning
PREG Output pipelining  
DSP U_adder_top/U_flicker/render/split_U0/prepare_geometry_U0/flicker_render_pidEe_U11/flicker_render_pipeline_ap_fmul_3_max_dsp_32_u/U0/i_synth/MULT.OP/R_AND_R/LAT_OPT.FULL.R_AND_R/DSP48E1_SGL_EXP_IP.OLD_ADD.ADD/DSP output U_adder_top/U_flicker/render/split_U0/prepare_geometry_U0/flicker_render_pidEe_U11/flicker_render_pipeline_ap_fmul_3_max_dsp_32_u/U0/i_synth/MULT.OP/R_AND_R/LAT_OPT.FULL.R_AND_R/DSP48E1_SGL_EXP_IP.OLD_ADD.ADD/DSP/CARRYOUT[3:0] is not pipelined (PREG=0). Pipelining the DSP48 output will improve performance and often saves power so it is suggested whenever possible to fully pipeline this function.  If this DSP48 function was inferred, it is suggested to describe an additional register stage after this function.  If the DSP48 was instantiated in the design, it is suggested to set the PREG attribute to 1.
Related violations: <none>

DPOP-1#266 Warning
PREG Output pipelining  
DSP U_adder_top/U_flicker/render/split_U0/prepare_geometry_U0/flicker_render_pidEe_U11/flicker_render_pipeline_ap_fmul_3_max_dsp_32_u/U0/i_synth/MULT.OP/R_AND_R/LAT_OPT.FULL.R_AND_R/DSP48E1_SGL_EXP_IP.OLD_ADD.ADD/DSP output U_adder_top/U_flicker/render/split_U0/prepare_geometry_U0/flicker_render_pidEe_U11/flicker_render_pipeline_ap_fmul_3_max_dsp_32_u/U0/i_synth/MULT.OP/R_AND_R/LAT_OPT.FULL.R_AND_R/DSP48E1_SGL_EXP_IP.OLD_ADD.ADD/DSP/P[47:0] is not pipelined (PREG=0). Pipelining the DSP48 output will improve performance and often saves power so it is suggested whenever possible to fully pipeline this function.  If this DSP48 function was inferred, it is suggested to describe an additional register stage after this function.  If the DSP48 was instantiated in the design, it is suggested to set the PREG attribute to 1.
Related violations: <none>

DPOP-1#267 Warning
PREG Output pipelining  
DSP rx_sdi_inst/YCbCr422_2_RGB888_u0/YCbCr444_2_RGB888_u/xout1 output rx_sdi_inst/YCbCr422_2_RGB888_u0/YCbCr444_2_RGB888_u/xout1/P[47:0] is not pipelined (PREG=0). Pipelining the DSP48 output will improve performance and often saves power so it is suggested whenever possible to fully pipeline this function.  If this DSP48 function was inferred, it is suggested to describe an additional register stage after this function.  If the DSP48 was instantiated in the design, it is suggested to set the PREG attribute to 1.
Related violations: <none>

DPOP-2#1 Warning
MREG Output pipelining  
DSP U0_ps_ai_peripheral/ZGolo/u_AI_Mate_top/buyi_icore_post_top_u0/icore_post_top_u0/post_read_u0/vector_base_2nd1 multiplier stage U0_ps_ai_peripheral/ZGolo/u_AI_Mate_top/buyi_icore_post_top_u0/icore_post_top_u0/post_read_u0/vector_base_2nd1/P[47:0] is not pipelined (MREG=0). Pipelining the multiplier function will improve performance and will save significant power so it is suggested whenever possible to fully pipeline this function.  If this multiplier was inferred, it is suggested to describe an additional register stage after this function.  If there is no registered adder/accumulator following the multiply function, two pipeline stages are suggested to allow both the MREG and PREG registers to be used.  If the DSP48 was instantiated in the design, it is suggested to set both the MREG and PREG attributes to 1 when performing multiply functions.
Related violations: <none>

DPOP-2#2 Warning
MREG Output pipelining  
DSP U0_ps_ai_peripheral/ZGolo/u_AI_Mate_top/buyi_icore_post_top_u0/icore_post_top_u0/post_read_u0/vector_base_3rd1 multiplier stage U0_ps_ai_peripheral/ZGolo/u_AI_Mate_top/buyi_icore_post_top_u0/icore_post_top_u0/post_read_u0/vector_base_3rd1/P[47:0] is not pipelined (MREG=0). Pipelining the multiplier function will improve performance and will save significant power so it is suggested whenever possible to fully pipeline this function.  If this multiplier was inferred, it is suggested to describe an additional register stage after this function.  If there is no registered adder/accumulator following the multiply function, two pipeline stages are suggested to allow both the MREG and PREG registers to be used.  If the DSP48 was instantiated in the design, it is suggested to set both the MREG and PREG attributes to 1 when performing multiply functions.
Related violations: <none>

DPOP-2#3 Warning
MREG Output pipelining  
DSP U_adder_top/U_flicker/render/framed_ctu_U0/prepare_frames_U0/grp_log_generic_fu_142/flicker_render_pipcA_U42/flicker_render_pipcA_DSP48_0_U/p_reg_reg multiplier stage U_adder_top/U_flicker/render/framed_ctu_U0/prepare_frames_U0/grp_log_generic_fu_142/flicker_render_pipcA_U42/flicker_render_pipcA_DSP48_0_U/p_reg_reg/P[47:0] is not pipelined (MREG=0). Pipelining the multiplier function will improve performance and will save significant power so it is suggested whenever possible to fully pipeline this function.  If this multiplier was inferred, it is suggested to describe an additional register stage after this function.  If there is no registered adder/accumulator following the multiply function, two pipeline stages are suggested to allow both the MREG and PREG registers to be used.  If the DSP48 was instantiated in the design, it is suggested to set both the MREG and PREG attributes to 1 when performing multiply functions.
Related violations: <none>

DPOP-2#4 Warning
MREG Output pipelining  
DSP U_adder_top/U_flicker/render/framed_ctu_U0/test_frames_U0/flicker_render_pixdS_U79/flicker_render_pipeline_ap_hadd_8_full_dsp_16_u/U0/i_synth/ADDSUB_OP.ADDSUB/SPEED_OP.DSP.OP/DSP48E1_BODY_HP.NORM_RND/FULL_USAGE_DSP.SHIFT_RND/DSP multiplier stage U_adder_top/U_flicker/render/framed_ctu_U0/test_frames_U0/flicker_render_pixdS_U79/flicker_render_pipeline_ap_hadd_8_full_dsp_16_u/U0/i_synth/ADDSUB_OP.ADDSUB/SPEED_OP.DSP.OP/DSP48E1_BODY_HP.NORM_RND/FULL_USAGE_DSP.SHIFT_RND/DSP/P[47:0] is not pipelined (MREG=0). Pipelining the multiplier function will improve performance and will save significant power so it is suggested whenever possible to fully pipeline this function.  If this multiplier was inferred, it is suggested to describe an additional register stage after this function.  If there is no registered adder/accumulator following the multiply function, two pipeline stages are suggested to allow both the MREG and PREG registers to be used.  If the DSP48 was instantiated in the design, it is suggested to set both the MREG and PREG attributes to 1 when performing multiply functions.
Related violations: <none>

DPOP-2#5 Warning
MREG Output pipelining  
DSP U_adder_top/U_flicker/render/framed_ctu_U0/test_frames_U0/flicker_render_pixdS_U80/flicker_render_pipeline_ap_hadd_8_full_dsp_16_u/U0/i_synth/ADDSUB_OP.ADDSUB/SPEED_OP.DSP.OP/DSP48E1_BODY_HP.NORM_RND/FULL_USAGE_DSP.SHIFT_RND/DSP multiplier stage U_adder_top/U_flicker/render/framed_ctu_U0/test_frames_U0/flicker_render_pixdS_U80/flicker_render_pipeline_ap_hadd_8_full_dsp_16_u/U0/i_synth/ADDSUB_OP.ADDSUB/SPEED_OP.DSP.OP/DSP48E1_BODY_HP.NORM_RND/FULL_USAGE_DSP.SHIFT_RND/DSP/P[47:0] is not pipelined (MREG=0). Pipelining the multiplier function will improve performance and will save significant power so it is suggested whenever possible to fully pipeline this function.  If this multiplier was inferred, it is suggested to describe an additional register stage after this function.  If there is no registered adder/accumulator following the multiply function, two pipeline stages are suggested to allow both the MREG and PREG registers to be used.  If the DSP48 was instantiated in the design, it is suggested to set both the MREG and PREG attributes to 1 when performing multiply functions.
Related violations: <none>

DPOP-2#6 Warning
MREG Output pipelining  
DSP U_adder_top/U_flicker/render/framed_ctu_U0/test_frames_U0/flicker_render_piyd2_U81/flicker_render_pipeline_ap_hsub_8_full_dsp_16_u/U0/i_synth/ADDSUB_OP.ADDSUB/SPEED_OP.DSP.OP/DSP48E1_BODY_HP.NORM_RND/FULL_USAGE_DSP.SHIFT_RND/DSP multiplier stage U_adder_top/U_flicker/render/framed_ctu_U0/test_frames_U0/flicker_render_piyd2_U81/flicker_render_pipeline_ap_hsub_8_full_dsp_16_u/U0/i_synth/ADDSUB_OP.ADDSUB/SPEED_OP.DSP.OP/DSP48E1_BODY_HP.NORM_RND/FULL_USAGE_DSP.SHIFT_RND/DSP/P[47:0] is not pipelined (MREG=0). Pipelining the multiplier function will improve performance and will save significant power so it is suggested whenever possible to fully pipeline this function.  If this multiplier was inferred, it is suggested to describe an additional register stage after this function.  If there is no registered adder/accumulator following the multiply function, two pipeline stages are suggested to allow both the MREG and PREG registers to be used.  If the DSP48 was instantiated in the design, it is suggested to set both the MREG and PREG attributes to 1 when performing multiply functions.
Related violations: <none>

DPOP-2#7 Warning
MREG Output pipelining  
DSP U_adder_top/U_flicker/render/render_lane_0u_U0/flicker_render_pixdS_U172/flicker_render_pipeline_ap_hadd_8_full_dsp_16_u/U0/i_synth/ADDSUB_OP.ADDSUB/SPEED_OP.DSP.OP/DSP48E1_BODY_HP.NORM_RND/FULL_USAGE_DSP.SHIFT_RND/DSP multiplier stage U_adder_top/U_flicker/render/render_lane_0u_U0/flicker_render_pixdS_U172/flicker_render_pipeline_ap_hadd_8_full_dsp_16_u/U0/i_synth/ADDSUB_OP.ADDSUB/SPEED_OP.DSP.OP/DSP48E1_BODY_HP.NORM_RND/FULL_USAGE_DSP.SHIFT_RND/DSP/P[47:0] is not pipelined (MREG=0). Pipelining the multiplier function will improve performance and will save significant power so it is suggested whenever possible to fully pipeline this function.  If this multiplier was inferred, it is suggested to describe an additional register stage after this function.  If there is no registered adder/accumulator following the multiply function, two pipeline stages are suggested to allow both the MREG and PREG registers to be used.  If the DSP48 was instantiated in the design, it is suggested to set both the MREG and PREG attributes to 1 when performing multiply functions.
Related violations: <none>

DPOP-2#8 Warning
MREG Output pipelining  
DSP U_adder_top/U_flicker/render/render_lane_0u_U0/flicker_render_pixdS_U173/flicker_render_pipeline_ap_hadd_8_full_dsp_16_u/U0/i_synth/ADDSUB_OP.ADDSUB/SPEED_OP.DSP.OP/DSP48E1_BODY_HP.NORM_RND/FULL_USAGE_DSP.SHIFT_RND/DSP multiplier stage U_adder_top/U_flicker/render/render_lane_0u_U0/flicker_render_pixdS_U173/flicker_render_pipeline_ap_hadd_8_full_dsp_16_u/U0/i_synth/ADDSUB_OP.ADDSUB/SPEED_OP.DSP.OP/DSP48E1_BODY_HP.NORM_RND/FULL_USAGE_DSP.SHIFT_RND/DSP/P[47:0] is not pipelined (MREG=0). Pipelining the multiplier function will improve performance and will save significant power so it is suggested whenever possible to fully pipeline this function.  If this multiplier was inferred, it is suggested to describe an additional register stage after this function.  If there is no registered adder/accumulator following the multiply function, two pipeline stages are suggested to allow both the MREG and PREG registers to be used.  If the DSP48 was instantiated in the design, it is suggested to set both the MREG and PREG attributes to 1 when performing multiply functions.
Related violations: <none>

DPOP-2#9 Warning
MREG Output pipelining  
DSP U_adder_top/U_flicker/render/render_lane_0u_U0/flicker_render_pixdS_U174/flicker_render_pipeline_ap_hadd_8_full_dsp_16_u/U0/i_synth/ADDSUB_OP.ADDSUB/SPEED_OP.DSP.OP/DSP48E1_BODY_HP.NORM_RND/FULL_USAGE_DSP.SHIFT_RND/DSP multiplier stage U_adder_top/U_flicker/render/render_lane_0u_U0/flicker_render_pixdS_U174/flicker_render_pipeline_ap_hadd_8_full_dsp_16_u/U0/i_synth/ADDSUB_OP.ADDSUB/SPEED_OP.DSP.OP/DSP48E1_BODY_HP.NORM_RND/FULL_USAGE_DSP.SHIFT_RND/DSP/P[47:0] is not pipelined (MREG=0). Pipelining the multiplier function will improve performance and will save significant power so it is suggested whenever possible to fully pipeline this function.  If this multiplier was inferred, it is suggested to describe an additional register stage after this function.  If there is no registered adder/accumulator following the multiply function, two pipeline stages are suggested to allow both the MREG and PREG registers to be used.  If the DSP48 was instantiated in the design, it is suggested to set both the MREG and PREG attributes to 1 when performing multiply functions.
Related violations: <none>

DPOP-2#10 Warning
MREG Output pipelining  
DSP U_adder_top/U_flicker/render/render_lane_0u_U0/grp_evaluate_group_0u_s_fu_446/flicker_render_pixdS_U138/flicker_render_pipeline_ap_hadd_8_full_dsp_16_u/U0/i_synth/ADDSUB_OP.ADDSUB/SPEED_OP.DSP.OP/DSP48E1_BODY_HP.NORM_RND/FULL_USAGE_DSP.SHIFT_RND/DSP multiplier stage U_adder_top/U_flicker/render/render_lane_0u_U0/grp_evaluate_group_0u_s_fu_446/flicker_render_pixdS_U138/flicker_render_pipeline_ap_hadd_8_full_dsp_16_u/U0/i_synth/ADDSUB_OP.ADDSUB/SPEED_OP.DSP.OP/DSP48E1_BODY_HP.NORM_RND/FULL_USAGE_DSP.SHIFT_RND/DSP/P[47:0] is not pipelined (MREG=0). Pipelining the multiplier function will improve performance and will save significant power so it is suggested whenever possible to fully pipeline this function.  If this multiplier was inferred, it is suggested to describe an additional register stage after this function.  If there is no registered adder/accumulator following the multiply function, two pipeline stages are suggested to allow both the MREG and PREG registers to be used.  If the DSP48 was instantiated in the design, it is suggested to set both the MREG and PREG attributes to 1 when performing multiply functions.
Related violations: <none>

DPOP-2#11 Warning
MREG Output pipelining  
DSP U_adder_top/U_flicker/render/render_lane_0u_U0/grp_evaluate_group_0u_s_fu_446/flicker_render_pixdS_U139/flicker_render_pipeline_ap_hadd_8_full_dsp_16_u/U0/i_synth/ADDSUB_OP.ADDSUB/SPEED_OP.DSP.OP/DSP48E1_BODY_HP.NORM_RND/FULL_USAGE_DSP.SHIFT_RND/DSP multiplier stage U_adder_top/U_flicker/render/render_lane_0u_U0/grp_evaluate_group_0u_s_fu_446/flicker_render_pixdS_U139/flicker_render_pipeline_ap_hadd_8_full_dsp_16_u/U0/i_synth/ADDSUB_OP.ADDSUB/SPEED_OP.DSP.OP/DSP48E1_BODY_HP.NORM_RND/FULL_USAGE_DSP.SHIFT_RND/DSP/P[47:0] is not pipelined (MREG=0). Pipelining the multiplier function will improve performance and will save significant power so it is suggested whenever possible to fully pipeline this function.  If this multiplier was inferred, it is suggested to describe an additional register stage after this function.  If there is no registered adder/accumulator following the multiply function, two pipeline stages are suggested to allow both the MREG and PREG registers to be used.  If the DSP48 was instantiated in the design, it is suggested to set both the MREG and PREG attributes to 1 when performing multiply functions.
Related violations: <none>

DPOP-2#12 Warning
MREG Output pipelining  
DSP U_adder_top/U_flicker/render/render_lane_0u_U0/grp_evaluate_group_0u_s_fu_446/flicker_render_pixdS_U140/flicker_render_pipeline_ap_hadd_8_full_dsp_16_u/U0/i_synth/ADDSUB_OP.ADDSUB/SPEED_OP.DSP.OP/DSP48E1_BODY_HP.NORM_RND/FULL_USAGE_DSP.SHIFT_RND/DSP multiplier stage U_adder_top/U_flicker/render/render_lane_0u_U0/grp_evaluate_group_0u_s_fu_446/flicker_render_pixdS_U140/flicker_render_pipeline_ap_hadd_8_full_dsp_16_u/U0/i_synth/ADDSUB_OP.ADDSUB/SPEED_OP.DSP.OP/DSP48E1_BODY_HP.NORM_RND/FULL_USAGE_DSP.SHIFT_RND/DSP/P[47:0] is not pipelined (MREG=0). Pipelining the multiplier function will improve performance and will save significant power so it is suggested whenever possible to fully pipeline this function.  If this multiplier was inferred, it is suggested to describe an additional register stage after this function.  If there is no registered adder/accumulator following the multiply function, two pipeline stages are suggested to allow both the MREG and PREG registers to be used.  If the DSP48 was instantiated in the design, it is suggested to set both the MREG and PREG attributes to 1 when performing multiply functions.
Related violations: <none>

DPOP-2#13 Warning
MREG Output pipelining  
DSP U_adder_top/U_flicker/render/render_lane_0u_U0/grp_evaluate_group_0u_s_fu_446/flicker_render_pixdS_U141/flicker_render_pipeline_ap_hadd_8_full_dsp_16_u/U0/i_synth/ADDSUB_OP.ADDSUB/SPEED_OP.DSP.OP/DSP48E1_BODY_HP.NORM_RND/FULL_USAGE_DSP.SHIFT_RND/DSP multiplier stage U_adder_top/U_flicker/render/render_lane_0u_U0/grp_evaluate_group_0u_s_fu_446/flicker_render_pixdS_U141/flicker_render_pipeline_ap_hadd_8_full_dsp_16_u/U0/i_synth/ADDSUB_OP.ADDSUB/SPEED_OP.DSP.OP/DSP48E1_BODY_HP.NORM_RND/FULL_USAGE_DSP.SHIFT_RND/DSP/P[47:0] is not pipelined (MREG=0). Pipelining the multiplier function will improve performance and will save significant power so it is suggested whenever possible to fully pipeline this function.  If this multiplier was inferred, it is suggested to describe an additional register stage after this function.  If there is no registered adder/accumulator following the multiply function, two pipeline stages are suggested to allow both the MREG and PREG registers to be used.  If the DSP48 was instantiated in the design, it is suggested to set both the MREG and PREG attributes to 1 when performing multiply functions.
Related violations: <none>

DPOP-2#14 Warning
MREG Output pipelining  
DSP U_adder_top/U_flicker/render/render_lane_0u_U0/grp_evaluate_group_0u_s_fu_446/flicker_render_piyd2_U142/flicker_render_pipeline_ap_hsub_8_full_dsp_16_u/U0/i_synth/ADDSUB_OP.ADDSUB/SPEED_OP.DSP.OP/DSP48E1_BODY_HP.NORM_RND/FULL_USAGE_DSP.SHIFT_RND/DSP multiplier stage U_adder_top/U_flicker/render/render_lane_0u_U0/grp_evaluate_group_0u_s_fu_446/flicker_render_piyd2_U142/flicker_render_pipeline_ap_hsub_8_full_dsp_16_u/U0/i_synth/ADDSUB_OP.ADDSUB/SPEED_OP.DSP.OP/DSP48E1_BODY_HP.NORM_RND/FULL_USAGE_DSP.SHIFT_RND/DSP/P[47:0] is not pipelined (MREG=0). Pipelining the multiplier function will improve performance and will save significant power so it is suggested whenever possible to fully pipeline this function.  If this multiplier was inferred, it is suggested to describe an additional register stage after this function.  If there is no registered adder/accumulator following the multiply function, two pipeline stages are suggested to allow both the MREG and PREG registers to be used.  If the DSP48 was instantiated in the design, it is suggested to set both the MREG and PREG attributes to 1 when performing multiply functions.
Related violations: <none>

DPOP-2#15 Warning
MREG Output pipelining  
DSP U_adder_top/U_flicker/render/render_lane_0u_U0/grp_evaluate_group_0u_s_fu_446/flicker_render_piyd2_U143/flicker_render_pipeline_ap_hsub_8_full_dsp_16_u/U0/i_synth/ADDSUB_OP.ADDSUB/SPEED_OP.DSP.OP/DSP48E1_BODY_HP.NORM_RND/FULL_USAGE_DSP.SHIFT_RND/DSP multiplier stage U_adder_top/U_flicker/render/render_lane_0u_U0/grp_evaluate_group_0u_s_fu_446/flicker_render_piyd2_U143/flicker_render_pipeline_ap_hsub_8_full_dsp_16_u/U0/i_synth/ADDSUB_OP.ADDSUB/SPEED_OP.DSP.OP/DSP48E1_BODY_HP.NORM_RND/FULL_USAGE_DSP.SHIFT_RND/DSP/P[47:0] is not pipelined (MREG=0). Pipelining the multiplier function will improve performance and will save significant power so it is suggested whenever possible to fully pipeline this function.  If this multiplier was inferred, it is suggested to describe an additional register stage after this function.  If there is no registered adder/accumulator following the multiply function, two pipeline stages are suggested to allow both the MREG and PREG registers to be used.  If the DSP48 was instantiated in the design, it is suggested to set both the MREG and PREG attributes to 1 when performing multiply functions.
Related violations: <none>

DPOP-2#16 Warning
MREG Output pipelining  
DSP U_adder_top/U_flicker/render/render_lane_0u_U0/grp_evaluate_group_0u_s_fu_446/flicker_render_piyd2_U144/flicker_render_pipeline_ap_hsub_8_full_dsp_16_u/U0/i_synth/ADDSUB_OP.ADDSUB/SPEED_OP.DSP.OP/DSP48E1_BODY_HP.NORM_RND/FULL_USAGE_DSP.SHIFT_RND/DSP multiplier stage U_adder_top/U_flicker/render/render_lane_0u_U0/grp_evaluate_group_0u_s_fu_446/flicker_render_piyd2_U144/flicker_render_pipeline_ap_hsub_8_full_dsp_16_u/U0/i_synth/ADDSUB_OP.ADDSUB/SPEED_OP.DSP.OP/DSP48E1_BODY_HP.NORM_RND/FULL_USAGE_DSP.SHIFT_RND/DSP/P[47:0] is not pipelined (MREG=0). Pipelining the multiplier function will improve performance and will save significant power so it is suggested whenever possible to fully pipeline this function.  If this multiplier was inferred, it is suggested to describe an additional register stage after this function.  If there is no registered adder/accumulator following the multiply function, two pipeline stages are suggested to allow both the MREG and PREG registers to be used.  If the DSP48 was instantiated in the design, it is suggested to set both the MREG and PREG attributes to 1 when performing multiply functions.
Related violations: <none>

DPOP-2#17 Warning
MREG Output pipelining  
DSP U_adder_top/U_flicker/render/render_lane_0u_U0/grp_evaluate_group_0u_s_fu_446/flicker_render_piyd2_U145/flicker_render_pipeline_ap_hsub_8_full_dsp_16_u/U0/i_synth/ADDSUB_OP.ADDSUB/SPEED_OP.DSP.OP/DSP48E1_BODY_HP.NORM_RND/FULL_USAGE_DSP.SHIFT_RND/DSP multiplier stage U_adder_top/U_flicker/render/render_lane_0u_U0/grp_evaluate_group_0u_s_fu_446/flicker_render_piyd2_U145/flicker_render_pipeline_ap_hsub_8_full_dsp_16_u/U0/i_synth/ADDSUB_OP.ADDSUB/SPEED_OP.DSP.OP/DSP48E1_BODY_HP.NORM_RND/FULL_USAGE_DSP.SHIFT_RND/DSP/P[47:0] is not pipelined (MREG=0). Pipelining the multiplier function will improve performance and will save significant power so it is suggested whenever possible to fully pipeline this function.  If this multiplier was inferred, it is suggested to describe an additional register stage after this function.  If there is no registered adder/accumulator following the multiply function, two pipeline stages are suggested to allow both the MREG and PREG registers to be used.  If the DSP48 was instantiated in the design, it is suggested to set both the MREG and PREG attributes to 1 when performing multiply functions.
Related violations: <none>

DPOP-2#18 Warning
MREG Output pipelining  
DSP U_adder_top/U_flicker/render/render_lane_1u_U0/flicker_render_pixdS_U221/flicker_render_pipeline_ap_hadd_8_full_dsp_16_u/U0/i_synth/ADDSUB_OP.ADDSUB/SPEED_OP.DSP.OP/DSP48E1_BODY_HP.NORM_RND/FULL_USAGE_DSP.SHIFT_RND/DSP multiplier stage U_adder_top/U_flicker/render/render_lane_1u_U0/flicker_render_pixdS_U221/flicker_render_pipeline_ap_hadd_8_full_dsp_16_u/U0/i_synth/ADDSUB_OP.ADDSUB/SPEED_OP.DSP.OP/DSP48E1_BODY_HP.NORM_RND/FULL_USAGE_DSP.SHIFT_RND/DSP/P[47:0] is not pipelined (MREG=0). Pipelining the multiplier function will improve performance and will save significant power so it is suggested whenever possible to fully pipeline this function.  If this multiplier was inferred, it is suggested to describe an additional register stage after this function.  If there is no registered adder/accumulator following the multiply function, two pipeline stages are suggested to allow both the MREG and PREG registers to be used.  If the DSP48 was instantiated in the design, it is suggested to set both the MREG and PREG attributes to 1 when performing multiply functions.
Related violations: <none>

DPOP-2#19 Warning
MREG Output pipelining  
DSP U_adder_top/U_flicker/render/render_lane_1u_U0/flicker_render_pixdS_U222/flicker_render_pipeline_ap_hadd_8_full_dsp_16_u/U0/i_synth/ADDSUB_OP.ADDSUB/SPEED_OP.DSP.OP/DSP48E1_BODY_HP.NORM_RND/FULL_USAGE_DSP.SHIFT_RND/DSP multiplier stage U_adder_top/U_flicker/render/render_lane_1u_U0/flicker_render_pixdS_U222/flicker_render_pipeline_ap_hadd_8_full_dsp_16_u/U0/i_synth/ADDSUB_OP.ADDSUB/SPEED_OP.DSP.OP/DSP48E1_BODY_HP.NORM_RND/FULL_USAGE_DSP.SHIFT_RND/DSP/P[47:0] is not pipelined (MREG=0). Pipelining the multiplier function will improve performance and will save significant power so it is suggested whenever possible to fully pipeline this function.  If this multiplier was inferred, it is suggested to describe an additional register stage after this function.  If there is no registered adder/accumulator following the multiply function, two pipeline stages are suggested to allow both the MREG and PREG registers to be used.  If the DSP48 was instantiated in the design, it is suggested to set both the MREG and PREG attributes to 1 when performing multiply functions.
Related violations: <none>

DPOP-2#20 Warning
MREG Output pipelining  
DSP U_adder_top/U_flicker/render/render_lane_1u_U0/flicker_render_pixdS_U223/flicker_render_pipeline_ap_hadd_8_full_dsp_16_u/U0/i_synth/ADDSUB_OP.ADDSUB/SPEED_OP.DSP.OP/DSP48E1_BODY_HP.NORM_RND/FULL_USAGE_DSP.SHIFT_RND/DSP multiplier stage U_adder_top/U_flicker/render/render_lane_1u_U0/flicker_render_pixdS_U223/flicker_render_pipeline_ap_hadd_8_full_dsp_16_u/U0/i_synth/ADDSUB_OP.ADDSUB/SPEED_OP.DSP.OP/DSP48E1_BODY_HP.NORM_RND/FULL_USAGE_DSP.SHIFT_RND/DSP/P[47:0] is not pipelined (MREG=0). Pipelining the multiplier function will improve performance and will save significant power so it is suggested whenever possible to fully pipeline this function.  If this multiplier was inferred, it is suggested to describe an additional register stage after this function.  If there is no registered adder/accumulator following the multiply function, two pipeline stages are suggested to allow both the MREG and PREG registers to be used.  If the DSP48 was instantiated in the design, it is suggested to set both the MREG and PREG attributes to 1 when performing multiply functions.
Related violations: <none>

DPOP-2#21 Warning
MREG Output pipelining  
DSP U_adder_top/U_flicker/render/render_lane_1u_U0/grp_evaluate_group_1u_s_fu_448/flicker_render_pixdS_U188/flicker_render_pipeline_ap_hadd_8_full_dsp_16_u/U0/i_synth/ADDSUB_OP.ADDSUB/SPEED_OP.DSP.OP/DSP48E1_BODY_HP.NORM_RND/FULL_USAGE_DSP.SHIFT_RND/DSP multiplier stage U_adder_top/U_flicker/render/render_lane_1u_U0/grp_evaluate_group_1u_s_fu_448/flicker_render_pixdS_U188/flicker_render_pipeline_ap_hadd_8_full_dsp_16_u/U0/i_synth/ADDSUB_OP.ADDSUB/SPEED_OP.DSP.OP/DSP48E1_BODY_HP.NORM_RND/FULL_USAGE_DSP.SHIFT_RND/DSP/P[47:0] is not pipelined (MREG=0). Pipelining the multiplier function will improve performance and will save significant power so it is suggested whenever possible to fully pipeline this function.  If this multiplier was inferred, it is suggested to describe an additional register stage after this function.  If there is no registered adder/accumulator following the multiply function, two pipeline stages are suggested to allow both the MREG and PREG registers to be used.  If the DSP48 was instantiated in the design, it is suggested to set both the MREG and PREG attributes to 1 when performing multiply functions.
Related violations: <none>

DPOP-2#22 Warning
MREG Output pipelining  
DSP U_adder_top/U_flicker/render/render_lane_1u_U0/grp_evaluate_group_1u_s_fu_448/flicker_render_pixdS_U189/flicker_render_pipeline_ap_hadd_8_full_dsp_16_u/U0/i_synth/ADDSUB_OP.ADDSUB/SPEED_OP.DSP.OP/DSP48E1_BODY_HP.NORM_RND/FULL_USAGE_DSP.SHIFT_RND/DSP multiplier stage U_adder_top/U_flicker/render/render_lane_1u_U0/grp_evaluate_group_1u_s_fu_448/flicker_render_pixdS_U189/flicker_render_pipeline_ap_hadd_8_full_dsp_16_u/U0/i_synth/ADDSUB_OP.ADDSUB/SPEED_OP.DSP.OP/DSP48E1_BODY_HP.NORM_RND/FULL_USAGE_DSP.SHIFT_RND/DSP/P[47:0] is not pipelined (MREG=0). Pipelining the multiplier function will improve performance and will save significant power so it is suggested whenever possible to fully pipeline this function.  If this multiplier was inferred, it is suggested to describe an additional register stage after this function.  If there is no registered adder/accumulator following the multiply function, two pipeline stages are suggested to allow both the MREG and PREG registers to be used.  If the DSP48 was instantiated in the design, it is suggested to set both the MREG and PREG attributes to 1 when performing multiply functions.
Related violations: <none>

DPOP-2#23 Warning
MREG Output pipelining  
DSP U_adder_top/U_flicker/render/render_lane_1u_U0/grp_evaluate_group_1u_s_fu_448/flicker_render_pixdS_U190/flicker_render_pipeline_ap_hadd_8_full_dsp_16_u/U0/i_synth/ADDSUB_OP.ADDSUB/SPEED_OP.DSP.OP/DSP48E1_BODY_HP.NORM_RND/FULL_USAGE_DSP.SHIFT_RND/DSP multiplier stage U_adder_top/U_flicker/render/render_lane_1u_U0/grp_evaluate_group_1u_s_fu_448/flicker_render_pixdS_U190/flicker_render_pipeline_ap_hadd_8_full_dsp_16_u/U0/i_synth/ADDSUB_OP.ADDSUB/SPEED_OP.DSP.OP/DSP48E1_BODY_HP.NORM_RND/FULL_USAGE_DSP.SHIFT_RND/DSP/P[47:0] is not pipelined (MREG=0). Pipelining the multiplier function will improve performance and will save significant power so it is suggested whenever possible to fully pipeline this function.  If this multiplier was inferred, it is suggested to describe an additional register stage after this function.  If there is no registered adder/accumulator following the multiply function, two pipeline stages are suggested to allow both the MREG and PREG registers to be used.  If the DSP48 was instantiated in the design, it is suggested to set both the MREG and PREG attributes to 1 when performing multiply functions.
Related violations: <none>

DPOP-2#24 Warning
MREG Output pipelining  
DSP U_adder_top/U_flicker/render/render_lane_1u_U0/grp_evaluate_group_1u_s_fu_448/flicker_render_pixdS_U191/flicker_render_pipeline_ap_hadd_8_full_dsp_16_u/U0/i_synth/ADDSUB_OP.ADDSUB/SPEED_OP.DSP.OP/DSP48E1_BODY_HP.NORM_RND/FULL_USAGE_DSP.SHIFT_RND/DSP multiplier stage U_adder_top/U_flicker/render/render_lane_1u_U0/grp_evaluate_group_1u_s_fu_448/flicker_render_pixdS_U191/flicker_render_pipeline_ap_hadd_8_full_dsp_16_u/U0/i_synth/ADDSUB_OP.ADDSUB/SPEED_OP.DSP.OP/DSP48E1_BODY_HP.NORM_RND/FULL_USAGE_DSP.SHIFT_RND/DSP/P[47:0] is not pipelined (MREG=0). Pipelining the multiplier function will improve performance and will save significant power so it is suggested whenever possible to fully pipeline this function.  If this multiplier was inferred, it is suggested to describe an additional register stage after this function.  If there is no registered adder/accumulator following the multiply function, two pipeline stages are suggested to allow both the MREG and PREG registers to be used.  If the DSP48 was instantiated in the design, it is suggested to set both the MREG and PREG attributes to 1 when performing multiply functions.
Related violations: <none>

DPOP-2#25 Warning
MREG Output pipelining  
DSP U_adder_top/U_flicker/render/render_lane_1u_U0/grp_evaluate_group_1u_s_fu_448/flicker_render_piyd2_U192/flicker_render_pipeline_ap_hsub_8_full_dsp_16_u/U0/i_synth/ADDSUB_OP.ADDSUB/SPEED_OP.DSP.OP/DSP48E1_BODY_HP.NORM_RND/FULL_USAGE_DSP.SHIFT_RND/DSP multiplier stage U_adder_top/U_flicker/render/render_lane_1u_U0/grp_evaluate_group_1u_s_fu_448/flicker_render_piyd2_U192/flicker_render_pipeline_ap_hsub_8_full_dsp_16_u/U0/i_synth/ADDSUB_OP.ADDSUB/SPEED_OP.DSP.OP/DSP48E1_BODY_HP.NORM_RND/FULL_USAGE_DSP.SHIFT_RND/DSP/P[47:0] is not pipelined (MREG=0). Pipelining the multiplier function will improve performance and will save significant power so it is suggested whenever possible to fully pipeline this function.  If this multiplier was inferred, it is suggested to describe an additional register stage after this function.  If there is no registered adder/accumulator following the multiply function, two pipeline stages are suggested to allow both the MREG and PREG registers to be used.  If the DSP48 was instantiated in the design, it is suggested to set both the MREG and PREG attributes to 1 when performing multiply functions.
Related violations: <none>

DPOP-2#26 Warning
MREG Output pipelining  
DSP U_adder_top/U_flicker/render/render_lane_1u_U0/grp_evaluate_group_1u_s_fu_448/flicker_render_piyd2_U193/flicker_render_pipeline_ap_hsub_8_full_dsp_16_u/U0/i_synth/ADDSUB_OP.ADDSUB/SPEED_OP.DSP.OP/DSP48E1_BODY_HP.NORM_RND/FULL_USAGE_DSP.SHIFT_RND/DSP multiplier stage U_adder_top/U_flicker/render/render_lane_1u_U0/grp_evaluate_group_1u_s_fu_448/flicker_render_piyd2_U193/flicker_render_pipeline_ap_hsub_8_full_dsp_16_u/U0/i_synth/ADDSUB_OP.ADDSUB/SPEED_OP.DSP.OP/DSP48E1_BODY_HP.NORM_RND/FULL_USAGE_DSP.SHIFT_RND/DSP/P[47:0] is not pipelined (MREG=0). Pipelining the multiplier function will improve performance and will save significant power so it is suggested whenever possible to fully pipeline this function.  If this multiplier was inferred, it is suggested to describe an additional register stage after this function.  If there is no registered adder/accumulator following the multiply function, two pipeline stages are suggested to allow both the MREG and PREG registers to be used.  If the DSP48 was instantiated in the design, it is suggested to set both the MREG and PREG attributes to 1 when performing multiply functions.
Related violations: <none>

DPOP-2#27 Warning
MREG Output pipelining  
DSP U_adder_top/U_flicker/render/render_lane_1u_U0/grp_evaluate_group_1u_s_fu_448/flicker_render_piyd2_U194/flicker_render_pipeline_ap_hsub_8_full_dsp_16_u/U0/i_synth/ADDSUB_OP.ADDSUB/SPEED_OP.DSP.OP/DSP48E1_BODY_HP.NORM_RND/FULL_USAGE_DSP.SHIFT_RND/DSP multiplier stage U_adder_top/U_flicker/render/render_lane_1u_U0/grp_evaluate_group_1u_s_fu_448/flicker_render_piyd2_U194/flicker_render_pipeline_ap_hsub_8_full_dsp_16_u/U0/i_synth/ADDSUB_OP.ADDSUB/SPEED_OP.DSP.OP/DSP48E1_BODY_HP.NORM_RND/FULL_USAGE_DSP.SHIFT_RND/DSP/P[47:0] is not pipelined (MREG=0). Pipelining the multiplier function will improve performance and will save significant power so it is suggested whenever possible to fully pipeline this function.  If this multiplier was inferred, it is suggested to describe an additional register stage after this function.  If there is no registered adder/accumulator following the multiply function, two pipeline stages are suggested to allow both the MREG and PREG registers to be used.  If the DSP48 was instantiated in the design, it is suggested to set both the MREG and PREG attributes to 1 when performing multiply functions.
Related violations: <none>

DPOP-2#28 Warning
MREG Output pipelining  
DSP U_adder_top/U_flicker/render/render_lane_1u_U0/grp_evaluate_group_1u_s_fu_448/flicker_render_piyd2_U195/flicker_render_pipeline_ap_hsub_8_full_dsp_16_u/U0/i_synth/ADDSUB_OP.ADDSUB/SPEED_OP.DSP.OP/DSP48E1_BODY_HP.NORM_RND/FULL_USAGE_DSP.SHIFT_RND/DSP multiplier stage U_adder_top/U_flicker/render/render_lane_1u_U0/grp_evaluate_group_1u_s_fu_448/flicker_render_piyd2_U195/flicker_render_pipeline_ap_hsub_8_full_dsp_16_u/U0/i_synth/ADDSUB_OP.ADDSUB/SPEED_OP.DSP.OP/DSP48E1_BODY_HP.NORM_RND/FULL_USAGE_DSP.SHIFT_RND/DSP/P[47:0] is not pipelined (MREG=0). Pipelining the multiplier function will improve performance and will save significant power so it is suggested whenever possible to fully pipeline this function.  If this multiplier was inferred, it is suggested to describe an additional register stage after this function.  If there is no registered adder/accumulator following the multiply function, two pipeline stages are suggested to allow both the MREG and PREG registers to be used.  If the DSP48 was instantiated in the design, it is suggested to set both the MREG and PREG attributes to 1 when performing multiply functions.
Related violations: <none>

DPOP-2#29 Warning
MREG Output pipelining  
DSP U_adder_top/U_flicker/render/render_lane_2u_U0/flicker_render_pixdS_U266/flicker_render_pipeline_ap_hadd_8_full_dsp_16_u/U0/i_synth/ADDSUB_OP.ADDSUB/SPEED_OP.DSP.OP/DSP48E1_BODY_HP.NORM_RND/FULL_USAGE_DSP.SHIFT_RND/DSP multiplier stage U_adder_top/U_flicker/render/render_lane_2u_U0/flicker_render_pixdS_U266/flicker_render_pipeline_ap_hadd_8_full_dsp_16_u/U0/i_synth/ADDSUB_OP.ADDSUB/SPEED_OP.DSP.OP/DSP48E1_BODY_HP.NORM_RND/FULL_USAGE_DSP.SHIFT_RND/DSP/P[47:0] is not pipelined (MREG=0). Pipelining the multiplier function will improve performance and will save significant power so it is suggested whenever possible to fully pipeline this function.  If this multiplier was inferred, it is suggested to describe an additional register stage after this function.  If there is no registered adder/accumulator following the multiply function, two pipeline stages are suggested to allow both the MREG and PREG registers to be used.  If the DSP48 was instantiated in the design, it is suggested to set both the MREG and PREG attributes to 1 when performing multiply functions.
Related violations: <none>

DPOP-2#30 Warning
MREG Output pipelining  
DSP U_adder_top/U_flicker/render/render_lane_2u_U0/flicker_render_pixdS_U267/flicker_render_pipeline_ap_hadd_8_full_dsp_16_u/U0/i_synth/ADDSUB_OP.ADDSUB/SPEED_OP.DSP.OP/DSP48E1_BODY_HP.NORM_RND/FULL_USAGE_DSP.SHIFT_RND/DSP multiplier stage U_adder_top/U_flicker/render/render_lane_2u_U0/flicker_render_pixdS_U267/flicker_render_pipeline_ap_hadd_8_full_dsp_16_u/U0/i_synth/ADDSUB_OP.ADDSUB/SPEED_OP.DSP.OP/DSP48E1_BODY_HP.NORM_RND/FULL_USAGE_DSP.SHIFT_RND/DSP/P[47:0] is not pipelined (MREG=0). Pipelining the multiplier function will improve performance and will save significant power so it is suggested whenever possible to fully pipeline this function.  If this multiplier was inferred, it is suggested to describe an additional register stage after this function.  If there is no registered adder/accumulator following the multiply function, two pipeline stages are suggested to allow both the MREG and PREG registers to be used.  If the DSP48 was instantiated in the design, it is suggested to set both the MREG and PREG attributes to 1 when performing multiply functions.
Related violations: <none>

DPOP-2#31 Warning
MREG Output pipelining  
DSP U_adder_top/U_flicker/render/render_lane_2u_U0/flicker_render_pixdS_U268/flicker_render_pipeline_ap_hadd_8_full_dsp_16_u/U0/i_synth/ADDSUB_OP.ADDSUB/SPEED_OP.DSP.OP/DSP48E1_BODY_HP.NORM_RND/FULL_USAGE_DSP.SHIFT_RND/DSP multiplier stage U_adder_top/U_flicker/render/render_lane_2u_U0/flicker_render_pixdS_U268/flicker_render_pipeline_ap_hadd_8_full_dsp_16_u/U0/i_synth/ADDSUB_OP.ADDSUB/SPEED_OP.DSP.OP/DSP48E1_BODY_HP.NORM_RND/FULL_USAGE_DSP.SHIFT_RND/DSP/P[47:0] is not pipelined (MREG=0). Pipelining the multiplier function will improve performance and will save significant power so it is suggested whenever possible to fully pipeline this function.  If this multiplier was inferred, it is suggested to describe an additional register stage after this function.  If there is no registered adder/accumulator following the multiply function, two pipeline stages are suggested to allow both the MREG and PREG registers to be used.  If the DSP48 was instantiated in the design, it is suggested to set both the MREG and PREG attributes to 1 when performing multiply functions.
Related violations: <none>

DPOP-2#32 Warning
MREG Output pipelining  
DSP U_adder_top/U_flicker/render/render_lane_2u_U0/grp_evaluate_group_2u_s_fu_454/flicker_render_pixdS_U233/flicker_render_pipeline_ap_hadd_8_full_dsp_16_u/U0/i_synth/ADDSUB_OP.ADDSUB/SPEED_OP.DSP.OP/DSP48E1_BODY_HP.NORM_RND/FULL_USAGE_DSP.SHIFT_RND/DSP multiplier stage U_adder_top/U_flicker/render/render_lane_2u_U0/grp_evaluate_group_2u_s_fu_454/flicker_render_pixdS_U233/flicker_render_pipeline_ap_hadd_8_full_dsp_16_u/U0/i_synth/ADDSUB_OP.ADDSUB/SPEED_OP.DSP.OP/DSP48E1_BODY_HP.NORM_RND/FULL_USAGE_DSP.SHIFT_RND/DSP/P[47:0] is not pipelined (MREG=0). Pipelining the multiplier function will improve performance and will save significant power so it is suggested whenever possible to fully pipeline this function.  If this multiplier was inferred, it is suggested to describe an additional register stage after this function.  If there is no registered adder/accumulator following the multiply function, two pipeline stages are suggested to allow both the MREG and PREG registers to be used.  If the DSP48 was instantiated in the design, it is suggested to set both the MREG and PREG attributes to 1 when performing multiply functions.
Related violations: <none>

DPOP-2#33 Warning
MREG Output pipelining  
DSP U_adder_top/U_flicker/render/render_lane_2u_U0/grp_evaluate_group_2u_s_fu_454/flicker_render_pixdS_U234/flicker_render_pipeline_ap_hadd_8_full_dsp_16_u/U0/i_synth/ADDSUB_OP.ADDSUB/SPEED_OP.DSP.OP/DSP48E1_BODY_HP.NORM_RND/FULL_USAGE_DSP.SHIFT_RND/DSP multiplier stage U_adder_top/U_flicker/render/render_lane_2u_U0/grp_evaluate_group_2u_s_fu_454/flicker_render_pixdS_U234/flicker_render_pipeline_ap_hadd_8_full_dsp_16_u/U0/i_synth/ADDSUB_OP.ADDSUB/SPEED_OP.DSP.OP/DSP48E1_BODY_HP.NORM_RND/FULL_USAGE_DSP.SHIFT_RND/DSP/P[47:0] is not pipelined (MREG=0). Pipelining the multiplier function will improve performance and will save significant power so it is suggested whenever possible to fully pipeline this function.  If this multiplier was inferred, it is suggested to describe an additional register stage after this function.  If there is no registered adder/accumulator following the multiply function, two pipeline stages are suggested to allow both the MREG and PREG registers to be used.  If the DSP48 was instantiated in the design, it is suggested to set both the MREG and PREG attributes to 1 when performing multiply functions.
Related violations: <none>

DPOP-2#34 Warning
MREG Output pipelining  
DSP U_adder_top/U_flicker/render/render_lane_2u_U0/grp_evaluate_group_2u_s_fu_454/flicker_render_pixdS_U235/flicker_render_pipeline_ap_hadd_8_full_dsp_16_u/U0/i_synth/ADDSUB_OP.ADDSUB/SPEED_OP.DSP.OP/DSP48E1_BODY_HP.NORM_RND/FULL_USAGE_DSP.SHIFT_RND/DSP multiplier stage U_adder_top/U_flicker/render/render_lane_2u_U0/grp_evaluate_group_2u_s_fu_454/flicker_render_pixdS_U235/flicker_render_pipeline_ap_hadd_8_full_dsp_16_u/U0/i_synth/ADDSUB_OP.ADDSUB/SPEED_OP.DSP.OP/DSP48E1_BODY_HP.NORM_RND/FULL_USAGE_DSP.SHIFT_RND/DSP/P[47:0] is not pipelined (MREG=0). Pipelining the multiplier function will improve performance and will save significant power so it is suggested whenever possible to fully pipeline this function.  If this multiplier was inferred, it is suggested to describe an additional register stage after this function.  If there is no registered adder/accumulator following the multiply function, two pipeline stages are suggested to allow both the MREG and PREG registers to be used.  If the DSP48 was instantiated in the design, it is suggested to set both the MREG and PREG attributes to 1 when performing multiply functions.
Related violations: <none>

DPOP-2#35 Warning
MREG Output pipelining  
DSP U_adder_top/U_flicker/render/render_lane_2u_U0/grp_evaluate_group_2u_s_fu_454/flicker_render_pixdS_U236/flicker_render_pipeline_ap_hadd_8_full_dsp_16_u/U0/i_synth/ADDSUB_OP.ADDSUB/SPEED_OP.DSP.OP/DSP48E1_BODY_HP.NORM_RND/FULL_USAGE_DSP.SHIFT_RND/DSP multiplier stage U_adder_top/U_flicker/render/render_lane_2u_U0/grp_evaluate_group_2u_s_fu_454/flicker_render_pixdS_U236/flicker_render_pipeline_ap_hadd_8_full_dsp_16_u/U0/i_synth/ADDSUB_OP.ADDSUB/SPEED_OP.DSP.OP/DSP48E1_BODY_HP.NORM_RND/FULL_USAGE_DSP.SHIFT_RND/DSP/P[47:0] is not pipelined (MREG=0). Pipelining the multiplier function will improve performance and will save significant power so it is suggested whenever possible to fully pipeline this function.  If this multiplier was inferred, it is suggested to describe an additional register stage after this function.  If there is no registered adder/accumulator following the multiply function, two pipeline stages are suggested to allow both the MREG and PREG registers to be used.  If the DSP48 was instantiated in the design, it is suggested to set both the MREG and PREG attributes to 1 when performing multiply functions.
Related violations: <none>

DPOP-2#36 Warning
MREG Output pipelining  
DSP U_adder_top/U_flicker/render/render_lane_2u_U0/grp_evaluate_group_2u_s_fu_454/flicker_render_piyd2_U237/flicker_render_pipeline_ap_hsub_8_full_dsp_16_u/U0/i_synth/ADDSUB_OP.ADDSUB/SPEED_OP.DSP.OP/DSP48E1_BODY_HP.NORM_RND/FULL_USAGE_DSP.SHIFT_RND/DSP multiplier stage U_adder_top/U_flicker/render/render_lane_2u_U0/grp_evaluate_group_2u_s_fu_454/flicker_render_piyd2_U237/flicker_render_pipeline_ap_hsub_8_full_dsp_16_u/U0/i_synth/ADDSUB_OP.ADDSUB/SPEED_OP.DSP.OP/DSP48E1_BODY_HP.NORM_RND/FULL_USAGE_DSP.SHIFT_RND/DSP/P[47:0] is not pipelined (MREG=0). Pipelining the multiplier function will improve performance and will save significant power so it is suggested whenever possible to fully pipeline this function.  If this multiplier was inferred, it is suggested to describe an additional register stage after this function.  If there is no registered adder/accumulator following the multiply function, two pipeline stages are suggested to allow both the MREG and PREG registers to be used.  If the DSP48 was instantiated in the design, it is suggested to set both the MREG and PREG attributes to 1 when performing multiply functions.
Related violations: <none>

DPOP-2#37 Warning
MREG Output pipelining  
DSP U_adder_top/U_flicker/render/render_lane_2u_U0/grp_evaluate_group_2u_s_fu_454/flicker_render_piyd2_U238/flicker_render_pipeline_ap_hsub_8_full_dsp_16_u/U0/i_synth/ADDSUB_OP.ADDSUB/SPEED_OP.DSP.OP/DSP48E1_BODY_HP.NORM_RND/FULL_USAGE_DSP.SHIFT_RND/DSP multiplier stage U_adder_top/U_flicker/render/render_lane_2u_U0/grp_evaluate_group_2u_s_fu_454/flicker_render_piyd2_U238/flicker_render_pipeline_ap_hsub_8_full_dsp_16_u/U0/i_synth/ADDSUB_OP.ADDSUB/SPEED_OP.DSP.OP/DSP48E1_BODY_HP.NORM_RND/FULL_USAGE_DSP.SHIFT_RND/DSP/P[47:0] is not pipelined (MREG=0). Pipelining the multiplier function will improve performance and will save significant power so it is suggested whenever possible to fully pipeline this function.  If this multiplier was inferred, it is suggested to describe an additional register stage after this function.  If there is no registered adder/accumulator following the multiply function, two pipeline stages are suggested to allow both the MREG and PREG registers to be used.  If the DSP48 was instantiated in the design, it is suggested to set both the MREG and PREG attributes to 1 when performing multiply functions.
Related violations: <none>

DPOP-2#38 Warning
MREG Output pipelining  
DSP U_adder_top/U_flicker/render/render_lane_2u_U0/grp_evaluate_group_2u_s_fu_454/flicker_render_piyd2_U239/flicker_render_pipeline_ap_hsub_8_full_dsp_16_u/U0/i_synth/ADDSUB_OP.ADDSUB/SPEED_OP.DSP.OP/DSP48E1_BODY_HP.NORM_RND/FULL_USAGE_DSP.SHIFT_RND/DSP multiplier stage U_adder_top/U_flicker/render/render_lane_2u_U0/grp_evaluate_group_2u_s_fu_454/flicker_render_piyd2_U239/flicker_render_pipeline_ap_hsub_8_full_dsp_16_u/U0/i_synth/ADDSUB_OP.ADDSUB/SPEED_OP.DSP.OP/DSP48E1_BODY_HP.NORM_RND/FULL_USAGE_DSP.SHIFT_RND/DSP/P[47:0] is not pipelined (MREG=0). Pipelining the multiplier function will improve performance and will save significant power so it is suggested whenever possible to fully pipeline this function.  If this multiplier was inferred, it is suggested to describe an additional register stage after this function.  If there is no registered adder/accumulator following the multiply function, two pipeline stages are suggested to allow both the MREG and PREG registers to be used.  If the DSP48 was instantiated in the design, it is suggested to set both the MREG and PREG attributes to 1 when performing multiply functions.
Related violations: <none>

DPOP-2#39 Warning
MREG Output pipelining  
DSP U_adder_top/U_flicker/render/render_lane_2u_U0/grp_evaluate_group_2u_s_fu_454/flicker_render_piyd2_U240/flicker_render_pipeline_ap_hsub_8_full_dsp_16_u/U0/i_synth/ADDSUB_OP.ADDSUB/SPEED_OP.DSP.OP/DSP48E1_BODY_HP.NORM_RND/FULL_USAGE_DSP.SHIFT_RND/DSP multiplier stage U_adder_top/U_flicker/render/render_lane_2u_U0/grp_evaluate_group_2u_s_fu_454/flicker_render_piyd2_U240/flicker_render_pipeline_ap_hsub_8_full_dsp_16_u/U0/i_synth/ADDSUB_OP.ADDSUB/SPEED_OP.DSP.OP/DSP48E1_BODY_HP.NORM_RND/FULL_USAGE_DSP.SHIFT_RND/DSP/P[47:0] is not pipelined (MREG=0). Pipelining the multiplier function will improve performance and will save significant power so it is suggested whenever possible to fully pipeline this function.  If this multiplier was inferred, it is suggested to describe an additional register stage after this function.  If there is no registered adder/accumulator following the multiply function, two pipeline stages are suggested to allow both the MREG and PREG registers to be used.  If the DSP48 was instantiated in the design, it is suggested to set both the MREG and PREG attributes to 1 when performing multiply functions.
Related violations: <none>

DPOP-2#40 Warning
MREG Output pipelining  
DSP U_adder_top/U_flicker/render/render_lane_3u_U0/flicker_render_pixdS_U311/flicker_render_pipeline_ap_hadd_8_full_dsp_16_u/U0/i_synth/ADDSUB_OP.ADDSUB/SPEED_OP.DSP.OP/DSP48E1_BODY_HP.NORM_RND/FULL_USAGE_DSP.SHIFT_RND/DSP multiplier stage U_adder_top/U_flicker/render/render_lane_3u_U0/flicker_render_pixdS_U311/flicker_render_pipeline_ap_hadd_8_full_dsp_16_u/U0/i_synth/ADDSUB_OP.ADDSUB/SPEED_OP.DSP.OP/DSP48E1_BODY_HP.NORM_RND/FULL_USAGE_DSP.SHIFT_RND/DSP/P[47:0] is not pipelined (MREG=0). Pipelining the multiplier function will improve performance and will save significant power so it is suggested whenever possible to fully pipeline this function.  If this multiplier was inferred, it is suggested to describe an additional register stage after this function.  If there is no registered adder/accumulator following the multiply function, two pipeline stages are suggested to allow both the MREG and PREG registers to be used.  If the DSP48 was instantiated in the design, it is suggested to set both the MREG and PREG attributes to 1 when performing multiply functions.
Related violations: <none>

DPOP-2#41 Warning
MREG Output pipelining  
DSP U_adder_top/U_flicker/render/render_lane_3u_U0/flicker_render_pixdS_U312/flicker_render_pipeline_ap_hadd_8_full_dsp_16_u/U0/i_synth/ADDSUB_OP.ADDSUB/SPEED_OP.DSP.OP/DSP48E1_BODY_HP.NORM_RND/FULL_USAGE_DSP.SHIFT_RND/DSP multiplier stage U_adder_top/U_flicker/render/render_lane_3u_U0/flicker_render_pixdS_U312/flicker_render_pipeline_ap_hadd_8_full_dsp_16_u/U0/i_synth/ADDSUB_OP.ADDSUB/SPEED_OP.DSP.OP/DSP48E1_BODY_HP.NORM_RND/FULL_USAGE_DSP.SHIFT_RND/DSP/P[47:0] is not pipelined (MREG=0). Pipelining the multiplier function will improve performance and will save significant power so it is suggested whenever possible to fully pipeline this function.  If this multiplier was inferred, it is suggested to describe an additional register stage after this function.  If there is no registered adder/accumulator following the multiply function, two pipeline stages are suggested to allow both the MREG and PREG registers to be used.  If the DSP48 was instantiated in the design, it is suggested to set both the MREG and PREG attributes to 1 when performing multiply functions.
Related violations: <none>

DPOP-2#42 Warning
MREG Output pipelining  
DSP U_adder_top/U_flicker/render/render_lane_3u_U0/flicker_render_pixdS_U313/flicker_render_pipeline_ap_hadd_8_full_dsp_16_u/U0/i_synth/ADDSUB_OP.ADDSUB/SPEED_OP.DSP.OP/DSP48E1_BODY_HP.NORM_RND/FULL_USAGE_DSP.SHIFT_RND/DSP multiplier stage U_adder_top/U_flicker/render/render_lane_3u_U0/flicker_render_pixdS_U313/flicker_render_pipeline_ap_hadd_8_full_dsp_16_u/U0/i_synth/ADDSUB_OP.ADDSUB/SPEED_OP.DSP.OP/DSP48E1_BODY_HP.NORM_RND/FULL_USAGE_DSP.SHIFT_RND/DSP/P[47:0] is not pipelined (MREG=0). Pipelining the multiplier function will improve performance and will save significant power so it is suggested whenever possible to fully pipeline this function.  If this multiplier was inferred, it is suggested to describe an additional register stage after this function.  If there is no registered adder/accumulator following the multiply function, two pipeline stages are suggested to allow both the MREG and PREG registers to be used.  If the DSP48 was instantiated in the design, it is suggested to set both the MREG and PREG attributes to 1 when performing multiply functions.
Related violations: <none>

DPOP-2#43 Warning
MREG Output pipelining  
DSP U_adder_top/U_flicker/render/render_lane_3u_U0/grp_evaluate_group_3u_s_fu_456/flicker_render_pixdS_U278/flicker_render_pipeline_ap_hadd_8_full_dsp_16_u/U0/i_synth/ADDSUB_OP.ADDSUB/SPEED_OP.DSP.OP/DSP48E1_BODY_HP.NORM_RND/FULL_USAGE_DSP.SHIFT_RND/DSP multiplier stage U_adder_top/U_flicker/render/render_lane_3u_U0/grp_evaluate_group_3u_s_fu_456/flicker_render_pixdS_U278/flicker_render_pipeline_ap_hadd_8_full_dsp_16_u/U0/i_synth/ADDSUB_OP.ADDSUB/SPEED_OP.DSP.OP/DSP48E1_BODY_HP.NORM_RND/FULL_USAGE_DSP.SHIFT_RND/DSP/P[47:0] is not pipelined (MREG=0). Pipelining the multiplier function will improve performance and will save significant power so it is suggested whenever possible to fully pipeline this function.  If this multiplier was inferred, it is suggested to describe an additional register stage after this function.  If there is no registered adder/accumulator following the multiply function, two pipeline stages are suggested to allow both the MREG and PREG registers to be used.  If the DSP48 was instantiated in the design, it is suggested to set both the MREG and PREG attributes to 1 when performing multiply functions.
Related violations: <none>

DPOP-2#44 Warning
MREG Output pipelining  
DSP U_adder_top/U_flicker/render/render_lane_3u_U0/grp_evaluate_group_3u_s_fu_456/flicker_render_pixdS_U279/flicker_render_pipeline_ap_hadd_8_full_dsp_16_u/U0/i_synth/ADDSUB_OP.ADDSUB/SPEED_OP.DSP.OP/DSP48E1_BODY_HP.NORM_RND/FULL_USAGE_DSP.SHIFT_RND/DSP multiplier stage U_adder_top/U_flicker/render/render_lane_3u_U0/grp_evaluate_group_3u_s_fu_456/flicker_render_pixdS_U279/flicker_render_pipeline_ap_hadd_8_full_dsp_16_u/U0/i_synth/ADDSUB_OP.ADDSUB/SPEED_OP.DSP.OP/DSP48E1_BODY_HP.NORM_RND/FULL_USAGE_DSP.SHIFT_RND/DSP/P[47:0] is not pipelined (MREG=0). Pipelining the multiplier function will improve performance and will save significant power so it is suggested whenever possible to fully pipeline this function.  If this multiplier was inferred, it is suggested to describe an additional register stage after this function.  If there is no registered adder/accumulator following the multiply function, two pipeline stages are suggested to allow both the MREG and PREG registers to be used.  If the DSP48 was instantiated in the design, it is suggested to set both the MREG and PREG attributes to 1 when performing multiply functions.
Related violations: <none>

DPOP-2#45 Warning
MREG Output pipelining  
DSP U_adder_top/U_flicker/render/render_lane_3u_U0/grp_evaluate_group_3u_s_fu_456/flicker_render_pixdS_U280/flicker_render_pipeline_ap_hadd_8_full_dsp_16_u/U0/i_synth/ADDSUB_OP.ADDSUB/SPEED_OP.DSP.OP/DSP48E1_BODY_HP.NORM_RND/FULL_USAGE_DSP.SHIFT_RND/DSP multiplier stage U_adder_top/U_flicker/render/render_lane_3u_U0/grp_evaluate_group_3u_s_fu_456/flicker_render_pixdS_U280/flicker_render_pipeline_ap_hadd_8_full_dsp_16_u/U0/i_synth/ADDSUB_OP.ADDSUB/SPEED_OP.DSP.OP/DSP48E1_BODY_HP.NORM_RND/FULL_USAGE_DSP.SHIFT_RND/DSP/P[47:0] is not pipelined (MREG=0). Pipelining the multiplier function will improve performance and will save significant power so it is suggested whenever possible to fully pipeline this function.  If this multiplier was inferred, it is suggested to describe an additional register stage after this function.  If there is no registered adder/accumulator following the multiply function, two pipeline stages are suggested to allow both the MREG and PREG registers to be used.  If the DSP48 was instantiated in the design, it is suggested to set both the MREG and PREG attributes to 1 when performing multiply functions.
Related violations: <none>

DPOP-2#46 Warning
MREG Output pipelining  
DSP U_adder_top/U_flicker/render/render_lane_3u_U0/grp_evaluate_group_3u_s_fu_456/flicker_render_pixdS_U281/flicker_render_pipeline_ap_hadd_8_full_dsp_16_u/U0/i_synth/ADDSUB_OP.ADDSUB/SPEED_OP.DSP.OP/DSP48E1_BODY_HP.NORM_RND/FULL_USAGE_DSP.SHIFT_RND/DSP multiplier stage U_adder_top/U_flicker/render/render_lane_3u_U0/grp_evaluate_group_3u_s_fu_456/flicker_render_pixdS_U281/flicker_render_pipeline_ap_hadd_8_full_dsp_16_u/U0/i_synth/ADDSUB_OP.ADDSUB/SPEED_OP.DSP.OP/DSP48E1_BODY_HP.NORM_RND/FULL_USAGE_DSP.SHIFT_RND/DSP/P[47:0] is not pipelined (MREG=0). Pipelining the multiplier function will improve performance and will save significant power so it is suggested whenever possible to fully pipeline this function.  If this multiplier was inferred, it is suggested to describe an additional register stage after this function.  If there is no registered adder/accumulator following the multiply function, two pipeline stages are suggested to allow both the MREG and PREG registers to be used.  If the DSP48 was instantiated in the design, it is suggested to set both the MREG and PREG attributes to 1 when performing multiply functions.
Related violations: <none>

DPOP-2#47 Warning
MREG Output pipelining  
DSP U_adder_top/U_flicker/render/render_lane_3u_U0/grp_evaluate_group_3u_s_fu_456/flicker_render_piyd2_U282/flicker_render_pipeline_ap_hsub_8_full_dsp_16_u/U0/i_synth/ADDSUB_OP.ADDSUB/SPEED_OP.DSP.OP/DSP48E1_BODY_HP.NORM_RND/FULL_USAGE_DSP.SHIFT_RND/DSP multiplier stage U_adder_top/U_flicker/render/render_lane_3u_U0/grp_evaluate_group_3u_s_fu_456/flicker_render_piyd2_U282/flicker_render_pipeline_ap_hsub_8_full_dsp_16_u/U0/i_synth/ADDSUB_OP.ADDSUB/SPEED_OP.DSP.OP/DSP48E1_BODY_HP.NORM_RND/FULL_USAGE_DSP.SHIFT_RND/DSP/P[47:0] is not pipelined (MREG=0). Pipelining the multiplier function will improve performance and will save significant power so it is suggested whenever possible to fully pipeline this function.  If this multiplier was inferred, it is suggested to describe an additional register stage after this function.  If there is no registered adder/accumulator following the multiply function, two pipeline stages are suggested to allow both the MREG and PREG registers to be used.  If the DSP48 was instantiated in the design, it is suggested to set both the MREG and PREG attributes to 1 when performing multiply functions.
Related violations: <none>

DPOP-2#48 Warning
MREG Output pipelining  
DSP U_adder_top/U_flicker/render/render_lane_3u_U0/grp_evaluate_group_3u_s_fu_456/flicker_render_piyd2_U283/flicker_render_pipeline_ap_hsub_8_full_dsp_16_u/U0/i_synth/ADDSUB_OP.ADDSUB/SPEED_OP.DSP.OP/DSP48E1_BODY_HP.NORM_RND/FULL_USAGE_DSP.SHIFT_RND/DSP multiplier stage U_adder_top/U_flicker/render/render_lane_3u_U0/grp_evaluate_group_3u_s_fu_456/flicker_render_piyd2_U283/flicker_render_pipeline_ap_hsub_8_full_dsp_16_u/U0/i_synth/ADDSUB_OP.ADDSUB/SPEED_OP.DSP.OP/DSP48E1_BODY_HP.NORM_RND/FULL_USAGE_DSP.SHIFT_RND/DSP/P[47:0] is not pipelined (MREG=0). Pipelining the multiplier function will improve performance and will save significant power so it is suggested whenever possible to fully pipeline this function.  If this multiplier was inferred, it is suggested to describe an additional register stage after this function.  If there is no registered adder/accumulator following the multiply function, two pipeline stages are suggested to allow both the MREG and PREG registers to be used.  If the DSP48 was instantiated in the design, it is suggested to set both the MREG and PREG attributes to 1 when performing multiply functions.
Related violations: <none>

DPOP-2#49 Warning
MREG Output pipelining  
DSP U_adder_top/U_flicker/render/render_lane_3u_U0/grp_evaluate_group_3u_s_fu_456/flicker_render_piyd2_U284/flicker_render_pipeline_ap_hsub_8_full_dsp_16_u/U0/i_synth/ADDSUB_OP.ADDSUB/SPEED_OP.DSP.OP/DSP48E1_BODY_HP.NORM_RND/FULL_USAGE_DSP.SHIFT_RND/DSP multiplier stage U_adder_top/U_flicker/render/render_lane_3u_U0/grp_evaluate_group_3u_s_fu_456/flicker_render_piyd2_U284/flicker_render_pipeline_ap_hsub_8_full_dsp_16_u/U0/i_synth/ADDSUB_OP.ADDSUB/SPEED_OP.DSP.OP/DSP48E1_BODY_HP.NORM_RND/FULL_USAGE_DSP.SHIFT_RND/DSP/P[47:0] is not pipelined (MREG=0). Pipelining the multiplier function will improve performance and will save significant power so it is suggested whenever possible to fully pipeline this function.  If this multiplier was inferred, it is suggested to describe an additional register stage after this function.  If there is no registered adder/accumulator following the multiply function, two pipeline stages are suggested to allow both the MREG and PREG registers to be used.  If the DSP48 was instantiated in the design, it is suggested to set both the MREG and PREG attributes to 1 when performing multiply functions.
Related violations: <none>

DPOP-2#50 Warning
MREG Output pipelining  
DSP U_adder_top/U_flicker/render/render_lane_3u_U0/grp_evaluate_group_3u_s_fu_456/flicker_render_piyd2_U285/flicker_render_pipeline_ap_hsub_8_full_dsp_16_u/U0/i_synth/ADDSUB_OP.ADDSUB/SPEED_OP.DSP.OP/DSP48E1_BODY_HP.NORM_RND/FULL_USAGE_DSP.SHIFT_RND/DSP multiplier stage U_adder_top/U_flicker/render/render_lane_3u_U0/grp_evaluate_group_3u_s_fu_456/flicker_render_piyd2_U285/flicker_render_pipeline_ap_hsub_8_full_dsp_16_u/U0/i_synth/ADDSUB_OP.ADDSUB/SPEED_OP.DSP.OP/DSP48E1_BODY_HP.NORM_RND/FULL_USAGE_DSP.SHIFT_RND/DSP/P[47:0] is not pipelined (MREG=0). Pipelining the multiplier function will improve performance and will save significant power so it is suggested whenever possible to fully pipeline this function.  If this multiplier was inferred, it is suggested to describe an additional register stage after this function.  If there is no registered adder/accumulator following the multiply function, two pipeline stages are suggested to allow both the MREG and PREG registers to be used.  If the DSP48 was instantiated in the design, it is suggested to set both the MREG and PREG attributes to 1 when performing multiply functions.
Related violations: <none>

DPOP-2#51 Warning
MREG Output pipelining  
DSP U_adder_top/U_flicker/render/split_U0/prepare_geometry_U0/flicker_render_pidEe_U11/flicker_render_pipeline_ap_fmul_3_max_dsp_32_u/U0/i_synth/MULT.OP/MULT/DSP48E1_SPD_SGL_VARIANT.FIX_MULT/DSP2/DSP multiplier stage U_adder_top/U_flicker/render/split_U0/prepare_geometry_U0/flicker_render_pidEe_U11/flicker_render_pipeline_ap_fmul_3_max_dsp_32_u/U0/i_synth/MULT.OP/MULT/DSP48E1_SPD_SGL_VARIANT.FIX_MULT/DSP2/DSP/PATTERNDETECT is not pipelined (MREG=0). Pipelining the multiplier function will improve performance and will save significant power so it is suggested whenever possible to fully pipeline this function.  If this multiplier was inferred, it is suggested to describe an additional register stage after this function.  If there is no registered adder/accumulator following the multiply function, two pipeline stages are suggested to allow both the MREG and PREG registers to be used.  If the DSP48 was instantiated in the design, it is suggested to set both the MREG and PREG attributes to 1 when performing multiply functions.
Related violations: <none>

DPOP-2#52 Warning
MREG Output pipelining  
DSP U_adder_top/U_flicker/render/split_U0/prepare_geometry_U0/flicker_render_pidEe_U11/flicker_render_pipeline_ap_fmul_3_max_dsp_32_u/U0/i_synth/MULT.OP/MULT/DSP48E1_SPD_SGL_VARIANT.FIX_MULT/DSP2/DSP multiplier stage U_adder_top/U_flicker/render/split_U0/prepare_geometry_U0/flicker_render_pidEe_U11/flicker_render_pipeline_ap_fmul_3_max_dsp_32_u/U0/i_synth/MULT.OP/MULT/DSP48E1_SPD_SGL_VARIANT.FIX_MULT/DSP2/DSP/P[47:0] is not pipelined (MREG=0). Pipelining the multiplier function will improve performance and will save significant power so it is suggested whenever possible to fully pipeline this function.  If this multiplier was inferred, it is suggested to describe an additional register stage after this function.  If there is no registered adder/accumulator following the multiply function, two pipeline stages are suggested to allow both the MREG and PREG registers to be used.  If the DSP48 was instantiated in the design, it is suggested to set both the MREG and PREG attributes to 1 when performing multiply functions.
Related violations: <none>

DPOP-2#53 Warning
MREG Output pipelining  
DSP rx_sdi_inst/YCbCr422_2_RGB888_u0/YCbCr444_2_RGB888_u/yout1 multiplier stage rx_sdi_inst/YCbCr422_2_RGB888_u0/YCbCr444_2_RGB888_u/yout1/P[47:0] is not pipelined (MREG=0). Pipelining the multiplier function will improve performance and will save significant power so it is suggested whenever possible to fully pipeline this function.  If this multiplier was inferred, it is suggested to describe an additional register stage after this function.  If there is no registered adder/accumulator following the multiply function, two pipeline stages are suggested to allow both the MREG and PREG registers to be used.  If the DSP48 was instantiated in the design, it is suggested to set both the MREG and PREG attributes to 1 when performing multiply functions.
Related violations: <none>

DPREG-4#1 Warning
DSP48E1_PregDynOpmodeZmuxP:  
The DSP48E1 cell U_adder_top/U_flicker/render/split_U0/prepare_geometry_U0/flicker_render_picud_U10/flicker_render_pipeline_ap_faddfsub_6_full_dsp_32_u/U0/i_synth/ADDSUB_OP.ADDSUB/SPEED_OP.DSP.OP/DSP48E1_BODY.ALIGN_ADD/DSP2/DSP with the given dynamic OPMODE[6:0] connections may lead to an unregistered asynchronous feedback path without the PREG attribute enabled. Please refer to the user guide and if one of the internal P feedback opmodes is possible for this design the PREG attribute must be set to 1, currently set to 0
Related violations: <none>

PDCN-1569#1 Warning
LUT equation term check  
Used physical LUT pin 'A1' of cell U_adder_top/U_flicker/render/framed_ctu_U0/test_frames_U0/flicker_render_pixdS_U79/flicker_render_pipeline_ap_hadd_8_full_dsp_16_u/U0/i_synth/ADDSUB_OP.ADDSUB/SPEED_OP.DSP.OP/DSP48E1_BODY_HP.EXP/NOT_LOW_LATENCY_NORM_DIST.STRUCT_ADD/LSBaddmode1.lut0o6/LUT5 (in U_adder_top/U_flicker/render/framed_ctu_U0/test_frames_U0/flicker_render_pixdS_U79/flicker_render_pipeline_ap_hadd_8_full_dsp_16_u/U0/i_synth/ADDSUB_OP.ADDSUB/SPEED_OP.DSP.OP/DSP48E1_BODY_HP.EXP/NOT_LOW_LATENCY_NORM_DIST.STRUCT_ADD/LSBaddmode1.lut0o6 macro) is not included in the LUT equation: 'O5=(A3*A4)+(A3*(~A4)*(~A5))+((~A3)*A4*(~A5))'. If this cell is a user instantiated LUT in the design, please remove connectivity to the pin or change the equation and/or INIT string of the LUT to prevent this issue. If the cell is inferred or IP created LUT, please regenerate the IP and/or resynthesize the design to attempt to correct the issue.
Related violations: <none>

PDCN-1569#2 Warning
LUT equation term check  
Used physical LUT pin 'A1' of cell U_adder_top/U_flicker/render/framed_ctu_U0/test_frames_U0/flicker_render_pixdS_U79/flicker_render_pipeline_ap_hadd_8_full_dsp_16_u/U0/i_synth/ADDSUB_OP.ADDSUB/SPEED_OP.DSP.OP/DSP48E1_BODY_HP.EXP/NOT_LOW_LATENCY_NORM_DIST.STRUCT_ADD/LSBaddmode1.lut0o6/LUT6 (in U_adder_top/U_flicker/render/framed_ctu_U0/test_frames_U0/flicker_render_pixdS_U79/flicker_render_pipeline_ap_hadd_8_full_dsp_16_u/U0/i_synth/ADDSUB_OP.ADDSUB/SPEED_OP.DSP.OP/DSP48E1_BODY_HP.EXP/NOT_LOW_LATENCY_NORM_DIST.STRUCT_ADD/LSBaddmode1.lut0o6 macro) is not included in the LUT equation: 'O6=(A3*A4*A5*(~A6))+(A3*A4*(~A5))+(A3*(~A4)*A5*A6)+(A3*(~A4)*(~A5)*(~A6))+((~A3)*A4*A5*A6)+((~A3)*A4*(~A5)*(~A6))+((~A3)*(~A4)*(~A5)*A6)'. If this cell is a user instantiated LUT in the design, please remove connectivity to the pin or change the equation and/or INIT string of the LUT to prevent this issue. If the cell is inferred or IP created LUT, please regenerate the IP and/or resynthesize the design to attempt to correct the issue.
Related violations: <none>

PDCN-1569#3 Warning
LUT equation term check  
Used physical LUT pin 'A1' of cell U_adder_top/U_flicker/render/framed_ctu_U0/test_frames_U0/flicker_render_pixdS_U80/flicker_render_pipeline_ap_hadd_8_full_dsp_16_u/U0/i_synth/ADDSUB_OP.ADDSUB/SPEED_OP.DSP.OP/DSP48E1_BODY_HP.EXP/NOT_LOW_LATENCY_NORM_DIST.STRUCT_ADD/LSBaddmode1.lut0o6/LUT5 (in U_adder_top/U_flicker/render/framed_ctu_U0/test_frames_U0/flicker_render_pixdS_U80/flicker_render_pipeline_ap_hadd_8_full_dsp_16_u/U0/i_synth/ADDSUB_OP.ADDSUB/SPEED_OP.DSP.OP/DSP48E1_BODY_HP.EXP/NOT_LOW_LATENCY_NORM_DIST.STRUCT_ADD/LSBaddmode1.lut0o6 macro) is not included in the LUT equation: 'O5=(A3*A4)+(A3*(~A4)*(~A5))+((~A3)*A4*(~A5))'. If this cell is a user instantiated LUT in the design, please remove connectivity to the pin or change the equation and/or INIT string of the LUT to prevent this issue. If the cell is inferred or IP created LUT, please regenerate the IP and/or resynthesize the design to attempt to correct the issue.
Related violations: <none>

PDCN-1569#4 Warning
LUT equation term check  
Used physical LUT pin 'A1' of cell U_adder_top/U_flicker/render/framed_ctu_U0/test_frames_U0/flicker_render_pixdS_U80/flicker_render_pipeline_ap_hadd_8_full_dsp_16_u/U0/i_synth/ADDSUB_OP.ADDSUB/SPEED_OP.DSP.OP/DSP48E1_BODY_HP.EXP/NOT_LOW_LATENCY_NORM_DIST.STRUCT_ADD/LSBaddmode1.lut0o6/LUT6 (in U_adder_top/U_flicker/render/framed_ctu_U0/test_frames_U0/flicker_render_pixdS_U80/flicker_render_pipeline_ap_hadd_8_full_dsp_16_u/U0/i_synth/ADDSUB_OP.ADDSUB/SPEED_OP.DSP.OP/DSP48E1_BODY_HP.EXP/NOT_LOW_LATENCY_NORM_DIST.STRUCT_ADD/LSBaddmode1.lut0o6 macro) is not included in the LUT equation: 'O6=(A3*A4*A5*(~A6))+(A3*A4*(~A5))+(A3*(~A4)*A5*A6)+(A3*(~A4)*(~A5)*(~A6))+((~A3)*A4*A5*A6)+((~A3)*A4*(~A5)*(~A6))+((~A3)*(~A4)*(~A5)*A6)'. If this cell is a user instantiated LUT in the design, please remove connectivity to the pin or change the equation and/or INIT string of the LUT to prevent this issue. If the cell is inferred or IP created LUT, please regenerate the IP and/or resynthesize the design to attempt to correct the issue.
Related violations: <none>

PDCN-1569#5 Warning
LUT equation term check  
Used physical LUT pin 'A1' of cell U_adder_top/U_flicker/render/framed_ctu_U0/test_frames_U0/flicker_render_piyd2_U81/flicker_render_pipeline_ap_hsub_8_full_dsp_16_u/U0/i_synth/ADDSUB_OP.ADDSUB/SPEED_OP.DSP.OP/DSP48E1_BODY_HP.EXP/NOT_LOW_LATENCY_NORM_DIST.STRUCT_ADD/LSBaddmode1.lut0o6/LUT5 (in U_adder_top/U_flicker/render/framed_ctu_U0/test_frames_U0/flicker_render_piyd2_U81/flicker_render_pipeline_ap_hsub_8_full_dsp_16_u/U0/i_synth/ADDSUB_OP.ADDSUB/SPEED_OP.DSP.OP/DSP48E1_BODY_HP.EXP/NOT_LOW_LATENCY_NORM_DIST.STRUCT_ADD/LSBaddmode1.lut0o6 macro) is not included in the LUT equation: 'O5=(A3*A4)+(A3*(~A4)*(~A5))+((~A3)*A4*(~A5))'. If this cell is a user instantiated LUT in the design, please remove connectivity to the pin or change the equation and/or INIT string of the LUT to prevent this issue. If the cell is inferred or IP created LUT, please regenerate the IP and/or resynthesize the design to attempt to correct the issue.
Related violations: <none>

PDCN-1569#6 Warning
LUT equation term check  
Used physical LUT pin 'A1' of cell U_adder_top/U_flicker/render/framed_ctu_U0/test_frames_U0/flicker_render_piyd2_U81/flicker_render_pipeline_ap_hsub_8_full_dsp_16_u/U0/i_synth/ADDSUB_OP.ADDSUB/SPEED_OP.DSP.OP/DSP48E1_BODY_HP.EXP/NOT_LOW_LATENCY_NORM_DIST.STRUCT_ADD/LSBaddmode1.lut0o6/LUT6 (in U_adder_top/U_flicker/render/framed_ctu_U0/test_frames_U0/flicker_render_piyd2_U81/flicker_render_pipeline_ap_hsub_8_full_dsp_16_u/U0/i_synth/ADDSUB_OP.ADDSUB/SPEED_OP.DSP.OP/DSP48E1_BODY_HP.EXP/NOT_LOW_LATENCY_NORM_DIST.STRUCT_ADD/LSBaddmode1.lut0o6 macro) is not included in the LUT equation: 'O6=(A3*A4*A5*(~A6))+(A3*A4*(~A5))+(A3*(~A4)*A5*A6)+(A3*(~A4)*(~A5)*(~A6))+((~A3)*A4*A5*A6)+((~A3)*A4*(~A5)*(~A6))+((~A3)*(~A4)*(~A5)*A6)'. If this cell is a user instantiated LUT in the design, please remove connectivity to the pin or change the equation and/or INIT string of the LUT to prevent this issue. If the cell is inferred or IP created LUT, please regenerate the IP and/or resynthesize the design to attempt to correct the issue.
Related violations: <none>

PDCN-1569#7 Warning
LUT equation term check  
Used physical LUT pin 'A1' of cell U_adder_top/U_flicker/render/render_lane_0u_U0/flicker_render_pixdS_U172/flicker_render_pipeline_ap_hadd_8_full_dsp_16_u/U0/i_synth/ADDSUB_OP.ADDSUB/SPEED_OP.DSP.OP/DSP48E1_BODY_HP.EXP/NOT_LOW_LATENCY_NORM_DIST.STRUCT_ADD/LSBaddmode1.lut0o6/LUT5 (in U_adder_top/U_flicker/render/render_lane_0u_U0/flicker_render_pixdS_U172/flicker_render_pipeline_ap_hadd_8_full_dsp_16_u/U0/i_synth/ADDSUB_OP.ADDSUB/SPEED_OP.DSP.OP/DSP48E1_BODY_HP.EXP/NOT_LOW_LATENCY_NORM_DIST.STRUCT_ADD/LSBaddmode1.lut0o6 macro) is not included in the LUT equation: 'O5=(A3*A4)+(A3*(~A4)*(~A5))+((~A3)*A4*(~A5))'. If this cell is a user instantiated LUT in the design, please remove connectivity to the pin or change the equation and/or INIT string of the LUT to prevent this issue. If the cell is inferred or IP created LUT, please regenerate the IP and/or resynthesize the design to attempt to correct the issue.
Related violations: <none>

PDCN-1569#8 Warning
LUT equation term check  
Used physical LUT pin 'A1' of cell U_adder_top/U_flicker/render/render_lane_0u_U0/flicker_render_pixdS_U172/flicker_render_pipeline_ap_hadd_8_full_dsp_16_u/U0/i_synth/ADDSUB_OP.ADDSUB/SPEED_OP.DSP.OP/DSP48E1_BODY_HP.EXP/NOT_LOW_LATENCY_NORM_DIST.STRUCT_ADD/LSBaddmode1.lut0o6/LUT6 (in U_adder_top/U_flicker/render/render_lane_0u_U0/flicker_render_pixdS_U172/flicker_render_pipeline_ap_hadd_8_full_dsp_16_u/U0/i_synth/ADDSUB_OP.ADDSUB/SPEED_OP.DSP.OP/DSP48E1_BODY_HP.EXP/NOT_LOW_LATENCY_NORM_DIST.STRUCT_ADD/LSBaddmode1.lut0o6 macro) is not included in the LUT equation: 'O6=(A3*A4*A5*(~A6))+(A3*A4*(~A5))+(A3*(~A4)*A5*A6)+(A3*(~A4)*(~A5)*(~A6))+((~A3)*A4*A5*A6)+((~A3)*A4*(~A5)*(~A6))+((~A3)*(~A4)*(~A5)*A6)'. If this cell is a user instantiated LUT in the design, please remove connectivity to the pin or change the equation and/or INIT string of the LUT to prevent this issue. If the cell is inferred or IP created LUT, please regenerate the IP and/or resynthesize the design to attempt to correct the issue.
Related violations: <none>

PDCN-1569#9 Warning
LUT equation term check  
Used physical LUT pin 'A1' of cell U_adder_top/U_flicker/render/render_lane_0u_U0/flicker_render_pixdS_U173/flicker_render_pipeline_ap_hadd_8_full_dsp_16_u/U0/i_synth/ADDSUB_OP.ADDSUB/SPEED_OP.DSP.OP/DSP48E1_BODY_HP.EXP/NOT_LOW_LATENCY_NORM_DIST.STRUCT_ADD/LSBaddmode1.lut0o6/LUT5 (in U_adder_top/U_flicker/render/render_lane_0u_U0/flicker_render_pixdS_U173/flicker_render_pipeline_ap_hadd_8_full_dsp_16_u/U0/i_synth/ADDSUB_OP.ADDSUB/SPEED_OP.DSP.OP/DSP48E1_BODY_HP.EXP/NOT_LOW_LATENCY_NORM_DIST.STRUCT_ADD/LSBaddmode1.lut0o6 macro) is not included in the LUT equation: 'O5=(A3*A4)+(A3*(~A4)*(~A5))+((~A3)*A4*(~A5))'. If this cell is a user instantiated LUT in the design, please remove connectivity to the pin or change the equation and/or INIT string of the LUT to prevent this issue. If the cell is inferred or IP created LUT, please regenerate the IP and/or resynthesize the design to attempt to correct the issue.
Related violations: <none>

PDCN-1569#10 Warning
LUT equation term check  
Used physical LUT pin 'A1' of cell U_adder_top/U_flicker/render/render_lane_0u_U0/flicker_render_pixdS_U173/flicker_render_pipeline_ap_hadd_8_full_dsp_16_u/U0/i_synth/ADDSUB_OP.ADDSUB/SPEED_OP.DSP.OP/DSP48E1_BODY_HP.EXP/NOT_LOW_LATENCY_NORM_DIST.STRUCT_ADD/LSBaddmode1.lut0o6/LUT6 (in U_adder_top/U_flicker/render/render_lane_0u_U0/flicker_render_pixdS_U173/flicker_render_pipeline_ap_hadd_8_full_dsp_16_u/U0/i_synth/ADDSUB_OP.ADDSUB/SPEED_OP.DSP.OP/DSP48E1_BODY_HP.EXP/NOT_LOW_LATENCY_NORM_DIST.STRUCT_ADD/LSBaddmode1.lut0o6 macro) is not included in the LUT equation: 'O6=(A3*A4*A5*(~A6))+(A3*A4*(~A5))+(A3*(~A4)*A5*A6)+(A3*(~A4)*(~A5)*(~A6))+((~A3)*A4*A5*A6)+((~A3)*A4*(~A5)*(~A6))+((~A3)*(~A4)*(~A5)*A6)'. If this cell is a user instantiated LUT in the design, please remove connectivity to the pin or change the equation and/or INIT string of the LUT to prevent this issue. If the cell is inferred or IP created LUT, please regenerate the IP and/or resynthesize the design to attempt to correct the issue.
Related violations: <none>

PDCN-1569#11 Warning
LUT equation term check  
Used physical LUT pin 'A1' of cell U_adder_top/U_flicker/render/render_lane_0u_U0/flicker_render_pixdS_U174/flicker_render_pipeline_ap_hadd_8_full_dsp_16_u/U0/i_synth/ADDSUB_OP.ADDSUB/SPEED_OP.DSP.OP/DSP48E1_BODY_HP.EXP/NOT_LOW_LATENCY_NORM_DIST.STRUCT_ADD/LSBaddmode1.lut0o6/LUT5 (in U_adder_top/U_flicker/render/render_lane_0u_U0/flicker_render_pixdS_U174/flicker_render_pipeline_ap_hadd_8_full_dsp_16_u/U0/i_synth/ADDSUB_OP.ADDSUB/SPEED_OP.DSP.OP/DSP48E1_BODY_HP.EXP/NOT_LOW_LATENCY_NORM_DIST.STRUCT_ADD/LSBaddmode1.lut0o6 macro) is not included in the LUT equation: 'O5=(A3*A4)+(A3*(~A4)*(~A5))+((~A3)*A4*(~A5))'. If this cell is a user instantiated LUT in the design, please remove connectivity to the pin or change the equation and/or INIT string of the LUT to prevent this issue. If the cell is inferred or IP created LUT, please regenerate the IP and/or resynthesize the design to attempt to correct the issue.
Related violations: <none>

PDCN-1569#12 Warning
LUT equation term check  
Used physical LUT pin 'A1' of cell U_adder_top/U_flicker/render/render_lane_0u_U0/flicker_render_pixdS_U174/flicker_render_pipeline_ap_hadd_8_full_dsp_16_u/U0/i_synth/ADDSUB_OP.ADDSUB/SPEED_OP.DSP.OP/DSP48E1_BODY_HP.EXP/NOT_LOW_LATENCY_NORM_DIST.STRUCT_ADD/LSBaddmode1.lut0o6/LUT6 (in U_adder_top/U_flicker/render/render_lane_0u_U0/flicker_render_pixdS_U174/flicker_render_pipeline_ap_hadd_8_full_dsp_16_u/U0/i_synth/ADDSUB_OP.ADDSUB/SPEED_OP.DSP.OP/DSP48E1_BODY_HP.EXP/NOT_LOW_LATENCY_NORM_DIST.STRUCT_ADD/LSBaddmode1.lut0o6 macro) is not included in the LUT equation: 'O6=(A3*A4*A5*(~A6))+(A3*A4*(~A5))+(A3*(~A4)*A5*A6)+(A3*(~A4)*(~A5)*(~A6))+((~A3)*A4*A5*A6)+((~A3)*A4*(~A5)*(~A6))+((~A3)*(~A4)*(~A5)*A6)'. If this cell is a user instantiated LUT in the design, please remove connectivity to the pin or change the equation and/or INIT string of the LUT to prevent this issue. If the cell is inferred or IP created LUT, please regenerate the IP and/or resynthesize the design to attempt to correct the issue.
Related violations: <none>

PDCN-1569#13 Warning
LUT equation term check  
Used physical LUT pin 'A1' of cell U_adder_top/U_flicker/render/render_lane_0u_U0/grp_evaluate_group_0u_s_fu_446/flicker_render_pixdS_U138/flicker_render_pipeline_ap_hadd_8_full_dsp_16_u/U0/i_synth/ADDSUB_OP.ADDSUB/SPEED_OP.DSP.OP/DSP48E1_BODY_HP.EXP/NOT_LOW_LATENCY_NORM_DIST.STRUCT_ADD/LSBaddmode1.lut0o6/LUT5 (in U_adder_top/U_flicker/render/render_lane_0u_U0/grp_evaluate_group_0u_s_fu_446/flicker_render_pixdS_U138/flicker_render_pipeline_ap_hadd_8_full_dsp_16_u/U0/i_synth/ADDSUB_OP.ADDSUB/SPEED_OP.DSP.OP/DSP48E1_BODY_HP.EXP/NOT_LOW_LATENCY_NORM_DIST.STRUCT_ADD/LSBaddmode1.lut0o6 macro) is not included in the LUT equation: 'O5=(A3*A4)+(A3*(~A4)*(~A5))+((~A3)*A4*(~A5))'. If this cell is a user instantiated LUT in the design, please remove connectivity to the pin or change the equation and/or INIT string of the LUT to prevent this issue. If the cell is inferred or IP created LUT, please regenerate the IP and/or resynthesize the design to attempt to correct the issue.
Related violations: <none>

PDCN-1569#14 Warning
LUT equation term check  
Used physical LUT pin 'A1' of cell U_adder_top/U_flicker/render/render_lane_0u_U0/grp_evaluate_group_0u_s_fu_446/flicker_render_pixdS_U138/flicker_render_pipeline_ap_hadd_8_full_dsp_16_u/U0/i_synth/ADDSUB_OP.ADDSUB/SPEED_OP.DSP.OP/DSP48E1_BODY_HP.EXP/NOT_LOW_LATENCY_NORM_DIST.STRUCT_ADD/LSBaddmode1.lut0o6/LUT6 (in U_adder_top/U_flicker/render/render_lane_0u_U0/grp_evaluate_group_0u_s_fu_446/flicker_render_pixdS_U138/flicker_render_pipeline_ap_hadd_8_full_dsp_16_u/U0/i_synth/ADDSUB_OP.ADDSUB/SPEED_OP.DSP.OP/DSP48E1_BODY_HP.EXP/NOT_LOW_LATENCY_NORM_DIST.STRUCT_ADD/LSBaddmode1.lut0o6 macro) is not included in the LUT equation: 'O6=(A3*A4*A5*(~A6))+(A3*A4*(~A5))+(A3*(~A4)*A5*A6)+(A3*(~A4)*(~A5)*(~A6))+((~A3)*A4*A5*A6)+((~A3)*A4*(~A5)*(~A6))+((~A3)*(~A4)*(~A5)*A6)'. If this cell is a user instantiated LUT in the design, please remove connectivity to the pin or change the equation and/or INIT string of the LUT to prevent this issue. If the cell is inferred or IP created LUT, please regenerate the IP and/or resynthesize the design to attempt to correct the issue.
Related violations: <none>

PDCN-1569#15 Warning
LUT equation term check  
Used physical LUT pin 'A1' of cell U_adder_top/U_flicker/render/render_lane_0u_U0/grp_evaluate_group_0u_s_fu_446/flicker_render_pixdS_U139/flicker_render_pipeline_ap_hadd_8_full_dsp_16_u/U0/i_synth/ADDSUB_OP.ADDSUB/SPEED_OP.DSP.OP/DSP48E1_BODY_HP.EXP/NOT_LOW_LATENCY_NORM_DIST.STRUCT_ADD/LSBaddmode1.lut0o6/LUT5 (in U_adder_top/U_flicker/render/render_lane_0u_U0/grp_evaluate_group_0u_s_fu_446/flicker_render_pixdS_U139/flicker_render_pipeline_ap_hadd_8_full_dsp_16_u/U0/i_synth/ADDSUB_OP.ADDSUB/SPEED_OP.DSP.OP/DSP48E1_BODY_HP.EXP/NOT_LOW_LATENCY_NORM_DIST.STRUCT_ADD/LSBaddmode1.lut0o6 macro) is not included in the LUT equation: 'O5=(A3*A4)+(A3*(~A4)*(~A5))+((~A3)*A4*(~A5))'. If this cell is a user instantiated LUT in the design, please remove connectivity to the pin or change the equation and/or INIT string of the LUT to prevent this issue. If the cell is inferred or IP created LUT, please regenerate the IP and/or resynthesize the design to attempt to correct the issue.
Related violations: <none>

PDCN-1569#16 Warning
LUT equation term check  
Used physical LUT pin 'A1' of cell U_adder_top/U_flicker/render/render_lane_0u_U0/grp_evaluate_group_0u_s_fu_446/flicker_render_pixdS_U139/flicker_render_pipeline_ap_hadd_8_full_dsp_16_u/U0/i_synth/ADDSUB_OP.ADDSUB/SPEED_OP.DSP.OP/DSP48E1_BODY_HP.EXP/NOT_LOW_LATENCY_NORM_DIST.STRUCT_ADD/LSBaddmode1.lut0o6/LUT6 (in U_adder_top/U_flicker/render/render_lane_0u_U0/grp_evaluate_group_0u_s_fu_446/flicker_render_pixdS_U139/flicker_render_pipeline_ap_hadd_8_full_dsp_16_u/U0/i_synth/ADDSUB_OP.ADDSUB/SPEED_OP.DSP.OP/DSP48E1_BODY_HP.EXP/NOT_LOW_LATENCY_NORM_DIST.STRUCT_ADD/LSBaddmode1.lut0o6 macro) is not included in the LUT equation: 'O6=(A3*A4*A5*(~A6))+(A3*A4*(~A5))+(A3*(~A4)*A5*A6)+(A3*(~A4)*(~A5)*(~A6))+((~A3)*A4*A5*A6)+((~A3)*A4*(~A5)*(~A6))+((~A3)*(~A4)*(~A5)*A6)'. If this cell is a user instantiated LUT in the design, please remove connectivity to the pin or change the equation and/or INIT string of the LUT to prevent this issue. If the cell is inferred or IP created LUT, please regenerate the IP and/or resynthesize the design to attempt to correct the issue.
Related violations: <none>

PDCN-1569#17 Warning
LUT equation term check  
Used physical LUT pin 'A1' of cell U_adder_top/U_flicker/render/render_lane_0u_U0/grp_evaluate_group_0u_s_fu_446/flicker_render_pixdS_U140/flicker_render_pipeline_ap_hadd_8_full_dsp_16_u/U0/i_synth/ADDSUB_OP.ADDSUB/SPEED_OP.DSP.OP/DSP48E1_BODY_HP.EXP/NOT_LOW_LATENCY_NORM_DIST.STRUCT_ADD/LSBaddmode1.lut0o6/LUT5 (in U_adder_top/U_flicker/render/render_lane_0u_U0/grp_evaluate_group_0u_s_fu_446/flicker_render_pixdS_U140/flicker_render_pipeline_ap_hadd_8_full_dsp_16_u/U0/i_synth/ADDSUB_OP.ADDSUB/SPEED_OP.DSP.OP/DSP48E1_BODY_HP.EXP/NOT_LOW_LATENCY_NORM_DIST.STRUCT_ADD/LSBaddmode1.lut0o6 macro) is not included in the LUT equation: 'O5=(A3*A4)+(A3*(~A4)*(~A5))+((~A3)*A4*(~A5))'. If this cell is a user instantiated LUT in the design, please remove connectivity to the pin or change the equation and/or INIT string of the LUT to prevent this issue. If the cell is inferred or IP created LUT, please regenerate the IP and/or resynthesize the design to attempt to correct the issue.
Related violations: <none>

PDCN-1569#18 Warning
LUT equation term check  
Used physical LUT pin 'A1' of cell U_adder_top/U_flicker/render/render_lane_0u_U0/grp_evaluate_group_0u_s_fu_446/flicker_render_pixdS_U140/flicker_render_pipeline_ap_hadd_8_full_dsp_16_u/U0/i_synth/ADDSUB_OP.ADDSUB/SPEED_OP.DSP.OP/DSP48E1_BODY_HP.EXP/NOT_LOW_LATENCY_NORM_DIST.STRUCT_ADD/LSBaddmode1.lut0o6/LUT6 (in U_adder_top/U_flicker/render/render_lane_0u_U0/grp_evaluate_group_0u_s_fu_446/flicker_render_pixdS_U140/flicker_render_pipeline_ap_hadd_8_full_dsp_16_u/U0/i_synth/ADDSUB_OP.ADDSUB/SPEED_OP.DSP.OP/DSP48E1_BODY_HP.EXP/NOT_LOW_LATENCY_NORM_DIST.STRUCT_ADD/LSBaddmode1.lut0o6 macro) is not included in the LUT equation: 'O6=(A3*A4*A5*(~A6))+(A3*A4*(~A5))+(A3*(~A4)*A5*A6)+(A3*(~A4)*(~A5)*(~A6))+((~A3)*A4*A5*A6)+((~A3)*A4*(~A5)*(~A6))+((~A3)*(~A4)*(~A5)*A6)'. If this cell is a user instantiated LUT in the design, please remove connectivity to the pin or change the equation and/or INIT string of the LUT to prevent this issue. If the cell is inferred or IP created LUT, please regenerate the IP and/or resynthesize the design to attempt to correct the issue.
Related violations: <none>

PDCN-1569#19 Warning
LUT equation term check  
Used physical LUT pin 'A1' of cell U_adder_top/U_flicker/render/render_lane_0u_U0/grp_evaluate_group_0u_s_fu_446/flicker_render_pixdS_U141/flicker_render_pipeline_ap_hadd_8_full_dsp_16_u/U0/i_synth/ADDSUB_OP.ADDSUB/SPEED_OP.DSP.OP/DSP48E1_BODY_HP.EXP/NOT_LOW_LATENCY_NORM_DIST.STRUCT_ADD/LSBaddmode1.lut0o6/LUT5 (in U_adder_top/U_flicker/render/render_lane_0u_U0/grp_evaluate_group_0u_s_fu_446/flicker_render_pixdS_U141/flicker_render_pipeline_ap_hadd_8_full_dsp_16_u/U0/i_synth/ADDSUB_OP.ADDSUB/SPEED_OP.DSP.OP/DSP48E1_BODY_HP.EXP/NOT_LOW_LATENCY_NORM_DIST.STRUCT_ADD/LSBaddmode1.lut0o6 macro) is not included in the LUT equation: 'O5=(A3*A4)+(A3*(~A4)*(~A5))+((~A3)*A4*(~A5))'. If this cell is a user instantiated LUT in the design, please remove connectivity to the pin or change the equation and/or INIT string of the LUT to prevent this issue. If the cell is inferred or IP created LUT, please regenerate the IP and/or resynthesize the design to attempt to correct the issue.
Related violations: <none>

PDCN-1569#20 Warning
LUT equation term check  
Used physical LUT pin 'A1' of cell U_adder_top/U_flicker/render/render_lane_0u_U0/grp_evaluate_group_0u_s_fu_446/flicker_render_pixdS_U141/flicker_render_pipeline_ap_hadd_8_full_dsp_16_u/U0/i_synth/ADDSUB_OP.ADDSUB/SPEED_OP.DSP.OP/DSP48E1_BODY_HP.EXP/NOT_LOW_LATENCY_NORM_DIST.STRUCT_ADD/LSBaddmode1.lut0o6/LUT6 (in U_adder_top/U_flicker/render/render_lane_0u_U0/grp_evaluate_group_0u_s_fu_446/flicker_render_pixdS_U141/flicker_render_pipeline_ap_hadd_8_full_dsp_16_u/U0/i_synth/ADDSUB_OP.ADDSUB/SPEED_OP.DSP.OP/DSP48E1_BODY_HP.EXP/NOT_LOW_LATENCY_NORM_DIST.STRUCT_ADD/LSBaddmode1.lut0o6 macro) is not included in the LUT equation: 'O6=(A3*A4*A5*(~A6))+(A3*A4*(~A5))+(A3*(~A4)*A5*A6)+(A3*(~A4)*(~A5)*(~A6))+((~A3)*A4*A5*A6)+((~A3)*A4*(~A5)*(~A6))+((~A3)*(~A4)*(~A5)*A6)'. If this cell is a user instantiated LUT in the design, please remove connectivity to the pin or change the equation and/or INIT string of the LUT to prevent this issue. If the cell is inferred or IP created LUT, please regenerate the IP and/or resynthesize the design to attempt to correct the issue.
Related violations: <none>

PDCN-1569#21 Warning
LUT equation term check  
Used physical LUT pin 'A1' of cell U_adder_top/U_flicker/render/render_lane_0u_U0/grp_evaluate_group_0u_s_fu_446/flicker_render_piyd2_U142/flicker_render_pipeline_ap_hsub_8_full_dsp_16_u/U0/i_synth/ADDSUB_OP.ADDSUB/SPEED_OP.DSP.OP/DSP48E1_BODY_HP.EXP/NOT_LOW_LATENCY_NORM_DIST.STRUCT_ADD/LSBaddmode1.lut0o6/LUT5 (in U_adder_top/U_flicker/render/render_lane_0u_U0/grp_evaluate_group_0u_s_fu_446/flicker_render_piyd2_U142/flicker_render_pipeline_ap_hsub_8_full_dsp_16_u/U0/i_synth/ADDSUB_OP.ADDSUB/SPEED_OP.DSP.OP/DSP48E1_BODY_HP.EXP/NOT_LOW_LATENCY_NORM_DIST.STRUCT_ADD/LSBaddmode1.lut0o6 macro) is not included in the LUT equation: 'O5=(A3*A4)+(A3*(~A4)*(~A5))+((~A3)*A4*(~A5))'. If this cell is a user instantiated LUT in the design, please remove connectivity to the pin or change the equation and/or INIT string of the LUT to prevent this issue. If the cell is inferred or IP created LUT, please regenerate the IP and/or resynthesize the design to attempt to correct the issue.
Related violations: <none>

PDCN-1569#22 Warning
LUT equation term check  
Used physical LUT pin 'A1' of cell U_adder_top/U_flicker/render/render_lane_0u_U0/grp_evaluate_group_0u_s_fu_446/flicker_render_piyd2_U142/flicker_render_pipeline_ap_hsub_8_full_dsp_16_u/U0/i_synth/ADDSUB_OP.ADDSUB/SPEED_OP.DSP.OP/DSP48E1_BODY_HP.EXP/NOT_LOW_LATENCY_NORM_DIST.STRUCT_ADD/LSBaddmode1.lut0o6/LUT6 (in U_adder_top/U_flicker/render/render_lane_0u_U0/grp_evaluate_group_0u_s_fu_446/flicker_render_piyd2_U142/flicker_render_pipeline_ap_hsub_8_full_dsp_16_u/U0/i_synth/ADDSUB_OP.ADDSUB/SPEED_OP.DSP.OP/DSP48E1_BODY_HP.EXP/NOT_LOW_LATENCY_NORM_DIST.STRUCT_ADD/LSBaddmode1.lut0o6 macro) is not included in the LUT equation: 'O6=(A3*A4*A5*(~A6))+(A3*A4*(~A5))+(A3*(~A4)*A5*A6)+(A3*(~A4)*(~A5)*(~A6))+((~A3)*A4*A5*A6)+((~A3)*A4*(~A5)*(~A6))+((~A3)*(~A4)*(~A5)*A6)'. If this cell is a user instantiated LUT in the design, please remove connectivity to the pin or change the equation and/or INIT string of the LUT to prevent this issue. If the cell is inferred or IP created LUT, please regenerate the IP and/or resynthesize the design to attempt to correct the issue.
Related violations: <none>

PDCN-1569#23 Warning
LUT equation term check  
Used physical LUT pin 'A1' of cell U_adder_top/U_flicker/render/render_lane_0u_U0/grp_evaluate_group_0u_s_fu_446/flicker_render_piyd2_U143/flicker_render_pipeline_ap_hsub_8_full_dsp_16_u/U0/i_synth/ADDSUB_OP.ADDSUB/SPEED_OP.DSP.OP/DSP48E1_BODY_HP.EXP/NOT_LOW_LATENCY_NORM_DIST.STRUCT_ADD/LSBaddmode1.lut0o6/LUT5 (in U_adder_top/U_flicker/render/render_lane_0u_U0/grp_evaluate_group_0u_s_fu_446/flicker_render_piyd2_U143/flicker_render_pipeline_ap_hsub_8_full_dsp_16_u/U0/i_synth/ADDSUB_OP.ADDSUB/SPEED_OP.DSP.OP/DSP48E1_BODY_HP.EXP/NOT_LOW_LATENCY_NORM_DIST.STRUCT_ADD/LSBaddmode1.lut0o6 macro) is not included in the LUT equation: 'O5=(A3*A4)+(A3*(~A4)*(~A5))+((~A3)*A4*(~A5))'. If this cell is a user instantiated LUT in the design, please remove connectivity to the pin or change the equation and/or INIT string of the LUT to prevent this issue. If the cell is inferred or IP created LUT, please regenerate the IP and/or resynthesize the design to attempt to correct the issue.
Related violations: <none>

PDCN-1569#24 Warning
LUT equation term check  
Used physical LUT pin 'A1' of cell U_adder_top/U_flicker/render/render_lane_0u_U0/grp_evaluate_group_0u_s_fu_446/flicker_render_piyd2_U143/flicker_render_pipeline_ap_hsub_8_full_dsp_16_u/U0/i_synth/ADDSUB_OP.ADDSUB/SPEED_OP.DSP.OP/DSP48E1_BODY_HP.EXP/NOT_LOW_LATENCY_NORM_DIST.STRUCT_ADD/LSBaddmode1.lut0o6/LUT6 (in U_adder_top/U_flicker/render/render_lane_0u_U0/grp_evaluate_group_0u_s_fu_446/flicker_render_piyd2_U143/flicker_render_pipeline_ap_hsub_8_full_dsp_16_u/U0/i_synth/ADDSUB_OP.ADDSUB/SPEED_OP.DSP.OP/DSP48E1_BODY_HP.EXP/NOT_LOW_LATENCY_NORM_DIST.STRUCT_ADD/LSBaddmode1.lut0o6 macro) is not included in the LUT equation: 'O6=(A3*A4*A5*(~A6))+(A3*A4*(~A5))+(A3*(~A4)*A5*A6)+(A3*(~A4)*(~A5)*(~A6))+((~A3)*A4*A5*A6)+((~A3)*A4*(~A5)*(~A6))+((~A3)*(~A4)*(~A5)*A6)'. If this cell is a user instantiated LUT in the design, please remove connectivity to the pin or change the equation and/or INIT string of the LUT to prevent this issue. If the cell is inferred or IP created LUT, please regenerate the IP and/or resynthesize the design to attempt to correct the issue.
Related violations: <none>

PDCN-1569#25 Warning
LUT equation term check  
Used physical LUT pin 'A1' of cell U_adder_top/U_flicker/render/render_lane_0u_U0/grp_evaluate_group_0u_s_fu_446/flicker_render_piyd2_U144/flicker_render_pipeline_ap_hsub_8_full_dsp_16_u/U0/i_synth/ADDSUB_OP.ADDSUB/SPEED_OP.DSP.OP/DSP48E1_BODY_HP.EXP/NOT_LOW_LATENCY_NORM_DIST.STRUCT_ADD/LSBaddmode1.lut0o6/LUT5 (in U_adder_top/U_flicker/render/render_lane_0u_U0/grp_evaluate_group_0u_s_fu_446/flicker_render_piyd2_U144/flicker_render_pipeline_ap_hsub_8_full_dsp_16_u/U0/i_synth/ADDSUB_OP.ADDSUB/SPEED_OP.DSP.OP/DSP48E1_BODY_HP.EXP/NOT_LOW_LATENCY_NORM_DIST.STRUCT_ADD/LSBaddmode1.lut0o6 macro) is not included in the LUT equation: 'O5=(A3*A4)+(A3*(~A4)*(~A5))+((~A3)*A4*(~A5))'. If this cell is a user instantiated LUT in the design, please remove connectivity to the pin or change the equation and/or INIT string of the LUT to prevent this issue. If the cell is inferred or IP created LUT, please regenerate the IP and/or resynthesize the design to attempt to correct the issue.
Related violations: <none>

PDCN-1569#26 Warning
LUT equation term check  
Used physical LUT pin 'A1' of cell U_adder_top/U_flicker/render/render_lane_0u_U0/grp_evaluate_group_0u_s_fu_446/flicker_render_piyd2_U144/flicker_render_pipeline_ap_hsub_8_full_dsp_16_u/U0/i_synth/ADDSUB_OP.ADDSUB/SPEED_OP.DSP.OP/DSP48E1_BODY_HP.EXP/NOT_LOW_LATENCY_NORM_DIST.STRUCT_ADD/LSBaddmode1.lut0o6/LUT6 (in U_adder_top/U_flicker/render/render_lane_0u_U0/grp_evaluate_group_0u_s_fu_446/flicker_render_piyd2_U144/flicker_render_pipeline_ap_hsub_8_full_dsp_16_u/U0/i_synth/ADDSUB_OP.ADDSUB/SPEED_OP.DSP.OP/DSP48E1_BODY_HP.EXP/NOT_LOW_LATENCY_NORM_DIST.STRUCT_ADD/LSBaddmode1.lut0o6 macro) is not included in the LUT equation: 'O6=(A3*A4*A5*(~A6))+(A3*A4*(~A5))+(A3*(~A4)*A5*A6)+(A3*(~A4)*(~A5)*(~A6))+((~A3)*A4*A5*A6)+((~A3)*A4*(~A5)*(~A6))+((~A3)*(~A4)*(~A5)*A6)'. If this cell is a user instantiated LUT in the design, please remove connectivity to the pin or change the equation and/or INIT string of the LUT to prevent this issue. If the cell is inferred or IP created LUT, please regenerate the IP and/or resynthesize the design to attempt to correct the issue.
Related violations: <none>

PDCN-1569#27 Warning
LUT equation term check  
Used physical LUT pin 'A1' of cell U_adder_top/U_flicker/render/render_lane_0u_U0/grp_evaluate_group_0u_s_fu_446/flicker_render_piyd2_U145/flicker_render_pipeline_ap_hsub_8_full_dsp_16_u/U0/i_synth/ADDSUB_OP.ADDSUB/SPEED_OP.DSP.OP/DSP48E1_BODY_HP.EXP/NOT_LOW_LATENCY_NORM_DIST.STRUCT_ADD/LSBaddmode1.lut0o6/LUT5 (in U_adder_top/U_flicker/render/render_lane_0u_U0/grp_evaluate_group_0u_s_fu_446/flicker_render_piyd2_U145/flicker_render_pipeline_ap_hsub_8_full_dsp_16_u/U0/i_synth/ADDSUB_OP.ADDSUB/SPEED_OP.DSP.OP/DSP48E1_BODY_HP.EXP/NOT_LOW_LATENCY_NORM_DIST.STRUCT_ADD/LSBaddmode1.lut0o6 macro) is not included in the LUT equation: 'O5=(A3*A4)+(A3*(~A4)*(~A5))+((~A3)*A4*(~A5))'. If this cell is a user instantiated LUT in the design, please remove connectivity to the pin or change the equation and/or INIT string of the LUT to prevent this issue. If the cell is inferred or IP created LUT, please regenerate the IP and/or resynthesize the design to attempt to correct the issue.
Related violations: <none>

PDCN-1569#28 Warning
LUT equation term check  
Used physical LUT pin 'A1' of cell U_adder_top/U_flicker/render/render_lane_0u_U0/grp_evaluate_group_0u_s_fu_446/flicker_render_piyd2_U145/flicker_render_pipeline_ap_hsub_8_full_dsp_16_u/U0/i_synth/ADDSUB_OP.ADDSUB/SPEED_OP.DSP.OP/DSP48E1_BODY_HP.EXP/NOT_LOW_LATENCY_NORM_DIST.STRUCT_ADD/LSBaddmode1.lut0o6/LUT6 (in U_adder_top/U_flicker/render/render_lane_0u_U0/grp_evaluate_group_0u_s_fu_446/flicker_render_piyd2_U145/flicker_render_pipeline_ap_hsub_8_full_dsp_16_u/U0/i_synth/ADDSUB_OP.ADDSUB/SPEED_OP.DSP.OP/DSP48E1_BODY_HP.EXP/NOT_LOW_LATENCY_NORM_DIST.STRUCT_ADD/LSBaddmode1.lut0o6 macro) is not included in the LUT equation: 'O6=(A3*A4*A5*(~A6))+(A3*A4*(~A5))+(A3*(~A4)*A5*A6)+(A3*(~A4)*(~A5)*(~A6))+((~A3)*A4*A5*A6)+((~A3)*A4*(~A5)*(~A6))+((~A3)*(~A4)*(~A5)*A6)'. If this cell is a user instantiated LUT in the design, please remove connectivity to the pin or change the equation and/or INIT string of the LUT to prevent this issue. If the cell is inferred or IP created LUT, please regenerate the IP and/or resynthesize the design to attempt to correct the issue.
Related violations: <none>

PDCN-1569#29 Warning
LUT equation term check  
Used physical LUT pin 'A1' of cell U_adder_top/U_flicker/render/render_lane_1u_U0/flicker_render_pixdS_U221/flicker_render_pipeline_ap_hadd_8_full_dsp_16_u/U0/i_synth/ADDSUB_OP.ADDSUB/SPEED_OP.DSP.OP/DSP48E1_BODY_HP.EXP/NOT_LOW_LATENCY_NORM_DIST.STRUCT_ADD/LSBaddmode1.lut0o6/LUT5 (in U_adder_top/U_flicker/render/render_lane_1u_U0/flicker_render_pixdS_U221/flicker_render_pipeline_ap_hadd_8_full_dsp_16_u/U0/i_synth/ADDSUB_OP.ADDSUB/SPEED_OP.DSP.OP/DSP48E1_BODY_HP.EXP/NOT_LOW_LATENCY_NORM_DIST.STRUCT_ADD/LSBaddmode1.lut0o6 macro) is not included in the LUT equation: 'O5=(A3*A4)+(A3*(~A4)*(~A5))+((~A3)*A4*(~A5))'. If this cell is a user instantiated LUT in the design, please remove connectivity to the pin or change the equation and/or INIT string of the LUT to prevent this issue. If the cell is inferred or IP created LUT, please regenerate the IP and/or resynthesize the design to attempt to correct the issue.
Related violations: <none>

PDCN-1569#30 Warning
LUT equation term check  
Used physical LUT pin 'A1' of cell U_adder_top/U_flicker/render/render_lane_1u_U0/flicker_render_pixdS_U221/flicker_render_pipeline_ap_hadd_8_full_dsp_16_u/U0/i_synth/ADDSUB_OP.ADDSUB/SPEED_OP.DSP.OP/DSP48E1_BODY_HP.EXP/NOT_LOW_LATENCY_NORM_DIST.STRUCT_ADD/LSBaddmode1.lut0o6/LUT6 (in U_adder_top/U_flicker/render/render_lane_1u_U0/flicker_render_pixdS_U221/flicker_render_pipeline_ap_hadd_8_full_dsp_16_u/U0/i_synth/ADDSUB_OP.ADDSUB/SPEED_OP.DSP.OP/DSP48E1_BODY_HP.EXP/NOT_LOW_LATENCY_NORM_DIST.STRUCT_ADD/LSBaddmode1.lut0o6 macro) is not included in the LUT equation: 'O6=(A3*A4*A5*(~A6))+(A3*A4*(~A5))+(A3*(~A4)*A5*A6)+(A3*(~A4)*(~A5)*(~A6))+((~A3)*A4*A5*A6)+((~A3)*A4*(~A5)*(~A6))+((~A3)*(~A4)*(~A5)*A6)'. If this cell is a user instantiated LUT in the design, please remove connectivity to the pin or change the equation and/or INIT string of the LUT to prevent this issue. If the cell is inferred or IP created LUT, please regenerate the IP and/or resynthesize the design to attempt to correct the issue.
Related violations: <none>

PDCN-1569#31 Warning
LUT equation term check  
Used physical LUT pin 'A1' of cell U_adder_top/U_flicker/render/render_lane_1u_U0/flicker_render_pixdS_U222/flicker_render_pipeline_ap_hadd_8_full_dsp_16_u/U0/i_synth/ADDSUB_OP.ADDSUB/SPEED_OP.DSP.OP/DSP48E1_BODY_HP.EXP/NOT_LOW_LATENCY_NORM_DIST.STRUCT_ADD/LSBaddmode1.lut0o6/LUT5 (in U_adder_top/U_flicker/render/render_lane_1u_U0/flicker_render_pixdS_U222/flicker_render_pipeline_ap_hadd_8_full_dsp_16_u/U0/i_synth/ADDSUB_OP.ADDSUB/SPEED_OP.DSP.OP/DSP48E1_BODY_HP.EXP/NOT_LOW_LATENCY_NORM_DIST.STRUCT_ADD/LSBaddmode1.lut0o6 macro) is not included in the LUT equation: 'O5=(A3*A4)+(A3*(~A4)*(~A5))+((~A3)*A4*(~A5))'. If this cell is a user instantiated LUT in the design, please remove connectivity to the pin or change the equation and/or INIT string of the LUT to prevent this issue. If the cell is inferred or IP created LUT, please regenerate the IP and/or resynthesize the design to attempt to correct the issue.
Related violations: <none>

PDCN-1569#32 Warning
LUT equation term check  
Used physical LUT pin 'A1' of cell U_adder_top/U_flicker/render/render_lane_1u_U0/flicker_render_pixdS_U222/flicker_render_pipeline_ap_hadd_8_full_dsp_16_u/U0/i_synth/ADDSUB_OP.ADDSUB/SPEED_OP.DSP.OP/DSP48E1_BODY_HP.EXP/NOT_LOW_LATENCY_NORM_DIST.STRUCT_ADD/LSBaddmode1.lut0o6/LUT6 (in U_adder_top/U_flicker/render/render_lane_1u_U0/flicker_render_pixdS_U222/flicker_render_pipeline_ap_hadd_8_full_dsp_16_u/U0/i_synth/ADDSUB_OP.ADDSUB/SPEED_OP.DSP.OP/DSP48E1_BODY_HP.EXP/NOT_LOW_LATENCY_NORM_DIST.STRUCT_ADD/LSBaddmode1.lut0o6 macro) is not included in the LUT equation: 'O6=(A3*A4*A5*(~A6))+(A3*A4*(~A5))+(A3*(~A4)*A5*A6)+(A3*(~A4)*(~A5)*(~A6))+((~A3)*A4*A5*A6)+((~A3)*A4*(~A5)*(~A6))+((~A3)*(~A4)*(~A5)*A6)'. If this cell is a user instantiated LUT in the design, please remove connectivity to the pin or change the equation and/or INIT string of the LUT to prevent this issue. If the cell is inferred or IP created LUT, please regenerate the IP and/or resynthesize the design to attempt to correct the issue.
Related violations: <none>

PDCN-1569#33 Warning
LUT equation term check  
Used physical LUT pin 'A1' of cell U_adder_top/U_flicker/render/render_lane_1u_U0/flicker_render_pixdS_U223/flicker_render_pipeline_ap_hadd_8_full_dsp_16_u/U0/i_synth/ADDSUB_OP.ADDSUB/SPEED_OP.DSP.OP/DSP48E1_BODY_HP.EXP/NOT_LOW_LATENCY_NORM_DIST.STRUCT_ADD/LSBaddmode1.lut0o6/LUT5 (in U_adder_top/U_flicker/render/render_lane_1u_U0/flicker_render_pixdS_U223/flicker_render_pipeline_ap_hadd_8_full_dsp_16_u/U0/i_synth/ADDSUB_OP.ADDSUB/SPEED_OP.DSP.OP/DSP48E1_BODY_HP.EXP/NOT_LOW_LATENCY_NORM_DIST.STRUCT_ADD/LSBaddmode1.lut0o6 macro) is not included in the LUT equation: 'O5=(A3*A4)+(A3*(~A4)*(~A5))+((~A3)*A4*(~A5))'. If this cell is a user instantiated LUT in the design, please remove connectivity to the pin or change the equation and/or INIT string of the LUT to prevent this issue. If the cell is inferred or IP created LUT, please regenerate the IP and/or resynthesize the design to attempt to correct the issue.
Related violations: <none>

PDCN-1569#34 Warning
LUT equation term check  
Used physical LUT pin 'A1' of cell U_adder_top/U_flicker/render/render_lane_1u_U0/flicker_render_pixdS_U223/flicker_render_pipeline_ap_hadd_8_full_dsp_16_u/U0/i_synth/ADDSUB_OP.ADDSUB/SPEED_OP.DSP.OP/DSP48E1_BODY_HP.EXP/NOT_LOW_LATENCY_NORM_DIST.STRUCT_ADD/LSBaddmode1.lut0o6/LUT6 (in U_adder_top/U_flicker/render/render_lane_1u_U0/flicker_render_pixdS_U223/flicker_render_pipeline_ap_hadd_8_full_dsp_16_u/U0/i_synth/ADDSUB_OP.ADDSUB/SPEED_OP.DSP.OP/DSP48E1_BODY_HP.EXP/NOT_LOW_LATENCY_NORM_DIST.STRUCT_ADD/LSBaddmode1.lut0o6 macro) is not included in the LUT equation: 'O6=(A3*A4*A5*(~A6))+(A3*A4*(~A5))+(A3*(~A4)*A5*A6)+(A3*(~A4)*(~A5)*(~A6))+((~A3)*A4*A5*A6)+((~A3)*A4*(~A5)*(~A6))+((~A3)*(~A4)*(~A5)*A6)'. If this cell is a user instantiated LUT in the design, please remove connectivity to the pin or change the equation and/or INIT string of the LUT to prevent this issue. If the cell is inferred or IP created LUT, please regenerate the IP and/or resynthesize the design to attempt to correct the issue.
Related violations: <none>

PDCN-1569#35 Warning
LUT equation term check  
Used physical LUT pin 'A1' of cell U_adder_top/U_flicker/render/render_lane_1u_U0/grp_evaluate_group_1u_s_fu_448/flicker_render_pixdS_U188/flicker_render_pipeline_ap_hadd_8_full_dsp_16_u/U0/i_synth/ADDSUB_OP.ADDSUB/SPEED_OP.DSP.OP/DSP48E1_BODY_HP.EXP/NOT_LOW_LATENCY_NORM_DIST.STRUCT_ADD/LSBaddmode1.lut0o6/LUT5 (in U_adder_top/U_flicker/render/render_lane_1u_U0/grp_evaluate_group_1u_s_fu_448/flicker_render_pixdS_U188/flicker_render_pipeline_ap_hadd_8_full_dsp_16_u/U0/i_synth/ADDSUB_OP.ADDSUB/SPEED_OP.DSP.OP/DSP48E1_BODY_HP.EXP/NOT_LOW_LATENCY_NORM_DIST.STRUCT_ADD/LSBaddmode1.lut0o6 macro) is not included in the LUT equation: 'O5=(A3*A4)+(A3*(~A4)*(~A5))+((~A3)*A4*(~A5))'. If this cell is a user instantiated LUT in the design, please remove connectivity to the pin or change the equation and/or INIT string of the LUT to prevent this issue. If the cell is inferred or IP created LUT, please regenerate the IP and/or resynthesize the design to attempt to correct the issue.
Related violations: <none>

PDCN-1569#36 Warning
LUT equation term check  
Used physical LUT pin 'A1' of cell U_adder_top/U_flicker/render/render_lane_1u_U0/grp_evaluate_group_1u_s_fu_448/flicker_render_pixdS_U188/flicker_render_pipeline_ap_hadd_8_full_dsp_16_u/U0/i_synth/ADDSUB_OP.ADDSUB/SPEED_OP.DSP.OP/DSP48E1_BODY_HP.EXP/NOT_LOW_LATENCY_NORM_DIST.STRUCT_ADD/LSBaddmode1.lut0o6/LUT6 (in U_adder_top/U_flicker/render/render_lane_1u_U0/grp_evaluate_group_1u_s_fu_448/flicker_render_pixdS_U188/flicker_render_pipeline_ap_hadd_8_full_dsp_16_u/U0/i_synth/ADDSUB_OP.ADDSUB/SPEED_OP.DSP.OP/DSP48E1_BODY_HP.EXP/NOT_LOW_LATENCY_NORM_DIST.STRUCT_ADD/LSBaddmode1.lut0o6 macro) is not included in the LUT equation: 'O6=(A3*A4*A5*(~A6))+(A3*A4*(~A5))+(A3*(~A4)*A5*A6)+(A3*(~A4)*(~A5)*(~A6))+((~A3)*A4*A5*A6)+((~A3)*A4*(~A5)*(~A6))+((~A3)*(~A4)*(~A5)*A6)'. If this cell is a user instantiated LUT in the design, please remove connectivity to the pin or change the equation and/or INIT string of the LUT to prevent this issue. If the cell is inferred or IP created LUT, please regenerate the IP and/or resynthesize the design to attempt to correct the issue.
Related violations: <none>

PDCN-1569#37 Warning
LUT equation term check  
Used physical LUT pin 'A1' of cell U_adder_top/U_flicker/render/render_lane_1u_U0/grp_evaluate_group_1u_s_fu_448/flicker_render_pixdS_U189/flicker_render_pipeline_ap_hadd_8_full_dsp_16_u/U0/i_synth/ADDSUB_OP.ADDSUB/SPEED_OP.DSP.OP/DSP48E1_BODY_HP.EXP/NOT_LOW_LATENCY_NORM_DIST.STRUCT_ADD/LSBaddmode1.lut0o6/LUT5 (in U_adder_top/U_flicker/render/render_lane_1u_U0/grp_evaluate_group_1u_s_fu_448/flicker_render_pixdS_U189/flicker_render_pipeline_ap_hadd_8_full_dsp_16_u/U0/i_synth/ADDSUB_OP.ADDSUB/SPEED_OP.DSP.OP/DSP48E1_BODY_HP.EXP/NOT_LOW_LATENCY_NORM_DIST.STRUCT_ADD/LSBaddmode1.lut0o6 macro) is not included in the LUT equation: 'O5=(A3*A4)+(A3*(~A4)*(~A5))+((~A3)*A4*(~A5))'. If this cell is a user instantiated LUT in the design, please remove connectivity to the pin or change the equation and/or INIT string of the LUT to prevent this issue. If the cell is inferred or IP created LUT, please regenerate the IP and/or resynthesize the design to attempt to correct the issue.
Related violations: <none>

PDCN-1569#38 Warning
LUT equation term check  
Used physical LUT pin 'A1' of cell U_adder_top/U_flicker/render/render_lane_1u_U0/grp_evaluate_group_1u_s_fu_448/flicker_render_pixdS_U189/flicker_render_pipeline_ap_hadd_8_full_dsp_16_u/U0/i_synth/ADDSUB_OP.ADDSUB/SPEED_OP.DSP.OP/DSP48E1_BODY_HP.EXP/NOT_LOW_LATENCY_NORM_DIST.STRUCT_ADD/LSBaddmode1.lut0o6/LUT6 (in U_adder_top/U_flicker/render/render_lane_1u_U0/grp_evaluate_group_1u_s_fu_448/flicker_render_pixdS_U189/flicker_render_pipeline_ap_hadd_8_full_dsp_16_u/U0/i_synth/ADDSUB_OP.ADDSUB/SPEED_OP.DSP.OP/DSP48E1_BODY_HP.EXP/NOT_LOW_LATENCY_NORM_DIST.STRUCT_ADD/LSBaddmode1.lut0o6 macro) is not included in the LUT equation: 'O6=(A3*A4*A5*(~A6))+(A3*A4*(~A5))+(A3*(~A4)*A5*A6)+(A3*(~A4)*(~A5)*(~A6))+((~A3)*A4*A5*A6)+((~A3)*A4*(~A5)*(~A6))+((~A3)*(~A4)*(~A5)*A6)'. If this cell is a user instantiated LUT in the design, please remove connectivity to the pin or change the equation and/or INIT string of the LUT to prevent this issue. If the cell is inferred or IP created LUT, please regenerate the IP and/or resynthesize the design to attempt to correct the issue.
Related violations: <none>

PDCN-1569#39 Warning
LUT equation term check  
Used physical LUT pin 'A1' of cell U_adder_top/U_flicker/render/render_lane_1u_U0/grp_evaluate_group_1u_s_fu_448/flicker_render_pixdS_U190/flicker_render_pipeline_ap_hadd_8_full_dsp_16_u/U0/i_synth/ADDSUB_OP.ADDSUB/SPEED_OP.DSP.OP/DSP48E1_BODY_HP.EXP/NOT_LOW_LATENCY_NORM_DIST.STRUCT_ADD/LSBaddmode1.lut0o6/LUT5 (in U_adder_top/U_flicker/render/render_lane_1u_U0/grp_evaluate_group_1u_s_fu_448/flicker_render_pixdS_U190/flicker_render_pipeline_ap_hadd_8_full_dsp_16_u/U0/i_synth/ADDSUB_OP.ADDSUB/SPEED_OP.DSP.OP/DSP48E1_BODY_HP.EXP/NOT_LOW_LATENCY_NORM_DIST.STRUCT_ADD/LSBaddmode1.lut0o6 macro) is not included in the LUT equation: 'O5=(A3*A4)+(A3*(~A4)*(~A5))+((~A3)*A4*(~A5))'. If this cell is a user instantiated LUT in the design, please remove connectivity to the pin or change the equation and/or INIT string of the LUT to prevent this issue. If the cell is inferred or IP created LUT, please regenerate the IP and/or resynthesize the design to attempt to correct the issue.
Related violations: <none>

PDCN-1569#40 Warning
LUT equation term check  
Used physical LUT pin 'A1' of cell U_adder_top/U_flicker/render/render_lane_1u_U0/grp_evaluate_group_1u_s_fu_448/flicker_render_pixdS_U190/flicker_render_pipeline_ap_hadd_8_full_dsp_16_u/U0/i_synth/ADDSUB_OP.ADDSUB/SPEED_OP.DSP.OP/DSP48E1_BODY_HP.EXP/NOT_LOW_LATENCY_NORM_DIST.STRUCT_ADD/LSBaddmode1.lut0o6/LUT6 (in U_adder_top/U_flicker/render/render_lane_1u_U0/grp_evaluate_group_1u_s_fu_448/flicker_render_pixdS_U190/flicker_render_pipeline_ap_hadd_8_full_dsp_16_u/U0/i_synth/ADDSUB_OP.ADDSUB/SPEED_OP.DSP.OP/DSP48E1_BODY_HP.EXP/NOT_LOW_LATENCY_NORM_DIST.STRUCT_ADD/LSBaddmode1.lut0o6 macro) is not included in the LUT equation: 'O6=(A3*A4*A5*(~A6))+(A3*A4*(~A5))+(A3*(~A4)*A5*A6)+(A3*(~A4)*(~A5)*(~A6))+((~A3)*A4*A5*A6)+((~A3)*A4*(~A5)*(~A6))+((~A3)*(~A4)*(~A5)*A6)'. If this cell is a user instantiated LUT in the design, please remove connectivity to the pin or change the equation and/or INIT string of the LUT to prevent this issue. If the cell is inferred or IP created LUT, please regenerate the IP and/or resynthesize the design to attempt to correct the issue.
Related violations: <none>

PDCN-1569#41 Warning
LUT equation term check  
Used physical LUT pin 'A1' of cell U_adder_top/U_flicker/render/render_lane_1u_U0/grp_evaluate_group_1u_s_fu_448/flicker_render_pixdS_U191/flicker_render_pipeline_ap_hadd_8_full_dsp_16_u/U0/i_synth/ADDSUB_OP.ADDSUB/SPEED_OP.DSP.OP/DSP48E1_BODY_HP.EXP/NOT_LOW_LATENCY_NORM_DIST.STRUCT_ADD/LSBaddmode1.lut0o6/LUT5 (in U_adder_top/U_flicker/render/render_lane_1u_U0/grp_evaluate_group_1u_s_fu_448/flicker_render_pixdS_U191/flicker_render_pipeline_ap_hadd_8_full_dsp_16_u/U0/i_synth/ADDSUB_OP.ADDSUB/SPEED_OP.DSP.OP/DSP48E1_BODY_HP.EXP/NOT_LOW_LATENCY_NORM_DIST.STRUCT_ADD/LSBaddmode1.lut0o6 macro) is not included in the LUT equation: 'O5=(A3*A4)+(A3*(~A4)*(~A5))+((~A3)*A4*(~A5))'. If this cell is a user instantiated LUT in the design, please remove connectivity to the pin or change the equation and/or INIT string of the LUT to prevent this issue. If the cell is inferred or IP created LUT, please regenerate the IP and/or resynthesize the design to attempt to correct the issue.
Related violations: <none>

PDCN-1569#42 Warning
LUT equation term check  
Used physical LUT pin 'A1' of cell U_adder_top/U_flicker/render/render_lane_1u_U0/grp_evaluate_group_1u_s_fu_448/flicker_render_pixdS_U191/flicker_render_pipeline_ap_hadd_8_full_dsp_16_u/U0/i_synth/ADDSUB_OP.ADDSUB/SPEED_OP.DSP.OP/DSP48E1_BODY_HP.EXP/NOT_LOW_LATENCY_NORM_DIST.STRUCT_ADD/LSBaddmode1.lut0o6/LUT6 (in U_adder_top/U_flicker/render/render_lane_1u_U0/grp_evaluate_group_1u_s_fu_448/flicker_render_pixdS_U191/flicker_render_pipeline_ap_hadd_8_full_dsp_16_u/U0/i_synth/ADDSUB_OP.ADDSUB/SPEED_OP.DSP.OP/DSP48E1_BODY_HP.EXP/NOT_LOW_LATENCY_NORM_DIST.STRUCT_ADD/LSBaddmode1.lut0o6 macro) is not included in the LUT equation: 'O6=(A3*A4*A5*(~A6))+(A3*A4*(~A5))+(A3*(~A4)*A5*A6)+(A3*(~A4)*(~A5)*(~A6))+((~A3)*A4*A5*A6)+((~A3)*A4*(~A5)*(~A6))+((~A3)*(~A4)*(~A5)*A6)'. If this cell is a user instantiated LUT in the design, please remove connectivity to the pin or change the equation and/or INIT string of the LUT to prevent this issue. If the cell is inferred or IP created LUT, please regenerate the IP and/or resynthesize the design to attempt to correct the issue.
Related violations: <none>

PDCN-1569#43 Warning
LUT equation term check  
Used physical LUT pin 'A1' of cell U_adder_top/U_flicker/render/render_lane_1u_U0/grp_evaluate_group_1u_s_fu_448/flicker_render_piyd2_U192/flicker_render_pipeline_ap_hsub_8_full_dsp_16_u/U0/i_synth/ADDSUB_OP.ADDSUB/SPEED_OP.DSP.OP/DSP48E1_BODY_HP.EXP/NOT_LOW_LATENCY_NORM_DIST.STRUCT_ADD/LSBaddmode1.lut0o6/LUT5 (in U_adder_top/U_flicker/render/render_lane_1u_U0/grp_evaluate_group_1u_s_fu_448/flicker_render_piyd2_U192/flicker_render_pipeline_ap_hsub_8_full_dsp_16_u/U0/i_synth/ADDSUB_OP.ADDSUB/SPEED_OP.DSP.OP/DSP48E1_BODY_HP.EXP/NOT_LOW_LATENCY_NORM_DIST.STRUCT_ADD/LSBaddmode1.lut0o6 macro) is not included in the LUT equation: 'O5=(A3*A4)+(A3*(~A4)*(~A5))+((~A3)*A4*(~A5))'. If this cell is a user instantiated LUT in the design, please remove connectivity to the pin or change the equation and/or INIT string of the LUT to prevent this issue. If the cell is inferred or IP created LUT, please regenerate the IP and/or resynthesize the design to attempt to correct the issue.
Related violations: <none>

PDCN-1569#44 Warning
LUT equation term check  
Used physical LUT pin 'A1' of cell U_adder_top/U_flicker/render/render_lane_1u_U0/grp_evaluate_group_1u_s_fu_448/flicker_render_piyd2_U192/flicker_render_pipeline_ap_hsub_8_full_dsp_16_u/U0/i_synth/ADDSUB_OP.ADDSUB/SPEED_OP.DSP.OP/DSP48E1_BODY_HP.EXP/NOT_LOW_LATENCY_NORM_DIST.STRUCT_ADD/LSBaddmode1.lut0o6/LUT6 (in U_adder_top/U_flicker/render/render_lane_1u_U0/grp_evaluate_group_1u_s_fu_448/flicker_render_piyd2_U192/flicker_render_pipeline_ap_hsub_8_full_dsp_16_u/U0/i_synth/ADDSUB_OP.ADDSUB/SPEED_OP.DSP.OP/DSP48E1_BODY_HP.EXP/NOT_LOW_LATENCY_NORM_DIST.STRUCT_ADD/LSBaddmode1.lut0o6 macro) is not included in the LUT equation: 'O6=(A3*A4*A5*(~A6))+(A3*A4*(~A5))+(A3*(~A4)*A5*A6)+(A3*(~A4)*(~A5)*(~A6))+((~A3)*A4*A5*A6)+((~A3)*A4*(~A5)*(~A6))+((~A3)*(~A4)*(~A5)*A6)'. If this cell is a user instantiated LUT in the design, please remove connectivity to the pin or change the equation and/or INIT string of the LUT to prevent this issue. If the cell is inferred or IP created LUT, please regenerate the IP and/or resynthesize the design to attempt to correct the issue.
Related violations: <none>

PDCN-1569#45 Warning
LUT equation term check  
Used physical LUT pin 'A1' of cell U_adder_top/U_flicker/render/render_lane_1u_U0/grp_evaluate_group_1u_s_fu_448/flicker_render_piyd2_U193/flicker_render_pipeline_ap_hsub_8_full_dsp_16_u/U0/i_synth/ADDSUB_OP.ADDSUB/SPEED_OP.DSP.OP/DSP48E1_BODY_HP.EXP/NOT_LOW_LATENCY_NORM_DIST.STRUCT_ADD/LSBaddmode1.lut0o6/LUT5 (in U_adder_top/U_flicker/render/render_lane_1u_U0/grp_evaluate_group_1u_s_fu_448/flicker_render_piyd2_U193/flicker_render_pipeline_ap_hsub_8_full_dsp_16_u/U0/i_synth/ADDSUB_OP.ADDSUB/SPEED_OP.DSP.OP/DSP48E1_BODY_HP.EXP/NOT_LOW_LATENCY_NORM_DIST.STRUCT_ADD/LSBaddmode1.lut0o6 macro) is not included in the LUT equation: 'O5=(A3*A4)+(A3*(~A4)*(~A5))+((~A3)*A4*(~A5))'. If this cell is a user instantiated LUT in the design, please remove connectivity to the pin or change the equation and/or INIT string of the LUT to prevent this issue. If the cell is inferred or IP created LUT, please regenerate the IP and/or resynthesize the design to attempt to correct the issue.
Related violations: <none>

PDCN-1569#46 Warning
LUT equation term check  
Used physical LUT pin 'A1' of cell U_adder_top/U_flicker/render/render_lane_1u_U0/grp_evaluate_group_1u_s_fu_448/flicker_render_piyd2_U193/flicker_render_pipeline_ap_hsub_8_full_dsp_16_u/U0/i_synth/ADDSUB_OP.ADDSUB/SPEED_OP.DSP.OP/DSP48E1_BODY_HP.EXP/NOT_LOW_LATENCY_NORM_DIST.STRUCT_ADD/LSBaddmode1.lut0o6/LUT6 (in U_adder_top/U_flicker/render/render_lane_1u_U0/grp_evaluate_group_1u_s_fu_448/flicker_render_piyd2_U193/flicker_render_pipeline_ap_hsub_8_full_dsp_16_u/U0/i_synth/ADDSUB_OP.ADDSUB/SPEED_OP.DSP.OP/DSP48E1_BODY_HP.EXP/NOT_LOW_LATENCY_NORM_DIST.STRUCT_ADD/LSBaddmode1.lut0o6 macro) is not included in the LUT equation: 'O6=(A3*A4*A5*(~A6))+(A3*A4*(~A5))+(A3*(~A4)*A5*A6)+(A3*(~A4)*(~A5)*(~A6))+((~A3)*A4*A5*A6)+((~A3)*A4*(~A5)*(~A6))+((~A3)*(~A4)*(~A5)*A6)'. If this cell is a user instantiated LUT in the design, please remove connectivity to the pin or change the equation and/or INIT string of the LUT to prevent this issue. If the cell is inferred or IP created LUT, please regenerate the IP and/or resynthesize the design to attempt to correct the issue.
Related violations: <none>

PDCN-1569#47 Warning
LUT equation term check  
Used physical LUT pin 'A1' of cell U_adder_top/U_flicker/render/render_lane_1u_U0/grp_evaluate_group_1u_s_fu_448/flicker_render_piyd2_U194/flicker_render_pipeline_ap_hsub_8_full_dsp_16_u/U0/i_synth/ADDSUB_OP.ADDSUB/SPEED_OP.DSP.OP/DSP48E1_BODY_HP.EXP/NOT_LOW_LATENCY_NORM_DIST.STRUCT_ADD/LSBaddmode1.lut0o6/LUT5 (in U_adder_top/U_flicker/render/render_lane_1u_U0/grp_evaluate_group_1u_s_fu_448/flicker_render_piyd2_U194/flicker_render_pipeline_ap_hsub_8_full_dsp_16_u/U0/i_synth/ADDSUB_OP.ADDSUB/SPEED_OP.DSP.OP/DSP48E1_BODY_HP.EXP/NOT_LOW_LATENCY_NORM_DIST.STRUCT_ADD/LSBaddmode1.lut0o6 macro) is not included in the LUT equation: 'O5=(A3*A4)+(A3*(~A4)*(~A5))+((~A3)*A4*(~A5))'. If this cell is a user instantiated LUT in the design, please remove connectivity to the pin or change the equation and/or INIT string of the LUT to prevent this issue. If the cell is inferred or IP created LUT, please regenerate the IP and/or resynthesize the design to attempt to correct the issue.
Related violations: <none>

PDCN-1569#48 Warning
LUT equation term check  
Used physical LUT pin 'A1' of cell U_adder_top/U_flicker/render/render_lane_1u_U0/grp_evaluate_group_1u_s_fu_448/flicker_render_piyd2_U194/flicker_render_pipeline_ap_hsub_8_full_dsp_16_u/U0/i_synth/ADDSUB_OP.ADDSUB/SPEED_OP.DSP.OP/DSP48E1_BODY_HP.EXP/NOT_LOW_LATENCY_NORM_DIST.STRUCT_ADD/LSBaddmode1.lut0o6/LUT6 (in U_adder_top/U_flicker/render/render_lane_1u_U0/grp_evaluate_group_1u_s_fu_448/flicker_render_piyd2_U194/flicker_render_pipeline_ap_hsub_8_full_dsp_16_u/U0/i_synth/ADDSUB_OP.ADDSUB/SPEED_OP.DSP.OP/DSP48E1_BODY_HP.EXP/NOT_LOW_LATENCY_NORM_DIST.STRUCT_ADD/LSBaddmode1.lut0o6 macro) is not included in the LUT equation: 'O6=(A3*A4*A5*(~A6))+(A3*A4*(~A5))+(A3*(~A4)*A5*A6)+(A3*(~A4)*(~A5)*(~A6))+((~A3)*A4*A5*A6)+((~A3)*A4*(~A5)*(~A6))+((~A3)*(~A4)*(~A5)*A6)'. If this cell is a user instantiated LUT in the design, please remove connectivity to the pin or change the equation and/or INIT string of the LUT to prevent this issue. If the cell is inferred or IP created LUT, please regenerate the IP and/or resynthesize the design to attempt to correct the issue.
Related violations: <none>

PDCN-1569#49 Warning
LUT equation term check  
Used physical LUT pin 'A1' of cell U_adder_top/U_flicker/render/render_lane_1u_U0/grp_evaluate_group_1u_s_fu_448/flicker_render_piyd2_U195/flicker_render_pipeline_ap_hsub_8_full_dsp_16_u/U0/i_synth/ADDSUB_OP.ADDSUB/SPEED_OP.DSP.OP/DSP48E1_BODY_HP.EXP/NOT_LOW_LATENCY_NORM_DIST.STRUCT_ADD/LSBaddmode1.lut0o6/LUT5 (in U_adder_top/U_flicker/render/render_lane_1u_U0/grp_evaluate_group_1u_s_fu_448/flicker_render_piyd2_U195/flicker_render_pipeline_ap_hsub_8_full_dsp_16_u/U0/i_synth/ADDSUB_OP.ADDSUB/SPEED_OP.DSP.OP/DSP48E1_BODY_HP.EXP/NOT_LOW_LATENCY_NORM_DIST.STRUCT_ADD/LSBaddmode1.lut0o6 macro) is not included in the LUT equation: 'O5=(A3*A4)+(A3*(~A4)*(~A5))+((~A3)*A4*(~A5))'. If this cell is a user instantiated LUT in the design, please remove connectivity to the pin or change the equation and/or INIT string of the LUT to prevent this issue. If the cell is inferred or IP created LUT, please regenerate the IP and/or resynthesize the design to attempt to correct the issue.
Related violations: <none>

PDCN-1569#50 Warning
LUT equation term check  
Used physical LUT pin 'A1' of cell U_adder_top/U_flicker/render/render_lane_1u_U0/grp_evaluate_group_1u_s_fu_448/flicker_render_piyd2_U195/flicker_render_pipeline_ap_hsub_8_full_dsp_16_u/U0/i_synth/ADDSUB_OP.ADDSUB/SPEED_OP.DSP.OP/DSP48E1_BODY_HP.EXP/NOT_LOW_LATENCY_NORM_DIST.STRUCT_ADD/LSBaddmode1.lut0o6/LUT6 (in U_adder_top/U_flicker/render/render_lane_1u_U0/grp_evaluate_group_1u_s_fu_448/flicker_render_piyd2_U195/flicker_render_pipeline_ap_hsub_8_full_dsp_16_u/U0/i_synth/ADDSUB_OP.ADDSUB/SPEED_OP.DSP.OP/DSP48E1_BODY_HP.EXP/NOT_LOW_LATENCY_NORM_DIST.STRUCT_ADD/LSBaddmode1.lut0o6 macro) is not included in the LUT equation: 'O6=(A3*A4*A5*(~A6))+(A3*A4*(~A5))+(A3*(~A4)*A5*A6)+(A3*(~A4)*(~A5)*(~A6))+((~A3)*A4*A5*A6)+((~A3)*A4*(~A5)*(~A6))+((~A3)*(~A4)*(~A5)*A6)'. If this cell is a user instantiated LUT in the design, please remove connectivity to the pin or change the equation and/or INIT string of the LUT to prevent this issue. If the cell is inferred or IP created LUT, please regenerate the IP and/or resynthesize the design to attempt to correct the issue.
Related violations: <none>

PDCN-1569#51 Warning
LUT equation term check  
Used physical LUT pin 'A1' of cell U_adder_top/U_flicker/render/render_lane_2u_U0/flicker_render_pixdS_U266/flicker_render_pipeline_ap_hadd_8_full_dsp_16_u/U0/i_synth/ADDSUB_OP.ADDSUB/SPEED_OP.DSP.OP/DSP48E1_BODY_HP.EXP/NOT_LOW_LATENCY_NORM_DIST.STRUCT_ADD/LSBaddmode1.lut0o6/LUT5 (in U_adder_top/U_flicker/render/render_lane_2u_U0/flicker_render_pixdS_U266/flicker_render_pipeline_ap_hadd_8_full_dsp_16_u/U0/i_synth/ADDSUB_OP.ADDSUB/SPEED_OP.DSP.OP/DSP48E1_BODY_HP.EXP/NOT_LOW_LATENCY_NORM_DIST.STRUCT_ADD/LSBaddmode1.lut0o6 macro) is not included in the LUT equation: 'O5=(A3*A4)+(A3*(~A4)*(~A5))+((~A3)*A4*(~A5))'. If this cell is a user instantiated LUT in the design, please remove connectivity to the pin or change the equation and/or INIT string of the LUT to prevent this issue. If the cell is inferred or IP created LUT, please regenerate the IP and/or resynthesize the design to attempt to correct the issue.
Related violations: <none>

PDCN-1569#52 Warning
LUT equation term check  
Used physical LUT pin 'A1' of cell U_adder_top/U_flicker/render/render_lane_2u_U0/flicker_render_pixdS_U266/flicker_render_pipeline_ap_hadd_8_full_dsp_16_u/U0/i_synth/ADDSUB_OP.ADDSUB/SPEED_OP.DSP.OP/DSP48E1_BODY_HP.EXP/NOT_LOW_LATENCY_NORM_DIST.STRUCT_ADD/LSBaddmode1.lut0o6/LUT6 (in U_adder_top/U_flicker/render/render_lane_2u_U0/flicker_render_pixdS_U266/flicker_render_pipeline_ap_hadd_8_full_dsp_16_u/U0/i_synth/ADDSUB_OP.ADDSUB/SPEED_OP.DSP.OP/DSP48E1_BODY_HP.EXP/NOT_LOW_LATENCY_NORM_DIST.STRUCT_ADD/LSBaddmode1.lut0o6 macro) is not included in the LUT equation: 'O6=(A3*A4*A5*(~A6))+(A3*A4*(~A5))+(A3*(~A4)*A5*A6)+(A3*(~A4)*(~A5)*(~A6))+((~A3)*A4*A5*A6)+((~A3)*A4*(~A5)*(~A6))+((~A3)*(~A4)*(~A5)*A6)'. If this cell is a user instantiated LUT in the design, please remove connectivity to the pin or change the equation and/or INIT string of the LUT to prevent this issue. If the cell is inferred or IP created LUT, please regenerate the IP and/or resynthesize the design to attempt to correct the issue.
Related violations: <none>

PDCN-1569#53 Warning
LUT equation term check  
Used physical LUT pin 'A1' of cell U_adder_top/U_flicker/render/render_lane_2u_U0/flicker_render_pixdS_U267/flicker_render_pipeline_ap_hadd_8_full_dsp_16_u/U0/i_synth/ADDSUB_OP.ADDSUB/SPEED_OP.DSP.OP/DSP48E1_BODY_HP.EXP/NOT_LOW_LATENCY_NORM_DIST.STRUCT_ADD/LSBaddmode1.lut0o6/LUT5 (in U_adder_top/U_flicker/render/render_lane_2u_U0/flicker_render_pixdS_U267/flicker_render_pipeline_ap_hadd_8_full_dsp_16_u/U0/i_synth/ADDSUB_OP.ADDSUB/SPEED_OP.DSP.OP/DSP48E1_BODY_HP.EXP/NOT_LOW_LATENCY_NORM_DIST.STRUCT_ADD/LSBaddmode1.lut0o6 macro) is not included in the LUT equation: 'O5=(A3*A4)+(A3*(~A4)*(~A5))+((~A3)*A4*(~A5))'. If this cell is a user instantiated LUT in the design, please remove connectivity to the pin or change the equation and/or INIT string of the LUT to prevent this issue. If the cell is inferred or IP created LUT, please regenerate the IP and/or resynthesize the design to attempt to correct the issue.
Related violations: <none>

PDCN-1569#54 Warning
LUT equation term check  
Used physical LUT pin 'A1' of cell U_adder_top/U_flicker/render/render_lane_2u_U0/flicker_render_pixdS_U267/flicker_render_pipeline_ap_hadd_8_full_dsp_16_u/U0/i_synth/ADDSUB_OP.ADDSUB/SPEED_OP.DSP.OP/DSP48E1_BODY_HP.EXP/NOT_LOW_LATENCY_NORM_DIST.STRUCT_ADD/LSBaddmode1.lut0o6/LUT6 (in U_adder_top/U_flicker/render/render_lane_2u_U0/flicker_render_pixdS_U267/flicker_render_pipeline_ap_hadd_8_full_dsp_16_u/U0/i_synth/ADDSUB_OP.ADDSUB/SPEED_OP.DSP.OP/DSP48E1_BODY_HP.EXP/NOT_LOW_LATENCY_NORM_DIST.STRUCT_ADD/LSBaddmode1.lut0o6 macro) is not included in the LUT equation: 'O6=(A3*A4*A5*(~A6))+(A3*A4*(~A5))+(A3*(~A4)*A5*A6)+(A3*(~A4)*(~A5)*(~A6))+((~A3)*A4*A5*A6)+((~A3)*A4*(~A5)*(~A6))+((~A3)*(~A4)*(~A5)*A6)'. If this cell is a user instantiated LUT in the design, please remove connectivity to the pin or change the equation and/or INIT string of the LUT to prevent this issue. If the cell is inferred or IP created LUT, please regenerate the IP and/or resynthesize the design to attempt to correct the issue.
Related violations: <none>

PDCN-1569#55 Warning
LUT equation term check  
Used physical LUT pin 'A1' of cell U_adder_top/U_flicker/render/render_lane_2u_U0/flicker_render_pixdS_U268/flicker_render_pipeline_ap_hadd_8_full_dsp_16_u/U0/i_synth/ADDSUB_OP.ADDSUB/SPEED_OP.DSP.OP/DSP48E1_BODY_HP.EXP/NOT_LOW_LATENCY_NORM_DIST.STRUCT_ADD/LSBaddmode1.lut0o6/LUT5 (in U_adder_top/U_flicker/render/render_lane_2u_U0/flicker_render_pixdS_U268/flicker_render_pipeline_ap_hadd_8_full_dsp_16_u/U0/i_synth/ADDSUB_OP.ADDSUB/SPEED_OP.DSP.OP/DSP48E1_BODY_HP.EXP/NOT_LOW_LATENCY_NORM_DIST.STRUCT_ADD/LSBaddmode1.lut0o6 macro) is not included in the LUT equation: 'O5=(A3*A4)+(A3*(~A4)*(~A5))+((~A3)*A4*(~A5))'. If this cell is a user instantiated LUT in the design, please remove connectivity to the pin or change the equation and/or INIT string of the LUT to prevent this issue. If the cell is inferred or IP created LUT, please regenerate the IP and/or resynthesize the design to attempt to correct the issue.
Related violations: <none>

PDCN-1569#56 Warning
LUT equation term check  
Used physical LUT pin 'A1' of cell U_adder_top/U_flicker/render/render_lane_2u_U0/flicker_render_pixdS_U268/flicker_render_pipeline_ap_hadd_8_full_dsp_16_u/U0/i_synth/ADDSUB_OP.ADDSUB/SPEED_OP.DSP.OP/DSP48E1_BODY_HP.EXP/NOT_LOW_LATENCY_NORM_DIST.STRUCT_ADD/LSBaddmode1.lut0o6/LUT6 (in U_adder_top/U_flicker/render/render_lane_2u_U0/flicker_render_pixdS_U268/flicker_render_pipeline_ap_hadd_8_full_dsp_16_u/U0/i_synth/ADDSUB_OP.ADDSUB/SPEED_OP.DSP.OP/DSP48E1_BODY_HP.EXP/NOT_LOW_LATENCY_NORM_DIST.STRUCT_ADD/LSBaddmode1.lut0o6 macro) is not included in the LUT equation: 'O6=(A3*A4*A5*(~A6))+(A3*A4*(~A5))+(A3*(~A4)*A5*A6)+(A3*(~A4)*(~A5)*(~A6))+((~A3)*A4*A5*A6)+((~A3)*A4*(~A5)*(~A6))+((~A3)*(~A4)*(~A5)*A6)'. If this cell is a user instantiated LUT in the design, please remove connectivity to the pin or change the equation and/or INIT string of the LUT to prevent this issue. If the cell is inferred or IP created LUT, please regenerate the IP and/or resynthesize the design to attempt to correct the issue.
Related violations: <none>

PDCN-1569#57 Warning
LUT equation term check  
Used physical LUT pin 'A1' of cell U_adder_top/U_flicker/render/render_lane_2u_U0/grp_evaluate_group_2u_s_fu_454/flicker_render_pixdS_U233/flicker_render_pipeline_ap_hadd_8_full_dsp_16_u/U0/i_synth/ADDSUB_OP.ADDSUB/SPEED_OP.DSP.OP/DSP48E1_BODY_HP.EXP/NOT_LOW_LATENCY_NORM_DIST.STRUCT_ADD/LSBaddmode1.lut0o6/LUT5 (in U_adder_top/U_flicker/render/render_lane_2u_U0/grp_evaluate_group_2u_s_fu_454/flicker_render_pixdS_U233/flicker_render_pipeline_ap_hadd_8_full_dsp_16_u/U0/i_synth/ADDSUB_OP.ADDSUB/SPEED_OP.DSP.OP/DSP48E1_BODY_HP.EXP/NOT_LOW_LATENCY_NORM_DIST.STRUCT_ADD/LSBaddmode1.lut0o6 macro) is not included in the LUT equation: 'O5=(A3*A4)+(A3*(~A4)*(~A5))+((~A3)*A4*(~A5))'. If this cell is a user instantiated LUT in the design, please remove connectivity to the pin or change the equation and/or INIT string of the LUT to prevent this issue. If the cell is inferred or IP created LUT, please regenerate the IP and/or resynthesize the design to attempt to correct the issue.
Related violations: <none>

PDCN-1569#58 Warning
LUT equation term check  
Used physical LUT pin 'A1' of cell U_adder_top/U_flicker/render/render_lane_2u_U0/grp_evaluate_group_2u_s_fu_454/flicker_render_pixdS_U233/flicker_render_pipeline_ap_hadd_8_full_dsp_16_u/U0/i_synth/ADDSUB_OP.ADDSUB/SPEED_OP.DSP.OP/DSP48E1_BODY_HP.EXP/NOT_LOW_LATENCY_NORM_DIST.STRUCT_ADD/LSBaddmode1.lut0o6/LUT6 (in U_adder_top/U_flicker/render/render_lane_2u_U0/grp_evaluate_group_2u_s_fu_454/flicker_render_pixdS_U233/flicker_render_pipeline_ap_hadd_8_full_dsp_16_u/U0/i_synth/ADDSUB_OP.ADDSUB/SPEED_OP.DSP.OP/DSP48E1_BODY_HP.EXP/NOT_LOW_LATENCY_NORM_DIST.STRUCT_ADD/LSBaddmode1.lut0o6 macro) is not included in the LUT equation: 'O6=(A3*A4*A5*(~A6))+(A3*A4*(~A5))+(A3*(~A4)*A5*A6)+(A3*(~A4)*(~A5)*(~A6))+((~A3)*A4*A5*A6)+((~A3)*A4*(~A5)*(~A6))+((~A3)*(~A4)*(~A5)*A6)'. If this cell is a user instantiated LUT in the design, please remove connectivity to the pin or change the equation and/or INIT string of the LUT to prevent this issue. If the cell is inferred or IP created LUT, please regenerate the IP and/or resynthesize the design to attempt to correct the issue.
Related violations: <none>

PDCN-1569#59 Warning
LUT equation term check  
Used physical LUT pin 'A1' of cell U_adder_top/U_flicker/render/render_lane_2u_U0/grp_evaluate_group_2u_s_fu_454/flicker_render_pixdS_U234/flicker_render_pipeline_ap_hadd_8_full_dsp_16_u/U0/i_synth/ADDSUB_OP.ADDSUB/SPEED_OP.DSP.OP/DSP48E1_BODY_HP.EXP/NOT_LOW_LATENCY_NORM_DIST.STRUCT_ADD/LSBaddmode1.lut0o6/LUT5 (in U_adder_top/U_flicker/render/render_lane_2u_U0/grp_evaluate_group_2u_s_fu_454/flicker_render_pixdS_U234/flicker_render_pipeline_ap_hadd_8_full_dsp_16_u/U0/i_synth/ADDSUB_OP.ADDSUB/SPEED_OP.DSP.OP/DSP48E1_BODY_HP.EXP/NOT_LOW_LATENCY_NORM_DIST.STRUCT_ADD/LSBaddmode1.lut0o6 macro) is not included in the LUT equation: 'O5=(A3*A4)+(A3*(~A4)*(~A5))+((~A3)*A4*(~A5))'. If this cell is a user instantiated LUT in the design, please remove connectivity to the pin or change the equation and/or INIT string of the LUT to prevent this issue. If the cell is inferred or IP created LUT, please regenerate the IP and/or resynthesize the design to attempt to correct the issue.
Related violations: <none>

PDCN-1569#60 Warning
LUT equation term check  
Used physical LUT pin 'A1' of cell U_adder_top/U_flicker/render/render_lane_2u_U0/grp_evaluate_group_2u_s_fu_454/flicker_render_pixdS_U234/flicker_render_pipeline_ap_hadd_8_full_dsp_16_u/U0/i_synth/ADDSUB_OP.ADDSUB/SPEED_OP.DSP.OP/DSP48E1_BODY_HP.EXP/NOT_LOW_LATENCY_NORM_DIST.STRUCT_ADD/LSBaddmode1.lut0o6/LUT6 (in U_adder_top/U_flicker/render/render_lane_2u_U0/grp_evaluate_group_2u_s_fu_454/flicker_render_pixdS_U234/flicker_render_pipeline_ap_hadd_8_full_dsp_16_u/U0/i_synth/ADDSUB_OP.ADDSUB/SPEED_OP.DSP.OP/DSP48E1_BODY_HP.EXP/NOT_LOW_LATENCY_NORM_DIST.STRUCT_ADD/LSBaddmode1.lut0o6 macro) is not included in the LUT equation: 'O6=(A3*A4*A5*(~A6))+(A3*A4*(~A5))+(A3*(~A4)*A5*A6)+(A3*(~A4)*(~A5)*(~A6))+((~A3)*A4*A5*A6)+((~A3)*A4*(~A5)*(~A6))+((~A3)*(~A4)*(~A5)*A6)'. If this cell is a user instantiated LUT in the design, please remove connectivity to the pin or change the equation and/or INIT string of the LUT to prevent this issue. If the cell is inferred or IP created LUT, please regenerate the IP and/or resynthesize the design to attempt to correct the issue.
Related violations: <none>

PDCN-1569#61 Warning
LUT equation term check  
Used physical LUT pin 'A1' of cell U_adder_top/U_flicker/render/render_lane_2u_U0/grp_evaluate_group_2u_s_fu_454/flicker_render_pixdS_U235/flicker_render_pipeline_ap_hadd_8_full_dsp_16_u/U0/i_synth/ADDSUB_OP.ADDSUB/SPEED_OP.DSP.OP/DSP48E1_BODY_HP.EXP/NOT_LOW_LATENCY_NORM_DIST.STRUCT_ADD/LSBaddmode1.lut0o6/LUT5 (in U_adder_top/U_flicker/render/render_lane_2u_U0/grp_evaluate_group_2u_s_fu_454/flicker_render_pixdS_U235/flicker_render_pipeline_ap_hadd_8_full_dsp_16_u/U0/i_synth/ADDSUB_OP.ADDSUB/SPEED_OP.DSP.OP/DSP48E1_BODY_HP.EXP/NOT_LOW_LATENCY_NORM_DIST.STRUCT_ADD/LSBaddmode1.lut0o6 macro) is not included in the LUT equation: 'O5=(A3*A4)+(A3*(~A4)*(~A5))+((~A3)*A4*(~A5))'. If this cell is a user instantiated LUT in the design, please remove connectivity to the pin or change the equation and/or INIT string of the LUT to prevent this issue. If the cell is inferred or IP created LUT, please regenerate the IP and/or resynthesize the design to attempt to correct the issue.
Related violations: <none>

PDCN-1569#62 Warning
LUT equation term check  
Used physical LUT pin 'A1' of cell U_adder_top/U_flicker/render/render_lane_2u_U0/grp_evaluate_group_2u_s_fu_454/flicker_render_pixdS_U235/flicker_render_pipeline_ap_hadd_8_full_dsp_16_u/U0/i_synth/ADDSUB_OP.ADDSUB/SPEED_OP.DSP.OP/DSP48E1_BODY_HP.EXP/NOT_LOW_LATENCY_NORM_DIST.STRUCT_ADD/LSBaddmode1.lut0o6/LUT6 (in U_adder_top/U_flicker/render/render_lane_2u_U0/grp_evaluate_group_2u_s_fu_454/flicker_render_pixdS_U235/flicker_render_pipeline_ap_hadd_8_full_dsp_16_u/U0/i_synth/ADDSUB_OP.ADDSUB/SPEED_OP.DSP.OP/DSP48E1_BODY_HP.EXP/NOT_LOW_LATENCY_NORM_DIST.STRUCT_ADD/LSBaddmode1.lut0o6 macro) is not included in the LUT equation: 'O6=(A3*A4*A5*(~A6))+(A3*A4*(~A5))+(A3*(~A4)*A5*A6)+(A3*(~A4)*(~A5)*(~A6))+((~A3)*A4*A5*A6)+((~A3)*A4*(~A5)*(~A6))+((~A3)*(~A4)*(~A5)*A6)'. If this cell is a user instantiated LUT in the design, please remove connectivity to the pin or change the equation and/or INIT string of the LUT to prevent this issue. If the cell is inferred or IP created LUT, please regenerate the IP and/or resynthesize the design to attempt to correct the issue.
Related violations: <none>

PDCN-1569#63 Warning
LUT equation term check  
Used physical LUT pin 'A1' of cell U_adder_top/U_flicker/render/render_lane_2u_U0/grp_evaluate_group_2u_s_fu_454/flicker_render_pixdS_U236/flicker_render_pipeline_ap_hadd_8_full_dsp_16_u/U0/i_synth/ADDSUB_OP.ADDSUB/SPEED_OP.DSP.OP/DSP48E1_BODY_HP.EXP/NOT_LOW_LATENCY_NORM_DIST.STRUCT_ADD/LSBaddmode1.lut0o6/LUT5 (in U_adder_top/U_flicker/render/render_lane_2u_U0/grp_evaluate_group_2u_s_fu_454/flicker_render_pixdS_U236/flicker_render_pipeline_ap_hadd_8_full_dsp_16_u/U0/i_synth/ADDSUB_OP.ADDSUB/SPEED_OP.DSP.OP/DSP48E1_BODY_HP.EXP/NOT_LOW_LATENCY_NORM_DIST.STRUCT_ADD/LSBaddmode1.lut0o6 macro) is not included in the LUT equation: 'O5=(A3*A4)+(A3*(~A4)*(~A5))+((~A3)*A4*(~A5))'. If this cell is a user instantiated LUT in the design, please remove connectivity to the pin or change the equation and/or INIT string of the LUT to prevent this issue. If the cell is inferred or IP created LUT, please regenerate the IP and/or resynthesize the design to attempt to correct the issue.
Related violations: <none>

PDCN-1569#64 Warning
LUT equation term check  
Used physical LUT pin 'A1' of cell U_adder_top/U_flicker/render/render_lane_2u_U0/grp_evaluate_group_2u_s_fu_454/flicker_render_pixdS_U236/flicker_render_pipeline_ap_hadd_8_full_dsp_16_u/U0/i_synth/ADDSUB_OP.ADDSUB/SPEED_OP.DSP.OP/DSP48E1_BODY_HP.EXP/NOT_LOW_LATENCY_NORM_DIST.STRUCT_ADD/LSBaddmode1.lut0o6/LUT6 (in U_adder_top/U_flicker/render/render_lane_2u_U0/grp_evaluate_group_2u_s_fu_454/flicker_render_pixdS_U236/flicker_render_pipeline_ap_hadd_8_full_dsp_16_u/U0/i_synth/ADDSUB_OP.ADDSUB/SPEED_OP.DSP.OP/DSP48E1_BODY_HP.EXP/NOT_LOW_LATENCY_NORM_DIST.STRUCT_ADD/LSBaddmode1.lut0o6 macro) is not included in the LUT equation: 'O6=(A3*A4*A5*(~A6))+(A3*A4*(~A5))+(A3*(~A4)*A5*A6)+(A3*(~A4)*(~A5)*(~A6))+((~A3)*A4*A5*A6)+((~A3)*A4*(~A5)*(~A6))+((~A3)*(~A4)*(~A5)*A6)'. If this cell is a user instantiated LUT in the design, please remove connectivity to the pin or change the equation and/or INIT string of the LUT to prevent this issue. If the cell is inferred or IP created LUT, please regenerate the IP and/or resynthesize the design to attempt to correct the issue.
Related violations: <none>

PDCN-1569#65 Warning
LUT equation term check  
Used physical LUT pin 'A1' of cell U_adder_top/U_flicker/render/render_lane_2u_U0/grp_evaluate_group_2u_s_fu_454/flicker_render_piyd2_U237/flicker_render_pipeline_ap_hsub_8_full_dsp_16_u/U0/i_synth/ADDSUB_OP.ADDSUB/SPEED_OP.DSP.OP/DSP48E1_BODY_HP.EXP/NOT_LOW_LATENCY_NORM_DIST.STRUCT_ADD/LSBaddmode1.lut0o6/LUT5 (in U_adder_top/U_flicker/render/render_lane_2u_U0/grp_evaluate_group_2u_s_fu_454/flicker_render_piyd2_U237/flicker_render_pipeline_ap_hsub_8_full_dsp_16_u/U0/i_synth/ADDSUB_OP.ADDSUB/SPEED_OP.DSP.OP/DSP48E1_BODY_HP.EXP/NOT_LOW_LATENCY_NORM_DIST.STRUCT_ADD/LSBaddmode1.lut0o6 macro) is not included in the LUT equation: 'O5=(A3*A4)+(A3*(~A4)*(~A5))+((~A3)*A4*(~A5))'. If this cell is a user instantiated LUT in the design, please remove connectivity to the pin or change the equation and/or INIT string of the LUT to prevent this issue. If the cell is inferred or IP created LUT, please regenerate the IP and/or resynthesize the design to attempt to correct the issue.
Related violations: <none>

PDCN-1569#66 Warning
LUT equation term check  
Used physical LUT pin 'A1' of cell U_adder_top/U_flicker/render/render_lane_2u_U0/grp_evaluate_group_2u_s_fu_454/flicker_render_piyd2_U237/flicker_render_pipeline_ap_hsub_8_full_dsp_16_u/U0/i_synth/ADDSUB_OP.ADDSUB/SPEED_OP.DSP.OP/DSP48E1_BODY_HP.EXP/NOT_LOW_LATENCY_NORM_DIST.STRUCT_ADD/LSBaddmode1.lut0o6/LUT6 (in U_adder_top/U_flicker/render/render_lane_2u_U0/grp_evaluate_group_2u_s_fu_454/flicker_render_piyd2_U237/flicker_render_pipeline_ap_hsub_8_full_dsp_16_u/U0/i_synth/ADDSUB_OP.ADDSUB/SPEED_OP.DSP.OP/DSP48E1_BODY_HP.EXP/NOT_LOW_LATENCY_NORM_DIST.STRUCT_ADD/LSBaddmode1.lut0o6 macro) is not included in the LUT equation: 'O6=(A3*A4*A5*(~A6))+(A3*A4*(~A5))+(A3*(~A4)*A5*A6)+(A3*(~A4)*(~A5)*(~A6))+((~A3)*A4*A5*A6)+((~A3)*A4*(~A5)*(~A6))+((~A3)*(~A4)*(~A5)*A6)'. If this cell is a user instantiated LUT in the design, please remove connectivity to the pin or change the equation and/or INIT string of the LUT to prevent this issue. If the cell is inferred or IP created LUT, please regenerate the IP and/or resynthesize the design to attempt to correct the issue.
Related violations: <none>

PDCN-1569#67 Warning
LUT equation term check  
Used physical LUT pin 'A1' of cell U_adder_top/U_flicker/render/render_lane_2u_U0/grp_evaluate_group_2u_s_fu_454/flicker_render_piyd2_U238/flicker_render_pipeline_ap_hsub_8_full_dsp_16_u/U0/i_synth/ADDSUB_OP.ADDSUB/SPEED_OP.DSP.OP/DSP48E1_BODY_HP.EXP/NOT_LOW_LATENCY_NORM_DIST.STRUCT_ADD/LSBaddmode1.lut0o6/LUT5 (in U_adder_top/U_flicker/render/render_lane_2u_U0/grp_evaluate_group_2u_s_fu_454/flicker_render_piyd2_U238/flicker_render_pipeline_ap_hsub_8_full_dsp_16_u/U0/i_synth/ADDSUB_OP.ADDSUB/SPEED_OP.DSP.OP/DSP48E1_BODY_HP.EXP/NOT_LOW_LATENCY_NORM_DIST.STRUCT_ADD/LSBaddmode1.lut0o6 macro) is not included in the LUT equation: 'O5=(A3*A4)+(A3*(~A4)*(~A5))+((~A3)*A4*(~A5))'. If this cell is a user instantiated LUT in the design, please remove connectivity to the pin or change the equation and/or INIT string of the LUT to prevent this issue. If the cell is inferred or IP created LUT, please regenerate the IP and/or resynthesize the design to attempt to correct the issue.
Related violations: <none>

PDCN-1569#68 Warning
LUT equation term check  
Used physical LUT pin 'A1' of cell U_adder_top/U_flicker/render/render_lane_2u_U0/grp_evaluate_group_2u_s_fu_454/flicker_render_piyd2_U238/flicker_render_pipeline_ap_hsub_8_full_dsp_16_u/U0/i_synth/ADDSUB_OP.ADDSUB/SPEED_OP.DSP.OP/DSP48E1_BODY_HP.EXP/NOT_LOW_LATENCY_NORM_DIST.STRUCT_ADD/LSBaddmode1.lut0o6/LUT6 (in U_adder_top/U_flicker/render/render_lane_2u_U0/grp_evaluate_group_2u_s_fu_454/flicker_render_piyd2_U238/flicker_render_pipeline_ap_hsub_8_full_dsp_16_u/U0/i_synth/ADDSUB_OP.ADDSUB/SPEED_OP.DSP.OP/DSP48E1_BODY_HP.EXP/NOT_LOW_LATENCY_NORM_DIST.STRUCT_ADD/LSBaddmode1.lut0o6 macro) is not included in the LUT equation: 'O6=(A3*A4*A5*(~A6))+(A3*A4*(~A5))+(A3*(~A4)*A5*A6)+(A3*(~A4)*(~A5)*(~A6))+((~A3)*A4*A5*A6)+((~A3)*A4*(~A5)*(~A6))+((~A3)*(~A4)*(~A5)*A6)'. If this cell is a user instantiated LUT in the design, please remove connectivity to the pin or change the equation and/or INIT string of the LUT to prevent this issue. If the cell is inferred or IP created LUT, please regenerate the IP and/or resynthesize the design to attempt to correct the issue.
Related violations: <none>

PDCN-1569#69 Warning
LUT equation term check  
Used physical LUT pin 'A1' of cell U_adder_top/U_flicker/render/render_lane_2u_U0/grp_evaluate_group_2u_s_fu_454/flicker_render_piyd2_U239/flicker_render_pipeline_ap_hsub_8_full_dsp_16_u/U0/i_synth/ADDSUB_OP.ADDSUB/SPEED_OP.DSP.OP/DSP48E1_BODY_HP.EXP/NOT_LOW_LATENCY_NORM_DIST.STRUCT_ADD/LSBaddmode1.lut0o6/LUT5 (in U_adder_top/U_flicker/render/render_lane_2u_U0/grp_evaluate_group_2u_s_fu_454/flicker_render_piyd2_U239/flicker_render_pipeline_ap_hsub_8_full_dsp_16_u/U0/i_synth/ADDSUB_OP.ADDSUB/SPEED_OP.DSP.OP/DSP48E1_BODY_HP.EXP/NOT_LOW_LATENCY_NORM_DIST.STRUCT_ADD/LSBaddmode1.lut0o6 macro) is not included in the LUT equation: 'O5=(A3*A4)+(A3*(~A4)*(~A5))+((~A3)*A4*(~A5))'. If this cell is a user instantiated LUT in the design, please remove connectivity to the pin or change the equation and/or INIT string of the LUT to prevent this issue. If the cell is inferred or IP created LUT, please regenerate the IP and/or resynthesize the design to attempt to correct the issue.
Related violations: <none>

PDCN-1569#70 Warning
LUT equation term check  
Used physical LUT pin 'A1' of cell U_adder_top/U_flicker/render/render_lane_2u_U0/grp_evaluate_group_2u_s_fu_454/flicker_render_piyd2_U239/flicker_render_pipeline_ap_hsub_8_full_dsp_16_u/U0/i_synth/ADDSUB_OP.ADDSUB/SPEED_OP.DSP.OP/DSP48E1_BODY_HP.EXP/NOT_LOW_LATENCY_NORM_DIST.STRUCT_ADD/LSBaddmode1.lut0o6/LUT6 (in U_adder_top/U_flicker/render/render_lane_2u_U0/grp_evaluate_group_2u_s_fu_454/flicker_render_piyd2_U239/flicker_render_pipeline_ap_hsub_8_full_dsp_16_u/U0/i_synth/ADDSUB_OP.ADDSUB/SPEED_OP.DSP.OP/DSP48E1_BODY_HP.EXP/NOT_LOW_LATENCY_NORM_DIST.STRUCT_ADD/LSBaddmode1.lut0o6 macro) is not included in the LUT equation: 'O6=(A3*A4*A5*(~A6))+(A3*A4*(~A5))+(A3*(~A4)*A5*A6)+(A3*(~A4)*(~A5)*(~A6))+((~A3)*A4*A5*A6)+((~A3)*A4*(~A5)*(~A6))+((~A3)*(~A4)*(~A5)*A6)'. If this cell is a user instantiated LUT in the design, please remove connectivity to the pin or change the equation and/or INIT string of the LUT to prevent this issue. If the cell is inferred or IP created LUT, please regenerate the IP and/or resynthesize the design to attempt to correct the issue.
Related violations: <none>

PDCN-1569#71 Warning
LUT equation term check  
Used physical LUT pin 'A1' of cell U_adder_top/U_flicker/render/render_lane_2u_U0/grp_evaluate_group_2u_s_fu_454/flicker_render_piyd2_U240/flicker_render_pipeline_ap_hsub_8_full_dsp_16_u/U0/i_synth/ADDSUB_OP.ADDSUB/SPEED_OP.DSP.OP/DSP48E1_BODY_HP.EXP/NOT_LOW_LATENCY_NORM_DIST.STRUCT_ADD/LSBaddmode1.lut0o6/LUT5 (in U_adder_top/U_flicker/render/render_lane_2u_U0/grp_evaluate_group_2u_s_fu_454/flicker_render_piyd2_U240/flicker_render_pipeline_ap_hsub_8_full_dsp_16_u/U0/i_synth/ADDSUB_OP.ADDSUB/SPEED_OP.DSP.OP/DSP48E1_BODY_HP.EXP/NOT_LOW_LATENCY_NORM_DIST.STRUCT_ADD/LSBaddmode1.lut0o6 macro) is not included in the LUT equation: 'O5=(A3*A4)+(A3*(~A4)*(~A5))+((~A3)*A4*(~A5))'. If this cell is a user instantiated LUT in the design, please remove connectivity to the pin or change the equation and/or INIT string of the LUT to prevent this issue. If the cell is inferred or IP created LUT, please regenerate the IP and/or resynthesize the design to attempt to correct the issue.
Related violations: <none>

PDCN-1569#72 Warning
LUT equation term check  
Used physical LUT pin 'A1' of cell U_adder_top/U_flicker/render/render_lane_2u_U0/grp_evaluate_group_2u_s_fu_454/flicker_render_piyd2_U240/flicker_render_pipeline_ap_hsub_8_full_dsp_16_u/U0/i_synth/ADDSUB_OP.ADDSUB/SPEED_OP.DSP.OP/DSP48E1_BODY_HP.EXP/NOT_LOW_LATENCY_NORM_DIST.STRUCT_ADD/LSBaddmode1.lut0o6/LUT6 (in U_adder_top/U_flicker/render/render_lane_2u_U0/grp_evaluate_group_2u_s_fu_454/flicker_render_piyd2_U240/flicker_render_pipeline_ap_hsub_8_full_dsp_16_u/U0/i_synth/ADDSUB_OP.ADDSUB/SPEED_OP.DSP.OP/DSP48E1_BODY_HP.EXP/NOT_LOW_LATENCY_NORM_DIST.STRUCT_ADD/LSBaddmode1.lut0o6 macro) is not included in the LUT equation: 'O6=(A3*A4*A5*(~A6))+(A3*A4*(~A5))+(A3*(~A4)*A5*A6)+(A3*(~A4)*(~A5)*(~A6))+((~A3)*A4*A5*A6)+((~A3)*A4*(~A5)*(~A6))+((~A3)*(~A4)*(~A5)*A6)'. If this cell is a user instantiated LUT in the design, please remove connectivity to the pin or change the equation and/or INIT string of the LUT to prevent this issue. If the cell is inferred or IP created LUT, please regenerate the IP and/or resynthesize the design to attempt to correct the issue.
Related violations: <none>

PDCN-1569#73 Warning
LUT equation term check  
Used physical LUT pin 'A1' of cell U_adder_top/U_flicker/render/render_lane_3u_U0/flicker_render_pixdS_U311/flicker_render_pipeline_ap_hadd_8_full_dsp_16_u/U0/i_synth/ADDSUB_OP.ADDSUB/SPEED_OP.DSP.OP/DSP48E1_BODY_HP.EXP/NOT_LOW_LATENCY_NORM_DIST.STRUCT_ADD/LSBaddmode1.lut0o6/LUT5 (in U_adder_top/U_flicker/render/render_lane_3u_U0/flicker_render_pixdS_U311/flicker_render_pipeline_ap_hadd_8_full_dsp_16_u/U0/i_synth/ADDSUB_OP.ADDSUB/SPEED_OP.DSP.OP/DSP48E1_BODY_HP.EXP/NOT_LOW_LATENCY_NORM_DIST.STRUCT_ADD/LSBaddmode1.lut0o6 macro) is not included in the LUT equation: 'O5=(A3*A4)+(A3*(~A4)*(~A5))+((~A3)*A4*(~A5))'. If this cell is a user instantiated LUT in the design, please remove connectivity to the pin or change the equation and/or INIT string of the LUT to prevent this issue. If the cell is inferred or IP created LUT, please regenerate the IP and/or resynthesize the design to attempt to correct the issue.
Related violations: <none>

PDCN-1569#74 Warning
LUT equation term check  
Used physical LUT pin 'A1' of cell U_adder_top/U_flicker/render/render_lane_3u_U0/flicker_render_pixdS_U311/flicker_render_pipeline_ap_hadd_8_full_dsp_16_u/U0/i_synth/ADDSUB_OP.ADDSUB/SPEED_OP.DSP.OP/DSP48E1_BODY_HP.EXP/NOT_LOW_LATENCY_NORM_DIST.STRUCT_ADD/LSBaddmode1.lut0o6/LUT6 (in U_adder_top/U_flicker/render/render_lane_3u_U0/flicker_render_pixdS_U311/flicker_render_pipeline_ap_hadd_8_full_dsp_16_u/U0/i_synth/ADDSUB_OP.ADDSUB/SPEED_OP.DSP.OP/DSP48E1_BODY_HP.EXP/NOT_LOW_LATENCY_NORM_DIST.STRUCT_ADD/LSBaddmode1.lut0o6 macro) is not included in the LUT equation: 'O6=(A3*A4*A5*(~A6))+(A3*A4*(~A5))+(A3*(~A4)*A5*A6)+(A3*(~A4)*(~A5)*(~A6))+((~A3)*A4*A5*A6)+((~A3)*A4*(~A5)*(~A6))+((~A3)*(~A4)*(~A5)*A6)'. If this cell is a user instantiated LUT in the design, please remove connectivity to the pin or change the equation and/or INIT string of the LUT to prevent this issue. If the cell is inferred or IP created LUT, please regenerate the IP and/or resynthesize the design to attempt to correct the issue.
Related violations: <none>

PDCN-1569#75 Warning
LUT equation term check  
Used physical LUT pin 'A1' of cell U_adder_top/U_flicker/render/render_lane_3u_U0/flicker_render_pixdS_U312/flicker_render_pipeline_ap_hadd_8_full_dsp_16_u/U0/i_synth/ADDSUB_OP.ADDSUB/SPEED_OP.DSP.OP/DSP48E1_BODY_HP.EXP/NOT_LOW_LATENCY_NORM_DIST.STRUCT_ADD/LSBaddmode1.lut0o6/LUT5 (in U_adder_top/U_flicker/render/render_lane_3u_U0/flicker_render_pixdS_U312/flicker_render_pipeline_ap_hadd_8_full_dsp_16_u/U0/i_synth/ADDSUB_OP.ADDSUB/SPEED_OP.DSP.OP/DSP48E1_BODY_HP.EXP/NOT_LOW_LATENCY_NORM_DIST.STRUCT_ADD/LSBaddmode1.lut0o6 macro) is not included in the LUT equation: 'O5=(A3*A4)+(A3*(~A4)*(~A5))+((~A3)*A4*(~A5))'. If this cell is a user instantiated LUT in the design, please remove connectivity to the pin or change the equation and/or INIT string of the LUT to prevent this issue. If the cell is inferred or IP created LUT, please regenerate the IP and/or resynthesize the design to attempt to correct the issue.
Related violations: <none>

PDCN-1569#76 Warning
LUT equation term check  
Used physical LUT pin 'A1' of cell U_adder_top/U_flicker/render/render_lane_3u_U0/flicker_render_pixdS_U312/flicker_render_pipeline_ap_hadd_8_full_dsp_16_u/U0/i_synth/ADDSUB_OP.ADDSUB/SPEED_OP.DSP.OP/DSP48E1_BODY_HP.EXP/NOT_LOW_LATENCY_NORM_DIST.STRUCT_ADD/LSBaddmode1.lut0o6/LUT6 (in U_adder_top/U_flicker/render/render_lane_3u_U0/flicker_render_pixdS_U312/flicker_render_pipeline_ap_hadd_8_full_dsp_16_u/U0/i_synth/ADDSUB_OP.ADDSUB/SPEED_OP.DSP.OP/DSP48E1_BODY_HP.EXP/NOT_LOW_LATENCY_NORM_DIST.STRUCT_ADD/LSBaddmode1.lut0o6 macro) is not included in the LUT equation: 'O6=(A3*A4*A5*(~A6))+(A3*A4*(~A5))+(A3*(~A4)*A5*A6)+(A3*(~A4)*(~A5)*(~A6))+((~A3)*A4*A5*A6)+((~A3)*A4*(~A5)*(~A6))+((~A3)*(~A4)*(~A5)*A6)'. If this cell is a user instantiated LUT in the design, please remove connectivity to the pin or change the equation and/or INIT string of the LUT to prevent this issue. If the cell is inferred or IP created LUT, please regenerate the IP and/or resynthesize the design to attempt to correct the issue.
Related violations: <none>

PDCN-1569#77 Warning
LUT equation term check  
Used physical LUT pin 'A1' of cell U_adder_top/U_flicker/render/render_lane_3u_U0/flicker_render_pixdS_U313/flicker_render_pipeline_ap_hadd_8_full_dsp_16_u/U0/i_synth/ADDSUB_OP.ADDSUB/SPEED_OP.DSP.OP/DSP48E1_BODY_HP.EXP/NOT_LOW_LATENCY_NORM_DIST.STRUCT_ADD/LSBaddmode1.lut0o6/LUT5 (in U_adder_top/U_flicker/render/render_lane_3u_U0/flicker_render_pixdS_U313/flicker_render_pipeline_ap_hadd_8_full_dsp_16_u/U0/i_synth/ADDSUB_OP.ADDSUB/SPEED_OP.DSP.OP/DSP48E1_BODY_HP.EXP/NOT_LOW_LATENCY_NORM_DIST.STRUCT_ADD/LSBaddmode1.lut0o6 macro) is not included in the LUT equation: 'O5=(A3*A4)+(A3*(~A4)*(~A5))+((~A3)*A4*(~A5))'. If this cell is a user instantiated LUT in the design, please remove connectivity to the pin or change the equation and/or INIT string of the LUT to prevent this issue. If the cell is inferred or IP created LUT, please regenerate the IP and/or resynthesize the design to attempt to correct the issue.
Related violations: <none>

PDCN-1569#78 Warning
LUT equation term check  
Used physical LUT pin 'A1' of cell U_adder_top/U_flicker/render/render_lane_3u_U0/flicker_render_pixdS_U313/flicker_render_pipeline_ap_hadd_8_full_dsp_16_u/U0/i_synth/ADDSUB_OP.ADDSUB/SPEED_OP.DSP.OP/DSP48E1_BODY_HP.EXP/NOT_LOW_LATENCY_NORM_DIST.STRUCT_ADD/LSBaddmode1.lut0o6/LUT6 (in U_adder_top/U_flicker/render/render_lane_3u_U0/flicker_render_pixdS_U313/flicker_render_pipeline_ap_hadd_8_full_dsp_16_u/U0/i_synth/ADDSUB_OP.ADDSUB/SPEED_OP.DSP.OP/DSP48E1_BODY_HP.EXP/NOT_LOW_LATENCY_NORM_DIST.STRUCT_ADD/LSBaddmode1.lut0o6 macro) is not included in the LUT equation: 'O6=(A3*A4*A5*(~A6))+(A3*A4*(~A5))+(A3*(~A4)*A5*A6)+(A3*(~A4)*(~A5)*(~A6))+((~A3)*A4*A5*A6)+((~A3)*A4*(~A5)*(~A6))+((~A3)*(~A4)*(~A5)*A6)'. If this cell is a user instantiated LUT in the design, please remove connectivity to the pin or change the equation and/or INIT string of the LUT to prevent this issue. If the cell is inferred or IP created LUT, please regenerate the IP and/or resynthesize the design to attempt to correct the issue.
Related violations: <none>

PDCN-1569#79 Warning
LUT equation term check  
Used physical LUT pin 'A1' of cell U_adder_top/U_flicker/render/render_lane_3u_U0/grp_evaluate_group_3u_s_fu_456/flicker_render_pixdS_U278/flicker_render_pipeline_ap_hadd_8_full_dsp_16_u/U0/i_synth/ADDSUB_OP.ADDSUB/SPEED_OP.DSP.OP/DSP48E1_BODY_HP.EXP/NOT_LOW_LATENCY_NORM_DIST.STRUCT_ADD/LSBaddmode1.lut0o6/LUT5 (in U_adder_top/U_flicker/render/render_lane_3u_U0/grp_evaluate_group_3u_s_fu_456/flicker_render_pixdS_U278/flicker_render_pipeline_ap_hadd_8_full_dsp_16_u/U0/i_synth/ADDSUB_OP.ADDSUB/SPEED_OP.DSP.OP/DSP48E1_BODY_HP.EXP/NOT_LOW_LATENCY_NORM_DIST.STRUCT_ADD/LSBaddmode1.lut0o6 macro) is not included in the LUT equation: 'O5=(A3*A4)+(A3*(~A4)*(~A5))+((~A3)*A4*(~A5))'. If this cell is a user instantiated LUT in the design, please remove connectivity to the pin or change the equation and/or INIT string of the LUT to prevent this issue. If the cell is inferred or IP created LUT, please regenerate the IP and/or resynthesize the design to attempt to correct the issue.
Related violations: <none>

PDCN-1569#80 Warning
LUT equation term check  
Used physical LUT pin 'A1' of cell U_adder_top/U_flicker/render/render_lane_3u_U0/grp_evaluate_group_3u_s_fu_456/flicker_render_pixdS_U278/flicker_render_pipeline_ap_hadd_8_full_dsp_16_u/U0/i_synth/ADDSUB_OP.ADDSUB/SPEED_OP.DSP.OP/DSP48E1_BODY_HP.EXP/NOT_LOW_LATENCY_NORM_DIST.STRUCT_ADD/LSBaddmode1.lut0o6/LUT6 (in U_adder_top/U_flicker/render/render_lane_3u_U0/grp_evaluate_group_3u_s_fu_456/flicker_render_pixdS_U278/flicker_render_pipeline_ap_hadd_8_full_dsp_16_u/U0/i_synth/ADDSUB_OP.ADDSUB/SPEED_OP.DSP.OP/DSP48E1_BODY_HP.EXP/NOT_LOW_LATENCY_NORM_DIST.STRUCT_ADD/LSBaddmode1.lut0o6 macro) is not included in the LUT equation: 'O6=(A3*A4*A5*(~A6))+(A3*A4*(~A5))+(A3*(~A4)*A5*A6)+(A3*(~A4)*(~A5)*(~A6))+((~A3)*A4*A5*A6)+((~A3)*A4*(~A5)*(~A6))+((~A3)*(~A4)*(~A5)*A6)'. If this cell is a user instantiated LUT in the design, please remove connectivity to the pin or change the equation and/or INIT string of the LUT to prevent this issue. If the cell is inferred or IP created LUT, please regenerate the IP and/or resynthesize the design to attempt to correct the issue.
Related violations: <none>

PDCN-1569#81 Warning
LUT equation term check  
Used physical LUT pin 'A1' of cell U_adder_top/U_flicker/render/render_lane_3u_U0/grp_evaluate_group_3u_s_fu_456/flicker_render_pixdS_U279/flicker_render_pipeline_ap_hadd_8_full_dsp_16_u/U0/i_synth/ADDSUB_OP.ADDSUB/SPEED_OP.DSP.OP/DSP48E1_BODY_HP.EXP/NOT_LOW_LATENCY_NORM_DIST.STRUCT_ADD/LSBaddmode1.lut0o6/LUT5 (in U_adder_top/U_flicker/render/render_lane_3u_U0/grp_evaluate_group_3u_s_fu_456/flicker_render_pixdS_U279/flicker_render_pipeline_ap_hadd_8_full_dsp_16_u/U0/i_synth/ADDSUB_OP.ADDSUB/SPEED_OP.DSP.OP/DSP48E1_BODY_HP.EXP/NOT_LOW_LATENCY_NORM_DIST.STRUCT_ADD/LSBaddmode1.lut0o6 macro) is not included in the LUT equation: 'O5=(A3*A4)+(A3*(~A4)*(~A5))+((~A3)*A4*(~A5))'. If this cell is a user instantiated LUT in the design, please remove connectivity to the pin or change the equation and/or INIT string of the LUT to prevent this issue. If the cell is inferred or IP created LUT, please regenerate the IP and/or resynthesize the design to attempt to correct the issue.
Related violations: <none>

PDCN-1569#82 Warning
LUT equation term check  
Used physical LUT pin 'A1' of cell U_adder_top/U_flicker/render/render_lane_3u_U0/grp_evaluate_group_3u_s_fu_456/flicker_render_pixdS_U279/flicker_render_pipeline_ap_hadd_8_full_dsp_16_u/U0/i_synth/ADDSUB_OP.ADDSUB/SPEED_OP.DSP.OP/DSP48E1_BODY_HP.EXP/NOT_LOW_LATENCY_NORM_DIST.STRUCT_ADD/LSBaddmode1.lut0o6/LUT6 (in U_adder_top/U_flicker/render/render_lane_3u_U0/grp_evaluate_group_3u_s_fu_456/flicker_render_pixdS_U279/flicker_render_pipeline_ap_hadd_8_full_dsp_16_u/U0/i_synth/ADDSUB_OP.ADDSUB/SPEED_OP.DSP.OP/DSP48E1_BODY_HP.EXP/NOT_LOW_LATENCY_NORM_DIST.STRUCT_ADD/LSBaddmode1.lut0o6 macro) is not included in the LUT equation: 'O6=(A3*A4*A5*(~A6))+(A3*A4*(~A5))+(A3*(~A4)*A5*A6)+(A3*(~A4)*(~A5)*(~A6))+((~A3)*A4*A5*A6)+((~A3)*A4*(~A5)*(~A6))+((~A3)*(~A4)*(~A5)*A6)'. If this cell is a user instantiated LUT in the design, please remove connectivity to the pin or change the equation and/or INIT string of the LUT to prevent this issue. If the cell is inferred or IP created LUT, please regenerate the IP and/or resynthesize the design to attempt to correct the issue.
Related violations: <none>

PDCN-1569#83 Warning
LUT equation term check  
Used physical LUT pin 'A1' of cell U_adder_top/U_flicker/render/render_lane_3u_U0/grp_evaluate_group_3u_s_fu_456/flicker_render_pixdS_U280/flicker_render_pipeline_ap_hadd_8_full_dsp_16_u/U0/i_synth/ADDSUB_OP.ADDSUB/SPEED_OP.DSP.OP/DSP48E1_BODY_HP.EXP/NOT_LOW_LATENCY_NORM_DIST.STRUCT_ADD/LSBaddmode1.lut0o6/LUT5 (in U_adder_top/U_flicker/render/render_lane_3u_U0/grp_evaluate_group_3u_s_fu_456/flicker_render_pixdS_U280/flicker_render_pipeline_ap_hadd_8_full_dsp_16_u/U0/i_synth/ADDSUB_OP.ADDSUB/SPEED_OP.DSP.OP/DSP48E1_BODY_HP.EXP/NOT_LOW_LATENCY_NORM_DIST.STRUCT_ADD/LSBaddmode1.lut0o6 macro) is not included in the LUT equation: 'O5=(A3*A4)+(A3*(~A4)*(~A5))+((~A3)*A4*(~A5))'. If this cell is a user instantiated LUT in the design, please remove connectivity to the pin or change the equation and/or INIT string of the LUT to prevent this issue. If the cell is inferred or IP created LUT, please regenerate the IP and/or resynthesize the design to attempt to correct the issue.
Related violations: <none>

PDCN-1569#84 Warning
LUT equation term check  
Used physical LUT pin 'A1' of cell U_adder_top/U_flicker/render/render_lane_3u_U0/grp_evaluate_group_3u_s_fu_456/flicker_render_pixdS_U280/flicker_render_pipeline_ap_hadd_8_full_dsp_16_u/U0/i_synth/ADDSUB_OP.ADDSUB/SPEED_OP.DSP.OP/DSP48E1_BODY_HP.EXP/NOT_LOW_LATENCY_NORM_DIST.STRUCT_ADD/LSBaddmode1.lut0o6/LUT6 (in U_adder_top/U_flicker/render/render_lane_3u_U0/grp_evaluate_group_3u_s_fu_456/flicker_render_pixdS_U280/flicker_render_pipeline_ap_hadd_8_full_dsp_16_u/U0/i_synth/ADDSUB_OP.ADDSUB/SPEED_OP.DSP.OP/DSP48E1_BODY_HP.EXP/NOT_LOW_LATENCY_NORM_DIST.STRUCT_ADD/LSBaddmode1.lut0o6 macro) is not included in the LUT equation: 'O6=(A3*A4*A5*(~A6))+(A3*A4*(~A5))+(A3*(~A4)*A5*A6)+(A3*(~A4)*(~A5)*(~A6))+((~A3)*A4*A5*A6)+((~A3)*A4*(~A5)*(~A6))+((~A3)*(~A4)*(~A5)*A6)'. If this cell is a user instantiated LUT in the design, please remove connectivity to the pin or change the equation and/or INIT string of the LUT to prevent this issue. If the cell is inferred or IP created LUT, please regenerate the IP and/or resynthesize the design to attempt to correct the issue.
Related violations: <none>

PDCN-1569#85 Warning
LUT equation term check  
Used physical LUT pin 'A1' of cell U_adder_top/U_flicker/render/render_lane_3u_U0/grp_evaluate_group_3u_s_fu_456/flicker_render_pixdS_U281/flicker_render_pipeline_ap_hadd_8_full_dsp_16_u/U0/i_synth/ADDSUB_OP.ADDSUB/SPEED_OP.DSP.OP/DSP48E1_BODY_HP.EXP/NOT_LOW_LATENCY_NORM_DIST.STRUCT_ADD/LSBaddmode1.lut0o6/LUT5 (in U_adder_top/U_flicker/render/render_lane_3u_U0/grp_evaluate_group_3u_s_fu_456/flicker_render_pixdS_U281/flicker_render_pipeline_ap_hadd_8_full_dsp_16_u/U0/i_synth/ADDSUB_OP.ADDSUB/SPEED_OP.DSP.OP/DSP48E1_BODY_HP.EXP/NOT_LOW_LATENCY_NORM_DIST.STRUCT_ADD/LSBaddmode1.lut0o6 macro) is not included in the LUT equation: 'O5=(A3*A4)+(A3*(~A4)*(~A5))+((~A3)*A4*(~A5))'. If this cell is a user instantiated LUT in the design, please remove connectivity to the pin or change the equation and/or INIT string of the LUT to prevent this issue. If the cell is inferred or IP created LUT, please regenerate the IP and/or resynthesize the design to attempt to correct the issue.
Related violations: <none>

PDCN-1569#86 Warning
LUT equation term check  
Used physical LUT pin 'A1' of cell U_adder_top/U_flicker/render/render_lane_3u_U0/grp_evaluate_group_3u_s_fu_456/flicker_render_pixdS_U281/flicker_render_pipeline_ap_hadd_8_full_dsp_16_u/U0/i_synth/ADDSUB_OP.ADDSUB/SPEED_OP.DSP.OP/DSP48E1_BODY_HP.EXP/NOT_LOW_LATENCY_NORM_DIST.STRUCT_ADD/LSBaddmode1.lut0o6/LUT6 (in U_adder_top/U_flicker/render/render_lane_3u_U0/grp_evaluate_group_3u_s_fu_456/flicker_render_pixdS_U281/flicker_render_pipeline_ap_hadd_8_full_dsp_16_u/U0/i_synth/ADDSUB_OP.ADDSUB/SPEED_OP.DSP.OP/DSP48E1_BODY_HP.EXP/NOT_LOW_LATENCY_NORM_DIST.STRUCT_ADD/LSBaddmode1.lut0o6 macro) is not included in the LUT equation: 'O6=(A3*A4*A5*(~A6))+(A3*A4*(~A5))+(A3*(~A4)*A5*A6)+(A3*(~A4)*(~A5)*(~A6))+((~A3)*A4*A5*A6)+((~A3)*A4*(~A5)*(~A6))+((~A3)*(~A4)*(~A5)*A6)'. If this cell is a user instantiated LUT in the design, please remove connectivity to the pin or change the equation and/or INIT string of the LUT to prevent this issue. If the cell is inferred or IP created LUT, please regenerate the IP and/or resynthesize the design to attempt to correct the issue.
Related violations: <none>

PDCN-1569#87 Warning
LUT equation term check  
Used physical LUT pin 'A1' of cell U_adder_top/U_flicker/render/render_lane_3u_U0/grp_evaluate_group_3u_s_fu_456/flicker_render_piyd2_U282/flicker_render_pipeline_ap_hsub_8_full_dsp_16_u/U0/i_synth/ADDSUB_OP.ADDSUB/SPEED_OP.DSP.OP/DSP48E1_BODY_HP.EXP/NOT_LOW_LATENCY_NORM_DIST.STRUCT_ADD/LSBaddmode1.lut0o6/LUT5 (in U_adder_top/U_flicker/render/render_lane_3u_U0/grp_evaluate_group_3u_s_fu_456/flicker_render_piyd2_U282/flicker_render_pipeline_ap_hsub_8_full_dsp_16_u/U0/i_synth/ADDSUB_OP.ADDSUB/SPEED_OP.DSP.OP/DSP48E1_BODY_HP.EXP/NOT_LOW_LATENCY_NORM_DIST.STRUCT_ADD/LSBaddmode1.lut0o6 macro) is not included in the LUT equation: 'O5=(A3*A4)+(A3*(~A4)*(~A5))+((~A3)*A4*(~A5))'. If this cell is a user instantiated LUT in the design, please remove connectivity to the pin or change the equation and/or INIT string of the LUT to prevent this issue. If the cell is inferred or IP created LUT, please regenerate the IP and/or resynthesize the design to attempt to correct the issue.
Related violations: <none>

PDCN-1569#88 Warning
LUT equation term check  
Used physical LUT pin 'A1' of cell U_adder_top/U_flicker/render/render_lane_3u_U0/grp_evaluate_group_3u_s_fu_456/flicker_render_piyd2_U282/flicker_render_pipeline_ap_hsub_8_full_dsp_16_u/U0/i_synth/ADDSUB_OP.ADDSUB/SPEED_OP.DSP.OP/DSP48E1_BODY_HP.EXP/NOT_LOW_LATENCY_NORM_DIST.STRUCT_ADD/LSBaddmode1.lut0o6/LUT6 (in U_adder_top/U_flicker/render/render_lane_3u_U0/grp_evaluate_group_3u_s_fu_456/flicker_render_piyd2_U282/flicker_render_pipeline_ap_hsub_8_full_dsp_16_u/U0/i_synth/ADDSUB_OP.ADDSUB/SPEED_OP.DSP.OP/DSP48E1_BODY_HP.EXP/NOT_LOW_LATENCY_NORM_DIST.STRUCT_ADD/LSBaddmode1.lut0o6 macro) is not included in the LUT equation: 'O6=(A3*A4*A5*(~A6))+(A3*A4*(~A5))+(A3*(~A4)*A5*A6)+(A3*(~A4)*(~A5)*(~A6))+((~A3)*A4*A5*A6)+((~A3)*A4*(~A5)*(~A6))+((~A3)*(~A4)*(~A5)*A6)'. If this cell is a user instantiated LUT in the design, please remove connectivity to the pin or change the equation and/or INIT string of the LUT to prevent this issue. If the cell is inferred or IP created LUT, please regenerate the IP and/or resynthesize the design to attempt to correct the issue.
Related violations: <none>

PDCN-1569#89 Warning
LUT equation term check  
Used physical LUT pin 'A1' of cell U_adder_top/U_flicker/render/render_lane_3u_U0/grp_evaluate_group_3u_s_fu_456/flicker_render_piyd2_U283/flicker_render_pipeline_ap_hsub_8_full_dsp_16_u/U0/i_synth/ADDSUB_OP.ADDSUB/SPEED_OP.DSP.OP/DSP48E1_BODY_HP.EXP/NOT_LOW_LATENCY_NORM_DIST.STRUCT_ADD/LSBaddmode1.lut0o6/LUT5 (in U_adder_top/U_flicker/render/render_lane_3u_U0/grp_evaluate_group_3u_s_fu_456/flicker_render_piyd2_U283/flicker_render_pipeline_ap_hsub_8_full_dsp_16_u/U0/i_synth/ADDSUB_OP.ADDSUB/SPEED_OP.DSP.OP/DSP48E1_BODY_HP.EXP/NOT_LOW_LATENCY_NORM_DIST.STRUCT_ADD/LSBaddmode1.lut0o6 macro) is not included in the LUT equation: 'O5=(A3*A4)+(A3*(~A4)*(~A5))+((~A3)*A4*(~A5))'. If this cell is a user instantiated LUT in the design, please remove connectivity to the pin or change the equation and/or INIT string of the LUT to prevent this issue. If the cell is inferred or IP created LUT, please regenerate the IP and/or resynthesize the design to attempt to correct the issue.
Related violations: <none>

PDCN-1569#90 Warning
LUT equation term check  
Used physical LUT pin 'A1' of cell U_adder_top/U_flicker/render/render_lane_3u_U0/grp_evaluate_group_3u_s_fu_456/flicker_render_piyd2_U283/flicker_render_pipeline_ap_hsub_8_full_dsp_16_u/U0/i_synth/ADDSUB_OP.ADDSUB/SPEED_OP.DSP.OP/DSP48E1_BODY_HP.EXP/NOT_LOW_LATENCY_NORM_DIST.STRUCT_ADD/LSBaddmode1.lut0o6/LUT6 (in U_adder_top/U_flicker/render/render_lane_3u_U0/grp_evaluate_group_3u_s_fu_456/flicker_render_piyd2_U283/flicker_render_pipeline_ap_hsub_8_full_dsp_16_u/U0/i_synth/ADDSUB_OP.ADDSUB/SPEED_OP.DSP.OP/DSP48E1_BODY_HP.EXP/NOT_LOW_LATENCY_NORM_DIST.STRUCT_ADD/LSBaddmode1.lut0o6 macro) is not included in the LUT equation: 'O6=(A3*A4*A5*(~A6))+(A3*A4*(~A5))+(A3*(~A4)*A5*A6)+(A3*(~A4)*(~A5)*(~A6))+((~A3)*A4*A5*A6)+((~A3)*A4*(~A5)*(~A6))+((~A3)*(~A4)*(~A5)*A6)'. If this cell is a user instantiated LUT in the design, please remove connectivity to the pin or change the equation and/or INIT string of the LUT to prevent this issue. If the cell is inferred or IP created LUT, please regenerate the IP and/or resynthesize the design to attempt to correct the issue.
Related violations: <none>

PDCN-1569#91 Warning
LUT equation term check  
Used physical LUT pin 'A1' of cell U_adder_top/U_flicker/render/render_lane_3u_U0/grp_evaluate_group_3u_s_fu_456/flicker_render_piyd2_U284/flicker_render_pipeline_ap_hsub_8_full_dsp_16_u/U0/i_synth/ADDSUB_OP.ADDSUB/SPEED_OP.DSP.OP/DSP48E1_BODY_HP.EXP/NOT_LOW_LATENCY_NORM_DIST.STRUCT_ADD/LSBaddmode1.lut0o6/LUT5 (in U_adder_top/U_flicker/render/render_lane_3u_U0/grp_evaluate_group_3u_s_fu_456/flicker_render_piyd2_U284/flicker_render_pipeline_ap_hsub_8_full_dsp_16_u/U0/i_synth/ADDSUB_OP.ADDSUB/SPEED_OP.DSP.OP/DSP48E1_BODY_HP.EXP/NOT_LOW_LATENCY_NORM_DIST.STRUCT_ADD/LSBaddmode1.lut0o6 macro) is not included in the LUT equation: 'O5=(A3*A4)+(A3*(~A4)*(~A5))+((~A3)*A4*(~A5))'. If this cell is a user instantiated LUT in the design, please remove connectivity to the pin or change the equation and/or INIT string of the LUT to prevent this issue. If the cell is inferred or IP created LUT, please regenerate the IP and/or resynthesize the design to attempt to correct the issue.
Related violations: <none>

PDCN-1569#92 Warning
LUT equation term check  
Used physical LUT pin 'A1' of cell U_adder_top/U_flicker/render/render_lane_3u_U0/grp_evaluate_group_3u_s_fu_456/flicker_render_piyd2_U284/flicker_render_pipeline_ap_hsub_8_full_dsp_16_u/U0/i_synth/ADDSUB_OP.ADDSUB/SPEED_OP.DSP.OP/DSP48E1_BODY_HP.EXP/NOT_LOW_LATENCY_NORM_DIST.STRUCT_ADD/LSBaddmode1.lut0o6/LUT6 (in U_adder_top/U_flicker/render/render_lane_3u_U0/grp_evaluate_group_3u_s_fu_456/flicker_render_piyd2_U284/flicker_render_pipeline_ap_hsub_8_full_dsp_16_u/U0/i_synth/ADDSUB_OP.ADDSUB/SPEED_OP.DSP.OP/DSP48E1_BODY_HP.EXP/NOT_LOW_LATENCY_NORM_DIST.STRUCT_ADD/LSBaddmode1.lut0o6 macro) is not included in the LUT equation: 'O6=(A3*A4*A5*(~A6))+(A3*A4*(~A5))+(A3*(~A4)*A5*A6)+(A3*(~A4)*(~A5)*(~A6))+((~A3)*A4*A5*A6)+((~A3)*A4*(~A5)*(~A6))+((~A3)*(~A4)*(~A5)*A6)'. If this cell is a user instantiated LUT in the design, please remove connectivity to the pin or change the equation and/or INIT string of the LUT to prevent this issue. If the cell is inferred or IP created LUT, please regenerate the IP and/or resynthesize the design to attempt to correct the issue.
Related violations: <none>

PDCN-1569#93 Warning
LUT equation term check  
Used physical LUT pin 'A1' of cell U_adder_top/U_flicker/render/render_lane_3u_U0/grp_evaluate_group_3u_s_fu_456/flicker_render_piyd2_U285/flicker_render_pipeline_ap_hsub_8_full_dsp_16_u/U0/i_synth/ADDSUB_OP.ADDSUB/SPEED_OP.DSP.OP/DSP48E1_BODY_HP.EXP/NOT_LOW_LATENCY_NORM_DIST.STRUCT_ADD/LSBaddmode1.lut0o6/LUT5 (in U_adder_top/U_flicker/render/render_lane_3u_U0/grp_evaluate_group_3u_s_fu_456/flicker_render_piyd2_U285/flicker_render_pipeline_ap_hsub_8_full_dsp_16_u/U0/i_synth/ADDSUB_OP.ADDSUB/SPEED_OP.DSP.OP/DSP48E1_BODY_HP.EXP/NOT_LOW_LATENCY_NORM_DIST.STRUCT_ADD/LSBaddmode1.lut0o6 macro) is not included in the LUT equation: 'O5=(A3*A4)+(A3*(~A4)*(~A5))+((~A3)*A4*(~A5))'. If this cell is a user instantiated LUT in the design, please remove connectivity to the pin or change the equation and/or INIT string of the LUT to prevent this issue. If the cell is inferred or IP created LUT, please regenerate the IP and/or resynthesize the design to attempt to correct the issue.
Related violations: <none>

PDCN-1569#94 Warning
LUT equation term check  
Used physical LUT pin 'A1' of cell U_adder_top/U_flicker/render/render_lane_3u_U0/grp_evaluate_group_3u_s_fu_456/flicker_render_piyd2_U285/flicker_render_pipeline_ap_hsub_8_full_dsp_16_u/U0/i_synth/ADDSUB_OP.ADDSUB/SPEED_OP.DSP.OP/DSP48E1_BODY_HP.EXP/NOT_LOW_LATENCY_NORM_DIST.STRUCT_ADD/LSBaddmode1.lut0o6/LUT6 (in U_adder_top/U_flicker/render/render_lane_3u_U0/grp_evaluate_group_3u_s_fu_456/flicker_render_piyd2_U285/flicker_render_pipeline_ap_hsub_8_full_dsp_16_u/U0/i_synth/ADDSUB_OP.ADDSUB/SPEED_OP.DSP.OP/DSP48E1_BODY_HP.EXP/NOT_LOW_LATENCY_NORM_DIST.STRUCT_ADD/LSBaddmode1.lut0o6 macro) is not included in the LUT equation: 'O6=(A3*A4*A5*(~A6))+(A3*A4*(~A5))+(A3*(~A4)*A5*A6)+(A3*(~A4)*(~A5)*(~A6))+((~A3)*A4*A5*A6)+((~A3)*A4*(~A5)*(~A6))+((~A3)*(~A4)*(~A5)*A6)'. If this cell is a user instantiated LUT in the design, please remove connectivity to the pin or change the equation and/or INIT string of the LUT to prevent this issue. If the cell is inferred or IP created LUT, please regenerate the IP and/or resynthesize the design to attempt to correct the issue.
Related violations: <none>

PDCN-1569#95 Warning
LUT equation term check  
Used physical LUT pin 'A2' of cell U_adder_top/U_flicker/render/framed_ctu_U0/test_frames_U0/flicker_render_pixdS_U79/flicker_render_pipeline_ap_hadd_8_full_dsp_16_u/U0/i_synth/ADDSUB_OP.ADDSUB/SPEED_OP.DSP.OP/DSP48E1_BODY_HP.EXP/NOT_LOW_LATENCY_NORM_DIST.STRUCT_ADD/LSBaddmode1.lut0o6/LUT5 (in U_adder_top/U_flicker/render/framed_ctu_U0/test_frames_U0/flicker_render_pixdS_U79/flicker_render_pipeline_ap_hadd_8_full_dsp_16_u/U0/i_synth/ADDSUB_OP.ADDSUB/SPEED_OP.DSP.OP/DSP48E1_BODY_HP.EXP/NOT_LOW_LATENCY_NORM_DIST.STRUCT_ADD/LSBaddmode1.lut0o6 macro) is not included in the LUT equation: 'O5=(A3*A4)+(A3*(~A4)*(~A5))+((~A3)*A4*(~A5))'. If this cell is a user instantiated LUT in the design, please remove connectivity to the pin or change the equation and/or INIT string of the LUT to prevent this issue. If the cell is inferred or IP created LUT, please regenerate the IP and/or resynthesize the design to attempt to correct the issue.
Related violations: <none>

PDCN-1569#96 Warning
LUT equation term check  
Used physical LUT pin 'A2' of cell U_adder_top/U_flicker/render/framed_ctu_U0/test_frames_U0/flicker_render_pixdS_U79/flicker_render_pipeline_ap_hadd_8_full_dsp_16_u/U0/i_synth/ADDSUB_OP.ADDSUB/SPEED_OP.DSP.OP/DSP48E1_BODY_HP.EXP/NOT_LOW_LATENCY_NORM_DIST.STRUCT_ADD/LSBaddmode1.lut0o6/LUT6 (in U_adder_top/U_flicker/render/framed_ctu_U0/test_frames_U0/flicker_render_pixdS_U79/flicker_render_pipeline_ap_hadd_8_full_dsp_16_u/U0/i_synth/ADDSUB_OP.ADDSUB/SPEED_OP.DSP.OP/DSP48E1_BODY_HP.EXP/NOT_LOW_LATENCY_NORM_DIST.STRUCT_ADD/LSBaddmode1.lut0o6 macro) is not included in the LUT equation: 'O6=(A3*A4*A5*(~A6))+(A3*A4*(~A5))+(A3*(~A4)*A5*A6)+(A3*(~A4)*(~A5)*(~A6))+((~A3)*A4*A5*A6)+((~A3)*A4*(~A5)*(~A6))+((~A3)*(~A4)*(~A5)*A6)'. If this cell is a user instantiated LUT in the design, please remove connectivity to the pin or change the equation and/or INIT string of the LUT to prevent this issue. If the cell is inferred or IP created LUT, please regenerate the IP and/or resynthesize the design to attempt to correct the issue.
Related violations: <none>

PDCN-1569#97 Warning
LUT equation term check  
Used physical LUT pin 'A2' of cell U_adder_top/U_flicker/render/framed_ctu_U0/test_frames_U0/flicker_render_pixdS_U80/flicker_render_pipeline_ap_hadd_8_full_dsp_16_u/U0/i_synth/ADDSUB_OP.ADDSUB/SPEED_OP.DSP.OP/DSP48E1_BODY_HP.EXP/NOT_LOW_LATENCY_NORM_DIST.STRUCT_ADD/LSBaddmode1.lut0o6/LUT5 (in U_adder_top/U_flicker/render/framed_ctu_U0/test_frames_U0/flicker_render_pixdS_U80/flicker_render_pipeline_ap_hadd_8_full_dsp_16_u/U0/i_synth/ADDSUB_OP.ADDSUB/SPEED_OP.DSP.OP/DSP48E1_BODY_HP.EXP/NOT_LOW_LATENCY_NORM_DIST.STRUCT_ADD/LSBaddmode1.lut0o6 macro) is not included in the LUT equation: 'O5=(A3*A4)+(A3*(~A4)*(~A5))+((~A3)*A4*(~A5))'. If this cell is a user instantiated LUT in the design, please remove connectivity to the pin or change the equation and/or INIT string of the LUT to prevent this issue. If the cell is inferred or IP created LUT, please regenerate the IP and/or resynthesize the design to attempt to correct the issue.
Related violations: <none>

PDCN-1569#98 Warning
LUT equation term check  
Used physical LUT pin 'A2' of cell U_adder_top/U_flicker/render/framed_ctu_U0/test_frames_U0/flicker_render_pixdS_U80/flicker_render_pipeline_ap_hadd_8_full_dsp_16_u/U0/i_synth/ADDSUB_OP.ADDSUB/SPEED_OP.DSP.OP/DSP48E1_BODY_HP.EXP/NOT_LOW_LATENCY_NORM_DIST.STRUCT_ADD/LSBaddmode1.lut0o6/LUT6 (in U_adder_top/U_flicker/render/framed_ctu_U0/test_frames_U0/flicker_render_pixdS_U80/flicker_render_pipeline_ap_hadd_8_full_dsp_16_u/U0/i_synth/ADDSUB_OP.ADDSUB/SPEED_OP.DSP.OP/DSP48E1_BODY_HP.EXP/NOT_LOW_LATENCY_NORM_DIST.STRUCT_ADD/LSBaddmode1.lut0o6 macro) is not included in the LUT equation: 'O6=(A3*A4*A5*(~A6))+(A3*A4*(~A5))+(A3*(~A4)*A5*A6)+(A3*(~A4)*(~A5)*(~A6))+((~A3)*A4*A5*A6)+((~A3)*A4*(~A5)*(~A6))+((~A3)*(~A4)*(~A5)*A6)'. If this cell is a user instantiated LUT in the design, please remove connectivity to the pin or change the equation and/or INIT string of the LUT to prevent this issue. If the cell is inferred or IP created LUT, please regenerate the IP and/or resynthesize the design to attempt to correct the issue.
Related violations: <none>

PDCN-1569#99 Warning
LUT equation term check  
Used physical LUT pin 'A2' of cell U_adder_top/U_flicker/render/framed_ctu_U0/test_frames_U0/flicker_render_piyd2_U81/flicker_render_pipeline_ap_hsub_8_full_dsp_16_u/U0/i_synth/ADDSUB_OP.ADDSUB/SPEED_OP.DSP.OP/DSP48E1_BODY_HP.EXP/NOT_LOW_LATENCY_NORM_DIST.STRUCT_ADD/LSBaddmode1.lut0o6/LUT5 (in U_adder_top/U_flicker/render/framed_ctu_U0/test_frames_U0/flicker_render_piyd2_U81/flicker_render_pipeline_ap_hsub_8_full_dsp_16_u/U0/i_synth/ADDSUB_OP.ADDSUB/SPEED_OP.DSP.OP/DSP48E1_BODY_HP.EXP/NOT_LOW_LATENCY_NORM_DIST.STRUCT_ADD/LSBaddmode1.lut0o6 macro) is not included in the LUT equation: 'O5=(A3*A4)+(A3*(~A4)*(~A5))+((~A3)*A4*(~A5))'. If this cell is a user instantiated LUT in the design, please remove connectivity to the pin or change the equation and/or INIT string of the LUT to prevent this issue. If the cell is inferred or IP created LUT, please regenerate the IP and/or resynthesize the design to attempt to correct the issue.
Related violations: <none>

PDCN-1569#100 Warning
LUT equation term check  
Used physical LUT pin 'A2' of cell U_adder_top/U_flicker/render/framed_ctu_U0/test_frames_U0/flicker_render_piyd2_U81/flicker_render_pipeline_ap_hsub_8_full_dsp_16_u/U0/i_synth/ADDSUB_OP.ADDSUB/SPEED_OP.DSP.OP/DSP48E1_BODY_HP.EXP/NOT_LOW_LATENCY_NORM_DIST.STRUCT_ADD/LSBaddmode1.lut0o6/LUT6 (in U_adder_top/U_flicker/render/framed_ctu_U0/test_frames_U0/flicker_render_piyd2_U81/flicker_render_pipeline_ap_hsub_8_full_dsp_16_u/U0/i_synth/ADDSUB_OP.ADDSUB/SPEED_OP.DSP.OP/DSP48E1_BODY_HP.EXP/NOT_LOW_LATENCY_NORM_DIST.STRUCT_ADD/LSBaddmode1.lut0o6 macro) is not included in the LUT equation: 'O6=(A3*A4*A5*(~A6))+(A3*A4*(~A5))+(A3*(~A4)*A5*A6)+(A3*(~A4)*(~A5)*(~A6))+((~A3)*A4*A5*A6)+((~A3)*A4*(~A5)*(~A6))+((~A3)*(~A4)*(~A5)*A6)'. If this cell is a user instantiated LUT in the design, please remove connectivity to the pin or change the equation and/or INIT string of the LUT to prevent this issue. If the cell is inferred or IP created LUT, please regenerate the IP and/or resynthesize the design to attempt to correct the issue.
Related violations: <none>

PDCN-1569#101 Warning
LUT equation term check  
Used physical LUT pin 'A2' of cell U_adder_top/U_flicker/render/render_lane_0u_U0/flicker_render_pixdS_U172/flicker_render_pipeline_ap_hadd_8_full_dsp_16_u/U0/i_synth/ADDSUB_OP.ADDSUB/SPEED_OP.DSP.OP/DSP48E1_BODY_HP.EXP/NOT_LOW_LATENCY_NORM_DIST.STRUCT_ADD/LSBaddmode1.lut0o6/LUT5 (in U_adder_top/U_flicker/render/render_lane_0u_U0/flicker_render_pixdS_U172/flicker_render_pipeline_ap_hadd_8_full_dsp_16_u/U0/i_synth/ADDSUB_OP.ADDSUB/SPEED_OP.DSP.OP/DSP48E1_BODY_HP.EXP/NOT_LOW_LATENCY_NORM_DIST.STRUCT_ADD/LSBaddmode1.lut0o6 macro) is not included in the LUT equation: 'O5=(A3*A4)+(A3*(~A4)*(~A5))+((~A3)*A4*(~A5))'. If this cell is a user instantiated LUT in the design, please remove connectivity to the pin or change the equation and/or INIT string of the LUT to prevent this issue. If the cell is inferred or IP created LUT, please regenerate the IP and/or resynthesize the design to attempt to correct the issue.
Related violations: <none>

PDCN-1569#102 Warning
LUT equation term check  
Used physical LUT pin 'A2' of cell U_adder_top/U_flicker/render/render_lane_0u_U0/flicker_render_pixdS_U172/flicker_render_pipeline_ap_hadd_8_full_dsp_16_u/U0/i_synth/ADDSUB_OP.ADDSUB/SPEED_OP.DSP.OP/DSP48E1_BODY_HP.EXP/NOT_LOW_LATENCY_NORM_DIST.STRUCT_ADD/LSBaddmode1.lut0o6/LUT6 (in U_adder_top/U_flicker/render/render_lane_0u_U0/flicker_render_pixdS_U172/flicker_render_pipeline_ap_hadd_8_full_dsp_16_u/U0/i_synth/ADDSUB_OP.ADDSUB/SPEED_OP.DSP.OP/DSP48E1_BODY_HP.EXP/NOT_LOW_LATENCY_NORM_DIST.STRUCT_ADD/LSBaddmode1.lut0o6 macro) is not included in the LUT equation: 'O6=(A3*A4*A5*(~A6))+(A3*A4*(~A5))+(A3*(~A4)*A5*A6)+(A3*(~A4)*(~A5)*(~A6))+((~A3)*A4*A5*A6)+((~A3)*A4*(~A5)*(~A6))+((~A3)*(~A4)*(~A5)*A6)'. If this cell is a user instantiated LUT in the design, please remove connectivity to the pin or change the equation and/or INIT string of the LUT to prevent this issue. If the cell is inferred or IP created LUT, please regenerate the IP and/or resynthesize the design to attempt to correct the issue.
Related violations: <none>

PDCN-1569#103 Warning
LUT equation term check  
Used physical LUT pin 'A2' of cell U_adder_top/U_flicker/render/render_lane_0u_U0/flicker_render_pixdS_U173/flicker_render_pipeline_ap_hadd_8_full_dsp_16_u/U0/i_synth/ADDSUB_OP.ADDSUB/SPEED_OP.DSP.OP/DSP48E1_BODY_HP.EXP/NOT_LOW_LATENCY_NORM_DIST.STRUCT_ADD/LSBaddmode1.lut0o6/LUT5 (in U_adder_top/U_flicker/render/render_lane_0u_U0/flicker_render_pixdS_U173/flicker_render_pipeline_ap_hadd_8_full_dsp_16_u/U0/i_synth/ADDSUB_OP.ADDSUB/SPEED_OP.DSP.OP/DSP48E1_BODY_HP.EXP/NOT_LOW_LATENCY_NORM_DIST.STRUCT_ADD/LSBaddmode1.lut0o6 macro) is not included in the LUT equation: 'O5=(A3*A4)+(A3*(~A4)*(~A5))+((~A3)*A4*(~A5))'. If this cell is a user instantiated LUT in the design, please remove connectivity to the pin or change the equation and/or INIT string of the LUT to prevent this issue. If the cell is inferred or IP created LUT, please regenerate the IP and/or resynthesize the design to attempt to correct the issue.
Related violations: <none>

PDCN-1569#104 Warning
LUT equation term check  
Used physical LUT pin 'A2' of cell U_adder_top/U_flicker/render/render_lane_0u_U0/flicker_render_pixdS_U173/flicker_render_pipeline_ap_hadd_8_full_dsp_16_u/U0/i_synth/ADDSUB_OP.ADDSUB/SPEED_OP.DSP.OP/DSP48E1_BODY_HP.EXP/NOT_LOW_LATENCY_NORM_DIST.STRUCT_ADD/LSBaddmode1.lut0o6/LUT6 (in U_adder_top/U_flicker/render/render_lane_0u_U0/flicker_render_pixdS_U173/flicker_render_pipeline_ap_hadd_8_full_dsp_16_u/U0/i_synth/ADDSUB_OP.ADDSUB/SPEED_OP.DSP.OP/DSP48E1_BODY_HP.EXP/NOT_LOW_LATENCY_NORM_DIST.STRUCT_ADD/LSBaddmode1.lut0o6 macro) is not included in the LUT equation: 'O6=(A3*A4*A5*(~A6))+(A3*A4*(~A5))+(A3*(~A4)*A5*A6)+(A3*(~A4)*(~A5)*(~A6))+((~A3)*A4*A5*A6)+((~A3)*A4*(~A5)*(~A6))+((~A3)*(~A4)*(~A5)*A6)'. If this cell is a user instantiated LUT in the design, please remove connectivity to the pin or change the equation and/or INIT string of the LUT to prevent this issue. If the cell is inferred or IP created LUT, please regenerate the IP and/or resynthesize the design to attempt to correct the issue.
Related violations: <none>

PDCN-1569#105 Warning
LUT equation term check  
Used physical LUT pin 'A2' of cell U_adder_top/U_flicker/render/render_lane_0u_U0/flicker_render_pixdS_U174/flicker_render_pipeline_ap_hadd_8_full_dsp_16_u/U0/i_synth/ADDSUB_OP.ADDSUB/SPEED_OP.DSP.OP/DSP48E1_BODY_HP.EXP/NOT_LOW_LATENCY_NORM_DIST.STRUCT_ADD/LSBaddmode1.lut0o6/LUT5 (in U_adder_top/U_flicker/render/render_lane_0u_U0/flicker_render_pixdS_U174/flicker_render_pipeline_ap_hadd_8_full_dsp_16_u/U0/i_synth/ADDSUB_OP.ADDSUB/SPEED_OP.DSP.OP/DSP48E1_BODY_HP.EXP/NOT_LOW_LATENCY_NORM_DIST.STRUCT_ADD/LSBaddmode1.lut0o6 macro) is not included in the LUT equation: 'O5=(A3*A4)+(A3*(~A4)*(~A5))+((~A3)*A4*(~A5))'. If this cell is a user instantiated LUT in the design, please remove connectivity to the pin or change the equation and/or INIT string of the LUT to prevent this issue. If the cell is inferred or IP created LUT, please regenerate the IP and/or resynthesize the design to attempt to correct the issue.
Related violations: <none>

PDCN-1569#106 Warning
LUT equation term check  
Used physical LUT pin 'A2' of cell U_adder_top/U_flicker/render/render_lane_0u_U0/flicker_render_pixdS_U174/flicker_render_pipeline_ap_hadd_8_full_dsp_16_u/U0/i_synth/ADDSUB_OP.ADDSUB/SPEED_OP.DSP.OP/DSP48E1_BODY_HP.EXP/NOT_LOW_LATENCY_NORM_DIST.STRUCT_ADD/LSBaddmode1.lut0o6/LUT6 (in U_adder_top/U_flicker/render/render_lane_0u_U0/flicker_render_pixdS_U174/flicker_render_pipeline_ap_hadd_8_full_dsp_16_u/U0/i_synth/ADDSUB_OP.ADDSUB/SPEED_OP.DSP.OP/DSP48E1_BODY_HP.EXP/NOT_LOW_LATENCY_NORM_DIST.STRUCT_ADD/LSBaddmode1.lut0o6 macro) is not included in the LUT equation: 'O6=(A3*A4*A5*(~A6))+(A3*A4*(~A5))+(A3*(~A4)*A5*A6)+(A3*(~A4)*(~A5)*(~A6))+((~A3)*A4*A5*A6)+((~A3)*A4*(~A5)*(~A6))+((~A3)*(~A4)*(~A5)*A6)'. If this cell is a user instantiated LUT in the design, please remove connectivity to the pin or change the equation and/or INIT string of the LUT to prevent this issue. If the cell is inferred or IP created LUT, please regenerate the IP and/or resynthesize the design to attempt to correct the issue.
Related violations: <none>

PDCN-1569#107 Warning
LUT equation term check  
Used physical LUT pin 'A2' of cell U_adder_top/U_flicker/render/render_lane_0u_U0/grp_evaluate_group_0u_s_fu_446/flicker_render_pixdS_U138/flicker_render_pipeline_ap_hadd_8_full_dsp_16_u/U0/i_synth/ADDSUB_OP.ADDSUB/SPEED_OP.DSP.OP/DSP48E1_BODY_HP.EXP/NOT_LOW_LATENCY_NORM_DIST.STRUCT_ADD/LSBaddmode1.lut0o6/LUT5 (in U_adder_top/U_flicker/render/render_lane_0u_U0/grp_evaluate_group_0u_s_fu_446/flicker_render_pixdS_U138/flicker_render_pipeline_ap_hadd_8_full_dsp_16_u/U0/i_synth/ADDSUB_OP.ADDSUB/SPEED_OP.DSP.OP/DSP48E1_BODY_HP.EXP/NOT_LOW_LATENCY_NORM_DIST.STRUCT_ADD/LSBaddmode1.lut0o6 macro) is not included in the LUT equation: 'O5=(A3*A4)+(A3*(~A4)*(~A5))+((~A3)*A4*(~A5))'. If this cell is a user instantiated LUT in the design, please remove connectivity to the pin or change the equation and/or INIT string of the LUT to prevent this issue. If the cell is inferred or IP created LUT, please regenerate the IP and/or resynthesize the design to attempt to correct the issue.
Related violations: <none>

PDCN-1569#108 Warning
LUT equation term check  
Used physical LUT pin 'A2' of cell U_adder_top/U_flicker/render/render_lane_0u_U0/grp_evaluate_group_0u_s_fu_446/flicker_render_pixdS_U138/flicker_render_pipeline_ap_hadd_8_full_dsp_16_u/U0/i_synth/ADDSUB_OP.ADDSUB/SPEED_OP.DSP.OP/DSP48E1_BODY_HP.EXP/NOT_LOW_LATENCY_NORM_DIST.STRUCT_ADD/LSBaddmode1.lut0o6/LUT6 (in U_adder_top/U_flicker/render/render_lane_0u_U0/grp_evaluate_group_0u_s_fu_446/flicker_render_pixdS_U138/flicker_render_pipeline_ap_hadd_8_full_dsp_16_u/U0/i_synth/ADDSUB_OP.ADDSUB/SPEED_OP.DSP.OP/DSP48E1_BODY_HP.EXP/NOT_LOW_LATENCY_NORM_DIST.STRUCT_ADD/LSBaddmode1.lut0o6 macro) is not included in the LUT equation: 'O6=(A3*A4*A5*(~A6))+(A3*A4*(~A5))+(A3*(~A4)*A5*A6)+(A3*(~A4)*(~A5)*(~A6))+((~A3)*A4*A5*A6)+((~A3)*A4*(~A5)*(~A6))+((~A3)*(~A4)*(~A5)*A6)'. If this cell is a user instantiated LUT in the design, please remove connectivity to the pin or change the equation and/or INIT string of the LUT to prevent this issue. If the cell is inferred or IP created LUT, please regenerate the IP and/or resynthesize the design to attempt to correct the issue.
Related violations: <none>

PDCN-1569#109 Warning
LUT equation term check  
Used physical LUT pin 'A2' of cell U_adder_top/U_flicker/render/render_lane_0u_U0/grp_evaluate_group_0u_s_fu_446/flicker_render_pixdS_U139/flicker_render_pipeline_ap_hadd_8_full_dsp_16_u/U0/i_synth/ADDSUB_OP.ADDSUB/SPEED_OP.DSP.OP/DSP48E1_BODY_HP.EXP/NOT_LOW_LATENCY_NORM_DIST.STRUCT_ADD/LSBaddmode1.lut0o6/LUT5 (in U_adder_top/U_flicker/render/render_lane_0u_U0/grp_evaluate_group_0u_s_fu_446/flicker_render_pixdS_U139/flicker_render_pipeline_ap_hadd_8_full_dsp_16_u/U0/i_synth/ADDSUB_OP.ADDSUB/SPEED_OP.DSP.OP/DSP48E1_BODY_HP.EXP/NOT_LOW_LATENCY_NORM_DIST.STRUCT_ADD/LSBaddmode1.lut0o6 macro) is not included in the LUT equation: 'O5=(A3*A4)+(A3*(~A4)*(~A5))+((~A3)*A4*(~A5))'. If this cell is a user instantiated LUT in the design, please remove connectivity to the pin or change the equation and/or INIT string of the LUT to prevent this issue. If the cell is inferred or IP created LUT, please regenerate the IP and/or resynthesize the design to attempt to correct the issue.
Related violations: <none>

PDCN-1569#110 Warning
LUT equation term check  
Used physical LUT pin 'A2' of cell U_adder_top/U_flicker/render/render_lane_0u_U0/grp_evaluate_group_0u_s_fu_446/flicker_render_pixdS_U139/flicker_render_pipeline_ap_hadd_8_full_dsp_16_u/U0/i_synth/ADDSUB_OP.ADDSUB/SPEED_OP.DSP.OP/DSP48E1_BODY_HP.EXP/NOT_LOW_LATENCY_NORM_DIST.STRUCT_ADD/LSBaddmode1.lut0o6/LUT6 (in U_adder_top/U_flicker/render/render_lane_0u_U0/grp_evaluate_group_0u_s_fu_446/flicker_render_pixdS_U139/flicker_render_pipeline_ap_hadd_8_full_dsp_16_u/U0/i_synth/ADDSUB_OP.ADDSUB/SPEED_OP.DSP.OP/DSP48E1_BODY_HP.EXP/NOT_LOW_LATENCY_NORM_DIST.STRUCT_ADD/LSBaddmode1.lut0o6 macro) is not included in the LUT equation: 'O6=(A3*A4*A5*(~A6))+(A3*A4*(~A5))+(A3*(~A4)*A5*A6)+(A3*(~A4)*(~A5)*(~A6))+((~A3)*A4*A5*A6)+((~A3)*A4*(~A5)*(~A6))+((~A3)*(~A4)*(~A5)*A6)'. If this cell is a user instantiated LUT in the design, please remove connectivity to the pin or change the equation and/or INIT string of the LUT to prevent this issue. If the cell is inferred or IP created LUT, please regenerate the IP and/or resynthesize the design to attempt to correct the issue.
Related violations: <none>

PDCN-1569#111 Warning
LUT equation term check  
Used physical LUT pin 'A2' of cell U_adder_top/U_flicker/render/render_lane_0u_U0/grp_evaluate_group_0u_s_fu_446/flicker_render_pixdS_U140/flicker_render_pipeline_ap_hadd_8_full_dsp_16_u/U0/i_synth/ADDSUB_OP.ADDSUB/SPEED_OP.DSP.OP/DSP48E1_BODY_HP.EXP/NOT_LOW_LATENCY_NORM_DIST.STRUCT_ADD/LSBaddmode1.lut0o6/LUT5 (in U_adder_top/U_flicker/render/render_lane_0u_U0/grp_evaluate_group_0u_s_fu_446/flicker_render_pixdS_U140/flicker_render_pipeline_ap_hadd_8_full_dsp_16_u/U0/i_synth/ADDSUB_OP.ADDSUB/SPEED_OP.DSP.OP/DSP48E1_BODY_HP.EXP/NOT_LOW_LATENCY_NORM_DIST.STRUCT_ADD/LSBaddmode1.lut0o6 macro) is not included in the LUT equation: 'O5=(A3*A4)+(A3*(~A4)*(~A5))+((~A3)*A4*(~A5))'. If this cell is a user instantiated LUT in the design, please remove connectivity to the pin or change the equation and/or INIT string of the LUT to prevent this issue. If the cell is inferred or IP created LUT, please regenerate the IP and/or resynthesize the design to attempt to correct the issue.
Related violations: <none>

PDCN-1569#112 Warning
LUT equation term check  
Used physical LUT pin 'A2' of cell U_adder_top/U_flicker/render/render_lane_0u_U0/grp_evaluate_group_0u_s_fu_446/flicker_render_pixdS_U140/flicker_render_pipeline_ap_hadd_8_full_dsp_16_u/U0/i_synth/ADDSUB_OP.ADDSUB/SPEED_OP.DSP.OP/DSP48E1_BODY_HP.EXP/NOT_LOW_LATENCY_NORM_DIST.STRUCT_ADD/LSBaddmode1.lut0o6/LUT6 (in U_adder_top/U_flicker/render/render_lane_0u_U0/grp_evaluate_group_0u_s_fu_446/flicker_render_pixdS_U140/flicker_render_pipeline_ap_hadd_8_full_dsp_16_u/U0/i_synth/ADDSUB_OP.ADDSUB/SPEED_OP.DSP.OP/DSP48E1_BODY_HP.EXP/NOT_LOW_LATENCY_NORM_DIST.STRUCT_ADD/LSBaddmode1.lut0o6 macro) is not included in the LUT equation: 'O6=(A3*A4*A5*(~A6))+(A3*A4*(~A5))+(A3*(~A4)*A5*A6)+(A3*(~A4)*(~A5)*(~A6))+((~A3)*A4*A5*A6)+((~A3)*A4*(~A5)*(~A6))+((~A3)*(~A4)*(~A5)*A6)'. If this cell is a user instantiated LUT in the design, please remove connectivity to the pin or change the equation and/or INIT string of the LUT to prevent this issue. If the cell is inferred or IP created LUT, please regenerate the IP and/or resynthesize the design to attempt to correct the issue.
Related violations: <none>

PDCN-1569#113 Warning
LUT equation term check  
Used physical LUT pin 'A2' of cell U_adder_top/U_flicker/render/render_lane_0u_U0/grp_evaluate_group_0u_s_fu_446/flicker_render_pixdS_U141/flicker_render_pipeline_ap_hadd_8_full_dsp_16_u/U0/i_synth/ADDSUB_OP.ADDSUB/SPEED_OP.DSP.OP/DSP48E1_BODY_HP.EXP/NOT_LOW_LATENCY_NORM_DIST.STRUCT_ADD/LSBaddmode1.lut0o6/LUT5 (in U_adder_top/U_flicker/render/render_lane_0u_U0/grp_evaluate_group_0u_s_fu_446/flicker_render_pixdS_U141/flicker_render_pipeline_ap_hadd_8_full_dsp_16_u/U0/i_synth/ADDSUB_OP.ADDSUB/SPEED_OP.DSP.OP/DSP48E1_BODY_HP.EXP/NOT_LOW_LATENCY_NORM_DIST.STRUCT_ADD/LSBaddmode1.lut0o6 macro) is not included in the LUT equation: 'O5=(A3*A4)+(A3*(~A4)*(~A5))+((~A3)*A4*(~A5))'. If this cell is a user instantiated LUT in the design, please remove connectivity to the pin or change the equation and/or INIT string of the LUT to prevent this issue. If the cell is inferred or IP created LUT, please regenerate the IP and/or resynthesize the design to attempt to correct the issue.
Related violations: <none>

PDCN-1569#114 Warning
LUT equation term check  
Used physical LUT pin 'A2' of cell U_adder_top/U_flicker/render/render_lane_0u_U0/grp_evaluate_group_0u_s_fu_446/flicker_render_pixdS_U141/flicker_render_pipeline_ap_hadd_8_full_dsp_16_u/U0/i_synth/ADDSUB_OP.ADDSUB/SPEED_OP.DSP.OP/DSP48E1_BODY_HP.EXP/NOT_LOW_LATENCY_NORM_DIST.STRUCT_ADD/LSBaddmode1.lut0o6/LUT6 (in U_adder_top/U_flicker/render/render_lane_0u_U0/grp_evaluate_group_0u_s_fu_446/flicker_render_pixdS_U141/flicker_render_pipeline_ap_hadd_8_full_dsp_16_u/U0/i_synth/ADDSUB_OP.ADDSUB/SPEED_OP.DSP.OP/DSP48E1_BODY_HP.EXP/NOT_LOW_LATENCY_NORM_DIST.STRUCT_ADD/LSBaddmode1.lut0o6 macro) is not included in the LUT equation: 'O6=(A3*A4*A5*(~A6))+(A3*A4*(~A5))+(A3*(~A4)*A5*A6)+(A3*(~A4)*(~A5)*(~A6))+((~A3)*A4*A5*A6)+((~A3)*A4*(~A5)*(~A6))+((~A3)*(~A4)*(~A5)*A6)'. If this cell is a user instantiated LUT in the design, please remove connectivity to the pin or change the equation and/or INIT string of the LUT to prevent this issue. If the cell is inferred or IP created LUT, please regenerate the IP and/or resynthesize the design to attempt to correct the issue.
Related violations: <none>

PDCN-1569#115 Warning
LUT equation term check  
Used physical LUT pin 'A2' of cell U_adder_top/U_flicker/render/render_lane_0u_U0/grp_evaluate_group_0u_s_fu_446/flicker_render_piyd2_U142/flicker_render_pipeline_ap_hsub_8_full_dsp_16_u/U0/i_synth/ADDSUB_OP.ADDSUB/SPEED_OP.DSP.OP/DSP48E1_BODY_HP.EXP/NOT_LOW_LATENCY_NORM_DIST.STRUCT_ADD/LSBaddmode1.lut0o6/LUT5 (in U_adder_top/U_flicker/render/render_lane_0u_U0/grp_evaluate_group_0u_s_fu_446/flicker_render_piyd2_U142/flicker_render_pipeline_ap_hsub_8_full_dsp_16_u/U0/i_synth/ADDSUB_OP.ADDSUB/SPEED_OP.DSP.OP/DSP48E1_BODY_HP.EXP/NOT_LOW_LATENCY_NORM_DIST.STRUCT_ADD/LSBaddmode1.lut0o6 macro) is not included in the LUT equation: 'O5=(A3*A4)+(A3*(~A4)*(~A5))+((~A3)*A4*(~A5))'. If this cell is a user instantiated LUT in the design, please remove connectivity to the pin or change the equation and/or INIT string of the LUT to prevent this issue. If the cell is inferred or IP created LUT, please regenerate the IP and/or resynthesize the design to attempt to correct the issue.
Related violations: <none>

PDCN-1569#116 Warning
LUT equation term check  
Used physical LUT pin 'A2' of cell U_adder_top/U_flicker/render/render_lane_0u_U0/grp_evaluate_group_0u_s_fu_446/flicker_render_piyd2_U142/flicker_render_pipeline_ap_hsub_8_full_dsp_16_u/U0/i_synth/ADDSUB_OP.ADDSUB/SPEED_OP.DSP.OP/DSP48E1_BODY_HP.EXP/NOT_LOW_LATENCY_NORM_DIST.STRUCT_ADD/LSBaddmode1.lut0o6/LUT6 (in U_adder_top/U_flicker/render/render_lane_0u_U0/grp_evaluate_group_0u_s_fu_446/flicker_render_piyd2_U142/flicker_render_pipeline_ap_hsub_8_full_dsp_16_u/U0/i_synth/ADDSUB_OP.ADDSUB/SPEED_OP.DSP.OP/DSP48E1_BODY_HP.EXP/NOT_LOW_LATENCY_NORM_DIST.STRUCT_ADD/LSBaddmode1.lut0o6 macro) is not included in the LUT equation: 'O6=(A3*A4*A5*(~A6))+(A3*A4*(~A5))+(A3*(~A4)*A5*A6)+(A3*(~A4)*(~A5)*(~A6))+((~A3)*A4*A5*A6)+((~A3)*A4*(~A5)*(~A6))+((~A3)*(~A4)*(~A5)*A6)'. If this cell is a user instantiated LUT in the design, please remove connectivity to the pin or change the equation and/or INIT string of the LUT to prevent this issue. If the cell is inferred or IP created LUT, please regenerate the IP and/or resynthesize the design to attempt to correct the issue.
Related violations: <none>

PDCN-1569#117 Warning
LUT equation term check  
Used physical LUT pin 'A2' of cell U_adder_top/U_flicker/render/render_lane_0u_U0/grp_evaluate_group_0u_s_fu_446/flicker_render_piyd2_U143/flicker_render_pipeline_ap_hsub_8_full_dsp_16_u/U0/i_synth/ADDSUB_OP.ADDSUB/SPEED_OP.DSP.OP/DSP48E1_BODY_HP.EXP/NOT_LOW_LATENCY_NORM_DIST.STRUCT_ADD/LSBaddmode1.lut0o6/LUT5 (in U_adder_top/U_flicker/render/render_lane_0u_U0/grp_evaluate_group_0u_s_fu_446/flicker_render_piyd2_U143/flicker_render_pipeline_ap_hsub_8_full_dsp_16_u/U0/i_synth/ADDSUB_OP.ADDSUB/SPEED_OP.DSP.OP/DSP48E1_BODY_HP.EXP/NOT_LOW_LATENCY_NORM_DIST.STRUCT_ADD/LSBaddmode1.lut0o6 macro) is not included in the LUT equation: 'O5=(A3*A4)+(A3*(~A4)*(~A5))+((~A3)*A4*(~A5))'. If this cell is a user instantiated LUT in the design, please remove connectivity to the pin or change the equation and/or INIT string of the LUT to prevent this issue. If the cell is inferred or IP created LUT, please regenerate the IP and/or resynthesize the design to attempt to correct the issue.
Related violations: <none>

PDCN-1569#118 Warning
LUT equation term check  
Used physical LUT pin 'A2' of cell U_adder_top/U_flicker/render/render_lane_0u_U0/grp_evaluate_group_0u_s_fu_446/flicker_render_piyd2_U143/flicker_render_pipeline_ap_hsub_8_full_dsp_16_u/U0/i_synth/ADDSUB_OP.ADDSUB/SPEED_OP.DSP.OP/DSP48E1_BODY_HP.EXP/NOT_LOW_LATENCY_NORM_DIST.STRUCT_ADD/LSBaddmode1.lut0o6/LUT6 (in U_adder_top/U_flicker/render/render_lane_0u_U0/grp_evaluate_group_0u_s_fu_446/flicker_render_piyd2_U143/flicker_render_pipeline_ap_hsub_8_full_dsp_16_u/U0/i_synth/ADDSUB_OP.ADDSUB/SPEED_OP.DSP.OP/DSP48E1_BODY_HP.EXP/NOT_LOW_LATENCY_NORM_DIST.STRUCT_ADD/LSBaddmode1.lut0o6 macro) is not included in the LUT equation: 'O6=(A3*A4*A5*(~A6))+(A3*A4*(~A5))+(A3*(~A4)*A5*A6)+(A3*(~A4)*(~A5)*(~A6))+((~A3)*A4*A5*A6)+((~A3)*A4*(~A5)*(~A6))+((~A3)*(~A4)*(~A5)*A6)'. If this cell is a user instantiated LUT in the design, please remove connectivity to the pin or change the equation and/or INIT string of the LUT to prevent this issue. If the cell is inferred or IP created LUT, please regenerate the IP and/or resynthesize the design to attempt to correct the issue.
Related violations: <none>

PDCN-1569#119 Warning
LUT equation term check  
Used physical LUT pin 'A2' of cell U_adder_top/U_flicker/render/render_lane_0u_U0/grp_evaluate_group_0u_s_fu_446/flicker_render_piyd2_U144/flicker_render_pipeline_ap_hsub_8_full_dsp_16_u/U0/i_synth/ADDSUB_OP.ADDSUB/SPEED_OP.DSP.OP/DSP48E1_BODY_HP.EXP/NOT_LOW_LATENCY_NORM_DIST.STRUCT_ADD/LSBaddmode1.lut0o6/LUT5 (in U_adder_top/U_flicker/render/render_lane_0u_U0/grp_evaluate_group_0u_s_fu_446/flicker_render_piyd2_U144/flicker_render_pipeline_ap_hsub_8_full_dsp_16_u/U0/i_synth/ADDSUB_OP.ADDSUB/SPEED_OP.DSP.OP/DSP48E1_BODY_HP.EXP/NOT_LOW_LATENCY_NORM_DIST.STRUCT_ADD/LSBaddmode1.lut0o6 macro) is not included in the LUT equation: 'O5=(A3*A4)+(A3*(~A4)*(~A5))+((~A3)*A4*(~A5))'. If this cell is a user instantiated LUT in the design, please remove connectivity to the pin or change the equation and/or INIT string of the LUT to prevent this issue. If the cell is inferred or IP created LUT, please regenerate the IP and/or resynthesize the design to attempt to correct the issue.
Related violations: <none>

PDCN-1569#120 Warning
LUT equation term check  
Used physical LUT pin 'A2' of cell U_adder_top/U_flicker/render/render_lane_0u_U0/grp_evaluate_group_0u_s_fu_446/flicker_render_piyd2_U144/flicker_render_pipeline_ap_hsub_8_full_dsp_16_u/U0/i_synth/ADDSUB_OP.ADDSUB/SPEED_OP.DSP.OP/DSP48E1_BODY_HP.EXP/NOT_LOW_LATENCY_NORM_DIST.STRUCT_ADD/LSBaddmode1.lut0o6/LUT6 (in U_adder_top/U_flicker/render/render_lane_0u_U0/grp_evaluate_group_0u_s_fu_446/flicker_render_piyd2_U144/flicker_render_pipeline_ap_hsub_8_full_dsp_16_u/U0/i_synth/ADDSUB_OP.ADDSUB/SPEED_OP.DSP.OP/DSP48E1_BODY_HP.EXP/NOT_LOW_LATENCY_NORM_DIST.STRUCT_ADD/LSBaddmode1.lut0o6 macro) is not included in the LUT equation: 'O6=(A3*A4*A5*(~A6))+(A3*A4*(~A5))+(A3*(~A4)*A5*A6)+(A3*(~A4)*(~A5)*(~A6))+((~A3)*A4*A5*A6)+((~A3)*A4*(~A5)*(~A6))+((~A3)*(~A4)*(~A5)*A6)'. If this cell is a user instantiated LUT in the design, please remove connectivity to the pin or change the equation and/or INIT string of the LUT to prevent this issue. If the cell is inferred or IP created LUT, please regenerate the IP and/or resynthesize the design to attempt to correct the issue.
Related violations: <none>

PDCN-1569#121 Warning
LUT equation term check  
Used physical LUT pin 'A2' of cell U_adder_top/U_flicker/render/render_lane_0u_U0/grp_evaluate_group_0u_s_fu_446/flicker_render_piyd2_U145/flicker_render_pipeline_ap_hsub_8_full_dsp_16_u/U0/i_synth/ADDSUB_OP.ADDSUB/SPEED_OP.DSP.OP/DSP48E1_BODY_HP.EXP/NOT_LOW_LATENCY_NORM_DIST.STRUCT_ADD/LSBaddmode1.lut0o6/LUT5 (in U_adder_top/U_flicker/render/render_lane_0u_U0/grp_evaluate_group_0u_s_fu_446/flicker_render_piyd2_U145/flicker_render_pipeline_ap_hsub_8_full_dsp_16_u/U0/i_synth/ADDSUB_OP.ADDSUB/SPEED_OP.DSP.OP/DSP48E1_BODY_HP.EXP/NOT_LOW_LATENCY_NORM_DIST.STRUCT_ADD/LSBaddmode1.lut0o6 macro) is not included in the LUT equation: 'O5=(A3*A4)+(A3*(~A4)*(~A5))+((~A3)*A4*(~A5))'. If this cell is a user instantiated LUT in the design, please remove connectivity to the pin or change the equation and/or INIT string of the LUT to prevent this issue. If the cell is inferred or IP created LUT, please regenerate the IP and/or resynthesize the design to attempt to correct the issue.
Related violations: <none>

PDCN-1569#122 Warning
LUT equation term check  
Used physical LUT pin 'A2' of cell U_adder_top/U_flicker/render/render_lane_0u_U0/grp_evaluate_group_0u_s_fu_446/flicker_render_piyd2_U145/flicker_render_pipeline_ap_hsub_8_full_dsp_16_u/U0/i_synth/ADDSUB_OP.ADDSUB/SPEED_OP.DSP.OP/DSP48E1_BODY_HP.EXP/NOT_LOW_LATENCY_NORM_DIST.STRUCT_ADD/LSBaddmode1.lut0o6/LUT6 (in U_adder_top/U_flicker/render/render_lane_0u_U0/grp_evaluate_group_0u_s_fu_446/flicker_render_piyd2_U145/flicker_render_pipeline_ap_hsub_8_full_dsp_16_u/U0/i_synth/ADDSUB_OP.ADDSUB/SPEED_OP.DSP.OP/DSP48E1_BODY_HP.EXP/NOT_LOW_LATENCY_NORM_DIST.STRUCT_ADD/LSBaddmode1.lut0o6 macro) is not included in the LUT equation: 'O6=(A3*A4*A5*(~A6))+(A3*A4*(~A5))+(A3*(~A4)*A5*A6)+(A3*(~A4)*(~A5)*(~A6))+((~A3)*A4*A5*A6)+((~A3)*A4*(~A5)*(~A6))+((~A3)*(~A4)*(~A5)*A6)'. If this cell is a user instantiated LUT in the design, please remove connectivity to the pin or change the equation and/or INIT string of the LUT to prevent this issue. If the cell is inferred or IP created LUT, please regenerate the IP and/or resynthesize the design to attempt to correct the issue.
Related violations: <none>

PDCN-1569#123 Warning
LUT equation term check  
Used physical LUT pin 'A2' of cell U_adder_top/U_flicker/render/render_lane_1u_U0/flicker_render_pixdS_U221/flicker_render_pipeline_ap_hadd_8_full_dsp_16_u/U0/i_synth/ADDSUB_OP.ADDSUB/SPEED_OP.DSP.OP/DSP48E1_BODY_HP.EXP/NOT_LOW_LATENCY_NORM_DIST.STRUCT_ADD/LSBaddmode1.lut0o6/LUT5 (in U_adder_top/U_flicker/render/render_lane_1u_U0/flicker_render_pixdS_U221/flicker_render_pipeline_ap_hadd_8_full_dsp_16_u/U0/i_synth/ADDSUB_OP.ADDSUB/SPEED_OP.DSP.OP/DSP48E1_BODY_HP.EXP/NOT_LOW_LATENCY_NORM_DIST.STRUCT_ADD/LSBaddmode1.lut0o6 macro) is not included in the LUT equation: 'O5=(A3*A4)+(A3*(~A4)*(~A5))+((~A3)*A4*(~A5))'. If this cell is a user instantiated LUT in the design, please remove connectivity to the pin or change the equation and/or INIT string of the LUT to prevent this issue. If the cell is inferred or IP created LUT, please regenerate the IP and/or resynthesize the design to attempt to correct the issue.
Related violations: <none>

PDCN-1569#124 Warning
LUT equation term check  
Used physical LUT pin 'A2' of cell U_adder_top/U_flicker/render/render_lane_1u_U0/flicker_render_pixdS_U221/flicker_render_pipeline_ap_hadd_8_full_dsp_16_u/U0/i_synth/ADDSUB_OP.ADDSUB/SPEED_OP.DSP.OP/DSP48E1_BODY_HP.EXP/NOT_LOW_LATENCY_NORM_DIST.STRUCT_ADD/LSBaddmode1.lut0o6/LUT6 (in U_adder_top/U_flicker/render/render_lane_1u_U0/flicker_render_pixdS_U221/flicker_render_pipeline_ap_hadd_8_full_dsp_16_u/U0/i_synth/ADDSUB_OP.ADDSUB/SPEED_OP.DSP.OP/DSP48E1_BODY_HP.EXP/NOT_LOW_LATENCY_NORM_DIST.STRUCT_ADD/LSBaddmode1.lut0o6 macro) is not included in the LUT equation: 'O6=(A3*A4*A5*(~A6))+(A3*A4*(~A5))+(A3*(~A4)*A5*A6)+(A3*(~A4)*(~A5)*(~A6))+((~A3)*A4*A5*A6)+((~A3)*A4*(~A5)*(~A6))+((~A3)*(~A4)*(~A5)*A6)'. If this cell is a user instantiated LUT in the design, please remove connectivity to the pin or change the equation and/or INIT string of the LUT to prevent this issue. If the cell is inferred or IP created LUT, please regenerate the IP and/or resynthesize the design to attempt to correct the issue.
Related violations: <none>

PDCN-1569#125 Warning
LUT equation term check  
Used physical LUT pin 'A2' of cell U_adder_top/U_flicker/render/render_lane_1u_U0/flicker_render_pixdS_U222/flicker_render_pipeline_ap_hadd_8_full_dsp_16_u/U0/i_synth/ADDSUB_OP.ADDSUB/SPEED_OP.DSP.OP/DSP48E1_BODY_HP.EXP/NOT_LOW_LATENCY_NORM_DIST.STRUCT_ADD/LSBaddmode1.lut0o6/LUT5 (in U_adder_top/U_flicker/render/render_lane_1u_U0/flicker_render_pixdS_U222/flicker_render_pipeline_ap_hadd_8_full_dsp_16_u/U0/i_synth/ADDSUB_OP.ADDSUB/SPEED_OP.DSP.OP/DSP48E1_BODY_HP.EXP/NOT_LOW_LATENCY_NORM_DIST.STRUCT_ADD/LSBaddmode1.lut0o6 macro) is not included in the LUT equation: 'O5=(A3*A4)+(A3*(~A4)*(~A5))+((~A3)*A4*(~A5))'. If this cell is a user instantiated LUT in the design, please remove connectivity to the pin or change the equation and/or INIT string of the LUT to prevent this issue. If the cell is inferred or IP created LUT, please regenerate the IP and/or resynthesize the design to attempt to correct the issue.
Related violations: <none>

PDCN-1569#126 Warning
LUT equation term check  
Used physical LUT pin 'A2' of cell U_adder_top/U_flicker/render/render_lane_1u_U0/flicker_render_pixdS_U222/flicker_render_pipeline_ap_hadd_8_full_dsp_16_u/U0/i_synth/ADDSUB_OP.ADDSUB/SPEED_OP.DSP.OP/DSP48E1_BODY_HP.EXP/NOT_LOW_LATENCY_NORM_DIST.STRUCT_ADD/LSBaddmode1.lut0o6/LUT6 (in U_adder_top/U_flicker/render/render_lane_1u_U0/flicker_render_pixdS_U222/flicker_render_pipeline_ap_hadd_8_full_dsp_16_u/U0/i_synth/ADDSUB_OP.ADDSUB/SPEED_OP.DSP.OP/DSP48E1_BODY_HP.EXP/NOT_LOW_LATENCY_NORM_DIST.STRUCT_ADD/LSBaddmode1.lut0o6 macro) is not included in the LUT equation: 'O6=(A3*A4*A5*(~A6))+(A3*A4*(~A5))+(A3*(~A4)*A5*A6)+(A3*(~A4)*(~A5)*(~A6))+((~A3)*A4*A5*A6)+((~A3)*A4*(~A5)*(~A6))+((~A3)*(~A4)*(~A5)*A6)'. If this cell is a user instantiated LUT in the design, please remove connectivity to the pin or change the equation and/or INIT string of the LUT to prevent this issue. If the cell is inferred or IP created LUT, please regenerate the IP and/or resynthesize the design to attempt to correct the issue.
Related violations: <none>

PDCN-1569#127 Warning
LUT equation term check  
Used physical LUT pin 'A2' of cell U_adder_top/U_flicker/render/render_lane_1u_U0/flicker_render_pixdS_U223/flicker_render_pipeline_ap_hadd_8_full_dsp_16_u/U0/i_synth/ADDSUB_OP.ADDSUB/SPEED_OP.DSP.OP/DSP48E1_BODY_HP.EXP/NOT_LOW_LATENCY_NORM_DIST.STRUCT_ADD/LSBaddmode1.lut0o6/LUT5 (in U_adder_top/U_flicker/render/render_lane_1u_U0/flicker_render_pixdS_U223/flicker_render_pipeline_ap_hadd_8_full_dsp_16_u/U0/i_synth/ADDSUB_OP.ADDSUB/SPEED_OP.DSP.OP/DSP48E1_BODY_HP.EXP/NOT_LOW_LATENCY_NORM_DIST.STRUCT_ADD/LSBaddmode1.lut0o6 macro) is not included in the LUT equation: 'O5=(A3*A4)+(A3*(~A4)*(~A5))+((~A3)*A4*(~A5))'. If this cell is a user instantiated LUT in the design, please remove connectivity to the pin or change the equation and/or INIT string of the LUT to prevent this issue. If the cell is inferred or IP created LUT, please regenerate the IP and/or resynthesize the design to attempt to correct the issue.
Related violations: <none>

PDCN-1569#128 Warning
LUT equation term check  
Used physical LUT pin 'A2' of cell U_adder_top/U_flicker/render/render_lane_1u_U0/flicker_render_pixdS_U223/flicker_render_pipeline_ap_hadd_8_full_dsp_16_u/U0/i_synth/ADDSUB_OP.ADDSUB/SPEED_OP.DSP.OP/DSP48E1_BODY_HP.EXP/NOT_LOW_LATENCY_NORM_DIST.STRUCT_ADD/LSBaddmode1.lut0o6/LUT6 (in U_adder_top/U_flicker/render/render_lane_1u_U0/flicker_render_pixdS_U223/flicker_render_pipeline_ap_hadd_8_full_dsp_16_u/U0/i_synth/ADDSUB_OP.ADDSUB/SPEED_OP.DSP.OP/DSP48E1_BODY_HP.EXP/NOT_LOW_LATENCY_NORM_DIST.STRUCT_ADD/LSBaddmode1.lut0o6 macro) is not included in the LUT equation: 'O6=(A3*A4*A5*(~A6))+(A3*A4*(~A5))+(A3*(~A4)*A5*A6)+(A3*(~A4)*(~A5)*(~A6))+((~A3)*A4*A5*A6)+((~A3)*A4*(~A5)*(~A6))+((~A3)*(~A4)*(~A5)*A6)'. If this cell is a user instantiated LUT in the design, please remove connectivity to the pin or change the equation and/or INIT string of the LUT to prevent this issue. If the cell is inferred or IP created LUT, please regenerate the IP and/or resynthesize the design to attempt to correct the issue.
Related violations: <none>

PDCN-1569#129 Warning
LUT equation term check  
Used physical LUT pin 'A2' of cell U_adder_top/U_flicker/render/render_lane_1u_U0/grp_evaluate_group_1u_s_fu_448/flicker_render_pixdS_U188/flicker_render_pipeline_ap_hadd_8_full_dsp_16_u/U0/i_synth/ADDSUB_OP.ADDSUB/SPEED_OP.DSP.OP/DSP48E1_BODY_HP.EXP/NOT_LOW_LATENCY_NORM_DIST.STRUCT_ADD/LSBaddmode1.lut0o6/LUT5 (in U_adder_top/U_flicker/render/render_lane_1u_U0/grp_evaluate_group_1u_s_fu_448/flicker_render_pixdS_U188/flicker_render_pipeline_ap_hadd_8_full_dsp_16_u/U0/i_synth/ADDSUB_OP.ADDSUB/SPEED_OP.DSP.OP/DSP48E1_BODY_HP.EXP/NOT_LOW_LATENCY_NORM_DIST.STRUCT_ADD/LSBaddmode1.lut0o6 macro) is not included in the LUT equation: 'O5=(A3*A4)+(A3*(~A4)*(~A5))+((~A3)*A4*(~A5))'. If this cell is a user instantiated LUT in the design, please remove connectivity to the pin or change the equation and/or INIT string of the LUT to prevent this issue. If the cell is inferred or IP created LUT, please regenerate the IP and/or resynthesize the design to attempt to correct the issue.
Related violations: <none>

PDCN-1569#130 Warning
LUT equation term check  
Used physical LUT pin 'A2' of cell U_adder_top/U_flicker/render/render_lane_1u_U0/grp_evaluate_group_1u_s_fu_448/flicker_render_pixdS_U188/flicker_render_pipeline_ap_hadd_8_full_dsp_16_u/U0/i_synth/ADDSUB_OP.ADDSUB/SPEED_OP.DSP.OP/DSP48E1_BODY_HP.EXP/NOT_LOW_LATENCY_NORM_DIST.STRUCT_ADD/LSBaddmode1.lut0o6/LUT6 (in U_adder_top/U_flicker/render/render_lane_1u_U0/grp_evaluate_group_1u_s_fu_448/flicker_render_pixdS_U188/flicker_render_pipeline_ap_hadd_8_full_dsp_16_u/U0/i_synth/ADDSUB_OP.ADDSUB/SPEED_OP.DSP.OP/DSP48E1_BODY_HP.EXP/NOT_LOW_LATENCY_NORM_DIST.STRUCT_ADD/LSBaddmode1.lut0o6 macro) is not included in the LUT equation: 'O6=(A3*A4*A5*(~A6))+(A3*A4*(~A5))+(A3*(~A4)*A5*A6)+(A3*(~A4)*(~A5)*(~A6))+((~A3)*A4*A5*A6)+((~A3)*A4*(~A5)*(~A6))+((~A3)*(~A4)*(~A5)*A6)'. If this cell is a user instantiated LUT in the design, please remove connectivity to the pin or change the equation and/or INIT string of the LUT to prevent this issue. If the cell is inferred or IP created LUT, please regenerate the IP and/or resynthesize the design to attempt to correct the issue.
Related violations: <none>

PDCN-1569#131 Warning
LUT equation term check  
Used physical LUT pin 'A2' of cell U_adder_top/U_flicker/render/render_lane_1u_U0/grp_evaluate_group_1u_s_fu_448/flicker_render_pixdS_U189/flicker_render_pipeline_ap_hadd_8_full_dsp_16_u/U0/i_synth/ADDSUB_OP.ADDSUB/SPEED_OP.DSP.OP/DSP48E1_BODY_HP.EXP/NOT_LOW_LATENCY_NORM_DIST.STRUCT_ADD/LSBaddmode1.lut0o6/LUT5 (in U_adder_top/U_flicker/render/render_lane_1u_U0/grp_evaluate_group_1u_s_fu_448/flicker_render_pixdS_U189/flicker_render_pipeline_ap_hadd_8_full_dsp_16_u/U0/i_synth/ADDSUB_OP.ADDSUB/SPEED_OP.DSP.OP/DSP48E1_BODY_HP.EXP/NOT_LOW_LATENCY_NORM_DIST.STRUCT_ADD/LSBaddmode1.lut0o6 macro) is not included in the LUT equation: 'O5=(A3*A4)+(A3*(~A4)*(~A5))+((~A3)*A4*(~A5))'. If this cell is a user instantiated LUT in the design, please remove connectivity to the pin or change the equation and/or INIT string of the LUT to prevent this issue. If the cell is inferred or IP created LUT, please regenerate the IP and/or resynthesize the design to attempt to correct the issue.
Related violations: <none>

PDCN-1569#132 Warning
LUT equation term check  
Used physical LUT pin 'A2' of cell U_adder_top/U_flicker/render/render_lane_1u_U0/grp_evaluate_group_1u_s_fu_448/flicker_render_pixdS_U189/flicker_render_pipeline_ap_hadd_8_full_dsp_16_u/U0/i_synth/ADDSUB_OP.ADDSUB/SPEED_OP.DSP.OP/DSP48E1_BODY_HP.EXP/NOT_LOW_LATENCY_NORM_DIST.STRUCT_ADD/LSBaddmode1.lut0o6/LUT6 (in U_adder_top/U_flicker/render/render_lane_1u_U0/grp_evaluate_group_1u_s_fu_448/flicker_render_pixdS_U189/flicker_render_pipeline_ap_hadd_8_full_dsp_16_u/U0/i_synth/ADDSUB_OP.ADDSUB/SPEED_OP.DSP.OP/DSP48E1_BODY_HP.EXP/NOT_LOW_LATENCY_NORM_DIST.STRUCT_ADD/LSBaddmode1.lut0o6 macro) is not included in the LUT equation: 'O6=(A3*A4*A5*(~A6))+(A3*A4*(~A5))+(A3*(~A4)*A5*A6)+(A3*(~A4)*(~A5)*(~A6))+((~A3)*A4*A5*A6)+((~A3)*A4*(~A5)*(~A6))+((~A3)*(~A4)*(~A5)*A6)'. If this cell is a user instantiated LUT in the design, please remove connectivity to the pin or change the equation and/or INIT string of the LUT to prevent this issue. If the cell is inferred or IP created LUT, please regenerate the IP and/or resynthesize the design to attempt to correct the issue.
Related violations: <none>

PDCN-1569#133 Warning
LUT equation term check  
Used physical LUT pin 'A2' of cell U_adder_top/U_flicker/render/render_lane_1u_U0/grp_evaluate_group_1u_s_fu_448/flicker_render_pixdS_U190/flicker_render_pipeline_ap_hadd_8_full_dsp_16_u/U0/i_synth/ADDSUB_OP.ADDSUB/SPEED_OP.DSP.OP/DSP48E1_BODY_HP.EXP/NOT_LOW_LATENCY_NORM_DIST.STRUCT_ADD/LSBaddmode1.lut0o6/LUT5 (in U_adder_top/U_flicker/render/render_lane_1u_U0/grp_evaluate_group_1u_s_fu_448/flicker_render_pixdS_U190/flicker_render_pipeline_ap_hadd_8_full_dsp_16_u/U0/i_synth/ADDSUB_OP.ADDSUB/SPEED_OP.DSP.OP/DSP48E1_BODY_HP.EXP/NOT_LOW_LATENCY_NORM_DIST.STRUCT_ADD/LSBaddmode1.lut0o6 macro) is not included in the LUT equation: 'O5=(A3*A4)+(A3*(~A4)*(~A5))+((~A3)*A4*(~A5))'. If this cell is a user instantiated LUT in the design, please remove connectivity to the pin or change the equation and/or INIT string of the LUT to prevent this issue. If the cell is inferred or IP created LUT, please regenerate the IP and/or resynthesize the design to attempt to correct the issue.
Related violations: <none>

PDCN-1569#134 Warning
LUT equation term check  
Used physical LUT pin 'A2' of cell U_adder_top/U_flicker/render/render_lane_1u_U0/grp_evaluate_group_1u_s_fu_448/flicker_render_pixdS_U190/flicker_render_pipeline_ap_hadd_8_full_dsp_16_u/U0/i_synth/ADDSUB_OP.ADDSUB/SPEED_OP.DSP.OP/DSP48E1_BODY_HP.EXP/NOT_LOW_LATENCY_NORM_DIST.STRUCT_ADD/LSBaddmode1.lut0o6/LUT6 (in U_adder_top/U_flicker/render/render_lane_1u_U0/grp_evaluate_group_1u_s_fu_448/flicker_render_pixdS_U190/flicker_render_pipeline_ap_hadd_8_full_dsp_16_u/U0/i_synth/ADDSUB_OP.ADDSUB/SPEED_OP.DSP.OP/DSP48E1_BODY_HP.EXP/NOT_LOW_LATENCY_NORM_DIST.STRUCT_ADD/LSBaddmode1.lut0o6 macro) is not included in the LUT equation: 'O6=(A3*A4*A5*(~A6))+(A3*A4*(~A5))+(A3*(~A4)*A5*A6)+(A3*(~A4)*(~A5)*(~A6))+((~A3)*A4*A5*A6)+((~A3)*A4*(~A5)*(~A6))+((~A3)*(~A4)*(~A5)*A6)'. If this cell is a user instantiated LUT in the design, please remove connectivity to the pin or change the equation and/or INIT string of the LUT to prevent this issue. If the cell is inferred or IP created LUT, please regenerate the IP and/or resynthesize the design to attempt to correct the issue.
Related violations: <none>

PDCN-1569#135 Warning
LUT equation term check  
Used physical LUT pin 'A2' of cell U_adder_top/U_flicker/render/render_lane_1u_U0/grp_evaluate_group_1u_s_fu_448/flicker_render_pixdS_U191/flicker_render_pipeline_ap_hadd_8_full_dsp_16_u/U0/i_synth/ADDSUB_OP.ADDSUB/SPEED_OP.DSP.OP/DSP48E1_BODY_HP.EXP/NOT_LOW_LATENCY_NORM_DIST.STRUCT_ADD/LSBaddmode1.lut0o6/LUT5 (in U_adder_top/U_flicker/render/render_lane_1u_U0/grp_evaluate_group_1u_s_fu_448/flicker_render_pixdS_U191/flicker_render_pipeline_ap_hadd_8_full_dsp_16_u/U0/i_synth/ADDSUB_OP.ADDSUB/SPEED_OP.DSP.OP/DSP48E1_BODY_HP.EXP/NOT_LOW_LATENCY_NORM_DIST.STRUCT_ADD/LSBaddmode1.lut0o6 macro) is not included in the LUT equation: 'O5=(A3*A4)+(A3*(~A4)*(~A5))+((~A3)*A4*(~A5))'. If this cell is a user instantiated LUT in the design, please remove connectivity to the pin or change the equation and/or INIT string of the LUT to prevent this issue. If the cell is inferred or IP created LUT, please regenerate the IP and/or resynthesize the design to attempt to correct the issue.
Related violations: <none>

PDCN-1569#136 Warning
LUT equation term check  
Used physical LUT pin 'A2' of cell U_adder_top/U_flicker/render/render_lane_1u_U0/grp_evaluate_group_1u_s_fu_448/flicker_render_pixdS_U191/flicker_render_pipeline_ap_hadd_8_full_dsp_16_u/U0/i_synth/ADDSUB_OP.ADDSUB/SPEED_OP.DSP.OP/DSP48E1_BODY_HP.EXP/NOT_LOW_LATENCY_NORM_DIST.STRUCT_ADD/LSBaddmode1.lut0o6/LUT6 (in U_adder_top/U_flicker/render/render_lane_1u_U0/grp_evaluate_group_1u_s_fu_448/flicker_render_pixdS_U191/flicker_render_pipeline_ap_hadd_8_full_dsp_16_u/U0/i_synth/ADDSUB_OP.ADDSUB/SPEED_OP.DSP.OP/DSP48E1_BODY_HP.EXP/NOT_LOW_LATENCY_NORM_DIST.STRUCT_ADD/LSBaddmode1.lut0o6 macro) is not included in the LUT equation: 'O6=(A3*A4*A5*(~A6))+(A3*A4*(~A5))+(A3*(~A4)*A5*A6)+(A3*(~A4)*(~A5)*(~A6))+((~A3)*A4*A5*A6)+((~A3)*A4*(~A5)*(~A6))+((~A3)*(~A4)*(~A5)*A6)'. If this cell is a user instantiated LUT in the design, please remove connectivity to the pin or change the equation and/or INIT string of the LUT to prevent this issue. If the cell is inferred or IP created LUT, please regenerate the IP and/or resynthesize the design to attempt to correct the issue.
Related violations: <none>

PDCN-1569#137 Warning
LUT equation term check  
Used physical LUT pin 'A2' of cell U_adder_top/U_flicker/render/render_lane_1u_U0/grp_evaluate_group_1u_s_fu_448/flicker_render_piyd2_U192/flicker_render_pipeline_ap_hsub_8_full_dsp_16_u/U0/i_synth/ADDSUB_OP.ADDSUB/SPEED_OP.DSP.OP/DSP48E1_BODY_HP.EXP/NOT_LOW_LATENCY_NORM_DIST.STRUCT_ADD/LSBaddmode1.lut0o6/LUT5 (in U_adder_top/U_flicker/render/render_lane_1u_U0/grp_evaluate_group_1u_s_fu_448/flicker_render_piyd2_U192/flicker_render_pipeline_ap_hsub_8_full_dsp_16_u/U0/i_synth/ADDSUB_OP.ADDSUB/SPEED_OP.DSP.OP/DSP48E1_BODY_HP.EXP/NOT_LOW_LATENCY_NORM_DIST.STRUCT_ADD/LSBaddmode1.lut0o6 macro) is not included in the LUT equation: 'O5=(A3*A4)+(A3*(~A4)*(~A5))+((~A3)*A4*(~A5))'. If this cell is a user instantiated LUT in the design, please remove connectivity to the pin or change the equation and/or INIT string of the LUT to prevent this issue. If the cell is inferred or IP created LUT, please regenerate the IP and/or resynthesize the design to attempt to correct the issue.
Related violations: <none>

PDCN-1569#138 Warning
LUT equation term check  
Used physical LUT pin 'A2' of cell U_adder_top/U_flicker/render/render_lane_1u_U0/grp_evaluate_group_1u_s_fu_448/flicker_render_piyd2_U192/flicker_render_pipeline_ap_hsub_8_full_dsp_16_u/U0/i_synth/ADDSUB_OP.ADDSUB/SPEED_OP.DSP.OP/DSP48E1_BODY_HP.EXP/NOT_LOW_LATENCY_NORM_DIST.STRUCT_ADD/LSBaddmode1.lut0o6/LUT6 (in U_adder_top/U_flicker/render/render_lane_1u_U0/grp_evaluate_group_1u_s_fu_448/flicker_render_piyd2_U192/flicker_render_pipeline_ap_hsub_8_full_dsp_16_u/U0/i_synth/ADDSUB_OP.ADDSUB/SPEED_OP.DSP.OP/DSP48E1_BODY_HP.EXP/NOT_LOW_LATENCY_NORM_DIST.STRUCT_ADD/LSBaddmode1.lut0o6 macro) is not included in the LUT equation: 'O6=(A3*A4*A5*(~A6))+(A3*A4*(~A5))+(A3*(~A4)*A5*A6)+(A3*(~A4)*(~A5)*(~A6))+((~A3)*A4*A5*A6)+((~A3)*A4*(~A5)*(~A6))+((~A3)*(~A4)*(~A5)*A6)'. If this cell is a user instantiated LUT in the design, please remove connectivity to the pin or change the equation and/or INIT string of the LUT to prevent this issue. If the cell is inferred or IP created LUT, please regenerate the IP and/or resynthesize the design to attempt to correct the issue.
Related violations: <none>

PDCN-1569#139 Warning
LUT equation term check  
Used physical LUT pin 'A2' of cell U_adder_top/U_flicker/render/render_lane_1u_U0/grp_evaluate_group_1u_s_fu_448/flicker_render_piyd2_U193/flicker_render_pipeline_ap_hsub_8_full_dsp_16_u/U0/i_synth/ADDSUB_OP.ADDSUB/SPEED_OP.DSP.OP/DSP48E1_BODY_HP.EXP/NOT_LOW_LATENCY_NORM_DIST.STRUCT_ADD/LSBaddmode1.lut0o6/LUT5 (in U_adder_top/U_flicker/render/render_lane_1u_U0/grp_evaluate_group_1u_s_fu_448/flicker_render_piyd2_U193/flicker_render_pipeline_ap_hsub_8_full_dsp_16_u/U0/i_synth/ADDSUB_OP.ADDSUB/SPEED_OP.DSP.OP/DSP48E1_BODY_HP.EXP/NOT_LOW_LATENCY_NORM_DIST.STRUCT_ADD/LSBaddmode1.lut0o6 macro) is not included in the LUT equation: 'O5=(A3*A4)+(A3*(~A4)*(~A5))+((~A3)*A4*(~A5))'. If this cell is a user instantiated LUT in the design, please remove connectivity to the pin or change the equation and/or INIT string of the LUT to prevent this issue. If the cell is inferred or IP created LUT, please regenerate the IP and/or resynthesize the design to attempt to correct the issue.
Related violations: <none>

PDCN-1569#140 Warning
LUT equation term check  
Used physical LUT pin 'A2' of cell U_adder_top/U_flicker/render/render_lane_1u_U0/grp_evaluate_group_1u_s_fu_448/flicker_render_piyd2_U193/flicker_render_pipeline_ap_hsub_8_full_dsp_16_u/U0/i_synth/ADDSUB_OP.ADDSUB/SPEED_OP.DSP.OP/DSP48E1_BODY_HP.EXP/NOT_LOW_LATENCY_NORM_DIST.STRUCT_ADD/LSBaddmode1.lut0o6/LUT6 (in U_adder_top/U_flicker/render/render_lane_1u_U0/grp_evaluate_group_1u_s_fu_448/flicker_render_piyd2_U193/flicker_render_pipeline_ap_hsub_8_full_dsp_16_u/U0/i_synth/ADDSUB_OP.ADDSUB/SPEED_OP.DSP.OP/DSP48E1_BODY_HP.EXP/NOT_LOW_LATENCY_NORM_DIST.STRUCT_ADD/LSBaddmode1.lut0o6 macro) is not included in the LUT equation: 'O6=(A3*A4*A5*(~A6))+(A3*A4*(~A5))+(A3*(~A4)*A5*A6)+(A3*(~A4)*(~A5)*(~A6))+((~A3)*A4*A5*A6)+((~A3)*A4*(~A5)*(~A6))+((~A3)*(~A4)*(~A5)*A6)'. If this cell is a user instantiated LUT in the design, please remove connectivity to the pin or change the equation and/or INIT string of the LUT to prevent this issue. If the cell is inferred or IP created LUT, please regenerate the IP and/or resynthesize the design to attempt to correct the issue.
Related violations: <none>

PDCN-1569#141 Warning
LUT equation term check  
Used physical LUT pin 'A2' of cell U_adder_top/U_flicker/render/render_lane_1u_U0/grp_evaluate_group_1u_s_fu_448/flicker_render_piyd2_U194/flicker_render_pipeline_ap_hsub_8_full_dsp_16_u/U0/i_synth/ADDSUB_OP.ADDSUB/SPEED_OP.DSP.OP/DSP48E1_BODY_HP.EXP/NOT_LOW_LATENCY_NORM_DIST.STRUCT_ADD/LSBaddmode1.lut0o6/LUT5 (in U_adder_top/U_flicker/render/render_lane_1u_U0/grp_evaluate_group_1u_s_fu_448/flicker_render_piyd2_U194/flicker_render_pipeline_ap_hsub_8_full_dsp_16_u/U0/i_synth/ADDSUB_OP.ADDSUB/SPEED_OP.DSP.OP/DSP48E1_BODY_HP.EXP/NOT_LOW_LATENCY_NORM_DIST.STRUCT_ADD/LSBaddmode1.lut0o6 macro) is not included in the LUT equation: 'O5=(A3*A4)+(A3*(~A4)*(~A5))+((~A3)*A4*(~A5))'. If this cell is a user instantiated LUT in the design, please remove connectivity to the pin or change the equation and/or INIT string of the LUT to prevent this issue. If the cell is inferred or IP created LUT, please regenerate the IP and/or resynthesize the design to attempt to correct the issue.
Related violations: <none>

PDCN-1569#142 Warning
LUT equation term check  
Used physical LUT pin 'A2' of cell U_adder_top/U_flicker/render/render_lane_1u_U0/grp_evaluate_group_1u_s_fu_448/flicker_render_piyd2_U194/flicker_render_pipeline_ap_hsub_8_full_dsp_16_u/U0/i_synth/ADDSUB_OP.ADDSUB/SPEED_OP.DSP.OP/DSP48E1_BODY_HP.EXP/NOT_LOW_LATENCY_NORM_DIST.STRUCT_ADD/LSBaddmode1.lut0o6/LUT6 (in U_adder_top/U_flicker/render/render_lane_1u_U0/grp_evaluate_group_1u_s_fu_448/flicker_render_piyd2_U194/flicker_render_pipeline_ap_hsub_8_full_dsp_16_u/U0/i_synth/ADDSUB_OP.ADDSUB/SPEED_OP.DSP.OP/DSP48E1_BODY_HP.EXP/NOT_LOW_LATENCY_NORM_DIST.STRUCT_ADD/LSBaddmode1.lut0o6 macro) is not included in the LUT equation: 'O6=(A3*A4*A5*(~A6))+(A3*A4*(~A5))+(A3*(~A4)*A5*A6)+(A3*(~A4)*(~A5)*(~A6))+((~A3)*A4*A5*A6)+((~A3)*A4*(~A5)*(~A6))+((~A3)*(~A4)*(~A5)*A6)'. If this cell is a user instantiated LUT in the design, please remove connectivity to the pin or change the equation and/or INIT string of the LUT to prevent this issue. If the cell is inferred or IP created LUT, please regenerate the IP and/or resynthesize the design to attempt to correct the issue.
Related violations: <none>

PDCN-1569#143 Warning
LUT equation term check  
Used physical LUT pin 'A2' of cell U_adder_top/U_flicker/render/render_lane_1u_U0/grp_evaluate_group_1u_s_fu_448/flicker_render_piyd2_U195/flicker_render_pipeline_ap_hsub_8_full_dsp_16_u/U0/i_synth/ADDSUB_OP.ADDSUB/SPEED_OP.DSP.OP/DSP48E1_BODY_HP.EXP/NOT_LOW_LATENCY_NORM_DIST.STRUCT_ADD/LSBaddmode1.lut0o6/LUT5 (in U_adder_top/U_flicker/render/render_lane_1u_U0/grp_evaluate_group_1u_s_fu_448/flicker_render_piyd2_U195/flicker_render_pipeline_ap_hsub_8_full_dsp_16_u/U0/i_synth/ADDSUB_OP.ADDSUB/SPEED_OP.DSP.OP/DSP48E1_BODY_HP.EXP/NOT_LOW_LATENCY_NORM_DIST.STRUCT_ADD/LSBaddmode1.lut0o6 macro) is not included in the LUT equation: 'O5=(A3*A4)+(A3*(~A4)*(~A5))+((~A3)*A4*(~A5))'. If this cell is a user instantiated LUT in the design, please remove connectivity to the pin or change the equation and/or INIT string of the LUT to prevent this issue. If the cell is inferred or IP created LUT, please regenerate the IP and/or resynthesize the design to attempt to correct the issue.
Related violations: <none>

PDCN-1569#144 Warning
LUT equation term check  
Used physical LUT pin 'A2' of cell U_adder_top/U_flicker/render/render_lane_1u_U0/grp_evaluate_group_1u_s_fu_448/flicker_render_piyd2_U195/flicker_render_pipeline_ap_hsub_8_full_dsp_16_u/U0/i_synth/ADDSUB_OP.ADDSUB/SPEED_OP.DSP.OP/DSP48E1_BODY_HP.EXP/NOT_LOW_LATENCY_NORM_DIST.STRUCT_ADD/LSBaddmode1.lut0o6/LUT6 (in U_adder_top/U_flicker/render/render_lane_1u_U0/grp_evaluate_group_1u_s_fu_448/flicker_render_piyd2_U195/flicker_render_pipeline_ap_hsub_8_full_dsp_16_u/U0/i_synth/ADDSUB_OP.ADDSUB/SPEED_OP.DSP.OP/DSP48E1_BODY_HP.EXP/NOT_LOW_LATENCY_NORM_DIST.STRUCT_ADD/LSBaddmode1.lut0o6 macro) is not included in the LUT equation: 'O6=(A3*A4*A5*(~A6))+(A3*A4*(~A5))+(A3*(~A4)*A5*A6)+(A3*(~A4)*(~A5)*(~A6))+((~A3)*A4*A5*A6)+((~A3)*A4*(~A5)*(~A6))+((~A3)*(~A4)*(~A5)*A6)'. If this cell is a user instantiated LUT in the design, please remove connectivity to the pin or change the equation and/or INIT string of the LUT to prevent this issue. If the cell is inferred or IP created LUT, please regenerate the IP and/or resynthesize the design to attempt to correct the issue.
Related violations: <none>

PDCN-1569#145 Warning
LUT equation term check  
Used physical LUT pin 'A2' of cell U_adder_top/U_flicker/render/render_lane_2u_U0/flicker_render_pixdS_U266/flicker_render_pipeline_ap_hadd_8_full_dsp_16_u/U0/i_synth/ADDSUB_OP.ADDSUB/SPEED_OP.DSP.OP/DSP48E1_BODY_HP.EXP/NOT_LOW_LATENCY_NORM_DIST.STRUCT_ADD/LSBaddmode1.lut0o6/LUT5 (in U_adder_top/U_flicker/render/render_lane_2u_U0/flicker_render_pixdS_U266/flicker_render_pipeline_ap_hadd_8_full_dsp_16_u/U0/i_synth/ADDSUB_OP.ADDSUB/SPEED_OP.DSP.OP/DSP48E1_BODY_HP.EXP/NOT_LOW_LATENCY_NORM_DIST.STRUCT_ADD/LSBaddmode1.lut0o6 macro) is not included in the LUT equation: 'O5=(A3*A4)+(A3*(~A4)*(~A5))+((~A3)*A4*(~A5))'. If this cell is a user instantiated LUT in the design, please remove connectivity to the pin or change the equation and/or INIT string of the LUT to prevent this issue. If the cell is inferred or IP created LUT, please regenerate the IP and/or resynthesize the design to attempt to correct the issue.
Related violations: <none>

PDCN-1569#146 Warning
LUT equation term check  
Used physical LUT pin 'A2' of cell U_adder_top/U_flicker/render/render_lane_2u_U0/flicker_render_pixdS_U266/flicker_render_pipeline_ap_hadd_8_full_dsp_16_u/U0/i_synth/ADDSUB_OP.ADDSUB/SPEED_OP.DSP.OP/DSP48E1_BODY_HP.EXP/NOT_LOW_LATENCY_NORM_DIST.STRUCT_ADD/LSBaddmode1.lut0o6/LUT6 (in U_adder_top/U_flicker/render/render_lane_2u_U0/flicker_render_pixdS_U266/flicker_render_pipeline_ap_hadd_8_full_dsp_16_u/U0/i_synth/ADDSUB_OP.ADDSUB/SPEED_OP.DSP.OP/DSP48E1_BODY_HP.EXP/NOT_LOW_LATENCY_NORM_DIST.STRUCT_ADD/LSBaddmode1.lut0o6 macro) is not included in the LUT equation: 'O6=(A3*A4*A5*(~A6))+(A3*A4*(~A5))+(A3*(~A4)*A5*A6)+(A3*(~A4)*(~A5)*(~A6))+((~A3)*A4*A5*A6)+((~A3)*A4*(~A5)*(~A6))+((~A3)*(~A4)*(~A5)*A6)'. If this cell is a user instantiated LUT in the design, please remove connectivity to the pin or change the equation and/or INIT string of the LUT to prevent this issue. If the cell is inferred or IP created LUT, please regenerate the IP and/or resynthesize the design to attempt to correct the issue.
Related violations: <none>

PDCN-1569#147 Warning
LUT equation term check  
Used physical LUT pin 'A2' of cell U_adder_top/U_flicker/render/render_lane_2u_U0/flicker_render_pixdS_U267/flicker_render_pipeline_ap_hadd_8_full_dsp_16_u/U0/i_synth/ADDSUB_OP.ADDSUB/SPEED_OP.DSP.OP/DSP48E1_BODY_HP.EXP/NOT_LOW_LATENCY_NORM_DIST.STRUCT_ADD/LSBaddmode1.lut0o6/LUT5 (in U_adder_top/U_flicker/render/render_lane_2u_U0/flicker_render_pixdS_U267/flicker_render_pipeline_ap_hadd_8_full_dsp_16_u/U0/i_synth/ADDSUB_OP.ADDSUB/SPEED_OP.DSP.OP/DSP48E1_BODY_HP.EXP/NOT_LOW_LATENCY_NORM_DIST.STRUCT_ADD/LSBaddmode1.lut0o6 macro) is not included in the LUT equation: 'O5=(A3*A4)+(A3*(~A4)*(~A5))+((~A3)*A4*(~A5))'. If this cell is a user instantiated LUT in the design, please remove connectivity to the pin or change the equation and/or INIT string of the LUT to prevent this issue. If the cell is inferred or IP created LUT, please regenerate the IP and/or resynthesize the design to attempt to correct the issue.
Related violations: <none>

PDCN-1569#148 Warning
LUT equation term check  
Used physical LUT pin 'A2' of cell U_adder_top/U_flicker/render/render_lane_2u_U0/flicker_render_pixdS_U267/flicker_render_pipeline_ap_hadd_8_full_dsp_16_u/U0/i_synth/ADDSUB_OP.ADDSUB/SPEED_OP.DSP.OP/DSP48E1_BODY_HP.EXP/NOT_LOW_LATENCY_NORM_DIST.STRUCT_ADD/LSBaddmode1.lut0o6/LUT6 (in U_adder_top/U_flicker/render/render_lane_2u_U0/flicker_render_pixdS_U267/flicker_render_pipeline_ap_hadd_8_full_dsp_16_u/U0/i_synth/ADDSUB_OP.ADDSUB/SPEED_OP.DSP.OP/DSP48E1_BODY_HP.EXP/NOT_LOW_LATENCY_NORM_DIST.STRUCT_ADD/LSBaddmode1.lut0o6 macro) is not included in the LUT equation: 'O6=(A3*A4*A5*(~A6))+(A3*A4*(~A5))+(A3*(~A4)*A5*A6)+(A3*(~A4)*(~A5)*(~A6))+((~A3)*A4*A5*A6)+((~A3)*A4*(~A5)*(~A6))+((~A3)*(~A4)*(~A5)*A6)'. If this cell is a user instantiated LUT in the design, please remove connectivity to the pin or change the equation and/or INIT string of the LUT to prevent this issue. If the cell is inferred or IP created LUT, please regenerate the IP and/or resynthesize the design to attempt to correct the issue.
Related violations: <none>

PDCN-1569#149 Warning
LUT equation term check  
Used physical LUT pin 'A2' of cell U_adder_top/U_flicker/render/render_lane_2u_U0/flicker_render_pixdS_U268/flicker_render_pipeline_ap_hadd_8_full_dsp_16_u/U0/i_synth/ADDSUB_OP.ADDSUB/SPEED_OP.DSP.OP/DSP48E1_BODY_HP.EXP/NOT_LOW_LATENCY_NORM_DIST.STRUCT_ADD/LSBaddmode1.lut0o6/LUT5 (in U_adder_top/U_flicker/render/render_lane_2u_U0/flicker_render_pixdS_U268/flicker_render_pipeline_ap_hadd_8_full_dsp_16_u/U0/i_synth/ADDSUB_OP.ADDSUB/SPEED_OP.DSP.OP/DSP48E1_BODY_HP.EXP/NOT_LOW_LATENCY_NORM_DIST.STRUCT_ADD/LSBaddmode1.lut0o6 macro) is not included in the LUT equation: 'O5=(A3*A4)+(A3*(~A4)*(~A5))+((~A3)*A4*(~A5))'. If this cell is a user instantiated LUT in the design, please remove connectivity to the pin or change the equation and/or INIT string of the LUT to prevent this issue. If the cell is inferred or IP created LUT, please regenerate the IP and/or resynthesize the design to attempt to correct the issue.
Related violations: <none>

PDCN-1569#150 Warning
LUT equation term check  
Used physical LUT pin 'A2' of cell U_adder_top/U_flicker/render/render_lane_2u_U0/flicker_render_pixdS_U268/flicker_render_pipeline_ap_hadd_8_full_dsp_16_u/U0/i_synth/ADDSUB_OP.ADDSUB/SPEED_OP.DSP.OP/DSP48E1_BODY_HP.EXP/NOT_LOW_LATENCY_NORM_DIST.STRUCT_ADD/LSBaddmode1.lut0o6/LUT6 (in U_adder_top/U_flicker/render/render_lane_2u_U0/flicker_render_pixdS_U268/flicker_render_pipeline_ap_hadd_8_full_dsp_16_u/U0/i_synth/ADDSUB_OP.ADDSUB/SPEED_OP.DSP.OP/DSP48E1_BODY_HP.EXP/NOT_LOW_LATENCY_NORM_DIST.STRUCT_ADD/LSBaddmode1.lut0o6 macro) is not included in the LUT equation: 'O6=(A3*A4*A5*(~A6))+(A3*A4*(~A5))+(A3*(~A4)*A5*A6)+(A3*(~A4)*(~A5)*(~A6))+((~A3)*A4*A5*A6)+((~A3)*A4*(~A5)*(~A6))+((~A3)*(~A4)*(~A5)*A6)'. If this cell is a user instantiated LUT in the design, please remove connectivity to the pin or change the equation and/or INIT string of the LUT to prevent this issue. If the cell is inferred or IP created LUT, please regenerate the IP and/or resynthesize the design to attempt to correct the issue.
Related violations: <none>

PDCN-1569#151 Warning
LUT equation term check  
Used physical LUT pin 'A2' of cell U_adder_top/U_flicker/render/render_lane_2u_U0/grp_evaluate_group_2u_s_fu_454/flicker_render_pixdS_U233/flicker_render_pipeline_ap_hadd_8_full_dsp_16_u/U0/i_synth/ADDSUB_OP.ADDSUB/SPEED_OP.DSP.OP/DSP48E1_BODY_HP.EXP/NOT_LOW_LATENCY_NORM_DIST.STRUCT_ADD/LSBaddmode1.lut0o6/LUT5 (in U_adder_top/U_flicker/render/render_lane_2u_U0/grp_evaluate_group_2u_s_fu_454/flicker_render_pixdS_U233/flicker_render_pipeline_ap_hadd_8_full_dsp_16_u/U0/i_synth/ADDSUB_OP.ADDSUB/SPEED_OP.DSP.OP/DSP48E1_BODY_HP.EXP/NOT_LOW_LATENCY_NORM_DIST.STRUCT_ADD/LSBaddmode1.lut0o6 macro) is not included in the LUT equation: 'O5=(A3*A4)+(A3*(~A4)*(~A5))+((~A3)*A4*(~A5))'. If this cell is a user instantiated LUT in the design, please remove connectivity to the pin or change the equation and/or INIT string of the LUT to prevent this issue. If the cell is inferred or IP created LUT, please regenerate the IP and/or resynthesize the design to attempt to correct the issue.
Related violations: <none>

PDCN-1569#152 Warning
LUT equation term check  
Used physical LUT pin 'A2' of cell U_adder_top/U_flicker/render/render_lane_2u_U0/grp_evaluate_group_2u_s_fu_454/flicker_render_pixdS_U233/flicker_render_pipeline_ap_hadd_8_full_dsp_16_u/U0/i_synth/ADDSUB_OP.ADDSUB/SPEED_OP.DSP.OP/DSP48E1_BODY_HP.EXP/NOT_LOW_LATENCY_NORM_DIST.STRUCT_ADD/LSBaddmode1.lut0o6/LUT6 (in U_adder_top/U_flicker/render/render_lane_2u_U0/grp_evaluate_group_2u_s_fu_454/flicker_render_pixdS_U233/flicker_render_pipeline_ap_hadd_8_full_dsp_16_u/U0/i_synth/ADDSUB_OP.ADDSUB/SPEED_OP.DSP.OP/DSP48E1_BODY_HP.EXP/NOT_LOW_LATENCY_NORM_DIST.STRUCT_ADD/LSBaddmode1.lut0o6 macro) is not included in the LUT equation: 'O6=(A3*A4*A5*(~A6))+(A3*A4*(~A5))+(A3*(~A4)*A5*A6)+(A3*(~A4)*(~A5)*(~A6))+((~A3)*A4*A5*A6)+((~A3)*A4*(~A5)*(~A6))+((~A3)*(~A4)*(~A5)*A6)'. If this cell is a user instantiated LUT in the design, please remove connectivity to the pin or change the equation and/or INIT string of the LUT to prevent this issue. If the cell is inferred or IP created LUT, please regenerate the IP and/or resynthesize the design to attempt to correct the issue.
Related violations: <none>

PDCN-1569#153 Warning
LUT equation term check  
Used physical LUT pin 'A2' of cell U_adder_top/U_flicker/render/render_lane_2u_U0/grp_evaluate_group_2u_s_fu_454/flicker_render_pixdS_U234/flicker_render_pipeline_ap_hadd_8_full_dsp_16_u/U0/i_synth/ADDSUB_OP.ADDSUB/SPEED_OP.DSP.OP/DSP48E1_BODY_HP.EXP/NOT_LOW_LATENCY_NORM_DIST.STRUCT_ADD/LSBaddmode1.lut0o6/LUT5 (in U_adder_top/U_flicker/render/render_lane_2u_U0/grp_evaluate_group_2u_s_fu_454/flicker_render_pixdS_U234/flicker_render_pipeline_ap_hadd_8_full_dsp_16_u/U0/i_synth/ADDSUB_OP.ADDSUB/SPEED_OP.DSP.OP/DSP48E1_BODY_HP.EXP/NOT_LOW_LATENCY_NORM_DIST.STRUCT_ADD/LSBaddmode1.lut0o6 macro) is not included in the LUT equation: 'O5=(A3*A4)+(A3*(~A4)*(~A5))+((~A3)*A4*(~A5))'. If this cell is a user instantiated LUT in the design, please remove connectivity to the pin or change the equation and/or INIT string of the LUT to prevent this issue. If the cell is inferred or IP created LUT, please regenerate the IP and/or resynthesize the design to attempt to correct the issue.
Related violations: <none>

PDCN-1569#154 Warning
LUT equation term check  
Used physical LUT pin 'A2' of cell U_adder_top/U_flicker/render/render_lane_2u_U0/grp_evaluate_group_2u_s_fu_454/flicker_render_pixdS_U234/flicker_render_pipeline_ap_hadd_8_full_dsp_16_u/U0/i_synth/ADDSUB_OP.ADDSUB/SPEED_OP.DSP.OP/DSP48E1_BODY_HP.EXP/NOT_LOW_LATENCY_NORM_DIST.STRUCT_ADD/LSBaddmode1.lut0o6/LUT6 (in U_adder_top/U_flicker/render/render_lane_2u_U0/grp_evaluate_group_2u_s_fu_454/flicker_render_pixdS_U234/flicker_render_pipeline_ap_hadd_8_full_dsp_16_u/U0/i_synth/ADDSUB_OP.ADDSUB/SPEED_OP.DSP.OP/DSP48E1_BODY_HP.EXP/NOT_LOW_LATENCY_NORM_DIST.STRUCT_ADD/LSBaddmode1.lut0o6 macro) is not included in the LUT equation: 'O6=(A3*A4*A5*(~A6))+(A3*A4*(~A5))+(A3*(~A4)*A5*A6)+(A3*(~A4)*(~A5)*(~A6))+((~A3)*A4*A5*A6)+((~A3)*A4*(~A5)*(~A6))+((~A3)*(~A4)*(~A5)*A6)'. If this cell is a user instantiated LUT in the design, please remove connectivity to the pin or change the equation and/or INIT string of the LUT to prevent this issue. If the cell is inferred or IP created LUT, please regenerate the IP and/or resynthesize the design to attempt to correct the issue.
Related violations: <none>

PDCN-1569#155 Warning
LUT equation term check  
Used physical LUT pin 'A2' of cell U_adder_top/U_flicker/render/render_lane_2u_U0/grp_evaluate_group_2u_s_fu_454/flicker_render_pixdS_U235/flicker_render_pipeline_ap_hadd_8_full_dsp_16_u/U0/i_synth/ADDSUB_OP.ADDSUB/SPEED_OP.DSP.OP/DSP48E1_BODY_HP.EXP/NOT_LOW_LATENCY_NORM_DIST.STRUCT_ADD/LSBaddmode1.lut0o6/LUT5 (in U_adder_top/U_flicker/render/render_lane_2u_U0/grp_evaluate_group_2u_s_fu_454/flicker_render_pixdS_U235/flicker_render_pipeline_ap_hadd_8_full_dsp_16_u/U0/i_synth/ADDSUB_OP.ADDSUB/SPEED_OP.DSP.OP/DSP48E1_BODY_HP.EXP/NOT_LOW_LATENCY_NORM_DIST.STRUCT_ADD/LSBaddmode1.lut0o6 macro) is not included in the LUT equation: 'O5=(A3*A4)+(A3*(~A4)*(~A5))+((~A3)*A4*(~A5))'. If this cell is a user instantiated LUT in the design, please remove connectivity to the pin or change the equation and/or INIT string of the LUT to prevent this issue. If the cell is inferred or IP created LUT, please regenerate the IP and/or resynthesize the design to attempt to correct the issue.
Related violations: <none>

PDCN-1569#156 Warning
LUT equation term check  
Used physical LUT pin 'A2' of cell U_adder_top/U_flicker/render/render_lane_2u_U0/grp_evaluate_group_2u_s_fu_454/flicker_render_pixdS_U235/flicker_render_pipeline_ap_hadd_8_full_dsp_16_u/U0/i_synth/ADDSUB_OP.ADDSUB/SPEED_OP.DSP.OP/DSP48E1_BODY_HP.EXP/NOT_LOW_LATENCY_NORM_DIST.STRUCT_ADD/LSBaddmode1.lut0o6/LUT6 (in U_adder_top/U_flicker/render/render_lane_2u_U0/grp_evaluate_group_2u_s_fu_454/flicker_render_pixdS_U235/flicker_render_pipeline_ap_hadd_8_full_dsp_16_u/U0/i_synth/ADDSUB_OP.ADDSUB/SPEED_OP.DSP.OP/DSP48E1_BODY_HP.EXP/NOT_LOW_LATENCY_NORM_DIST.STRUCT_ADD/LSBaddmode1.lut0o6 macro) is not included in the LUT equation: 'O6=(A3*A4*A5*(~A6))+(A3*A4*(~A5))+(A3*(~A4)*A5*A6)+(A3*(~A4)*(~A5)*(~A6))+((~A3)*A4*A5*A6)+((~A3)*A4*(~A5)*(~A6))+((~A3)*(~A4)*(~A5)*A6)'. If this cell is a user instantiated LUT in the design, please remove connectivity to the pin or change the equation and/or INIT string of the LUT to prevent this issue. If the cell is inferred or IP created LUT, please regenerate the IP and/or resynthesize the design to attempt to correct the issue.
Related violations: <none>

PDCN-1569#157 Warning
LUT equation term check  
Used physical LUT pin 'A2' of cell U_adder_top/U_flicker/render/render_lane_2u_U0/grp_evaluate_group_2u_s_fu_454/flicker_render_pixdS_U236/flicker_render_pipeline_ap_hadd_8_full_dsp_16_u/U0/i_synth/ADDSUB_OP.ADDSUB/SPEED_OP.DSP.OP/DSP48E1_BODY_HP.EXP/NOT_LOW_LATENCY_NORM_DIST.STRUCT_ADD/LSBaddmode1.lut0o6/LUT5 (in U_adder_top/U_flicker/render/render_lane_2u_U0/grp_evaluate_group_2u_s_fu_454/flicker_render_pixdS_U236/flicker_render_pipeline_ap_hadd_8_full_dsp_16_u/U0/i_synth/ADDSUB_OP.ADDSUB/SPEED_OP.DSP.OP/DSP48E1_BODY_HP.EXP/NOT_LOW_LATENCY_NORM_DIST.STRUCT_ADD/LSBaddmode1.lut0o6 macro) is not included in the LUT equation: 'O5=(A3*A4)+(A3*(~A4)*(~A5))+((~A3)*A4*(~A5))'. If this cell is a user instantiated LUT in the design, please remove connectivity to the pin or change the equation and/or INIT string of the LUT to prevent this issue. If the cell is inferred or IP created LUT, please regenerate the IP and/or resynthesize the design to attempt to correct the issue.
Related violations: <none>

PDCN-1569#158 Warning
LUT equation term check  
Used physical LUT pin 'A2' of cell U_adder_top/U_flicker/render/render_lane_2u_U0/grp_evaluate_group_2u_s_fu_454/flicker_render_pixdS_U236/flicker_render_pipeline_ap_hadd_8_full_dsp_16_u/U0/i_synth/ADDSUB_OP.ADDSUB/SPEED_OP.DSP.OP/DSP48E1_BODY_HP.EXP/NOT_LOW_LATENCY_NORM_DIST.STRUCT_ADD/LSBaddmode1.lut0o6/LUT6 (in U_adder_top/U_flicker/render/render_lane_2u_U0/grp_evaluate_group_2u_s_fu_454/flicker_render_pixdS_U236/flicker_render_pipeline_ap_hadd_8_full_dsp_16_u/U0/i_synth/ADDSUB_OP.ADDSUB/SPEED_OP.DSP.OP/DSP48E1_BODY_HP.EXP/NOT_LOW_LATENCY_NORM_DIST.STRUCT_ADD/LSBaddmode1.lut0o6 macro) is not included in the LUT equation: 'O6=(A3*A4*A5*(~A6))+(A3*A4*(~A5))+(A3*(~A4)*A5*A6)+(A3*(~A4)*(~A5)*(~A6))+((~A3)*A4*A5*A6)+((~A3)*A4*(~A5)*(~A6))+((~A3)*(~A4)*(~A5)*A6)'. If this cell is a user instantiated LUT in the design, please remove connectivity to the pin or change the equation and/or INIT string of the LUT to prevent this issue. If the cell is inferred or IP created LUT, please regenerate the IP and/or resynthesize the design to attempt to correct the issue.
Related violations: <none>

PDCN-1569#159 Warning
LUT equation term check  
Used physical LUT pin 'A2' of cell U_adder_top/U_flicker/render/render_lane_2u_U0/grp_evaluate_group_2u_s_fu_454/flicker_render_piyd2_U237/flicker_render_pipeline_ap_hsub_8_full_dsp_16_u/U0/i_synth/ADDSUB_OP.ADDSUB/SPEED_OP.DSP.OP/DSP48E1_BODY_HP.EXP/NOT_LOW_LATENCY_NORM_DIST.STRUCT_ADD/LSBaddmode1.lut0o6/LUT5 (in U_adder_top/U_flicker/render/render_lane_2u_U0/grp_evaluate_group_2u_s_fu_454/flicker_render_piyd2_U237/flicker_render_pipeline_ap_hsub_8_full_dsp_16_u/U0/i_synth/ADDSUB_OP.ADDSUB/SPEED_OP.DSP.OP/DSP48E1_BODY_HP.EXP/NOT_LOW_LATENCY_NORM_DIST.STRUCT_ADD/LSBaddmode1.lut0o6 macro) is not included in the LUT equation: 'O5=(A3*A4)+(A3*(~A4)*(~A5))+((~A3)*A4*(~A5))'. If this cell is a user instantiated LUT in the design, please remove connectivity to the pin or change the equation and/or INIT string of the LUT to prevent this issue. If the cell is inferred or IP created LUT, please regenerate the IP and/or resynthesize the design to attempt to correct the issue.
Related violations: <none>

PDCN-1569#160 Warning
LUT equation term check  
Used physical LUT pin 'A2' of cell U_adder_top/U_flicker/render/render_lane_2u_U0/grp_evaluate_group_2u_s_fu_454/flicker_render_piyd2_U237/flicker_render_pipeline_ap_hsub_8_full_dsp_16_u/U0/i_synth/ADDSUB_OP.ADDSUB/SPEED_OP.DSP.OP/DSP48E1_BODY_HP.EXP/NOT_LOW_LATENCY_NORM_DIST.STRUCT_ADD/LSBaddmode1.lut0o6/LUT6 (in U_adder_top/U_flicker/render/render_lane_2u_U0/grp_evaluate_group_2u_s_fu_454/flicker_render_piyd2_U237/flicker_render_pipeline_ap_hsub_8_full_dsp_16_u/U0/i_synth/ADDSUB_OP.ADDSUB/SPEED_OP.DSP.OP/DSP48E1_BODY_HP.EXP/NOT_LOW_LATENCY_NORM_DIST.STRUCT_ADD/LSBaddmode1.lut0o6 macro) is not included in the LUT equation: 'O6=(A3*A4*A5*(~A6))+(A3*A4*(~A5))+(A3*(~A4)*A5*A6)+(A3*(~A4)*(~A5)*(~A6))+((~A3)*A4*A5*A6)+((~A3)*A4*(~A5)*(~A6))+((~A3)*(~A4)*(~A5)*A6)'. If this cell is a user instantiated LUT in the design, please remove connectivity to the pin or change the equation and/or INIT string of the LUT to prevent this issue. If the cell is inferred or IP created LUT, please regenerate the IP and/or resynthesize the design to attempt to correct the issue.
Related violations: <none>

PDCN-1569#161 Warning
LUT equation term check  
Used physical LUT pin 'A2' of cell U_adder_top/U_flicker/render/render_lane_2u_U0/grp_evaluate_group_2u_s_fu_454/flicker_render_piyd2_U238/flicker_render_pipeline_ap_hsub_8_full_dsp_16_u/U0/i_synth/ADDSUB_OP.ADDSUB/SPEED_OP.DSP.OP/DSP48E1_BODY_HP.EXP/NOT_LOW_LATENCY_NORM_DIST.STRUCT_ADD/LSBaddmode1.lut0o6/LUT5 (in U_adder_top/U_flicker/render/render_lane_2u_U0/grp_evaluate_group_2u_s_fu_454/flicker_render_piyd2_U238/flicker_render_pipeline_ap_hsub_8_full_dsp_16_u/U0/i_synth/ADDSUB_OP.ADDSUB/SPEED_OP.DSP.OP/DSP48E1_BODY_HP.EXP/NOT_LOW_LATENCY_NORM_DIST.STRUCT_ADD/LSBaddmode1.lut0o6 macro) is not included in the LUT equation: 'O5=(A3*A4)+(A3*(~A4)*(~A5))+((~A3)*A4*(~A5))'. If this cell is a user instantiated LUT in the design, please remove connectivity to the pin or change the equation and/or INIT string of the LUT to prevent this issue. If the cell is inferred or IP created LUT, please regenerate the IP and/or resynthesize the design to attempt to correct the issue.
Related violations: <none>

PDCN-1569#162 Warning
LUT equation term check  
Used physical LUT pin 'A2' of cell U_adder_top/U_flicker/render/render_lane_2u_U0/grp_evaluate_group_2u_s_fu_454/flicker_render_piyd2_U238/flicker_render_pipeline_ap_hsub_8_full_dsp_16_u/U0/i_synth/ADDSUB_OP.ADDSUB/SPEED_OP.DSP.OP/DSP48E1_BODY_HP.EXP/NOT_LOW_LATENCY_NORM_DIST.STRUCT_ADD/LSBaddmode1.lut0o6/LUT6 (in U_adder_top/U_flicker/render/render_lane_2u_U0/grp_evaluate_group_2u_s_fu_454/flicker_render_piyd2_U238/flicker_render_pipeline_ap_hsub_8_full_dsp_16_u/U0/i_synth/ADDSUB_OP.ADDSUB/SPEED_OP.DSP.OP/DSP48E1_BODY_HP.EXP/NOT_LOW_LATENCY_NORM_DIST.STRUCT_ADD/LSBaddmode1.lut0o6 macro) is not included in the LUT equation: 'O6=(A3*A4*A5*(~A6))+(A3*A4*(~A5))+(A3*(~A4)*A5*A6)+(A3*(~A4)*(~A5)*(~A6))+((~A3)*A4*A5*A6)+((~A3)*A4*(~A5)*(~A6))+((~A3)*(~A4)*(~A5)*A6)'. If this cell is a user instantiated LUT in the design, please remove connectivity to the pin or change the equation and/or INIT string of the LUT to prevent this issue. If the cell is inferred or IP created LUT, please regenerate the IP and/or resynthesize the design to attempt to correct the issue.
Related violations: <none>

PDCN-1569#163 Warning
LUT equation term check  
Used physical LUT pin 'A2' of cell U_adder_top/U_flicker/render/render_lane_2u_U0/grp_evaluate_group_2u_s_fu_454/flicker_render_piyd2_U239/flicker_render_pipeline_ap_hsub_8_full_dsp_16_u/U0/i_synth/ADDSUB_OP.ADDSUB/SPEED_OP.DSP.OP/DSP48E1_BODY_HP.EXP/NOT_LOW_LATENCY_NORM_DIST.STRUCT_ADD/LSBaddmode1.lut0o6/LUT5 (in U_adder_top/U_flicker/render/render_lane_2u_U0/grp_evaluate_group_2u_s_fu_454/flicker_render_piyd2_U239/flicker_render_pipeline_ap_hsub_8_full_dsp_16_u/U0/i_synth/ADDSUB_OP.ADDSUB/SPEED_OP.DSP.OP/DSP48E1_BODY_HP.EXP/NOT_LOW_LATENCY_NORM_DIST.STRUCT_ADD/LSBaddmode1.lut0o6 macro) is not included in the LUT equation: 'O5=(A3*A4)+(A3*(~A4)*(~A5))+((~A3)*A4*(~A5))'. If this cell is a user instantiated LUT in the design, please remove connectivity to the pin or change the equation and/or INIT string of the LUT to prevent this issue. If the cell is inferred or IP created LUT, please regenerate the IP and/or resynthesize the design to attempt to correct the issue.
Related violations: <none>

PDCN-1569#164 Warning
LUT equation term check  
Used physical LUT pin 'A2' of cell U_adder_top/U_flicker/render/render_lane_2u_U0/grp_evaluate_group_2u_s_fu_454/flicker_render_piyd2_U239/flicker_render_pipeline_ap_hsub_8_full_dsp_16_u/U0/i_synth/ADDSUB_OP.ADDSUB/SPEED_OP.DSP.OP/DSP48E1_BODY_HP.EXP/NOT_LOW_LATENCY_NORM_DIST.STRUCT_ADD/LSBaddmode1.lut0o6/LUT6 (in U_adder_top/U_flicker/render/render_lane_2u_U0/grp_evaluate_group_2u_s_fu_454/flicker_render_piyd2_U239/flicker_render_pipeline_ap_hsub_8_full_dsp_16_u/U0/i_synth/ADDSUB_OP.ADDSUB/SPEED_OP.DSP.OP/DSP48E1_BODY_HP.EXP/NOT_LOW_LATENCY_NORM_DIST.STRUCT_ADD/LSBaddmode1.lut0o6 macro) is not included in the LUT equation: 'O6=(A3*A4*A5*(~A6))+(A3*A4*(~A5))+(A3*(~A4)*A5*A6)+(A3*(~A4)*(~A5)*(~A6))+((~A3)*A4*A5*A6)+((~A3)*A4*(~A5)*(~A6))+((~A3)*(~A4)*(~A5)*A6)'. If this cell is a user instantiated LUT in the design, please remove connectivity to the pin or change the equation and/or INIT string of the LUT to prevent this issue. If the cell is inferred or IP created LUT, please regenerate the IP and/or resynthesize the design to attempt to correct the issue.
Related violations: <none>

PDCN-1569#165 Warning
LUT equation term check  
Used physical LUT pin 'A2' of cell U_adder_top/U_flicker/render/render_lane_2u_U0/grp_evaluate_group_2u_s_fu_454/flicker_render_piyd2_U240/flicker_render_pipeline_ap_hsub_8_full_dsp_16_u/U0/i_synth/ADDSUB_OP.ADDSUB/SPEED_OP.DSP.OP/DSP48E1_BODY_HP.EXP/NOT_LOW_LATENCY_NORM_DIST.STRUCT_ADD/LSBaddmode1.lut0o6/LUT5 (in U_adder_top/U_flicker/render/render_lane_2u_U0/grp_evaluate_group_2u_s_fu_454/flicker_render_piyd2_U240/flicker_render_pipeline_ap_hsub_8_full_dsp_16_u/U0/i_synth/ADDSUB_OP.ADDSUB/SPEED_OP.DSP.OP/DSP48E1_BODY_HP.EXP/NOT_LOW_LATENCY_NORM_DIST.STRUCT_ADD/LSBaddmode1.lut0o6 macro) is not included in the LUT equation: 'O5=(A3*A4)+(A3*(~A4)*(~A5))+((~A3)*A4*(~A5))'. If this cell is a user instantiated LUT in the design, please remove connectivity to the pin or change the equation and/or INIT string of the LUT to prevent this issue. If the cell is inferred or IP created LUT, please regenerate the IP and/or resynthesize the design to attempt to correct the issue.
Related violations: <none>

PDCN-1569#166 Warning
LUT equation term check  
Used physical LUT pin 'A2' of cell U_adder_top/U_flicker/render/render_lane_2u_U0/grp_evaluate_group_2u_s_fu_454/flicker_render_piyd2_U240/flicker_render_pipeline_ap_hsub_8_full_dsp_16_u/U0/i_synth/ADDSUB_OP.ADDSUB/SPEED_OP.DSP.OP/DSP48E1_BODY_HP.EXP/NOT_LOW_LATENCY_NORM_DIST.STRUCT_ADD/LSBaddmode1.lut0o6/LUT6 (in U_adder_top/U_flicker/render/render_lane_2u_U0/grp_evaluate_group_2u_s_fu_454/flicker_render_piyd2_U240/flicker_render_pipeline_ap_hsub_8_full_dsp_16_u/U0/i_synth/ADDSUB_OP.ADDSUB/SPEED_OP.DSP.OP/DSP48E1_BODY_HP.EXP/NOT_LOW_LATENCY_NORM_DIST.STRUCT_ADD/LSBaddmode1.lut0o6 macro) is not included in the LUT equation: 'O6=(A3*A4*A5*(~A6))+(A3*A4*(~A5))+(A3*(~A4)*A5*A6)+(A3*(~A4)*(~A5)*(~A6))+((~A3)*A4*A5*A6)+((~A3)*A4*(~A5)*(~A6))+((~A3)*(~A4)*(~A5)*A6)'. If this cell is a user instantiated LUT in the design, please remove connectivity to the pin or change the equation and/or INIT string of the LUT to prevent this issue. If the cell is inferred or IP created LUT, please regenerate the IP and/or resynthesize the design to attempt to correct the issue.
Related violations: <none>

PDCN-1569#167 Warning
LUT equation term check  
Used physical LUT pin 'A2' of cell U_adder_top/U_flicker/render/render_lane_3u_U0/flicker_render_pixdS_U311/flicker_render_pipeline_ap_hadd_8_full_dsp_16_u/U0/i_synth/ADDSUB_OP.ADDSUB/SPEED_OP.DSP.OP/DSP48E1_BODY_HP.EXP/NOT_LOW_LATENCY_NORM_DIST.STRUCT_ADD/LSBaddmode1.lut0o6/LUT5 (in U_adder_top/U_flicker/render/render_lane_3u_U0/flicker_render_pixdS_U311/flicker_render_pipeline_ap_hadd_8_full_dsp_16_u/U0/i_synth/ADDSUB_OP.ADDSUB/SPEED_OP.DSP.OP/DSP48E1_BODY_HP.EXP/NOT_LOW_LATENCY_NORM_DIST.STRUCT_ADD/LSBaddmode1.lut0o6 macro) is not included in the LUT equation: 'O5=(A3*A4)+(A3*(~A4)*(~A5))+((~A3)*A4*(~A5))'. If this cell is a user instantiated LUT in the design, please remove connectivity to the pin or change the equation and/or INIT string of the LUT to prevent this issue. If the cell is inferred or IP created LUT, please regenerate the IP and/or resynthesize the design to attempt to correct the issue.
Related violations: <none>

PDCN-1569#168 Warning
LUT equation term check  
Used physical LUT pin 'A2' of cell U_adder_top/U_flicker/render/render_lane_3u_U0/flicker_render_pixdS_U311/flicker_render_pipeline_ap_hadd_8_full_dsp_16_u/U0/i_synth/ADDSUB_OP.ADDSUB/SPEED_OP.DSP.OP/DSP48E1_BODY_HP.EXP/NOT_LOW_LATENCY_NORM_DIST.STRUCT_ADD/LSBaddmode1.lut0o6/LUT6 (in U_adder_top/U_flicker/render/render_lane_3u_U0/flicker_render_pixdS_U311/flicker_render_pipeline_ap_hadd_8_full_dsp_16_u/U0/i_synth/ADDSUB_OP.ADDSUB/SPEED_OP.DSP.OP/DSP48E1_BODY_HP.EXP/NOT_LOW_LATENCY_NORM_DIST.STRUCT_ADD/LSBaddmode1.lut0o6 macro) is not included in the LUT equation: 'O6=(A3*A4*A5*(~A6))+(A3*A4*(~A5))+(A3*(~A4)*A5*A6)+(A3*(~A4)*(~A5)*(~A6))+((~A3)*A4*A5*A6)+((~A3)*A4*(~A5)*(~A6))+((~A3)*(~A4)*(~A5)*A6)'. If this cell is a user instantiated LUT in the design, please remove connectivity to the pin or change the equation and/or INIT string of the LUT to prevent this issue. If the cell is inferred or IP created LUT, please regenerate the IP and/or resynthesize the design to attempt to correct the issue.
Related violations: <none>

PDCN-1569#169 Warning
LUT equation term check  
Used physical LUT pin 'A2' of cell U_adder_top/U_flicker/render/render_lane_3u_U0/flicker_render_pixdS_U312/flicker_render_pipeline_ap_hadd_8_full_dsp_16_u/U0/i_synth/ADDSUB_OP.ADDSUB/SPEED_OP.DSP.OP/DSP48E1_BODY_HP.EXP/NOT_LOW_LATENCY_NORM_DIST.STRUCT_ADD/LSBaddmode1.lut0o6/LUT5 (in U_adder_top/U_flicker/render/render_lane_3u_U0/flicker_render_pixdS_U312/flicker_render_pipeline_ap_hadd_8_full_dsp_16_u/U0/i_synth/ADDSUB_OP.ADDSUB/SPEED_OP.DSP.OP/DSP48E1_BODY_HP.EXP/NOT_LOW_LATENCY_NORM_DIST.STRUCT_ADD/LSBaddmode1.lut0o6 macro) is not included in the LUT equation: 'O5=(A3*A4)+(A3*(~A4)*(~A5))+((~A3)*A4*(~A5))'. If this cell is a user instantiated LUT in the design, please remove connectivity to the pin or change the equation and/or INIT string of the LUT to prevent this issue. If the cell is inferred or IP created LUT, please regenerate the IP and/or resynthesize the design to attempt to correct the issue.
Related violations: <none>

PDCN-1569#170 Warning
LUT equation term check  
Used physical LUT pin 'A2' of cell U_adder_top/U_flicker/render/render_lane_3u_U0/flicker_render_pixdS_U312/flicker_render_pipeline_ap_hadd_8_full_dsp_16_u/U0/i_synth/ADDSUB_OP.ADDSUB/SPEED_OP.DSP.OP/DSP48E1_BODY_HP.EXP/NOT_LOW_LATENCY_NORM_DIST.STRUCT_ADD/LSBaddmode1.lut0o6/LUT6 (in U_adder_top/U_flicker/render/render_lane_3u_U0/flicker_render_pixdS_U312/flicker_render_pipeline_ap_hadd_8_full_dsp_16_u/U0/i_synth/ADDSUB_OP.ADDSUB/SPEED_OP.DSP.OP/DSP48E1_BODY_HP.EXP/NOT_LOW_LATENCY_NORM_DIST.STRUCT_ADD/LSBaddmode1.lut0o6 macro) is not included in the LUT equation: 'O6=(A3*A4*A5*(~A6))+(A3*A4*(~A5))+(A3*(~A4)*A5*A6)+(A3*(~A4)*(~A5)*(~A6))+((~A3)*A4*A5*A6)+((~A3)*A4*(~A5)*(~A6))+((~A3)*(~A4)*(~A5)*A6)'. If this cell is a user instantiated LUT in the design, please remove connectivity to the pin or change the equation and/or INIT string of the LUT to prevent this issue. If the cell is inferred or IP created LUT, please regenerate the IP and/or resynthesize the design to attempt to correct the issue.
Related violations: <none>

PDCN-1569#171 Warning
LUT equation term check  
Used physical LUT pin 'A2' of cell U_adder_top/U_flicker/render/render_lane_3u_U0/flicker_render_pixdS_U313/flicker_render_pipeline_ap_hadd_8_full_dsp_16_u/U0/i_synth/ADDSUB_OP.ADDSUB/SPEED_OP.DSP.OP/DSP48E1_BODY_HP.EXP/NOT_LOW_LATENCY_NORM_DIST.STRUCT_ADD/LSBaddmode1.lut0o6/LUT5 (in U_adder_top/U_flicker/render/render_lane_3u_U0/flicker_render_pixdS_U313/flicker_render_pipeline_ap_hadd_8_full_dsp_16_u/U0/i_synth/ADDSUB_OP.ADDSUB/SPEED_OP.DSP.OP/DSP48E1_BODY_HP.EXP/NOT_LOW_LATENCY_NORM_DIST.STRUCT_ADD/LSBaddmode1.lut0o6 macro) is not included in the LUT equation: 'O5=(A3*A4)+(A3*(~A4)*(~A5))+((~A3)*A4*(~A5))'. If this cell is a user instantiated LUT in the design, please remove connectivity to the pin or change the equation and/or INIT string of the LUT to prevent this issue. If the cell is inferred or IP created LUT, please regenerate the IP and/or resynthesize the design to attempt to correct the issue.
Related violations: <none>

PDCN-1569#172 Warning
LUT equation term check  
Used physical LUT pin 'A2' of cell U_adder_top/U_flicker/render/render_lane_3u_U0/flicker_render_pixdS_U313/flicker_render_pipeline_ap_hadd_8_full_dsp_16_u/U0/i_synth/ADDSUB_OP.ADDSUB/SPEED_OP.DSP.OP/DSP48E1_BODY_HP.EXP/NOT_LOW_LATENCY_NORM_DIST.STRUCT_ADD/LSBaddmode1.lut0o6/LUT6 (in U_adder_top/U_flicker/render/render_lane_3u_U0/flicker_render_pixdS_U313/flicker_render_pipeline_ap_hadd_8_full_dsp_16_u/U0/i_synth/ADDSUB_OP.ADDSUB/SPEED_OP.DSP.OP/DSP48E1_BODY_HP.EXP/NOT_LOW_LATENCY_NORM_DIST.STRUCT_ADD/LSBaddmode1.lut0o6 macro) is not included in the LUT equation: 'O6=(A3*A4*A5*(~A6))+(A3*A4*(~A5))+(A3*(~A4)*A5*A6)+(A3*(~A4)*(~A5)*(~A6))+((~A3)*A4*A5*A6)+((~A3)*A4*(~A5)*(~A6))+((~A3)*(~A4)*(~A5)*A6)'. If this cell is a user instantiated LUT in the design, please remove connectivity to the pin or change the equation and/or INIT string of the LUT to prevent this issue. If the cell is inferred or IP created LUT, please regenerate the IP and/or resynthesize the design to attempt to correct the issue.
Related violations: <none>

PDCN-1569#173 Warning
LUT equation term check  
Used physical LUT pin 'A2' of cell U_adder_top/U_flicker/render/render_lane_3u_U0/grp_evaluate_group_3u_s_fu_456/flicker_render_pixdS_U278/flicker_render_pipeline_ap_hadd_8_full_dsp_16_u/U0/i_synth/ADDSUB_OP.ADDSUB/SPEED_OP.DSP.OP/DSP48E1_BODY_HP.EXP/NOT_LOW_LATENCY_NORM_DIST.STRUCT_ADD/LSBaddmode1.lut0o6/LUT5 (in U_adder_top/U_flicker/render/render_lane_3u_U0/grp_evaluate_group_3u_s_fu_456/flicker_render_pixdS_U278/flicker_render_pipeline_ap_hadd_8_full_dsp_16_u/U0/i_synth/ADDSUB_OP.ADDSUB/SPEED_OP.DSP.OP/DSP48E1_BODY_HP.EXP/NOT_LOW_LATENCY_NORM_DIST.STRUCT_ADD/LSBaddmode1.lut0o6 macro) is not included in the LUT equation: 'O5=(A3*A4)+(A3*(~A4)*(~A5))+((~A3)*A4*(~A5))'. If this cell is a user instantiated LUT in the design, please remove connectivity to the pin or change the equation and/or INIT string of the LUT to prevent this issue. If the cell is inferred or IP created LUT, please regenerate the IP and/or resynthesize the design to attempt to correct the issue.
Related violations: <none>

PDCN-1569#174 Warning
LUT equation term check  
Used physical LUT pin 'A2' of cell U_adder_top/U_flicker/render/render_lane_3u_U0/grp_evaluate_group_3u_s_fu_456/flicker_render_pixdS_U278/flicker_render_pipeline_ap_hadd_8_full_dsp_16_u/U0/i_synth/ADDSUB_OP.ADDSUB/SPEED_OP.DSP.OP/DSP48E1_BODY_HP.EXP/NOT_LOW_LATENCY_NORM_DIST.STRUCT_ADD/LSBaddmode1.lut0o6/LUT6 (in U_adder_top/U_flicker/render/render_lane_3u_U0/grp_evaluate_group_3u_s_fu_456/flicker_render_pixdS_U278/flicker_render_pipeline_ap_hadd_8_full_dsp_16_u/U0/i_synth/ADDSUB_OP.ADDSUB/SPEED_OP.DSP.OP/DSP48E1_BODY_HP.EXP/NOT_LOW_LATENCY_NORM_DIST.STRUCT_ADD/LSBaddmode1.lut0o6 macro) is not included in the LUT equation: 'O6=(A3*A4*A5*(~A6))+(A3*A4*(~A5))+(A3*(~A4)*A5*A6)+(A3*(~A4)*(~A5)*(~A6))+((~A3)*A4*A5*A6)+((~A3)*A4*(~A5)*(~A6))+((~A3)*(~A4)*(~A5)*A6)'. If this cell is a user instantiated LUT in the design, please remove connectivity to the pin or change the equation and/or INIT string of the LUT to prevent this issue. If the cell is inferred or IP created LUT, please regenerate the IP and/or resynthesize the design to attempt to correct the issue.
Related violations: <none>

PDCN-1569#175 Warning
LUT equation term check  
Used physical LUT pin 'A2' of cell U_adder_top/U_flicker/render/render_lane_3u_U0/grp_evaluate_group_3u_s_fu_456/flicker_render_pixdS_U279/flicker_render_pipeline_ap_hadd_8_full_dsp_16_u/U0/i_synth/ADDSUB_OP.ADDSUB/SPEED_OP.DSP.OP/DSP48E1_BODY_HP.EXP/NOT_LOW_LATENCY_NORM_DIST.STRUCT_ADD/LSBaddmode1.lut0o6/LUT5 (in U_adder_top/U_flicker/render/render_lane_3u_U0/grp_evaluate_group_3u_s_fu_456/flicker_render_pixdS_U279/flicker_render_pipeline_ap_hadd_8_full_dsp_16_u/U0/i_synth/ADDSUB_OP.ADDSUB/SPEED_OP.DSP.OP/DSP48E1_BODY_HP.EXP/NOT_LOW_LATENCY_NORM_DIST.STRUCT_ADD/LSBaddmode1.lut0o6 macro) is not included in the LUT equation: 'O5=(A3*A4)+(A3*(~A4)*(~A5))+((~A3)*A4*(~A5))'. If this cell is a user instantiated LUT in the design, please remove connectivity to the pin or change the equation and/or INIT string of the LUT to prevent this issue. If the cell is inferred or IP created LUT, please regenerate the IP and/or resynthesize the design to attempt to correct the issue.
Related violations: <none>

PDCN-1569#176 Warning
LUT equation term check  
Used physical LUT pin 'A2' of cell U_adder_top/U_flicker/render/render_lane_3u_U0/grp_evaluate_group_3u_s_fu_456/flicker_render_pixdS_U279/flicker_render_pipeline_ap_hadd_8_full_dsp_16_u/U0/i_synth/ADDSUB_OP.ADDSUB/SPEED_OP.DSP.OP/DSP48E1_BODY_HP.EXP/NOT_LOW_LATENCY_NORM_DIST.STRUCT_ADD/LSBaddmode1.lut0o6/LUT6 (in U_adder_top/U_flicker/render/render_lane_3u_U0/grp_evaluate_group_3u_s_fu_456/flicker_render_pixdS_U279/flicker_render_pipeline_ap_hadd_8_full_dsp_16_u/U0/i_synth/ADDSUB_OP.ADDSUB/SPEED_OP.DSP.OP/DSP48E1_BODY_HP.EXP/NOT_LOW_LATENCY_NORM_DIST.STRUCT_ADD/LSBaddmode1.lut0o6 macro) is not included in the LUT equation: 'O6=(A3*A4*A5*(~A6))+(A3*A4*(~A5))+(A3*(~A4)*A5*A6)+(A3*(~A4)*(~A5)*(~A6))+((~A3)*A4*A5*A6)+((~A3)*A4*(~A5)*(~A6))+((~A3)*(~A4)*(~A5)*A6)'. If this cell is a user instantiated LUT in the design, please remove connectivity to the pin or change the equation and/or INIT string of the LUT to prevent this issue. If the cell is inferred or IP created LUT, please regenerate the IP and/or resynthesize the design to attempt to correct the issue.
Related violations: <none>

PDCN-1569#177 Warning
LUT equation term check  
Used physical LUT pin 'A2' of cell U_adder_top/U_flicker/render/render_lane_3u_U0/grp_evaluate_group_3u_s_fu_456/flicker_render_pixdS_U280/flicker_render_pipeline_ap_hadd_8_full_dsp_16_u/U0/i_synth/ADDSUB_OP.ADDSUB/SPEED_OP.DSP.OP/DSP48E1_BODY_HP.EXP/NOT_LOW_LATENCY_NORM_DIST.STRUCT_ADD/LSBaddmode1.lut0o6/LUT5 (in U_adder_top/U_flicker/render/render_lane_3u_U0/grp_evaluate_group_3u_s_fu_456/flicker_render_pixdS_U280/flicker_render_pipeline_ap_hadd_8_full_dsp_16_u/U0/i_synth/ADDSUB_OP.ADDSUB/SPEED_OP.DSP.OP/DSP48E1_BODY_HP.EXP/NOT_LOW_LATENCY_NORM_DIST.STRUCT_ADD/LSBaddmode1.lut0o6 macro) is not included in the LUT equation: 'O5=(A3*A4)+(A3*(~A4)*(~A5))+((~A3)*A4*(~A5))'. If this cell is a user instantiated LUT in the design, please remove connectivity to the pin or change the equation and/or INIT string of the LUT to prevent this issue. If the cell is inferred or IP created LUT, please regenerate the IP and/or resynthesize the design to attempt to correct the issue.
Related violations: <none>

PDCN-1569#178 Warning
LUT equation term check  
Used physical LUT pin 'A2' of cell U_adder_top/U_flicker/render/render_lane_3u_U0/grp_evaluate_group_3u_s_fu_456/flicker_render_pixdS_U280/flicker_render_pipeline_ap_hadd_8_full_dsp_16_u/U0/i_synth/ADDSUB_OP.ADDSUB/SPEED_OP.DSP.OP/DSP48E1_BODY_HP.EXP/NOT_LOW_LATENCY_NORM_DIST.STRUCT_ADD/LSBaddmode1.lut0o6/LUT6 (in U_adder_top/U_flicker/render/render_lane_3u_U0/grp_evaluate_group_3u_s_fu_456/flicker_render_pixdS_U280/flicker_render_pipeline_ap_hadd_8_full_dsp_16_u/U0/i_synth/ADDSUB_OP.ADDSUB/SPEED_OP.DSP.OP/DSP48E1_BODY_HP.EXP/NOT_LOW_LATENCY_NORM_DIST.STRUCT_ADD/LSBaddmode1.lut0o6 macro) is not included in the LUT equation: 'O6=(A3*A4*A5*(~A6))+(A3*A4*(~A5))+(A3*(~A4)*A5*A6)+(A3*(~A4)*(~A5)*(~A6))+((~A3)*A4*A5*A6)+((~A3)*A4*(~A5)*(~A6))+((~A3)*(~A4)*(~A5)*A6)'. If this cell is a user instantiated LUT in the design, please remove connectivity to the pin or change the equation and/or INIT string of the LUT to prevent this issue. If the cell is inferred or IP created LUT, please regenerate the IP and/or resynthesize the design to attempt to correct the issue.
Related violations: <none>

PDCN-1569#179 Warning
LUT equation term check  
Used physical LUT pin 'A2' of cell U_adder_top/U_flicker/render/render_lane_3u_U0/grp_evaluate_group_3u_s_fu_456/flicker_render_pixdS_U281/flicker_render_pipeline_ap_hadd_8_full_dsp_16_u/U0/i_synth/ADDSUB_OP.ADDSUB/SPEED_OP.DSP.OP/DSP48E1_BODY_HP.EXP/NOT_LOW_LATENCY_NORM_DIST.STRUCT_ADD/LSBaddmode1.lut0o6/LUT5 (in U_adder_top/U_flicker/render/render_lane_3u_U0/grp_evaluate_group_3u_s_fu_456/flicker_render_pixdS_U281/flicker_render_pipeline_ap_hadd_8_full_dsp_16_u/U0/i_synth/ADDSUB_OP.ADDSUB/SPEED_OP.DSP.OP/DSP48E1_BODY_HP.EXP/NOT_LOW_LATENCY_NORM_DIST.STRUCT_ADD/LSBaddmode1.lut0o6 macro) is not included in the LUT equation: 'O5=(A3*A4)+(A3*(~A4)*(~A5))+((~A3)*A4*(~A5))'. If this cell is a user instantiated LUT in the design, please remove connectivity to the pin or change the equation and/or INIT string of the LUT to prevent this issue. If the cell is inferred or IP created LUT, please regenerate the IP and/or resynthesize the design to attempt to correct the issue.
Related violations: <none>

PDCN-1569#180 Warning
LUT equation term check  
Used physical LUT pin 'A2' of cell U_adder_top/U_flicker/render/render_lane_3u_U0/grp_evaluate_group_3u_s_fu_456/flicker_render_pixdS_U281/flicker_render_pipeline_ap_hadd_8_full_dsp_16_u/U0/i_synth/ADDSUB_OP.ADDSUB/SPEED_OP.DSP.OP/DSP48E1_BODY_HP.EXP/NOT_LOW_LATENCY_NORM_DIST.STRUCT_ADD/LSBaddmode1.lut0o6/LUT6 (in U_adder_top/U_flicker/render/render_lane_3u_U0/grp_evaluate_group_3u_s_fu_456/flicker_render_pixdS_U281/flicker_render_pipeline_ap_hadd_8_full_dsp_16_u/U0/i_synth/ADDSUB_OP.ADDSUB/SPEED_OP.DSP.OP/DSP48E1_BODY_HP.EXP/NOT_LOW_LATENCY_NORM_DIST.STRUCT_ADD/LSBaddmode1.lut0o6 macro) is not included in the LUT equation: 'O6=(A3*A4*A5*(~A6))+(A3*A4*(~A5))+(A3*(~A4)*A5*A6)+(A3*(~A4)*(~A5)*(~A6))+((~A3)*A4*A5*A6)+((~A3)*A4*(~A5)*(~A6))+((~A3)*(~A4)*(~A5)*A6)'. If this cell is a user instantiated LUT in the design, please remove connectivity to the pin or change the equation and/or INIT string of the LUT to prevent this issue. If the cell is inferred or IP created LUT, please regenerate the IP and/or resynthesize the design to attempt to correct the issue.
Related violations: <none>

PDCN-1569#181 Warning
LUT equation term check  
Used physical LUT pin 'A2' of cell U_adder_top/U_flicker/render/render_lane_3u_U0/grp_evaluate_group_3u_s_fu_456/flicker_render_piyd2_U282/flicker_render_pipeline_ap_hsub_8_full_dsp_16_u/U0/i_synth/ADDSUB_OP.ADDSUB/SPEED_OP.DSP.OP/DSP48E1_BODY_HP.EXP/NOT_LOW_LATENCY_NORM_DIST.STRUCT_ADD/LSBaddmode1.lut0o6/LUT5 (in U_adder_top/U_flicker/render/render_lane_3u_U0/grp_evaluate_group_3u_s_fu_456/flicker_render_piyd2_U282/flicker_render_pipeline_ap_hsub_8_full_dsp_16_u/U0/i_synth/ADDSUB_OP.ADDSUB/SPEED_OP.DSP.OP/DSP48E1_BODY_HP.EXP/NOT_LOW_LATENCY_NORM_DIST.STRUCT_ADD/LSBaddmode1.lut0o6 macro) is not included in the LUT equation: 'O5=(A3*A4)+(A3*(~A4)*(~A5))+((~A3)*A4*(~A5))'. If this cell is a user instantiated LUT in the design, please remove connectivity to the pin or change the equation and/or INIT string of the LUT to prevent this issue. If the cell is inferred or IP created LUT, please regenerate the IP and/or resynthesize the design to attempt to correct the issue.
Related violations: <none>

PDCN-1569#182 Warning
LUT equation term check  
Used physical LUT pin 'A2' of cell U_adder_top/U_flicker/render/render_lane_3u_U0/grp_evaluate_group_3u_s_fu_456/flicker_render_piyd2_U282/flicker_render_pipeline_ap_hsub_8_full_dsp_16_u/U0/i_synth/ADDSUB_OP.ADDSUB/SPEED_OP.DSP.OP/DSP48E1_BODY_HP.EXP/NOT_LOW_LATENCY_NORM_DIST.STRUCT_ADD/LSBaddmode1.lut0o6/LUT6 (in U_adder_top/U_flicker/render/render_lane_3u_U0/grp_evaluate_group_3u_s_fu_456/flicker_render_piyd2_U282/flicker_render_pipeline_ap_hsub_8_full_dsp_16_u/U0/i_synth/ADDSUB_OP.ADDSUB/SPEED_OP.DSP.OP/DSP48E1_BODY_HP.EXP/NOT_LOW_LATENCY_NORM_DIST.STRUCT_ADD/LSBaddmode1.lut0o6 macro) is not included in the LUT equation: 'O6=(A3*A4*A5*(~A6))+(A3*A4*(~A5))+(A3*(~A4)*A5*A6)+(A3*(~A4)*(~A5)*(~A6))+((~A3)*A4*A5*A6)+((~A3)*A4*(~A5)*(~A6))+((~A3)*(~A4)*(~A5)*A6)'. If this cell is a user instantiated LUT in the design, please remove connectivity to the pin or change the equation and/or INIT string of the LUT to prevent this issue. If the cell is inferred or IP created LUT, please regenerate the IP and/or resynthesize the design to attempt to correct the issue.
Related violations: <none>

PDCN-1569#183 Warning
LUT equation term check  
Used physical LUT pin 'A2' of cell U_adder_top/U_flicker/render/render_lane_3u_U0/grp_evaluate_group_3u_s_fu_456/flicker_render_piyd2_U283/flicker_render_pipeline_ap_hsub_8_full_dsp_16_u/U0/i_synth/ADDSUB_OP.ADDSUB/SPEED_OP.DSP.OP/DSP48E1_BODY_HP.EXP/NOT_LOW_LATENCY_NORM_DIST.STRUCT_ADD/LSBaddmode1.lut0o6/LUT5 (in U_adder_top/U_flicker/render/render_lane_3u_U0/grp_evaluate_group_3u_s_fu_456/flicker_render_piyd2_U283/flicker_render_pipeline_ap_hsub_8_full_dsp_16_u/U0/i_synth/ADDSUB_OP.ADDSUB/SPEED_OP.DSP.OP/DSP48E1_BODY_HP.EXP/NOT_LOW_LATENCY_NORM_DIST.STRUCT_ADD/LSBaddmode1.lut0o6 macro) is not included in the LUT equation: 'O5=(A3*A4)+(A3*(~A4)*(~A5))+((~A3)*A4*(~A5))'. If this cell is a user instantiated LUT in the design, please remove connectivity to the pin or change the equation and/or INIT string of the LUT to prevent this issue. If the cell is inferred or IP created LUT, please regenerate the IP and/or resynthesize the design to attempt to correct the issue.
Related violations: <none>

PDCN-1569#184 Warning
LUT equation term check  
Used physical LUT pin 'A2' of cell U_adder_top/U_flicker/render/render_lane_3u_U0/grp_evaluate_group_3u_s_fu_456/flicker_render_piyd2_U283/flicker_render_pipeline_ap_hsub_8_full_dsp_16_u/U0/i_synth/ADDSUB_OP.ADDSUB/SPEED_OP.DSP.OP/DSP48E1_BODY_HP.EXP/NOT_LOW_LATENCY_NORM_DIST.STRUCT_ADD/LSBaddmode1.lut0o6/LUT6 (in U_adder_top/U_flicker/render/render_lane_3u_U0/grp_evaluate_group_3u_s_fu_456/flicker_render_piyd2_U283/flicker_render_pipeline_ap_hsub_8_full_dsp_16_u/U0/i_synth/ADDSUB_OP.ADDSUB/SPEED_OP.DSP.OP/DSP48E1_BODY_HP.EXP/NOT_LOW_LATENCY_NORM_DIST.STRUCT_ADD/LSBaddmode1.lut0o6 macro) is not included in the LUT equation: 'O6=(A3*A4*A5*(~A6))+(A3*A4*(~A5))+(A3*(~A4)*A5*A6)+(A3*(~A4)*(~A5)*(~A6))+((~A3)*A4*A5*A6)+((~A3)*A4*(~A5)*(~A6))+((~A3)*(~A4)*(~A5)*A6)'. If this cell is a user instantiated LUT in the design, please remove connectivity to the pin or change the equation and/or INIT string of the LUT to prevent this issue. If the cell is inferred or IP created LUT, please regenerate the IP and/or resynthesize the design to attempt to correct the issue.
Related violations: <none>

PDCN-1569#185 Warning
LUT equation term check  
Used physical LUT pin 'A2' of cell U_adder_top/U_flicker/render/render_lane_3u_U0/grp_evaluate_group_3u_s_fu_456/flicker_render_piyd2_U284/flicker_render_pipeline_ap_hsub_8_full_dsp_16_u/U0/i_synth/ADDSUB_OP.ADDSUB/SPEED_OP.DSP.OP/DSP48E1_BODY_HP.EXP/NOT_LOW_LATENCY_NORM_DIST.STRUCT_ADD/LSBaddmode1.lut0o6/LUT5 (in U_adder_top/U_flicker/render/render_lane_3u_U0/grp_evaluate_group_3u_s_fu_456/flicker_render_piyd2_U284/flicker_render_pipeline_ap_hsub_8_full_dsp_16_u/U0/i_synth/ADDSUB_OP.ADDSUB/SPEED_OP.DSP.OP/DSP48E1_BODY_HP.EXP/NOT_LOW_LATENCY_NORM_DIST.STRUCT_ADD/LSBaddmode1.lut0o6 macro) is not included in the LUT equation: 'O5=(A3*A4)+(A3*(~A4)*(~A5))+((~A3)*A4*(~A5))'. If this cell is a user instantiated LUT in the design, please remove connectivity to the pin or change the equation and/or INIT string of the LUT to prevent this issue. If the cell is inferred or IP created LUT, please regenerate the IP and/or resynthesize the design to attempt to correct the issue.
Related violations: <none>

PDCN-1569#186 Warning
LUT equation term check  
Used physical LUT pin 'A2' of cell U_adder_top/U_flicker/render/render_lane_3u_U0/grp_evaluate_group_3u_s_fu_456/flicker_render_piyd2_U284/flicker_render_pipeline_ap_hsub_8_full_dsp_16_u/U0/i_synth/ADDSUB_OP.ADDSUB/SPEED_OP.DSP.OP/DSP48E1_BODY_HP.EXP/NOT_LOW_LATENCY_NORM_DIST.STRUCT_ADD/LSBaddmode1.lut0o6/LUT6 (in U_adder_top/U_flicker/render/render_lane_3u_U0/grp_evaluate_group_3u_s_fu_456/flicker_render_piyd2_U284/flicker_render_pipeline_ap_hsub_8_full_dsp_16_u/U0/i_synth/ADDSUB_OP.ADDSUB/SPEED_OP.DSP.OP/DSP48E1_BODY_HP.EXP/NOT_LOW_LATENCY_NORM_DIST.STRUCT_ADD/LSBaddmode1.lut0o6 macro) is not included in the LUT equation: 'O6=(A3*A4*A5*(~A6))+(A3*A4*(~A5))+(A3*(~A4)*A5*A6)+(A3*(~A4)*(~A5)*(~A6))+((~A3)*A4*A5*A6)+((~A3)*A4*(~A5)*(~A6))+((~A3)*(~A4)*(~A5)*A6)'. If this cell is a user instantiated LUT in the design, please remove connectivity to the pin or change the equation and/or INIT string of the LUT to prevent this issue. If the cell is inferred or IP created LUT, please regenerate the IP and/or resynthesize the design to attempt to correct the issue.
Related violations: <none>

PDCN-1569#187 Warning
LUT equation term check  
Used physical LUT pin 'A2' of cell U_adder_top/U_flicker/render/render_lane_3u_U0/grp_evaluate_group_3u_s_fu_456/flicker_render_piyd2_U285/flicker_render_pipeline_ap_hsub_8_full_dsp_16_u/U0/i_synth/ADDSUB_OP.ADDSUB/SPEED_OP.DSP.OP/DSP48E1_BODY_HP.EXP/NOT_LOW_LATENCY_NORM_DIST.STRUCT_ADD/LSBaddmode1.lut0o6/LUT5 (in U_adder_top/U_flicker/render/render_lane_3u_U0/grp_evaluate_group_3u_s_fu_456/flicker_render_piyd2_U285/flicker_render_pipeline_ap_hsub_8_full_dsp_16_u/U0/i_synth/ADDSUB_OP.ADDSUB/SPEED_OP.DSP.OP/DSP48E1_BODY_HP.EXP/NOT_LOW_LATENCY_NORM_DIST.STRUCT_ADD/LSBaddmode1.lut0o6 macro) is not included in the LUT equation: 'O5=(A3*A4)+(A3*(~A4)*(~A5))+((~A3)*A4*(~A5))'. If this cell is a user instantiated LUT in the design, please remove connectivity to the pin or change the equation and/or INIT string of the LUT to prevent this issue. If the cell is inferred or IP created LUT, please regenerate the IP and/or resynthesize the design to attempt to correct the issue.
Related violations: <none>

PDCN-1569#188 Warning
LUT equation term check  
Used physical LUT pin 'A2' of cell U_adder_top/U_flicker/render/render_lane_3u_U0/grp_evaluate_group_3u_s_fu_456/flicker_render_piyd2_U285/flicker_render_pipeline_ap_hsub_8_full_dsp_16_u/U0/i_synth/ADDSUB_OP.ADDSUB/SPEED_OP.DSP.OP/DSP48E1_BODY_HP.EXP/NOT_LOW_LATENCY_NORM_DIST.STRUCT_ADD/LSBaddmode1.lut0o6/LUT6 (in U_adder_top/U_flicker/render/render_lane_3u_U0/grp_evaluate_group_3u_s_fu_456/flicker_render_piyd2_U285/flicker_render_pipeline_ap_hsub_8_full_dsp_16_u/U0/i_synth/ADDSUB_OP.ADDSUB/SPEED_OP.DSP.OP/DSP48E1_BODY_HP.EXP/NOT_LOW_LATENCY_NORM_DIST.STRUCT_ADD/LSBaddmode1.lut0o6 macro) is not included in the LUT equation: 'O6=(A3*A4*A5*(~A6))+(A3*A4*(~A5))+(A3*(~A4)*A5*A6)+(A3*(~A4)*(~A5)*(~A6))+((~A3)*A4*A5*A6)+((~A3)*A4*(~A5)*(~A6))+((~A3)*(~A4)*(~A5)*A6)'. If this cell is a user instantiated LUT in the design, please remove connectivity to the pin or change the equation and/or INIT string of the LUT to prevent this issue. If the cell is inferred or IP created LUT, please regenerate the IP and/or resynthesize the design to attempt to correct the issue.
Related violations: <none>

PDRC-153#1 Warning
Gated clock check  
Net rx_sdi_inst/SDI0/SDI/BUFGRX_0 is a gated clock net sourced by a combinational pin rx_sdi_inst/SDI0/SDI/cam_clk_inferred_i_1/O, cell rx_sdi_inst/SDI0/SDI/cam_clk_inferred_i_1. This is not good design practice and will likely impact performance. For SLICE registers, for example, use the CE pin to control the loading of data.
Related violations: <none>

PLCK-23#1 Warning
Clock Placer Checks  
Sub-optimal placement for a clock-capable IO pin and MMCM pair. 
Resolution: A dedicated routing path between the two can be used if: (a) The clock-capable IO (CCIO) is placed on a CCIO capable site (b) The MMCM is placed in the same clock region as the CCIO pin. If the IOB is driving multiple MMCMs, all MMCMs must be placed in the same clock region, one clock region above or one clock region below the IOB. Both the above conditions must be met at the same time, else it may lead to longer and less predictable clock insertion delays.
 This is normally an ERROR but the CLOCK_DEDICATED_ROUTE constraint is set to FALSE allowing your design to continue. The use of this override is highly discouraged as it may lead to very poor timing results. It is recommended that this error condition be corrected in the design.

	U0_ps_ai_peripheral/mig_ddr3_u0/u_mig_7series_0_mig/u_ddr3_clk_ibuf/diff_input_clk.u_ibufg_sys_clk (IBUFDS.O) is locked to C8
	U0_ps_ai_peripheral/mig_ddr3_u0/u_mig_7series_0_mig/u_iodelay_ctrl/clk_ref_mmcm_gen.mmcm_i (MMCME2_ADV.CLKIN1) is provisionally placed by clockplacer on MMCME2_ADV_X1Y1

Related violations: <none>

PLHOLDVIO-2#1 Warning
Non-Optimal connections which could lead to hold violations  
A LUT rx_sdi_inst/SDI0/SDI/cam_clk_inferred_i_1 is driving clock pin of 1675 cells. This could lead to large hold time violations. Involved cells are:
U0_ps_ai_peripheral/a2sync_reset_cam0_clk/reset_1d_reg, U0_ps_ai_peripheral/a2sync_reset_cam0_clk/reset_2d_reg, U0_ps_ai_peripheral/a2sync_reset_cam0_clk/reset_2d_reg_replica, U0_ps_ai_peripheral/a2sync_reset_cam0_clk/reset_2d_reg_replica_1, U0_ps_ai_peripheral/a2sync_reset_cam0_clk/reset_2d_reg_replica_2, U0_ps_ai_peripheral/frame_to_ps_inst0/bridge_s_u1/a_req_b_d1_reg, U0_ps_ai_peripheral/frame_to_ps_inst0/bridge_s_u1/a_req_b_d2_reg, U0_ps_ai_peripheral/frame_to_ps_inst0/bridge_s_u1/a_req_b_reg, U0_ps_ai_peripheral/frame_to_ps_inst0/bridge_s_u1/b_ack_reg, U0_ps_ai_peripheral/frame_to_ps_inst0/cmos_resize_24bit_u0/cnt_hnum_inv_reg[0], U0_ps_ai_peripheral/frame_to_ps_inst0/cmos_resize_24bit_u0/cnt_hnum_inv_reg[10], U0_ps_ai_peripheral/frame_to_ps_inst0/cmos_resize_24bit_u0/cnt_hnum_inv_reg[11], U0_ps_ai_peripheral/frame_to_ps_inst0/cmos_resize_24bit_u0/cnt_hnum_inv_reg[12], U0_ps_ai_peripheral/frame_to_ps_inst0/cmos_resize_24bit_u0/cnt_hnum_inv_reg[13], U0_ps_ai_peripheral/frame_to_ps_inst0/cmos_resize_24bit_u0/cnt_hnum_inv_reg[14] (the first 15 of 1675 listed)
Related violations: <none>

REQP-1577#1 Warning
Clock output buffering  
MMCME2_ADV connectivity violation. The signal U0_ps_ai_peripheral/frame_to_ps_inst0/cmos_clkgen_742_5_u0/inst/clkfbout_cmos_clkgen_742_5 on the U0_ps_ai_peripheral/frame_to_ps_inst0/cmos_clkgen_742_5_u0/inst/mmcm_adv_inst/CLKFBOUT pin of U0_ps_ai_peripheral/frame_to_ps_inst0/cmos_clkgen_742_5_u0/inst/mmcm_adv_inst does not drive the same kind of BUFFER load as the other CLKOUT pins. Routing from the different buffer types will not be phase aligned.
Related violations: <none>

REQP-1580#1 Warning
Phase alignment  
Unsupported clocking topology used for OSERDESE2 U0_ps_ai_peripheral/frame_to_ps_inst0/uihdmitx_inst/family_7.Inst_clk_oserdese2_10to1/oserdese2_master. This can result in corrupted data. The U0_ps_ai_peripheral/frame_to_ps_inst0/uihdmitx_inst/family_7.Inst_clk_oserdese2_10to1/oserdese2_master/CLK / U0_ps_ai_peripheral/frame_to_ps_inst0/uihdmitx_inst/family_7.Inst_clk_oserdese2_10to1/oserdese2_master/CLKDIV pins should be driven by the same source through the same buffer type or by a BUFIO / BUFR combination in order to have a proper phase relationship. Please refer to the Select I/O User Guide for supported clocking topologies of the chosen INTERFACE_TYPE mode.
Related violations: <none>

REQP-1580#2 Warning
Phase alignment  
Unsupported clocking topology used for OSERDESE2 U0_ps_ai_peripheral/frame_to_ps_inst0/uihdmitx_inst/family_7.Inst_clk_oserdese2_10to1/oserdese2_slave. This can result in corrupted data. The U0_ps_ai_peripheral/frame_to_ps_inst0/uihdmitx_inst/family_7.Inst_clk_oserdese2_10to1/oserdese2_slave/CLK / U0_ps_ai_peripheral/frame_to_ps_inst0/uihdmitx_inst/family_7.Inst_clk_oserdese2_10to1/oserdese2_slave/CLKDIV pins should be driven by the same source through the same buffer type or by a BUFIO / BUFR combination in order to have a proper phase relationship. Please refer to the Select I/O User Guide for supported clocking topologies of the chosen INTERFACE_TYPE mode.
Related violations: <none>

REQP-1580#3 Warning
Phase alignment  
Unsupported clocking topology used for OSERDESE2 U0_ps_ai_peripheral/frame_to_ps_inst0/uihdmitx_inst/family_7.Inst_d0_serializer_10_1/oserdese2_master. This can result in corrupted data. The U0_ps_ai_peripheral/frame_to_ps_inst0/uihdmitx_inst/family_7.Inst_d0_serializer_10_1/oserdese2_master/CLK / U0_ps_ai_peripheral/frame_to_ps_inst0/uihdmitx_inst/family_7.Inst_d0_serializer_10_1/oserdese2_master/CLKDIV pins should be driven by the same source through the same buffer type or by a BUFIO / BUFR combination in order to have a proper phase relationship. Please refer to the Select I/O User Guide for supported clocking topologies of the chosen INTERFACE_TYPE mode.
Related violations: <none>

REQP-1580#4 Warning
Phase alignment  
Unsupported clocking topology used for OSERDESE2 U0_ps_ai_peripheral/frame_to_ps_inst0/uihdmitx_inst/family_7.Inst_d0_serializer_10_1/oserdese2_slave. This can result in corrupted data. The U0_ps_ai_peripheral/frame_to_ps_inst0/uihdmitx_inst/family_7.Inst_d0_serializer_10_1/oserdese2_slave/CLK / U0_ps_ai_peripheral/frame_to_ps_inst0/uihdmitx_inst/family_7.Inst_d0_serializer_10_1/oserdese2_slave/CLKDIV pins should be driven by the same source through the same buffer type or by a BUFIO / BUFR combination in order to have a proper phase relationship. Please refer to the Select I/O User Guide for supported clocking topologies of the chosen INTERFACE_TYPE mode.
Related violations: <none>

REQP-1580#5 Warning
Phase alignment  
Unsupported clocking topology used for OSERDESE2 U0_ps_ai_peripheral/frame_to_ps_inst0/uihdmitx_inst/family_7.Inst_d1_serializer_10_1/oserdese2_master. This can result in corrupted data. The U0_ps_ai_peripheral/frame_to_ps_inst0/uihdmitx_inst/family_7.Inst_d1_serializer_10_1/oserdese2_master/CLK / U0_ps_ai_peripheral/frame_to_ps_inst0/uihdmitx_inst/family_7.Inst_d1_serializer_10_1/oserdese2_master/CLKDIV pins should be driven by the same source through the same buffer type or by a BUFIO / BUFR combination in order to have a proper phase relationship. Please refer to the Select I/O User Guide for supported clocking topologies of the chosen INTERFACE_TYPE mode.
Related violations: <none>

REQP-1580#6 Warning
Phase alignment  
Unsupported clocking topology used for OSERDESE2 U0_ps_ai_peripheral/frame_to_ps_inst0/uihdmitx_inst/family_7.Inst_d1_serializer_10_1/oserdese2_slave. This can result in corrupted data. The U0_ps_ai_peripheral/frame_to_ps_inst0/uihdmitx_inst/family_7.Inst_d1_serializer_10_1/oserdese2_slave/CLK / U0_ps_ai_peripheral/frame_to_ps_inst0/uihdmitx_inst/family_7.Inst_d1_serializer_10_1/oserdese2_slave/CLKDIV pins should be driven by the same source through the same buffer type or by a BUFIO / BUFR combination in order to have a proper phase relationship. Please refer to the Select I/O User Guide for supported clocking topologies of the chosen INTERFACE_TYPE mode.
Related violations: <none>

REQP-1580#7 Warning
Phase alignment  
Unsupported clocking topology used for OSERDESE2 U0_ps_ai_peripheral/frame_to_ps_inst0/uihdmitx_inst/family_7.Inst_d2_serializer_10_1/oserdese2_master. This can result in corrupted data. The U0_ps_ai_peripheral/frame_to_ps_inst0/uihdmitx_inst/family_7.Inst_d2_serializer_10_1/oserdese2_master/CLK / U0_ps_ai_peripheral/frame_to_ps_inst0/uihdmitx_inst/family_7.Inst_d2_serializer_10_1/oserdese2_master/CLKDIV pins should be driven by the same source through the same buffer type or by a BUFIO / BUFR combination in order to have a proper phase relationship. Please refer to the Select I/O User Guide for supported clocking topologies of the chosen INTERFACE_TYPE mode.
Related violations: <none>

REQP-1580#8 Warning
Phase alignment  
Unsupported clocking topology used for OSERDESE2 U0_ps_ai_peripheral/frame_to_ps_inst0/uihdmitx_inst/family_7.Inst_d2_serializer_10_1/oserdese2_slave. This can result in corrupted data. The U0_ps_ai_peripheral/frame_to_ps_inst0/uihdmitx_inst/family_7.Inst_d2_serializer_10_1/oserdese2_slave/CLK / U0_ps_ai_peripheral/frame_to_ps_inst0/uihdmitx_inst/family_7.Inst_d2_serializer_10_1/oserdese2_slave/CLKDIV pins should be driven by the same source through the same buffer type or by a BUFIO / BUFR combination in order to have a proper phase relationship. Please refer to the Select I/O User Guide for supported clocking topologies of the chosen INTERFACE_TYPE mode.
Related violations: <none>

REQP-1709#1 Warning
Clock output buffering  
PLLE2_ADV connectivity violation. The signal U0_ps_ai_peripheral/mig_ddr3_u0/u_mig_7series_0_mig/u_ddr3_infrastructure/pll_clk3_out on the U0_ps_ai_peripheral/mig_ddr3_u0/u_mig_7series_0_mig/u_ddr3_infrastructure/plle2_i/CLKOUT3 pin of U0_ps_ai_peripheral/mig_ddr3_u0/u_mig_7series_0_mig/u_ddr3_infrastructure/plle2_i does not drive the same kind of BUFFER load as the other CLKOUT pins. Routing from the different buffer types will not be phase aligned.
Related violations: <none>

REQP-1839#1 Warning
RAMB36 async control check  
The RAMB36E1 U0_ps_ai_peripheral/ZGolo/u_AI_Mate_top/U0_ddr2hp_itcn/U0_dmux4/U0_aw_axi_fifo/w616d64_fifo.U0_w616d64_fifo/U0/inst_fifo_gen/gconvfifo.rf/grf.rf/gntv_or_sync_fifo.mem/gbm.gbmg.gbmga.ngecc.bmg/inst_blk_mem_gen/gnbram.gnativebmg.native_blk_mem_gen/valid.cstr/ramloop[0].ram.r/prim_noinit.ram/DEVICE_7SERIES.NO_BMM_INFO.SDP.WIDE_PRIM36_NO_ECC.ram has an input control pin U0_ps_ai_peripheral/ZGolo/u_AI_Mate_top/U0_ddr2hp_itcn/U0_dmux4/U0_aw_axi_fifo/w616d64_fifo.U0_w616d64_fifo/U0/inst_fifo_gen/gconvfifo.rf/grf.rf/gntv_or_sync_fifo.mem/gbm.gbmg.gbmga.ngecc.bmg/inst_blk_mem_gen/gnbram.gnativebmg.native_blk_mem_gen/valid.cstr/ramloop[0].ram.r/prim_noinit.ram/DEVICE_7SERIES.NO_BMM_INFO.SDP.WIDE_PRIM36_NO_ECC.ram/ENARDEN (net: U0_ps_ai_peripheral/ZGolo/u_AI_Mate_top/U0_ddr2hp_itcn/U0_dmux4/U0_aw_axi_fifo/w616d64_fifo.U0_w616d64_fifo/U0/inst_fifo_gen/gconvfifo.rf/grf.rf/gntv_or_sync_fifo.mem/gbm.gbmg.gbmga.ngecc.bmg/inst_blk_mem_gen/gnbram.gnativebmg.native_blk_mem_gen/valid.cstr/ramloop[0].ram.r/prim_noinit.ram/tmp_ram_rd_en) which is driven by a register (U0_ps_ai_peripheral/ZGolo/u_AI_Mate_top/U0_ddr2hp_itcn/avr_rs_cas_u/rs_cascade_gen[0].avr_rs_u/u_avr_brs/ready_d1_reg) that has an active asychronous set or reset. This may cause corruption of the memory contents and/or read values when the set/reset is asserted and is not analyzed by the default static timing analysis. It is suggested to eliminate the use of a set/reset to registers driving this RAMB pin or else use a synchronous reset in which the assertion of the reset is timed by default.
Related violations: <none>

REQP-1839#2 Warning
RAMB36 async control check  
The RAMB36E1 U0_ps_ai_peripheral/ZGolo/u_AI_Mate_top/U0_ddr2hp_itcn/U0_dmux4/U0_aw_axi_fifo/w616d64_fifo.U0_w616d64_fifo/U0/inst_fifo_gen/gconvfifo.rf/grf.rf/gntv_or_sync_fifo.mem/gbm.gbmg.gbmga.ngecc.bmg/inst_blk_mem_gen/gnbram.gnativebmg.native_blk_mem_gen/valid.cstr/ramloop[0].ram.r/prim_noinit.ram/DEVICE_7SERIES.NO_BMM_INFO.SDP.WIDE_PRIM36_NO_ECC.ram has an input control pin U0_ps_ai_peripheral/ZGolo/u_AI_Mate_top/U0_ddr2hp_itcn/U0_dmux4/U0_aw_axi_fifo/w616d64_fifo.U0_w616d64_fifo/U0/inst_fifo_gen/gconvfifo.rf/grf.rf/gntv_or_sync_fifo.mem/gbm.gbmg.gbmga.ngecc.bmg/inst_blk_mem_gen/gnbram.gnativebmg.native_blk_mem_gen/valid.cstr/ramloop[0].ram.r/prim_noinit.ram/DEVICE_7SERIES.NO_BMM_INFO.SDP.WIDE_PRIM36_NO_ECC.ram/ENARDEN (net: U0_ps_ai_peripheral/ZGolo/u_AI_Mate_top/U0_ddr2hp_itcn/U0_dmux4/U0_aw_axi_fifo/w616d64_fifo.U0_w616d64_fifo/U0/inst_fifo_gen/gconvfifo.rf/grf.rf/gntv_or_sync_fifo.mem/gbm.gbmg.gbmga.ngecc.bmg/inst_blk_mem_gen/gnbram.gnativebmg.native_blk_mem_gen/valid.cstr/ramloop[0].ram.r/prim_noinit.ram/tmp_ram_rd_en) which is driven by a register (U0_ps_ai_peripheral/ZGolo/u_AI_Mate_top/U0_ddr2hp_itcn/avr_rs_cas_u/rs_cascade_gen[0].avr_rs_u/u_avr_brs/valid_tmp0_reg) that has an active asychronous set or reset. This may cause corruption of the memory contents and/or read values when the set/reset is asserted and is not analyzed by the default static timing analysis. It is suggested to eliminate the use of a set/reset to registers driving this RAMB pin or else use a synchronous reset in which the assertion of the reset is timed by default.
Related violations: <none>

REQP-1839#3 Warning
RAMB36 async control check  
The RAMB36E1 U0_ps_ai_peripheral/ZGolo/u_AI_Mate_top/U0_ddr2hp_itcn/U0_dmux4/U0_aw_axi_fifo/w616d64_fifo.U0_w616d64_fifo/U0/inst_fifo_gen/gconvfifo.rf/grf.rf/gntv_or_sync_fifo.mem/gbm.gbmg.gbmga.ngecc.bmg/inst_blk_mem_gen/gnbram.gnativebmg.native_blk_mem_gen/valid.cstr/ramloop[0].ram.r/prim_noinit.ram/DEVICE_7SERIES.NO_BMM_INFO.SDP.WIDE_PRIM36_NO_ECC.ram has an input control pin U0_ps_ai_peripheral/ZGolo/u_AI_Mate_top/U0_ddr2hp_itcn/U0_dmux4/U0_aw_axi_fifo/w616d64_fifo.U0_w616d64_fifo/U0/inst_fifo_gen/gconvfifo.rf/grf.rf/gntv_or_sync_fifo.mem/gbm.gbmg.gbmga.ngecc.bmg/inst_blk_mem_gen/gnbram.gnativebmg.native_blk_mem_gen/valid.cstr/ramloop[0].ram.r/prim_noinit.ram/DEVICE_7SERIES.NO_BMM_INFO.SDP.WIDE_PRIM36_NO_ECC.ram/ENARDEN (net: U0_ps_ai_peripheral/ZGolo/u_AI_Mate_top/U0_ddr2hp_itcn/U0_dmux4/U0_aw_axi_fifo/w616d64_fifo.U0_w616d64_fifo/U0/inst_fifo_gen/gconvfifo.rf/grf.rf/gntv_or_sync_fifo.mem/gbm.gbmg.gbmga.ngecc.bmg/inst_blk_mem_gen/gnbram.gnativebmg.native_blk_mem_gen/valid.cstr/ramloop[0].ram.r/prim_noinit.ram/tmp_ram_rd_en) which is driven by a register (U0_ps_ai_peripheral/ZGolo/u_AI_Mate_top/U0_ddr2hp_itcn/avr_rs_cas_u/rs_cascade_gen[0].avr_rs_u/u_avr_frs/s_valid_reg) that has an active asychronous set or reset. This may cause corruption of the memory contents and/or read values when the set/reset is asserted and is not analyzed by the default static timing analysis. It is suggested to eliminate the use of a set/reset to registers driving this RAMB pin or else use a synchronous reset in which the assertion of the reset is timed by default.
Related violations: <none>

REQP-1839#4 Warning
RAMB36 async control check  
The RAMB36E1 U0_ps_ai_peripheral/ZGolo/u_AI_Mate_top/U0_ddr2hp_itcn/U0_dmux4/U0_aw_axi_fifo/w616d64_fifo.U0_w616d64_fifo/U0/inst_fifo_gen/gconvfifo.rf/grf.rf/gntv_or_sync_fifo.mem/gbm.gbmg.gbmga.ngecc.bmg/inst_blk_mem_gen/gnbram.gnativebmg.native_blk_mem_gen/valid.cstr/ramloop[0].ram.r/prim_noinit.ram/DEVICE_7SERIES.NO_BMM_INFO.SDP.WIDE_PRIM36_NO_ECC.ram has an input control pin U0_ps_ai_peripheral/ZGolo/u_AI_Mate_top/U0_ddr2hp_itcn/U0_dmux4/U0_aw_axi_fifo/w616d64_fifo.U0_w616d64_fifo/U0/inst_fifo_gen/gconvfifo.rf/grf.rf/gntv_or_sync_fifo.mem/gbm.gbmg.gbmga.ngecc.bmg/inst_blk_mem_gen/gnbram.gnativebmg.native_blk_mem_gen/valid.cstr/ramloop[0].ram.r/prim_noinit.ram/DEVICE_7SERIES.NO_BMM_INFO.SDP.WIDE_PRIM36_NO_ECC.ram/ENARDEN (net: U0_ps_ai_peripheral/ZGolo/u_AI_Mate_top/U0_ddr2hp_itcn/U0_dmux4/U0_aw_axi_fifo/w616d64_fifo.U0_w616d64_fifo/U0/inst_fifo_gen/gconvfifo.rf/grf.rf/gntv_or_sync_fifo.mem/gbm.gbmg.gbmga.ngecc.bmg/inst_blk_mem_gen/gnbram.gnativebmg.native_blk_mem_gen/valid.cstr/ramloop[0].ram.r/prim_noinit.ram/tmp_ram_rd_en) which is driven by a register (U0_ps_ai_peripheral/ZGolo/u_AI_Mate_top/clkrst_wrapper_u0/u_sync_ai_rst/reset_2d_reg) that has an active asychronous set or reset. This may cause corruption of the memory contents and/or read values when the set/reset is asserted and is not analyzed by the default static timing analysis. It is suggested to eliminate the use of a set/reset to registers driving this RAMB pin or else use a synchronous reset in which the assertion of the reset is timed by default.
Related violations: <none>

REQP-1839#5 Warning
RAMB36 async control check  
The RAMB36E1 U0_ps_ai_peripheral/ZGolo/u_AI_Mate_top/U0_ddr2hp_itcn/U0_dmux4/U0_aw_axi_fifo/w616d64_fifo.U0_w616d64_fifo/U0/inst_fifo_gen/gconvfifo.rf/grf.rf/gntv_or_sync_fifo.mem/gbm.gbmg.gbmga.ngecc.bmg/inst_blk_mem_gen/gnbram.gnativebmg.native_blk_mem_gen/valid.cstr/ramloop[0].ram.r/prim_noinit.ram/DEVICE_7SERIES.NO_BMM_INFO.SDP.WIDE_PRIM36_NO_ECC.ram has an input control pin U0_ps_ai_peripheral/ZGolo/u_AI_Mate_top/U0_ddr2hp_itcn/U0_dmux4/U0_aw_axi_fifo/w616d64_fifo.U0_w616d64_fifo/U0/inst_fifo_gen/gconvfifo.rf/grf.rf/gntv_or_sync_fifo.mem/gbm.gbmg.gbmga.ngecc.bmg/inst_blk_mem_gen/gnbram.gnativebmg.native_blk_mem_gen/valid.cstr/ramloop[0].ram.r/prim_noinit.ram/DEVICE_7SERIES.NO_BMM_INFO.SDP.WIDE_PRIM36_NO_ECC.ram/ENARDEN (net: U0_ps_ai_peripheral/ZGolo/u_AI_Mate_top/U0_ddr2hp_itcn/U0_dmux4/U0_aw_axi_fifo/w616d64_fifo.U0_w616d64_fifo/U0/inst_fifo_gen/gconvfifo.rf/grf.rf/gntv_or_sync_fifo.mem/gbm.gbmg.gbmga.ngecc.bmg/inst_blk_mem_gen/gnbram.gnativebmg.native_blk_mem_gen/valid.cstr/ramloop[0].ram.r/prim_noinit.ram/tmp_ram_rd_en) which is driven by a register (U0_ps_ai_peripheral/ZGolo/u_AI_Mate_top/clkrst_wrapper_u0/u_sync_hp0_clk_rst/reset_2d_reg_replica_18) that has an active asychronous set or reset. This may cause corruption of the memory contents and/or read values when the set/reset is asserted and is not analyzed by the default static timing analysis. It is suggested to eliminate the use of a set/reset to registers driving this RAMB pin or else use a synchronous reset in which the assertion of the reset is timed by default.
Related violations: <none>

REQP-1839#6 Warning
RAMB36 async control check  
The RAMB36E1 U0_ps_ai_peripheral/ZGolo/u_AI_Mate_top/U0_ddr2hp_itcn/U0_dmux4/U0_aw_axi_fifo/w616d64_fifo.U0_w616d64_fifo/U0/inst_fifo_gen/gconvfifo.rf/grf.rf/gntv_or_sync_fifo.mem/gbm.gbmg.gbmga.ngecc.bmg/inst_blk_mem_gen/gnbram.gnativebmg.native_blk_mem_gen/valid.cstr/ramloop[0].ram.r/prim_noinit.ram/DEVICE_7SERIES.NO_BMM_INFO.SDP.WIDE_PRIM36_NO_ECC.ram has an input control pin U0_ps_ai_peripheral/ZGolo/u_AI_Mate_top/U0_ddr2hp_itcn/U0_dmux4/U0_aw_axi_fifo/w616d64_fifo.U0_w616d64_fifo/U0/inst_fifo_gen/gconvfifo.rf/grf.rf/gntv_or_sync_fifo.mem/gbm.gbmg.gbmga.ngecc.bmg/inst_blk_mem_gen/gnbram.gnativebmg.native_blk_mem_gen/valid.cstr/ramloop[0].ram.r/prim_noinit.ram/DEVICE_7SERIES.NO_BMM_INFO.SDP.WIDE_PRIM36_NO_ECC.ram/ENARDEN (net: U0_ps_ai_peripheral/ZGolo/u_AI_Mate_top/U0_ddr2hp_itcn/U0_dmux4/U0_aw_axi_fifo/w616d64_fifo.U0_w616d64_fifo/U0/inst_fifo_gen/gconvfifo.rf/grf.rf/gntv_or_sync_fifo.mem/gbm.gbmg.gbmga.ngecc.bmg/inst_blk_mem_gen/gnbram.gnativebmg.native_blk_mem_gen/valid.cstr/ramloop[0].ram.r/prim_noinit.ram/tmp_ram_rd_en) which is driven by a register (U0_ps_ai_peripheral/ZGolo/u_AI_Mate_top/ddr_intf_u/avr_rs_cas_u0/rs_cascade_gen[0].avr_rs_u/u_avr_brs/ready_d1_reg) that has an active asychronous set or reset. This may cause corruption of the memory contents and/or read values when the set/reset is asserted and is not analyzed by the default static timing analysis. It is suggested to eliminate the use of a set/reset to registers driving this RAMB pin or else use a synchronous reset in which the assertion of the reset is timed by default.
Related violations: <none>

REQP-1839#7 Warning
RAMB36 async control check  
The RAMB36E1 U0_ps_ai_peripheral/ZGolo/u_AI_Mate_top/U0_ddr2hp_itcn/U0_dmux4/U0_aw_axi_fifo/w616d64_fifo.U0_w616d64_fifo/U0/inst_fifo_gen/gconvfifo.rf/grf.rf/gntv_or_sync_fifo.mem/gbm.gbmg.gbmga.ngecc.bmg/inst_blk_mem_gen/gnbram.gnativebmg.native_blk_mem_gen/valid.cstr/ramloop[0].ram.r/prim_noinit.ram/DEVICE_7SERIES.NO_BMM_INFO.SDP.WIDE_PRIM36_NO_ECC.ram has an input control pin U0_ps_ai_peripheral/ZGolo/u_AI_Mate_top/U0_ddr2hp_itcn/U0_dmux4/U0_aw_axi_fifo/w616d64_fifo.U0_w616d64_fifo/U0/inst_fifo_gen/gconvfifo.rf/grf.rf/gntv_or_sync_fifo.mem/gbm.gbmg.gbmga.ngecc.bmg/inst_blk_mem_gen/gnbram.gnativebmg.native_blk_mem_gen/valid.cstr/ramloop[0].ram.r/prim_noinit.ram/DEVICE_7SERIES.NO_BMM_INFO.SDP.WIDE_PRIM36_NO_ECC.ram/ENARDEN (net: U0_ps_ai_peripheral/ZGolo/u_AI_Mate_top/U0_ddr2hp_itcn/U0_dmux4/U0_aw_axi_fifo/w616d64_fifo.U0_w616d64_fifo/U0/inst_fifo_gen/gconvfifo.rf/grf.rf/gntv_or_sync_fifo.mem/gbm.gbmg.gbmga.ngecc.bmg/inst_blk_mem_gen/gnbram.gnativebmg.native_blk_mem_gen/valid.cstr/ramloop[0].ram.r/prim_noinit.ram/tmp_ram_rd_en) which is driven by a register (U0_ps_ai_peripheral/ZGolo/u_AI_Mate_top/ddr_intf_u/avr_rs_cas_u0/rs_cascade_gen[0].avr_rs_u/u_avr_brs/valid_tmp0_reg) that has an active asychronous set or reset. This may cause corruption of the memory contents and/or read values when the set/reset is asserted and is not analyzed by the default static timing analysis. It is suggested to eliminate the use of a set/reset to registers driving this RAMB pin or else use a synchronous reset in which the assertion of the reset is timed by default.
Related violations: <none>

REQP-1839#8 Warning
RAMB36 async control check  
The RAMB36E1 U0_ps_ai_peripheral/ZGolo/u_AI_Mate_top/U0_ddr2hp_itcn/U0_dmux4/U0_aw_axi_fifo/w616d64_fifo.U0_w616d64_fifo/U0/inst_fifo_gen/gconvfifo.rf/grf.rf/gntv_or_sync_fifo.mem/gbm.gbmg.gbmga.ngecc.bmg/inst_blk_mem_gen/gnbram.gnativebmg.native_blk_mem_gen/valid.cstr/ramloop[0].ram.r/prim_noinit.ram/DEVICE_7SERIES.NO_BMM_INFO.SDP.WIDE_PRIM36_NO_ECC.ram has an input control pin U0_ps_ai_peripheral/ZGolo/u_AI_Mate_top/U0_ddr2hp_itcn/U0_dmux4/U0_aw_axi_fifo/w616d64_fifo.U0_w616d64_fifo/U0/inst_fifo_gen/gconvfifo.rf/grf.rf/gntv_or_sync_fifo.mem/gbm.gbmg.gbmga.ngecc.bmg/inst_blk_mem_gen/gnbram.gnativebmg.native_blk_mem_gen/valid.cstr/ramloop[0].ram.r/prim_noinit.ram/DEVICE_7SERIES.NO_BMM_INFO.SDP.WIDE_PRIM36_NO_ECC.ram/ENARDEN (net: U0_ps_ai_peripheral/ZGolo/u_AI_Mate_top/U0_ddr2hp_itcn/U0_dmux4/U0_aw_axi_fifo/w616d64_fifo.U0_w616d64_fifo/U0/inst_fifo_gen/gconvfifo.rf/grf.rf/gntv_or_sync_fifo.mem/gbm.gbmg.gbmga.ngecc.bmg/inst_blk_mem_gen/gnbram.gnativebmg.native_blk_mem_gen/valid.cstr/ramloop[0].ram.r/prim_noinit.ram/tmp_ram_rd_en) which is driven by a register (U0_ps_ai_peripheral/ZGolo/u_AI_Mate_top/ddr_intf_u/avr_rs_cas_u0/rs_cascade_gen[0].avr_rs_u/u_avr_frs/s_valid_reg) that has an active asychronous set or reset. This may cause corruption of the memory contents and/or read values when the set/reset is asserted and is not analyzed by the default static timing analysis. It is suggested to eliminate the use of a set/reset to registers driving this RAMB pin or else use a synchronous reset in which the assertion of the reset is timed by default.
Related violations: <none>

REQP-1839#9 Warning
RAMB36 async control check  
The RAMB36E1 U0_ps_ai_peripheral/ZGolo/u_AI_Mate_top/U0_ddr2hp_itcn/U0_dmux4/U0_aw_axi_fifo/w616d64_fifo.U0_w616d64_fifo/U0/inst_fifo_gen/gconvfifo.rf/grf.rf/gntv_or_sync_fifo.mem/gbm.gbmg.gbmga.ngecc.bmg/inst_blk_mem_gen/gnbram.gnativebmg.native_blk_mem_gen/valid.cstr/ramloop[0].ram.r/prim_noinit.ram/DEVICE_7SERIES.NO_BMM_INFO.SDP.WIDE_PRIM36_NO_ECC.ram has an input control pin U0_ps_ai_peripheral/ZGolo/u_AI_Mate_top/U0_ddr2hp_itcn/U0_dmux4/U0_aw_axi_fifo/w616d64_fifo.U0_w616d64_fifo/U0/inst_fifo_gen/gconvfifo.rf/grf.rf/gntv_or_sync_fifo.mem/gbm.gbmg.gbmga.ngecc.bmg/inst_blk_mem_gen/gnbram.gnativebmg.native_blk_mem_gen/valid.cstr/ramloop[0].ram.r/prim_noinit.ram/DEVICE_7SERIES.NO_BMM_INFO.SDP.WIDE_PRIM36_NO_ECC.ram/ENARDEN (net: U0_ps_ai_peripheral/ZGolo/u_AI_Mate_top/U0_ddr2hp_itcn/U0_dmux4/U0_aw_axi_fifo/w616d64_fifo.U0_w616d64_fifo/U0/inst_fifo_gen/gconvfifo.rf/grf.rf/gntv_or_sync_fifo.mem/gbm.gbmg.gbmga.ngecc.bmg/inst_blk_mem_gen/gnbram.gnativebmg.native_blk_mem_gen/valid.cstr/ramloop[0].ram.r/prim_noinit.ram/tmp_ram_rd_en) which is driven by a register (U0_ps_ai_peripheral/ZGolo/u_AI_Mate_top/ddr_intf_u/avr_rs_cas_u1/rs_cascade_gen[0].avr_rs_u/u_avr_brs/ready_d1_reg) that has an active asychronous set or reset. This may cause corruption of the memory contents and/or read values when the set/reset is asserted and is not analyzed by the default static timing analysis. It is suggested to eliminate the use of a set/reset to registers driving this RAMB pin or else use a synchronous reset in which the assertion of the reset is timed by default.
Related violations: <none>

REQP-1839#10 Warning
RAMB36 async control check  
The RAMB36E1 U0_ps_ai_peripheral/ZGolo/u_AI_Mate_top/U0_ddr2hp_itcn/U0_dmux4/U0_aw_axi_fifo/w616d64_fifo.U0_w616d64_fifo/U0/inst_fifo_gen/gconvfifo.rf/grf.rf/gntv_or_sync_fifo.mem/gbm.gbmg.gbmga.ngecc.bmg/inst_blk_mem_gen/gnbram.gnativebmg.native_blk_mem_gen/valid.cstr/ramloop[0].ram.r/prim_noinit.ram/DEVICE_7SERIES.NO_BMM_INFO.SDP.WIDE_PRIM36_NO_ECC.ram has an input control pin U0_ps_ai_peripheral/ZGolo/u_AI_Mate_top/U0_ddr2hp_itcn/U0_dmux4/U0_aw_axi_fifo/w616d64_fifo.U0_w616d64_fifo/U0/inst_fifo_gen/gconvfifo.rf/grf.rf/gntv_or_sync_fifo.mem/gbm.gbmg.gbmga.ngecc.bmg/inst_blk_mem_gen/gnbram.gnativebmg.native_blk_mem_gen/valid.cstr/ramloop[0].ram.r/prim_noinit.ram/DEVICE_7SERIES.NO_BMM_INFO.SDP.WIDE_PRIM36_NO_ECC.ram/ENARDEN (net: U0_ps_ai_peripheral/ZGolo/u_AI_Mate_top/U0_ddr2hp_itcn/U0_dmux4/U0_aw_axi_fifo/w616d64_fifo.U0_w616d64_fifo/U0/inst_fifo_gen/gconvfifo.rf/grf.rf/gntv_or_sync_fifo.mem/gbm.gbmg.gbmga.ngecc.bmg/inst_blk_mem_gen/gnbram.gnativebmg.native_blk_mem_gen/valid.cstr/ramloop[0].ram.r/prim_noinit.ram/tmp_ram_rd_en) which is driven by a register (U0_ps_ai_peripheral/ZGolo/u_AI_Mate_top/ddr_intf_u/avr_rs_cas_u1/rs_cascade_gen[0].avr_rs_u/u_avr_brs/valid_tmp0_reg) that has an active asychronous set or reset. This may cause corruption of the memory contents and/or read values when the set/reset is asserted and is not analyzed by the default static timing analysis. It is suggested to eliminate the use of a set/reset to registers driving this RAMB pin or else use a synchronous reset in which the assertion of the reset is timed by default.
Related violations: <none>

REQP-1839#11 Warning
RAMB36 async control check  
The RAMB36E1 U0_ps_ai_peripheral/ZGolo/u_AI_Mate_top/U0_ddr2hp_itcn/U0_dmux4/U0_aw_axi_fifo/w616d64_fifo.U0_w616d64_fifo/U0/inst_fifo_gen/gconvfifo.rf/grf.rf/gntv_or_sync_fifo.mem/gbm.gbmg.gbmga.ngecc.bmg/inst_blk_mem_gen/gnbram.gnativebmg.native_blk_mem_gen/valid.cstr/ramloop[0].ram.r/prim_noinit.ram/DEVICE_7SERIES.NO_BMM_INFO.SDP.WIDE_PRIM36_NO_ECC.ram has an input control pin U0_ps_ai_peripheral/ZGolo/u_AI_Mate_top/U0_ddr2hp_itcn/U0_dmux4/U0_aw_axi_fifo/w616d64_fifo.U0_w616d64_fifo/U0/inst_fifo_gen/gconvfifo.rf/grf.rf/gntv_or_sync_fifo.mem/gbm.gbmg.gbmga.ngecc.bmg/inst_blk_mem_gen/gnbram.gnativebmg.native_blk_mem_gen/valid.cstr/ramloop[0].ram.r/prim_noinit.ram/DEVICE_7SERIES.NO_BMM_INFO.SDP.WIDE_PRIM36_NO_ECC.ram/ENARDEN (net: U0_ps_ai_peripheral/ZGolo/u_AI_Mate_top/U0_ddr2hp_itcn/U0_dmux4/U0_aw_axi_fifo/w616d64_fifo.U0_w616d64_fifo/U0/inst_fifo_gen/gconvfifo.rf/grf.rf/gntv_or_sync_fifo.mem/gbm.gbmg.gbmga.ngecc.bmg/inst_blk_mem_gen/gnbram.gnativebmg.native_blk_mem_gen/valid.cstr/ramloop[0].ram.r/prim_noinit.ram/tmp_ram_rd_en) which is driven by a register (U0_ps_ai_peripheral/ZGolo/u_AI_Mate_top/ddr_intf_u/avr_rs_cas_u2/rs_cascade_gen[0].avr_rs_u/u_avr_brs/payload_tmp0_reg[0]) that has an active asychronous set or reset. This may cause corruption of the memory contents and/or read values when the set/reset is asserted and is not analyzed by the default static timing analysis. It is suggested to eliminate the use of a set/reset to registers driving this RAMB pin or else use a synchronous reset in which the assertion of the reset is timed by default.
Related violations: <none>

REQP-1839#12 Warning
RAMB36 async control check  
The RAMB36E1 U0_ps_ai_peripheral/ZGolo/u_AI_Mate_top/U0_ddr2hp_itcn/U0_dmux4/U0_aw_axi_fifo/w616d64_fifo.U0_w616d64_fifo/U0/inst_fifo_gen/gconvfifo.rf/grf.rf/gntv_or_sync_fifo.mem/gbm.gbmg.gbmga.ngecc.bmg/inst_blk_mem_gen/gnbram.gnativebmg.native_blk_mem_gen/valid.cstr/ramloop[0].ram.r/prim_noinit.ram/DEVICE_7SERIES.NO_BMM_INFO.SDP.WIDE_PRIM36_NO_ECC.ram has an input control pin U0_ps_ai_peripheral/ZGolo/u_AI_Mate_top/U0_ddr2hp_itcn/U0_dmux4/U0_aw_axi_fifo/w616d64_fifo.U0_w616d64_fifo/U0/inst_fifo_gen/gconvfifo.rf/grf.rf/gntv_or_sync_fifo.mem/gbm.gbmg.gbmga.ngecc.bmg/inst_blk_mem_gen/gnbram.gnativebmg.native_blk_mem_gen/valid.cstr/ramloop[0].ram.r/prim_noinit.ram/DEVICE_7SERIES.NO_BMM_INFO.SDP.WIDE_PRIM36_NO_ECC.ram/ENARDEN (net: U0_ps_ai_peripheral/ZGolo/u_AI_Mate_top/U0_ddr2hp_itcn/U0_dmux4/U0_aw_axi_fifo/w616d64_fifo.U0_w616d64_fifo/U0/inst_fifo_gen/gconvfifo.rf/grf.rf/gntv_or_sync_fifo.mem/gbm.gbmg.gbmga.ngecc.bmg/inst_blk_mem_gen/gnbram.gnativebmg.native_blk_mem_gen/valid.cstr/ramloop[0].ram.r/prim_noinit.ram/tmp_ram_rd_en) which is driven by a register (U0_ps_ai_peripheral/ZGolo/u_AI_Mate_top/ddr_intf_u/avr_rs_cas_u2/rs_cascade_gen[0].avr_rs_u/u_avr_brs/payload_tmp0_reg[10]) that has an active asychronous set or reset. This may cause corruption of the memory contents and/or read values when the set/reset is asserted and is not analyzed by the default static timing analysis. It is suggested to eliminate the use of a set/reset to registers driving this RAMB pin or else use a synchronous reset in which the assertion of the reset is timed by default.
Related violations: <none>

REQP-1839#13 Warning
RAMB36 async control check  
The RAMB36E1 U0_ps_ai_peripheral/ZGolo/u_AI_Mate_top/U0_ddr2hp_itcn/U0_dmux4/U0_aw_axi_fifo/w616d64_fifo.U0_w616d64_fifo/U0/inst_fifo_gen/gconvfifo.rf/grf.rf/gntv_or_sync_fifo.mem/gbm.gbmg.gbmga.ngecc.bmg/inst_blk_mem_gen/gnbram.gnativebmg.native_blk_mem_gen/valid.cstr/ramloop[0].ram.r/prim_noinit.ram/DEVICE_7SERIES.NO_BMM_INFO.SDP.WIDE_PRIM36_NO_ECC.ram has an input control pin U0_ps_ai_peripheral/ZGolo/u_AI_Mate_top/U0_ddr2hp_itcn/U0_dmux4/U0_aw_axi_fifo/w616d64_fifo.U0_w616d64_fifo/U0/inst_fifo_gen/gconvfifo.rf/grf.rf/gntv_or_sync_fifo.mem/gbm.gbmg.gbmga.ngecc.bmg/inst_blk_mem_gen/gnbram.gnativebmg.native_blk_mem_gen/valid.cstr/ramloop[0].ram.r/prim_noinit.ram/DEVICE_7SERIES.NO_BMM_INFO.SDP.WIDE_PRIM36_NO_ECC.ram/ENARDEN (net: U0_ps_ai_peripheral/ZGolo/u_AI_Mate_top/U0_ddr2hp_itcn/U0_dmux4/U0_aw_axi_fifo/w616d64_fifo.U0_w616d64_fifo/U0/inst_fifo_gen/gconvfifo.rf/grf.rf/gntv_or_sync_fifo.mem/gbm.gbmg.gbmga.ngecc.bmg/inst_blk_mem_gen/gnbram.gnativebmg.native_blk_mem_gen/valid.cstr/ramloop[0].ram.r/prim_noinit.ram/tmp_ram_rd_en) which is driven by a register (U0_ps_ai_peripheral/ZGolo/u_AI_Mate_top/ddr_intf_u/avr_rs_cas_u2/rs_cascade_gen[0].avr_rs_u/u_avr_brs/payload_tmp0_reg[110]) that has an active asychronous set or reset. This may cause corruption of the memory contents and/or read values when the set/reset is asserted and is not analyzed by the default static timing analysis. It is suggested to eliminate the use of a set/reset to registers driving this RAMB pin or else use a synchronous reset in which the assertion of the reset is timed by default.
Related violations: <none>

REQP-1839#14 Warning
RAMB36 async control check  
The RAMB36E1 U0_ps_ai_peripheral/ZGolo/u_AI_Mate_top/U0_ddr2hp_itcn/U0_dmux4/U0_aw_axi_fifo/w616d64_fifo.U0_w616d64_fifo/U0/inst_fifo_gen/gconvfifo.rf/grf.rf/gntv_or_sync_fifo.mem/gbm.gbmg.gbmga.ngecc.bmg/inst_blk_mem_gen/gnbram.gnativebmg.native_blk_mem_gen/valid.cstr/ramloop[0].ram.r/prim_noinit.ram/DEVICE_7SERIES.NO_BMM_INFO.SDP.WIDE_PRIM36_NO_ECC.ram has an input control pin U0_ps_ai_peripheral/ZGolo/u_AI_Mate_top/U0_ddr2hp_itcn/U0_dmux4/U0_aw_axi_fifo/w616d64_fifo.U0_w616d64_fifo/U0/inst_fifo_gen/gconvfifo.rf/grf.rf/gntv_or_sync_fifo.mem/gbm.gbmg.gbmga.ngecc.bmg/inst_blk_mem_gen/gnbram.gnativebmg.native_blk_mem_gen/valid.cstr/ramloop[0].ram.r/prim_noinit.ram/DEVICE_7SERIES.NO_BMM_INFO.SDP.WIDE_PRIM36_NO_ECC.ram/ENARDEN (net: U0_ps_ai_peripheral/ZGolo/u_AI_Mate_top/U0_ddr2hp_itcn/U0_dmux4/U0_aw_axi_fifo/w616d64_fifo.U0_w616d64_fifo/U0/inst_fifo_gen/gconvfifo.rf/grf.rf/gntv_or_sync_fifo.mem/gbm.gbmg.gbmga.ngecc.bmg/inst_blk_mem_gen/gnbram.gnativebmg.native_blk_mem_gen/valid.cstr/ramloop[0].ram.r/prim_noinit.ram/tmp_ram_rd_en) which is driven by a register (U0_ps_ai_peripheral/ZGolo/u_AI_Mate_top/ddr_intf_u/avr_rs_cas_u2/rs_cascade_gen[0].avr_rs_u/u_avr_brs/payload_tmp0_reg[111]) that has an active asychronous set or reset. This may cause corruption of the memory contents and/or read values when the set/reset is asserted and is not analyzed by the default static timing analysis. It is suggested to eliminate the use of a set/reset to registers driving this RAMB pin or else use a synchronous reset in which the assertion of the reset is timed by default.
Related violations: <none>

REQP-1839#15 Warning
RAMB36 async control check  
The RAMB36E1 U0_ps_ai_peripheral/ZGolo/u_AI_Mate_top/U0_ddr2hp_itcn/U0_dmux4/U0_aw_axi_fifo/w616d64_fifo.U0_w616d64_fifo/U0/inst_fifo_gen/gconvfifo.rf/grf.rf/gntv_or_sync_fifo.mem/gbm.gbmg.gbmga.ngecc.bmg/inst_blk_mem_gen/gnbram.gnativebmg.native_blk_mem_gen/valid.cstr/ramloop[0].ram.r/prim_noinit.ram/DEVICE_7SERIES.NO_BMM_INFO.SDP.WIDE_PRIM36_NO_ECC.ram has an input control pin U0_ps_ai_peripheral/ZGolo/u_AI_Mate_top/U0_ddr2hp_itcn/U0_dmux4/U0_aw_axi_fifo/w616d64_fifo.U0_w616d64_fifo/U0/inst_fifo_gen/gconvfifo.rf/grf.rf/gntv_or_sync_fifo.mem/gbm.gbmg.gbmga.ngecc.bmg/inst_blk_mem_gen/gnbram.gnativebmg.native_blk_mem_gen/valid.cstr/ramloop[0].ram.r/prim_noinit.ram/DEVICE_7SERIES.NO_BMM_INFO.SDP.WIDE_PRIM36_NO_ECC.ram/ENARDEN (net: U0_ps_ai_peripheral/ZGolo/u_AI_Mate_top/U0_ddr2hp_itcn/U0_dmux4/U0_aw_axi_fifo/w616d64_fifo.U0_w616d64_fifo/U0/inst_fifo_gen/gconvfifo.rf/grf.rf/gntv_or_sync_fifo.mem/gbm.gbmg.gbmga.ngecc.bmg/inst_blk_mem_gen/gnbram.gnativebmg.native_blk_mem_gen/valid.cstr/ramloop[0].ram.r/prim_noinit.ram/tmp_ram_rd_en) which is driven by a register (U0_ps_ai_peripheral/ZGolo/u_AI_Mate_top/ddr_intf_u/avr_rs_cas_u2/rs_cascade_gen[0].avr_rs_u/u_avr_brs/payload_tmp0_reg[112]) that has an active asychronous set or reset. This may cause corruption of the memory contents and/or read values when the set/reset is asserted and is not analyzed by the default static timing analysis. It is suggested to eliminate the use of a set/reset to registers driving this RAMB pin or else use a synchronous reset in which the assertion of the reset is timed by default.
Related violations: <none>

REQP-1839#16 Warning
RAMB36 async control check  
The RAMB36E1 U0_ps_ai_peripheral/ZGolo/u_AI_Mate_top/U0_ddr2hp_itcn/U0_dmux4/U0_aw_axi_fifo/w616d64_fifo.U0_w616d64_fifo/U0/inst_fifo_gen/gconvfifo.rf/grf.rf/gntv_or_sync_fifo.mem/gbm.gbmg.gbmga.ngecc.bmg/inst_blk_mem_gen/gnbram.gnativebmg.native_blk_mem_gen/valid.cstr/ramloop[0].ram.r/prim_noinit.ram/DEVICE_7SERIES.NO_BMM_INFO.SDP.WIDE_PRIM36_NO_ECC.ram has an input control pin U0_ps_ai_peripheral/ZGolo/u_AI_Mate_top/U0_ddr2hp_itcn/U0_dmux4/U0_aw_axi_fifo/w616d64_fifo.U0_w616d64_fifo/U0/inst_fifo_gen/gconvfifo.rf/grf.rf/gntv_or_sync_fifo.mem/gbm.gbmg.gbmga.ngecc.bmg/inst_blk_mem_gen/gnbram.gnativebmg.native_blk_mem_gen/valid.cstr/ramloop[0].ram.r/prim_noinit.ram/DEVICE_7SERIES.NO_BMM_INFO.SDP.WIDE_PRIM36_NO_ECC.ram/ENARDEN (net: U0_ps_ai_peripheral/ZGolo/u_AI_Mate_top/U0_ddr2hp_itcn/U0_dmux4/U0_aw_axi_fifo/w616d64_fifo.U0_w616d64_fifo/U0/inst_fifo_gen/gconvfifo.rf/grf.rf/gntv_or_sync_fifo.mem/gbm.gbmg.gbmga.ngecc.bmg/inst_blk_mem_gen/gnbram.gnativebmg.native_blk_mem_gen/valid.cstr/ramloop[0].ram.r/prim_noinit.ram/tmp_ram_rd_en) which is driven by a register (U0_ps_ai_peripheral/ZGolo/u_AI_Mate_top/ddr_intf_u/avr_rs_cas_u2/rs_cascade_gen[0].avr_rs_u/u_avr_brs/payload_tmp0_reg[113]) that has an active asychronous set or reset. This may cause corruption of the memory contents and/or read values when the set/reset is asserted and is not analyzed by the default static timing analysis. It is suggested to eliminate the use of a set/reset to registers driving this RAMB pin or else use a synchronous reset in which the assertion of the reset is timed by default.
Related violations: <none>

REQP-1839#17 Warning
RAMB36 async control check  
The RAMB36E1 U0_ps_ai_peripheral/ZGolo/u_AI_Mate_top/U0_ddr2hp_itcn/U0_dmux4/U0_aw_axi_fifo/w616d64_fifo.U0_w616d64_fifo/U0/inst_fifo_gen/gconvfifo.rf/grf.rf/gntv_or_sync_fifo.mem/gbm.gbmg.gbmga.ngecc.bmg/inst_blk_mem_gen/gnbram.gnativebmg.native_blk_mem_gen/valid.cstr/ramloop[0].ram.r/prim_noinit.ram/DEVICE_7SERIES.NO_BMM_INFO.SDP.WIDE_PRIM36_NO_ECC.ram has an input control pin U0_ps_ai_peripheral/ZGolo/u_AI_Mate_top/U0_ddr2hp_itcn/U0_dmux4/U0_aw_axi_fifo/w616d64_fifo.U0_w616d64_fifo/U0/inst_fifo_gen/gconvfifo.rf/grf.rf/gntv_or_sync_fifo.mem/gbm.gbmg.gbmga.ngecc.bmg/inst_blk_mem_gen/gnbram.gnativebmg.native_blk_mem_gen/valid.cstr/ramloop[0].ram.r/prim_noinit.ram/DEVICE_7SERIES.NO_BMM_INFO.SDP.WIDE_PRIM36_NO_ECC.ram/ENARDEN (net: U0_ps_ai_peripheral/ZGolo/u_AI_Mate_top/U0_ddr2hp_itcn/U0_dmux4/U0_aw_axi_fifo/w616d64_fifo.U0_w616d64_fifo/U0/inst_fifo_gen/gconvfifo.rf/grf.rf/gntv_or_sync_fifo.mem/gbm.gbmg.gbmga.ngecc.bmg/inst_blk_mem_gen/gnbram.gnativebmg.native_blk_mem_gen/valid.cstr/ramloop[0].ram.r/prim_noinit.ram/tmp_ram_rd_en) which is driven by a register (U0_ps_ai_peripheral/ZGolo/u_AI_Mate_top/ddr_intf_u/avr_rs_cas_u2/rs_cascade_gen[0].avr_rs_u/u_avr_brs/payload_tmp0_reg[114]) that has an active asychronous set or reset. This may cause corruption of the memory contents and/or read values when the set/reset is asserted and is not analyzed by the default static timing analysis. It is suggested to eliminate the use of a set/reset to registers driving this RAMB pin or else use a synchronous reset in which the assertion of the reset is timed by default.
Related violations: <none>

REQP-1839#18 Warning
RAMB36 async control check  
The RAMB36E1 U0_ps_ai_peripheral/ZGolo/u_AI_Mate_top/U0_ddr2hp_itcn/U0_dmux4/U0_aw_axi_fifo/w616d64_fifo.U0_w616d64_fifo/U0/inst_fifo_gen/gconvfifo.rf/grf.rf/gntv_or_sync_fifo.mem/gbm.gbmg.gbmga.ngecc.bmg/inst_blk_mem_gen/gnbram.gnativebmg.native_blk_mem_gen/valid.cstr/ramloop[0].ram.r/prim_noinit.ram/DEVICE_7SERIES.NO_BMM_INFO.SDP.WIDE_PRIM36_NO_ECC.ram has an input control pin U0_ps_ai_peripheral/ZGolo/u_AI_Mate_top/U0_ddr2hp_itcn/U0_dmux4/U0_aw_axi_fifo/w616d64_fifo.U0_w616d64_fifo/U0/inst_fifo_gen/gconvfifo.rf/grf.rf/gntv_or_sync_fifo.mem/gbm.gbmg.gbmga.ngecc.bmg/inst_blk_mem_gen/gnbram.gnativebmg.native_blk_mem_gen/valid.cstr/ramloop[0].ram.r/prim_noinit.ram/DEVICE_7SERIES.NO_BMM_INFO.SDP.WIDE_PRIM36_NO_ECC.ram/ENARDEN (net: U0_ps_ai_peripheral/ZGolo/u_AI_Mate_top/U0_ddr2hp_itcn/U0_dmux4/U0_aw_axi_fifo/w616d64_fifo.U0_w616d64_fifo/U0/inst_fifo_gen/gconvfifo.rf/grf.rf/gntv_or_sync_fifo.mem/gbm.gbmg.gbmga.ngecc.bmg/inst_blk_mem_gen/gnbram.gnativebmg.native_blk_mem_gen/valid.cstr/ramloop[0].ram.r/prim_noinit.ram/tmp_ram_rd_en) which is driven by a register (U0_ps_ai_peripheral/ZGolo/u_AI_Mate_top/ddr_intf_u/avr_rs_cas_u2/rs_cascade_gen[0].avr_rs_u/u_avr_brs/payload_tmp0_reg[115]) that has an active asychronous set or reset. This may cause corruption of the memory contents and/or read values when the set/reset is asserted and is not analyzed by the default static timing analysis. It is suggested to eliminate the use of a set/reset to registers driving this RAMB pin or else use a synchronous reset in which the assertion of the reset is timed by default.
Related violations: <none>

REQP-1839#19 Warning
RAMB36 async control check  
The RAMB36E1 U0_ps_ai_peripheral/ZGolo/u_AI_Mate_top/U0_ddr2hp_itcn/U0_dmux4/U0_aw_axi_fifo/w616d64_fifo.U0_w616d64_fifo/U0/inst_fifo_gen/gconvfifo.rf/grf.rf/gntv_or_sync_fifo.mem/gbm.gbmg.gbmga.ngecc.bmg/inst_blk_mem_gen/gnbram.gnativebmg.native_blk_mem_gen/valid.cstr/ramloop[0].ram.r/prim_noinit.ram/DEVICE_7SERIES.NO_BMM_INFO.SDP.WIDE_PRIM36_NO_ECC.ram has an input control pin U0_ps_ai_peripheral/ZGolo/u_AI_Mate_top/U0_ddr2hp_itcn/U0_dmux4/U0_aw_axi_fifo/w616d64_fifo.U0_w616d64_fifo/U0/inst_fifo_gen/gconvfifo.rf/grf.rf/gntv_or_sync_fifo.mem/gbm.gbmg.gbmga.ngecc.bmg/inst_blk_mem_gen/gnbram.gnativebmg.native_blk_mem_gen/valid.cstr/ramloop[0].ram.r/prim_noinit.ram/DEVICE_7SERIES.NO_BMM_INFO.SDP.WIDE_PRIM36_NO_ECC.ram/ENARDEN (net: U0_ps_ai_peripheral/ZGolo/u_AI_Mate_top/U0_ddr2hp_itcn/U0_dmux4/U0_aw_axi_fifo/w616d64_fifo.U0_w616d64_fifo/U0/inst_fifo_gen/gconvfifo.rf/grf.rf/gntv_or_sync_fifo.mem/gbm.gbmg.gbmga.ngecc.bmg/inst_blk_mem_gen/gnbram.gnativebmg.native_blk_mem_gen/valid.cstr/ramloop[0].ram.r/prim_noinit.ram/tmp_ram_rd_en) which is driven by a register (U0_ps_ai_peripheral/ZGolo/u_AI_Mate_top/u_axi_2to1/inst/axi_interconnect_inst/mi_data_fifo_bank/gen_fifo_slot[0].data_fifo_inst/gen_fifo.fifo_gen_inst/inst_fifo_gen/gaxi_full_lite.gread_ch.grdch2.axi_rdch/grf.rf/gntv_or_sync_fifo.gl0.wr/gwss.wsts/ram_full_i_reg) that has an active asychronous set or reset. This may cause corruption of the memory contents and/or read values when the set/reset is asserted and is not analyzed by the default static timing analysis. It is suggested to eliminate the use of a set/reset to registers driving this RAMB pin or else use a synchronous reset in which the assertion of the reset is timed by default.
Related violations: <none>

REQP-1839#20 Warning
RAMB36 async control check  
The RAMB36E1 U0_ps_ai_peripheral/ZGolo/u_AI_Mate_top/U0_ddr2hp_itcn/U0_dmux4/U0_aw_axi_fifo/w616d64_fifo.U0_w616d64_fifo/U0/inst_fifo_gen/gconvfifo.rf/grf.rf/gntv_or_sync_fifo.mem/gbm.gbmg.gbmga.ngecc.bmg/inst_blk_mem_gen/gnbram.gnativebmg.native_blk_mem_gen/valid.cstr/ramloop[0].ram.r/prim_noinit.ram/DEVICE_7SERIES.NO_BMM_INFO.SDP.WIDE_PRIM36_NO_ECC.ram has an input control pin U0_ps_ai_peripheral/ZGolo/u_AI_Mate_top/U0_ddr2hp_itcn/U0_dmux4/U0_aw_axi_fifo/w616d64_fifo.U0_w616d64_fifo/U0/inst_fifo_gen/gconvfifo.rf/grf.rf/gntv_or_sync_fifo.mem/gbm.gbmg.gbmga.ngecc.bmg/inst_blk_mem_gen/gnbram.gnativebmg.native_blk_mem_gen/valid.cstr/ramloop[0].ram.r/prim_noinit.ram/DEVICE_7SERIES.NO_BMM_INFO.SDP.WIDE_PRIM36_NO_ECC.ram/ENARDEN (net: U0_ps_ai_peripheral/ZGolo/u_AI_Mate_top/U0_ddr2hp_itcn/U0_dmux4/U0_aw_axi_fifo/w616d64_fifo.U0_w616d64_fifo/U0/inst_fifo_gen/gconvfifo.rf/grf.rf/gntv_or_sync_fifo.mem/gbm.gbmg.gbmga.ngecc.bmg/inst_blk_mem_gen/gnbram.gnativebmg.native_blk_mem_gen/valid.cstr/ramloop[0].ram.r/prim_noinit.ram/tmp_ram_rd_en) which is driven by a register (U0_ps_ai_peripheral/ZGolo/u_AI_Mate_top/u_axi_2to1/inst/axi_interconnect_inst/mi_data_fifo_bank/gen_fifo_slot[0].data_fifo_inst/gen_fifo.fifo_gen_inst/inst_fifo_gen/gaxi_full_lite.gwrite_ch.gwdch2.axi_wdch/grf.rf/gntv_or_sync_fifo.gl0.rd/gr1.gr1_int.rfwft/empty_fwft_i_reg) that has an active asychronous set or reset. This may cause corruption of the memory contents and/or read values when the set/reset is asserted and is not analyzed by the default static timing analysis. It is suggested to eliminate the use of a set/reset to registers driving this RAMB pin or else use a synchronous reset in which the assertion of the reset is timed by default.
Related violations: <none>

REQP-1840#1 Warning
RAMB18 async control check  
The RAMB18E1 U0_ps_ai_peripheral/ZGolo/u_AI_Mate_top/U0_ddr2hp_itcn/U0_dmux4/U0_ar_axi_fifo/w32d64_fifo.U0_w32d64_fifo/U0/inst_fifo_gen/gconvfifo.rf/grf.rf/gntv_or_sync_fifo.mem/gbm.gbmg.gbmga.ngecc.bmg/inst_blk_mem_gen/gnbram.gnativebmg.native_blk_mem_gen/valid.cstr/ramloop[0].ram.r/prim_noinit.ram/DEVICE_7SERIES.NO_BMM_INFO.SDP.WIDE_PRIM18.ram has an input control pin U0_ps_ai_peripheral/ZGolo/u_AI_Mate_top/U0_ddr2hp_itcn/U0_dmux4/U0_ar_axi_fifo/w32d64_fifo.U0_w32d64_fifo/U0/inst_fifo_gen/gconvfifo.rf/grf.rf/gntv_or_sync_fifo.mem/gbm.gbmg.gbmga.ngecc.bmg/inst_blk_mem_gen/gnbram.gnativebmg.native_blk_mem_gen/valid.cstr/ramloop[0].ram.r/prim_noinit.ram/DEVICE_7SERIES.NO_BMM_INFO.SDP.WIDE_PRIM18.ram/ENARDEN (net: U0_ps_ai_peripheral/ZGolo/u_AI_Mate_top/U0_ddr2hp_itcn/U0_dmux4/U0_ar_axi_fifo/w32d64_fifo.U0_w32d64_fifo/U0/inst_fifo_gen/gconvfifo.rf/grf.rf/gntv_or_sync_fifo.mem/gbm.gbmg.gbmga.ngecc.bmg/inst_blk_mem_gen/gnbram.gnativebmg.native_blk_mem_gen/valid.cstr/ramloop[0].ram.r/prim_noinit.ram/tmp_ram_rd_en) which is driven by a register (U0_ps_ai_peripheral/ZGolo/u_AI_Mate_top/U0_ddr2hp_itcn/avr_rs_cas_u/rs_cascade_gen[0].avr_rs_u/u_avr_brs/ready_d1_reg) that has an active asychronous set or reset. This may cause corruption of the memory contents and/or read values when the set/reset is asserted and is not analyzed by the default static timing analysis. It is suggested to eliminate the use of a set/reset to registers driving this RAMB pin or else use a synchronous reset in which the assertion of the reset is timed by default.
Related violations: <none>

REQP-1840#2 Warning
RAMB18 async control check  
The RAMB18E1 U0_ps_ai_peripheral/ZGolo/u_AI_Mate_top/U0_ddr2hp_itcn/U0_dmux4/U0_ar_axi_fifo/w32d64_fifo.U0_w32d64_fifo/U0/inst_fifo_gen/gconvfifo.rf/grf.rf/gntv_or_sync_fifo.mem/gbm.gbmg.gbmga.ngecc.bmg/inst_blk_mem_gen/gnbram.gnativebmg.native_blk_mem_gen/valid.cstr/ramloop[0].ram.r/prim_noinit.ram/DEVICE_7SERIES.NO_BMM_INFO.SDP.WIDE_PRIM18.ram has an input control pin U0_ps_ai_peripheral/ZGolo/u_AI_Mate_top/U0_ddr2hp_itcn/U0_dmux4/U0_ar_axi_fifo/w32d64_fifo.U0_w32d64_fifo/U0/inst_fifo_gen/gconvfifo.rf/grf.rf/gntv_or_sync_fifo.mem/gbm.gbmg.gbmga.ngecc.bmg/inst_blk_mem_gen/gnbram.gnativebmg.native_blk_mem_gen/valid.cstr/ramloop[0].ram.r/prim_noinit.ram/DEVICE_7SERIES.NO_BMM_INFO.SDP.WIDE_PRIM18.ram/ENARDEN (net: U0_ps_ai_peripheral/ZGolo/u_AI_Mate_top/U0_ddr2hp_itcn/U0_dmux4/U0_ar_axi_fifo/w32d64_fifo.U0_w32d64_fifo/U0/inst_fifo_gen/gconvfifo.rf/grf.rf/gntv_or_sync_fifo.mem/gbm.gbmg.gbmga.ngecc.bmg/inst_blk_mem_gen/gnbram.gnativebmg.native_blk_mem_gen/valid.cstr/ramloop[0].ram.r/prim_noinit.ram/tmp_ram_rd_en) which is driven by a register (U0_ps_ai_peripheral/ZGolo/u_AI_Mate_top/U0_ddr2hp_itcn/avr_rs_cas_u/rs_cascade_gen[0].avr_rs_u/u_avr_brs/valid_tmp0_reg) that has an active asychronous set or reset. This may cause corruption of the memory contents and/or read values when the set/reset is asserted and is not analyzed by the default static timing analysis. It is suggested to eliminate the use of a set/reset to registers driving this RAMB pin or else use a synchronous reset in which the assertion of the reset is timed by default.
Related violations: <none>

REQP-1840#3 Warning
RAMB18 async control check  
The RAMB18E1 U0_ps_ai_peripheral/ZGolo/u_AI_Mate_top/U0_ddr2hp_itcn/U0_dmux4/U0_ar_axi_fifo/w32d64_fifo.U0_w32d64_fifo/U0/inst_fifo_gen/gconvfifo.rf/grf.rf/gntv_or_sync_fifo.mem/gbm.gbmg.gbmga.ngecc.bmg/inst_blk_mem_gen/gnbram.gnativebmg.native_blk_mem_gen/valid.cstr/ramloop[0].ram.r/prim_noinit.ram/DEVICE_7SERIES.NO_BMM_INFO.SDP.WIDE_PRIM18.ram has an input control pin U0_ps_ai_peripheral/ZGolo/u_AI_Mate_top/U0_ddr2hp_itcn/U0_dmux4/U0_ar_axi_fifo/w32d64_fifo.U0_w32d64_fifo/U0/inst_fifo_gen/gconvfifo.rf/grf.rf/gntv_or_sync_fifo.mem/gbm.gbmg.gbmga.ngecc.bmg/inst_blk_mem_gen/gnbram.gnativebmg.native_blk_mem_gen/valid.cstr/ramloop[0].ram.r/prim_noinit.ram/DEVICE_7SERIES.NO_BMM_INFO.SDP.WIDE_PRIM18.ram/ENARDEN (net: U0_ps_ai_peripheral/ZGolo/u_AI_Mate_top/U0_ddr2hp_itcn/U0_dmux4/U0_ar_axi_fifo/w32d64_fifo.U0_w32d64_fifo/U0/inst_fifo_gen/gconvfifo.rf/grf.rf/gntv_or_sync_fifo.mem/gbm.gbmg.gbmga.ngecc.bmg/inst_blk_mem_gen/gnbram.gnativebmg.native_blk_mem_gen/valid.cstr/ramloop[0].ram.r/prim_noinit.ram/tmp_ram_rd_en) which is driven by a register (U0_ps_ai_peripheral/ZGolo/u_AI_Mate_top/U0_ddr2hp_itcn/avr_rs_cas_u/rs_cascade_gen[0].avr_rs_u/u_avr_frs/s_valid_reg) that has an active asychronous set or reset. This may cause corruption of the memory contents and/or read values when the set/reset is asserted and is not analyzed by the default static timing analysis. It is suggested to eliminate the use of a set/reset to registers driving this RAMB pin or else use a synchronous reset in which the assertion of the reset is timed by default.
Related violations: <none>

REQP-1840#4 Warning
RAMB18 async control check  
The RAMB18E1 U0_ps_ai_peripheral/ZGolo/u_AI_Mate_top/U0_ddr2hp_itcn/U0_dmux4/U0_ar_axi_fifo/w32d64_fifo.U0_w32d64_fifo/U0/inst_fifo_gen/gconvfifo.rf/grf.rf/gntv_or_sync_fifo.mem/gbm.gbmg.gbmga.ngecc.bmg/inst_blk_mem_gen/gnbram.gnativebmg.native_blk_mem_gen/valid.cstr/ramloop[0].ram.r/prim_noinit.ram/DEVICE_7SERIES.NO_BMM_INFO.SDP.WIDE_PRIM18.ram has an input control pin U0_ps_ai_peripheral/ZGolo/u_AI_Mate_top/U0_ddr2hp_itcn/U0_dmux4/U0_ar_axi_fifo/w32d64_fifo.U0_w32d64_fifo/U0/inst_fifo_gen/gconvfifo.rf/grf.rf/gntv_or_sync_fifo.mem/gbm.gbmg.gbmga.ngecc.bmg/inst_blk_mem_gen/gnbram.gnativebmg.native_blk_mem_gen/valid.cstr/ramloop[0].ram.r/prim_noinit.ram/DEVICE_7SERIES.NO_BMM_INFO.SDP.WIDE_PRIM18.ram/ENARDEN (net: U0_ps_ai_peripheral/ZGolo/u_AI_Mate_top/U0_ddr2hp_itcn/U0_dmux4/U0_ar_axi_fifo/w32d64_fifo.U0_w32d64_fifo/U0/inst_fifo_gen/gconvfifo.rf/grf.rf/gntv_or_sync_fifo.mem/gbm.gbmg.gbmga.ngecc.bmg/inst_blk_mem_gen/gnbram.gnativebmg.native_blk_mem_gen/valid.cstr/ramloop[0].ram.r/prim_noinit.ram/tmp_ram_rd_en) which is driven by a register (U0_ps_ai_peripheral/ZGolo/u_AI_Mate_top/clkrst_wrapper_u0/u_sync_ai_rst/reset_2d_reg) that has an active asychronous set or reset. This may cause corruption of the memory contents and/or read values when the set/reset is asserted and is not analyzed by the default static timing analysis. It is suggested to eliminate the use of a set/reset to registers driving this RAMB pin or else use a synchronous reset in which the assertion of the reset is timed by default.
Related violations: <none>

REQP-1840#5 Warning
RAMB18 async control check  
The RAMB18E1 U0_ps_ai_peripheral/ZGolo/u_AI_Mate_top/U0_ddr2hp_itcn/U0_dmux4/U0_ar_axi_fifo/w32d64_fifo.U0_w32d64_fifo/U0/inst_fifo_gen/gconvfifo.rf/grf.rf/gntv_or_sync_fifo.mem/gbm.gbmg.gbmga.ngecc.bmg/inst_blk_mem_gen/gnbram.gnativebmg.native_blk_mem_gen/valid.cstr/ramloop[0].ram.r/prim_noinit.ram/DEVICE_7SERIES.NO_BMM_INFO.SDP.WIDE_PRIM18.ram has an input control pin U0_ps_ai_peripheral/ZGolo/u_AI_Mate_top/U0_ddr2hp_itcn/U0_dmux4/U0_ar_axi_fifo/w32d64_fifo.U0_w32d64_fifo/U0/inst_fifo_gen/gconvfifo.rf/grf.rf/gntv_or_sync_fifo.mem/gbm.gbmg.gbmga.ngecc.bmg/inst_blk_mem_gen/gnbram.gnativebmg.native_blk_mem_gen/valid.cstr/ramloop[0].ram.r/prim_noinit.ram/DEVICE_7SERIES.NO_BMM_INFO.SDP.WIDE_PRIM18.ram/ENARDEN (net: U0_ps_ai_peripheral/ZGolo/u_AI_Mate_top/U0_ddr2hp_itcn/U0_dmux4/U0_ar_axi_fifo/w32d64_fifo.U0_w32d64_fifo/U0/inst_fifo_gen/gconvfifo.rf/grf.rf/gntv_or_sync_fifo.mem/gbm.gbmg.gbmga.ngecc.bmg/inst_blk_mem_gen/gnbram.gnativebmg.native_blk_mem_gen/valid.cstr/ramloop[0].ram.r/prim_noinit.ram/tmp_ram_rd_en) which is driven by a register (U0_ps_ai_peripheral/ZGolo/u_AI_Mate_top/clkrst_wrapper_u0/u_sync_hp0_clk_rst/reset_2d_reg_replica_12) that has an active asychronous set or reset. This may cause corruption of the memory contents and/or read values when the set/reset is asserted and is not analyzed by the default static timing analysis. It is suggested to eliminate the use of a set/reset to registers driving this RAMB pin or else use a synchronous reset in which the assertion of the reset is timed by default.
Related violations: <none>

REQP-1840#6 Warning
RAMB18 async control check  
The RAMB18E1 U0_ps_ai_peripheral/ZGolo/u_AI_Mate_top/U0_ddr2hp_itcn/U0_dmux4/U0_ar_axi_fifo/w32d64_fifo.U0_w32d64_fifo/U0/inst_fifo_gen/gconvfifo.rf/grf.rf/gntv_or_sync_fifo.mem/gbm.gbmg.gbmga.ngecc.bmg/inst_blk_mem_gen/gnbram.gnativebmg.native_blk_mem_gen/valid.cstr/ramloop[0].ram.r/prim_noinit.ram/DEVICE_7SERIES.NO_BMM_INFO.SDP.WIDE_PRIM18.ram has an input control pin U0_ps_ai_peripheral/ZGolo/u_AI_Mate_top/U0_ddr2hp_itcn/U0_dmux4/U0_ar_axi_fifo/w32d64_fifo.U0_w32d64_fifo/U0/inst_fifo_gen/gconvfifo.rf/grf.rf/gntv_or_sync_fifo.mem/gbm.gbmg.gbmga.ngecc.bmg/inst_blk_mem_gen/gnbram.gnativebmg.native_blk_mem_gen/valid.cstr/ramloop[0].ram.r/prim_noinit.ram/DEVICE_7SERIES.NO_BMM_INFO.SDP.WIDE_PRIM18.ram/ENARDEN (net: U0_ps_ai_peripheral/ZGolo/u_AI_Mate_top/U0_ddr2hp_itcn/U0_dmux4/U0_ar_axi_fifo/w32d64_fifo.U0_w32d64_fifo/U0/inst_fifo_gen/gconvfifo.rf/grf.rf/gntv_or_sync_fifo.mem/gbm.gbmg.gbmga.ngecc.bmg/inst_blk_mem_gen/gnbram.gnativebmg.native_blk_mem_gen/valid.cstr/ramloop[0].ram.r/prim_noinit.ram/tmp_ram_rd_en) which is driven by a register (U0_ps_ai_peripheral/ZGolo/u_AI_Mate_top/ddr_intf_u/avr_rs_cas_u0/rs_cascade_gen[0].avr_rs_u/u_avr_brs/ready_d1_reg) that has an active asychronous set or reset. This may cause corruption of the memory contents and/or read values when the set/reset is asserted and is not analyzed by the default static timing analysis. It is suggested to eliminate the use of a set/reset to registers driving this RAMB pin or else use a synchronous reset in which the assertion of the reset is timed by default.
Related violations: <none>

REQP-1840#7 Warning
RAMB18 async control check  
The RAMB18E1 U0_ps_ai_peripheral/ZGolo/u_AI_Mate_top/U0_ddr2hp_itcn/U0_dmux4/U0_ar_axi_fifo/w32d64_fifo.U0_w32d64_fifo/U0/inst_fifo_gen/gconvfifo.rf/grf.rf/gntv_or_sync_fifo.mem/gbm.gbmg.gbmga.ngecc.bmg/inst_blk_mem_gen/gnbram.gnativebmg.native_blk_mem_gen/valid.cstr/ramloop[0].ram.r/prim_noinit.ram/DEVICE_7SERIES.NO_BMM_INFO.SDP.WIDE_PRIM18.ram has an input control pin U0_ps_ai_peripheral/ZGolo/u_AI_Mate_top/U0_ddr2hp_itcn/U0_dmux4/U0_ar_axi_fifo/w32d64_fifo.U0_w32d64_fifo/U0/inst_fifo_gen/gconvfifo.rf/grf.rf/gntv_or_sync_fifo.mem/gbm.gbmg.gbmga.ngecc.bmg/inst_blk_mem_gen/gnbram.gnativebmg.native_blk_mem_gen/valid.cstr/ramloop[0].ram.r/prim_noinit.ram/DEVICE_7SERIES.NO_BMM_INFO.SDP.WIDE_PRIM18.ram/ENARDEN (net: U0_ps_ai_peripheral/ZGolo/u_AI_Mate_top/U0_ddr2hp_itcn/U0_dmux4/U0_ar_axi_fifo/w32d64_fifo.U0_w32d64_fifo/U0/inst_fifo_gen/gconvfifo.rf/grf.rf/gntv_or_sync_fifo.mem/gbm.gbmg.gbmga.ngecc.bmg/inst_blk_mem_gen/gnbram.gnativebmg.native_blk_mem_gen/valid.cstr/ramloop[0].ram.r/prim_noinit.ram/tmp_ram_rd_en) which is driven by a register (U0_ps_ai_peripheral/ZGolo/u_AI_Mate_top/ddr_intf_u/avr_rs_cas_u0/rs_cascade_gen[0].avr_rs_u/u_avr_brs/valid_tmp0_reg) that has an active asychronous set or reset. This may cause corruption of the memory contents and/or read values when the set/reset is asserted and is not analyzed by the default static timing analysis. It is suggested to eliminate the use of a set/reset to registers driving this RAMB pin or else use a synchronous reset in which the assertion of the reset is timed by default.
Related violations: <none>

REQP-1840#8 Warning
RAMB18 async control check  
The RAMB18E1 U0_ps_ai_peripheral/ZGolo/u_AI_Mate_top/U0_ddr2hp_itcn/U0_dmux4/U0_ar_axi_fifo/w32d64_fifo.U0_w32d64_fifo/U0/inst_fifo_gen/gconvfifo.rf/grf.rf/gntv_or_sync_fifo.mem/gbm.gbmg.gbmga.ngecc.bmg/inst_blk_mem_gen/gnbram.gnativebmg.native_blk_mem_gen/valid.cstr/ramloop[0].ram.r/prim_noinit.ram/DEVICE_7SERIES.NO_BMM_INFO.SDP.WIDE_PRIM18.ram has an input control pin U0_ps_ai_peripheral/ZGolo/u_AI_Mate_top/U0_ddr2hp_itcn/U0_dmux4/U0_ar_axi_fifo/w32d64_fifo.U0_w32d64_fifo/U0/inst_fifo_gen/gconvfifo.rf/grf.rf/gntv_or_sync_fifo.mem/gbm.gbmg.gbmga.ngecc.bmg/inst_blk_mem_gen/gnbram.gnativebmg.native_blk_mem_gen/valid.cstr/ramloop[0].ram.r/prim_noinit.ram/DEVICE_7SERIES.NO_BMM_INFO.SDP.WIDE_PRIM18.ram/ENARDEN (net: U0_ps_ai_peripheral/ZGolo/u_AI_Mate_top/U0_ddr2hp_itcn/U0_dmux4/U0_ar_axi_fifo/w32d64_fifo.U0_w32d64_fifo/U0/inst_fifo_gen/gconvfifo.rf/grf.rf/gntv_or_sync_fifo.mem/gbm.gbmg.gbmga.ngecc.bmg/inst_blk_mem_gen/gnbram.gnativebmg.native_blk_mem_gen/valid.cstr/ramloop[0].ram.r/prim_noinit.ram/tmp_ram_rd_en) which is driven by a register (U0_ps_ai_peripheral/ZGolo/u_AI_Mate_top/ddr_intf_u/avr_rs_cas_u0/rs_cascade_gen[0].avr_rs_u/u_avr_frs/s_valid_reg) that has an active asychronous set or reset. This may cause corruption of the memory contents and/or read values when the set/reset is asserted and is not analyzed by the default static timing analysis. It is suggested to eliminate the use of a set/reset to registers driving this RAMB pin or else use a synchronous reset in which the assertion of the reset is timed by default.
Related violations: <none>

REQP-1840#9 Warning
RAMB18 async control check  
The RAMB18E1 U0_ps_ai_peripheral/ZGolo/u_AI_Mate_top/U0_ddr2hp_itcn/U0_dmux4/U0_ar_axi_fifo/w32d64_fifo.U0_w32d64_fifo/U0/inst_fifo_gen/gconvfifo.rf/grf.rf/gntv_or_sync_fifo.mem/gbm.gbmg.gbmga.ngecc.bmg/inst_blk_mem_gen/gnbram.gnativebmg.native_blk_mem_gen/valid.cstr/ramloop[0].ram.r/prim_noinit.ram/DEVICE_7SERIES.NO_BMM_INFO.SDP.WIDE_PRIM18.ram has an input control pin U0_ps_ai_peripheral/ZGolo/u_AI_Mate_top/U0_ddr2hp_itcn/U0_dmux4/U0_ar_axi_fifo/w32d64_fifo.U0_w32d64_fifo/U0/inst_fifo_gen/gconvfifo.rf/grf.rf/gntv_or_sync_fifo.mem/gbm.gbmg.gbmga.ngecc.bmg/inst_blk_mem_gen/gnbram.gnativebmg.native_blk_mem_gen/valid.cstr/ramloop[0].ram.r/prim_noinit.ram/DEVICE_7SERIES.NO_BMM_INFO.SDP.WIDE_PRIM18.ram/ENARDEN (net: U0_ps_ai_peripheral/ZGolo/u_AI_Mate_top/U0_ddr2hp_itcn/U0_dmux4/U0_ar_axi_fifo/w32d64_fifo.U0_w32d64_fifo/U0/inst_fifo_gen/gconvfifo.rf/grf.rf/gntv_or_sync_fifo.mem/gbm.gbmg.gbmga.ngecc.bmg/inst_blk_mem_gen/gnbram.gnativebmg.native_blk_mem_gen/valid.cstr/ramloop[0].ram.r/prim_noinit.ram/tmp_ram_rd_en) which is driven by a register (U0_ps_ai_peripheral/ZGolo/u_AI_Mate_top/ddr_intf_u/avr_rs_cas_u1/rs_cascade_gen[0].avr_rs_u/u_avr_brs/ready_d1_reg) that has an active asychronous set or reset. This may cause corruption of the memory contents and/or read values when the set/reset is asserted and is not analyzed by the default static timing analysis. It is suggested to eliminate the use of a set/reset to registers driving this RAMB pin or else use a synchronous reset in which the assertion of the reset is timed by default.
Related violations: <none>

REQP-1840#10 Warning
RAMB18 async control check  
The RAMB18E1 U0_ps_ai_peripheral/ZGolo/u_AI_Mate_top/U0_ddr2hp_itcn/U0_dmux4/U0_ar_axi_fifo/w32d64_fifo.U0_w32d64_fifo/U0/inst_fifo_gen/gconvfifo.rf/grf.rf/gntv_or_sync_fifo.mem/gbm.gbmg.gbmga.ngecc.bmg/inst_blk_mem_gen/gnbram.gnativebmg.native_blk_mem_gen/valid.cstr/ramloop[0].ram.r/prim_noinit.ram/DEVICE_7SERIES.NO_BMM_INFO.SDP.WIDE_PRIM18.ram has an input control pin U0_ps_ai_peripheral/ZGolo/u_AI_Mate_top/U0_ddr2hp_itcn/U0_dmux4/U0_ar_axi_fifo/w32d64_fifo.U0_w32d64_fifo/U0/inst_fifo_gen/gconvfifo.rf/grf.rf/gntv_or_sync_fifo.mem/gbm.gbmg.gbmga.ngecc.bmg/inst_blk_mem_gen/gnbram.gnativebmg.native_blk_mem_gen/valid.cstr/ramloop[0].ram.r/prim_noinit.ram/DEVICE_7SERIES.NO_BMM_INFO.SDP.WIDE_PRIM18.ram/ENARDEN (net: U0_ps_ai_peripheral/ZGolo/u_AI_Mate_top/U0_ddr2hp_itcn/U0_dmux4/U0_ar_axi_fifo/w32d64_fifo.U0_w32d64_fifo/U0/inst_fifo_gen/gconvfifo.rf/grf.rf/gntv_or_sync_fifo.mem/gbm.gbmg.gbmga.ngecc.bmg/inst_blk_mem_gen/gnbram.gnativebmg.native_blk_mem_gen/valid.cstr/ramloop[0].ram.r/prim_noinit.ram/tmp_ram_rd_en) which is driven by a register (U0_ps_ai_peripheral/ZGolo/u_AI_Mate_top/ddr_intf_u/avr_rs_cas_u1/rs_cascade_gen[0].avr_rs_u/u_avr_brs/valid_tmp0_reg) that has an active asychronous set or reset. This may cause corruption of the memory contents and/or read values when the set/reset is asserted and is not analyzed by the default static timing analysis. It is suggested to eliminate the use of a set/reset to registers driving this RAMB pin or else use a synchronous reset in which the assertion of the reset is timed by default.
Related violations: <none>

REQP-1840#11 Warning
RAMB18 async control check  
The RAMB18E1 U0_ps_ai_peripheral/ZGolo/u_AI_Mate_top/U0_ddr2hp_itcn/U0_dmux4/U0_ar_axi_fifo/w32d64_fifo.U0_w32d64_fifo/U0/inst_fifo_gen/gconvfifo.rf/grf.rf/gntv_or_sync_fifo.mem/gbm.gbmg.gbmga.ngecc.bmg/inst_blk_mem_gen/gnbram.gnativebmg.native_blk_mem_gen/valid.cstr/ramloop[0].ram.r/prim_noinit.ram/DEVICE_7SERIES.NO_BMM_INFO.SDP.WIDE_PRIM18.ram has an input control pin U0_ps_ai_peripheral/ZGolo/u_AI_Mate_top/U0_ddr2hp_itcn/U0_dmux4/U0_ar_axi_fifo/w32d64_fifo.U0_w32d64_fifo/U0/inst_fifo_gen/gconvfifo.rf/grf.rf/gntv_or_sync_fifo.mem/gbm.gbmg.gbmga.ngecc.bmg/inst_blk_mem_gen/gnbram.gnativebmg.native_blk_mem_gen/valid.cstr/ramloop[0].ram.r/prim_noinit.ram/DEVICE_7SERIES.NO_BMM_INFO.SDP.WIDE_PRIM18.ram/ENARDEN (net: U0_ps_ai_peripheral/ZGolo/u_AI_Mate_top/U0_ddr2hp_itcn/U0_dmux4/U0_ar_axi_fifo/w32d64_fifo.U0_w32d64_fifo/U0/inst_fifo_gen/gconvfifo.rf/grf.rf/gntv_or_sync_fifo.mem/gbm.gbmg.gbmga.ngecc.bmg/inst_blk_mem_gen/gnbram.gnativebmg.native_blk_mem_gen/valid.cstr/ramloop[0].ram.r/prim_noinit.ram/tmp_ram_rd_en) which is driven by a register (U0_ps_ai_peripheral/ZGolo/u_AI_Mate_top/ddr_intf_u/avr_rs_cas_u2/rs_cascade_gen[0].avr_rs_u/u_avr_brs/payload_tmp0_reg[0]) that has an active asychronous set or reset. This may cause corruption of the memory contents and/or read values when the set/reset is asserted and is not analyzed by the default static timing analysis. It is suggested to eliminate the use of a set/reset to registers driving this RAMB pin or else use a synchronous reset in which the assertion of the reset is timed by default.
Related violations: <none>

REQP-1840#12 Warning
RAMB18 async control check  
The RAMB18E1 U0_ps_ai_peripheral/ZGolo/u_AI_Mate_top/U0_ddr2hp_itcn/U0_dmux4/U0_ar_axi_fifo/w32d64_fifo.U0_w32d64_fifo/U0/inst_fifo_gen/gconvfifo.rf/grf.rf/gntv_or_sync_fifo.mem/gbm.gbmg.gbmga.ngecc.bmg/inst_blk_mem_gen/gnbram.gnativebmg.native_blk_mem_gen/valid.cstr/ramloop[0].ram.r/prim_noinit.ram/DEVICE_7SERIES.NO_BMM_INFO.SDP.WIDE_PRIM18.ram has an input control pin U0_ps_ai_peripheral/ZGolo/u_AI_Mate_top/U0_ddr2hp_itcn/U0_dmux4/U0_ar_axi_fifo/w32d64_fifo.U0_w32d64_fifo/U0/inst_fifo_gen/gconvfifo.rf/grf.rf/gntv_or_sync_fifo.mem/gbm.gbmg.gbmga.ngecc.bmg/inst_blk_mem_gen/gnbram.gnativebmg.native_blk_mem_gen/valid.cstr/ramloop[0].ram.r/prim_noinit.ram/DEVICE_7SERIES.NO_BMM_INFO.SDP.WIDE_PRIM18.ram/ENARDEN (net: U0_ps_ai_peripheral/ZGolo/u_AI_Mate_top/U0_ddr2hp_itcn/U0_dmux4/U0_ar_axi_fifo/w32d64_fifo.U0_w32d64_fifo/U0/inst_fifo_gen/gconvfifo.rf/grf.rf/gntv_or_sync_fifo.mem/gbm.gbmg.gbmga.ngecc.bmg/inst_blk_mem_gen/gnbram.gnativebmg.native_blk_mem_gen/valid.cstr/ramloop[0].ram.r/prim_noinit.ram/tmp_ram_rd_en) which is driven by a register (U0_ps_ai_peripheral/ZGolo/u_AI_Mate_top/ddr_intf_u/avr_rs_cas_u2/rs_cascade_gen[0].avr_rs_u/u_avr_brs/payload_tmp0_reg[10]) that has an active asychronous set or reset. This may cause corruption of the memory contents and/or read values when the set/reset is asserted and is not analyzed by the default static timing analysis. It is suggested to eliminate the use of a set/reset to registers driving this RAMB pin or else use a synchronous reset in which the assertion of the reset is timed by default.
Related violations: <none>

REQP-1840#13 Warning
RAMB18 async control check  
The RAMB18E1 U0_ps_ai_peripheral/ZGolo/u_AI_Mate_top/U0_ddr2hp_itcn/U0_dmux4/U0_ar_axi_fifo/w32d64_fifo.U0_w32d64_fifo/U0/inst_fifo_gen/gconvfifo.rf/grf.rf/gntv_or_sync_fifo.mem/gbm.gbmg.gbmga.ngecc.bmg/inst_blk_mem_gen/gnbram.gnativebmg.native_blk_mem_gen/valid.cstr/ramloop[0].ram.r/prim_noinit.ram/DEVICE_7SERIES.NO_BMM_INFO.SDP.WIDE_PRIM18.ram has an input control pin U0_ps_ai_peripheral/ZGolo/u_AI_Mate_top/U0_ddr2hp_itcn/U0_dmux4/U0_ar_axi_fifo/w32d64_fifo.U0_w32d64_fifo/U0/inst_fifo_gen/gconvfifo.rf/grf.rf/gntv_or_sync_fifo.mem/gbm.gbmg.gbmga.ngecc.bmg/inst_blk_mem_gen/gnbram.gnativebmg.native_blk_mem_gen/valid.cstr/ramloop[0].ram.r/prim_noinit.ram/DEVICE_7SERIES.NO_BMM_INFO.SDP.WIDE_PRIM18.ram/ENARDEN (net: U0_ps_ai_peripheral/ZGolo/u_AI_Mate_top/U0_ddr2hp_itcn/U0_dmux4/U0_ar_axi_fifo/w32d64_fifo.U0_w32d64_fifo/U0/inst_fifo_gen/gconvfifo.rf/grf.rf/gntv_or_sync_fifo.mem/gbm.gbmg.gbmga.ngecc.bmg/inst_blk_mem_gen/gnbram.gnativebmg.native_blk_mem_gen/valid.cstr/ramloop[0].ram.r/prim_noinit.ram/tmp_ram_rd_en) which is driven by a register (U0_ps_ai_peripheral/ZGolo/u_AI_Mate_top/ddr_intf_u/avr_rs_cas_u2/rs_cascade_gen[0].avr_rs_u/u_avr_brs/payload_tmp0_reg[110]) that has an active asychronous set or reset. This may cause corruption of the memory contents and/or read values when the set/reset is asserted and is not analyzed by the default static timing analysis. It is suggested to eliminate the use of a set/reset to registers driving this RAMB pin or else use a synchronous reset in which the assertion of the reset is timed by default.
Related violations: <none>

REQP-1840#14 Warning
RAMB18 async control check  
The RAMB18E1 U0_ps_ai_peripheral/ZGolo/u_AI_Mate_top/U0_ddr2hp_itcn/U0_dmux4/U0_ar_axi_fifo/w32d64_fifo.U0_w32d64_fifo/U0/inst_fifo_gen/gconvfifo.rf/grf.rf/gntv_or_sync_fifo.mem/gbm.gbmg.gbmga.ngecc.bmg/inst_blk_mem_gen/gnbram.gnativebmg.native_blk_mem_gen/valid.cstr/ramloop[0].ram.r/prim_noinit.ram/DEVICE_7SERIES.NO_BMM_INFO.SDP.WIDE_PRIM18.ram has an input control pin U0_ps_ai_peripheral/ZGolo/u_AI_Mate_top/U0_ddr2hp_itcn/U0_dmux4/U0_ar_axi_fifo/w32d64_fifo.U0_w32d64_fifo/U0/inst_fifo_gen/gconvfifo.rf/grf.rf/gntv_or_sync_fifo.mem/gbm.gbmg.gbmga.ngecc.bmg/inst_blk_mem_gen/gnbram.gnativebmg.native_blk_mem_gen/valid.cstr/ramloop[0].ram.r/prim_noinit.ram/DEVICE_7SERIES.NO_BMM_INFO.SDP.WIDE_PRIM18.ram/ENARDEN (net: U0_ps_ai_peripheral/ZGolo/u_AI_Mate_top/U0_ddr2hp_itcn/U0_dmux4/U0_ar_axi_fifo/w32d64_fifo.U0_w32d64_fifo/U0/inst_fifo_gen/gconvfifo.rf/grf.rf/gntv_or_sync_fifo.mem/gbm.gbmg.gbmga.ngecc.bmg/inst_blk_mem_gen/gnbram.gnativebmg.native_blk_mem_gen/valid.cstr/ramloop[0].ram.r/prim_noinit.ram/tmp_ram_rd_en) which is driven by a register (U0_ps_ai_peripheral/ZGolo/u_AI_Mate_top/ddr_intf_u/avr_rs_cas_u2/rs_cascade_gen[0].avr_rs_u/u_avr_brs/payload_tmp0_reg[111]) that has an active asychronous set or reset. This may cause corruption of the memory contents and/or read values when the set/reset is asserted and is not analyzed by the default static timing analysis. It is suggested to eliminate the use of a set/reset to registers driving this RAMB pin or else use a synchronous reset in which the assertion of the reset is timed by default.
Related violations: <none>

REQP-1840#15 Warning
RAMB18 async control check  
The RAMB18E1 U0_ps_ai_peripheral/ZGolo/u_AI_Mate_top/U0_ddr2hp_itcn/U0_dmux4/U0_ar_axi_fifo/w32d64_fifo.U0_w32d64_fifo/U0/inst_fifo_gen/gconvfifo.rf/grf.rf/gntv_or_sync_fifo.mem/gbm.gbmg.gbmga.ngecc.bmg/inst_blk_mem_gen/gnbram.gnativebmg.native_blk_mem_gen/valid.cstr/ramloop[0].ram.r/prim_noinit.ram/DEVICE_7SERIES.NO_BMM_INFO.SDP.WIDE_PRIM18.ram has an input control pin U0_ps_ai_peripheral/ZGolo/u_AI_Mate_top/U0_ddr2hp_itcn/U0_dmux4/U0_ar_axi_fifo/w32d64_fifo.U0_w32d64_fifo/U0/inst_fifo_gen/gconvfifo.rf/grf.rf/gntv_or_sync_fifo.mem/gbm.gbmg.gbmga.ngecc.bmg/inst_blk_mem_gen/gnbram.gnativebmg.native_blk_mem_gen/valid.cstr/ramloop[0].ram.r/prim_noinit.ram/DEVICE_7SERIES.NO_BMM_INFO.SDP.WIDE_PRIM18.ram/ENARDEN (net: U0_ps_ai_peripheral/ZGolo/u_AI_Mate_top/U0_ddr2hp_itcn/U0_dmux4/U0_ar_axi_fifo/w32d64_fifo.U0_w32d64_fifo/U0/inst_fifo_gen/gconvfifo.rf/grf.rf/gntv_or_sync_fifo.mem/gbm.gbmg.gbmga.ngecc.bmg/inst_blk_mem_gen/gnbram.gnativebmg.native_blk_mem_gen/valid.cstr/ramloop[0].ram.r/prim_noinit.ram/tmp_ram_rd_en) which is driven by a register (U0_ps_ai_peripheral/ZGolo/u_AI_Mate_top/ddr_intf_u/avr_rs_cas_u2/rs_cascade_gen[0].avr_rs_u/u_avr_brs/payload_tmp0_reg[112]) that has an active asychronous set or reset. This may cause corruption of the memory contents and/or read values when the set/reset is asserted and is not analyzed by the default static timing analysis. It is suggested to eliminate the use of a set/reset to registers driving this RAMB pin or else use a synchronous reset in which the assertion of the reset is timed by default.
Related violations: <none>

REQP-1840#16 Warning
RAMB18 async control check  
The RAMB18E1 U0_ps_ai_peripheral/ZGolo/u_AI_Mate_top/U0_ddr2hp_itcn/U0_dmux4/U0_ar_axi_fifo/w32d64_fifo.U0_w32d64_fifo/U0/inst_fifo_gen/gconvfifo.rf/grf.rf/gntv_or_sync_fifo.mem/gbm.gbmg.gbmga.ngecc.bmg/inst_blk_mem_gen/gnbram.gnativebmg.native_blk_mem_gen/valid.cstr/ramloop[0].ram.r/prim_noinit.ram/DEVICE_7SERIES.NO_BMM_INFO.SDP.WIDE_PRIM18.ram has an input control pin U0_ps_ai_peripheral/ZGolo/u_AI_Mate_top/U0_ddr2hp_itcn/U0_dmux4/U0_ar_axi_fifo/w32d64_fifo.U0_w32d64_fifo/U0/inst_fifo_gen/gconvfifo.rf/grf.rf/gntv_or_sync_fifo.mem/gbm.gbmg.gbmga.ngecc.bmg/inst_blk_mem_gen/gnbram.gnativebmg.native_blk_mem_gen/valid.cstr/ramloop[0].ram.r/prim_noinit.ram/DEVICE_7SERIES.NO_BMM_INFO.SDP.WIDE_PRIM18.ram/ENARDEN (net: U0_ps_ai_peripheral/ZGolo/u_AI_Mate_top/U0_ddr2hp_itcn/U0_dmux4/U0_ar_axi_fifo/w32d64_fifo.U0_w32d64_fifo/U0/inst_fifo_gen/gconvfifo.rf/grf.rf/gntv_or_sync_fifo.mem/gbm.gbmg.gbmga.ngecc.bmg/inst_blk_mem_gen/gnbram.gnativebmg.native_blk_mem_gen/valid.cstr/ramloop[0].ram.r/prim_noinit.ram/tmp_ram_rd_en) which is driven by a register (U0_ps_ai_peripheral/ZGolo/u_AI_Mate_top/ddr_intf_u/avr_rs_cas_u2/rs_cascade_gen[0].avr_rs_u/u_avr_brs/payload_tmp0_reg[113]) that has an active asychronous set or reset. This may cause corruption of the memory contents and/or read values when the set/reset is asserted and is not analyzed by the default static timing analysis. It is suggested to eliminate the use of a set/reset to registers driving this RAMB pin or else use a synchronous reset in which the assertion of the reset is timed by default.
Related violations: <none>

REQP-1840#17 Warning
RAMB18 async control check  
The RAMB18E1 U0_ps_ai_peripheral/ZGolo/u_AI_Mate_top/U0_ddr2hp_itcn/U0_dmux4/U0_ar_axi_fifo/w32d64_fifo.U0_w32d64_fifo/U0/inst_fifo_gen/gconvfifo.rf/grf.rf/gntv_or_sync_fifo.mem/gbm.gbmg.gbmga.ngecc.bmg/inst_blk_mem_gen/gnbram.gnativebmg.native_blk_mem_gen/valid.cstr/ramloop[0].ram.r/prim_noinit.ram/DEVICE_7SERIES.NO_BMM_INFO.SDP.WIDE_PRIM18.ram has an input control pin U0_ps_ai_peripheral/ZGolo/u_AI_Mate_top/U0_ddr2hp_itcn/U0_dmux4/U0_ar_axi_fifo/w32d64_fifo.U0_w32d64_fifo/U0/inst_fifo_gen/gconvfifo.rf/grf.rf/gntv_or_sync_fifo.mem/gbm.gbmg.gbmga.ngecc.bmg/inst_blk_mem_gen/gnbram.gnativebmg.native_blk_mem_gen/valid.cstr/ramloop[0].ram.r/prim_noinit.ram/DEVICE_7SERIES.NO_BMM_INFO.SDP.WIDE_PRIM18.ram/ENARDEN (net: U0_ps_ai_peripheral/ZGolo/u_AI_Mate_top/U0_ddr2hp_itcn/U0_dmux4/U0_ar_axi_fifo/w32d64_fifo.U0_w32d64_fifo/U0/inst_fifo_gen/gconvfifo.rf/grf.rf/gntv_or_sync_fifo.mem/gbm.gbmg.gbmga.ngecc.bmg/inst_blk_mem_gen/gnbram.gnativebmg.native_blk_mem_gen/valid.cstr/ramloop[0].ram.r/prim_noinit.ram/tmp_ram_rd_en) which is driven by a register (U0_ps_ai_peripheral/ZGolo/u_AI_Mate_top/ddr_intf_u/avr_rs_cas_u2/rs_cascade_gen[0].avr_rs_u/u_avr_brs/payload_tmp0_reg[114]) that has an active asychronous set or reset. This may cause corruption of the memory contents and/or read values when the set/reset is asserted and is not analyzed by the default static timing analysis. It is suggested to eliminate the use of a set/reset to registers driving this RAMB pin or else use a synchronous reset in which the assertion of the reset is timed by default.
Related violations: <none>

REQP-1840#18 Warning
RAMB18 async control check  
The RAMB18E1 U0_ps_ai_peripheral/ZGolo/u_AI_Mate_top/U0_ddr2hp_itcn/U0_dmux4/U0_ar_axi_fifo/w32d64_fifo.U0_w32d64_fifo/U0/inst_fifo_gen/gconvfifo.rf/grf.rf/gntv_or_sync_fifo.mem/gbm.gbmg.gbmga.ngecc.bmg/inst_blk_mem_gen/gnbram.gnativebmg.native_blk_mem_gen/valid.cstr/ramloop[0].ram.r/prim_noinit.ram/DEVICE_7SERIES.NO_BMM_INFO.SDP.WIDE_PRIM18.ram has an input control pin U0_ps_ai_peripheral/ZGolo/u_AI_Mate_top/U0_ddr2hp_itcn/U0_dmux4/U0_ar_axi_fifo/w32d64_fifo.U0_w32d64_fifo/U0/inst_fifo_gen/gconvfifo.rf/grf.rf/gntv_or_sync_fifo.mem/gbm.gbmg.gbmga.ngecc.bmg/inst_blk_mem_gen/gnbram.gnativebmg.native_blk_mem_gen/valid.cstr/ramloop[0].ram.r/prim_noinit.ram/DEVICE_7SERIES.NO_BMM_INFO.SDP.WIDE_PRIM18.ram/ENARDEN (net: U0_ps_ai_peripheral/ZGolo/u_AI_Mate_top/U0_ddr2hp_itcn/U0_dmux4/U0_ar_axi_fifo/w32d64_fifo.U0_w32d64_fifo/U0/inst_fifo_gen/gconvfifo.rf/grf.rf/gntv_or_sync_fifo.mem/gbm.gbmg.gbmga.ngecc.bmg/inst_blk_mem_gen/gnbram.gnativebmg.native_blk_mem_gen/valid.cstr/ramloop[0].ram.r/prim_noinit.ram/tmp_ram_rd_en) which is driven by a register (U0_ps_ai_peripheral/ZGolo/u_AI_Mate_top/ddr_intf_u/avr_rs_cas_u2/rs_cascade_gen[0].avr_rs_u/u_avr_brs/payload_tmp0_reg[115]) that has an active asychronous set or reset. This may cause corruption of the memory contents and/or read values when the set/reset is asserted and is not analyzed by the default static timing analysis. It is suggested to eliminate the use of a set/reset to registers driving this RAMB pin or else use a synchronous reset in which the assertion of the reset is timed by default.
Related violations: <none>

REQP-1840#19 Warning
RAMB18 async control check  
The RAMB18E1 U0_ps_ai_peripheral/ZGolo/u_AI_Mate_top/U0_ddr2hp_itcn/U0_dmux4/U0_ar_axi_fifo/w32d64_fifo.U0_w32d64_fifo/U0/inst_fifo_gen/gconvfifo.rf/grf.rf/gntv_or_sync_fifo.mem/gbm.gbmg.gbmga.ngecc.bmg/inst_blk_mem_gen/gnbram.gnativebmg.native_blk_mem_gen/valid.cstr/ramloop[0].ram.r/prim_noinit.ram/DEVICE_7SERIES.NO_BMM_INFO.SDP.WIDE_PRIM18.ram has an input control pin U0_ps_ai_peripheral/ZGolo/u_AI_Mate_top/U0_ddr2hp_itcn/U0_dmux4/U0_ar_axi_fifo/w32d64_fifo.U0_w32d64_fifo/U0/inst_fifo_gen/gconvfifo.rf/grf.rf/gntv_or_sync_fifo.mem/gbm.gbmg.gbmga.ngecc.bmg/inst_blk_mem_gen/gnbram.gnativebmg.native_blk_mem_gen/valid.cstr/ramloop[0].ram.r/prim_noinit.ram/DEVICE_7SERIES.NO_BMM_INFO.SDP.WIDE_PRIM18.ram/ENARDEN (net: U0_ps_ai_peripheral/ZGolo/u_AI_Mate_top/U0_ddr2hp_itcn/U0_dmux4/U0_ar_axi_fifo/w32d64_fifo.U0_w32d64_fifo/U0/inst_fifo_gen/gconvfifo.rf/grf.rf/gntv_or_sync_fifo.mem/gbm.gbmg.gbmga.ngecc.bmg/inst_blk_mem_gen/gnbram.gnativebmg.native_blk_mem_gen/valid.cstr/ramloop[0].ram.r/prim_noinit.ram/tmp_ram_rd_en) which is driven by a register (U0_ps_ai_peripheral/ZGolo/u_AI_Mate_top/u_axi_2to1/inst/axi_interconnect_inst/mi_data_fifo_bank/gen_fifo_slot[0].data_fifo_inst/gen_fifo.fifo_gen_inst/inst_fifo_gen/gaxi_full_lite.gread_ch.grdch2.axi_rdch/grf.rf/gntv_or_sync_fifo.gl0.wr/gwss.wsts/ram_full_i_reg) that has an active asychronous set or reset. This may cause corruption of the memory contents and/or read values when the set/reset is asserted and is not analyzed by the default static timing analysis. It is suggested to eliminate the use of a set/reset to registers driving this RAMB pin or else use a synchronous reset in which the assertion of the reset is timed by default.
Related violations: <none>

REQP-1840#20 Warning
RAMB18 async control check  
The RAMB18E1 U0_ps_ai_peripheral/ZGolo/u_AI_Mate_top/U0_ddr2hp_itcn/U0_dmux4/U0_ar_axi_fifo/w32d64_fifo.U0_w32d64_fifo/U0/inst_fifo_gen/gconvfifo.rf/grf.rf/gntv_or_sync_fifo.mem/gbm.gbmg.gbmga.ngecc.bmg/inst_blk_mem_gen/gnbram.gnativebmg.native_blk_mem_gen/valid.cstr/ramloop[0].ram.r/prim_noinit.ram/DEVICE_7SERIES.NO_BMM_INFO.SDP.WIDE_PRIM18.ram has an input control pin U0_ps_ai_peripheral/ZGolo/u_AI_Mate_top/U0_ddr2hp_itcn/U0_dmux4/U0_ar_axi_fifo/w32d64_fifo.U0_w32d64_fifo/U0/inst_fifo_gen/gconvfifo.rf/grf.rf/gntv_or_sync_fifo.mem/gbm.gbmg.gbmga.ngecc.bmg/inst_blk_mem_gen/gnbram.gnativebmg.native_blk_mem_gen/valid.cstr/ramloop[0].ram.r/prim_noinit.ram/DEVICE_7SERIES.NO_BMM_INFO.SDP.WIDE_PRIM18.ram/ENARDEN (net: U0_ps_ai_peripheral/ZGolo/u_AI_Mate_top/U0_ddr2hp_itcn/U0_dmux4/U0_ar_axi_fifo/w32d64_fifo.U0_w32d64_fifo/U0/inst_fifo_gen/gconvfifo.rf/grf.rf/gntv_or_sync_fifo.mem/gbm.gbmg.gbmga.ngecc.bmg/inst_blk_mem_gen/gnbram.gnativebmg.native_blk_mem_gen/valid.cstr/ramloop[0].ram.r/prim_noinit.ram/tmp_ram_rd_en) which is driven by a register (U0_ps_ai_peripheral/ZGolo/u_AI_Mate_top/u_axi_2to1/inst/axi_interconnect_inst/mi_data_fifo_bank/gen_fifo_slot[0].data_fifo_inst/gen_fifo.fifo_gen_inst/inst_fifo_gen/gaxi_full_lite.gwrite_ch.gwdch2.axi_wdch/grf.rf/gntv_or_sync_fifo.gl0.rd/gr1.gr1_int.rfwft/empty_fwft_i_reg) that has an active asychronous set or reset. This may cause corruption of the memory contents and/or read values when the set/reset is asserted and is not analyzed by the default static timing analysis. It is suggested to eliminate the use of a set/reset to registers driving this RAMB pin or else use a synchronous reset in which the assertion of the reset is timed by default.
Related violations: <none>

RTSTAT-10#1 Warning
No routable loads  
208 net(s) have no routable loads. The problem bus(es) and/or net(s) are U0_ps_ai_peripheral/ps_ai_wrapper_u0/ps_ai_i/processing_system7_0/inst/PS7_i/S_AXI_HP0_RLAST, U0_ps_ai_peripheral/ps_ai_wrapper_u0/ps_ai_i/processing_system7_0/inst/PS7_i/S_AXI_HP2_BRESP[1:0], U0_ps_ai_peripheral/ps_ai_wrapper_u0/ps_ai_i/processing_system7_0/inst/PS7_i/S_AXI_HP2_RRESP[1:0], U0_ps_ai_peripheral/ps_ai_wrapper_u0/ps_ai_i/processing_system7_0/inst/PS7_i/S_AXI_HP3_RLAST, U0_ps_ai_peripheral/ZGolo/u_AI_Mate_top/u_axi_2to1/inst/axi_interconnect_inst/mi_data_fifo_bank/gen_fifo_slot[0].data_fifo_inst/gen_fifo.fifo_gen_inst/inst_fifo_gen/gaxi_full_lite.gwrite_ch.gwdch2.axi_wdch/grf.rf/gntv_or_sync_fifo.gl0.rd/gr1.gr1_int.rfwft/aempty_fwft_i, U0_ps_ai_peripheral/ZGolo/u_AI_Mate_top/U0_ddr2hp_itcn/U0_dmux4/U1_ar_axi_fifo/w32d64_fifo.U0_w32d64_fifo/U0/inst_fifo_gen/gconvfifo.rf/grf.rf/gntv_or_sync_fifo.gl0.rd/gr1.gr1_int.rfwft/aempty_fwft_i, U0_ps_ai_peripheral/u_gp1_io/axi_to_mna_u0/bid_fifo/U0/inst_fifo_gen/gconvfifo.rf/grf.rf/gntv_or_sync_fifo.gl0.rd/gr1.gr1_int.rfwft/aempty_fwft_i, U0_ps_ai_peripheral/ZGolo/u_AI_Mate_top/u_axi_2to1/inst/axi_interconnect_inst/si_data_fifo_bank/gen_fifo_slot[0].data_fifo_inst/gen_fifo.fifo_gen_inst/inst_fifo_gen/gaxi_full_lite.gwrite_ch.gwdch2.axi_wdch/grf.rf/gntv_or_sync_fifo.gl0.rd/gr1.gr1_int.rfwft/aempty_fwft_i, U0_ps_ai_peripheral/u_gp1_io/axi_to_mna_u0/rid_fifo/U0/inst_fifo_gen/gconvfifo.rf/grf.rf/gntv_or_sync_fifo.gl0.rd/gr1.gr1_int.rfwft/aempty_fwft_i, U0_ps_ai_peripheral/ZGolo/u_AI_Mate_top/U0_ddr2hp_itcn/U0_dmux4/U2_ar_axi_fifo/w32d64_fifo.U0_w32d64_fifo/U0/inst_fifo_gen/gconvfifo.rf/grf.rf/gntv_or_sync_fifo.gl0.rd/gr1.gr1_int.rfwft/aempty_fwft_i, U0_ps_ai_peripheral/ZGolo/u_AI_Mate_top/u0_ddr64_wrapper/ddr_rdata_fifo_u0/U0/inst_fifo_gen/gconvfifo.rf/grf.rf/gntv_or_sync_fifo.gl0.rd/gr1.gr1_int.rfwft/aempty_fwft_i, U0_ps_ai_peripheral/ZGolo/u_AI_Mate_top/u_axi_2to1/inst/axi_interconnect_inst/mi_data_fifo_bank/gen_fifo_slot[0].data_fifo_inst/gen_fifo.fifo_gen_inst/inst_fifo_gen/gaxi_full_lite.gread_ch.grdch2.axi_rdch/grf.rf/gntv_or_sync_fifo.gl0.rd/gr1.gr1_int.rfwft/aempty_fwft_i, U0_ps_ai_peripheral/ZGolo/u_AI_Mate_top/u0_ddr64_wrapper/ddr_rinfo_fifo_u0/U0/inst_fifo_gen/gconvfifo.rf/grf.rf/gntv_or_sync_fifo.gl0.rd/gr1.gr1_int.rfwft/aempty_fwft_i, U0_ps_ai_peripheral/ZGolo/u_AI_Mate_top/U0_ddr2hp_itcn/u0_ar_cdc_fifo_ddr/u0_cdc_fifo_ar_64/U0/inst_fifo_gen/gconvfifo.rf/grf.rf/gntv_or_sync_fifo.gl0.rd/gr1.gr1_int.rfwft/aempty_fwft_i, U0_ps_ai_peripheral/ZGolo/u_AI_Mate_top/buyi_icore_post_top_u0/icore_post_top_u0/data_prefetch_u0/indx_fifo_u0/U0/inst_fifo_gen/gconvfifo.rf/grf.rf/gntv_or_sync_fifo.gl0.rd/gr1.gr1_int.rfwft/aempty_fwft_i (the first 15 of 206 listed).
Related violations: <none>

AVAL-4#1 Advisory
enum_USE_DPORT_FALSE_enum_DREG_ADREG_0_connects_CED_CEAD_RSTD_GND  
U_adder_top/U_flicker/render/framed_ctu_U0/prepare_frames_U0/flicker_render_piudo_U57/flicker_render_pipeline_ap_hmul_4_max_dsp_16_u/U0/i_synth/MULT.OP/R_AND_R/LOGIC.R_AND_R/DSP48_E1.DSP48E1_ADD.DSP48E1_ADD/DSP: DSP48E1 is not using the D port (USE_DPORT = FALSE). For improved power characteristics, set DREG and ADREG to '1', tie CED, CEAD, and RSTD to logic '0'.
Related violations: <none>

AVAL-4#2 Advisory
enum_USE_DPORT_FALSE_enum_DREG_ADREG_0_connects_CED_CEAD_RSTD_GND  
U_adder_top/U_flicker/render/framed_ctu_U0/test_frames_U0/flicker_render_piudo_U82/flicker_render_pipeline_ap_hmul_4_max_dsp_16_u/U0/i_synth/MULT.OP/R_AND_R/LOGIC.R_AND_R/DSP48_E1.DSP48E1_ADD.DSP48E1_ADD/DSP: DSP48E1 is not using the D port (USE_DPORT = FALSE). For improved power characteristics, set DREG and ADREG to '1', tie CED, CEAD, and RSTD to logic '0'.
Related violations: <none>

AVAL-4#3 Advisory
enum_USE_DPORT_FALSE_enum_DREG_ADREG_0_connects_CED_CEAD_RSTD_GND  
U_adder_top/U_flicker/render/framed_ctu_U0/test_frames_U0/flicker_render_piudo_U83/flicker_render_pipeline_ap_hmul_4_max_dsp_16_u/U0/i_synth/MULT.OP/R_AND_R/LOGIC.R_AND_R/DSP48_E1.DSP48E1_ADD.DSP48E1_ADD/DSP: DSP48E1 is not using the D port (USE_DPORT = FALSE). For improved power characteristics, set DREG and ADREG to '1', tie CED, CEAD, and RSTD to logic '0'.
Related violations: <none>

AVAL-4#4 Advisory
enum_USE_DPORT_FALSE_enum_DREG_ADREG_0_connects_CED_CEAD_RSTD_GND  
U_adder_top/U_flicker/render/framed_ctu_U0/test_frames_U0/flicker_render_piudo_U84/flicker_render_pipeline_ap_hmul_4_max_dsp_16_u/U0/i_synth/MULT.OP/R_AND_R/LOGIC.R_AND_R/DSP48_E1.DSP48E1_ADD.DSP48E1_ADD/DSP: DSP48E1 is not using the D port (USE_DPORT = FALSE). For improved power characteristics, set DREG and ADREG to '1', tie CED, CEAD, and RSTD to logic '0'.
Related violations: <none>

AVAL-4#5 Advisory
enum_USE_DPORT_FALSE_enum_DREG_ADREG_0_connects_CED_CEAD_RSTD_GND  
U_adder_top/U_flicker/render/framed_ctu_U0/test_frames_U0/flicker_render_piudo_U85/flicker_render_pipeline_ap_hmul_4_max_dsp_16_u/U0/i_synth/MULT.OP/R_AND_R/LOGIC.R_AND_R/DSP48_E1.DSP48E1_ADD.DSP48E1_ADD/DSP: DSP48E1 is not using the D port (USE_DPORT = FALSE). For improved power characteristics, set DREG and ADREG to '1', tie CED, CEAD, and RSTD to logic '0'.
Related violations: <none>

AVAL-4#6 Advisory
enum_USE_DPORT_FALSE_enum_DREG_ADREG_0_connects_CED_CEAD_RSTD_GND  
U_adder_top/U_flicker/render/framed_ctu_U0/test_frames_U0/flicker_render_piudo_U86/flicker_render_pipeline_ap_hmul_4_max_dsp_16_u/U0/i_synth/MULT.OP/R_AND_R/LOGIC.R_AND_R/DSP48_E1.DSP48E1_ADD.DSP48E1_ADD/DSP: DSP48E1 is not using the D port (USE_DPORT = FALSE). For improved power characteristics, set DREG and ADREG to '1', tie CED, CEAD, and RSTD to logic '0'.
Related violations: <none>

AVAL-4#7 Advisory
enum_USE_DPORT_FALSE_enum_DREG_ADREG_0_connects_CED_CEAD_RSTD_GND  
U_adder_top/U_flicker/render/render_lane_0u_U0/flicker_render_piudo_U175/flicker_render_pipeline_ap_hmul_4_max_dsp_16_u/U0/i_synth/MULT.OP/R_AND_R/LOGIC.R_AND_R/DSP48_E1.DSP48E1_ADD.DSP48E1_ADD/DSP: DSP48E1 is not using the D port (USE_DPORT = FALSE). For improved power characteristics, set DREG and ADREG to '1', tie CED, CEAD, and RSTD to logic '0'.
Related violations: <none>

AVAL-4#8 Advisory
enum_USE_DPORT_FALSE_enum_DREG_ADREG_0_connects_CED_CEAD_RSTD_GND  
U_adder_top/U_flicker/render/render_lane_0u_U0/flicker_render_piudo_U176/flicker_render_pipeline_ap_hmul_4_max_dsp_16_u/U0/i_synth/MULT.OP/R_AND_R/LOGIC.R_AND_R/DSP48_E1.DSP48E1_ADD.DSP48E1_ADD/DSP: DSP48E1 is not using the D port (USE_DPORT = FALSE). For improved power characteristics, set DREG and ADREG to '1', tie CED, CEAD, and RSTD to logic '0'.
Related violations: <none>

AVAL-4#9 Advisory
enum_USE_DPORT_FALSE_enum_DREG_ADREG_0_connects_CED_CEAD_RSTD_GND  
U_adder_top/U_flicker/render/render_lane_0u_U0/flicker_render_piudo_U177/flicker_render_pipeline_ap_hmul_4_max_dsp_16_u/U0/i_synth/MULT.OP/R_AND_R/LOGIC.R_AND_R/DSP48_E1.DSP48E1_ADD.DSP48E1_ADD/DSP: DSP48E1 is not using the D port (USE_DPORT = FALSE). For improved power characteristics, set DREG and ADREG to '1', tie CED, CEAD, and RSTD to logic '0'.
Related violations: <none>

AVAL-4#10 Advisory
enum_USE_DPORT_FALSE_enum_DREG_ADREG_0_connects_CED_CEAD_RSTD_GND  
U_adder_top/U_flicker/render/render_lane_0u_U0/grp_evaluate_group_0u_s_fu_446/flicker_render_piudo_U146/flicker_render_pipeline_ap_hmul_4_max_dsp_16_u/U0/i_synth/MULT.OP/R_AND_R/LOGIC.R_AND_R/DSP48_E1.DSP48E1_ADD.DSP48E1_ADD/DSP: DSP48E1 is not using the D port (USE_DPORT = FALSE). For improved power characteristics, set DREG and ADREG to '1', tie CED, CEAD, and RSTD to logic '0'.
Related violations: <none>

AVAL-4#11 Advisory
enum_USE_DPORT_FALSE_enum_DREG_ADREG_0_connects_CED_CEAD_RSTD_GND  
U_adder_top/U_flicker/render/render_lane_0u_U0/grp_evaluate_group_0u_s_fu_446/flicker_render_piudo_U147/flicker_render_pipeline_ap_hmul_4_max_dsp_16_u/U0/i_synth/MULT.OP/R_AND_R/LOGIC.R_AND_R/DSP48_E1.DSP48E1_ADD.DSP48E1_ADD/DSP: DSP48E1 is not using the D port (USE_DPORT = FALSE). For improved power characteristics, set DREG and ADREG to '1', tie CED, CEAD, and RSTD to logic '0'.
Related violations: <none>

AVAL-4#12 Advisory
enum_USE_DPORT_FALSE_enum_DREG_ADREG_0_connects_CED_CEAD_RSTD_GND  
U_adder_top/U_flicker/render/render_lane_0u_U0/grp_evaluate_group_0u_s_fu_446/flicker_render_piudo_U148/flicker_render_pipeline_ap_hmul_4_max_dsp_16_u/U0/i_synth/MULT.OP/R_AND_R/LOGIC.R_AND_R/DSP48_E1.DSP48E1_ADD.DSP48E1_ADD/DSP: DSP48E1 is not using the D port (USE_DPORT = FALSE). For improved power characteristics, set DREG and ADREG to '1', tie CED, CEAD, and RSTD to logic '0'.
Related violations: <none>

AVAL-4#13 Advisory
enum_USE_DPORT_FALSE_enum_DREG_ADREG_0_connects_CED_CEAD_RSTD_GND  
U_adder_top/U_flicker/render/render_lane_0u_U0/grp_evaluate_group_0u_s_fu_446/flicker_render_piudo_U149/flicker_render_pipeline_ap_hmul_4_max_dsp_16_u/U0/i_synth/MULT.OP/R_AND_R/LOGIC.R_AND_R/DSP48_E1.DSP48E1_ADD.DSP48E1_ADD/DSP: DSP48E1 is not using the D port (USE_DPORT = FALSE). For improved power characteristics, set DREG and ADREG to '1', tie CED, CEAD, and RSTD to logic '0'.
Related violations: <none>

AVAL-4#14 Advisory
enum_USE_DPORT_FALSE_enum_DREG_ADREG_0_connects_CED_CEAD_RSTD_GND  
U_adder_top/U_flicker/render/render_lane_0u_U0/grp_evaluate_group_0u_s_fu_446/flicker_render_piudo_U150/flicker_render_pipeline_ap_hmul_4_max_dsp_16_u/U0/i_synth/MULT.OP/R_AND_R/LOGIC.R_AND_R/DSP48_E1.DSP48E1_ADD.DSP48E1_ADD/DSP: DSP48E1 is not using the D port (USE_DPORT = FALSE). For improved power characteristics, set DREG and ADREG to '1', tie CED, CEAD, and RSTD to logic '0'.
Related violations: <none>

AVAL-4#15 Advisory
enum_USE_DPORT_FALSE_enum_DREG_ADREG_0_connects_CED_CEAD_RSTD_GND  
U_adder_top/U_flicker/render/render_lane_0u_U0/grp_evaluate_group_0u_s_fu_446/flicker_render_piudo_U151/flicker_render_pipeline_ap_hmul_4_max_dsp_16_u/U0/i_synth/MULT.OP/R_AND_R/LOGIC.R_AND_R/DSP48_E1.DSP48E1_ADD.DSP48E1_ADD/DSP: DSP48E1 is not using the D port (USE_DPORT = FALSE). For improved power characteristics, set DREG and ADREG to '1', tie CED, CEAD, and RSTD to logic '0'.
Related violations: <none>

AVAL-4#16 Advisory
enum_USE_DPORT_FALSE_enum_DREG_ADREG_0_connects_CED_CEAD_RSTD_GND  
U_adder_top/U_flicker/render/render_lane_0u_U0/grp_evaluate_group_0u_s_fu_446/flicker_render_piudo_U152/flicker_render_pipeline_ap_hmul_4_max_dsp_16_u/U0/i_synth/MULT.OP/R_AND_R/LOGIC.R_AND_R/DSP48_E1.DSP48E1_ADD.DSP48E1_ADD/DSP: DSP48E1 is not using the D port (USE_DPORT = FALSE). For improved power characteristics, set DREG and ADREG to '1', tie CED, CEAD, and RSTD to logic '0'.
Related violations: <none>

AVAL-4#17 Advisory
enum_USE_DPORT_FALSE_enum_DREG_ADREG_0_connects_CED_CEAD_RSTD_GND  
U_adder_top/U_flicker/render/render_lane_0u_U0/grp_evaluate_group_0u_s_fu_446/flicker_render_piudo_U153/flicker_render_pipeline_ap_hmul_4_max_dsp_16_u/U0/i_synth/MULT.OP/R_AND_R/LOGIC.R_AND_R/DSP48_E1.DSP48E1_ADD.DSP48E1_ADD/DSP: DSP48E1 is not using the D port (USE_DPORT = FALSE). For improved power characteristics, set DREG and ADREG to '1', tie CED, CEAD, and RSTD to logic '0'.
Related violations: <none>

AVAL-4#18 Advisory
enum_USE_DPORT_FALSE_enum_DREG_ADREG_0_connects_CED_CEAD_RSTD_GND  
U_adder_top/U_flicker/render/render_lane_0u_U0/grp_evaluate_group_0u_s_fu_446/flicker_render_piudo_U154/flicker_render_pipeline_ap_hmul_4_max_dsp_16_u/U0/i_synth/MULT.OP/R_AND_R/LOGIC.R_AND_R/DSP48_E1.DSP48E1_ADD.DSP48E1_ADD/DSP: DSP48E1 is not using the D port (USE_DPORT = FALSE). For improved power characteristics, set DREG and ADREG to '1', tie CED, CEAD, and RSTD to logic '0'.
Related violations: <none>

AVAL-4#19 Advisory
enum_USE_DPORT_FALSE_enum_DREG_ADREG_0_connects_CED_CEAD_RSTD_GND  
U_adder_top/U_flicker/render/render_lane_0u_U0/grp_evaluate_group_0u_s_fu_446/flicker_render_piudo_U155/flicker_render_pipeline_ap_hmul_4_max_dsp_16_u/U0/i_synth/MULT.OP/R_AND_R/LOGIC.R_AND_R/DSP48_E1.DSP48E1_ADD.DSP48E1_ADD/DSP: DSP48E1 is not using the D port (USE_DPORT = FALSE). For improved power characteristics, set DREG and ADREG to '1', tie CED, CEAD, and RSTD to logic '0'.
Related violations: <none>

AVAL-4#20 Advisory
enum_USE_DPORT_FALSE_enum_DREG_ADREG_0_connects_CED_CEAD_RSTD_GND  
U_adder_top/U_flicker/render/render_lane_0u_U0/grp_evaluate_group_0u_s_fu_446/flicker_render_piudo_U156/flicker_render_pipeline_ap_hmul_4_max_dsp_16_u/U0/i_synth/MULT.OP/R_AND_R/LOGIC.R_AND_R/DSP48_E1.DSP48E1_ADD.DSP48E1_ADD/DSP: DSP48E1 is not using the D port (USE_DPORT = FALSE). For improved power characteristics, set DREG and ADREG to '1', tie CED, CEAD, and RSTD to logic '0'.
Related violations: <none>

AVAL-4#21 Advisory
enum_USE_DPORT_FALSE_enum_DREG_ADREG_0_connects_CED_CEAD_RSTD_GND  
U_adder_top/U_flicker/render/render_lane_0u_U0/grp_evaluate_group_0u_s_fu_446/flicker_render_piudo_U157/flicker_render_pipeline_ap_hmul_4_max_dsp_16_u/U0/i_synth/MULT.OP/R_AND_R/LOGIC.R_AND_R/DSP48_E1.DSP48E1_ADD.DSP48E1_ADD/DSP: DSP48E1 is not using the D port (USE_DPORT = FALSE). For improved power characteristics, set DREG and ADREG to '1', tie CED, CEAD, and RSTD to logic '0'.
Related violations: <none>

AVAL-4#22 Advisory
enum_USE_DPORT_FALSE_enum_DREG_ADREG_0_connects_CED_CEAD_RSTD_GND  
U_adder_top/U_flicker/render/render_lane_0u_U0/grp_evaluate_group_0u_s_fu_446/flicker_render_piudo_U158/flicker_render_pipeline_ap_hmul_4_max_dsp_16_u/U0/i_synth/MULT.OP/R_AND_R/LOGIC.R_AND_R/DSP48_E1.DSP48E1_ADD.DSP48E1_ADD/DSP: DSP48E1 is not using the D port (USE_DPORT = FALSE). For improved power characteristics, set DREG and ADREG to '1', tie CED, CEAD, and RSTD to logic '0'.
Related violations: <none>

AVAL-4#23 Advisory
enum_USE_DPORT_FALSE_enum_DREG_ADREG_0_connects_CED_CEAD_RSTD_GND  
U_adder_top/U_flicker/render/render_lane_1u_U0/flicker_render_piudo_U224/flicker_render_pipeline_ap_hmul_4_max_dsp_16_u/U0/i_synth/MULT.OP/R_AND_R/LOGIC.R_AND_R/DSP48_E1.DSP48E1_ADD.DSP48E1_ADD/DSP: DSP48E1 is not using the D port (USE_DPORT = FALSE). For improved power characteristics, set DREG and ADREG to '1', tie CED, CEAD, and RSTD to logic '0'.
Related violations: <none>

AVAL-4#24 Advisory
enum_USE_DPORT_FALSE_enum_DREG_ADREG_0_connects_CED_CEAD_RSTD_GND  
U_adder_top/U_flicker/render/render_lane_1u_U0/flicker_render_piudo_U225/flicker_render_pipeline_ap_hmul_4_max_dsp_16_u/U0/i_synth/MULT.OP/R_AND_R/LOGIC.R_AND_R/DSP48_E1.DSP48E1_ADD.DSP48E1_ADD/DSP: DSP48E1 is not using the D port (USE_DPORT = FALSE). For improved power characteristics, set DREG and ADREG to '1', tie CED, CEAD, and RSTD to logic '0'.
Related violations: <none>

AVAL-4#25 Advisory
enum_USE_DPORT_FALSE_enum_DREG_ADREG_0_connects_CED_CEAD_RSTD_GND  
U_adder_top/U_flicker/render/render_lane_1u_U0/flicker_render_piudo_U226/flicker_render_pipeline_ap_hmul_4_max_dsp_16_u/U0/i_synth/MULT.OP/R_AND_R/LOGIC.R_AND_R/DSP48_E1.DSP48E1_ADD.DSP48E1_ADD/DSP: DSP48E1 is not using the D port (USE_DPORT = FALSE). For improved power characteristics, set DREG and ADREG to '1', tie CED, CEAD, and RSTD to logic '0'.
Related violations: <none>

AVAL-4#26 Advisory
enum_USE_DPORT_FALSE_enum_DREG_ADREG_0_connects_CED_CEAD_RSTD_GND  
U_adder_top/U_flicker/render/render_lane_1u_U0/grp_evaluate_group_1u_s_fu_448/flicker_render_piudo_U196/flicker_render_pipeline_ap_hmul_4_max_dsp_16_u/U0/i_synth/MULT.OP/R_AND_R/LOGIC.R_AND_R/DSP48_E1.DSP48E1_ADD.DSP48E1_ADD/DSP: DSP48E1 is not using the D port (USE_DPORT = FALSE). For improved power characteristics, set DREG and ADREG to '1', tie CED, CEAD, and RSTD to logic '0'.
Related violations: <none>

AVAL-4#27 Advisory
enum_USE_DPORT_FALSE_enum_DREG_ADREG_0_connects_CED_CEAD_RSTD_GND  
U_adder_top/U_flicker/render/render_lane_1u_U0/grp_evaluate_group_1u_s_fu_448/flicker_render_piudo_U197/flicker_render_pipeline_ap_hmul_4_max_dsp_16_u/U0/i_synth/MULT.OP/R_AND_R/LOGIC.R_AND_R/DSP48_E1.DSP48E1_ADD.DSP48E1_ADD/DSP: DSP48E1 is not using the D port (USE_DPORT = FALSE). For improved power characteristics, set DREG and ADREG to '1', tie CED, CEAD, and RSTD to logic '0'.
Related violations: <none>

AVAL-4#28 Advisory
enum_USE_DPORT_FALSE_enum_DREG_ADREG_0_connects_CED_CEAD_RSTD_GND  
U_adder_top/U_flicker/render/render_lane_1u_U0/grp_evaluate_group_1u_s_fu_448/flicker_render_piudo_U198/flicker_render_pipeline_ap_hmul_4_max_dsp_16_u/U0/i_synth/MULT.OP/R_AND_R/LOGIC.R_AND_R/DSP48_E1.DSP48E1_ADD.DSP48E1_ADD/DSP: DSP48E1 is not using the D port (USE_DPORT = FALSE). For improved power characteristics, set DREG and ADREG to '1', tie CED, CEAD, and RSTD to logic '0'.
Related violations: <none>

AVAL-4#29 Advisory
enum_USE_DPORT_FALSE_enum_DREG_ADREG_0_connects_CED_CEAD_RSTD_GND  
U_adder_top/U_flicker/render/render_lane_1u_U0/grp_evaluate_group_1u_s_fu_448/flicker_render_piudo_U199/flicker_render_pipeline_ap_hmul_4_max_dsp_16_u/U0/i_synth/MULT.OP/R_AND_R/LOGIC.R_AND_R/DSP48_E1.DSP48E1_ADD.DSP48E1_ADD/DSP: DSP48E1 is not using the D port (USE_DPORT = FALSE). For improved power characteristics, set DREG and ADREG to '1', tie CED, CEAD, and RSTD to logic '0'.
Related violations: <none>

AVAL-4#30 Advisory
enum_USE_DPORT_FALSE_enum_DREG_ADREG_0_connects_CED_CEAD_RSTD_GND  
U_adder_top/U_flicker/render/render_lane_1u_U0/grp_evaluate_group_1u_s_fu_448/flicker_render_piudo_U200/flicker_render_pipeline_ap_hmul_4_max_dsp_16_u/U0/i_synth/MULT.OP/R_AND_R/LOGIC.R_AND_R/DSP48_E1.DSP48E1_ADD.DSP48E1_ADD/DSP: DSP48E1 is not using the D port (USE_DPORT = FALSE). For improved power characteristics, set DREG and ADREG to '1', tie CED, CEAD, and RSTD to logic '0'.
Related violations: <none>

AVAL-4#31 Advisory
enum_USE_DPORT_FALSE_enum_DREG_ADREG_0_connects_CED_CEAD_RSTD_GND  
U_adder_top/U_flicker/render/render_lane_1u_U0/grp_evaluate_group_1u_s_fu_448/flicker_render_piudo_U201/flicker_render_pipeline_ap_hmul_4_max_dsp_16_u/U0/i_synth/MULT.OP/R_AND_R/LOGIC.R_AND_R/DSP48_E1.DSP48E1_ADD.DSP48E1_ADD/DSP: DSP48E1 is not using the D port (USE_DPORT = FALSE). For improved power characteristics, set DREG and ADREG to '1', tie CED, CEAD, and RSTD to logic '0'.
Related violations: <none>

AVAL-4#32 Advisory
enum_USE_DPORT_FALSE_enum_DREG_ADREG_0_connects_CED_CEAD_RSTD_GND  
U_adder_top/U_flicker/render/render_lane_1u_U0/grp_evaluate_group_1u_s_fu_448/flicker_render_piudo_U202/flicker_render_pipeline_ap_hmul_4_max_dsp_16_u/U0/i_synth/MULT.OP/R_AND_R/LOGIC.R_AND_R/DSP48_E1.DSP48E1_ADD.DSP48E1_ADD/DSP: DSP48E1 is not using the D port (USE_DPORT = FALSE). For improved power characteristics, set DREG and ADREG to '1', tie CED, CEAD, and RSTD to logic '0'.
Related violations: <none>

AVAL-4#33 Advisory
enum_USE_DPORT_FALSE_enum_DREG_ADREG_0_connects_CED_CEAD_RSTD_GND  
U_adder_top/U_flicker/render/render_lane_1u_U0/grp_evaluate_group_1u_s_fu_448/flicker_render_piudo_U203/flicker_render_pipeline_ap_hmul_4_max_dsp_16_u/U0/i_synth/MULT.OP/R_AND_R/LOGIC.R_AND_R/DSP48_E1.DSP48E1_ADD.DSP48E1_ADD/DSP: DSP48E1 is not using the D port (USE_DPORT = FALSE). For improved power characteristics, set DREG and ADREG to '1', tie CED, CEAD, and RSTD to logic '0'.
Related violations: <none>

AVAL-4#34 Advisory
enum_USE_DPORT_FALSE_enum_DREG_ADREG_0_connects_CED_CEAD_RSTD_GND  
U_adder_top/U_flicker/render/render_lane_1u_U0/grp_evaluate_group_1u_s_fu_448/flicker_render_piudo_U204/flicker_render_pipeline_ap_hmul_4_max_dsp_16_u/U0/i_synth/MULT.OP/R_AND_R/LOGIC.R_AND_R/DSP48_E1.DSP48E1_ADD.DSP48E1_ADD/DSP: DSP48E1 is not using the D port (USE_DPORT = FALSE). For improved power characteristics, set DREG and ADREG to '1', tie CED, CEAD, and RSTD to logic '0'.
Related violations: <none>

AVAL-4#35 Advisory
enum_USE_DPORT_FALSE_enum_DREG_ADREG_0_connects_CED_CEAD_RSTD_GND  
U_adder_top/U_flicker/render/render_lane_1u_U0/grp_evaluate_group_1u_s_fu_448/flicker_render_piudo_U205/flicker_render_pipeline_ap_hmul_4_max_dsp_16_u/U0/i_synth/MULT.OP/R_AND_R/LOGIC.R_AND_R/DSP48_E1.DSP48E1_ADD.DSP48E1_ADD/DSP: DSP48E1 is not using the D port (USE_DPORT = FALSE). For improved power characteristics, set DREG and ADREG to '1', tie CED, CEAD, and RSTD to logic '0'.
Related violations: <none>

AVAL-4#36 Advisory
enum_USE_DPORT_FALSE_enum_DREG_ADREG_0_connects_CED_CEAD_RSTD_GND  
U_adder_top/U_flicker/render/render_lane_1u_U0/grp_evaluate_group_1u_s_fu_448/flicker_render_piudo_U206/flicker_render_pipeline_ap_hmul_4_max_dsp_16_u/U0/i_synth/MULT.OP/R_AND_R/LOGIC.R_AND_R/DSP48_E1.DSP48E1_ADD.DSP48E1_ADD/DSP: DSP48E1 is not using the D port (USE_DPORT = FALSE). For improved power characteristics, set DREG and ADREG to '1', tie CED, CEAD, and RSTD to logic '0'.
Related violations: <none>

AVAL-4#37 Advisory
enum_USE_DPORT_FALSE_enum_DREG_ADREG_0_connects_CED_CEAD_RSTD_GND  
U_adder_top/U_flicker/render/render_lane_1u_U0/grp_evaluate_group_1u_s_fu_448/flicker_render_piudo_U207/flicker_render_pipeline_ap_hmul_4_max_dsp_16_u/U0/i_synth/MULT.OP/R_AND_R/LOGIC.R_AND_R/DSP48_E1.DSP48E1_ADD.DSP48E1_ADD/DSP: DSP48E1 is not using the D port (USE_DPORT = FALSE). For improved power characteristics, set DREG and ADREG to '1', tie CED, CEAD, and RSTD to logic '0'.
Related violations: <none>

AVAL-4#38 Advisory
enum_USE_DPORT_FALSE_enum_DREG_ADREG_0_connects_CED_CEAD_RSTD_GND  
U_adder_top/U_flicker/render/render_lane_1u_U0/grp_evaluate_group_1u_s_fu_448/flicker_render_piudo_U208/flicker_render_pipeline_ap_hmul_4_max_dsp_16_u/U0/i_synth/MULT.OP/R_AND_R/LOGIC.R_AND_R/DSP48_E1.DSP48E1_ADD.DSP48E1_ADD/DSP: DSP48E1 is not using the D port (USE_DPORT = FALSE). For improved power characteristics, set DREG and ADREG to '1', tie CED, CEAD, and RSTD to logic '0'.
Related violations: <none>

AVAL-4#39 Advisory
enum_USE_DPORT_FALSE_enum_DREG_ADREG_0_connects_CED_CEAD_RSTD_GND  
U_adder_top/U_flicker/render/render_lane_2u_U0/flicker_render_piudo_U269/flicker_render_pipeline_ap_hmul_4_max_dsp_16_u/U0/i_synth/MULT.OP/R_AND_R/LOGIC.R_AND_R/DSP48_E1.DSP48E1_ADD.DSP48E1_ADD/DSP: DSP48E1 is not using the D port (USE_DPORT = FALSE). For improved power characteristics, set DREG and ADREG to '1', tie CED, CEAD, and RSTD to logic '0'.
Related violations: <none>

AVAL-4#40 Advisory
enum_USE_DPORT_FALSE_enum_DREG_ADREG_0_connects_CED_CEAD_RSTD_GND  
U_adder_top/U_flicker/render/render_lane_2u_U0/flicker_render_piudo_U270/flicker_render_pipeline_ap_hmul_4_max_dsp_16_u/U0/i_synth/MULT.OP/R_AND_R/LOGIC.R_AND_R/DSP48_E1.DSP48E1_ADD.DSP48E1_ADD/DSP: DSP48E1 is not using the D port (USE_DPORT = FALSE). For improved power characteristics, set DREG and ADREG to '1', tie CED, CEAD, and RSTD to logic '0'.
Related violations: <none>

AVAL-4#41 Advisory
enum_USE_DPORT_FALSE_enum_DREG_ADREG_0_connects_CED_CEAD_RSTD_GND  
U_adder_top/U_flicker/render/render_lane_2u_U0/flicker_render_piudo_U271/flicker_render_pipeline_ap_hmul_4_max_dsp_16_u/U0/i_synth/MULT.OP/R_AND_R/LOGIC.R_AND_R/DSP48_E1.DSP48E1_ADD.DSP48E1_ADD/DSP: DSP48E1 is not using the D port (USE_DPORT = FALSE). For improved power characteristics, set DREG and ADREG to '1', tie CED, CEAD, and RSTD to logic '0'.
Related violations: <none>

AVAL-4#42 Advisory
enum_USE_DPORT_FALSE_enum_DREG_ADREG_0_connects_CED_CEAD_RSTD_GND  
U_adder_top/U_flicker/render/render_lane_2u_U0/grp_evaluate_group_2u_s_fu_454/flicker_render_piudo_U241/flicker_render_pipeline_ap_hmul_4_max_dsp_16_u/U0/i_synth/MULT.OP/R_AND_R/LOGIC.R_AND_R/DSP48_E1.DSP48E1_ADD.DSP48E1_ADD/DSP: DSP48E1 is not using the D port (USE_DPORT = FALSE). For improved power characteristics, set DREG and ADREG to '1', tie CED, CEAD, and RSTD to logic '0'.
Related violations: <none>

AVAL-4#43 Advisory
enum_USE_DPORT_FALSE_enum_DREG_ADREG_0_connects_CED_CEAD_RSTD_GND  
U_adder_top/U_flicker/render/render_lane_2u_U0/grp_evaluate_group_2u_s_fu_454/flicker_render_piudo_U242/flicker_render_pipeline_ap_hmul_4_max_dsp_16_u/U0/i_synth/MULT.OP/R_AND_R/LOGIC.R_AND_R/DSP48_E1.DSP48E1_ADD.DSP48E1_ADD/DSP: DSP48E1 is not using the D port (USE_DPORT = FALSE). For improved power characteristics, set DREG and ADREG to '1', tie CED, CEAD, and RSTD to logic '0'.
Related violations: <none>

AVAL-4#44 Advisory
enum_USE_DPORT_FALSE_enum_DREG_ADREG_0_connects_CED_CEAD_RSTD_GND  
U_adder_top/U_flicker/render/render_lane_2u_U0/grp_evaluate_group_2u_s_fu_454/flicker_render_piudo_U243/flicker_render_pipeline_ap_hmul_4_max_dsp_16_u/U0/i_synth/MULT.OP/R_AND_R/LOGIC.R_AND_R/DSP48_E1.DSP48E1_ADD.DSP48E1_ADD/DSP: DSP48E1 is not using the D port (USE_DPORT = FALSE). For improved power characteristics, set DREG and ADREG to '1', tie CED, CEAD, and RSTD to logic '0'.
Related violations: <none>

AVAL-4#45 Advisory
enum_USE_DPORT_FALSE_enum_DREG_ADREG_0_connects_CED_CEAD_RSTD_GND  
U_adder_top/U_flicker/render/render_lane_2u_U0/grp_evaluate_group_2u_s_fu_454/flicker_render_piudo_U244/flicker_render_pipeline_ap_hmul_4_max_dsp_16_u/U0/i_synth/MULT.OP/R_AND_R/LOGIC.R_AND_R/DSP48_E1.DSP48E1_ADD.DSP48E1_ADD/DSP: DSP48E1 is not using the D port (USE_DPORT = FALSE). For improved power characteristics, set DREG and ADREG to '1', tie CED, CEAD, and RSTD to logic '0'.
Related violations: <none>

AVAL-4#46 Advisory
enum_USE_DPORT_FALSE_enum_DREG_ADREG_0_connects_CED_CEAD_RSTD_GND  
U_adder_top/U_flicker/render/render_lane_2u_U0/grp_evaluate_group_2u_s_fu_454/flicker_render_piudo_U245/flicker_render_pipeline_ap_hmul_4_max_dsp_16_u/U0/i_synth/MULT.OP/R_AND_R/LOGIC.R_AND_R/DSP48_E1.DSP48E1_ADD.DSP48E1_ADD/DSP: DSP48E1 is not using the D port (USE_DPORT = FALSE). For improved power characteristics, set DREG and ADREG to '1', tie CED, CEAD, and RSTD to logic '0'.
Related violations: <none>

AVAL-4#47 Advisory
enum_USE_DPORT_FALSE_enum_DREG_ADREG_0_connects_CED_CEAD_RSTD_GND  
U_adder_top/U_flicker/render/render_lane_2u_U0/grp_evaluate_group_2u_s_fu_454/flicker_render_piudo_U246/flicker_render_pipeline_ap_hmul_4_max_dsp_16_u/U0/i_synth/MULT.OP/R_AND_R/LOGIC.R_AND_R/DSP48_E1.DSP48E1_ADD.DSP48E1_ADD/DSP: DSP48E1 is not using the D port (USE_DPORT = FALSE). For improved power characteristics, set DREG and ADREG to '1', tie CED, CEAD, and RSTD to logic '0'.
Related violations: <none>

AVAL-4#48 Advisory
enum_USE_DPORT_FALSE_enum_DREG_ADREG_0_connects_CED_CEAD_RSTD_GND  
U_adder_top/U_flicker/render/render_lane_2u_U0/grp_evaluate_group_2u_s_fu_454/flicker_render_piudo_U247/flicker_render_pipeline_ap_hmul_4_max_dsp_16_u/U0/i_synth/MULT.OP/R_AND_R/LOGIC.R_AND_R/DSP48_E1.DSP48E1_ADD.DSP48E1_ADD/DSP: DSP48E1 is not using the D port (USE_DPORT = FALSE). For improved power characteristics, set DREG and ADREG to '1', tie CED, CEAD, and RSTD to logic '0'.
Related violations: <none>

AVAL-4#49 Advisory
enum_USE_DPORT_FALSE_enum_DREG_ADREG_0_connects_CED_CEAD_RSTD_GND  
U_adder_top/U_flicker/render/render_lane_2u_U0/grp_evaluate_group_2u_s_fu_454/flicker_render_piudo_U248/flicker_render_pipeline_ap_hmul_4_max_dsp_16_u/U0/i_synth/MULT.OP/R_AND_R/LOGIC.R_AND_R/DSP48_E1.DSP48E1_ADD.DSP48E1_ADD/DSP: DSP48E1 is not using the D port (USE_DPORT = FALSE). For improved power characteristics, set DREG and ADREG to '1', tie CED, CEAD, and RSTD to logic '0'.
Related violations: <none>

AVAL-4#50 Advisory
enum_USE_DPORT_FALSE_enum_DREG_ADREG_0_connects_CED_CEAD_RSTD_GND  
U_adder_top/U_flicker/render/render_lane_2u_U0/grp_evaluate_group_2u_s_fu_454/flicker_render_piudo_U249/flicker_render_pipeline_ap_hmul_4_max_dsp_16_u/U0/i_synth/MULT.OP/R_AND_R/LOGIC.R_AND_R/DSP48_E1.DSP48E1_ADD.DSP48E1_ADD/DSP: DSP48E1 is not using the D port (USE_DPORT = FALSE). For improved power characteristics, set DREG and ADREG to '1', tie CED, CEAD, and RSTD to logic '0'.
Related violations: <none>

AVAL-4#51 Advisory
enum_USE_DPORT_FALSE_enum_DREG_ADREG_0_connects_CED_CEAD_RSTD_GND  
U_adder_top/U_flicker/render/render_lane_2u_U0/grp_evaluate_group_2u_s_fu_454/flicker_render_piudo_U250/flicker_render_pipeline_ap_hmul_4_max_dsp_16_u/U0/i_synth/MULT.OP/R_AND_R/LOGIC.R_AND_R/DSP48_E1.DSP48E1_ADD.DSP48E1_ADD/DSP: DSP48E1 is not using the D port (USE_DPORT = FALSE). For improved power characteristics, set DREG and ADREG to '1', tie CED, CEAD, and RSTD to logic '0'.
Related violations: <none>

AVAL-4#52 Advisory
enum_USE_DPORT_FALSE_enum_DREG_ADREG_0_connects_CED_CEAD_RSTD_GND  
U_adder_top/U_flicker/render/render_lane_2u_U0/grp_evaluate_group_2u_s_fu_454/flicker_render_piudo_U251/flicker_render_pipeline_ap_hmul_4_max_dsp_16_u/U0/i_synth/MULT.OP/R_AND_R/LOGIC.R_AND_R/DSP48_E1.DSP48E1_ADD.DSP48E1_ADD/DSP: DSP48E1 is not using the D port (USE_DPORT = FALSE). For improved power characteristics, set DREG and ADREG to '1', tie CED, CEAD, and RSTD to logic '0'.
Related violations: <none>

AVAL-4#53 Advisory
enum_USE_DPORT_FALSE_enum_DREG_ADREG_0_connects_CED_CEAD_RSTD_GND  
U_adder_top/U_flicker/render/render_lane_2u_U0/grp_evaluate_group_2u_s_fu_454/flicker_render_piudo_U252/flicker_render_pipeline_ap_hmul_4_max_dsp_16_u/U0/i_synth/MULT.OP/R_AND_R/LOGIC.R_AND_R/DSP48_E1.DSP48E1_ADD.DSP48E1_ADD/DSP: DSP48E1 is not using the D port (USE_DPORT = FALSE). For improved power characteristics, set DREG and ADREG to '1', tie CED, CEAD, and RSTD to logic '0'.
Related violations: <none>

AVAL-4#54 Advisory
enum_USE_DPORT_FALSE_enum_DREG_ADREG_0_connects_CED_CEAD_RSTD_GND  
U_adder_top/U_flicker/render/render_lane_2u_U0/grp_evaluate_group_2u_s_fu_454/flicker_render_piudo_U253/flicker_render_pipeline_ap_hmul_4_max_dsp_16_u/U0/i_synth/MULT.OP/R_AND_R/LOGIC.R_AND_R/DSP48_E1.DSP48E1_ADD.DSP48E1_ADD/DSP: DSP48E1 is not using the D port (USE_DPORT = FALSE). For improved power characteristics, set DREG and ADREG to '1', tie CED, CEAD, and RSTD to logic '0'.
Related violations: <none>

AVAL-4#55 Advisory
enum_USE_DPORT_FALSE_enum_DREG_ADREG_0_connects_CED_CEAD_RSTD_GND  
U_adder_top/U_flicker/render/render_lane_3u_U0/flicker_render_piudo_U314/flicker_render_pipeline_ap_hmul_4_max_dsp_16_u/U0/i_synth/MULT.OP/R_AND_R/LOGIC.R_AND_R/DSP48_E1.DSP48E1_ADD.DSP48E1_ADD/DSP: DSP48E1 is not using the D port (USE_DPORT = FALSE). For improved power characteristics, set DREG and ADREG to '1', tie CED, CEAD, and RSTD to logic '0'.
Related violations: <none>

AVAL-4#56 Advisory
enum_USE_DPORT_FALSE_enum_DREG_ADREG_0_connects_CED_CEAD_RSTD_GND  
U_adder_top/U_flicker/render/render_lane_3u_U0/flicker_render_piudo_U315/flicker_render_pipeline_ap_hmul_4_max_dsp_16_u/U0/i_synth/MULT.OP/R_AND_R/LOGIC.R_AND_R/DSP48_E1.DSP48E1_ADD.DSP48E1_ADD/DSP: DSP48E1 is not using the D port (USE_DPORT = FALSE). For improved power characteristics, set DREG and ADREG to '1', tie CED, CEAD, and RSTD to logic '0'.
Related violations: <none>

AVAL-4#57 Advisory
enum_USE_DPORT_FALSE_enum_DREG_ADREG_0_connects_CED_CEAD_RSTD_GND  
U_adder_top/U_flicker/render/render_lane_3u_U0/flicker_render_piudo_U316/flicker_render_pipeline_ap_hmul_4_max_dsp_16_u/U0/i_synth/MULT.OP/R_AND_R/LOGIC.R_AND_R/DSP48_E1.DSP48E1_ADD.DSP48E1_ADD/DSP: DSP48E1 is not using the D port (USE_DPORT = FALSE). For improved power characteristics, set DREG and ADREG to '1', tie CED, CEAD, and RSTD to logic '0'.
Related violations: <none>

AVAL-4#58 Advisory
enum_USE_DPORT_FALSE_enum_DREG_ADREG_0_connects_CED_CEAD_RSTD_GND  
U_adder_top/U_flicker/render/render_lane_3u_U0/grp_evaluate_group_3u_s_fu_456/flicker_render_piudo_U286/flicker_render_pipeline_ap_hmul_4_max_dsp_16_u/U0/i_synth/MULT.OP/R_AND_R/LOGIC.R_AND_R/DSP48_E1.DSP48E1_ADD.DSP48E1_ADD/DSP: DSP48E1 is not using the D port (USE_DPORT = FALSE). For improved power characteristics, set DREG and ADREG to '1', tie CED, CEAD, and RSTD to logic '0'.
Related violations: <none>

AVAL-4#59 Advisory
enum_USE_DPORT_FALSE_enum_DREG_ADREG_0_connects_CED_CEAD_RSTD_GND  
U_adder_top/U_flicker/render/render_lane_3u_U0/grp_evaluate_group_3u_s_fu_456/flicker_render_piudo_U287/flicker_render_pipeline_ap_hmul_4_max_dsp_16_u/U0/i_synth/MULT.OP/R_AND_R/LOGIC.R_AND_R/DSP48_E1.DSP48E1_ADD.DSP48E1_ADD/DSP: DSP48E1 is not using the D port (USE_DPORT = FALSE). For improved power characteristics, set DREG and ADREG to '1', tie CED, CEAD, and RSTD to logic '0'.
Related violations: <none>

AVAL-4#60 Advisory
enum_USE_DPORT_FALSE_enum_DREG_ADREG_0_connects_CED_CEAD_RSTD_GND  
U_adder_top/U_flicker/render/render_lane_3u_U0/grp_evaluate_group_3u_s_fu_456/flicker_render_piudo_U288/flicker_render_pipeline_ap_hmul_4_max_dsp_16_u/U0/i_synth/MULT.OP/R_AND_R/LOGIC.R_AND_R/DSP48_E1.DSP48E1_ADD.DSP48E1_ADD/DSP: DSP48E1 is not using the D port (USE_DPORT = FALSE). For improved power characteristics, set DREG and ADREG to '1', tie CED, CEAD, and RSTD to logic '0'.
Related violations: <none>

AVAL-4#61 Advisory
enum_USE_DPORT_FALSE_enum_DREG_ADREG_0_connects_CED_CEAD_RSTD_GND  
U_adder_top/U_flicker/render/render_lane_3u_U0/grp_evaluate_group_3u_s_fu_456/flicker_render_piudo_U289/flicker_render_pipeline_ap_hmul_4_max_dsp_16_u/U0/i_synth/MULT.OP/R_AND_R/LOGIC.R_AND_R/DSP48_E1.DSP48E1_ADD.DSP48E1_ADD/DSP: DSP48E1 is not using the D port (USE_DPORT = FALSE). For improved power characteristics, set DREG and ADREG to '1', tie CED, CEAD, and RSTD to logic '0'.
Related violations: <none>

AVAL-4#62 Advisory
enum_USE_DPORT_FALSE_enum_DREG_ADREG_0_connects_CED_CEAD_RSTD_GND  
U_adder_top/U_flicker/render/render_lane_3u_U0/grp_evaluate_group_3u_s_fu_456/flicker_render_piudo_U290/flicker_render_pipeline_ap_hmul_4_max_dsp_16_u/U0/i_synth/MULT.OP/R_AND_R/LOGIC.R_AND_R/DSP48_E1.DSP48E1_ADD.DSP48E1_ADD/DSP: DSP48E1 is not using the D port (USE_DPORT = FALSE). For improved power characteristics, set DREG and ADREG to '1', tie CED, CEAD, and RSTD to logic '0'.
Related violations: <none>

AVAL-4#63 Advisory
enum_USE_DPORT_FALSE_enum_DREG_ADREG_0_connects_CED_CEAD_RSTD_GND  
U_adder_top/U_flicker/render/render_lane_3u_U0/grp_evaluate_group_3u_s_fu_456/flicker_render_piudo_U291/flicker_render_pipeline_ap_hmul_4_max_dsp_16_u/U0/i_synth/MULT.OP/R_AND_R/LOGIC.R_AND_R/DSP48_E1.DSP48E1_ADD.DSP48E1_ADD/DSP: DSP48E1 is not using the D port (USE_DPORT = FALSE). For improved power characteristics, set DREG and ADREG to '1', tie CED, CEAD, and RSTD to logic '0'.
Related violations: <none>

AVAL-4#64 Advisory
enum_USE_DPORT_FALSE_enum_DREG_ADREG_0_connects_CED_CEAD_RSTD_GND  
U_adder_top/U_flicker/render/render_lane_3u_U0/grp_evaluate_group_3u_s_fu_456/flicker_render_piudo_U292/flicker_render_pipeline_ap_hmul_4_max_dsp_16_u/U0/i_synth/MULT.OP/R_AND_R/LOGIC.R_AND_R/DSP48_E1.DSP48E1_ADD.DSP48E1_ADD/DSP: DSP48E1 is not using the D port (USE_DPORT = FALSE). For improved power characteristics, set DREG and ADREG to '1', tie CED, CEAD, and RSTD to logic '0'.
Related violations: <none>

AVAL-4#65 Advisory
enum_USE_DPORT_FALSE_enum_DREG_ADREG_0_connects_CED_CEAD_RSTD_GND  
U_adder_top/U_flicker/render/render_lane_3u_U0/grp_evaluate_group_3u_s_fu_456/flicker_render_piudo_U293/flicker_render_pipeline_ap_hmul_4_max_dsp_16_u/U0/i_synth/MULT.OP/R_AND_R/LOGIC.R_AND_R/DSP48_E1.DSP48E1_ADD.DSP48E1_ADD/DSP: DSP48E1 is not using the D port (USE_DPORT = FALSE). For improved power characteristics, set DREG and ADREG to '1', tie CED, CEAD, and RSTD to logic '0'.
Related violations: <none>

AVAL-4#66 Advisory
enum_USE_DPORT_FALSE_enum_DREG_ADREG_0_connects_CED_CEAD_RSTD_GND  
U_adder_top/U_flicker/render/render_lane_3u_U0/grp_evaluate_group_3u_s_fu_456/flicker_render_piudo_U294/flicker_render_pipeline_ap_hmul_4_max_dsp_16_u/U0/i_synth/MULT.OP/R_AND_R/LOGIC.R_AND_R/DSP48_E1.DSP48E1_ADD.DSP48E1_ADD/DSP: DSP48E1 is not using the D port (USE_DPORT = FALSE). For improved power characteristics, set DREG and ADREG to '1', tie CED, CEAD, and RSTD to logic '0'.
Related violations: <none>

AVAL-4#67 Advisory
enum_USE_DPORT_FALSE_enum_DREG_ADREG_0_connects_CED_CEAD_RSTD_GND  
U_adder_top/U_flicker/render/render_lane_3u_U0/grp_evaluate_group_3u_s_fu_456/flicker_render_piudo_U295/flicker_render_pipeline_ap_hmul_4_max_dsp_16_u/U0/i_synth/MULT.OP/R_AND_R/LOGIC.R_AND_R/DSP48_E1.DSP48E1_ADD.DSP48E1_ADD/DSP: DSP48E1 is not using the D port (USE_DPORT = FALSE). For improved power characteristics, set DREG and ADREG to '1', tie CED, CEAD, and RSTD to logic '0'.
Related violations: <none>

AVAL-4#68 Advisory
enum_USE_DPORT_FALSE_enum_DREG_ADREG_0_connects_CED_CEAD_RSTD_GND  
U_adder_top/U_flicker/render/render_lane_3u_U0/grp_evaluate_group_3u_s_fu_456/flicker_render_piudo_U296/flicker_render_pipeline_ap_hmul_4_max_dsp_16_u/U0/i_synth/MULT.OP/R_AND_R/LOGIC.R_AND_R/DSP48_E1.DSP48E1_ADD.DSP48E1_ADD/DSP: DSP48E1 is not using the D port (USE_DPORT = FALSE). For improved power characteristics, set DREG and ADREG to '1', tie CED, CEAD, and RSTD to logic '0'.
Related violations: <none>

AVAL-4#69 Advisory
enum_USE_DPORT_FALSE_enum_DREG_ADREG_0_connects_CED_CEAD_RSTD_GND  
U_adder_top/U_flicker/render/render_lane_3u_U0/grp_evaluate_group_3u_s_fu_456/flicker_render_piudo_U297/flicker_render_pipeline_ap_hmul_4_max_dsp_16_u/U0/i_synth/MULT.OP/R_AND_R/LOGIC.R_AND_R/DSP48_E1.DSP48E1_ADD.DSP48E1_ADD/DSP: DSP48E1 is not using the D port (USE_DPORT = FALSE). For improved power characteristics, set DREG and ADREG to '1', tie CED, CEAD, and RSTD to logic '0'.
Related violations: <none>

AVAL-4#70 Advisory
enum_USE_DPORT_FALSE_enum_DREG_ADREG_0_connects_CED_CEAD_RSTD_GND  
U_adder_top/U_flicker/render/render_lane_3u_U0/grp_evaluate_group_3u_s_fu_456/flicker_render_piudo_U298/flicker_render_pipeline_ap_hmul_4_max_dsp_16_u/U0/i_synth/MULT.OP/R_AND_R/LOGIC.R_AND_R/DSP48_E1.DSP48E1_ADD.DSP48E1_ADD/DSP: DSP48E1 is not using the D port (USE_DPORT = FALSE). For improved power characteristics, set DREG and ADREG to '1', tie CED, CEAD, and RSTD to logic '0'.
Related violations: <none>

AVAL-4#71 Advisory
enum_USE_DPORT_FALSE_enum_DREG_ADREG_0_connects_CED_CEAD_RSTD_GND  
U_adder_top/U_flicker/render/split_U0/prepare_geometry_U0/flicker_render_picud_U10/flicker_render_pipeline_ap_faddfsub_6_full_dsp_32_u/U0/i_synth/ADDSUB_OP.ADDSUB/SPEED_OP.DSP.OP/DSP48E1_BODY.NORM_RND/FULL_USAGE_DSP.SHIFT_RND/DSP: DSP48E1 is not using the D port (USE_DPORT = FALSE). For improved power characteristics, set DREG and ADREG to '1', tie CED, CEAD, and RSTD to logic '0'.
Related violations: <none>

AVAL-4#72 Advisory
enum_USE_DPORT_FALSE_enum_DREG_ADREG_0_connects_CED_CEAD_RSTD_GND  
U_adder_top/U_flicker/render/split_U0/prepare_geometry_U0/flicker_render_pidEe_U11/flicker_render_pipeline_ap_fmul_3_max_dsp_32_u/U0/i_synth/MULT.OP/MULT/DSP48E1_SPD_SGL_VARIANT.FIX_MULT/DSP1/DSP: DSP48E1 is not using the D port (USE_DPORT = FALSE). For improved power characteristics, set DREG and ADREG to '1', tie CED, CEAD, and RSTD to logic '0'.
Related violations: <none>

AVAL-4#73 Advisory
enum_USE_DPORT_FALSE_enum_DREG_ADREG_0_connects_CED_CEAD_RSTD_GND  
U_adder_top/U_flicker/render/split_U0/prepare_geometry_U0/flicker_render_pidEe_U11/flicker_render_pipeline_ap_fmul_3_max_dsp_32_u/U0/i_synth/MULT.OP/MULT/DSP48E1_SPD_SGL_VARIANT.FIX_MULT/DSP2/DSP: DSP48E1 is not using the D port (USE_DPORT = FALSE). For improved power characteristics, set DREG and ADREG to '1', tie CED, CEAD, and RSTD to logic '0'.
Related violations: <none>

AVAL-4#74 Advisory
enum_USE_DPORT_FALSE_enum_DREG_ADREG_0_connects_CED_CEAD_RSTD_GND  
U_adder_top/U_flicker/render/split_U0/prepare_geometry_U0/flicker_render_pidEe_U11/flicker_render_pipeline_ap_fmul_3_max_dsp_32_u/U0/i_synth/MULT.OP/R_AND_R/LAT_OPT.FULL.R_AND_R/DSP48E1_SGL_EXP_IP.OLD_ADD.ADD/DSP: DSP48E1 is not using the D port (USE_DPORT = FALSE). For improved power characteristics, set DREG and ADREG to '1', tie CED, CEAD, and RSTD to logic '0'.
Related violations: <none>

AVAL-5#1 Advisory
enum_USE_MULT_NONE_enum_DREG_ADREG_0_connects_CED_CEAD_RSTD_GND  
U_adder_top/U_flicker/render/framed_ctu_U0/prepare_frames_U0/flicker_render_piudo_U57/flicker_render_pipeline_ap_hmul_4_max_dsp_16_u/U0/i_synth/MULT.OP/R_AND_R/LOGIC.R_AND_R/DSP48_E1.DSP48E1_ADD.DSP48E1_ADD/DSP: DSP48E1 is not using the Multiplier (USE_MULT = NONE). For improved power characteristics, set DREG and ADREG to '1', tie CED, CEAD, and RSTD to logic '0'.
Related violations: <none>

AVAL-5#2 Advisory
enum_USE_MULT_NONE_enum_DREG_ADREG_0_connects_CED_CEAD_RSTD_GND  
U_adder_top/U_flicker/render/framed_ctu_U0/test_frames_U0/flicker_render_piudo_U82/flicker_render_pipeline_ap_hmul_4_max_dsp_16_u/U0/i_synth/MULT.OP/R_AND_R/LOGIC.R_AND_R/DSP48_E1.DSP48E1_ADD.DSP48E1_ADD/DSP: DSP48E1 is not using the Multiplier (USE_MULT = NONE). For improved power characteristics, set DREG and ADREG to '1', tie CED, CEAD, and RSTD to logic '0'.
Related violations: <none>

AVAL-5#3 Advisory
enum_USE_MULT_NONE_enum_DREG_ADREG_0_connects_CED_CEAD_RSTD_GND  
U_adder_top/U_flicker/render/framed_ctu_U0/test_frames_U0/flicker_render_piudo_U83/flicker_render_pipeline_ap_hmul_4_max_dsp_16_u/U0/i_synth/MULT.OP/R_AND_R/LOGIC.R_AND_R/DSP48_E1.DSP48E1_ADD.DSP48E1_ADD/DSP: DSP48E1 is not using the Multiplier (USE_MULT = NONE). For improved power characteristics, set DREG and ADREG to '1', tie CED, CEAD, and RSTD to logic '0'.
Related violations: <none>

AVAL-5#4 Advisory
enum_USE_MULT_NONE_enum_DREG_ADREG_0_connects_CED_CEAD_RSTD_GND  
U_adder_top/U_flicker/render/framed_ctu_U0/test_frames_U0/flicker_render_piudo_U84/flicker_render_pipeline_ap_hmul_4_max_dsp_16_u/U0/i_synth/MULT.OP/R_AND_R/LOGIC.R_AND_R/DSP48_E1.DSP48E1_ADD.DSP48E1_ADD/DSP: DSP48E1 is not using the Multiplier (USE_MULT = NONE). For improved power characteristics, set DREG and ADREG to '1', tie CED, CEAD, and RSTD to logic '0'.
Related violations: <none>

AVAL-5#5 Advisory
enum_USE_MULT_NONE_enum_DREG_ADREG_0_connects_CED_CEAD_RSTD_GND  
U_adder_top/U_flicker/render/framed_ctu_U0/test_frames_U0/flicker_render_piudo_U85/flicker_render_pipeline_ap_hmul_4_max_dsp_16_u/U0/i_synth/MULT.OP/R_AND_R/LOGIC.R_AND_R/DSP48_E1.DSP48E1_ADD.DSP48E1_ADD/DSP: DSP48E1 is not using the Multiplier (USE_MULT = NONE). For improved power characteristics, set DREG and ADREG to '1', tie CED, CEAD, and RSTD to logic '0'.
Related violations: <none>

AVAL-5#6 Advisory
enum_USE_MULT_NONE_enum_DREG_ADREG_0_connects_CED_CEAD_RSTD_GND  
U_adder_top/U_flicker/render/framed_ctu_U0/test_frames_U0/flicker_render_piudo_U86/flicker_render_pipeline_ap_hmul_4_max_dsp_16_u/U0/i_synth/MULT.OP/R_AND_R/LOGIC.R_AND_R/DSP48_E1.DSP48E1_ADD.DSP48E1_ADD/DSP: DSP48E1 is not using the Multiplier (USE_MULT = NONE). For improved power characteristics, set DREG and ADREG to '1', tie CED, CEAD, and RSTD to logic '0'.
Related violations: <none>

AVAL-5#7 Advisory
enum_USE_MULT_NONE_enum_DREG_ADREG_0_connects_CED_CEAD_RSTD_GND  
U_adder_top/U_flicker/render/render_lane_0u_U0/flicker_render_piudo_U175/flicker_render_pipeline_ap_hmul_4_max_dsp_16_u/U0/i_synth/MULT.OP/R_AND_R/LOGIC.R_AND_R/DSP48_E1.DSP48E1_ADD.DSP48E1_ADD/DSP: DSP48E1 is not using the Multiplier (USE_MULT = NONE). For improved power characteristics, set DREG and ADREG to '1', tie CED, CEAD, and RSTD to logic '0'.
Related violations: <none>

AVAL-5#8 Advisory
enum_USE_MULT_NONE_enum_DREG_ADREG_0_connects_CED_CEAD_RSTD_GND  
U_adder_top/U_flicker/render/render_lane_0u_U0/flicker_render_piudo_U176/flicker_render_pipeline_ap_hmul_4_max_dsp_16_u/U0/i_synth/MULT.OP/R_AND_R/LOGIC.R_AND_R/DSP48_E1.DSP48E1_ADD.DSP48E1_ADD/DSP: DSP48E1 is not using the Multiplier (USE_MULT = NONE). For improved power characteristics, set DREG and ADREG to '1', tie CED, CEAD, and RSTD to logic '0'.
Related violations: <none>

AVAL-5#9 Advisory
enum_USE_MULT_NONE_enum_DREG_ADREG_0_connects_CED_CEAD_RSTD_GND  
U_adder_top/U_flicker/render/render_lane_0u_U0/flicker_render_piudo_U177/flicker_render_pipeline_ap_hmul_4_max_dsp_16_u/U0/i_synth/MULT.OP/R_AND_R/LOGIC.R_AND_R/DSP48_E1.DSP48E1_ADD.DSP48E1_ADD/DSP: DSP48E1 is not using the Multiplier (USE_MULT = NONE). For improved power characteristics, set DREG and ADREG to '1', tie CED, CEAD, and RSTD to logic '0'.
Related violations: <none>

AVAL-5#10 Advisory
enum_USE_MULT_NONE_enum_DREG_ADREG_0_connects_CED_CEAD_RSTD_GND  
U_adder_top/U_flicker/render/render_lane_0u_U0/grp_evaluate_group_0u_s_fu_446/flicker_render_piudo_U146/flicker_render_pipeline_ap_hmul_4_max_dsp_16_u/U0/i_synth/MULT.OP/R_AND_R/LOGIC.R_AND_R/DSP48_E1.DSP48E1_ADD.DSP48E1_ADD/DSP: DSP48E1 is not using the Multiplier (USE_MULT = NONE). For improved power characteristics, set DREG and ADREG to '1', tie CED, CEAD, and RSTD to logic '0'.
Related violations: <none>

AVAL-5#11 Advisory
enum_USE_MULT_NONE_enum_DREG_ADREG_0_connects_CED_CEAD_RSTD_GND  
U_adder_top/U_flicker/render/render_lane_0u_U0/grp_evaluate_group_0u_s_fu_446/flicker_render_piudo_U147/flicker_render_pipeline_ap_hmul_4_max_dsp_16_u/U0/i_synth/MULT.OP/R_AND_R/LOGIC.R_AND_R/DSP48_E1.DSP48E1_ADD.DSP48E1_ADD/DSP: DSP48E1 is not using the Multiplier (USE_MULT = NONE). For improved power characteristics, set DREG and ADREG to '1', tie CED, CEAD, and RSTD to logic '0'.
Related violations: <none>

AVAL-5#12 Advisory
enum_USE_MULT_NONE_enum_DREG_ADREG_0_connects_CED_CEAD_RSTD_GND  
U_adder_top/U_flicker/render/render_lane_0u_U0/grp_evaluate_group_0u_s_fu_446/flicker_render_piudo_U148/flicker_render_pipeline_ap_hmul_4_max_dsp_16_u/U0/i_synth/MULT.OP/R_AND_R/LOGIC.R_AND_R/DSP48_E1.DSP48E1_ADD.DSP48E1_ADD/DSP: DSP48E1 is not using the Multiplier (USE_MULT = NONE). For improved power characteristics, set DREG and ADREG to '1', tie CED, CEAD, and RSTD to logic '0'.
Related violations: <none>

AVAL-5#13 Advisory
enum_USE_MULT_NONE_enum_DREG_ADREG_0_connects_CED_CEAD_RSTD_GND  
U_adder_top/U_flicker/render/render_lane_0u_U0/grp_evaluate_group_0u_s_fu_446/flicker_render_piudo_U149/flicker_render_pipeline_ap_hmul_4_max_dsp_16_u/U0/i_synth/MULT.OP/R_AND_R/LOGIC.R_AND_R/DSP48_E1.DSP48E1_ADD.DSP48E1_ADD/DSP: DSP48E1 is not using the Multiplier (USE_MULT = NONE). For improved power characteristics, set DREG and ADREG to '1', tie CED, CEAD, and RSTD to logic '0'.
Related violations: <none>

AVAL-5#14 Advisory
enum_USE_MULT_NONE_enum_DREG_ADREG_0_connects_CED_CEAD_RSTD_GND  
U_adder_top/U_flicker/render/render_lane_0u_U0/grp_evaluate_group_0u_s_fu_446/flicker_render_piudo_U150/flicker_render_pipeline_ap_hmul_4_max_dsp_16_u/U0/i_synth/MULT.OP/R_AND_R/LOGIC.R_AND_R/DSP48_E1.DSP48E1_ADD.DSP48E1_ADD/DSP: DSP48E1 is not using the Multiplier (USE_MULT = NONE). For improved power characteristics, set DREG and ADREG to '1', tie CED, CEAD, and RSTD to logic '0'.
Related violations: <none>

AVAL-5#15 Advisory
enum_USE_MULT_NONE_enum_DREG_ADREG_0_connects_CED_CEAD_RSTD_GND  
U_adder_top/U_flicker/render/render_lane_0u_U0/grp_evaluate_group_0u_s_fu_446/flicker_render_piudo_U151/flicker_render_pipeline_ap_hmul_4_max_dsp_16_u/U0/i_synth/MULT.OP/R_AND_R/LOGIC.R_AND_R/DSP48_E1.DSP48E1_ADD.DSP48E1_ADD/DSP: DSP48E1 is not using the Multiplier (USE_MULT = NONE). For improved power characteristics, set DREG and ADREG to '1', tie CED, CEAD, and RSTD to logic '0'.
Related violations: <none>

AVAL-5#16 Advisory
enum_USE_MULT_NONE_enum_DREG_ADREG_0_connects_CED_CEAD_RSTD_GND  
U_adder_top/U_flicker/render/render_lane_0u_U0/grp_evaluate_group_0u_s_fu_446/flicker_render_piudo_U152/flicker_render_pipeline_ap_hmul_4_max_dsp_16_u/U0/i_synth/MULT.OP/R_AND_R/LOGIC.R_AND_R/DSP48_E1.DSP48E1_ADD.DSP48E1_ADD/DSP: DSP48E1 is not using the Multiplier (USE_MULT = NONE). For improved power characteristics, set DREG and ADREG to '1', tie CED, CEAD, and RSTD to logic '0'.
Related violations: <none>

AVAL-5#17 Advisory
enum_USE_MULT_NONE_enum_DREG_ADREG_0_connects_CED_CEAD_RSTD_GND  
U_adder_top/U_flicker/render/render_lane_0u_U0/grp_evaluate_group_0u_s_fu_446/flicker_render_piudo_U153/flicker_render_pipeline_ap_hmul_4_max_dsp_16_u/U0/i_synth/MULT.OP/R_AND_R/LOGIC.R_AND_R/DSP48_E1.DSP48E1_ADD.DSP48E1_ADD/DSP: DSP48E1 is not using the Multiplier (USE_MULT = NONE). For improved power characteristics, set DREG and ADREG to '1', tie CED, CEAD, and RSTD to logic '0'.
Related violations: <none>

AVAL-5#18 Advisory
enum_USE_MULT_NONE_enum_DREG_ADREG_0_connects_CED_CEAD_RSTD_GND  
U_adder_top/U_flicker/render/render_lane_0u_U0/grp_evaluate_group_0u_s_fu_446/flicker_render_piudo_U154/flicker_render_pipeline_ap_hmul_4_max_dsp_16_u/U0/i_synth/MULT.OP/R_AND_R/LOGIC.R_AND_R/DSP48_E1.DSP48E1_ADD.DSP48E1_ADD/DSP: DSP48E1 is not using the Multiplier (USE_MULT = NONE). For improved power characteristics, set DREG and ADREG to '1', tie CED, CEAD, and RSTD to logic '0'.
Related violations: <none>

AVAL-5#19 Advisory
enum_USE_MULT_NONE_enum_DREG_ADREG_0_connects_CED_CEAD_RSTD_GND  
U_adder_top/U_flicker/render/render_lane_0u_U0/grp_evaluate_group_0u_s_fu_446/flicker_render_piudo_U155/flicker_render_pipeline_ap_hmul_4_max_dsp_16_u/U0/i_synth/MULT.OP/R_AND_R/LOGIC.R_AND_R/DSP48_E1.DSP48E1_ADD.DSP48E1_ADD/DSP: DSP48E1 is not using the Multiplier (USE_MULT = NONE). For improved power characteristics, set DREG and ADREG to '1', tie CED, CEAD, and RSTD to logic '0'.
Related violations: <none>

AVAL-5#20 Advisory
enum_USE_MULT_NONE_enum_DREG_ADREG_0_connects_CED_CEAD_RSTD_GND  
U_adder_top/U_flicker/render/render_lane_0u_U0/grp_evaluate_group_0u_s_fu_446/flicker_render_piudo_U156/flicker_render_pipeline_ap_hmul_4_max_dsp_16_u/U0/i_synth/MULT.OP/R_AND_R/LOGIC.R_AND_R/DSP48_E1.DSP48E1_ADD.DSP48E1_ADD/DSP: DSP48E1 is not using the Multiplier (USE_MULT = NONE). For improved power characteristics, set DREG and ADREG to '1', tie CED, CEAD, and RSTD to logic '0'.
Related violations: <none>

AVAL-5#21 Advisory
enum_USE_MULT_NONE_enum_DREG_ADREG_0_connects_CED_CEAD_RSTD_GND  
U_adder_top/U_flicker/render/render_lane_0u_U0/grp_evaluate_group_0u_s_fu_446/flicker_render_piudo_U157/flicker_render_pipeline_ap_hmul_4_max_dsp_16_u/U0/i_synth/MULT.OP/R_AND_R/LOGIC.R_AND_R/DSP48_E1.DSP48E1_ADD.DSP48E1_ADD/DSP: DSP48E1 is not using the Multiplier (USE_MULT = NONE). For improved power characteristics, set DREG and ADREG to '1', tie CED, CEAD, and RSTD to logic '0'.
Related violations: <none>

AVAL-5#22 Advisory
enum_USE_MULT_NONE_enum_DREG_ADREG_0_connects_CED_CEAD_RSTD_GND  
U_adder_top/U_flicker/render/render_lane_0u_U0/grp_evaluate_group_0u_s_fu_446/flicker_render_piudo_U158/flicker_render_pipeline_ap_hmul_4_max_dsp_16_u/U0/i_synth/MULT.OP/R_AND_R/LOGIC.R_AND_R/DSP48_E1.DSP48E1_ADD.DSP48E1_ADD/DSP: DSP48E1 is not using the Multiplier (USE_MULT = NONE). For improved power characteristics, set DREG and ADREG to '1', tie CED, CEAD, and RSTD to logic '0'.
Related violations: <none>

AVAL-5#23 Advisory
enum_USE_MULT_NONE_enum_DREG_ADREG_0_connects_CED_CEAD_RSTD_GND  
U_adder_top/U_flicker/render/render_lane_1u_U0/flicker_render_piudo_U224/flicker_render_pipeline_ap_hmul_4_max_dsp_16_u/U0/i_synth/MULT.OP/R_AND_R/LOGIC.R_AND_R/DSP48_E1.DSP48E1_ADD.DSP48E1_ADD/DSP: DSP48E1 is not using the Multiplier (USE_MULT = NONE). For improved power characteristics, set DREG and ADREG to '1', tie CED, CEAD, and RSTD to logic '0'.
Related violations: <none>

AVAL-5#24 Advisory
enum_USE_MULT_NONE_enum_DREG_ADREG_0_connects_CED_CEAD_RSTD_GND  
U_adder_top/U_flicker/render/render_lane_1u_U0/flicker_render_piudo_U225/flicker_render_pipeline_ap_hmul_4_max_dsp_16_u/U0/i_synth/MULT.OP/R_AND_R/LOGIC.R_AND_R/DSP48_E1.DSP48E1_ADD.DSP48E1_ADD/DSP: DSP48E1 is not using the Multiplier (USE_MULT = NONE). For improved power characteristics, set DREG and ADREG to '1', tie CED, CEAD, and RSTD to logic '0'.
Related violations: <none>

AVAL-5#25 Advisory
enum_USE_MULT_NONE_enum_DREG_ADREG_0_connects_CED_CEAD_RSTD_GND  
U_adder_top/U_flicker/render/render_lane_1u_U0/flicker_render_piudo_U226/flicker_render_pipeline_ap_hmul_4_max_dsp_16_u/U0/i_synth/MULT.OP/R_AND_R/LOGIC.R_AND_R/DSP48_E1.DSP48E1_ADD.DSP48E1_ADD/DSP: DSP48E1 is not using the Multiplier (USE_MULT = NONE). For improved power characteristics, set DREG and ADREG to '1', tie CED, CEAD, and RSTD to logic '0'.
Related violations: <none>

AVAL-5#26 Advisory
enum_USE_MULT_NONE_enum_DREG_ADREG_0_connects_CED_CEAD_RSTD_GND  
U_adder_top/U_flicker/render/render_lane_1u_U0/grp_evaluate_group_1u_s_fu_448/flicker_render_piudo_U196/flicker_render_pipeline_ap_hmul_4_max_dsp_16_u/U0/i_synth/MULT.OP/R_AND_R/LOGIC.R_AND_R/DSP48_E1.DSP48E1_ADD.DSP48E1_ADD/DSP: DSP48E1 is not using the Multiplier (USE_MULT = NONE). For improved power characteristics, set DREG and ADREG to '1', tie CED, CEAD, and RSTD to logic '0'.
Related violations: <none>

AVAL-5#27 Advisory
enum_USE_MULT_NONE_enum_DREG_ADREG_0_connects_CED_CEAD_RSTD_GND  
U_adder_top/U_flicker/render/render_lane_1u_U0/grp_evaluate_group_1u_s_fu_448/flicker_render_piudo_U197/flicker_render_pipeline_ap_hmul_4_max_dsp_16_u/U0/i_synth/MULT.OP/R_AND_R/LOGIC.R_AND_R/DSP48_E1.DSP48E1_ADD.DSP48E1_ADD/DSP: DSP48E1 is not using the Multiplier (USE_MULT = NONE). For improved power characteristics, set DREG and ADREG to '1', tie CED, CEAD, and RSTD to logic '0'.
Related violations: <none>

AVAL-5#28 Advisory
enum_USE_MULT_NONE_enum_DREG_ADREG_0_connects_CED_CEAD_RSTD_GND  
U_adder_top/U_flicker/render/render_lane_1u_U0/grp_evaluate_group_1u_s_fu_448/flicker_render_piudo_U198/flicker_render_pipeline_ap_hmul_4_max_dsp_16_u/U0/i_synth/MULT.OP/R_AND_R/LOGIC.R_AND_R/DSP48_E1.DSP48E1_ADD.DSP48E1_ADD/DSP: DSP48E1 is not using the Multiplier (USE_MULT = NONE). For improved power characteristics, set DREG and ADREG to '1', tie CED, CEAD, and RSTD to logic '0'.
Related violations: <none>

AVAL-5#29 Advisory
enum_USE_MULT_NONE_enum_DREG_ADREG_0_connects_CED_CEAD_RSTD_GND  
U_adder_top/U_flicker/render/render_lane_1u_U0/grp_evaluate_group_1u_s_fu_448/flicker_render_piudo_U199/flicker_render_pipeline_ap_hmul_4_max_dsp_16_u/U0/i_synth/MULT.OP/R_AND_R/LOGIC.R_AND_R/DSP48_E1.DSP48E1_ADD.DSP48E1_ADD/DSP: DSP48E1 is not using the Multiplier (USE_MULT = NONE). For improved power characteristics, set DREG and ADREG to '1', tie CED, CEAD, and RSTD to logic '0'.
Related violations: <none>

AVAL-5#30 Advisory
enum_USE_MULT_NONE_enum_DREG_ADREG_0_connects_CED_CEAD_RSTD_GND  
U_adder_top/U_flicker/render/render_lane_1u_U0/grp_evaluate_group_1u_s_fu_448/flicker_render_piudo_U200/flicker_render_pipeline_ap_hmul_4_max_dsp_16_u/U0/i_synth/MULT.OP/R_AND_R/LOGIC.R_AND_R/DSP48_E1.DSP48E1_ADD.DSP48E1_ADD/DSP: DSP48E1 is not using the Multiplier (USE_MULT = NONE). For improved power characteristics, set DREG and ADREG to '1', tie CED, CEAD, and RSTD to logic '0'.
Related violations: <none>

AVAL-5#31 Advisory
enum_USE_MULT_NONE_enum_DREG_ADREG_0_connects_CED_CEAD_RSTD_GND  
U_adder_top/U_flicker/render/render_lane_1u_U0/grp_evaluate_group_1u_s_fu_448/flicker_render_piudo_U201/flicker_render_pipeline_ap_hmul_4_max_dsp_16_u/U0/i_synth/MULT.OP/R_AND_R/LOGIC.R_AND_R/DSP48_E1.DSP48E1_ADD.DSP48E1_ADD/DSP: DSP48E1 is not using the Multiplier (USE_MULT = NONE). For improved power characteristics, set DREG and ADREG to '1', tie CED, CEAD, and RSTD to logic '0'.
Related violations: <none>

AVAL-5#32 Advisory
enum_USE_MULT_NONE_enum_DREG_ADREG_0_connects_CED_CEAD_RSTD_GND  
U_adder_top/U_flicker/render/render_lane_1u_U0/grp_evaluate_group_1u_s_fu_448/flicker_render_piudo_U202/flicker_render_pipeline_ap_hmul_4_max_dsp_16_u/U0/i_synth/MULT.OP/R_AND_R/LOGIC.R_AND_R/DSP48_E1.DSP48E1_ADD.DSP48E1_ADD/DSP: DSP48E1 is not using the Multiplier (USE_MULT = NONE). For improved power characteristics, set DREG and ADREG to '1', tie CED, CEAD, and RSTD to logic '0'.
Related violations: <none>

AVAL-5#33 Advisory
enum_USE_MULT_NONE_enum_DREG_ADREG_0_connects_CED_CEAD_RSTD_GND  
U_adder_top/U_flicker/render/render_lane_1u_U0/grp_evaluate_group_1u_s_fu_448/flicker_render_piudo_U203/flicker_render_pipeline_ap_hmul_4_max_dsp_16_u/U0/i_synth/MULT.OP/R_AND_R/LOGIC.R_AND_R/DSP48_E1.DSP48E1_ADD.DSP48E1_ADD/DSP: DSP48E1 is not using the Multiplier (USE_MULT = NONE). For improved power characteristics, set DREG and ADREG to '1', tie CED, CEAD, and RSTD to logic '0'.
Related violations: <none>

AVAL-5#34 Advisory
enum_USE_MULT_NONE_enum_DREG_ADREG_0_connects_CED_CEAD_RSTD_GND  
U_adder_top/U_flicker/render/render_lane_1u_U0/grp_evaluate_group_1u_s_fu_448/flicker_render_piudo_U204/flicker_render_pipeline_ap_hmul_4_max_dsp_16_u/U0/i_synth/MULT.OP/R_AND_R/LOGIC.R_AND_R/DSP48_E1.DSP48E1_ADD.DSP48E1_ADD/DSP: DSP48E1 is not using the Multiplier (USE_MULT = NONE). For improved power characteristics, set DREG and ADREG to '1', tie CED, CEAD, and RSTD to logic '0'.
Related violations: <none>

AVAL-5#35 Advisory
enum_USE_MULT_NONE_enum_DREG_ADREG_0_connects_CED_CEAD_RSTD_GND  
U_adder_top/U_flicker/render/render_lane_1u_U0/grp_evaluate_group_1u_s_fu_448/flicker_render_piudo_U205/flicker_render_pipeline_ap_hmul_4_max_dsp_16_u/U0/i_synth/MULT.OP/R_AND_R/LOGIC.R_AND_R/DSP48_E1.DSP48E1_ADD.DSP48E1_ADD/DSP: DSP48E1 is not using the Multiplier (USE_MULT = NONE). For improved power characteristics, set DREG and ADREG to '1', tie CED, CEAD, and RSTD to logic '0'.
Related violations: <none>

AVAL-5#36 Advisory
enum_USE_MULT_NONE_enum_DREG_ADREG_0_connects_CED_CEAD_RSTD_GND  
U_adder_top/U_flicker/render/render_lane_1u_U0/grp_evaluate_group_1u_s_fu_448/flicker_render_piudo_U206/flicker_render_pipeline_ap_hmul_4_max_dsp_16_u/U0/i_synth/MULT.OP/R_AND_R/LOGIC.R_AND_R/DSP48_E1.DSP48E1_ADD.DSP48E1_ADD/DSP: DSP48E1 is not using the Multiplier (USE_MULT = NONE). For improved power characteristics, set DREG and ADREG to '1', tie CED, CEAD, and RSTD to logic '0'.
Related violations: <none>

AVAL-5#37 Advisory
enum_USE_MULT_NONE_enum_DREG_ADREG_0_connects_CED_CEAD_RSTD_GND  
U_adder_top/U_flicker/render/render_lane_1u_U0/grp_evaluate_group_1u_s_fu_448/flicker_render_piudo_U207/flicker_render_pipeline_ap_hmul_4_max_dsp_16_u/U0/i_synth/MULT.OP/R_AND_R/LOGIC.R_AND_R/DSP48_E1.DSP48E1_ADD.DSP48E1_ADD/DSP: DSP48E1 is not using the Multiplier (USE_MULT = NONE). For improved power characteristics, set DREG and ADREG to '1', tie CED, CEAD, and RSTD to logic '0'.
Related violations: <none>

AVAL-5#38 Advisory
enum_USE_MULT_NONE_enum_DREG_ADREG_0_connects_CED_CEAD_RSTD_GND  
U_adder_top/U_flicker/render/render_lane_1u_U0/grp_evaluate_group_1u_s_fu_448/flicker_render_piudo_U208/flicker_render_pipeline_ap_hmul_4_max_dsp_16_u/U0/i_synth/MULT.OP/R_AND_R/LOGIC.R_AND_R/DSP48_E1.DSP48E1_ADD.DSP48E1_ADD/DSP: DSP48E1 is not using the Multiplier (USE_MULT = NONE). For improved power characteristics, set DREG and ADREG to '1', tie CED, CEAD, and RSTD to logic '0'.
Related violations: <none>

AVAL-5#39 Advisory
enum_USE_MULT_NONE_enum_DREG_ADREG_0_connects_CED_CEAD_RSTD_GND  
U_adder_top/U_flicker/render/render_lane_2u_U0/flicker_render_piudo_U269/flicker_render_pipeline_ap_hmul_4_max_dsp_16_u/U0/i_synth/MULT.OP/R_AND_R/LOGIC.R_AND_R/DSP48_E1.DSP48E1_ADD.DSP48E1_ADD/DSP: DSP48E1 is not using the Multiplier (USE_MULT = NONE). For improved power characteristics, set DREG and ADREG to '1', tie CED, CEAD, and RSTD to logic '0'.
Related violations: <none>

AVAL-5#40 Advisory
enum_USE_MULT_NONE_enum_DREG_ADREG_0_connects_CED_CEAD_RSTD_GND  
U_adder_top/U_flicker/render/render_lane_2u_U0/flicker_render_piudo_U270/flicker_render_pipeline_ap_hmul_4_max_dsp_16_u/U0/i_synth/MULT.OP/R_AND_R/LOGIC.R_AND_R/DSP48_E1.DSP48E1_ADD.DSP48E1_ADD/DSP: DSP48E1 is not using the Multiplier (USE_MULT = NONE). For improved power characteristics, set DREG and ADREG to '1', tie CED, CEAD, and RSTD to logic '0'.
Related violations: <none>

AVAL-5#41 Advisory
enum_USE_MULT_NONE_enum_DREG_ADREG_0_connects_CED_CEAD_RSTD_GND  
U_adder_top/U_flicker/render/render_lane_2u_U0/flicker_render_piudo_U271/flicker_render_pipeline_ap_hmul_4_max_dsp_16_u/U0/i_synth/MULT.OP/R_AND_R/LOGIC.R_AND_R/DSP48_E1.DSP48E1_ADD.DSP48E1_ADD/DSP: DSP48E1 is not using the Multiplier (USE_MULT = NONE). For improved power characteristics, set DREG and ADREG to '1', tie CED, CEAD, and RSTD to logic '0'.
Related violations: <none>

AVAL-5#42 Advisory
enum_USE_MULT_NONE_enum_DREG_ADREG_0_connects_CED_CEAD_RSTD_GND  
U_adder_top/U_flicker/render/render_lane_2u_U0/grp_evaluate_group_2u_s_fu_454/flicker_render_piudo_U241/flicker_render_pipeline_ap_hmul_4_max_dsp_16_u/U0/i_synth/MULT.OP/R_AND_R/LOGIC.R_AND_R/DSP48_E1.DSP48E1_ADD.DSP48E1_ADD/DSP: DSP48E1 is not using the Multiplier (USE_MULT = NONE). For improved power characteristics, set DREG and ADREG to '1', tie CED, CEAD, and RSTD to logic '0'.
Related violations: <none>

AVAL-5#43 Advisory
enum_USE_MULT_NONE_enum_DREG_ADREG_0_connects_CED_CEAD_RSTD_GND  
U_adder_top/U_flicker/render/render_lane_2u_U0/grp_evaluate_group_2u_s_fu_454/flicker_render_piudo_U242/flicker_render_pipeline_ap_hmul_4_max_dsp_16_u/U0/i_synth/MULT.OP/R_AND_R/LOGIC.R_AND_R/DSP48_E1.DSP48E1_ADD.DSP48E1_ADD/DSP: DSP48E1 is not using the Multiplier (USE_MULT = NONE). For improved power characteristics, set DREG and ADREG to '1', tie CED, CEAD, and RSTD to logic '0'.
Related violations: <none>

AVAL-5#44 Advisory
enum_USE_MULT_NONE_enum_DREG_ADREG_0_connects_CED_CEAD_RSTD_GND  
U_adder_top/U_flicker/render/render_lane_2u_U0/grp_evaluate_group_2u_s_fu_454/flicker_render_piudo_U243/flicker_render_pipeline_ap_hmul_4_max_dsp_16_u/U0/i_synth/MULT.OP/R_AND_R/LOGIC.R_AND_R/DSP48_E1.DSP48E1_ADD.DSP48E1_ADD/DSP: DSP48E1 is not using the Multiplier (USE_MULT = NONE). For improved power characteristics, set DREG and ADREG to '1', tie CED, CEAD, and RSTD to logic '0'.
Related violations: <none>

AVAL-5#45 Advisory
enum_USE_MULT_NONE_enum_DREG_ADREG_0_connects_CED_CEAD_RSTD_GND  
U_adder_top/U_flicker/render/render_lane_2u_U0/grp_evaluate_group_2u_s_fu_454/flicker_render_piudo_U244/flicker_render_pipeline_ap_hmul_4_max_dsp_16_u/U0/i_synth/MULT.OP/R_AND_R/LOGIC.R_AND_R/DSP48_E1.DSP48E1_ADD.DSP48E1_ADD/DSP: DSP48E1 is not using the Multiplier (USE_MULT = NONE). For improved power characteristics, set DREG and ADREG to '1', tie CED, CEAD, and RSTD to logic '0'.
Related violations: <none>

AVAL-5#46 Advisory
enum_USE_MULT_NONE_enum_DREG_ADREG_0_connects_CED_CEAD_RSTD_GND  
U_adder_top/U_flicker/render/render_lane_2u_U0/grp_evaluate_group_2u_s_fu_454/flicker_render_piudo_U245/flicker_render_pipeline_ap_hmul_4_max_dsp_16_u/U0/i_synth/MULT.OP/R_AND_R/LOGIC.R_AND_R/DSP48_E1.DSP48E1_ADD.DSP48E1_ADD/DSP: DSP48E1 is not using the Multiplier (USE_MULT = NONE). For improved power characteristics, set DREG and ADREG to '1', tie CED, CEAD, and RSTD to logic '0'.
Related violations: <none>

AVAL-5#47 Advisory
enum_USE_MULT_NONE_enum_DREG_ADREG_0_connects_CED_CEAD_RSTD_GND  
U_adder_top/U_flicker/render/render_lane_2u_U0/grp_evaluate_group_2u_s_fu_454/flicker_render_piudo_U246/flicker_render_pipeline_ap_hmul_4_max_dsp_16_u/U0/i_synth/MULT.OP/R_AND_R/LOGIC.R_AND_R/DSP48_E1.DSP48E1_ADD.DSP48E1_ADD/DSP: DSP48E1 is not using the Multiplier (USE_MULT = NONE). For improved power characteristics, set DREG and ADREG to '1', tie CED, CEAD, and RSTD to logic '0'.
Related violations: <none>

AVAL-5#48 Advisory
enum_USE_MULT_NONE_enum_DREG_ADREG_0_connects_CED_CEAD_RSTD_GND  
U_adder_top/U_flicker/render/render_lane_2u_U0/grp_evaluate_group_2u_s_fu_454/flicker_render_piudo_U247/flicker_render_pipeline_ap_hmul_4_max_dsp_16_u/U0/i_synth/MULT.OP/R_AND_R/LOGIC.R_AND_R/DSP48_E1.DSP48E1_ADD.DSP48E1_ADD/DSP: DSP48E1 is not using the Multiplier (USE_MULT = NONE). For improved power characteristics, set DREG and ADREG to '1', tie CED, CEAD, and RSTD to logic '0'.
Related violations: <none>

AVAL-5#49 Advisory
enum_USE_MULT_NONE_enum_DREG_ADREG_0_connects_CED_CEAD_RSTD_GND  
U_adder_top/U_flicker/render/render_lane_2u_U0/grp_evaluate_group_2u_s_fu_454/flicker_render_piudo_U248/flicker_render_pipeline_ap_hmul_4_max_dsp_16_u/U0/i_synth/MULT.OP/R_AND_R/LOGIC.R_AND_R/DSP48_E1.DSP48E1_ADD.DSP48E1_ADD/DSP: DSP48E1 is not using the Multiplier (USE_MULT = NONE). For improved power characteristics, set DREG and ADREG to '1', tie CED, CEAD, and RSTD to logic '0'.
Related violations: <none>

AVAL-5#50 Advisory
enum_USE_MULT_NONE_enum_DREG_ADREG_0_connects_CED_CEAD_RSTD_GND  
U_adder_top/U_flicker/render/render_lane_2u_U0/grp_evaluate_group_2u_s_fu_454/flicker_render_piudo_U249/flicker_render_pipeline_ap_hmul_4_max_dsp_16_u/U0/i_synth/MULT.OP/R_AND_R/LOGIC.R_AND_R/DSP48_E1.DSP48E1_ADD.DSP48E1_ADD/DSP: DSP48E1 is not using the Multiplier (USE_MULT = NONE). For improved power characteristics, set DREG and ADREG to '1', tie CED, CEAD, and RSTD to logic '0'.
Related violations: <none>

AVAL-5#51 Advisory
enum_USE_MULT_NONE_enum_DREG_ADREG_0_connects_CED_CEAD_RSTD_GND  
U_adder_top/U_flicker/render/render_lane_2u_U0/grp_evaluate_group_2u_s_fu_454/flicker_render_piudo_U250/flicker_render_pipeline_ap_hmul_4_max_dsp_16_u/U0/i_synth/MULT.OP/R_AND_R/LOGIC.R_AND_R/DSP48_E1.DSP48E1_ADD.DSP48E1_ADD/DSP: DSP48E1 is not using the Multiplier (USE_MULT = NONE). For improved power characteristics, set DREG and ADREG to '1', tie CED, CEAD, and RSTD to logic '0'.
Related violations: <none>

AVAL-5#52 Advisory
enum_USE_MULT_NONE_enum_DREG_ADREG_0_connects_CED_CEAD_RSTD_GND  
U_adder_top/U_flicker/render/render_lane_2u_U0/grp_evaluate_group_2u_s_fu_454/flicker_render_piudo_U251/flicker_render_pipeline_ap_hmul_4_max_dsp_16_u/U0/i_synth/MULT.OP/R_AND_R/LOGIC.R_AND_R/DSP48_E1.DSP48E1_ADD.DSP48E1_ADD/DSP: DSP48E1 is not using the Multiplier (USE_MULT = NONE). For improved power characteristics, set DREG and ADREG to '1', tie CED, CEAD, and RSTD to logic '0'.
Related violations: <none>

AVAL-5#53 Advisory
enum_USE_MULT_NONE_enum_DREG_ADREG_0_connects_CED_CEAD_RSTD_GND  
U_adder_top/U_flicker/render/render_lane_2u_U0/grp_evaluate_group_2u_s_fu_454/flicker_render_piudo_U252/flicker_render_pipeline_ap_hmul_4_max_dsp_16_u/U0/i_synth/MULT.OP/R_AND_R/LOGIC.R_AND_R/DSP48_E1.DSP48E1_ADD.DSP48E1_ADD/DSP: DSP48E1 is not using the Multiplier (USE_MULT = NONE). For improved power characteristics, set DREG and ADREG to '1', tie CED, CEAD, and RSTD to logic '0'.
Related violations: <none>

AVAL-5#54 Advisory
enum_USE_MULT_NONE_enum_DREG_ADREG_0_connects_CED_CEAD_RSTD_GND  
U_adder_top/U_flicker/render/render_lane_2u_U0/grp_evaluate_group_2u_s_fu_454/flicker_render_piudo_U253/flicker_render_pipeline_ap_hmul_4_max_dsp_16_u/U0/i_synth/MULT.OP/R_AND_R/LOGIC.R_AND_R/DSP48_E1.DSP48E1_ADD.DSP48E1_ADD/DSP: DSP48E1 is not using the Multiplier (USE_MULT = NONE). For improved power characteristics, set DREG and ADREG to '1', tie CED, CEAD, and RSTD to logic '0'.
Related violations: <none>

AVAL-5#55 Advisory
enum_USE_MULT_NONE_enum_DREG_ADREG_0_connects_CED_CEAD_RSTD_GND  
U_adder_top/U_flicker/render/render_lane_3u_U0/flicker_render_piudo_U314/flicker_render_pipeline_ap_hmul_4_max_dsp_16_u/U0/i_synth/MULT.OP/R_AND_R/LOGIC.R_AND_R/DSP48_E1.DSP48E1_ADD.DSP48E1_ADD/DSP: DSP48E1 is not using the Multiplier (USE_MULT = NONE). For improved power characteristics, set DREG and ADREG to '1', tie CED, CEAD, and RSTD to logic '0'.
Related violations: <none>

AVAL-5#56 Advisory
enum_USE_MULT_NONE_enum_DREG_ADREG_0_connects_CED_CEAD_RSTD_GND  
U_adder_top/U_flicker/render/render_lane_3u_U0/flicker_render_piudo_U315/flicker_render_pipeline_ap_hmul_4_max_dsp_16_u/U0/i_synth/MULT.OP/R_AND_R/LOGIC.R_AND_R/DSP48_E1.DSP48E1_ADD.DSP48E1_ADD/DSP: DSP48E1 is not using the Multiplier (USE_MULT = NONE). For improved power characteristics, set DREG and ADREG to '1', tie CED, CEAD, and RSTD to logic '0'.
Related violations: <none>

AVAL-5#57 Advisory
enum_USE_MULT_NONE_enum_DREG_ADREG_0_connects_CED_CEAD_RSTD_GND  
U_adder_top/U_flicker/render/render_lane_3u_U0/flicker_render_piudo_U316/flicker_render_pipeline_ap_hmul_4_max_dsp_16_u/U0/i_synth/MULT.OP/R_AND_R/LOGIC.R_AND_R/DSP48_E1.DSP48E1_ADD.DSP48E1_ADD/DSP: DSP48E1 is not using the Multiplier (USE_MULT = NONE). For improved power characteristics, set DREG and ADREG to '1', tie CED, CEAD, and RSTD to logic '0'.
Related violations: <none>

AVAL-5#58 Advisory
enum_USE_MULT_NONE_enum_DREG_ADREG_0_connects_CED_CEAD_RSTD_GND  
U_adder_top/U_flicker/render/render_lane_3u_U0/grp_evaluate_group_3u_s_fu_456/flicker_render_piudo_U286/flicker_render_pipeline_ap_hmul_4_max_dsp_16_u/U0/i_synth/MULT.OP/R_AND_R/LOGIC.R_AND_R/DSP48_E1.DSP48E1_ADD.DSP48E1_ADD/DSP: DSP48E1 is not using the Multiplier (USE_MULT = NONE). For improved power characteristics, set DREG and ADREG to '1', tie CED, CEAD, and RSTD to logic '0'.
Related violations: <none>

AVAL-5#59 Advisory
enum_USE_MULT_NONE_enum_DREG_ADREG_0_connects_CED_CEAD_RSTD_GND  
U_adder_top/U_flicker/render/render_lane_3u_U0/grp_evaluate_group_3u_s_fu_456/flicker_render_piudo_U287/flicker_render_pipeline_ap_hmul_4_max_dsp_16_u/U0/i_synth/MULT.OP/R_AND_R/LOGIC.R_AND_R/DSP48_E1.DSP48E1_ADD.DSP48E1_ADD/DSP: DSP48E1 is not using the Multiplier (USE_MULT = NONE). For improved power characteristics, set DREG and ADREG to '1', tie CED, CEAD, and RSTD to logic '0'.
Related violations: <none>

AVAL-5#60 Advisory
enum_USE_MULT_NONE_enum_DREG_ADREG_0_connects_CED_CEAD_RSTD_GND  
U_adder_top/U_flicker/render/render_lane_3u_U0/grp_evaluate_group_3u_s_fu_456/flicker_render_piudo_U288/flicker_render_pipeline_ap_hmul_4_max_dsp_16_u/U0/i_synth/MULT.OP/R_AND_R/LOGIC.R_AND_R/DSP48_E1.DSP48E1_ADD.DSP48E1_ADD/DSP: DSP48E1 is not using the Multiplier (USE_MULT = NONE). For improved power characteristics, set DREG and ADREG to '1', tie CED, CEAD, and RSTD to logic '0'.
Related violations: <none>

AVAL-5#61 Advisory
enum_USE_MULT_NONE_enum_DREG_ADREG_0_connects_CED_CEAD_RSTD_GND  
U_adder_top/U_flicker/render/render_lane_3u_U0/grp_evaluate_group_3u_s_fu_456/flicker_render_piudo_U289/flicker_render_pipeline_ap_hmul_4_max_dsp_16_u/U0/i_synth/MULT.OP/R_AND_R/LOGIC.R_AND_R/DSP48_E1.DSP48E1_ADD.DSP48E1_ADD/DSP: DSP48E1 is not using the Multiplier (USE_MULT = NONE). For improved power characteristics, set DREG and ADREG to '1', tie CED, CEAD, and RSTD to logic '0'.
Related violations: <none>

AVAL-5#62 Advisory
enum_USE_MULT_NONE_enum_DREG_ADREG_0_connects_CED_CEAD_RSTD_GND  
U_adder_top/U_flicker/render/render_lane_3u_U0/grp_evaluate_group_3u_s_fu_456/flicker_render_piudo_U290/flicker_render_pipeline_ap_hmul_4_max_dsp_16_u/U0/i_synth/MULT.OP/R_AND_R/LOGIC.R_AND_R/DSP48_E1.DSP48E1_ADD.DSP48E1_ADD/DSP: DSP48E1 is not using the Multiplier (USE_MULT = NONE). For improved power characteristics, set DREG and ADREG to '1', tie CED, CEAD, and RSTD to logic '0'.
Related violations: <none>

AVAL-5#63 Advisory
enum_USE_MULT_NONE_enum_DREG_ADREG_0_connects_CED_CEAD_RSTD_GND  
U_adder_top/U_flicker/render/render_lane_3u_U0/grp_evaluate_group_3u_s_fu_456/flicker_render_piudo_U291/flicker_render_pipeline_ap_hmul_4_max_dsp_16_u/U0/i_synth/MULT.OP/R_AND_R/LOGIC.R_AND_R/DSP48_E1.DSP48E1_ADD.DSP48E1_ADD/DSP: DSP48E1 is not using the Multiplier (USE_MULT = NONE). For improved power characteristics, set DREG and ADREG to '1', tie CED, CEAD, and RSTD to logic '0'.
Related violations: <none>

AVAL-5#64 Advisory
enum_USE_MULT_NONE_enum_DREG_ADREG_0_connects_CED_CEAD_RSTD_GND  
U_adder_top/U_flicker/render/render_lane_3u_U0/grp_evaluate_group_3u_s_fu_456/flicker_render_piudo_U292/flicker_render_pipeline_ap_hmul_4_max_dsp_16_u/U0/i_synth/MULT.OP/R_AND_R/LOGIC.R_AND_R/DSP48_E1.DSP48E1_ADD.DSP48E1_ADD/DSP: DSP48E1 is not using the Multiplier (USE_MULT = NONE). For improved power characteristics, set DREG and ADREG to '1', tie CED, CEAD, and RSTD to logic '0'.
Related violations: <none>

AVAL-5#65 Advisory
enum_USE_MULT_NONE_enum_DREG_ADREG_0_connects_CED_CEAD_RSTD_GND  
U_adder_top/U_flicker/render/render_lane_3u_U0/grp_evaluate_group_3u_s_fu_456/flicker_render_piudo_U293/flicker_render_pipeline_ap_hmul_4_max_dsp_16_u/U0/i_synth/MULT.OP/R_AND_R/LOGIC.R_AND_R/DSP48_E1.DSP48E1_ADD.DSP48E1_ADD/DSP: DSP48E1 is not using the Multiplier (USE_MULT = NONE). For improved power characteristics, set DREG and ADREG to '1', tie CED, CEAD, and RSTD to logic '0'.
Related violations: <none>

AVAL-5#66 Advisory
enum_USE_MULT_NONE_enum_DREG_ADREG_0_connects_CED_CEAD_RSTD_GND  
U_adder_top/U_flicker/render/render_lane_3u_U0/grp_evaluate_group_3u_s_fu_456/flicker_render_piudo_U294/flicker_render_pipeline_ap_hmul_4_max_dsp_16_u/U0/i_synth/MULT.OP/R_AND_R/LOGIC.R_AND_R/DSP48_E1.DSP48E1_ADD.DSP48E1_ADD/DSP: DSP48E1 is not using the Multiplier (USE_MULT = NONE). For improved power characteristics, set DREG and ADREG to '1', tie CED, CEAD, and RSTD to logic '0'.
Related violations: <none>

AVAL-5#67 Advisory
enum_USE_MULT_NONE_enum_DREG_ADREG_0_connects_CED_CEAD_RSTD_GND  
U_adder_top/U_flicker/render/render_lane_3u_U0/grp_evaluate_group_3u_s_fu_456/flicker_render_piudo_U295/flicker_render_pipeline_ap_hmul_4_max_dsp_16_u/U0/i_synth/MULT.OP/R_AND_R/LOGIC.R_AND_R/DSP48_E1.DSP48E1_ADD.DSP48E1_ADD/DSP: DSP48E1 is not using the Multiplier (USE_MULT = NONE). For improved power characteristics, set DREG and ADREG to '1', tie CED, CEAD, and RSTD to logic '0'.
Related violations: <none>

AVAL-5#68 Advisory
enum_USE_MULT_NONE_enum_DREG_ADREG_0_connects_CED_CEAD_RSTD_GND  
U_adder_top/U_flicker/render/render_lane_3u_U0/grp_evaluate_group_3u_s_fu_456/flicker_render_piudo_U296/flicker_render_pipeline_ap_hmul_4_max_dsp_16_u/U0/i_synth/MULT.OP/R_AND_R/LOGIC.R_AND_R/DSP48_E1.DSP48E1_ADD.DSP48E1_ADD/DSP: DSP48E1 is not using the Multiplier (USE_MULT = NONE). For improved power characteristics, set DREG and ADREG to '1', tie CED, CEAD, and RSTD to logic '0'.
Related violations: <none>

AVAL-5#69 Advisory
enum_USE_MULT_NONE_enum_DREG_ADREG_0_connects_CED_CEAD_RSTD_GND  
U_adder_top/U_flicker/render/render_lane_3u_U0/grp_evaluate_group_3u_s_fu_456/flicker_render_piudo_U297/flicker_render_pipeline_ap_hmul_4_max_dsp_16_u/U0/i_synth/MULT.OP/R_AND_R/LOGIC.R_AND_R/DSP48_E1.DSP48E1_ADD.DSP48E1_ADD/DSP: DSP48E1 is not using the Multiplier (USE_MULT = NONE). For improved power characteristics, set DREG and ADREG to '1', tie CED, CEAD, and RSTD to logic '0'.
Related violations: <none>

AVAL-5#70 Advisory
enum_USE_MULT_NONE_enum_DREG_ADREG_0_connects_CED_CEAD_RSTD_GND  
U_adder_top/U_flicker/render/render_lane_3u_U0/grp_evaluate_group_3u_s_fu_456/flicker_render_piudo_U298/flicker_render_pipeline_ap_hmul_4_max_dsp_16_u/U0/i_synth/MULT.OP/R_AND_R/LOGIC.R_AND_R/DSP48_E1.DSP48E1_ADD.DSP48E1_ADD/DSP: DSP48E1 is not using the Multiplier (USE_MULT = NONE). For improved power characteristics, set DREG and ADREG to '1', tie CED, CEAD, and RSTD to logic '0'.
Related violations: <none>

AVAL-5#71 Advisory
enum_USE_MULT_NONE_enum_DREG_ADREG_0_connects_CED_CEAD_RSTD_GND  
U_adder_top/U_flicker/render/split_U0/prepare_geometry_U0/flicker_render_pidEe_U11/flicker_render_pipeline_ap_fmul_3_max_dsp_32_u/U0/i_synth/MULT.OP/R_AND_R/LAT_OPT.FULL.R_AND_R/DSP48E1_SGL_EXP_IP.OLD_ADD.ADD/DSP: DSP48E1 is not using the Multiplier (USE_MULT = NONE). For improved power characteristics, set DREG and ADREG to '1', tie CED, CEAD, and RSTD to logic '0'.
Related violations: <none>

REQP-165#1 Advisory
writefirst  
Synchronous clocking is detected for BRAM (U0_ps_ai_peripheral/ZGolo/u_AI_Mate_top/U0_ddr2hp_itcn/U0_dmux4/U0_r_axi_fifo/U0_xpm_fifo_sync_wrapper/xpm_fifo_sync_inst/xpm_fifo_base_inst/gen_sdpram.xpm_memory_base_inst/gen_wr_a.gen_word_narrow.mem_reg_7) in SDP mode with WRITE_FIRST write-mode. This is the preferred mode for best power characteristics, however it may exhibit address collisions if the same address appears on both read and write ports resulting in unknown or corrupted read data. It is suggested to confirm via simulation that an address collision never occurs and if so it is suggested to try and avoid this situation. If address collisions cannot be avoided, the write-mode may be set to READ_FIRST which guarantees that the read data is the prior contents of the memory at the cost of additional power in the design. See the FPGA Memory Resources User Guide for additional information.
Related violations: <none>

REQP-165#2 Advisory
writefirst  
Synchronous clocking is detected for BRAM (U0_ps_ai_peripheral/ZGolo/u_AI_Mate_top/U0_ddr2hp_itcn/U0_dmux4/U1_r_axi_fifo/U0_xpm_fifo_sync_wrapper/xpm_fifo_sync_inst/xpm_fifo_base_inst/gen_sdpram.xpm_memory_base_inst/gen_wr_a.gen_word_narrow.mem_reg_7) in SDP mode with WRITE_FIRST write-mode. This is the preferred mode for best power characteristics, however it may exhibit address collisions if the same address appears on both read and write ports resulting in unknown or corrupted read data. It is suggested to confirm via simulation that an address collision never occurs and if so it is suggested to try and avoid this situation. If address collisions cannot be avoided, the write-mode may be set to READ_FIRST which guarantees that the read data is the prior contents of the memory at the cost of additional power in the design. See the FPGA Memory Resources User Guide for additional information.
Related violations: <none>

REQP-165#3 Advisory
writefirst  
Synchronous clocking is detected for BRAM (U0_ps_ai_peripheral/ZGolo/u_AI_Mate_top/U0_ddr2hp_itcn/U0_dmux4/U2_r_axi_fifo/U0_xpm_fifo_sync_wrapper/xpm_fifo_sync_inst/xpm_fifo_base_inst/gen_sdpram.xpm_memory_base_inst/gen_wr_a.gen_word_narrow.mem_reg_7) in SDP mode with WRITE_FIRST write-mode. This is the preferred mode for best power characteristics, however it may exhibit address collisions if the same address appears on both read and write ports resulting in unknown or corrupted read data. It is suggested to confirm via simulation that an address collision never occurs and if so it is suggested to try and avoid this situation. If address collisions cannot be avoided, the write-mode may be set to READ_FIRST which guarantees that the read data is the prior contents of the memory at the cost of additional power in the design. See the FPGA Memory Resources User Guide for additional information.
Related violations: <none>

REQP-165#4 Advisory
writefirst  
Synchronous clocking is detected for BRAM (U0_ps_ai_peripheral/ZGolo/u_AI_Mate_top/U0_ddr2hp_itcn/U0_dmux4/U3_r_axi_fifo/U0_xpm_fifo_sync_wrapper/xpm_fifo_sync_inst/xpm_fifo_base_inst/gen_sdpram.xpm_memory_base_inst/gen_wr_a.gen_word_narrow.mem_reg_7) in SDP mode with WRITE_FIRST write-mode. This is the preferred mode for best power characteristics, however it may exhibit address collisions if the same address appears on both read and write ports resulting in unknown or corrupted read data. It is suggested to confirm via simulation that an address collision never occurs and if so it is suggested to try and avoid this situation. If address collisions cannot be avoided, the write-mode may be set to READ_FIRST which guarantees that the read data is the prior contents of the memory at the cost of additional power in the design. See the FPGA Memory Resources User Guide for additional information.
Related violations: <none>

REQP-181#1 Advisory
writefirst  
Synchronous clocking is detected for BRAM (U0_ps_ai_peripheral/ZGolo/u_AI_Mate_top/U0_ddr2hp_itcn/U0_dmux4/U0_r_axi_fifo/U0_xpm_fifo_sync_wrapper/xpm_fifo_sync_inst/xpm_fifo_base_inst/gen_sdpram.xpm_memory_base_inst/gen_wr_a.gen_word_narrow.mem_reg_0) in SDP mode with WRITE_FIRST write-mode. This is the preferred mode for best power characteristics, however it may exhibit address collisions if the same address appears on both read and write ports resulting in unknown or corrupted read data. It is suggested to confirm via simulation that an address collision never occurs and if so it is suggested to try and avoid this situation. If address collisions cannot be avoided, the write-mode may be set to READ_FIRST which guarantees that the read data is the prior contents of the memory at the cost of additional power in the design. See the FPGA Memory Resources User Guide for additional information.
Related violations: <none>

REQP-181#2 Advisory
writefirst  
Synchronous clocking is detected for BRAM (U0_ps_ai_peripheral/ZGolo/u_AI_Mate_top/U0_ddr2hp_itcn/U0_dmux4/U0_r_axi_fifo/U0_xpm_fifo_sync_wrapper/xpm_fifo_sync_inst/xpm_fifo_base_inst/gen_sdpram.xpm_memory_base_inst/gen_wr_a.gen_word_narrow.mem_reg_1) in SDP mode with WRITE_FIRST write-mode. This is the preferred mode for best power characteristics, however it may exhibit address collisions if the same address appears on both read and write ports resulting in unknown or corrupted read data. It is suggested to confirm via simulation that an address collision never occurs and if so it is suggested to try and avoid this situation. If address collisions cannot be avoided, the write-mode may be set to READ_FIRST which guarantees that the read data is the prior contents of the memory at the cost of additional power in the design. See the FPGA Memory Resources User Guide for additional information.
Related violations: <none>

REQP-181#3 Advisory
writefirst  
Synchronous clocking is detected for BRAM (U0_ps_ai_peripheral/ZGolo/u_AI_Mate_top/U0_ddr2hp_itcn/U0_dmux4/U0_r_axi_fifo/U0_xpm_fifo_sync_wrapper/xpm_fifo_sync_inst/xpm_fifo_base_inst/gen_sdpram.xpm_memory_base_inst/gen_wr_a.gen_word_narrow.mem_reg_2) in SDP mode with WRITE_FIRST write-mode. This is the preferred mode for best power characteristics, however it may exhibit address collisions if the same address appears on both read and write ports resulting in unknown or corrupted read data. It is suggested to confirm via simulation that an address collision never occurs and if so it is suggested to try and avoid this situation. If address collisions cannot be avoided, the write-mode may be set to READ_FIRST which guarantees that the read data is the prior contents of the memory at the cost of additional power in the design. See the FPGA Memory Resources User Guide for additional information.
Related violations: <none>

REQP-181#4 Advisory
writefirst  
Synchronous clocking is detected for BRAM (U0_ps_ai_peripheral/ZGolo/u_AI_Mate_top/U0_ddr2hp_itcn/U0_dmux4/U0_r_axi_fifo/U0_xpm_fifo_sync_wrapper/xpm_fifo_sync_inst/xpm_fifo_base_inst/gen_sdpram.xpm_memory_base_inst/gen_wr_a.gen_word_narrow.mem_reg_3) in SDP mode with WRITE_FIRST write-mode. This is the preferred mode for best power characteristics, however it may exhibit address collisions if the same address appears on both read and write ports resulting in unknown or corrupted read data. It is suggested to confirm via simulation that an address collision never occurs and if so it is suggested to try and avoid this situation. If address collisions cannot be avoided, the write-mode may be set to READ_FIRST which guarantees that the read data is the prior contents of the memory at the cost of additional power in the design. See the FPGA Memory Resources User Guide for additional information.
Related violations: <none>

REQP-181#5 Advisory
writefirst  
Synchronous clocking is detected for BRAM (U0_ps_ai_peripheral/ZGolo/u_AI_Mate_top/U0_ddr2hp_itcn/U0_dmux4/U0_r_axi_fifo/U0_xpm_fifo_sync_wrapper/xpm_fifo_sync_inst/xpm_fifo_base_inst/gen_sdpram.xpm_memory_base_inst/gen_wr_a.gen_word_narrow.mem_reg_4) in SDP mode with WRITE_FIRST write-mode. This is the preferred mode for best power characteristics, however it may exhibit address collisions if the same address appears on both read and write ports resulting in unknown or corrupted read data. It is suggested to confirm via simulation that an address collision never occurs and if so it is suggested to try and avoid this situation. If address collisions cannot be avoided, the write-mode may be set to READ_FIRST which guarantees that the read data is the prior contents of the memory at the cost of additional power in the design. See the FPGA Memory Resources User Guide for additional information.
Related violations: <none>

REQP-181#6 Advisory
writefirst  
Synchronous clocking is detected for BRAM (U0_ps_ai_peripheral/ZGolo/u_AI_Mate_top/U0_ddr2hp_itcn/U0_dmux4/U0_r_axi_fifo/U0_xpm_fifo_sync_wrapper/xpm_fifo_sync_inst/xpm_fifo_base_inst/gen_sdpram.xpm_memory_base_inst/gen_wr_a.gen_word_narrow.mem_reg_5) in SDP mode with WRITE_FIRST write-mode. This is the preferred mode for best power characteristics, however it may exhibit address collisions if the same address appears on both read and write ports resulting in unknown or corrupted read data. It is suggested to confirm via simulation that an address collision never occurs and if so it is suggested to try and avoid this situation. If address collisions cannot be avoided, the write-mode may be set to READ_FIRST which guarantees that the read data is the prior contents of the memory at the cost of additional power in the design. See the FPGA Memory Resources User Guide for additional information.
Related violations: <none>

REQP-181#7 Advisory
writefirst  
Synchronous clocking is detected for BRAM (U0_ps_ai_peripheral/ZGolo/u_AI_Mate_top/U0_ddr2hp_itcn/U0_dmux4/U0_r_axi_fifo/U0_xpm_fifo_sync_wrapper/xpm_fifo_sync_inst/xpm_fifo_base_inst/gen_sdpram.xpm_memory_base_inst/gen_wr_a.gen_word_narrow.mem_reg_6) in SDP mode with WRITE_FIRST write-mode. This is the preferred mode for best power characteristics, however it may exhibit address collisions if the same address appears on both read and write ports resulting in unknown or corrupted read data. It is suggested to confirm via simulation that an address collision never occurs and if so it is suggested to try and avoid this situation. If address collisions cannot be avoided, the write-mode may be set to READ_FIRST which guarantees that the read data is the prior contents of the memory at the cost of additional power in the design. See the FPGA Memory Resources User Guide for additional information.
Related violations: <none>

REQP-181#8 Advisory
writefirst  
Synchronous clocking is detected for BRAM (U0_ps_ai_peripheral/ZGolo/u_AI_Mate_top/U0_ddr2hp_itcn/U0_dmux4/U1_r_axi_fifo/U0_xpm_fifo_sync_wrapper/xpm_fifo_sync_inst/xpm_fifo_base_inst/gen_sdpram.xpm_memory_base_inst/gen_wr_a.gen_word_narrow.mem_reg_0) in SDP mode with WRITE_FIRST write-mode. This is the preferred mode for best power characteristics, however it may exhibit address collisions if the same address appears on both read and write ports resulting in unknown or corrupted read data. It is suggested to confirm via simulation that an address collision never occurs and if so it is suggested to try and avoid this situation. If address collisions cannot be avoided, the write-mode may be set to READ_FIRST which guarantees that the read data is the prior contents of the memory at the cost of additional power in the design. See the FPGA Memory Resources User Guide for additional information.
Related violations: <none>

REQP-181#9 Advisory
writefirst  
Synchronous clocking is detected for BRAM (U0_ps_ai_peripheral/ZGolo/u_AI_Mate_top/U0_ddr2hp_itcn/U0_dmux4/U1_r_axi_fifo/U0_xpm_fifo_sync_wrapper/xpm_fifo_sync_inst/xpm_fifo_base_inst/gen_sdpram.xpm_memory_base_inst/gen_wr_a.gen_word_narrow.mem_reg_1) in SDP mode with WRITE_FIRST write-mode. This is the preferred mode for best power characteristics, however it may exhibit address collisions if the same address appears on both read and write ports resulting in unknown or corrupted read data. It is suggested to confirm via simulation that an address collision never occurs and if so it is suggested to try and avoid this situation. If address collisions cannot be avoided, the write-mode may be set to READ_FIRST which guarantees that the read data is the prior contents of the memory at the cost of additional power in the design. See the FPGA Memory Resources User Guide for additional information.
Related violations: <none>

REQP-181#10 Advisory
writefirst  
Synchronous clocking is detected for BRAM (U0_ps_ai_peripheral/ZGolo/u_AI_Mate_top/U0_ddr2hp_itcn/U0_dmux4/U1_r_axi_fifo/U0_xpm_fifo_sync_wrapper/xpm_fifo_sync_inst/xpm_fifo_base_inst/gen_sdpram.xpm_memory_base_inst/gen_wr_a.gen_word_narrow.mem_reg_2) in SDP mode with WRITE_FIRST write-mode. This is the preferred mode for best power characteristics, however it may exhibit address collisions if the same address appears on both read and write ports resulting in unknown or corrupted read data. It is suggested to confirm via simulation that an address collision never occurs and if so it is suggested to try and avoid this situation. If address collisions cannot be avoided, the write-mode may be set to READ_FIRST which guarantees that the read data is the prior contents of the memory at the cost of additional power in the design. See the FPGA Memory Resources User Guide for additional information.
Related violations: <none>

REQP-181#11 Advisory
writefirst  
Synchronous clocking is detected for BRAM (U0_ps_ai_peripheral/ZGolo/u_AI_Mate_top/U0_ddr2hp_itcn/U0_dmux4/U1_r_axi_fifo/U0_xpm_fifo_sync_wrapper/xpm_fifo_sync_inst/xpm_fifo_base_inst/gen_sdpram.xpm_memory_base_inst/gen_wr_a.gen_word_narrow.mem_reg_3) in SDP mode with WRITE_FIRST write-mode. This is the preferred mode for best power characteristics, however it may exhibit address collisions if the same address appears on both read and write ports resulting in unknown or corrupted read data. It is suggested to confirm via simulation that an address collision never occurs and if so it is suggested to try and avoid this situation. If address collisions cannot be avoided, the write-mode may be set to READ_FIRST which guarantees that the read data is the prior contents of the memory at the cost of additional power in the design. See the FPGA Memory Resources User Guide for additional information.
Related violations: <none>

REQP-181#12 Advisory
writefirst  
Synchronous clocking is detected for BRAM (U0_ps_ai_peripheral/ZGolo/u_AI_Mate_top/U0_ddr2hp_itcn/U0_dmux4/U1_r_axi_fifo/U0_xpm_fifo_sync_wrapper/xpm_fifo_sync_inst/xpm_fifo_base_inst/gen_sdpram.xpm_memory_base_inst/gen_wr_a.gen_word_narrow.mem_reg_4) in SDP mode with WRITE_FIRST write-mode. This is the preferred mode for best power characteristics, however it may exhibit address collisions if the same address appears on both read and write ports resulting in unknown or corrupted read data. It is suggested to confirm via simulation that an address collision never occurs and if so it is suggested to try and avoid this situation. If address collisions cannot be avoided, the write-mode may be set to READ_FIRST which guarantees that the read data is the prior contents of the memory at the cost of additional power in the design. See the FPGA Memory Resources User Guide for additional information.
Related violations: <none>

REQP-181#13 Advisory
writefirst  
Synchronous clocking is detected for BRAM (U0_ps_ai_peripheral/ZGolo/u_AI_Mate_top/U0_ddr2hp_itcn/U0_dmux4/U1_r_axi_fifo/U0_xpm_fifo_sync_wrapper/xpm_fifo_sync_inst/xpm_fifo_base_inst/gen_sdpram.xpm_memory_base_inst/gen_wr_a.gen_word_narrow.mem_reg_5) in SDP mode with WRITE_FIRST write-mode. This is the preferred mode for best power characteristics, however it may exhibit address collisions if the same address appears on both read and write ports resulting in unknown or corrupted read data. It is suggested to confirm via simulation that an address collision never occurs and if so it is suggested to try and avoid this situation. If address collisions cannot be avoided, the write-mode may be set to READ_FIRST which guarantees that the read data is the prior contents of the memory at the cost of additional power in the design. See the FPGA Memory Resources User Guide for additional information.
Related violations: <none>

REQP-181#14 Advisory
writefirst  
Synchronous clocking is detected for BRAM (U0_ps_ai_peripheral/ZGolo/u_AI_Mate_top/U0_ddr2hp_itcn/U0_dmux4/U1_r_axi_fifo/U0_xpm_fifo_sync_wrapper/xpm_fifo_sync_inst/xpm_fifo_base_inst/gen_sdpram.xpm_memory_base_inst/gen_wr_a.gen_word_narrow.mem_reg_6) in SDP mode with WRITE_FIRST write-mode. This is the preferred mode for best power characteristics, however it may exhibit address collisions if the same address appears on both read and write ports resulting in unknown or corrupted read data. It is suggested to confirm via simulation that an address collision never occurs and if so it is suggested to try and avoid this situation. If address collisions cannot be avoided, the write-mode may be set to READ_FIRST which guarantees that the read data is the prior contents of the memory at the cost of additional power in the design. See the FPGA Memory Resources User Guide for additional information.
Related violations: <none>

REQP-181#15 Advisory
writefirst  
Synchronous clocking is detected for BRAM (U0_ps_ai_peripheral/ZGolo/u_AI_Mate_top/U0_ddr2hp_itcn/U0_dmux4/U2_r_axi_fifo/U0_xpm_fifo_sync_wrapper/xpm_fifo_sync_inst/xpm_fifo_base_inst/gen_sdpram.xpm_memory_base_inst/gen_wr_a.gen_word_narrow.mem_reg_0) in SDP mode with WRITE_FIRST write-mode. This is the preferred mode for best power characteristics, however it may exhibit address collisions if the same address appears on both read and write ports resulting in unknown or corrupted read data. It is suggested to confirm via simulation that an address collision never occurs and if so it is suggested to try and avoid this situation. If address collisions cannot be avoided, the write-mode may be set to READ_FIRST which guarantees that the read data is the prior contents of the memory at the cost of additional power in the design. See the FPGA Memory Resources User Guide for additional information.
Related violations: <none>

REQP-181#16 Advisory
writefirst  
Synchronous clocking is detected for BRAM (U0_ps_ai_peripheral/ZGolo/u_AI_Mate_top/U0_ddr2hp_itcn/U0_dmux4/U2_r_axi_fifo/U0_xpm_fifo_sync_wrapper/xpm_fifo_sync_inst/xpm_fifo_base_inst/gen_sdpram.xpm_memory_base_inst/gen_wr_a.gen_word_narrow.mem_reg_1) in SDP mode with WRITE_FIRST write-mode. This is the preferred mode for best power characteristics, however it may exhibit address collisions if the same address appears on both read and write ports resulting in unknown or corrupted read data. It is suggested to confirm via simulation that an address collision never occurs and if so it is suggested to try and avoid this situation. If address collisions cannot be avoided, the write-mode may be set to READ_FIRST which guarantees that the read data is the prior contents of the memory at the cost of additional power in the design. See the FPGA Memory Resources User Guide for additional information.
Related violations: <none>

REQP-181#17 Advisory
writefirst  
Synchronous clocking is detected for BRAM (U0_ps_ai_peripheral/ZGolo/u_AI_Mate_top/U0_ddr2hp_itcn/U0_dmux4/U2_r_axi_fifo/U0_xpm_fifo_sync_wrapper/xpm_fifo_sync_inst/xpm_fifo_base_inst/gen_sdpram.xpm_memory_base_inst/gen_wr_a.gen_word_narrow.mem_reg_2) in SDP mode with WRITE_FIRST write-mode. This is the preferred mode for best power characteristics, however it may exhibit address collisions if the same address appears on both read and write ports resulting in unknown or corrupted read data. It is suggested to confirm via simulation that an address collision never occurs and if so it is suggested to try and avoid this situation. If address collisions cannot be avoided, the write-mode may be set to READ_FIRST which guarantees that the read data is the prior contents of the memory at the cost of additional power in the design. See the FPGA Memory Resources User Guide for additional information.
Related violations: <none>

REQP-181#18 Advisory
writefirst  
Synchronous clocking is detected for BRAM (U0_ps_ai_peripheral/ZGolo/u_AI_Mate_top/U0_ddr2hp_itcn/U0_dmux4/U2_r_axi_fifo/U0_xpm_fifo_sync_wrapper/xpm_fifo_sync_inst/xpm_fifo_base_inst/gen_sdpram.xpm_memory_base_inst/gen_wr_a.gen_word_narrow.mem_reg_3) in SDP mode with WRITE_FIRST write-mode. This is the preferred mode for best power characteristics, however it may exhibit address collisions if the same address appears on both read and write ports resulting in unknown or corrupted read data. It is suggested to confirm via simulation that an address collision never occurs and if so it is suggested to try and avoid this situation. If address collisions cannot be avoided, the write-mode may be set to READ_FIRST which guarantees that the read data is the prior contents of the memory at the cost of additional power in the design. See the FPGA Memory Resources User Guide for additional information.
Related violations: <none>

REQP-181#19 Advisory
writefirst  
Synchronous clocking is detected for BRAM (U0_ps_ai_peripheral/ZGolo/u_AI_Mate_top/U0_ddr2hp_itcn/U0_dmux4/U2_r_axi_fifo/U0_xpm_fifo_sync_wrapper/xpm_fifo_sync_inst/xpm_fifo_base_inst/gen_sdpram.xpm_memory_base_inst/gen_wr_a.gen_word_narrow.mem_reg_4) in SDP mode with WRITE_FIRST write-mode. This is the preferred mode for best power characteristics, however it may exhibit address collisions if the same address appears on both read and write ports resulting in unknown or corrupted read data. It is suggested to confirm via simulation that an address collision never occurs and if so it is suggested to try and avoid this situation. If address collisions cannot be avoided, the write-mode may be set to READ_FIRST which guarantees that the read data is the prior contents of the memory at the cost of additional power in the design. See the FPGA Memory Resources User Guide for additional information.
Related violations: <none>

REQP-181#20 Advisory
writefirst  
Synchronous clocking is detected for BRAM (U0_ps_ai_peripheral/ZGolo/u_AI_Mate_top/U0_ddr2hp_itcn/U0_dmux4/U2_r_axi_fifo/U0_xpm_fifo_sync_wrapper/xpm_fifo_sync_inst/xpm_fifo_base_inst/gen_sdpram.xpm_memory_base_inst/gen_wr_a.gen_word_narrow.mem_reg_5) in SDP mode with WRITE_FIRST write-mode. This is the preferred mode for best power characteristics, however it may exhibit address collisions if the same address appears on both read and write ports resulting in unknown or corrupted read data. It is suggested to confirm via simulation that an address collision never occurs and if so it is suggested to try and avoid this situation. If address collisions cannot be avoided, the write-mode may be set to READ_FIRST which guarantees that the read data is the prior contents of the memory at the cost of additional power in the design. See the FPGA Memory Resources User Guide for additional information.
Related violations: <none>

REQP-181#21 Advisory
writefirst  
Synchronous clocking is detected for BRAM (U0_ps_ai_peripheral/ZGolo/u_AI_Mate_top/U0_ddr2hp_itcn/U0_dmux4/U2_r_axi_fifo/U0_xpm_fifo_sync_wrapper/xpm_fifo_sync_inst/xpm_fifo_base_inst/gen_sdpram.xpm_memory_base_inst/gen_wr_a.gen_word_narrow.mem_reg_6) in SDP mode with WRITE_FIRST write-mode. This is the preferred mode for best power characteristics, however it may exhibit address collisions if the same address appears on both read and write ports resulting in unknown or corrupted read data. It is suggested to confirm via simulation that an address collision never occurs and if so it is suggested to try and avoid this situation. If address collisions cannot be avoided, the write-mode may be set to READ_FIRST which guarantees that the read data is the prior contents of the memory at the cost of additional power in the design. See the FPGA Memory Resources User Guide for additional information.
Related violations: <none>

REQP-181#22 Advisory
writefirst  
Synchronous clocking is detected for BRAM (U0_ps_ai_peripheral/ZGolo/u_AI_Mate_top/U0_ddr2hp_itcn/U0_dmux4/U3_r_axi_fifo/U0_xpm_fifo_sync_wrapper/xpm_fifo_sync_inst/xpm_fifo_base_inst/gen_sdpram.xpm_memory_base_inst/gen_wr_a.gen_word_narrow.mem_reg_0) in SDP mode with WRITE_FIRST write-mode. This is the preferred mode for best power characteristics, however it may exhibit address collisions if the same address appears on both read and write ports resulting in unknown or corrupted read data. It is suggested to confirm via simulation that an address collision never occurs and if so it is suggested to try and avoid this situation. If address collisions cannot be avoided, the write-mode may be set to READ_FIRST which guarantees that the read data is the prior contents of the memory at the cost of additional power in the design. See the FPGA Memory Resources User Guide for additional information.
Related violations: <none>

REQP-181#23 Advisory
writefirst  
Synchronous clocking is detected for BRAM (U0_ps_ai_peripheral/ZGolo/u_AI_Mate_top/U0_ddr2hp_itcn/U0_dmux4/U3_r_axi_fifo/U0_xpm_fifo_sync_wrapper/xpm_fifo_sync_inst/xpm_fifo_base_inst/gen_sdpram.xpm_memory_base_inst/gen_wr_a.gen_word_narrow.mem_reg_1) in SDP mode with WRITE_FIRST write-mode. This is the preferred mode for best power characteristics, however it may exhibit address collisions if the same address appears on both read and write ports resulting in unknown or corrupted read data. It is suggested to confirm via simulation that an address collision never occurs and if so it is suggested to try and avoid this situation. If address collisions cannot be avoided, the write-mode may be set to READ_FIRST which guarantees that the read data is the prior contents of the memory at the cost of additional power in the design. See the FPGA Memory Resources User Guide for additional information.
Related violations: <none>

REQP-181#24 Advisory
writefirst  
Synchronous clocking is detected for BRAM (U0_ps_ai_peripheral/ZGolo/u_AI_Mate_top/U0_ddr2hp_itcn/U0_dmux4/U3_r_axi_fifo/U0_xpm_fifo_sync_wrapper/xpm_fifo_sync_inst/xpm_fifo_base_inst/gen_sdpram.xpm_memory_base_inst/gen_wr_a.gen_word_narrow.mem_reg_2) in SDP mode with WRITE_FIRST write-mode. This is the preferred mode for best power characteristics, however it may exhibit address collisions if the same address appears on both read and write ports resulting in unknown or corrupted read data. It is suggested to confirm via simulation that an address collision never occurs and if so it is suggested to try and avoid this situation. If address collisions cannot be avoided, the write-mode may be set to READ_FIRST which guarantees that the read data is the prior contents of the memory at the cost of additional power in the design. See the FPGA Memory Resources User Guide for additional information.
Related violations: <none>

REQP-181#25 Advisory
writefirst  
Synchronous clocking is detected for BRAM (U0_ps_ai_peripheral/ZGolo/u_AI_Mate_top/U0_ddr2hp_itcn/U0_dmux4/U3_r_axi_fifo/U0_xpm_fifo_sync_wrapper/xpm_fifo_sync_inst/xpm_fifo_base_inst/gen_sdpram.xpm_memory_base_inst/gen_wr_a.gen_word_narrow.mem_reg_3) in SDP mode with WRITE_FIRST write-mode. This is the preferred mode for best power characteristics, however it may exhibit address collisions if the same address appears on both read and write ports resulting in unknown or corrupted read data. It is suggested to confirm via simulation that an address collision never occurs and if so it is suggested to try and avoid this situation. If address collisions cannot be avoided, the write-mode may be set to READ_FIRST which guarantees that the read data is the prior contents of the memory at the cost of additional power in the design. See the FPGA Memory Resources User Guide for additional information.
Related violations: <none>

REQP-181#26 Advisory
writefirst  
Synchronous clocking is detected for BRAM (U0_ps_ai_peripheral/ZGolo/u_AI_Mate_top/U0_ddr2hp_itcn/U0_dmux4/U3_r_axi_fifo/U0_xpm_fifo_sync_wrapper/xpm_fifo_sync_inst/xpm_fifo_base_inst/gen_sdpram.xpm_memory_base_inst/gen_wr_a.gen_word_narrow.mem_reg_4) in SDP mode with WRITE_FIRST write-mode. This is the preferred mode for best power characteristics, however it may exhibit address collisions if the same address appears on both read and write ports resulting in unknown or corrupted read data. It is suggested to confirm via simulation that an address collision never occurs and if so it is suggested to try and avoid this situation. If address collisions cannot be avoided, the write-mode may be set to READ_FIRST which guarantees that the read data is the prior contents of the memory at the cost of additional power in the design. See the FPGA Memory Resources User Guide for additional information.
Related violations: <none>

REQP-181#27 Advisory
writefirst  
Synchronous clocking is detected for BRAM (U0_ps_ai_peripheral/ZGolo/u_AI_Mate_top/U0_ddr2hp_itcn/U0_dmux4/U3_r_axi_fifo/U0_xpm_fifo_sync_wrapper/xpm_fifo_sync_inst/xpm_fifo_base_inst/gen_sdpram.xpm_memory_base_inst/gen_wr_a.gen_word_narrow.mem_reg_5) in SDP mode with WRITE_FIRST write-mode. This is the preferred mode for best power characteristics, however it may exhibit address collisions if the same address appears on both read and write ports resulting in unknown or corrupted read data. It is suggested to confirm via simulation that an address collision never occurs and if so it is suggested to try and avoid this situation. If address collisions cannot be avoided, the write-mode may be set to READ_FIRST which guarantees that the read data is the prior contents of the memory at the cost of additional power in the design. See the FPGA Memory Resources User Guide for additional information.
Related violations: <none>

REQP-181#28 Advisory
writefirst  
Synchronous clocking is detected for BRAM (U0_ps_ai_peripheral/ZGolo/u_AI_Mate_top/U0_ddr2hp_itcn/U0_dmux4/U3_r_axi_fifo/U0_xpm_fifo_sync_wrapper/xpm_fifo_sync_inst/xpm_fifo_base_inst/gen_sdpram.xpm_memory_base_inst/gen_wr_a.gen_word_narrow.mem_reg_6) in SDP mode with WRITE_FIRST write-mode. This is the preferred mode for best power characteristics, however it may exhibit address collisions if the same address appears on both read and write ports resulting in unknown or corrupted read data. It is suggested to confirm via simulation that an address collision never occurs and if so it is suggested to try and avoid this situation. If address collisions cannot be avoided, the write-mode may be set to READ_FIRST which guarantees that the read data is the prior contents of the memory at the cost of additional power in the design. See the FPGA Memory Resources User Guide for additional information.
Related violations: <none>

REQP-1725#1 Advisory
DSP_Abus_sign_bit_alert  
U_adder_top/U_flicker/render/split_U0/prepare_geometry_U0/flicker_render_picud_U10/flicker_render_pipeline_ap_faddfsub_6_full_dsp_32_u/U0/i_synth/ADDSUB_OP.ADDSUB/SPEED_OP.DSP.OP/DSP48E1_BODY.ALIGN_ADD/DSP2/DSP: When using the PreAdder and USE_DPORT is TRUE, the A operand should be restricted to 24 bit two's complement (and sign extended) to avoid over/underflow in the pre-add stage.
Related violations: <none>


