Copyright 1986-2018 Xilinx, Inc. All Rights Reserved.
----------------------------------------------------------------------------------------------------------------------------------------------------------------------------------------------------------------------------------------------------------------
| Tool Version : Vivado v.2018.3 (win64) Build 2405991 Thu Dec  6 23:38:27 MST 2018
| Date         : Wed Sep 30 14:35:15 2026
| Host         : cysc-0286 running 64-bit major release  (build 9200)
| Command      : report_timing -delay_type max -through [get_pins -hier -filter {NAME =~ U_adder_top/U_flicker/* && DIRECTION == OUT}] -max_paths 20 -file D:/ADProjects/FPGA43DGS/examples/3dgs_flicker_hw/build/physical_opt_20260930_v2/after/render_max.rpt
| Design       : ai7030_edif_top
| Device       : 7z030-ffg676
| Speed File   : -2  PRODUCTION 1.11 2025-11-03
----------------------------------------------------------------------------------------------------------------------------------------------------------------------------------------------------------------------------------------------------------------

Timing Report

Slack (VIOLATED) :        -0.140ns  (required time - arrival time)
  Source:                 U_adder_top/U_flicker/dma/write_count_reg[2]/C
                            (rising edge-triggered cell FDCE clocked by clk_pll_i  {rise@0.000ns fall@2.500ns period=5.000ns})
  Destination:            U0_ps_ai_peripheral/ZGolo/u_AI_Mate_top/ddr_witcn_u0/avr_rs_u0/u_avr_frs/s_data_reg[567]/CE
                            (rising edge-triggered cell FDCE clocked by clk_pll_i  {rise@0.000ns fall@2.500ns period=5.000ns})
  Path Group:             clk_pll_i
  Path Type:              Setup (Max at Slow Process Corner)
  Requirement:            5.000ns  (clk_pll_i rise@5.000ns - clk_pll_i rise@0.000ns)
  Data Path Delay:        4.382ns  (logic 0.900ns (20.539%)  route 3.482ns (79.461%))
  Logic Levels:           9  (CARRY4=4 LUT4=3 LUT5=1 LUT6=1)
  Clock Path Skew:        -0.055ns (DCD - SCD + CPR)
    Destination Clock Delay (DCD):    3.540ns = ( 8.540 - 5.000 ) 
    Source Clock Delay      (SCD):    3.862ns
    Clock Pessimism Removal (CPR):    0.266ns
  Clock Uncertainty:      0.502ns  ((TSJ^2 + DJ^2)^1/2) / 2 + PE + UU
    Total System Jitter     (TSJ):    0.071ns
    Discrete Jitter          (DJ):    0.077ns
    Phase Error              (PE):    0.000ns
    User Uncertainty         (UU):    0.450ns

    Location             Delay type                Incr(ns)  Path(ns)    Netlist Resource(s)
  -------------------------------------------------------------------    -------------------
                         (clock clk_pll_i rise edge)
                                                      0.000     0.000 r  
    C8                                                0.000     0.000 r  sys_clk_p (IN)
                         net (fo=0)                   0.000     0.000    U0_ps_ai_peripheral/mig_ddr3_u0/u_mig_7series_0_mig/u_ddr3_clk_ibuf/sys_clk_p
    C8                   IBUFDS (Prop_ibufds_I_O)     0.855     0.855 r  U0_ps_ai_peripheral/mig_ddr3_u0/u_mig_7series_0_mig/u_ddr3_clk_ibuf/diff_input_clk.u_ibufg_sys_clk/O
                         net (fo=3, routed)           1.098     1.953    U0_ps_ai_peripheral/mig_ddr3_u0/u_mig_7series_0_mig/u_ddr3_infrastructure/out
    PLLE2_ADV_X1Y2       PLLE2_ADV (Prop_plle2_adv_CLKIN1_CLKOUT3)
                                                      0.077     2.030 r  U0_ps_ai_peripheral/mig_ddr3_u0/u_mig_7series_0_mig/u_ddr3_infrastructure/plle2_i/CLKOUT3
                         net (fo=1, routed)           1.145     3.175    U0_ps_ai_peripheral/mig_ddr3_u0/u_mig_7series_0_mig/u_ddr3_infrastructure/pll_clk3_out
    BUFHCE_X1Y24         BUFH (Prop_bufh_I_O)         0.103     3.278 r  U0_ps_ai_peripheral/mig_ddr3_u0/u_mig_7series_0_mig/u_ddr3_infrastructure/u_bufh_pll_clk3/O
                         net (fo=1, routed)           0.779     4.057    U0_ps_ai_peripheral/mig_ddr3_u0/u_mig_7series_0_mig/u_ddr3_infrastructure/pll_clk3
    MMCME2_ADV_X1Y2      MMCME2_ADV (Prop_mmcme2_adv_CLKIN1_CLKFBOUT)
                                                     -2.933     1.124 r  U0_ps_ai_peripheral/mig_ddr3_u0/u_mig_7series_0_mig/u_ddr3_infrastructure/gen_mmcm.mmcm_i/CLKFBOUT
                         net (fo=1, routed)           1.442     2.566    U0_ps_ai_peripheral/mig_ddr3_u0/u_mig_7series_0_mig/u_ddr3_infrastructure/clk_pll_i
    BUFGCTRL_X0Y16       BUFG (Prop_bufg_I_O)         0.093     2.659 r  U0_ps_ai_peripheral/mig_ddr3_u0/u_mig_7series_0_mig/u_ddr3_infrastructure/u_bufg_clkdiv0/O
                         net (fo=104865, routed)      1.203     3.862    U_adder_top/U_flicker/dma/ui_clk
    SLICE_X52Y120        FDCE                                         r  U_adder_top/U_flicker/dma/write_count_reg[2]/C
  -------------------------------------------------------------------    -------------------
    SLICE_X52Y120        FDCE (Prop_fdce_C_Q)         0.259     4.121 r  U_adder_top/U_flicker/dma/write_count_reg[2]/Q
                         net (fo=6, routed)           0.548     4.669    U_adder_top/U_flicker/dma/writes[2]
    SLICE_X51Y121        LUT4 (Prop_lut4_I2_O)        0.043     4.712 r  U_adder_top/U_flicker/dma/awvalid1_carry_i_7/O
                         net (fo=1, routed)           0.000     4.712    U_adder_top/U_flicker/dma/awvalid1_carry_i_7_n_0
    SLICE_X51Y121        CARRY4 (Prop_carry4_S[1]_CO[3])
                                                      0.267     4.979 r  U_adder_top/U_flicker/dma/awvalid1_carry/CO[3]
                         net (fo=1, routed)           0.000     4.979    U_adder_top/U_flicker/dma/awvalid1_carry_n_0
    SLICE_X51Y122        CARRY4 (Prop_carry4_CI_CO[3])
                                                      0.053     5.032 r  U_adder_top/U_flicker/dma/awvalid1_carry__0/CO[3]
                         net (fo=1, routed)           0.000     5.032    U_adder_top/U_flicker/dma/awvalid1_carry__0_n_0
    SLICE_X51Y123        CARRY4 (Prop_carry4_CI_CO[3])
                                                      0.053     5.085 r  U_adder_top/U_flicker/dma/awvalid1_carry__1/CO[3]
                         net (fo=1, routed)           0.000     5.085    U_adder_top/U_flicker/dma/awvalid1_carry__1_n_0
    SLICE_X51Y124        CARRY4 (Prop_carry4_CI_CO[3])
                                                      0.053     5.138 r  U_adder_top/U_flicker/dma/awvalid1_carry__2/CO[3]
                         net (fo=1, routed)           0.584     5.722    U_adder_top/U_flicker/dma/awvalid1
    SLICE_X61Y124        LUT6 (Prop_lut6_I3_O)        0.043     5.765 r  U_adder_top/U_flicker/dma/ZGolo_i_583/O
                         net (fo=4, routed)           0.382     6.147    U_adder_top/legacy/U_adder/U_avr_rs/u_avr_frs/fawv
    SLICE_X60Y126        LUT5 (Prop_lut5_I0_O)        0.043     6.190 r  U_adder_top/legacy/U_adder/U_avr_rs/u_avr_frs/ZGolo_i_547/O
                         net (fo=6, routed)           0.262     6.452    U0_ps_ai_peripheral/ZGolo/UserCustomOp_0_awwvalid
    SLICE_X61Y128        LUT4 (Prop_lut4_I1_O)        0.043     6.495 r  U0_ps_ai_peripheral/ZGolo/s_valid_i_2__7/O
                         net (fo=2, routed)           0.988     7.483    U0_ps_ai_peripheral/ZGolo/u_AI_Mate_top/ddr_witcn_u0/m_ddr_itf_awwvalid
    SLICE_X89Y147        LUT4 (Prop_lut4_I0_O)        0.043     7.526 r  U0_ps_ai_peripheral/ZGolo/s_data[616]_i_1/O
                         net (fo=617, routed)         0.718     8.244    U0_ps_ai_peripheral/ZGolo/s_data[616]_i_1_n_0
    SLICE_X101Y142       FDCE                                         r  U0_ps_ai_peripheral/ZGolo/u_AI_Mate_top/ddr_witcn_u0/avr_rs_u0/u_avr_frs/s_data_reg[567]/CE
  -------------------------------------------------------------------    -------------------

                         (clock clk_pll_i rise edge)
                                                      5.000     5.000 r  
    C8                                                0.000     5.000 r  sys_clk_p (IN)
                         net (fo=0)                   0.000     5.000    U0_ps_ai_peripheral/mig_ddr3_u0/u_mig_7series_0_mig/u_ddr3_clk_ibuf/sys_clk_p
    C8                   IBUFDS (Prop_ibufds_I_O)     0.758     5.758 r  U0_ps_ai_peripheral/mig_ddr3_u0/u_mig_7series_0_mig/u_ddr3_clk_ibuf/diff_input_clk.u_ibufg_sys_clk/O
                         net (fo=3, routed)           1.001     6.759    U0_ps_ai_peripheral/mig_ddr3_u0/u_mig_7series_0_mig/u_ddr3_infrastructure/out
    PLLE2_ADV_X1Y2       PLLE2_ADV (Prop_plle2_adv_CLKIN1_CLKOUT3)
                                                      0.073     6.832 r  U0_ps_ai_peripheral/mig_ddr3_u0/u_mig_7series_0_mig/u_ddr3_infrastructure/plle2_i/CLKOUT3
                         net (fo=1, routed)           1.033     7.865    U0_ps_ai_peripheral/mig_ddr3_u0/u_mig_7series_0_mig/u_ddr3_infrastructure/pll_clk3_out
    BUFHCE_X1Y24         BUFH (Prop_bufh_I_O)         0.066     7.931 r  U0_ps_ai_peripheral/mig_ddr3_u0/u_mig_7series_0_mig/u_ddr3_infrastructure/u_bufh_pll_clk3/O
                         net (fo=1, routed)           0.710     8.641    U0_ps_ai_peripheral/mig_ddr3_u0/u_mig_7series_0_mig/u_ddr3_infrastructure/pll_clk3
    MMCME2_ADV_X1Y2      MMCME2_ADV (Prop_mmcme2_adv_CLKIN1_CLKFBOUT)
                                                     -2.652     5.989 r  U0_ps_ai_peripheral/mig_ddr3_u0/u_mig_7series_0_mig/u_ddr3_infrastructure/gen_mmcm.mmcm_i/CLKFBOUT
                         net (fo=1, routed)           1.333     7.322    U0_ps_ai_peripheral/mig_ddr3_u0/u_mig_7series_0_mig/u_ddr3_infrastructure/clk_pll_i
    BUFGCTRL_X0Y16       BUFG (Prop_bufg_I_O)         0.083     7.405 r  U0_ps_ai_peripheral/mig_ddr3_u0/u_mig_7series_0_mig/u_ddr3_infrastructure/u_bufg_clkdiv0/O
                         net (fo=104865, routed)      1.135     8.540    U0_ps_ai_peripheral/ZGolo/hp_clk
    SLICE_X101Y142       FDCE                                         r  U0_ps_ai_peripheral/ZGolo/u_AI_Mate_top/ddr_witcn_u0/avr_rs_u0/u_avr_frs/s_data_reg[567]/C
                         clock pessimism              0.266     8.807    
                         clock uncertainty           -0.502     8.304    
    SLICE_X101Y142       FDCE (Setup_fdce_C_CE)      -0.201     8.103    U0_ps_ai_peripheral/ZGolo/u_AI_Mate_top/ddr_witcn_u0/avr_rs_u0/u_avr_frs/s_data_reg[567]
  -------------------------------------------------------------------
                         required time                          8.103    
                         arrival time                          -8.244    
  -------------------------------------------------------------------
                         slack                                 -0.140    

Slack (VIOLATED) :        -0.140ns  (required time - arrival time)
  Source:                 U_adder_top/U_flicker/dma/write_count_reg[2]/C
                            (rising edge-triggered cell FDCE clocked by clk_pll_i  {rise@0.000ns fall@2.500ns period=5.000ns})
  Destination:            U0_ps_ai_peripheral/ZGolo/u_AI_Mate_top/ddr_witcn_u0/avr_rs_u0/u_avr_frs/s_data_reg[576]/CE
                            (rising edge-triggered cell FDCE clocked by clk_pll_i  {rise@0.000ns fall@2.500ns period=5.000ns})
  Path Group:             clk_pll_i
  Path Type:              Setup (Max at Slow Process Corner)
  Requirement:            5.000ns  (clk_pll_i rise@5.000ns - clk_pll_i rise@0.000ns)
  Data Path Delay:        4.382ns  (logic 0.900ns (20.539%)  route 3.482ns (79.461%))
  Logic Levels:           9  (CARRY4=4 LUT4=3 LUT5=1 LUT6=1)
  Clock Path Skew:        -0.055ns (DCD - SCD + CPR)
    Destination Clock Delay (DCD):    3.540ns = ( 8.540 - 5.000 ) 
    Source Clock Delay      (SCD):    3.862ns
    Clock Pessimism Removal (CPR):    0.266ns
  Clock Uncertainty:      0.502ns  ((TSJ^2 + DJ^2)^1/2) / 2 + PE + UU
    Total System Jitter     (TSJ):    0.071ns
    Discrete Jitter          (DJ):    0.077ns
    Phase Error              (PE):    0.000ns
    User Uncertainty         (UU):    0.450ns

    Location             Delay type                Incr(ns)  Path(ns)    Netlist Resource(s)
  -------------------------------------------------------------------    -------------------
                         (clock clk_pll_i rise edge)
                                                      0.000     0.000 r  
    C8                                                0.000     0.000 r  sys_clk_p (IN)
                         net (fo=0)                   0.000     0.000    U0_ps_ai_peripheral/mig_ddr3_u0/u_mig_7series_0_mig/u_ddr3_clk_ibuf/sys_clk_p
    C8                   IBUFDS (Prop_ibufds_I_O)     0.855     0.855 r  U0_ps_ai_peripheral/mig_ddr3_u0/u_mig_7series_0_mig/u_ddr3_clk_ibuf/diff_input_clk.u_ibufg_sys_clk/O
                         net (fo=3, routed)           1.098     1.953    U0_ps_ai_peripheral/mig_ddr3_u0/u_mig_7series_0_mig/u_ddr3_infrastructure/out
    PLLE2_ADV_X1Y2       PLLE2_ADV (Prop_plle2_adv_CLKIN1_CLKOUT3)
                                                      0.077     2.030 r  U0_ps_ai_peripheral/mig_ddr3_u0/u_mig_7series_0_mig/u_ddr3_infrastructure/plle2_i/CLKOUT3
                         net (fo=1, routed)           1.145     3.175    U0_ps_ai_peripheral/mig_ddr3_u0/u_mig_7series_0_mig/u_ddr3_infrastructure/pll_clk3_out
    BUFHCE_X1Y24         BUFH (Prop_bufh_I_O)         0.103     3.278 r  U0_ps_ai_peripheral/mig_ddr3_u0/u_mig_7series_0_mig/u_ddr3_infrastructure/u_bufh_pll_clk3/O
                         net (fo=1, routed)           0.779     4.057    U0_ps_ai_peripheral/mig_ddr3_u0/u_mig_7series_0_mig/u_ddr3_infrastructure/pll_clk3
    MMCME2_ADV_X1Y2      MMCME2_ADV (Prop_mmcme2_adv_CLKIN1_CLKFBOUT)
                                                     -2.933     1.124 r  U0_ps_ai_peripheral/mig_ddr3_u0/u_mig_7series_0_mig/u_ddr3_infrastructure/gen_mmcm.mmcm_i/CLKFBOUT
                         net (fo=1, routed)           1.442     2.566    U0_ps_ai_peripheral/mig_ddr3_u0/u_mig_7series_0_mig/u_ddr3_infrastructure/clk_pll_i
    BUFGCTRL_X0Y16       BUFG (Prop_bufg_I_O)         0.093     2.659 r  U0_ps_ai_peripheral/mig_ddr3_u0/u_mig_7series_0_mig/u_ddr3_infrastructure/u_bufg_clkdiv0/O
                         net (fo=104865, routed)      1.203     3.862    U_adder_top/U_flicker/dma/ui_clk
    SLICE_X52Y120        FDCE                                         r  U_adder_top/U_flicker/dma/write_count_reg[2]/C
  -------------------------------------------------------------------    -------------------
    SLICE_X52Y120        FDCE (Prop_fdce_C_Q)         0.259     4.121 r  U_adder_top/U_flicker/dma/write_count_reg[2]/Q
                         net (fo=6, routed)           0.548     4.669    U_adder_top/U_flicker/dma/writes[2]
    SLICE_X51Y121        LUT4 (Prop_lut4_I2_O)        0.043     4.712 r  U_adder_top/U_flicker/dma/awvalid1_carry_i_7/O
                         net (fo=1, routed)           0.000     4.712    U_adder_top/U_flicker/dma/awvalid1_carry_i_7_n_0
    SLICE_X51Y121        CARRY4 (Prop_carry4_S[1]_CO[3])
                                                      0.267     4.979 r  U_adder_top/U_flicker/dma/awvalid1_carry/CO[3]
                         net (fo=1, routed)           0.000     4.979    U_adder_top/U_flicker/dma/awvalid1_carry_n_0
    SLICE_X51Y122        CARRY4 (Prop_carry4_CI_CO[3])
                                                      0.053     5.032 r  U_adder_top/U_flicker/dma/awvalid1_carry__0/CO[3]
                         net (fo=1, routed)           0.000     5.032    U_adder_top/U_flicker/dma/awvalid1_carry__0_n_0
    SLICE_X51Y123        CARRY4 (Prop_carry4_CI_CO[3])
                                                      0.053     5.085 r  U_adder_top/U_flicker/dma/awvalid1_carry__1/CO[3]
                         net (fo=1, routed)           0.000     5.085    U_adder_top/U_flicker/dma/awvalid1_carry__1_n_0
    SLICE_X51Y124        CARRY4 (Prop_carry4_CI_CO[3])
                                                      0.053     5.138 r  U_adder_top/U_flicker/dma/awvalid1_carry__2/CO[3]
                         net (fo=1, routed)           0.584     5.722    U_adder_top/U_flicker/dma/awvalid1
    SLICE_X61Y124        LUT6 (Prop_lut6_I3_O)        0.043     5.765 r  U_adder_top/U_flicker/dma/ZGolo_i_583/O
                         net (fo=4, routed)           0.382     6.147    U_adder_top/legacy/U_adder/U_avr_rs/u_avr_frs/fawv
    SLICE_X60Y126        LUT5 (Prop_lut5_I0_O)        0.043     6.190 r  U_adder_top/legacy/U_adder/U_avr_rs/u_avr_frs/ZGolo_i_547/O
                         net (fo=6, routed)           0.262     6.452    U0_ps_ai_peripheral/ZGolo/UserCustomOp_0_awwvalid
    SLICE_X61Y128        LUT4 (Prop_lut4_I1_O)        0.043     6.495 r  U0_ps_ai_peripheral/ZGolo/s_valid_i_2__7/O
                         net (fo=2, routed)           0.988     7.483    U0_ps_ai_peripheral/ZGolo/u_AI_Mate_top/ddr_witcn_u0/m_ddr_itf_awwvalid
    SLICE_X89Y147        LUT4 (Prop_lut4_I0_O)        0.043     7.526 r  U0_ps_ai_peripheral/ZGolo/s_data[616]_i_1/O
                         net (fo=617, routed)         0.718     8.244    U0_ps_ai_peripheral/ZGolo/s_data[616]_i_1_n_0
    SLICE_X101Y142       FDCE                                         r  U0_ps_ai_peripheral/ZGolo/u_AI_Mate_top/ddr_witcn_u0/avr_rs_u0/u_avr_frs/s_data_reg[576]/CE
  -------------------------------------------------------------------    -------------------

                         (clock clk_pll_i rise edge)
                                                      5.000     5.000 r  
    C8                                                0.000     5.000 r  sys_clk_p (IN)
                         net (fo=0)                   0.000     5.000    U0_ps_ai_peripheral/mig_ddr3_u0/u_mig_7series_0_mig/u_ddr3_clk_ibuf/sys_clk_p
    C8                   IBUFDS (Prop_ibufds_I_O)     0.758     5.758 r  U0_ps_ai_peripheral/mig_ddr3_u0/u_mig_7series_0_mig/u_ddr3_clk_ibuf/diff_input_clk.u_ibufg_sys_clk/O
                         net (fo=3, routed)           1.001     6.759    U0_ps_ai_peripheral/mig_ddr3_u0/u_mig_7series_0_mig/u_ddr3_infrastructure/out
    PLLE2_ADV_X1Y2       PLLE2_ADV (Prop_plle2_adv_CLKIN1_CLKOUT3)
                                                      0.073     6.832 r  U0_ps_ai_peripheral/mig_ddr3_u0/u_mig_7series_0_mig/u_ddr3_infrastructure/plle2_i/CLKOUT3
                         net (fo=1, routed)           1.033     7.865    U0_ps_ai_peripheral/mig_ddr3_u0/u_mig_7series_0_mig/u_ddr3_infrastructure/pll_clk3_out
    BUFHCE_X1Y24         BUFH (Prop_bufh_I_O)         0.066     7.931 r  U0_ps_ai_peripheral/mig_ddr3_u0/u_mig_7series_0_mig/u_ddr3_infrastructure/u_bufh_pll_clk3/O
                         net (fo=1, routed)           0.710     8.641    U0_ps_ai_peripheral/mig_ddr3_u0/u_mig_7series_0_mig/u_ddr3_infrastructure/pll_clk3
    MMCME2_ADV_X1Y2      MMCME2_ADV (Prop_mmcme2_adv_CLKIN1_CLKFBOUT)
                                                     -2.652     5.989 r  U0_ps_ai_peripheral/mig_ddr3_u0/u_mig_7series_0_mig/u_ddr3_infrastructure/gen_mmcm.mmcm_i/CLKFBOUT
                         net (fo=1, routed)           1.333     7.322    U0_ps_ai_peripheral/mig_ddr3_u0/u_mig_7series_0_mig/u_ddr3_infrastructure/clk_pll_i
    BUFGCTRL_X0Y16       BUFG (Prop_bufg_I_O)         0.083     7.405 r  U0_ps_ai_peripheral/mig_ddr3_u0/u_mig_7series_0_mig/u_ddr3_infrastructure/u_bufg_clkdiv0/O
                         net (fo=104865, routed)      1.135     8.540    U0_ps_ai_peripheral/ZGolo/hp_clk
    SLICE_X101Y142       FDCE                                         r  U0_ps_ai_peripheral/ZGolo/u_AI_Mate_top/ddr_witcn_u0/avr_rs_u0/u_avr_frs/s_data_reg[576]/C
                         clock pessimism              0.266     8.807    
                         clock uncertainty           -0.502     8.304    
    SLICE_X101Y142       FDCE (Setup_fdce_C_CE)      -0.201     8.103    U0_ps_ai_peripheral/ZGolo/u_AI_Mate_top/ddr_witcn_u0/avr_rs_u0/u_avr_frs/s_data_reg[576]
  -------------------------------------------------------------------
                         required time                          8.103    
                         arrival time                          -8.244    
  -------------------------------------------------------------------
                         slack                                 -0.140    

Slack (VIOLATED) :        -0.140ns  (required time - arrival time)
  Source:                 U_adder_top/U_flicker/dma/write_count_reg[2]/C
                            (rising edge-triggered cell FDCE clocked by clk_pll_i  {rise@0.000ns fall@2.500ns period=5.000ns})
  Destination:            U0_ps_ai_peripheral/ZGolo/u_AI_Mate_top/ddr_witcn_u0/avr_rs_u0/u_avr_frs/s_data_reg[595]/CE
                            (rising edge-triggered cell FDCE clocked by clk_pll_i  {rise@0.000ns fall@2.500ns period=5.000ns})
  Path Group:             clk_pll_i
  Path Type:              Setup (Max at Slow Process Corner)
  Requirement:            5.000ns  (clk_pll_i rise@5.000ns - clk_pll_i rise@0.000ns)
  Data Path Delay:        4.382ns  (logic 0.900ns (20.539%)  route 3.482ns (79.461%))
  Logic Levels:           9  (CARRY4=4 LUT4=3 LUT5=1 LUT6=1)
  Clock Path Skew:        -0.055ns (DCD - SCD + CPR)
    Destination Clock Delay (DCD):    3.540ns = ( 8.540 - 5.000 ) 
    Source Clock Delay      (SCD):    3.862ns
    Clock Pessimism Removal (CPR):    0.266ns
  Clock Uncertainty:      0.502ns  ((TSJ^2 + DJ^2)^1/2) / 2 + PE + UU
    Total System Jitter     (TSJ):    0.071ns
    Discrete Jitter          (DJ):    0.077ns
    Phase Error              (PE):    0.000ns
    User Uncertainty         (UU):    0.450ns

    Location             Delay type                Incr(ns)  Path(ns)    Netlist Resource(s)
  -------------------------------------------------------------------    -------------------
                         (clock clk_pll_i rise edge)
                                                      0.000     0.000 r  
    C8                                                0.000     0.000 r  sys_clk_p (IN)
                         net (fo=0)                   0.000     0.000    U0_ps_ai_peripheral/mig_ddr3_u0/u_mig_7series_0_mig/u_ddr3_clk_ibuf/sys_clk_p
    C8                   IBUFDS (Prop_ibufds_I_O)     0.855     0.855 r  U0_ps_ai_peripheral/mig_ddr3_u0/u_mig_7series_0_mig/u_ddr3_clk_ibuf/diff_input_clk.u_ibufg_sys_clk/O
                         net (fo=3, routed)           1.098     1.953    U0_ps_ai_peripheral/mig_ddr3_u0/u_mig_7series_0_mig/u_ddr3_infrastructure/out
    PLLE2_ADV_X1Y2       PLLE2_ADV (Prop_plle2_adv_CLKIN1_CLKOUT3)
                                                      0.077     2.030 r  U0_ps_ai_peripheral/mig_ddr3_u0/u_mig_7series_0_mig/u_ddr3_infrastructure/plle2_i/CLKOUT3
                         net (fo=1, routed)           1.145     3.175    U0_ps_ai_peripheral/mig_ddr3_u0/u_mig_7series_0_mig/u_ddr3_infrastructure/pll_clk3_out
    BUFHCE_X1Y24         BUFH (Prop_bufh_I_O)         0.103     3.278 r  U0_ps_ai_peripheral/mig_ddr3_u0/u_mig_7series_0_mig/u_ddr3_infrastructure/u_bufh_pll_clk3/O
                         net (fo=1, routed)           0.779     4.057    U0_ps_ai_peripheral/mig_ddr3_u0/u_mig_7series_0_mig/u_ddr3_infrastructure/pll_clk3
    MMCME2_ADV_X1Y2      MMCME2_ADV (Prop_mmcme2_adv_CLKIN1_CLKFBOUT)
                                                     -2.933     1.124 r  U0_ps_ai_peripheral/mig_ddr3_u0/u_mig_7series_0_mig/u_ddr3_infrastructure/gen_mmcm.mmcm_i/CLKFBOUT
                         net (fo=1, routed)           1.442     2.566    U0_ps_ai_peripheral/mig_ddr3_u0/u_mig_7series_0_mig/u_ddr3_infrastructure/clk_pll_i
    BUFGCTRL_X0Y16       BUFG (Prop_bufg_I_O)         0.093     2.659 r  U0_ps_ai_peripheral/mig_ddr3_u0/u_mig_7series_0_mig/u_ddr3_infrastructure/u_bufg_clkdiv0/O
                         net (fo=104865, routed)      1.203     3.862    U_adder_top/U_flicker/dma/ui_clk
    SLICE_X52Y120        FDCE                                         r  U_adder_top/U_flicker/dma/write_count_reg[2]/C
  -------------------------------------------------------------------    -------------------
    SLICE_X52Y120        FDCE (Prop_fdce_C_Q)         0.259     4.121 r  U_adder_top/U_flicker/dma/write_count_reg[2]/Q
                         net (fo=6, routed)           0.548     4.669    U_adder_top/U_flicker/dma/writes[2]
    SLICE_X51Y121        LUT4 (Prop_lut4_I2_O)        0.043     4.712 r  U_adder_top/U_flicker/dma/awvalid1_carry_i_7/O
                         net (fo=1, routed)           0.000     4.712    U_adder_top/U_flicker/dma/awvalid1_carry_i_7_n_0
    SLICE_X51Y121        CARRY4 (Prop_carry4_S[1]_CO[3])
                                                      0.267     4.979 r  U_adder_top/U_flicker/dma/awvalid1_carry/CO[3]
                         net (fo=1, routed)           0.000     4.979    U_adder_top/U_flicker/dma/awvalid1_carry_n_0
    SLICE_X51Y122        CARRY4 (Prop_carry4_CI_CO[3])
                                                      0.053     5.032 r  U_adder_top/U_flicker/dma/awvalid1_carry__0/CO[3]
                         net (fo=1, routed)           0.000     5.032    U_adder_top/U_flicker/dma/awvalid1_carry__0_n_0
    SLICE_X51Y123        CARRY4 (Prop_carry4_CI_CO[3])
                                                      0.053     5.085 r  U_adder_top/U_flicker/dma/awvalid1_carry__1/CO[3]
                         net (fo=1, routed)           0.000     5.085    U_adder_top/U_flicker/dma/awvalid1_carry__1_n_0
    SLICE_X51Y124        CARRY4 (Prop_carry4_CI_CO[3])
                                                      0.053     5.138 r  U_adder_top/U_flicker/dma/awvalid1_carry__2/CO[3]
                         net (fo=1, routed)           0.584     5.722    U_adder_top/U_flicker/dma/awvalid1
    SLICE_X61Y124        LUT6 (Prop_lut6_I3_O)        0.043     5.765 r  U_adder_top/U_flicker/dma/ZGolo_i_583/O
                         net (fo=4, routed)           0.382     6.147    U_adder_top/legacy/U_adder/U_avr_rs/u_avr_frs/fawv
    SLICE_X60Y126        LUT5 (Prop_lut5_I0_O)        0.043     6.190 r  U_adder_top/legacy/U_adder/U_avr_rs/u_avr_frs/ZGolo_i_547/O
                         net (fo=6, routed)           0.262     6.452    U0_ps_ai_peripheral/ZGolo/UserCustomOp_0_awwvalid
    SLICE_X61Y128        LUT4 (Prop_lut4_I1_O)        0.043     6.495 r  U0_ps_ai_peripheral/ZGolo/s_valid_i_2__7/O
                         net (fo=2, routed)           0.988     7.483    U0_ps_ai_peripheral/ZGolo/u_AI_Mate_top/ddr_witcn_u0/m_ddr_itf_awwvalid
    SLICE_X89Y147        LUT4 (Prop_lut4_I0_O)        0.043     7.526 r  U0_ps_ai_peripheral/ZGolo/s_data[616]_i_1/O
                         net (fo=617, routed)         0.718     8.244    U0_ps_ai_peripheral/ZGolo/s_data[616]_i_1_n_0
    SLICE_X101Y142       FDCE                                         r  U0_ps_ai_peripheral/ZGolo/u_AI_Mate_top/ddr_witcn_u0/avr_rs_u0/u_avr_frs/s_data_reg[595]/CE
  -------------------------------------------------------------------    -------------------

                         (clock clk_pll_i rise edge)
                                                      5.000     5.000 r  
    C8                                                0.000     5.000 r  sys_clk_p (IN)
                         net (fo=0)                   0.000     5.000    U0_ps_ai_peripheral/mig_ddr3_u0/u_mig_7series_0_mig/u_ddr3_clk_ibuf/sys_clk_p
    C8                   IBUFDS (Prop_ibufds_I_O)     0.758     5.758 r  U0_ps_ai_peripheral/mig_ddr3_u0/u_mig_7series_0_mig/u_ddr3_clk_ibuf/diff_input_clk.u_ibufg_sys_clk/O
                         net (fo=3, routed)           1.001     6.759    U0_ps_ai_peripheral/mig_ddr3_u0/u_mig_7series_0_mig/u_ddr3_infrastructure/out
    PLLE2_ADV_X1Y2       PLLE2_ADV (Prop_plle2_adv_CLKIN1_CLKOUT3)
                                                      0.073     6.832 r  U0_ps_ai_peripheral/mig_ddr3_u0/u_mig_7series_0_mig/u_ddr3_infrastructure/plle2_i/CLKOUT3
                         net (fo=1, routed)           1.033     7.865    U0_ps_ai_peripheral/mig_ddr3_u0/u_mig_7series_0_mig/u_ddr3_infrastructure/pll_clk3_out
    BUFHCE_X1Y24         BUFH (Prop_bufh_I_O)         0.066     7.931 r  U0_ps_ai_peripheral/mig_ddr3_u0/u_mig_7series_0_mig/u_ddr3_infrastructure/u_bufh_pll_clk3/O
                         net (fo=1, routed)           0.710     8.641    U0_ps_ai_peripheral/mig_ddr3_u0/u_mig_7series_0_mig/u_ddr3_infrastructure/pll_clk3
    MMCME2_ADV_X1Y2      MMCME2_ADV (Prop_mmcme2_adv_CLKIN1_CLKFBOUT)
                                                     -2.652     5.989 r  U0_ps_ai_peripheral/mig_ddr3_u0/u_mig_7series_0_mig/u_ddr3_infrastructure/gen_mmcm.mmcm_i/CLKFBOUT
                         net (fo=1, routed)           1.333     7.322    U0_ps_ai_peripheral/mig_ddr3_u0/u_mig_7series_0_mig/u_ddr3_infrastructure/clk_pll_i
    BUFGCTRL_X0Y16       BUFG (Prop_bufg_I_O)         0.083     7.405 r  U0_ps_ai_peripheral/mig_ddr3_u0/u_mig_7series_0_mig/u_ddr3_infrastructure/u_bufg_clkdiv0/O
                         net (fo=104865, routed)      1.135     8.540    U0_ps_ai_peripheral/ZGolo/hp_clk
    SLICE_X101Y142       FDCE                                         r  U0_ps_ai_peripheral/ZGolo/u_AI_Mate_top/ddr_witcn_u0/avr_rs_u0/u_avr_frs/s_data_reg[595]/C
                         clock pessimism              0.266     8.807    
                         clock uncertainty           -0.502     8.304    
    SLICE_X101Y142       FDCE (Setup_fdce_C_CE)      -0.201     8.103    U0_ps_ai_peripheral/ZGolo/u_AI_Mate_top/ddr_witcn_u0/avr_rs_u0/u_avr_frs/s_data_reg[595]
  -------------------------------------------------------------------
                         required time                          8.103    
                         arrival time                          -8.244    
  -------------------------------------------------------------------
                         slack                                 -0.140    

Slack (VIOLATED) :        -0.139ns  (required time - arrival time)
  Source:                 U_adder_top/U_flicker/dma/write_count_reg[2]/C
                            (rising edge-triggered cell FDCE clocked by clk_pll_i  {rise@0.000ns fall@2.500ns period=5.000ns})
  Destination:            U0_ps_ai_peripheral/ZGolo/u_AI_Mate_top/ddr_witcn_u0/avr_rs_u0/u_avr_frs/s_data_reg[181]/CE
                            (rising edge-triggered cell FDCE clocked by clk_pll_i  {rise@0.000ns fall@2.500ns period=5.000ns})
  Path Group:             clk_pll_i
  Path Type:              Setup (Max at Slow Process Corner)
  Requirement:            5.000ns  (clk_pll_i rise@5.000ns - clk_pll_i rise@0.000ns)
  Data Path Delay:        4.507ns  (logic 0.900ns (19.968%)  route 3.607ns (80.032%))
  Logic Levels:           9  (CARRY4=4 LUT4=3 LUT5=1 LUT6=1)
  Clock Path Skew:        0.072ns (DCD - SCD + CPR)
    Destination Clock Delay (DCD):    3.667ns = ( 8.667 - 5.000 ) 
    Source Clock Delay      (SCD):    3.862ns
    Clock Pessimism Removal (CPR):    0.266ns
  Clock Uncertainty:      0.502ns  ((TSJ^2 + DJ^2)^1/2) / 2 + PE + UU
    Total System Jitter     (TSJ):    0.071ns
    Discrete Jitter          (DJ):    0.077ns
    Phase Error              (PE):    0.000ns
    User Uncertainty         (UU):    0.450ns

    Location             Delay type                Incr(ns)  Path(ns)    Netlist Resource(s)
  -------------------------------------------------------------------    -------------------
                         (clock clk_pll_i rise edge)
                                                      0.000     0.000 r  
    C8                                                0.000     0.000 r  sys_clk_p (IN)
                         net (fo=0)                   0.000     0.000    U0_ps_ai_peripheral/mig_ddr3_u0/u_mig_7series_0_mig/u_ddr3_clk_ibuf/sys_clk_p
    C8                   IBUFDS (Prop_ibufds_I_O)     0.855     0.855 r  U0_ps_ai_peripheral/mig_ddr3_u0/u_mig_7series_0_mig/u_ddr3_clk_ibuf/diff_input_clk.u_ibufg_sys_clk/O
                         net (fo=3, routed)           1.098     1.953    U0_ps_ai_peripheral/mig_ddr3_u0/u_mig_7series_0_mig/u_ddr3_infrastructure/out
    PLLE2_ADV_X1Y2       PLLE2_ADV (Prop_plle2_adv_CLKIN1_CLKOUT3)
                                                      0.077     2.030 r  U0_ps_ai_peripheral/mig_ddr3_u0/u_mig_7series_0_mig/u_ddr3_infrastructure/plle2_i/CLKOUT3
                         net (fo=1, routed)           1.145     3.175    U0_ps_ai_peripheral/mig_ddr3_u0/u_mig_7series_0_mig/u_ddr3_infrastructure/pll_clk3_out
    BUFHCE_X1Y24         BUFH (Prop_bufh_I_O)         0.103     3.278 r  U0_ps_ai_peripheral/mig_ddr3_u0/u_mig_7series_0_mig/u_ddr3_infrastructure/u_bufh_pll_clk3/O
                         net (fo=1, routed)           0.779     4.057    U0_ps_ai_peripheral/mig_ddr3_u0/u_mig_7series_0_mig/u_ddr3_infrastructure/pll_clk3
    MMCME2_ADV_X1Y2      MMCME2_ADV (Prop_mmcme2_adv_CLKIN1_CLKFBOUT)
                                                     -2.933     1.124 r  U0_ps_ai_peripheral/mig_ddr3_u0/u_mig_7series_0_mig/u_ddr3_infrastructure/gen_mmcm.mmcm_i/CLKFBOUT
                         net (fo=1, routed)           1.442     2.566    U0_ps_ai_peripheral/mig_ddr3_u0/u_mig_7series_0_mig/u_ddr3_infrastructure/clk_pll_i
    BUFGCTRL_X0Y16       BUFG (Prop_bufg_I_O)         0.093     2.659 r  U0_ps_ai_peripheral/mig_ddr3_u0/u_mig_7series_0_mig/u_ddr3_infrastructure/u_bufg_clkdiv0/O
                         net (fo=104865, routed)      1.203     3.862    U_adder_top/U_flicker/dma/ui_clk
    SLICE_X52Y120        FDCE                                         r  U_adder_top/U_flicker/dma/write_count_reg[2]/C
  -------------------------------------------------------------------    -------------------
    SLICE_X52Y120        FDCE (Prop_fdce_C_Q)         0.259     4.121 r  U_adder_top/U_flicker/dma/write_count_reg[2]/Q
                         net (fo=6, routed)           0.548     4.669    U_adder_top/U_flicker/dma/writes[2]
    SLICE_X51Y121        LUT4 (Prop_lut4_I2_O)        0.043     4.712 r  U_adder_top/U_flicker/dma/awvalid1_carry_i_7/O
                         net (fo=1, routed)           0.000     4.712    U_adder_top/U_flicker/dma/awvalid1_carry_i_7_n_0
    SLICE_X51Y121        CARRY4 (Prop_carry4_S[1]_CO[3])
                                                      0.267     4.979 r  U_adder_top/U_flicker/dma/awvalid1_carry/CO[3]
                         net (fo=1, routed)           0.000     4.979    U_adder_top/U_flicker/dma/awvalid1_carry_n_0
    SLICE_X51Y122        CARRY4 (Prop_carry4_CI_CO[3])
                                                      0.053     5.032 r  U_adder_top/U_flicker/dma/awvalid1_carry__0/CO[3]
                         net (fo=1, routed)           0.000     5.032    U_adder_top/U_flicker/dma/awvalid1_carry__0_n_0
    SLICE_X51Y123        CARRY4 (Prop_carry4_CI_CO[3])
                                                      0.053     5.085 r  U_adder_top/U_flicker/dma/awvalid1_carry__1/CO[3]
                         net (fo=1, routed)           0.000     5.085    U_adder_top/U_flicker/dma/awvalid1_carry__1_n_0
    SLICE_X51Y124        CARRY4 (Prop_carry4_CI_CO[3])
                                                      0.053     5.138 r  U_adder_top/U_flicker/dma/awvalid1_carry__2/CO[3]
                         net (fo=1, routed)           0.584     5.722    U_adder_top/U_flicker/dma/awvalid1
    SLICE_X61Y124        LUT6 (Prop_lut6_I3_O)        0.043     5.765 r  U_adder_top/U_flicker/dma/ZGolo_i_583/O
                         net (fo=4, routed)           0.382     6.147    U_adder_top/legacy/U_adder/U_avr_rs/u_avr_frs/fawv
    SLICE_X60Y126        LUT5 (Prop_lut5_I0_O)        0.043     6.190 r  U_adder_top/legacy/U_adder/U_avr_rs/u_avr_frs/ZGolo_i_547/O
                         net (fo=6, routed)           0.262     6.452    U0_ps_ai_peripheral/ZGolo/UserCustomOp_0_awwvalid
    SLICE_X61Y128        LUT4 (Prop_lut4_I1_O)        0.043     6.495 r  U0_ps_ai_peripheral/ZGolo/s_valid_i_2__7/O
                         net (fo=2, routed)           0.988     7.483    U0_ps_ai_peripheral/ZGolo/u_AI_Mate_top/ddr_witcn_u0/m_ddr_itf_awwvalid
    SLICE_X89Y147        LUT4 (Prop_lut4_I0_O)        0.043     7.526 r  U0_ps_ai_peripheral/ZGolo/s_data[616]_i_1/O
                         net (fo=617, routed)         0.843     8.369    U0_ps_ai_peripheral/ZGolo/s_data[616]_i_1_n_0
    SLICE_X92Y159        FDCE                                         r  U0_ps_ai_peripheral/ZGolo/u_AI_Mate_top/ddr_witcn_u0/avr_rs_u0/u_avr_frs/s_data_reg[181]/CE
  -------------------------------------------------------------------    -------------------

                         (clock clk_pll_i rise edge)
                                                      5.000     5.000 r  
    C8                                                0.000     5.000 r  sys_clk_p (IN)
                         net (fo=0)                   0.000     5.000    U0_ps_ai_peripheral/mig_ddr3_u0/u_mig_7series_0_mig/u_ddr3_clk_ibuf/sys_clk_p
    C8                   IBUFDS (Prop_ibufds_I_O)     0.758     5.758 r  U0_ps_ai_peripheral/mig_ddr3_u0/u_mig_7series_0_mig/u_ddr3_clk_ibuf/diff_input_clk.u_ibufg_sys_clk/O
                         net (fo=3, routed)           1.001     6.759    U0_ps_ai_peripheral/mig_ddr3_u0/u_mig_7series_0_mig/u_ddr3_infrastructure/out
    PLLE2_ADV_X1Y2       PLLE2_ADV (Prop_plle2_adv_CLKIN1_CLKOUT3)
                                                      0.073     6.832 r  U0_ps_ai_peripheral/mig_ddr3_u0/u_mig_7series_0_mig/u_ddr3_infrastructure/plle2_i/CLKOUT3
                         net (fo=1, routed)           1.033     7.865    U0_ps_ai_peripheral/mig_ddr3_u0/u_mig_7series_0_mig/u_ddr3_infrastructure/pll_clk3_out
    BUFHCE_X1Y24         BUFH (Prop_bufh_I_O)         0.066     7.931 r  U0_ps_ai_peripheral/mig_ddr3_u0/u_mig_7series_0_mig/u_ddr3_infrastructure/u_bufh_pll_clk3/O
                         net (fo=1, routed)           0.710     8.641    U0_ps_ai_peripheral/mig_ddr3_u0/u_mig_7series_0_mig/u_ddr3_infrastructure/pll_clk3
    MMCME2_ADV_X1Y2      MMCME2_ADV (Prop_mmcme2_adv_CLKIN1_CLKFBOUT)
                                                     -2.652     5.989 r  U0_ps_ai_peripheral/mig_ddr3_u0/u_mig_7series_0_mig/u_ddr3_infrastructure/gen_mmcm.mmcm_i/CLKFBOUT
                         net (fo=1, routed)           1.333     7.322    U0_ps_ai_peripheral/mig_ddr3_u0/u_mig_7series_0_mig/u_ddr3_infrastructure/clk_pll_i
    BUFGCTRL_X0Y16       BUFG (Prop_bufg_I_O)         0.083     7.405 r  U0_ps_ai_peripheral/mig_ddr3_u0/u_mig_7series_0_mig/u_ddr3_infrastructure/u_bufg_clkdiv0/O
                         net (fo=104865, routed)      1.262     8.667    U0_ps_ai_peripheral/ZGolo/hp_clk
    SLICE_X92Y159        FDCE                                         r  U0_ps_ai_peripheral/ZGolo/u_AI_Mate_top/ddr_witcn_u0/avr_rs_u0/u_avr_frs/s_data_reg[181]/C
                         clock pessimism              0.266     8.934    
                         clock uncertainty           -0.502     8.431    
    SLICE_X92Y159        FDCE (Setup_fdce_C_CE)      -0.201     8.230    U0_ps_ai_peripheral/ZGolo/u_AI_Mate_top/ddr_witcn_u0/avr_rs_u0/u_avr_frs/s_data_reg[181]
  -------------------------------------------------------------------
                         required time                          8.230    
                         arrival time                          -8.369    
  -------------------------------------------------------------------
                         slack                                 -0.139    

Slack (VIOLATED) :        -0.139ns  (required time - arrival time)
  Source:                 U_adder_top/U_flicker/dma/write_count_reg[2]/C
                            (rising edge-triggered cell FDCE clocked by clk_pll_i  {rise@0.000ns fall@2.500ns period=5.000ns})
  Destination:            U0_ps_ai_peripheral/ZGolo/u_AI_Mate_top/ddr_witcn_u0/avr_rs_u0/u_avr_frs/s_data_reg[215]/CE
                            (rising edge-triggered cell FDCE clocked by clk_pll_i  {rise@0.000ns fall@2.500ns period=5.000ns})
  Path Group:             clk_pll_i
  Path Type:              Setup (Max at Slow Process Corner)
  Requirement:            5.000ns  (clk_pll_i rise@5.000ns - clk_pll_i rise@0.000ns)
  Data Path Delay:        4.507ns  (logic 0.900ns (19.968%)  route 3.607ns (80.032%))
  Logic Levels:           9  (CARRY4=4 LUT4=3 LUT5=1 LUT6=1)
  Clock Path Skew:        0.072ns (DCD - SCD + CPR)
    Destination Clock Delay (DCD):    3.667ns = ( 8.667 - 5.000 ) 
    Source Clock Delay      (SCD):    3.862ns
    Clock Pessimism Removal (CPR):    0.266ns
  Clock Uncertainty:      0.502ns  ((TSJ^2 + DJ^2)^1/2) / 2 + PE + UU
    Total System Jitter     (TSJ):    0.071ns
    Discrete Jitter          (DJ):    0.077ns
    Phase Error              (PE):    0.000ns
    User Uncertainty         (UU):    0.450ns

    Location             Delay type                Incr(ns)  Path(ns)    Netlist Resource(s)
  -------------------------------------------------------------------    -------------------
                         (clock clk_pll_i rise edge)
                                                      0.000     0.000 r  
    C8                                                0.000     0.000 r  sys_clk_p (IN)
                         net (fo=0)                   0.000     0.000    U0_ps_ai_peripheral/mig_ddr3_u0/u_mig_7series_0_mig/u_ddr3_clk_ibuf/sys_clk_p
    C8                   IBUFDS (Prop_ibufds_I_O)     0.855     0.855 r  U0_ps_ai_peripheral/mig_ddr3_u0/u_mig_7series_0_mig/u_ddr3_clk_ibuf/diff_input_clk.u_ibufg_sys_clk/O
                         net (fo=3, routed)           1.098     1.953    U0_ps_ai_peripheral/mig_ddr3_u0/u_mig_7series_0_mig/u_ddr3_infrastructure/out
    PLLE2_ADV_X1Y2       PLLE2_ADV (Prop_plle2_adv_CLKIN1_CLKOUT3)
                                                      0.077     2.030 r  U0_ps_ai_peripheral/mig_ddr3_u0/u_mig_7series_0_mig/u_ddr3_infrastructure/plle2_i/CLKOUT3
                         net (fo=1, routed)           1.145     3.175    U0_ps_ai_peripheral/mig_ddr3_u0/u_mig_7series_0_mig/u_ddr3_infrastructure/pll_clk3_out
    BUFHCE_X1Y24         BUFH (Prop_bufh_I_O)         0.103     3.278 r  U0_ps_ai_peripheral/mig_ddr3_u0/u_mig_7series_0_mig/u_ddr3_infrastructure/u_bufh_pll_clk3/O
                         net (fo=1, routed)           0.779     4.057    U0_ps_ai_peripheral/mig_ddr3_u0/u_mig_7series_0_mig/u_ddr3_infrastructure/pll_clk3
    MMCME2_ADV_X1Y2      MMCME2_ADV (Prop_mmcme2_adv_CLKIN1_CLKFBOUT)
                                                     -2.933     1.124 r  U0_ps_ai_peripheral/mig_ddr3_u0/u_mig_7series_0_mig/u_ddr3_infrastructure/gen_mmcm.mmcm_i/CLKFBOUT
                         net (fo=1, routed)           1.442     2.566    U0_ps_ai_peripheral/mig_ddr3_u0/u_mig_7series_0_mig/u_ddr3_infrastructure/clk_pll_i
    BUFGCTRL_X0Y16       BUFG (Prop_bufg_I_O)         0.093     2.659 r  U0_ps_ai_peripheral/mig_ddr3_u0/u_mig_7series_0_mig/u_ddr3_infrastructure/u_bufg_clkdiv0/O
                         net (fo=104865, routed)      1.203     3.862    U_adder_top/U_flicker/dma/ui_clk
    SLICE_X52Y120        FDCE                                         r  U_adder_top/U_flicker/dma/write_count_reg[2]/C
  -------------------------------------------------------------------    -------------------
    SLICE_X52Y120        FDCE (Prop_fdce_C_Q)         0.259     4.121 r  U_adder_top/U_flicker/dma/write_count_reg[2]/Q
                         net (fo=6, routed)           0.548     4.669    U_adder_top/U_flicker/dma/writes[2]
    SLICE_X51Y121        LUT4 (Prop_lut4_I2_O)        0.043     4.712 r  U_adder_top/U_flicker/dma/awvalid1_carry_i_7/O
                         net (fo=1, routed)           0.000     4.712    U_adder_top/U_flicker/dma/awvalid1_carry_i_7_n_0
    SLICE_X51Y121        CARRY4 (Prop_carry4_S[1]_CO[3])
                                                      0.267     4.979 r  U_adder_top/U_flicker/dma/awvalid1_carry/CO[3]
                         net (fo=1, routed)           0.000     4.979    U_adder_top/U_flicker/dma/awvalid1_carry_n_0
    SLICE_X51Y122        CARRY4 (Prop_carry4_CI_CO[3])
                                                      0.053     5.032 r  U_adder_top/U_flicker/dma/awvalid1_carry__0/CO[3]
                         net (fo=1, routed)           0.000     5.032    U_adder_top/U_flicker/dma/awvalid1_carry__0_n_0
    SLICE_X51Y123        CARRY4 (Prop_carry4_CI_CO[3])
                                                      0.053     5.085 r  U_adder_top/U_flicker/dma/awvalid1_carry__1/CO[3]
                         net (fo=1, routed)           0.000     5.085    U_adder_top/U_flicker/dma/awvalid1_carry__1_n_0
    SLICE_X51Y124        CARRY4 (Prop_carry4_CI_CO[3])
                                                      0.053     5.138 r  U_adder_top/U_flicker/dma/awvalid1_carry__2/CO[3]
                         net (fo=1, routed)           0.584     5.722    U_adder_top/U_flicker/dma/awvalid1
    SLICE_X61Y124        LUT6 (Prop_lut6_I3_O)        0.043     5.765 r  U_adder_top/U_flicker/dma/ZGolo_i_583/O
                         net (fo=4, routed)           0.382     6.147    U_adder_top/legacy/U_adder/U_avr_rs/u_avr_frs/fawv
    SLICE_X60Y126        LUT5 (Prop_lut5_I0_O)        0.043     6.190 r  U_adder_top/legacy/U_adder/U_avr_rs/u_avr_frs/ZGolo_i_547/O
                         net (fo=6, routed)           0.262     6.452    U0_ps_ai_peripheral/ZGolo/UserCustomOp_0_awwvalid
    SLICE_X61Y128        LUT4 (Prop_lut4_I1_O)        0.043     6.495 r  U0_ps_ai_peripheral/ZGolo/s_valid_i_2__7/O
                         net (fo=2, routed)           0.988     7.483    U0_ps_ai_peripheral/ZGolo/u_AI_Mate_top/ddr_witcn_u0/m_ddr_itf_awwvalid
    SLICE_X89Y147        LUT4 (Prop_lut4_I0_O)        0.043     7.526 r  U0_ps_ai_peripheral/ZGolo/s_data[616]_i_1/O
                         net (fo=617, routed)         0.843     8.369    U0_ps_ai_peripheral/ZGolo/s_data[616]_i_1_n_0
    SLICE_X92Y159        FDCE                                         r  U0_ps_ai_peripheral/ZGolo/u_AI_Mate_top/ddr_witcn_u0/avr_rs_u0/u_avr_frs/s_data_reg[215]/CE
  -------------------------------------------------------------------    -------------------

                         (clock clk_pll_i rise edge)
                                                      5.000     5.000 r  
    C8                                                0.000     5.000 r  sys_clk_p (IN)
                         net (fo=0)                   0.000     5.000    U0_ps_ai_peripheral/mig_ddr3_u0/u_mig_7series_0_mig/u_ddr3_clk_ibuf/sys_clk_p
    C8                   IBUFDS (Prop_ibufds_I_O)     0.758     5.758 r  U0_ps_ai_peripheral/mig_ddr3_u0/u_mig_7series_0_mig/u_ddr3_clk_ibuf/diff_input_clk.u_ibufg_sys_clk/O
                         net (fo=3, routed)           1.001     6.759    U0_ps_ai_peripheral/mig_ddr3_u0/u_mig_7series_0_mig/u_ddr3_infrastructure/out
    PLLE2_ADV_X1Y2       PLLE2_ADV (Prop_plle2_adv_CLKIN1_CLKOUT3)
                                                      0.073     6.832 r  U0_ps_ai_peripheral/mig_ddr3_u0/u_mig_7series_0_mig/u_ddr3_infrastructure/plle2_i/CLKOUT3
                         net (fo=1, routed)           1.033     7.865    U0_ps_ai_peripheral/mig_ddr3_u0/u_mig_7series_0_mig/u_ddr3_infrastructure/pll_clk3_out
    BUFHCE_X1Y24         BUFH (Prop_bufh_I_O)         0.066     7.931 r  U0_ps_ai_peripheral/mig_ddr3_u0/u_mig_7series_0_mig/u_ddr3_infrastructure/u_bufh_pll_clk3/O
                         net (fo=1, routed)           0.710     8.641    U0_ps_ai_peripheral/mig_ddr3_u0/u_mig_7series_0_mig/u_ddr3_infrastructure/pll_clk3
    MMCME2_ADV_X1Y2      MMCME2_ADV (Prop_mmcme2_adv_CLKIN1_CLKFBOUT)
                                                     -2.652     5.989 r  U0_ps_ai_peripheral/mig_ddr3_u0/u_mig_7series_0_mig/u_ddr3_infrastructure/gen_mmcm.mmcm_i/CLKFBOUT
                         net (fo=1, routed)           1.333     7.322    U0_ps_ai_peripheral/mig_ddr3_u0/u_mig_7series_0_mig/u_ddr3_infrastructure/clk_pll_i
    BUFGCTRL_X0Y16       BUFG (Prop_bufg_I_O)         0.083     7.405 r  U0_ps_ai_peripheral/mig_ddr3_u0/u_mig_7series_0_mig/u_ddr3_infrastructure/u_bufg_clkdiv0/O
                         net (fo=104865, routed)      1.262     8.667    U0_ps_ai_peripheral/ZGolo/hp_clk
    SLICE_X92Y159        FDCE                                         r  U0_ps_ai_peripheral/ZGolo/u_AI_Mate_top/ddr_witcn_u0/avr_rs_u0/u_avr_frs/s_data_reg[215]/C
                         clock pessimism              0.266     8.934    
                         clock uncertainty           -0.502     8.431    
    SLICE_X92Y159        FDCE (Setup_fdce_C_CE)      -0.201     8.230    U0_ps_ai_peripheral/ZGolo/u_AI_Mate_top/ddr_witcn_u0/avr_rs_u0/u_avr_frs/s_data_reg[215]
  -------------------------------------------------------------------
                         required time                          8.230    
                         arrival time                          -8.369    
  -------------------------------------------------------------------
                         slack                                 -0.139    

Slack (VIOLATED) :        -0.124ns  (required time - arrival time)
  Source:                 U_adder_top/U_flicker/dma/write_count_reg[2]/C
                            (rising edge-triggered cell FDCE clocked by clk_pll_i  {rise@0.000ns fall@2.500ns period=5.000ns})
  Destination:            U0_ps_ai_peripheral/ZGolo/u_AI_Mate_top/ddr_witcn_u0/avr_rs_u0/u_avr_frs/s_data_reg[592]/CE
                            (rising edge-triggered cell FDCE clocked by clk_pll_i  {rise@0.000ns fall@2.500ns period=5.000ns})
  Path Group:             clk_pll_i
  Path Type:              Setup (Max at Slow Process Corner)
  Requirement:            5.000ns  (clk_pll_i rise@5.000ns - clk_pll_i rise@0.000ns)
  Data Path Delay:        4.315ns  (logic 0.900ns (20.855%)  route 3.415ns (79.145%))
  Logic Levels:           9  (CARRY4=4 LUT4=3 LUT5=1 LUT6=1)
  Clock Path Skew:        -0.105ns (DCD - SCD + CPR)
    Destination Clock Delay (DCD):    3.490ns = ( 8.490 - 5.000 ) 
    Source Clock Delay      (SCD):    3.862ns
    Clock Pessimism Removal (CPR):    0.266ns
  Clock Uncertainty:      0.502ns  ((TSJ^2 + DJ^2)^1/2) / 2 + PE + UU
    Total System Jitter     (TSJ):    0.071ns
    Discrete Jitter          (DJ):    0.077ns
    Phase Error              (PE):    0.000ns
    User Uncertainty         (UU):    0.450ns

    Location             Delay type                Incr(ns)  Path(ns)    Netlist Resource(s)
  -------------------------------------------------------------------    -------------------
                         (clock clk_pll_i rise edge)
                                                      0.000     0.000 r  
    C8                                                0.000     0.000 r  sys_clk_p (IN)
                         net (fo=0)                   0.000     0.000    U0_ps_ai_peripheral/mig_ddr3_u0/u_mig_7series_0_mig/u_ddr3_clk_ibuf/sys_clk_p
    C8                   IBUFDS (Prop_ibufds_I_O)     0.855     0.855 r  U0_ps_ai_peripheral/mig_ddr3_u0/u_mig_7series_0_mig/u_ddr3_clk_ibuf/diff_input_clk.u_ibufg_sys_clk/O
                         net (fo=3, routed)           1.098     1.953    U0_ps_ai_peripheral/mig_ddr3_u0/u_mig_7series_0_mig/u_ddr3_infrastructure/out
    PLLE2_ADV_X1Y2       PLLE2_ADV (Prop_plle2_adv_CLKIN1_CLKOUT3)
                                                      0.077     2.030 r  U0_ps_ai_peripheral/mig_ddr3_u0/u_mig_7series_0_mig/u_ddr3_infrastructure/plle2_i/CLKOUT3
                         net (fo=1, routed)           1.145     3.175    U0_ps_ai_peripheral/mig_ddr3_u0/u_mig_7series_0_mig/u_ddr3_infrastructure/pll_clk3_out
    BUFHCE_X1Y24         BUFH (Prop_bufh_I_O)         0.103     3.278 r  U0_ps_ai_peripheral/mig_ddr3_u0/u_mig_7series_0_mig/u_ddr3_infrastructure/u_bufh_pll_clk3/O
                         net (fo=1, routed)           0.779     4.057    U0_ps_ai_peripheral/mig_ddr3_u0/u_mig_7series_0_mig/u_ddr3_infrastructure/pll_clk3
    MMCME2_ADV_X1Y2      MMCME2_ADV (Prop_mmcme2_adv_CLKIN1_CLKFBOUT)
                                                     -2.933     1.124 r  U0_ps_ai_peripheral/mig_ddr3_u0/u_mig_7series_0_mig/u_ddr3_infrastructure/gen_mmcm.mmcm_i/CLKFBOUT
                         net (fo=1, routed)           1.442     2.566    U0_ps_ai_peripheral/mig_ddr3_u0/u_mig_7series_0_mig/u_ddr3_infrastructure/clk_pll_i
    BUFGCTRL_X0Y16       BUFG (Prop_bufg_I_O)         0.093     2.659 r  U0_ps_ai_peripheral/mig_ddr3_u0/u_mig_7series_0_mig/u_ddr3_infrastructure/u_bufg_clkdiv0/O
                         net (fo=104865, routed)      1.203     3.862    U_adder_top/U_flicker/dma/ui_clk
    SLICE_X52Y120        FDCE                                         r  U_adder_top/U_flicker/dma/write_count_reg[2]/C
  -------------------------------------------------------------------    -------------------
    SLICE_X52Y120        FDCE (Prop_fdce_C_Q)         0.259     4.121 r  U_adder_top/U_flicker/dma/write_count_reg[2]/Q
                         net (fo=6, routed)           0.548     4.669    U_adder_top/U_flicker/dma/writes[2]
    SLICE_X51Y121        LUT4 (Prop_lut4_I2_O)        0.043     4.712 r  U_adder_top/U_flicker/dma/awvalid1_carry_i_7/O
                         net (fo=1, routed)           0.000     4.712    U_adder_top/U_flicker/dma/awvalid1_carry_i_7_n_0
    SLICE_X51Y121        CARRY4 (Prop_carry4_S[1]_CO[3])
                                                      0.267     4.979 r  U_adder_top/U_flicker/dma/awvalid1_carry/CO[3]
                         net (fo=1, routed)           0.000     4.979    U_adder_top/U_flicker/dma/awvalid1_carry_n_0
    SLICE_X51Y122        CARRY4 (Prop_carry4_CI_CO[3])
                                                      0.053     5.032 r  U_adder_top/U_flicker/dma/awvalid1_carry__0/CO[3]
                         net (fo=1, routed)           0.000     5.032    U_adder_top/U_flicker/dma/awvalid1_carry__0_n_0
    SLICE_X51Y123        CARRY4 (Prop_carry4_CI_CO[3])
                                                      0.053     5.085 r  U_adder_top/U_flicker/dma/awvalid1_carry__1/CO[3]
                         net (fo=1, routed)           0.000     5.085    U_adder_top/U_flicker/dma/awvalid1_carry__1_n_0
    SLICE_X51Y124        CARRY4 (Prop_carry4_CI_CO[3])
                                                      0.053     5.138 r  U_adder_top/U_flicker/dma/awvalid1_carry__2/CO[3]
                         net (fo=1, routed)           0.584     5.722    U_adder_top/U_flicker/dma/awvalid1
    SLICE_X61Y124        LUT6 (Prop_lut6_I3_O)        0.043     5.765 r  U_adder_top/U_flicker/dma/ZGolo_i_583/O
                         net (fo=4, routed)           0.382     6.147    U_adder_top/legacy/U_adder/U_avr_rs/u_avr_frs/fawv
    SLICE_X60Y126        LUT5 (Prop_lut5_I0_O)        0.043     6.190 r  U_adder_top/legacy/U_adder/U_avr_rs/u_avr_frs/ZGolo_i_547/O
                         net (fo=6, routed)           0.262     6.452    U0_ps_ai_peripheral/ZGolo/UserCustomOp_0_awwvalid
    SLICE_X61Y128        LUT4 (Prop_lut4_I1_O)        0.043     6.495 r  U0_ps_ai_peripheral/ZGolo/s_valid_i_2__7/O
                         net (fo=2, routed)           0.988     7.483    U0_ps_ai_peripheral/ZGolo/u_AI_Mate_top/ddr_witcn_u0/m_ddr_itf_awwvalid
    SLICE_X89Y147        LUT4 (Prop_lut4_I0_O)        0.043     7.526 r  U0_ps_ai_peripheral/ZGolo/s_data[616]_i_1/O
                         net (fo=617, routed)         0.651     8.177    U0_ps_ai_peripheral/ZGolo/s_data[616]_i_1_n_0
    SLICE_X85Y140        FDCE                                         r  U0_ps_ai_peripheral/ZGolo/u_AI_Mate_top/ddr_witcn_u0/avr_rs_u0/u_avr_frs/s_data_reg[592]/CE
  -------------------------------------------------------------------    -------------------

                         (clock clk_pll_i rise edge)
                                                      5.000     5.000 r  
    C8                                                0.000     5.000 r  sys_clk_p (IN)
                         net (fo=0)                   0.000     5.000    U0_ps_ai_peripheral/mig_ddr3_u0/u_mig_7series_0_mig/u_ddr3_clk_ibuf/sys_clk_p
    C8                   IBUFDS (Prop_ibufds_I_O)     0.758     5.758 r  U0_ps_ai_peripheral/mig_ddr3_u0/u_mig_7series_0_mig/u_ddr3_clk_ibuf/diff_input_clk.u_ibufg_sys_clk/O
                         net (fo=3, routed)           1.001     6.759    U0_ps_ai_peripheral/mig_ddr3_u0/u_mig_7series_0_mig/u_ddr3_infrastructure/out
    PLLE2_ADV_X1Y2       PLLE2_ADV (Prop_plle2_adv_CLKIN1_CLKOUT3)
                                                      0.073     6.832 r  U0_ps_ai_peripheral/mig_ddr3_u0/u_mig_7series_0_mig/u_ddr3_infrastructure/plle2_i/CLKOUT3
                         net (fo=1, routed)           1.033     7.865    U0_ps_ai_peripheral/mig_ddr3_u0/u_mig_7series_0_mig/u_ddr3_infrastructure/pll_clk3_out
    BUFHCE_X1Y24         BUFH (Prop_bufh_I_O)         0.066     7.931 r  U0_ps_ai_peripheral/mig_ddr3_u0/u_mig_7series_0_mig/u_ddr3_infrastructure/u_bufh_pll_clk3/O
                         net (fo=1, routed)           0.710     8.641    U0_ps_ai_peripheral/mig_ddr3_u0/u_mig_7series_0_mig/u_ddr3_infrastructure/pll_clk3
    MMCME2_ADV_X1Y2      MMCME2_ADV (Prop_mmcme2_adv_CLKIN1_CLKFBOUT)
                                                     -2.652     5.989 r  U0_ps_ai_peripheral/mig_ddr3_u0/u_mig_7series_0_mig/u_ddr3_infrastructure/gen_mmcm.mmcm_i/CLKFBOUT
                         net (fo=1, routed)           1.333     7.322    U0_ps_ai_peripheral/mig_ddr3_u0/u_mig_7series_0_mig/u_ddr3_infrastructure/clk_pll_i
    BUFGCTRL_X0Y16       BUFG (Prop_bufg_I_O)         0.083     7.405 r  U0_ps_ai_peripheral/mig_ddr3_u0/u_mig_7series_0_mig/u_ddr3_infrastructure/u_bufg_clkdiv0/O
                         net (fo=104865, routed)      1.085     8.490    U0_ps_ai_peripheral/ZGolo/hp_clk
    SLICE_X85Y140        FDCE                                         r  U0_ps_ai_peripheral/ZGolo/u_AI_Mate_top/ddr_witcn_u0/avr_rs_u0/u_avr_frs/s_data_reg[592]/C
                         clock pessimism              0.266     8.757    
                         clock uncertainty           -0.502     8.254    
    SLICE_X85Y140        FDCE (Setup_fdce_C_CE)      -0.201     8.053    U0_ps_ai_peripheral/ZGolo/u_AI_Mate_top/ddr_witcn_u0/avr_rs_u0/u_avr_frs/s_data_reg[592]
  -------------------------------------------------------------------
                         required time                          8.053    
                         arrival time                          -8.177    
  -------------------------------------------------------------------
                         slack                                 -0.124    

Slack (VIOLATED) :        -0.124ns  (required time - arrival time)
  Source:                 U_adder_top/U_flicker/dma/write_count_reg[2]/C
                            (rising edge-triggered cell FDCE clocked by clk_pll_i  {rise@0.000ns fall@2.500ns period=5.000ns})
  Destination:            U0_ps_ai_peripheral/ZGolo/u_AI_Mate_top/ddr_witcn_u0/avr_rs_u0/u_avr_frs/s_data_reg[609]/CE
                            (rising edge-triggered cell FDCE clocked by clk_pll_i  {rise@0.000ns fall@2.500ns period=5.000ns})
  Path Group:             clk_pll_i
  Path Type:              Setup (Max at Slow Process Corner)
  Requirement:            5.000ns  (clk_pll_i rise@5.000ns - clk_pll_i rise@0.000ns)
  Data Path Delay:        4.315ns  (logic 0.900ns (20.855%)  route 3.415ns (79.145%))
  Logic Levels:           9  (CARRY4=4 LUT4=3 LUT5=1 LUT6=1)
  Clock Path Skew:        -0.105ns (DCD - SCD + CPR)
    Destination Clock Delay (DCD):    3.490ns = ( 8.490 - 5.000 ) 
    Source Clock Delay      (SCD):    3.862ns
    Clock Pessimism Removal (CPR):    0.266ns
  Clock Uncertainty:      0.502ns  ((TSJ^2 + DJ^2)^1/2) / 2 + PE + UU
    Total System Jitter     (TSJ):    0.071ns
    Discrete Jitter          (DJ):    0.077ns
    Phase Error              (PE):    0.000ns
    User Uncertainty         (UU):    0.450ns

    Location             Delay type                Incr(ns)  Path(ns)    Netlist Resource(s)
  -------------------------------------------------------------------    -------------------
                         (clock clk_pll_i rise edge)
                                                      0.000     0.000 r  
    C8                                                0.000     0.000 r  sys_clk_p (IN)
                         net (fo=0)                   0.000     0.000    U0_ps_ai_peripheral/mig_ddr3_u0/u_mig_7series_0_mig/u_ddr3_clk_ibuf/sys_clk_p
    C8                   IBUFDS (Prop_ibufds_I_O)     0.855     0.855 r  U0_ps_ai_peripheral/mig_ddr3_u0/u_mig_7series_0_mig/u_ddr3_clk_ibuf/diff_input_clk.u_ibufg_sys_clk/O
                         net (fo=3, routed)           1.098     1.953    U0_ps_ai_peripheral/mig_ddr3_u0/u_mig_7series_0_mig/u_ddr3_infrastructure/out
    PLLE2_ADV_X1Y2       PLLE2_ADV (Prop_plle2_adv_CLKIN1_CLKOUT3)
                                                      0.077     2.030 r  U0_ps_ai_peripheral/mig_ddr3_u0/u_mig_7series_0_mig/u_ddr3_infrastructure/plle2_i/CLKOUT3
                         net (fo=1, routed)           1.145     3.175    U0_ps_ai_peripheral/mig_ddr3_u0/u_mig_7series_0_mig/u_ddr3_infrastructure/pll_clk3_out
    BUFHCE_X1Y24         BUFH (Prop_bufh_I_O)         0.103     3.278 r  U0_ps_ai_peripheral/mig_ddr3_u0/u_mig_7series_0_mig/u_ddr3_infrastructure/u_bufh_pll_clk3/O
                         net (fo=1, routed)           0.779     4.057    U0_ps_ai_peripheral/mig_ddr3_u0/u_mig_7series_0_mig/u_ddr3_infrastructure/pll_clk3
    MMCME2_ADV_X1Y2      MMCME2_ADV (Prop_mmcme2_adv_CLKIN1_CLKFBOUT)
                                                     -2.933     1.124 r  U0_ps_ai_peripheral/mig_ddr3_u0/u_mig_7series_0_mig/u_ddr3_infrastructure/gen_mmcm.mmcm_i/CLKFBOUT
                         net (fo=1, routed)           1.442     2.566    U0_ps_ai_peripheral/mig_ddr3_u0/u_mig_7series_0_mig/u_ddr3_infrastructure/clk_pll_i
    BUFGCTRL_X0Y16       BUFG (Prop_bufg_I_O)         0.093     2.659 r  U0_ps_ai_peripheral/mig_ddr3_u0/u_mig_7series_0_mig/u_ddr3_infrastructure/u_bufg_clkdiv0/O
                         net (fo=104865, routed)      1.203     3.862    U_adder_top/U_flicker/dma/ui_clk
    SLICE_X52Y120        FDCE                                         r  U_adder_top/U_flicker/dma/write_count_reg[2]/C
  -------------------------------------------------------------------    -------------------
    SLICE_X52Y120        FDCE (Prop_fdce_C_Q)         0.259     4.121 r  U_adder_top/U_flicker/dma/write_count_reg[2]/Q
                         net (fo=6, routed)           0.548     4.669    U_adder_top/U_flicker/dma/writes[2]
    SLICE_X51Y121        LUT4 (Prop_lut4_I2_O)        0.043     4.712 r  U_adder_top/U_flicker/dma/awvalid1_carry_i_7/O
                         net (fo=1, routed)           0.000     4.712    U_adder_top/U_flicker/dma/awvalid1_carry_i_7_n_0
    SLICE_X51Y121        CARRY4 (Prop_carry4_S[1]_CO[3])
                                                      0.267     4.979 r  U_adder_top/U_flicker/dma/awvalid1_carry/CO[3]
                         net (fo=1, routed)           0.000     4.979    U_adder_top/U_flicker/dma/awvalid1_carry_n_0
    SLICE_X51Y122        CARRY4 (Prop_carry4_CI_CO[3])
                                                      0.053     5.032 r  U_adder_top/U_flicker/dma/awvalid1_carry__0/CO[3]
                         net (fo=1, routed)           0.000     5.032    U_adder_top/U_flicker/dma/awvalid1_carry__0_n_0
    SLICE_X51Y123        CARRY4 (Prop_carry4_CI_CO[3])
                                                      0.053     5.085 r  U_adder_top/U_flicker/dma/awvalid1_carry__1/CO[3]
                         net (fo=1, routed)           0.000     5.085    U_adder_top/U_flicker/dma/awvalid1_carry__1_n_0
    SLICE_X51Y124        CARRY4 (Prop_carry4_CI_CO[3])
                                                      0.053     5.138 r  U_adder_top/U_flicker/dma/awvalid1_carry__2/CO[3]
                         net (fo=1, routed)           0.584     5.722    U_adder_top/U_flicker/dma/awvalid1
    SLICE_X61Y124        LUT6 (Prop_lut6_I3_O)        0.043     5.765 r  U_adder_top/U_flicker/dma/ZGolo_i_583/O
                         net (fo=4, routed)           0.382     6.147    U_adder_top/legacy/U_adder/U_avr_rs/u_avr_frs/fawv
    SLICE_X60Y126        LUT5 (Prop_lut5_I0_O)        0.043     6.190 r  U_adder_top/legacy/U_adder/U_avr_rs/u_avr_frs/ZGolo_i_547/O
                         net (fo=6, routed)           0.262     6.452    U0_ps_ai_peripheral/ZGolo/UserCustomOp_0_awwvalid
    SLICE_X61Y128        LUT4 (Prop_lut4_I1_O)        0.043     6.495 r  U0_ps_ai_peripheral/ZGolo/s_valid_i_2__7/O
                         net (fo=2, routed)           0.988     7.483    U0_ps_ai_peripheral/ZGolo/u_AI_Mate_top/ddr_witcn_u0/m_ddr_itf_awwvalid
    SLICE_X89Y147        LUT4 (Prop_lut4_I0_O)        0.043     7.526 r  U0_ps_ai_peripheral/ZGolo/s_data[616]_i_1/O
                         net (fo=617, routed)         0.651     8.177    U0_ps_ai_peripheral/ZGolo/s_data[616]_i_1_n_0
    SLICE_X85Y140        FDCE                                         r  U0_ps_ai_peripheral/ZGolo/u_AI_Mate_top/ddr_witcn_u0/avr_rs_u0/u_avr_frs/s_data_reg[609]/CE
  -------------------------------------------------------------------    -------------------

                         (clock clk_pll_i rise edge)
                                                      5.000     5.000 r  
    C8                                                0.000     5.000 r  sys_clk_p (IN)
                         net (fo=0)                   0.000     5.000    U0_ps_ai_peripheral/mig_ddr3_u0/u_mig_7series_0_mig/u_ddr3_clk_ibuf/sys_clk_p
    C8                   IBUFDS (Prop_ibufds_I_O)     0.758     5.758 r  U0_ps_ai_peripheral/mig_ddr3_u0/u_mig_7series_0_mig/u_ddr3_clk_ibuf/diff_input_clk.u_ibufg_sys_clk/O
                         net (fo=3, routed)           1.001     6.759    U0_ps_ai_peripheral/mig_ddr3_u0/u_mig_7series_0_mig/u_ddr3_infrastructure/out
    PLLE2_ADV_X1Y2       PLLE2_ADV (Prop_plle2_adv_CLKIN1_CLKOUT3)
                                                      0.073     6.832 r  U0_ps_ai_peripheral/mig_ddr3_u0/u_mig_7series_0_mig/u_ddr3_infrastructure/plle2_i/CLKOUT3
                         net (fo=1, routed)           1.033     7.865    U0_ps_ai_peripheral/mig_ddr3_u0/u_mig_7series_0_mig/u_ddr3_infrastructure/pll_clk3_out
    BUFHCE_X1Y24         BUFH (Prop_bufh_I_O)         0.066     7.931 r  U0_ps_ai_peripheral/mig_ddr3_u0/u_mig_7series_0_mig/u_ddr3_infrastructure/u_bufh_pll_clk3/O
                         net (fo=1, routed)           0.710     8.641    U0_ps_ai_peripheral/mig_ddr3_u0/u_mig_7series_0_mig/u_ddr3_infrastructure/pll_clk3
    MMCME2_ADV_X1Y2      MMCME2_ADV (Prop_mmcme2_adv_CLKIN1_CLKFBOUT)
                                                     -2.652     5.989 r  U0_ps_ai_peripheral/mig_ddr3_u0/u_mig_7series_0_mig/u_ddr3_infrastructure/gen_mmcm.mmcm_i/CLKFBOUT
                         net (fo=1, routed)           1.333     7.322    U0_ps_ai_peripheral/mig_ddr3_u0/u_mig_7series_0_mig/u_ddr3_infrastructure/clk_pll_i
    BUFGCTRL_X0Y16       BUFG (Prop_bufg_I_O)         0.083     7.405 r  U0_ps_ai_peripheral/mig_ddr3_u0/u_mig_7series_0_mig/u_ddr3_infrastructure/u_bufg_clkdiv0/O
                         net (fo=104865, routed)      1.085     8.490    U0_ps_ai_peripheral/ZGolo/hp_clk
    SLICE_X85Y140        FDCE                                         r  U0_ps_ai_peripheral/ZGolo/u_AI_Mate_top/ddr_witcn_u0/avr_rs_u0/u_avr_frs/s_data_reg[609]/C
                         clock pessimism              0.266     8.757    
                         clock uncertainty           -0.502     8.254    
    SLICE_X85Y140        FDCE (Setup_fdce_C_CE)      -0.201     8.053    U0_ps_ai_peripheral/ZGolo/u_AI_Mate_top/ddr_witcn_u0/avr_rs_u0/u_avr_frs/s_data_reg[609]
  -------------------------------------------------------------------
                         required time                          8.053    
                         arrival time                          -8.177    
  -------------------------------------------------------------------
                         slack                                 -0.124    

Slack (VIOLATED) :        -0.120ns  (required time - arrival time)
  Source:                 U_adder_top/U_flicker/dma/write_count_reg[2]/C
                            (rising edge-triggered cell FDCE clocked by clk_pll_i  {rise@0.000ns fall@2.500ns period=5.000ns})
  Destination:            U0_ps_ai_peripheral/ZGolo/u_AI_Mate_top/ddr_witcn_u0/avr_rs_u0/u_avr_frs/s_data_reg[196]/CE
                            (rising edge-triggered cell FDCE clocked by clk_pll_i  {rise@0.000ns fall@2.500ns period=5.000ns})
  Path Group:             clk_pll_i
  Path Type:              Setup (Max at Slow Process Corner)
  Requirement:            5.000ns  (clk_pll_i rise@5.000ns - clk_pll_i rise@0.000ns)
  Data Path Delay:        4.363ns  (logic 0.900ns (20.628%)  route 3.463ns (79.372%))
  Logic Levels:           9  (CARRY4=4 LUT4=3 LUT5=1 LUT6=1)
  Clock Path Skew:        -0.054ns (DCD - SCD + CPR)
    Destination Clock Delay (DCD):    3.541ns = ( 8.541 - 5.000 ) 
    Source Clock Delay      (SCD):    3.862ns
    Clock Pessimism Removal (CPR):    0.266ns
  Clock Uncertainty:      0.502ns  ((TSJ^2 + DJ^2)^1/2) / 2 + PE + UU
    Total System Jitter     (TSJ):    0.071ns
    Discrete Jitter          (DJ):    0.077ns
    Phase Error              (PE):    0.000ns
    User Uncertainty         (UU):    0.450ns

    Location             Delay type                Incr(ns)  Path(ns)    Netlist Resource(s)
  -------------------------------------------------------------------    -------------------
                         (clock clk_pll_i rise edge)
                                                      0.000     0.000 r  
    C8                                                0.000     0.000 r  sys_clk_p (IN)
                         net (fo=0)                   0.000     0.000    U0_ps_ai_peripheral/mig_ddr3_u0/u_mig_7series_0_mig/u_ddr3_clk_ibuf/sys_clk_p
    C8                   IBUFDS (Prop_ibufds_I_O)     0.855     0.855 r  U0_ps_ai_peripheral/mig_ddr3_u0/u_mig_7series_0_mig/u_ddr3_clk_ibuf/diff_input_clk.u_ibufg_sys_clk/O
                         net (fo=3, routed)           1.098     1.953    U0_ps_ai_peripheral/mig_ddr3_u0/u_mig_7series_0_mig/u_ddr3_infrastructure/out
    PLLE2_ADV_X1Y2       PLLE2_ADV (Prop_plle2_adv_CLKIN1_CLKOUT3)
                                                      0.077     2.030 r  U0_ps_ai_peripheral/mig_ddr3_u0/u_mig_7series_0_mig/u_ddr3_infrastructure/plle2_i/CLKOUT3
                         net (fo=1, routed)           1.145     3.175    U0_ps_ai_peripheral/mig_ddr3_u0/u_mig_7series_0_mig/u_ddr3_infrastructure/pll_clk3_out
    BUFHCE_X1Y24         BUFH (Prop_bufh_I_O)         0.103     3.278 r  U0_ps_ai_peripheral/mig_ddr3_u0/u_mig_7series_0_mig/u_ddr3_infrastructure/u_bufh_pll_clk3/O
                         net (fo=1, routed)           0.779     4.057    U0_ps_ai_peripheral/mig_ddr3_u0/u_mig_7series_0_mig/u_ddr3_infrastructure/pll_clk3
    MMCME2_ADV_X1Y2      MMCME2_ADV (Prop_mmcme2_adv_CLKIN1_CLKFBOUT)
                                                     -2.933     1.124 r  U0_ps_ai_peripheral/mig_ddr3_u0/u_mig_7series_0_mig/u_ddr3_infrastructure/gen_mmcm.mmcm_i/CLKFBOUT
                         net (fo=1, routed)           1.442     2.566    U0_ps_ai_peripheral/mig_ddr3_u0/u_mig_7series_0_mig/u_ddr3_infrastructure/clk_pll_i
    BUFGCTRL_X0Y16       BUFG (Prop_bufg_I_O)         0.093     2.659 r  U0_ps_ai_peripheral/mig_ddr3_u0/u_mig_7series_0_mig/u_ddr3_infrastructure/u_bufg_clkdiv0/O
                         net (fo=104865, routed)      1.203     3.862    U_adder_top/U_flicker/dma/ui_clk
    SLICE_X52Y120        FDCE                                         r  U_adder_top/U_flicker/dma/write_count_reg[2]/C
  -------------------------------------------------------------------    -------------------
    SLICE_X52Y120        FDCE (Prop_fdce_C_Q)         0.259     4.121 r  U_adder_top/U_flicker/dma/write_count_reg[2]/Q
                         net (fo=6, routed)           0.548     4.669    U_adder_top/U_flicker/dma/writes[2]
    SLICE_X51Y121        LUT4 (Prop_lut4_I2_O)        0.043     4.712 r  U_adder_top/U_flicker/dma/awvalid1_carry_i_7/O
                         net (fo=1, routed)           0.000     4.712    U_adder_top/U_flicker/dma/awvalid1_carry_i_7_n_0
    SLICE_X51Y121        CARRY4 (Prop_carry4_S[1]_CO[3])
                                                      0.267     4.979 r  U_adder_top/U_flicker/dma/awvalid1_carry/CO[3]
                         net (fo=1, routed)           0.000     4.979    U_adder_top/U_flicker/dma/awvalid1_carry_n_0
    SLICE_X51Y122        CARRY4 (Prop_carry4_CI_CO[3])
                                                      0.053     5.032 r  U_adder_top/U_flicker/dma/awvalid1_carry__0/CO[3]
                         net (fo=1, routed)           0.000     5.032    U_adder_top/U_flicker/dma/awvalid1_carry__0_n_0
    SLICE_X51Y123        CARRY4 (Prop_carry4_CI_CO[3])
                                                      0.053     5.085 r  U_adder_top/U_flicker/dma/awvalid1_carry__1/CO[3]
                         net (fo=1, routed)           0.000     5.085    U_adder_top/U_flicker/dma/awvalid1_carry__1_n_0
    SLICE_X51Y124        CARRY4 (Prop_carry4_CI_CO[3])
                                                      0.053     5.138 r  U_adder_top/U_flicker/dma/awvalid1_carry__2/CO[3]
                         net (fo=1, routed)           0.584     5.722    U_adder_top/U_flicker/dma/awvalid1
    SLICE_X61Y124        LUT6 (Prop_lut6_I3_O)        0.043     5.765 r  U_adder_top/U_flicker/dma/ZGolo_i_583/O
                         net (fo=4, routed)           0.382     6.147    U_adder_top/legacy/U_adder/U_avr_rs/u_avr_frs/fawv
    SLICE_X60Y126        LUT5 (Prop_lut5_I0_O)        0.043     6.190 r  U_adder_top/legacy/U_adder/U_avr_rs/u_avr_frs/ZGolo_i_547/O
                         net (fo=6, routed)           0.262     6.452    U0_ps_ai_peripheral/ZGolo/UserCustomOp_0_awwvalid
    SLICE_X61Y128        LUT4 (Prop_lut4_I1_O)        0.043     6.495 r  U0_ps_ai_peripheral/ZGolo/s_valid_i_2__7/O
                         net (fo=2, routed)           0.988     7.483    U0_ps_ai_peripheral/ZGolo/u_AI_Mate_top/ddr_witcn_u0/m_ddr_itf_awwvalid
    SLICE_X89Y147        LUT4 (Prop_lut4_I0_O)        0.043     7.526 r  U0_ps_ai_peripheral/ZGolo/s_data[616]_i_1/O
                         net (fo=617, routed)         0.699     8.225    U0_ps_ai_peripheral/ZGolo/s_data[616]_i_1_n_0
    SLICE_X99Y145        FDCE                                         r  U0_ps_ai_peripheral/ZGolo/u_AI_Mate_top/ddr_witcn_u0/avr_rs_u0/u_avr_frs/s_data_reg[196]/CE
  -------------------------------------------------------------------    -------------------

                         (clock clk_pll_i rise edge)
                                                      5.000     5.000 r  
    C8                                                0.000     5.000 r  sys_clk_p (IN)
                         net (fo=0)                   0.000     5.000    U0_ps_ai_peripheral/mig_ddr3_u0/u_mig_7series_0_mig/u_ddr3_clk_ibuf/sys_clk_p
    C8                   IBUFDS (Prop_ibufds_I_O)     0.758     5.758 r  U0_ps_ai_peripheral/mig_ddr3_u0/u_mig_7series_0_mig/u_ddr3_clk_ibuf/diff_input_clk.u_ibufg_sys_clk/O
                         net (fo=3, routed)           1.001     6.759    U0_ps_ai_peripheral/mig_ddr3_u0/u_mig_7series_0_mig/u_ddr3_infrastructure/out
    PLLE2_ADV_X1Y2       PLLE2_ADV (Prop_plle2_adv_CLKIN1_CLKOUT3)
                                                      0.073     6.832 r  U0_ps_ai_peripheral/mig_ddr3_u0/u_mig_7series_0_mig/u_ddr3_infrastructure/plle2_i/CLKOUT3
                         net (fo=1, routed)           1.033     7.865    U0_ps_ai_peripheral/mig_ddr3_u0/u_mig_7series_0_mig/u_ddr3_infrastructure/pll_clk3_out
    BUFHCE_X1Y24         BUFH (Prop_bufh_I_O)         0.066     7.931 r  U0_ps_ai_peripheral/mig_ddr3_u0/u_mig_7series_0_mig/u_ddr3_infrastructure/u_bufh_pll_clk3/O
                         net (fo=1, routed)           0.710     8.641    U0_ps_ai_peripheral/mig_ddr3_u0/u_mig_7series_0_mig/u_ddr3_infrastructure/pll_clk3
    MMCME2_ADV_X1Y2      MMCME2_ADV (Prop_mmcme2_adv_CLKIN1_CLKFBOUT)
                                                     -2.652     5.989 r  U0_ps_ai_peripheral/mig_ddr3_u0/u_mig_7series_0_mig/u_ddr3_infrastructure/gen_mmcm.mmcm_i/CLKFBOUT
                         net (fo=1, routed)           1.333     7.322    U0_ps_ai_peripheral/mig_ddr3_u0/u_mig_7series_0_mig/u_ddr3_infrastructure/clk_pll_i
    BUFGCTRL_X0Y16       BUFG (Prop_bufg_I_O)         0.083     7.405 r  U0_ps_ai_peripheral/mig_ddr3_u0/u_mig_7series_0_mig/u_ddr3_infrastructure/u_bufg_clkdiv0/O
                         net (fo=104865, routed)      1.136     8.541    U0_ps_ai_peripheral/ZGolo/hp_clk
    SLICE_X99Y145        FDCE                                         r  U0_ps_ai_peripheral/ZGolo/u_AI_Mate_top/ddr_witcn_u0/avr_rs_u0/u_avr_frs/s_data_reg[196]/C
                         clock pessimism              0.266     8.808    
                         clock uncertainty           -0.502     8.305    
    SLICE_X99Y145        FDCE (Setup_fdce_C_CE)      -0.201     8.104    U0_ps_ai_peripheral/ZGolo/u_AI_Mate_top/ddr_witcn_u0/avr_rs_u0/u_avr_frs/s_data_reg[196]
  -------------------------------------------------------------------
                         required time                          8.104    
                         arrival time                          -8.225    
  -------------------------------------------------------------------
                         slack                                 -0.120    

Slack (VIOLATED) :        -0.120ns  (required time - arrival time)
  Source:                 U_adder_top/U_flicker/dma/write_count_reg[2]/C
                            (rising edge-triggered cell FDCE clocked by clk_pll_i  {rise@0.000ns fall@2.500ns period=5.000ns})
  Destination:            U0_ps_ai_peripheral/ZGolo/u_AI_Mate_top/ddr_witcn_u0/avr_rs_u0/u_avr_frs/s_data_reg[256]/CE
                            (rising edge-triggered cell FDCE clocked by clk_pll_i  {rise@0.000ns fall@2.500ns period=5.000ns})
  Path Group:             clk_pll_i
  Path Type:              Setup (Max at Slow Process Corner)
  Requirement:            5.000ns  (clk_pll_i rise@5.000ns - clk_pll_i rise@0.000ns)
  Data Path Delay:        4.363ns  (logic 0.900ns (20.628%)  route 3.463ns (79.372%))
  Logic Levels:           9  (CARRY4=4 LUT4=3 LUT5=1 LUT6=1)
  Clock Path Skew:        -0.054ns (DCD - SCD + CPR)
    Destination Clock Delay (DCD):    3.541ns = ( 8.541 - 5.000 ) 
    Source Clock Delay      (SCD):    3.862ns
    Clock Pessimism Removal (CPR):    0.266ns
  Clock Uncertainty:      0.502ns  ((TSJ^2 + DJ^2)^1/2) / 2 + PE + UU
    Total System Jitter     (TSJ):    0.071ns
    Discrete Jitter          (DJ):    0.077ns
    Phase Error              (PE):    0.000ns
    User Uncertainty         (UU):    0.450ns

    Location             Delay type                Incr(ns)  Path(ns)    Netlist Resource(s)
  -------------------------------------------------------------------    -------------------
                         (clock clk_pll_i rise edge)
                                                      0.000     0.000 r  
    C8                                                0.000     0.000 r  sys_clk_p (IN)
                         net (fo=0)                   0.000     0.000    U0_ps_ai_peripheral/mig_ddr3_u0/u_mig_7series_0_mig/u_ddr3_clk_ibuf/sys_clk_p
    C8                   IBUFDS (Prop_ibufds_I_O)     0.855     0.855 r  U0_ps_ai_peripheral/mig_ddr3_u0/u_mig_7series_0_mig/u_ddr3_clk_ibuf/diff_input_clk.u_ibufg_sys_clk/O
                         net (fo=3, routed)           1.098     1.953    U0_ps_ai_peripheral/mig_ddr3_u0/u_mig_7series_0_mig/u_ddr3_infrastructure/out
    PLLE2_ADV_X1Y2       PLLE2_ADV (Prop_plle2_adv_CLKIN1_CLKOUT3)
                                                      0.077     2.030 r  U0_ps_ai_peripheral/mig_ddr3_u0/u_mig_7series_0_mig/u_ddr3_infrastructure/plle2_i/CLKOUT3
                         net (fo=1, routed)           1.145     3.175    U0_ps_ai_peripheral/mig_ddr3_u0/u_mig_7series_0_mig/u_ddr3_infrastructure/pll_clk3_out
    BUFHCE_X1Y24         BUFH (Prop_bufh_I_O)         0.103     3.278 r  U0_ps_ai_peripheral/mig_ddr3_u0/u_mig_7series_0_mig/u_ddr3_infrastructure/u_bufh_pll_clk3/O
                         net (fo=1, routed)           0.779     4.057    U0_ps_ai_peripheral/mig_ddr3_u0/u_mig_7series_0_mig/u_ddr3_infrastructure/pll_clk3
    MMCME2_ADV_X1Y2      MMCME2_ADV (Prop_mmcme2_adv_CLKIN1_CLKFBOUT)
                                                     -2.933     1.124 r  U0_ps_ai_peripheral/mig_ddr3_u0/u_mig_7series_0_mig/u_ddr3_infrastructure/gen_mmcm.mmcm_i/CLKFBOUT
                         net (fo=1, routed)           1.442     2.566    U0_ps_ai_peripheral/mig_ddr3_u0/u_mig_7series_0_mig/u_ddr3_infrastructure/clk_pll_i
    BUFGCTRL_X0Y16       BUFG (Prop_bufg_I_O)         0.093     2.659 r  U0_ps_ai_peripheral/mig_ddr3_u0/u_mig_7series_0_mig/u_ddr3_infrastructure/u_bufg_clkdiv0/O
                         net (fo=104865, routed)      1.203     3.862    U_adder_top/U_flicker/dma/ui_clk
    SLICE_X52Y120        FDCE                                         r  U_adder_top/U_flicker/dma/write_count_reg[2]/C
  -------------------------------------------------------------------    -------------------
    SLICE_X52Y120        FDCE (Prop_fdce_C_Q)         0.259     4.121 r  U_adder_top/U_flicker/dma/write_count_reg[2]/Q
                         net (fo=6, routed)           0.548     4.669    U_adder_top/U_flicker/dma/writes[2]
    SLICE_X51Y121        LUT4 (Prop_lut4_I2_O)        0.043     4.712 r  U_adder_top/U_flicker/dma/awvalid1_carry_i_7/O
                         net (fo=1, routed)           0.000     4.712    U_adder_top/U_flicker/dma/awvalid1_carry_i_7_n_0
    SLICE_X51Y121        CARRY4 (Prop_carry4_S[1]_CO[3])
                                                      0.267     4.979 r  U_adder_top/U_flicker/dma/awvalid1_carry/CO[3]
                         net (fo=1, routed)           0.000     4.979    U_adder_top/U_flicker/dma/awvalid1_carry_n_0
    SLICE_X51Y122        CARRY4 (Prop_carry4_CI_CO[3])
                                                      0.053     5.032 r  U_adder_top/U_flicker/dma/awvalid1_carry__0/CO[3]
                         net (fo=1, routed)           0.000     5.032    U_adder_top/U_flicker/dma/awvalid1_carry__0_n_0
    SLICE_X51Y123        CARRY4 (Prop_carry4_CI_CO[3])
                                                      0.053     5.085 r  U_adder_top/U_flicker/dma/awvalid1_carry__1/CO[3]
                         net (fo=1, routed)           0.000     5.085    U_adder_top/U_flicker/dma/awvalid1_carry__1_n_0
    SLICE_X51Y124        CARRY4 (Prop_carry4_CI_CO[3])
                                                      0.053     5.138 r  U_adder_top/U_flicker/dma/awvalid1_carry__2/CO[3]
                         net (fo=1, routed)           0.584     5.722    U_adder_top/U_flicker/dma/awvalid1
    SLICE_X61Y124        LUT6 (Prop_lut6_I3_O)        0.043     5.765 r  U_adder_top/U_flicker/dma/ZGolo_i_583/O
                         net (fo=4, routed)           0.382     6.147    U_adder_top/legacy/U_adder/U_avr_rs/u_avr_frs/fawv
    SLICE_X60Y126        LUT5 (Prop_lut5_I0_O)        0.043     6.190 r  U_adder_top/legacy/U_adder/U_avr_rs/u_avr_frs/ZGolo_i_547/O
                         net (fo=6, routed)           0.262     6.452    U0_ps_ai_peripheral/ZGolo/UserCustomOp_0_awwvalid
    SLICE_X61Y128        LUT4 (Prop_lut4_I1_O)        0.043     6.495 r  U0_ps_ai_peripheral/ZGolo/s_valid_i_2__7/O
                         net (fo=2, routed)           0.988     7.483    U0_ps_ai_peripheral/ZGolo/u_AI_Mate_top/ddr_witcn_u0/m_ddr_itf_awwvalid
    SLICE_X89Y147        LUT4 (Prop_lut4_I0_O)        0.043     7.526 r  U0_ps_ai_peripheral/ZGolo/s_data[616]_i_1/O
                         net (fo=617, routed)         0.699     8.225    U0_ps_ai_peripheral/ZGolo/s_data[616]_i_1_n_0
    SLICE_X99Y145        FDCE                                         r  U0_ps_ai_peripheral/ZGolo/u_AI_Mate_top/ddr_witcn_u0/avr_rs_u0/u_avr_frs/s_data_reg[256]/CE
  -------------------------------------------------------------------    -------------------

                         (clock clk_pll_i rise edge)
                                                      5.000     5.000 r  
    C8                                                0.000     5.000 r  sys_clk_p (IN)
                         net (fo=0)                   0.000     5.000    U0_ps_ai_peripheral/mig_ddr3_u0/u_mig_7series_0_mig/u_ddr3_clk_ibuf/sys_clk_p
    C8                   IBUFDS (Prop_ibufds_I_O)     0.758     5.758 r  U0_ps_ai_peripheral/mig_ddr3_u0/u_mig_7series_0_mig/u_ddr3_clk_ibuf/diff_input_clk.u_ibufg_sys_clk/O
                         net (fo=3, routed)           1.001     6.759    U0_ps_ai_peripheral/mig_ddr3_u0/u_mig_7series_0_mig/u_ddr3_infrastructure/out
    PLLE2_ADV_X1Y2       PLLE2_ADV (Prop_plle2_adv_CLKIN1_CLKOUT3)
                                                      0.073     6.832 r  U0_ps_ai_peripheral/mig_ddr3_u0/u_mig_7series_0_mig/u_ddr3_infrastructure/plle2_i/CLKOUT3
                         net (fo=1, routed)           1.033     7.865    U0_ps_ai_peripheral/mig_ddr3_u0/u_mig_7series_0_mig/u_ddr3_infrastructure/pll_clk3_out
    BUFHCE_X1Y24         BUFH (Prop_bufh_I_O)         0.066     7.931 r  U0_ps_ai_peripheral/mig_ddr3_u0/u_mig_7series_0_mig/u_ddr3_infrastructure/u_bufh_pll_clk3/O
                         net (fo=1, routed)           0.710     8.641    U0_ps_ai_peripheral/mig_ddr3_u0/u_mig_7series_0_mig/u_ddr3_infrastructure/pll_clk3
    MMCME2_ADV_X1Y2      MMCME2_ADV (Prop_mmcme2_adv_CLKIN1_CLKFBOUT)
                                                     -2.652     5.989 r  U0_ps_ai_peripheral/mig_ddr3_u0/u_mig_7series_0_mig/u_ddr3_infrastructure/gen_mmcm.mmcm_i/CLKFBOUT
                         net (fo=1, routed)           1.333     7.322    U0_ps_ai_peripheral/mig_ddr3_u0/u_mig_7series_0_mig/u_ddr3_infrastructure/clk_pll_i
    BUFGCTRL_X0Y16       BUFG (Prop_bufg_I_O)         0.083     7.405 r  U0_ps_ai_peripheral/mig_ddr3_u0/u_mig_7series_0_mig/u_ddr3_infrastructure/u_bufg_clkdiv0/O
                         net (fo=104865, routed)      1.136     8.541    U0_ps_ai_peripheral/ZGolo/hp_clk
    SLICE_X99Y145        FDCE                                         r  U0_ps_ai_peripheral/ZGolo/u_AI_Mate_top/ddr_witcn_u0/avr_rs_u0/u_avr_frs/s_data_reg[256]/C
                         clock pessimism              0.266     8.808    
                         clock uncertainty           -0.502     8.305    
    SLICE_X99Y145        FDCE (Setup_fdce_C_CE)      -0.201     8.104    U0_ps_ai_peripheral/ZGolo/u_AI_Mate_top/ddr_witcn_u0/avr_rs_u0/u_avr_frs/s_data_reg[256]
  -------------------------------------------------------------------
                         required time                          8.104    
                         arrival time                          -8.225    
  -------------------------------------------------------------------
                         slack                                 -0.120    

Slack (VIOLATED) :        -0.120ns  (required time - arrival time)
  Source:                 U_adder_top/U_flicker/dma/write_count_reg[2]/C
                            (rising edge-triggered cell FDCE clocked by clk_pll_i  {rise@0.000ns fall@2.500ns period=5.000ns})
  Destination:            U0_ps_ai_peripheral/ZGolo/u_AI_Mate_top/ddr_witcn_u0/avr_rs_u0/u_avr_frs/s_data_reg[279]/CE
                            (rising edge-triggered cell FDCE clocked by clk_pll_i  {rise@0.000ns fall@2.500ns period=5.000ns})
  Path Group:             clk_pll_i
  Path Type:              Setup (Max at Slow Process Corner)
  Requirement:            5.000ns  (clk_pll_i rise@5.000ns - clk_pll_i rise@0.000ns)
  Data Path Delay:        4.363ns  (logic 0.900ns (20.628%)  route 3.463ns (79.372%))
  Logic Levels:           9  (CARRY4=4 LUT4=3 LUT5=1 LUT6=1)
  Clock Path Skew:        -0.054ns (DCD - SCD + CPR)
    Destination Clock Delay (DCD):    3.541ns = ( 8.541 - 5.000 ) 
    Source Clock Delay      (SCD):    3.862ns
    Clock Pessimism Removal (CPR):    0.266ns
  Clock Uncertainty:      0.502ns  ((TSJ^2 + DJ^2)^1/2) / 2 + PE + UU
    Total System Jitter     (TSJ):    0.071ns
    Discrete Jitter          (DJ):    0.077ns
    Phase Error              (PE):    0.000ns
    User Uncertainty         (UU):    0.450ns

    Location             Delay type                Incr(ns)  Path(ns)    Netlist Resource(s)
  -------------------------------------------------------------------    -------------------
                         (clock clk_pll_i rise edge)
                                                      0.000     0.000 r  
    C8                                                0.000     0.000 r  sys_clk_p (IN)
                         net (fo=0)                   0.000     0.000    U0_ps_ai_peripheral/mig_ddr3_u0/u_mig_7series_0_mig/u_ddr3_clk_ibuf/sys_clk_p
    C8                   IBUFDS (Prop_ibufds_I_O)     0.855     0.855 r  U0_ps_ai_peripheral/mig_ddr3_u0/u_mig_7series_0_mig/u_ddr3_clk_ibuf/diff_input_clk.u_ibufg_sys_clk/O
                         net (fo=3, routed)           1.098     1.953    U0_ps_ai_peripheral/mig_ddr3_u0/u_mig_7series_0_mig/u_ddr3_infrastructure/out
    PLLE2_ADV_X1Y2       PLLE2_ADV (Prop_plle2_adv_CLKIN1_CLKOUT3)
                                                      0.077     2.030 r  U0_ps_ai_peripheral/mig_ddr3_u0/u_mig_7series_0_mig/u_ddr3_infrastructure/plle2_i/CLKOUT3
                         net (fo=1, routed)           1.145     3.175    U0_ps_ai_peripheral/mig_ddr3_u0/u_mig_7series_0_mig/u_ddr3_infrastructure/pll_clk3_out
    BUFHCE_X1Y24         BUFH (Prop_bufh_I_O)         0.103     3.278 r  U0_ps_ai_peripheral/mig_ddr3_u0/u_mig_7series_0_mig/u_ddr3_infrastructure/u_bufh_pll_clk3/O
                         net (fo=1, routed)           0.779     4.057    U0_ps_ai_peripheral/mig_ddr3_u0/u_mig_7series_0_mig/u_ddr3_infrastructure/pll_clk3
    MMCME2_ADV_X1Y2      MMCME2_ADV (Prop_mmcme2_adv_CLKIN1_CLKFBOUT)
                                                     -2.933     1.124 r  U0_ps_ai_peripheral/mig_ddr3_u0/u_mig_7series_0_mig/u_ddr3_infrastructure/gen_mmcm.mmcm_i/CLKFBOUT
                         net (fo=1, routed)           1.442     2.566    U0_ps_ai_peripheral/mig_ddr3_u0/u_mig_7series_0_mig/u_ddr3_infrastructure/clk_pll_i
    BUFGCTRL_X0Y16       BUFG (Prop_bufg_I_O)         0.093     2.659 r  U0_ps_ai_peripheral/mig_ddr3_u0/u_mig_7series_0_mig/u_ddr3_infrastructure/u_bufg_clkdiv0/O
                         net (fo=104865, routed)      1.203     3.862    U_adder_top/U_flicker/dma/ui_clk
    SLICE_X52Y120        FDCE                                         r  U_adder_top/U_flicker/dma/write_count_reg[2]/C
  -------------------------------------------------------------------    -------------------
    SLICE_X52Y120        FDCE (Prop_fdce_C_Q)         0.259     4.121 r  U_adder_top/U_flicker/dma/write_count_reg[2]/Q
                         net (fo=6, routed)           0.548     4.669    U_adder_top/U_flicker/dma/writes[2]
    SLICE_X51Y121        LUT4 (Prop_lut4_I2_O)        0.043     4.712 r  U_adder_top/U_flicker/dma/awvalid1_carry_i_7/O
                         net (fo=1, routed)           0.000     4.712    U_adder_top/U_flicker/dma/awvalid1_carry_i_7_n_0
    SLICE_X51Y121        CARRY4 (Prop_carry4_S[1]_CO[3])
                                                      0.267     4.979 r  U_adder_top/U_flicker/dma/awvalid1_carry/CO[3]
                         net (fo=1, routed)           0.000     4.979    U_adder_top/U_flicker/dma/awvalid1_carry_n_0
    SLICE_X51Y122        CARRY4 (Prop_carry4_CI_CO[3])
                                                      0.053     5.032 r  U_adder_top/U_flicker/dma/awvalid1_carry__0/CO[3]
                         net (fo=1, routed)           0.000     5.032    U_adder_top/U_flicker/dma/awvalid1_carry__0_n_0
    SLICE_X51Y123        CARRY4 (Prop_carry4_CI_CO[3])
                                                      0.053     5.085 r  U_adder_top/U_flicker/dma/awvalid1_carry__1/CO[3]
                         net (fo=1, routed)           0.000     5.085    U_adder_top/U_flicker/dma/awvalid1_carry__1_n_0
    SLICE_X51Y124        CARRY4 (Prop_carry4_CI_CO[3])
                                                      0.053     5.138 r  U_adder_top/U_flicker/dma/awvalid1_carry__2/CO[3]
                         net (fo=1, routed)           0.584     5.722    U_adder_top/U_flicker/dma/awvalid1
    SLICE_X61Y124        LUT6 (Prop_lut6_I3_O)        0.043     5.765 r  U_adder_top/U_flicker/dma/ZGolo_i_583/O
                         net (fo=4, routed)           0.382     6.147    U_adder_top/legacy/U_adder/U_avr_rs/u_avr_frs/fawv
    SLICE_X60Y126        LUT5 (Prop_lut5_I0_O)        0.043     6.190 r  U_adder_top/legacy/U_adder/U_avr_rs/u_avr_frs/ZGolo_i_547/O
                         net (fo=6, routed)           0.262     6.452    U0_ps_ai_peripheral/ZGolo/UserCustomOp_0_awwvalid
    SLICE_X61Y128        LUT4 (Prop_lut4_I1_O)        0.043     6.495 r  U0_ps_ai_peripheral/ZGolo/s_valid_i_2__7/O
                         net (fo=2, routed)           0.988     7.483    U0_ps_ai_peripheral/ZGolo/u_AI_Mate_top/ddr_witcn_u0/m_ddr_itf_awwvalid
    SLICE_X89Y147        LUT4 (Prop_lut4_I0_O)        0.043     7.526 r  U0_ps_ai_peripheral/ZGolo/s_data[616]_i_1/O
                         net (fo=617, routed)         0.699     8.225    U0_ps_ai_peripheral/ZGolo/s_data[616]_i_1_n_0
    SLICE_X99Y145        FDCE                                         r  U0_ps_ai_peripheral/ZGolo/u_AI_Mate_top/ddr_witcn_u0/avr_rs_u0/u_avr_frs/s_data_reg[279]/CE
  -------------------------------------------------------------------    -------------------

                         (clock clk_pll_i rise edge)
                                                      5.000     5.000 r  
    C8                                                0.000     5.000 r  sys_clk_p (IN)
                         net (fo=0)                   0.000     5.000    U0_ps_ai_peripheral/mig_ddr3_u0/u_mig_7series_0_mig/u_ddr3_clk_ibuf/sys_clk_p
    C8                   IBUFDS (Prop_ibufds_I_O)     0.758     5.758 r  U0_ps_ai_peripheral/mig_ddr3_u0/u_mig_7series_0_mig/u_ddr3_clk_ibuf/diff_input_clk.u_ibufg_sys_clk/O
                         net (fo=3, routed)           1.001     6.759    U0_ps_ai_peripheral/mig_ddr3_u0/u_mig_7series_0_mig/u_ddr3_infrastructure/out
    PLLE2_ADV_X1Y2       PLLE2_ADV (Prop_plle2_adv_CLKIN1_CLKOUT3)
                                                      0.073     6.832 r  U0_ps_ai_peripheral/mig_ddr3_u0/u_mig_7series_0_mig/u_ddr3_infrastructure/plle2_i/CLKOUT3
                         net (fo=1, routed)           1.033     7.865    U0_ps_ai_peripheral/mig_ddr3_u0/u_mig_7series_0_mig/u_ddr3_infrastructure/pll_clk3_out
    BUFHCE_X1Y24         BUFH (Prop_bufh_I_O)         0.066     7.931 r  U0_ps_ai_peripheral/mig_ddr3_u0/u_mig_7series_0_mig/u_ddr3_infrastructure/u_bufh_pll_clk3/O
                         net (fo=1, routed)           0.710     8.641    U0_ps_ai_peripheral/mig_ddr3_u0/u_mig_7series_0_mig/u_ddr3_infrastructure/pll_clk3
    MMCME2_ADV_X1Y2      MMCME2_ADV (Prop_mmcme2_adv_CLKIN1_CLKFBOUT)
                                                     -2.652     5.989 r  U0_ps_ai_peripheral/mig_ddr3_u0/u_mig_7series_0_mig/u_ddr3_infrastructure/gen_mmcm.mmcm_i/CLKFBOUT
                         net (fo=1, routed)           1.333     7.322    U0_ps_ai_peripheral/mig_ddr3_u0/u_mig_7series_0_mig/u_ddr3_infrastructure/clk_pll_i
    BUFGCTRL_X0Y16       BUFG (Prop_bufg_I_O)         0.083     7.405 r  U0_ps_ai_peripheral/mig_ddr3_u0/u_mig_7series_0_mig/u_ddr3_infrastructure/u_bufg_clkdiv0/O
                         net (fo=104865, routed)      1.136     8.541    U0_ps_ai_peripheral/ZGolo/hp_clk
    SLICE_X99Y145        FDCE                                         r  U0_ps_ai_peripheral/ZGolo/u_AI_Mate_top/ddr_witcn_u0/avr_rs_u0/u_avr_frs/s_data_reg[279]/C
                         clock pessimism              0.266     8.808    
                         clock uncertainty           -0.502     8.305    
    SLICE_X99Y145        FDCE (Setup_fdce_C_CE)      -0.201     8.104    U0_ps_ai_peripheral/ZGolo/u_AI_Mate_top/ddr_witcn_u0/avr_rs_u0/u_avr_frs/s_data_reg[279]
  -------------------------------------------------------------------
                         required time                          8.104    
                         arrival time                          -8.225    
  -------------------------------------------------------------------
                         slack                                 -0.120    

Slack (VIOLATED) :        -0.101ns  (required time - arrival time)
  Source:                 U_adder_top/U_flicker/dma/write_count_reg[2]/C
                            (rising edge-triggered cell FDCE clocked by clk_pll_i  {rise@0.000ns fall@2.500ns period=5.000ns})
  Destination:            U0_ps_ai_peripheral/ZGolo/u_AI_Mate_top/ddr_witcn_u0/avr_rs_u0/u_avr_frs/s_data_reg[205]/CE
                            (rising edge-triggered cell FDCE clocked by clk_pll_i  {rise@0.000ns fall@2.500ns period=5.000ns})
  Path Group:             clk_pll_i
  Path Type:              Setup (Max at Slow Process Corner)
  Requirement:            5.000ns  (clk_pll_i rise@5.000ns - clk_pll_i rise@0.000ns)
  Data Path Delay:        4.315ns  (logic 0.900ns (20.855%)  route 3.415ns (79.145%))
  Logic Levels:           9  (CARRY4=4 LUT4=3 LUT5=1 LUT6=1)
  Clock Path Skew:        -0.105ns (DCD - SCD + CPR)
    Destination Clock Delay (DCD):    3.490ns = ( 8.490 - 5.000 ) 
    Source Clock Delay      (SCD):    3.862ns
    Clock Pessimism Removal (CPR):    0.266ns
  Clock Uncertainty:      0.502ns  ((TSJ^2 + DJ^2)^1/2) / 2 + PE + UU
    Total System Jitter     (TSJ):    0.071ns
    Discrete Jitter          (DJ):    0.077ns
    Phase Error              (PE):    0.000ns
    User Uncertainty         (UU):    0.450ns

    Location             Delay type                Incr(ns)  Path(ns)    Netlist Resource(s)
  -------------------------------------------------------------------    -------------------
                         (clock clk_pll_i rise edge)
                                                      0.000     0.000 r  
    C8                                                0.000     0.000 r  sys_clk_p (IN)
                         net (fo=0)                   0.000     0.000    U0_ps_ai_peripheral/mig_ddr3_u0/u_mig_7series_0_mig/u_ddr3_clk_ibuf/sys_clk_p
    C8                   IBUFDS (Prop_ibufds_I_O)     0.855     0.855 r  U0_ps_ai_peripheral/mig_ddr3_u0/u_mig_7series_0_mig/u_ddr3_clk_ibuf/diff_input_clk.u_ibufg_sys_clk/O
                         net (fo=3, routed)           1.098     1.953    U0_ps_ai_peripheral/mig_ddr3_u0/u_mig_7series_0_mig/u_ddr3_infrastructure/out
    PLLE2_ADV_X1Y2       PLLE2_ADV (Prop_plle2_adv_CLKIN1_CLKOUT3)
                                                      0.077     2.030 r  U0_ps_ai_peripheral/mig_ddr3_u0/u_mig_7series_0_mig/u_ddr3_infrastructure/plle2_i/CLKOUT3
                         net (fo=1, routed)           1.145     3.175    U0_ps_ai_peripheral/mig_ddr3_u0/u_mig_7series_0_mig/u_ddr3_infrastructure/pll_clk3_out
    BUFHCE_X1Y24         BUFH (Prop_bufh_I_O)         0.103     3.278 r  U0_ps_ai_peripheral/mig_ddr3_u0/u_mig_7series_0_mig/u_ddr3_infrastructure/u_bufh_pll_clk3/O
                         net (fo=1, routed)           0.779     4.057    U0_ps_ai_peripheral/mig_ddr3_u0/u_mig_7series_0_mig/u_ddr3_infrastructure/pll_clk3
    MMCME2_ADV_X1Y2      MMCME2_ADV (Prop_mmcme2_adv_CLKIN1_CLKFBOUT)
                                                     -2.933     1.124 r  U0_ps_ai_peripheral/mig_ddr3_u0/u_mig_7series_0_mig/u_ddr3_infrastructure/gen_mmcm.mmcm_i/CLKFBOUT
                         net (fo=1, routed)           1.442     2.566    U0_ps_ai_peripheral/mig_ddr3_u0/u_mig_7series_0_mig/u_ddr3_infrastructure/clk_pll_i
    BUFGCTRL_X0Y16       BUFG (Prop_bufg_I_O)         0.093     2.659 r  U0_ps_ai_peripheral/mig_ddr3_u0/u_mig_7series_0_mig/u_ddr3_infrastructure/u_bufg_clkdiv0/O
                         net (fo=104865, routed)      1.203     3.862    U_adder_top/U_flicker/dma/ui_clk
    SLICE_X52Y120        FDCE                                         r  U_adder_top/U_flicker/dma/write_count_reg[2]/C
  -------------------------------------------------------------------    -------------------
    SLICE_X52Y120        FDCE (Prop_fdce_C_Q)         0.259     4.121 r  U_adder_top/U_flicker/dma/write_count_reg[2]/Q
                         net (fo=6, routed)           0.548     4.669    U_adder_top/U_flicker/dma/writes[2]
    SLICE_X51Y121        LUT4 (Prop_lut4_I2_O)        0.043     4.712 r  U_adder_top/U_flicker/dma/awvalid1_carry_i_7/O
                         net (fo=1, routed)           0.000     4.712    U_adder_top/U_flicker/dma/awvalid1_carry_i_7_n_0
    SLICE_X51Y121        CARRY4 (Prop_carry4_S[1]_CO[3])
                                                      0.267     4.979 r  U_adder_top/U_flicker/dma/awvalid1_carry/CO[3]
                         net (fo=1, routed)           0.000     4.979    U_adder_top/U_flicker/dma/awvalid1_carry_n_0
    SLICE_X51Y122        CARRY4 (Prop_carry4_CI_CO[3])
                                                      0.053     5.032 r  U_adder_top/U_flicker/dma/awvalid1_carry__0/CO[3]
                         net (fo=1, routed)           0.000     5.032    U_adder_top/U_flicker/dma/awvalid1_carry__0_n_0
    SLICE_X51Y123        CARRY4 (Prop_carry4_CI_CO[3])
                                                      0.053     5.085 r  U_adder_top/U_flicker/dma/awvalid1_carry__1/CO[3]
                         net (fo=1, routed)           0.000     5.085    U_adder_top/U_flicker/dma/awvalid1_carry__1_n_0
    SLICE_X51Y124        CARRY4 (Prop_carry4_CI_CO[3])
                                                      0.053     5.138 r  U_adder_top/U_flicker/dma/awvalid1_carry__2/CO[3]
                         net (fo=1, routed)           0.584     5.722    U_adder_top/U_flicker/dma/awvalid1
    SLICE_X61Y124        LUT6 (Prop_lut6_I3_O)        0.043     5.765 r  U_adder_top/U_flicker/dma/ZGolo_i_583/O
                         net (fo=4, routed)           0.382     6.147    U_adder_top/legacy/U_adder/U_avr_rs/u_avr_frs/fawv
    SLICE_X60Y126        LUT5 (Prop_lut5_I0_O)        0.043     6.190 r  U_adder_top/legacy/U_adder/U_avr_rs/u_avr_frs/ZGolo_i_547/O
                         net (fo=6, routed)           0.262     6.452    U0_ps_ai_peripheral/ZGolo/UserCustomOp_0_awwvalid
    SLICE_X61Y128        LUT4 (Prop_lut4_I1_O)        0.043     6.495 r  U0_ps_ai_peripheral/ZGolo/s_valid_i_2__7/O
                         net (fo=2, routed)           0.988     7.483    U0_ps_ai_peripheral/ZGolo/u_AI_Mate_top/ddr_witcn_u0/m_ddr_itf_awwvalid
    SLICE_X89Y147        LUT4 (Prop_lut4_I0_O)        0.043     7.526 r  U0_ps_ai_peripheral/ZGolo/s_data[616]_i_1/O
                         net (fo=617, routed)         0.651     8.177    U0_ps_ai_peripheral/ZGolo/s_data[616]_i_1_n_0
    SLICE_X84Y140        FDCE                                         r  U0_ps_ai_peripheral/ZGolo/u_AI_Mate_top/ddr_witcn_u0/avr_rs_u0/u_avr_frs/s_data_reg[205]/CE
  -------------------------------------------------------------------    -------------------

                         (clock clk_pll_i rise edge)
                                                      5.000     5.000 r  
    C8                                                0.000     5.000 r  sys_clk_p (IN)
                         net (fo=0)                   0.000     5.000    U0_ps_ai_peripheral/mig_ddr3_u0/u_mig_7series_0_mig/u_ddr3_clk_ibuf/sys_clk_p
    C8                   IBUFDS (Prop_ibufds_I_O)     0.758     5.758 r  U0_ps_ai_peripheral/mig_ddr3_u0/u_mig_7series_0_mig/u_ddr3_clk_ibuf/diff_input_clk.u_ibufg_sys_clk/O
                         net (fo=3, routed)           1.001     6.759    U0_ps_ai_peripheral/mig_ddr3_u0/u_mig_7series_0_mig/u_ddr3_infrastructure/out
    PLLE2_ADV_X1Y2       PLLE2_ADV (Prop_plle2_adv_CLKIN1_CLKOUT3)
                                                      0.073     6.832 r  U0_ps_ai_peripheral/mig_ddr3_u0/u_mig_7series_0_mig/u_ddr3_infrastructure/plle2_i/CLKOUT3
                         net (fo=1, routed)           1.033     7.865    U0_ps_ai_peripheral/mig_ddr3_u0/u_mig_7series_0_mig/u_ddr3_infrastructure/pll_clk3_out
    BUFHCE_X1Y24         BUFH (Prop_bufh_I_O)         0.066     7.931 r  U0_ps_ai_peripheral/mig_ddr3_u0/u_mig_7series_0_mig/u_ddr3_infrastructure/u_bufh_pll_clk3/O
                         net (fo=1, routed)           0.710     8.641    U0_ps_ai_peripheral/mig_ddr3_u0/u_mig_7series_0_mig/u_ddr3_infrastructure/pll_clk3
    MMCME2_ADV_X1Y2      MMCME2_ADV (Prop_mmcme2_adv_CLKIN1_CLKFBOUT)
                                                     -2.652     5.989 r  U0_ps_ai_peripheral/mig_ddr3_u0/u_mig_7series_0_mig/u_ddr3_infrastructure/gen_mmcm.mmcm_i/CLKFBOUT
                         net (fo=1, routed)           1.333     7.322    U0_ps_ai_peripheral/mig_ddr3_u0/u_mig_7series_0_mig/u_ddr3_infrastructure/clk_pll_i
    BUFGCTRL_X0Y16       BUFG (Prop_bufg_I_O)         0.083     7.405 r  U0_ps_ai_peripheral/mig_ddr3_u0/u_mig_7series_0_mig/u_ddr3_infrastructure/u_bufg_clkdiv0/O
                         net (fo=104865, routed)      1.085     8.490    U0_ps_ai_peripheral/ZGolo/hp_clk
    SLICE_X84Y140        FDCE                                         r  U0_ps_ai_peripheral/ZGolo/u_AI_Mate_top/ddr_witcn_u0/avr_rs_u0/u_avr_frs/s_data_reg[205]/C
                         clock pessimism              0.266     8.757    
                         clock uncertainty           -0.502     8.254    
    SLICE_X84Y140        FDCE (Setup_fdce_C_CE)      -0.178     8.076    U0_ps_ai_peripheral/ZGolo/u_AI_Mate_top/ddr_witcn_u0/avr_rs_u0/u_avr_frs/s_data_reg[205]
  -------------------------------------------------------------------
                         required time                          8.076    
                         arrival time                          -8.177    
  -------------------------------------------------------------------
                         slack                                 -0.101    

Slack (VIOLATED) :        -0.101ns  (required time - arrival time)
  Source:                 U_adder_top/U_flicker/dma/write_count_reg[2]/C
                            (rising edge-triggered cell FDCE clocked by clk_pll_i  {rise@0.000ns fall@2.500ns period=5.000ns})
  Destination:            U0_ps_ai_peripheral/ZGolo/u_AI_Mate_top/ddr_witcn_u0/avr_rs_u0/u_avr_frs/s_data_reg[476]/CE
                            (rising edge-triggered cell FDCE clocked by clk_pll_i  {rise@0.000ns fall@2.500ns period=5.000ns})
  Path Group:             clk_pll_i
  Path Type:              Setup (Max at Slow Process Corner)
  Requirement:            5.000ns  (clk_pll_i rise@5.000ns - clk_pll_i rise@0.000ns)
  Data Path Delay:        4.315ns  (logic 0.900ns (20.855%)  route 3.415ns (79.145%))
  Logic Levels:           9  (CARRY4=4 LUT4=3 LUT5=1 LUT6=1)
  Clock Path Skew:        -0.105ns (DCD - SCD + CPR)
    Destination Clock Delay (DCD):    3.490ns = ( 8.490 - 5.000 ) 
    Source Clock Delay      (SCD):    3.862ns
    Clock Pessimism Removal (CPR):    0.266ns
  Clock Uncertainty:      0.502ns  ((TSJ^2 + DJ^2)^1/2) / 2 + PE + UU
    Total System Jitter     (TSJ):    0.071ns
    Discrete Jitter          (DJ):    0.077ns
    Phase Error              (PE):    0.000ns
    User Uncertainty         (UU):    0.450ns

    Location             Delay type                Incr(ns)  Path(ns)    Netlist Resource(s)
  -------------------------------------------------------------------    -------------------
                         (clock clk_pll_i rise edge)
                                                      0.000     0.000 r  
    C8                                                0.000     0.000 r  sys_clk_p (IN)
                         net (fo=0)                   0.000     0.000    U0_ps_ai_peripheral/mig_ddr3_u0/u_mig_7series_0_mig/u_ddr3_clk_ibuf/sys_clk_p
    C8                   IBUFDS (Prop_ibufds_I_O)     0.855     0.855 r  U0_ps_ai_peripheral/mig_ddr3_u0/u_mig_7series_0_mig/u_ddr3_clk_ibuf/diff_input_clk.u_ibufg_sys_clk/O
                         net (fo=3, routed)           1.098     1.953    U0_ps_ai_peripheral/mig_ddr3_u0/u_mig_7series_0_mig/u_ddr3_infrastructure/out
    PLLE2_ADV_X1Y2       PLLE2_ADV (Prop_plle2_adv_CLKIN1_CLKOUT3)
                                                      0.077     2.030 r  U0_ps_ai_peripheral/mig_ddr3_u0/u_mig_7series_0_mig/u_ddr3_infrastructure/plle2_i/CLKOUT3
                         net (fo=1, routed)           1.145     3.175    U0_ps_ai_peripheral/mig_ddr3_u0/u_mig_7series_0_mig/u_ddr3_infrastructure/pll_clk3_out
    BUFHCE_X1Y24         BUFH (Prop_bufh_I_O)         0.103     3.278 r  U0_ps_ai_peripheral/mig_ddr3_u0/u_mig_7series_0_mig/u_ddr3_infrastructure/u_bufh_pll_clk3/O
                         net (fo=1, routed)           0.779     4.057    U0_ps_ai_peripheral/mig_ddr3_u0/u_mig_7series_0_mig/u_ddr3_infrastructure/pll_clk3
    MMCME2_ADV_X1Y2      MMCME2_ADV (Prop_mmcme2_adv_CLKIN1_CLKFBOUT)
                                                     -2.933     1.124 r  U0_ps_ai_peripheral/mig_ddr3_u0/u_mig_7series_0_mig/u_ddr3_infrastructure/gen_mmcm.mmcm_i/CLKFBOUT
                         net (fo=1, routed)           1.442     2.566    U0_ps_ai_peripheral/mig_ddr3_u0/u_mig_7series_0_mig/u_ddr3_infrastructure/clk_pll_i
    BUFGCTRL_X0Y16       BUFG (Prop_bufg_I_O)         0.093     2.659 r  U0_ps_ai_peripheral/mig_ddr3_u0/u_mig_7series_0_mig/u_ddr3_infrastructure/u_bufg_clkdiv0/O
                         net (fo=104865, routed)      1.203     3.862    U_adder_top/U_flicker/dma/ui_clk
    SLICE_X52Y120        FDCE                                         r  U_adder_top/U_flicker/dma/write_count_reg[2]/C
  -------------------------------------------------------------------    -------------------
    SLICE_X52Y120        FDCE (Prop_fdce_C_Q)         0.259     4.121 r  U_adder_top/U_flicker/dma/write_count_reg[2]/Q
                         net (fo=6, routed)           0.548     4.669    U_adder_top/U_flicker/dma/writes[2]
    SLICE_X51Y121        LUT4 (Prop_lut4_I2_O)        0.043     4.712 r  U_adder_top/U_flicker/dma/awvalid1_carry_i_7/O
                         net (fo=1, routed)           0.000     4.712    U_adder_top/U_flicker/dma/awvalid1_carry_i_7_n_0
    SLICE_X51Y121        CARRY4 (Prop_carry4_S[1]_CO[3])
                                                      0.267     4.979 r  U_adder_top/U_flicker/dma/awvalid1_carry/CO[3]
                         net (fo=1, routed)           0.000     4.979    U_adder_top/U_flicker/dma/awvalid1_carry_n_0
    SLICE_X51Y122        CARRY4 (Prop_carry4_CI_CO[3])
                                                      0.053     5.032 r  U_adder_top/U_flicker/dma/awvalid1_carry__0/CO[3]
                         net (fo=1, routed)           0.000     5.032    U_adder_top/U_flicker/dma/awvalid1_carry__0_n_0
    SLICE_X51Y123        CARRY4 (Prop_carry4_CI_CO[3])
                                                      0.053     5.085 r  U_adder_top/U_flicker/dma/awvalid1_carry__1/CO[3]
                         net (fo=1, routed)           0.000     5.085    U_adder_top/U_flicker/dma/awvalid1_carry__1_n_0
    SLICE_X51Y124        CARRY4 (Prop_carry4_CI_CO[3])
                                                      0.053     5.138 r  U_adder_top/U_flicker/dma/awvalid1_carry__2/CO[3]
                         net (fo=1, routed)           0.584     5.722    U_adder_top/U_flicker/dma/awvalid1
    SLICE_X61Y124        LUT6 (Prop_lut6_I3_O)        0.043     5.765 r  U_adder_top/U_flicker/dma/ZGolo_i_583/O
                         net (fo=4, routed)           0.382     6.147    U_adder_top/legacy/U_adder/U_avr_rs/u_avr_frs/fawv
    SLICE_X60Y126        LUT5 (Prop_lut5_I0_O)        0.043     6.190 r  U_adder_top/legacy/U_adder/U_avr_rs/u_avr_frs/ZGolo_i_547/O
                         net (fo=6, routed)           0.262     6.452    U0_ps_ai_peripheral/ZGolo/UserCustomOp_0_awwvalid
    SLICE_X61Y128        LUT4 (Prop_lut4_I1_O)        0.043     6.495 r  U0_ps_ai_peripheral/ZGolo/s_valid_i_2__7/O
                         net (fo=2, routed)           0.988     7.483    U0_ps_ai_peripheral/ZGolo/u_AI_Mate_top/ddr_witcn_u0/m_ddr_itf_awwvalid
    SLICE_X89Y147        LUT4 (Prop_lut4_I0_O)        0.043     7.526 r  U0_ps_ai_peripheral/ZGolo/s_data[616]_i_1/O
                         net (fo=617, routed)         0.651     8.177    U0_ps_ai_peripheral/ZGolo/s_data[616]_i_1_n_0
    SLICE_X84Y140        FDCE                                         r  U0_ps_ai_peripheral/ZGolo/u_AI_Mate_top/ddr_witcn_u0/avr_rs_u0/u_avr_frs/s_data_reg[476]/CE
  -------------------------------------------------------------------    -------------------

                         (clock clk_pll_i rise edge)
                                                      5.000     5.000 r  
    C8                                                0.000     5.000 r  sys_clk_p (IN)
                         net (fo=0)                   0.000     5.000    U0_ps_ai_peripheral/mig_ddr3_u0/u_mig_7series_0_mig/u_ddr3_clk_ibuf/sys_clk_p
    C8                   IBUFDS (Prop_ibufds_I_O)     0.758     5.758 r  U0_ps_ai_peripheral/mig_ddr3_u0/u_mig_7series_0_mig/u_ddr3_clk_ibuf/diff_input_clk.u_ibufg_sys_clk/O
                         net (fo=3, routed)           1.001     6.759    U0_ps_ai_peripheral/mig_ddr3_u0/u_mig_7series_0_mig/u_ddr3_infrastructure/out
    PLLE2_ADV_X1Y2       PLLE2_ADV (Prop_plle2_adv_CLKIN1_CLKOUT3)
                                                      0.073     6.832 r  U0_ps_ai_peripheral/mig_ddr3_u0/u_mig_7series_0_mig/u_ddr3_infrastructure/plle2_i/CLKOUT3
                         net (fo=1, routed)           1.033     7.865    U0_ps_ai_peripheral/mig_ddr3_u0/u_mig_7series_0_mig/u_ddr3_infrastructure/pll_clk3_out
    BUFHCE_X1Y24         BUFH (Prop_bufh_I_O)         0.066     7.931 r  U0_ps_ai_peripheral/mig_ddr3_u0/u_mig_7series_0_mig/u_ddr3_infrastructure/u_bufh_pll_clk3/O
                         net (fo=1, routed)           0.710     8.641    U0_ps_ai_peripheral/mig_ddr3_u0/u_mig_7series_0_mig/u_ddr3_infrastructure/pll_clk3
    MMCME2_ADV_X1Y2      MMCME2_ADV (Prop_mmcme2_adv_CLKIN1_CLKFBOUT)
                                                     -2.652     5.989 r  U0_ps_ai_peripheral/mig_ddr3_u0/u_mig_7series_0_mig/u_ddr3_infrastructure/gen_mmcm.mmcm_i/CLKFBOUT
                         net (fo=1, routed)           1.333     7.322    U0_ps_ai_peripheral/mig_ddr3_u0/u_mig_7series_0_mig/u_ddr3_infrastructure/clk_pll_i
    BUFGCTRL_X0Y16       BUFG (Prop_bufg_I_O)         0.083     7.405 r  U0_ps_ai_peripheral/mig_ddr3_u0/u_mig_7series_0_mig/u_ddr3_infrastructure/u_bufg_clkdiv0/O
                         net (fo=104865, routed)      1.085     8.490    U0_ps_ai_peripheral/ZGolo/hp_clk
    SLICE_X84Y140        FDCE                                         r  U0_ps_ai_peripheral/ZGolo/u_AI_Mate_top/ddr_witcn_u0/avr_rs_u0/u_avr_frs/s_data_reg[476]/C
                         clock pessimism              0.266     8.757    
                         clock uncertainty           -0.502     8.254    
    SLICE_X84Y140        FDCE (Setup_fdce_C_CE)      -0.178     8.076    U0_ps_ai_peripheral/ZGolo/u_AI_Mate_top/ddr_witcn_u0/avr_rs_u0/u_avr_frs/s_data_reg[476]
  -------------------------------------------------------------------
                         required time                          8.076    
                         arrival time                          -8.177    
  -------------------------------------------------------------------
                         slack                                 -0.101    

Slack (VIOLATED) :        -0.101ns  (required time - arrival time)
  Source:                 U_adder_top/U_flicker/dma/write_count_reg[2]/C
                            (rising edge-triggered cell FDCE clocked by clk_pll_i  {rise@0.000ns fall@2.500ns period=5.000ns})
  Destination:            U0_ps_ai_peripheral/ZGolo/u_AI_Mate_top/ddr_witcn_u0/avr_rs_u0/u_avr_frs/s_data_reg[7]/CE
                            (rising edge-triggered cell FDCE clocked by clk_pll_i  {rise@0.000ns fall@2.500ns period=5.000ns})
  Path Group:             clk_pll_i
  Path Type:              Setup (Max at Slow Process Corner)
  Requirement:            5.000ns  (clk_pll_i rise@5.000ns - clk_pll_i rise@0.000ns)
  Data Path Delay:        4.315ns  (logic 0.900ns (20.855%)  route 3.415ns (79.145%))
  Logic Levels:           9  (CARRY4=4 LUT4=3 LUT5=1 LUT6=1)
  Clock Path Skew:        -0.105ns (DCD - SCD + CPR)
    Destination Clock Delay (DCD):    3.490ns = ( 8.490 - 5.000 ) 
    Source Clock Delay      (SCD):    3.862ns
    Clock Pessimism Removal (CPR):    0.266ns
  Clock Uncertainty:      0.502ns  ((TSJ^2 + DJ^2)^1/2) / 2 + PE + UU
    Total System Jitter     (TSJ):    0.071ns
    Discrete Jitter          (DJ):    0.077ns
    Phase Error              (PE):    0.000ns
    User Uncertainty         (UU):    0.450ns

    Location             Delay type                Incr(ns)  Path(ns)    Netlist Resource(s)
  -------------------------------------------------------------------    -------------------
                         (clock clk_pll_i rise edge)
                                                      0.000     0.000 r  
    C8                                                0.000     0.000 r  sys_clk_p (IN)
                         net (fo=0)                   0.000     0.000    U0_ps_ai_peripheral/mig_ddr3_u0/u_mig_7series_0_mig/u_ddr3_clk_ibuf/sys_clk_p
    C8                   IBUFDS (Prop_ibufds_I_O)     0.855     0.855 r  U0_ps_ai_peripheral/mig_ddr3_u0/u_mig_7series_0_mig/u_ddr3_clk_ibuf/diff_input_clk.u_ibufg_sys_clk/O
                         net (fo=3, routed)           1.098     1.953    U0_ps_ai_peripheral/mig_ddr3_u0/u_mig_7series_0_mig/u_ddr3_infrastructure/out
    PLLE2_ADV_X1Y2       PLLE2_ADV (Prop_plle2_adv_CLKIN1_CLKOUT3)
                                                      0.077     2.030 r  U0_ps_ai_peripheral/mig_ddr3_u0/u_mig_7series_0_mig/u_ddr3_infrastructure/plle2_i/CLKOUT3
                         net (fo=1, routed)           1.145     3.175    U0_ps_ai_peripheral/mig_ddr3_u0/u_mig_7series_0_mig/u_ddr3_infrastructure/pll_clk3_out
    BUFHCE_X1Y24         BUFH (Prop_bufh_I_O)         0.103     3.278 r  U0_ps_ai_peripheral/mig_ddr3_u0/u_mig_7series_0_mig/u_ddr3_infrastructure/u_bufh_pll_clk3/O
                         net (fo=1, routed)           0.779     4.057    U0_ps_ai_peripheral/mig_ddr3_u0/u_mig_7series_0_mig/u_ddr3_infrastructure/pll_clk3
    MMCME2_ADV_X1Y2      MMCME2_ADV (Prop_mmcme2_adv_CLKIN1_CLKFBOUT)
                                                     -2.933     1.124 r  U0_ps_ai_peripheral/mig_ddr3_u0/u_mig_7series_0_mig/u_ddr3_infrastructure/gen_mmcm.mmcm_i/CLKFBOUT
                         net (fo=1, routed)           1.442     2.566    U0_ps_ai_peripheral/mig_ddr3_u0/u_mig_7series_0_mig/u_ddr3_infrastructure/clk_pll_i
    BUFGCTRL_X0Y16       BUFG (Prop_bufg_I_O)         0.093     2.659 r  U0_ps_ai_peripheral/mig_ddr3_u0/u_mig_7series_0_mig/u_ddr3_infrastructure/u_bufg_clkdiv0/O
                         net (fo=104865, routed)      1.203     3.862    U_adder_top/U_flicker/dma/ui_clk
    SLICE_X52Y120        FDCE                                         r  U_adder_top/U_flicker/dma/write_count_reg[2]/C
  -------------------------------------------------------------------    -------------------
    SLICE_X52Y120        FDCE (Prop_fdce_C_Q)         0.259     4.121 r  U_adder_top/U_flicker/dma/write_count_reg[2]/Q
                         net (fo=6, routed)           0.548     4.669    U_adder_top/U_flicker/dma/writes[2]
    SLICE_X51Y121        LUT4 (Prop_lut4_I2_O)        0.043     4.712 r  U_adder_top/U_flicker/dma/awvalid1_carry_i_7/O
                         net (fo=1, routed)           0.000     4.712    U_adder_top/U_flicker/dma/awvalid1_carry_i_7_n_0
    SLICE_X51Y121        CARRY4 (Prop_carry4_S[1]_CO[3])
                                                      0.267     4.979 r  U_adder_top/U_flicker/dma/awvalid1_carry/CO[3]
                         net (fo=1, routed)           0.000     4.979    U_adder_top/U_flicker/dma/awvalid1_carry_n_0
    SLICE_X51Y122        CARRY4 (Prop_carry4_CI_CO[3])
                                                      0.053     5.032 r  U_adder_top/U_flicker/dma/awvalid1_carry__0/CO[3]
                         net (fo=1, routed)           0.000     5.032    U_adder_top/U_flicker/dma/awvalid1_carry__0_n_0
    SLICE_X51Y123        CARRY4 (Prop_carry4_CI_CO[3])
                                                      0.053     5.085 r  U_adder_top/U_flicker/dma/awvalid1_carry__1/CO[3]
                         net (fo=1, routed)           0.000     5.085    U_adder_top/U_flicker/dma/awvalid1_carry__1_n_0
    SLICE_X51Y124        CARRY4 (Prop_carry4_CI_CO[3])
                                                      0.053     5.138 r  U_adder_top/U_flicker/dma/awvalid1_carry__2/CO[3]
                         net (fo=1, routed)           0.584     5.722    U_adder_top/U_flicker/dma/awvalid1
    SLICE_X61Y124        LUT6 (Prop_lut6_I3_O)        0.043     5.765 r  U_adder_top/U_flicker/dma/ZGolo_i_583/O
                         net (fo=4, routed)           0.382     6.147    U_adder_top/legacy/U_adder/U_avr_rs/u_avr_frs/fawv
    SLICE_X60Y126        LUT5 (Prop_lut5_I0_O)        0.043     6.190 r  U_adder_top/legacy/U_adder/U_avr_rs/u_avr_frs/ZGolo_i_547/O
                         net (fo=6, routed)           0.262     6.452    U0_ps_ai_peripheral/ZGolo/UserCustomOp_0_awwvalid
    SLICE_X61Y128        LUT4 (Prop_lut4_I1_O)        0.043     6.495 r  U0_ps_ai_peripheral/ZGolo/s_valid_i_2__7/O
                         net (fo=2, routed)           0.988     7.483    U0_ps_ai_peripheral/ZGolo/u_AI_Mate_top/ddr_witcn_u0/m_ddr_itf_awwvalid
    SLICE_X89Y147        LUT4 (Prop_lut4_I0_O)        0.043     7.526 r  U0_ps_ai_peripheral/ZGolo/s_data[616]_i_1/O
                         net (fo=617, routed)         0.651     8.177    U0_ps_ai_peripheral/ZGolo/s_data[616]_i_1_n_0
    SLICE_X84Y140        FDCE                                         r  U0_ps_ai_peripheral/ZGolo/u_AI_Mate_top/ddr_witcn_u0/avr_rs_u0/u_avr_frs/s_data_reg[7]/CE
  -------------------------------------------------------------------    -------------------

                         (clock clk_pll_i rise edge)
                                                      5.000     5.000 r  
    C8                                                0.000     5.000 r  sys_clk_p (IN)
                         net (fo=0)                   0.000     5.000    U0_ps_ai_peripheral/mig_ddr3_u0/u_mig_7series_0_mig/u_ddr3_clk_ibuf/sys_clk_p
    C8                   IBUFDS (Prop_ibufds_I_O)     0.758     5.758 r  U0_ps_ai_peripheral/mig_ddr3_u0/u_mig_7series_0_mig/u_ddr3_clk_ibuf/diff_input_clk.u_ibufg_sys_clk/O
                         net (fo=3, routed)           1.001     6.759    U0_ps_ai_peripheral/mig_ddr3_u0/u_mig_7series_0_mig/u_ddr3_infrastructure/out
    PLLE2_ADV_X1Y2       PLLE2_ADV (Prop_plle2_adv_CLKIN1_CLKOUT3)
                                                      0.073     6.832 r  U0_ps_ai_peripheral/mig_ddr3_u0/u_mig_7series_0_mig/u_ddr3_infrastructure/plle2_i/CLKOUT3
                         net (fo=1, routed)           1.033     7.865    U0_ps_ai_peripheral/mig_ddr3_u0/u_mig_7series_0_mig/u_ddr3_infrastructure/pll_clk3_out
    BUFHCE_X1Y24         BUFH (Prop_bufh_I_O)         0.066     7.931 r  U0_ps_ai_peripheral/mig_ddr3_u0/u_mig_7series_0_mig/u_ddr3_infrastructure/u_bufh_pll_clk3/O
                         net (fo=1, routed)           0.710     8.641    U0_ps_ai_peripheral/mig_ddr3_u0/u_mig_7series_0_mig/u_ddr3_infrastructure/pll_clk3
    MMCME2_ADV_X1Y2      MMCME2_ADV (Prop_mmcme2_adv_CLKIN1_CLKFBOUT)
                                                     -2.652     5.989 r  U0_ps_ai_peripheral/mig_ddr3_u0/u_mig_7series_0_mig/u_ddr3_infrastructure/gen_mmcm.mmcm_i/CLKFBOUT
                         net (fo=1, routed)           1.333     7.322    U0_ps_ai_peripheral/mig_ddr3_u0/u_mig_7series_0_mig/u_ddr3_infrastructure/clk_pll_i
    BUFGCTRL_X0Y16       BUFG (Prop_bufg_I_O)         0.083     7.405 r  U0_ps_ai_peripheral/mig_ddr3_u0/u_mig_7series_0_mig/u_ddr3_infrastructure/u_bufg_clkdiv0/O
                         net (fo=104865, routed)      1.085     8.490    U0_ps_ai_peripheral/ZGolo/hp_clk
    SLICE_X84Y140        FDCE                                         r  U0_ps_ai_peripheral/ZGolo/u_AI_Mate_top/ddr_witcn_u0/avr_rs_u0/u_avr_frs/s_data_reg[7]/C
                         clock pessimism              0.266     8.757    
                         clock uncertainty           -0.502     8.254    
    SLICE_X84Y140        FDCE (Setup_fdce_C_CE)      -0.178     8.076    U0_ps_ai_peripheral/ZGolo/u_AI_Mate_top/ddr_witcn_u0/avr_rs_u0/u_avr_frs/s_data_reg[7]
  -------------------------------------------------------------------
                         required time                          8.076    
                         arrival time                          -8.177    
  -------------------------------------------------------------------
                         slack                                 -0.101    

Slack (VIOLATED) :        -0.097ns  (required time - arrival time)
  Source:                 U_adder_top/U_flicker/dma/write_count_reg[2]/C
                            (rising edge-triggered cell FDCE clocked by clk_pll_i  {rise@0.000ns fall@2.500ns period=5.000ns})
  Destination:            U0_ps_ai_peripheral/ZGolo/u_AI_Mate_top/ddr_witcn_u0/avr_rs_u0/u_avr_frs/s_data_reg[290]/CE
                            (rising edge-triggered cell FDCE clocked by clk_pll_i  {rise@0.000ns fall@2.500ns period=5.000ns})
  Path Group:             clk_pll_i
  Path Type:              Setup (Max at Slow Process Corner)
  Requirement:            5.000ns  (clk_pll_i rise@5.000ns - clk_pll_i rise@0.000ns)
  Data Path Delay:        4.340ns  (logic 0.900ns (20.738%)  route 3.440ns (79.262%))
  Logic Levels:           9  (CARRY4=4 LUT4=3 LUT5=1 LUT6=1)
  Clock Path Skew:        -0.054ns (DCD - SCD + CPR)
    Destination Clock Delay (DCD):    3.541ns = ( 8.541 - 5.000 ) 
    Source Clock Delay      (SCD):    3.862ns
    Clock Pessimism Removal (CPR):    0.266ns
  Clock Uncertainty:      0.502ns  ((TSJ^2 + DJ^2)^1/2) / 2 + PE + UU
    Total System Jitter     (TSJ):    0.071ns
    Discrete Jitter          (DJ):    0.077ns
    Phase Error              (PE):    0.000ns
    User Uncertainty         (UU):    0.450ns

    Location             Delay type                Incr(ns)  Path(ns)    Netlist Resource(s)
  -------------------------------------------------------------------    -------------------
                         (clock clk_pll_i rise edge)
                                                      0.000     0.000 r  
    C8                                                0.000     0.000 r  sys_clk_p (IN)
                         net (fo=0)                   0.000     0.000    U0_ps_ai_peripheral/mig_ddr3_u0/u_mig_7series_0_mig/u_ddr3_clk_ibuf/sys_clk_p
    C8                   IBUFDS (Prop_ibufds_I_O)     0.855     0.855 r  U0_ps_ai_peripheral/mig_ddr3_u0/u_mig_7series_0_mig/u_ddr3_clk_ibuf/diff_input_clk.u_ibufg_sys_clk/O
                         net (fo=3, routed)           1.098     1.953    U0_ps_ai_peripheral/mig_ddr3_u0/u_mig_7series_0_mig/u_ddr3_infrastructure/out
    PLLE2_ADV_X1Y2       PLLE2_ADV (Prop_plle2_adv_CLKIN1_CLKOUT3)
                                                      0.077     2.030 r  U0_ps_ai_peripheral/mig_ddr3_u0/u_mig_7series_0_mig/u_ddr3_infrastructure/plle2_i/CLKOUT3
                         net (fo=1, routed)           1.145     3.175    U0_ps_ai_peripheral/mig_ddr3_u0/u_mig_7series_0_mig/u_ddr3_infrastructure/pll_clk3_out
    BUFHCE_X1Y24         BUFH (Prop_bufh_I_O)         0.103     3.278 r  U0_ps_ai_peripheral/mig_ddr3_u0/u_mig_7series_0_mig/u_ddr3_infrastructure/u_bufh_pll_clk3/O
                         net (fo=1, routed)           0.779     4.057    U0_ps_ai_peripheral/mig_ddr3_u0/u_mig_7series_0_mig/u_ddr3_infrastructure/pll_clk3
    MMCME2_ADV_X1Y2      MMCME2_ADV (Prop_mmcme2_adv_CLKIN1_CLKFBOUT)
                                                     -2.933     1.124 r  U0_ps_ai_peripheral/mig_ddr3_u0/u_mig_7series_0_mig/u_ddr3_infrastructure/gen_mmcm.mmcm_i/CLKFBOUT
                         net (fo=1, routed)           1.442     2.566    U0_ps_ai_peripheral/mig_ddr3_u0/u_mig_7series_0_mig/u_ddr3_infrastructure/clk_pll_i
    BUFGCTRL_X0Y16       BUFG (Prop_bufg_I_O)         0.093     2.659 r  U0_ps_ai_peripheral/mig_ddr3_u0/u_mig_7series_0_mig/u_ddr3_infrastructure/u_bufg_clkdiv0/O
                         net (fo=104865, routed)      1.203     3.862    U_adder_top/U_flicker/dma/ui_clk
    SLICE_X52Y120        FDCE                                         r  U_adder_top/U_flicker/dma/write_count_reg[2]/C
  -------------------------------------------------------------------    -------------------
    SLICE_X52Y120        FDCE (Prop_fdce_C_Q)         0.259     4.121 r  U_adder_top/U_flicker/dma/write_count_reg[2]/Q
                         net (fo=6, routed)           0.548     4.669    U_adder_top/U_flicker/dma/writes[2]
    SLICE_X51Y121        LUT4 (Prop_lut4_I2_O)        0.043     4.712 r  U_adder_top/U_flicker/dma/awvalid1_carry_i_7/O
                         net (fo=1, routed)           0.000     4.712    U_adder_top/U_flicker/dma/awvalid1_carry_i_7_n_0
    SLICE_X51Y121        CARRY4 (Prop_carry4_S[1]_CO[3])
                                                      0.267     4.979 r  U_adder_top/U_flicker/dma/awvalid1_carry/CO[3]
                         net (fo=1, routed)           0.000     4.979    U_adder_top/U_flicker/dma/awvalid1_carry_n_0
    SLICE_X51Y122        CARRY4 (Prop_carry4_CI_CO[3])
                                                      0.053     5.032 r  U_adder_top/U_flicker/dma/awvalid1_carry__0/CO[3]
                         net (fo=1, routed)           0.000     5.032    U_adder_top/U_flicker/dma/awvalid1_carry__0_n_0
    SLICE_X51Y123        CARRY4 (Prop_carry4_CI_CO[3])
                                                      0.053     5.085 r  U_adder_top/U_flicker/dma/awvalid1_carry__1/CO[3]
                         net (fo=1, routed)           0.000     5.085    U_adder_top/U_flicker/dma/awvalid1_carry__1_n_0
    SLICE_X51Y124        CARRY4 (Prop_carry4_CI_CO[3])
                                                      0.053     5.138 r  U_adder_top/U_flicker/dma/awvalid1_carry__2/CO[3]
                         net (fo=1, routed)           0.584     5.722    U_adder_top/U_flicker/dma/awvalid1
    SLICE_X61Y124        LUT6 (Prop_lut6_I3_O)        0.043     5.765 r  U_adder_top/U_flicker/dma/ZGolo_i_583/O
                         net (fo=4, routed)           0.382     6.147    U_adder_top/legacy/U_adder/U_avr_rs/u_avr_frs/fawv
    SLICE_X60Y126        LUT5 (Prop_lut5_I0_O)        0.043     6.190 r  U_adder_top/legacy/U_adder/U_avr_rs/u_avr_frs/ZGolo_i_547/O
                         net (fo=6, routed)           0.262     6.452    U0_ps_ai_peripheral/ZGolo/UserCustomOp_0_awwvalid
    SLICE_X61Y128        LUT4 (Prop_lut4_I1_O)        0.043     6.495 r  U0_ps_ai_peripheral/ZGolo/s_valid_i_2__7/O
                         net (fo=2, routed)           0.988     7.483    U0_ps_ai_peripheral/ZGolo/u_AI_Mate_top/ddr_witcn_u0/m_ddr_itf_awwvalid
    SLICE_X89Y147        LUT4 (Prop_lut4_I0_O)        0.043     7.526 r  U0_ps_ai_peripheral/ZGolo/s_data[616]_i_1/O
                         net (fo=617, routed)         0.676     8.202    U0_ps_ai_peripheral/ZGolo/s_data[616]_i_1_n_0
    SLICE_X101Y148       FDCE                                         r  U0_ps_ai_peripheral/ZGolo/u_AI_Mate_top/ddr_witcn_u0/avr_rs_u0/u_avr_frs/s_data_reg[290]/CE
  -------------------------------------------------------------------    -------------------

                         (clock clk_pll_i rise edge)
                                                      5.000     5.000 r  
    C8                                                0.000     5.000 r  sys_clk_p (IN)
                         net (fo=0)                   0.000     5.000    U0_ps_ai_peripheral/mig_ddr3_u0/u_mig_7series_0_mig/u_ddr3_clk_ibuf/sys_clk_p
    C8                   IBUFDS (Prop_ibufds_I_O)     0.758     5.758 r  U0_ps_ai_peripheral/mig_ddr3_u0/u_mig_7series_0_mig/u_ddr3_clk_ibuf/diff_input_clk.u_ibufg_sys_clk/O
                         net (fo=3, routed)           1.001     6.759    U0_ps_ai_peripheral/mig_ddr3_u0/u_mig_7series_0_mig/u_ddr3_infrastructure/out
    PLLE2_ADV_X1Y2       PLLE2_ADV (Prop_plle2_adv_CLKIN1_CLKOUT3)
                                                      0.073     6.832 r  U0_ps_ai_peripheral/mig_ddr3_u0/u_mig_7series_0_mig/u_ddr3_infrastructure/plle2_i/CLKOUT3
                         net (fo=1, routed)           1.033     7.865    U0_ps_ai_peripheral/mig_ddr3_u0/u_mig_7series_0_mig/u_ddr3_infrastructure/pll_clk3_out
    BUFHCE_X1Y24         BUFH (Prop_bufh_I_O)         0.066     7.931 r  U0_ps_ai_peripheral/mig_ddr3_u0/u_mig_7series_0_mig/u_ddr3_infrastructure/u_bufh_pll_clk3/O
                         net (fo=1, routed)           0.710     8.641    U0_ps_ai_peripheral/mig_ddr3_u0/u_mig_7series_0_mig/u_ddr3_infrastructure/pll_clk3
    MMCME2_ADV_X1Y2      MMCME2_ADV (Prop_mmcme2_adv_CLKIN1_CLKFBOUT)
                                                     -2.652     5.989 r  U0_ps_ai_peripheral/mig_ddr3_u0/u_mig_7series_0_mig/u_ddr3_infrastructure/gen_mmcm.mmcm_i/CLKFBOUT
                         net (fo=1, routed)           1.333     7.322    U0_ps_ai_peripheral/mig_ddr3_u0/u_mig_7series_0_mig/u_ddr3_infrastructure/clk_pll_i
    BUFGCTRL_X0Y16       BUFG (Prop_bufg_I_O)         0.083     7.405 r  U0_ps_ai_peripheral/mig_ddr3_u0/u_mig_7series_0_mig/u_ddr3_infrastructure/u_bufg_clkdiv0/O
                         net (fo=104865, routed)      1.136     8.541    U0_ps_ai_peripheral/ZGolo/hp_clk
    SLICE_X101Y148       FDCE                                         r  U0_ps_ai_peripheral/ZGolo/u_AI_Mate_top/ddr_witcn_u0/avr_rs_u0/u_avr_frs/s_data_reg[290]/C
                         clock pessimism              0.266     8.808    
                         clock uncertainty           -0.502     8.305    
    SLICE_X101Y148       FDCE (Setup_fdce_C_CE)      -0.201     8.104    U0_ps_ai_peripheral/ZGolo/u_AI_Mate_top/ddr_witcn_u0/avr_rs_u0/u_avr_frs/s_data_reg[290]
  -------------------------------------------------------------------
                         required time                          8.104    
                         arrival time                          -8.202    
  -------------------------------------------------------------------
                         slack                                 -0.097    

Slack (VIOLATED) :        -0.095ns  (required time - arrival time)
  Source:                 U_adder_top/U_flicker/dma/write_count_reg[2]/C
                            (rising edge-triggered cell FDCE clocked by clk_pll_i  {rise@0.000ns fall@2.500ns period=5.000ns})
  Destination:            U0_ps_ai_peripheral/ZGolo/u_AI_Mate_top/ddr_witcn_u0/avr_rs_u0/u_avr_frs/s_data_reg[411]/CE
                            (rising edge-triggered cell FDCE clocked by clk_pll_i  {rise@0.000ns fall@2.500ns period=5.000ns})
  Path Group:             clk_pll_i
  Path Type:              Setup (Max at Slow Process Corner)
  Requirement:            5.000ns  (clk_pll_i rise@5.000ns - clk_pll_i rise@0.000ns)
  Data Path Delay:        4.288ns  (logic 0.900ns (20.987%)  route 3.388ns (79.013%))
  Logic Levels:           9  (CARRY4=4 LUT4=3 LUT5=1 LUT6=1)
  Clock Path Skew:        -0.103ns (DCD - SCD + CPR)
    Destination Clock Delay (DCD):    3.492ns = ( 8.492 - 5.000 ) 
    Source Clock Delay      (SCD):    3.862ns
    Clock Pessimism Removal (CPR):    0.266ns
  Clock Uncertainty:      0.502ns  ((TSJ^2 + DJ^2)^1/2) / 2 + PE + UU
    Total System Jitter     (TSJ):    0.071ns
    Discrete Jitter          (DJ):    0.077ns
    Phase Error              (PE):    0.000ns
    User Uncertainty         (UU):    0.450ns

    Location             Delay type                Incr(ns)  Path(ns)    Netlist Resource(s)
  -------------------------------------------------------------------    -------------------
                         (clock clk_pll_i rise edge)
                                                      0.000     0.000 r  
    C8                                                0.000     0.000 r  sys_clk_p (IN)
                         net (fo=0)                   0.000     0.000    U0_ps_ai_peripheral/mig_ddr3_u0/u_mig_7series_0_mig/u_ddr3_clk_ibuf/sys_clk_p
    C8                   IBUFDS (Prop_ibufds_I_O)     0.855     0.855 r  U0_ps_ai_peripheral/mig_ddr3_u0/u_mig_7series_0_mig/u_ddr3_clk_ibuf/diff_input_clk.u_ibufg_sys_clk/O
                         net (fo=3, routed)           1.098     1.953    U0_ps_ai_peripheral/mig_ddr3_u0/u_mig_7series_0_mig/u_ddr3_infrastructure/out
    PLLE2_ADV_X1Y2       PLLE2_ADV (Prop_plle2_adv_CLKIN1_CLKOUT3)
                                                      0.077     2.030 r  U0_ps_ai_peripheral/mig_ddr3_u0/u_mig_7series_0_mig/u_ddr3_infrastructure/plle2_i/CLKOUT3
                         net (fo=1, routed)           1.145     3.175    U0_ps_ai_peripheral/mig_ddr3_u0/u_mig_7series_0_mig/u_ddr3_infrastructure/pll_clk3_out
    BUFHCE_X1Y24         BUFH (Prop_bufh_I_O)         0.103     3.278 r  U0_ps_ai_peripheral/mig_ddr3_u0/u_mig_7series_0_mig/u_ddr3_infrastructure/u_bufh_pll_clk3/O
                         net (fo=1, routed)           0.779     4.057    U0_ps_ai_peripheral/mig_ddr3_u0/u_mig_7series_0_mig/u_ddr3_infrastructure/pll_clk3
    MMCME2_ADV_X1Y2      MMCME2_ADV (Prop_mmcme2_adv_CLKIN1_CLKFBOUT)
                                                     -2.933     1.124 r  U0_ps_ai_peripheral/mig_ddr3_u0/u_mig_7series_0_mig/u_ddr3_infrastructure/gen_mmcm.mmcm_i/CLKFBOUT
                         net (fo=1, routed)           1.442     2.566    U0_ps_ai_peripheral/mig_ddr3_u0/u_mig_7series_0_mig/u_ddr3_infrastructure/clk_pll_i
    BUFGCTRL_X0Y16       BUFG (Prop_bufg_I_O)         0.093     2.659 r  U0_ps_ai_peripheral/mig_ddr3_u0/u_mig_7series_0_mig/u_ddr3_infrastructure/u_bufg_clkdiv0/O
                         net (fo=104865, routed)      1.203     3.862    U_adder_top/U_flicker/dma/ui_clk
    SLICE_X52Y120        FDCE                                         r  U_adder_top/U_flicker/dma/write_count_reg[2]/C
  -------------------------------------------------------------------    -------------------
    SLICE_X52Y120        FDCE (Prop_fdce_C_Q)         0.259     4.121 r  U_adder_top/U_flicker/dma/write_count_reg[2]/Q
                         net (fo=6, routed)           0.548     4.669    U_adder_top/U_flicker/dma/writes[2]
    SLICE_X51Y121        LUT4 (Prop_lut4_I2_O)        0.043     4.712 r  U_adder_top/U_flicker/dma/awvalid1_carry_i_7/O
                         net (fo=1, routed)           0.000     4.712    U_adder_top/U_flicker/dma/awvalid1_carry_i_7_n_0
    SLICE_X51Y121        CARRY4 (Prop_carry4_S[1]_CO[3])
                                                      0.267     4.979 r  U_adder_top/U_flicker/dma/awvalid1_carry/CO[3]
                         net (fo=1, routed)           0.000     4.979    U_adder_top/U_flicker/dma/awvalid1_carry_n_0
    SLICE_X51Y122        CARRY4 (Prop_carry4_CI_CO[3])
                                                      0.053     5.032 r  U_adder_top/U_flicker/dma/awvalid1_carry__0/CO[3]
                         net (fo=1, routed)           0.000     5.032    U_adder_top/U_flicker/dma/awvalid1_carry__0_n_0
    SLICE_X51Y123        CARRY4 (Prop_carry4_CI_CO[3])
                                                      0.053     5.085 r  U_adder_top/U_flicker/dma/awvalid1_carry__1/CO[3]
                         net (fo=1, routed)           0.000     5.085    U_adder_top/U_flicker/dma/awvalid1_carry__1_n_0
    SLICE_X51Y124        CARRY4 (Prop_carry4_CI_CO[3])
                                                      0.053     5.138 r  U_adder_top/U_flicker/dma/awvalid1_carry__2/CO[3]
                         net (fo=1, routed)           0.584     5.722    U_adder_top/U_flicker/dma/awvalid1
    SLICE_X61Y124        LUT6 (Prop_lut6_I3_O)        0.043     5.765 r  U_adder_top/U_flicker/dma/ZGolo_i_583/O
                         net (fo=4, routed)           0.382     6.147    U_adder_top/legacy/U_adder/U_avr_rs/u_avr_frs/fawv
    SLICE_X60Y126        LUT5 (Prop_lut5_I0_O)        0.043     6.190 r  U_adder_top/legacy/U_adder/U_avr_rs/u_avr_frs/ZGolo_i_547/O
                         net (fo=6, routed)           0.262     6.452    U0_ps_ai_peripheral/ZGolo/UserCustomOp_0_awwvalid
    SLICE_X61Y128        LUT4 (Prop_lut4_I1_O)        0.043     6.495 r  U0_ps_ai_peripheral/ZGolo/s_valid_i_2__7/O
                         net (fo=2, routed)           0.988     7.483    U0_ps_ai_peripheral/ZGolo/u_AI_Mate_top/ddr_witcn_u0/m_ddr_itf_awwvalid
    SLICE_X89Y147        LUT4 (Prop_lut4_I0_O)        0.043     7.526 r  U0_ps_ai_peripheral/ZGolo/s_data[616]_i_1/O
                         net (fo=617, routed)         0.624     8.150    U0_ps_ai_peripheral/ZGolo/s_data[616]_i_1_n_0
    SLICE_X91Y141        FDCE                                         r  U0_ps_ai_peripheral/ZGolo/u_AI_Mate_top/ddr_witcn_u0/avr_rs_u0/u_avr_frs/s_data_reg[411]/CE
  -------------------------------------------------------------------    -------------------

                         (clock clk_pll_i rise edge)
                                                      5.000     5.000 r  
    C8                                                0.000     5.000 r  sys_clk_p (IN)
                         net (fo=0)                   0.000     5.000    U0_ps_ai_peripheral/mig_ddr3_u0/u_mig_7series_0_mig/u_ddr3_clk_ibuf/sys_clk_p
    C8                   IBUFDS (Prop_ibufds_I_O)     0.758     5.758 r  U0_ps_ai_peripheral/mig_ddr3_u0/u_mig_7series_0_mig/u_ddr3_clk_ibuf/diff_input_clk.u_ibufg_sys_clk/O
                         net (fo=3, routed)           1.001     6.759    U0_ps_ai_peripheral/mig_ddr3_u0/u_mig_7series_0_mig/u_ddr3_infrastructure/out
    PLLE2_ADV_X1Y2       PLLE2_ADV (Prop_plle2_adv_CLKIN1_CLKOUT3)
                                                      0.073     6.832 r  U0_ps_ai_peripheral/mig_ddr3_u0/u_mig_7series_0_mig/u_ddr3_infrastructure/plle2_i/CLKOUT3
                         net (fo=1, routed)           1.033     7.865    U0_ps_ai_peripheral/mig_ddr3_u0/u_mig_7series_0_mig/u_ddr3_infrastructure/pll_clk3_out
    BUFHCE_X1Y24         BUFH (Prop_bufh_I_O)         0.066     7.931 r  U0_ps_ai_peripheral/mig_ddr3_u0/u_mig_7series_0_mig/u_ddr3_infrastructure/u_bufh_pll_clk3/O
                         net (fo=1, routed)           0.710     8.641    U0_ps_ai_peripheral/mig_ddr3_u0/u_mig_7series_0_mig/u_ddr3_infrastructure/pll_clk3
    MMCME2_ADV_X1Y2      MMCME2_ADV (Prop_mmcme2_adv_CLKIN1_CLKFBOUT)
                                                     -2.652     5.989 r  U0_ps_ai_peripheral/mig_ddr3_u0/u_mig_7series_0_mig/u_ddr3_infrastructure/gen_mmcm.mmcm_i/CLKFBOUT
                         net (fo=1, routed)           1.333     7.322    U0_ps_ai_peripheral/mig_ddr3_u0/u_mig_7series_0_mig/u_ddr3_infrastructure/clk_pll_i
    BUFGCTRL_X0Y16       BUFG (Prop_bufg_I_O)         0.083     7.405 r  U0_ps_ai_peripheral/mig_ddr3_u0/u_mig_7series_0_mig/u_ddr3_infrastructure/u_bufg_clkdiv0/O
                         net (fo=104865, routed)      1.087     8.492    U0_ps_ai_peripheral/ZGolo/hp_clk
    SLICE_X91Y141        FDCE                                         r  U0_ps_ai_peripheral/ZGolo/u_AI_Mate_top/ddr_witcn_u0/avr_rs_u0/u_avr_frs/s_data_reg[411]/C
                         clock pessimism              0.266     8.759    
                         clock uncertainty           -0.502     8.256    
    SLICE_X91Y141        FDCE (Setup_fdce_C_CE)      -0.201     8.055    U0_ps_ai_peripheral/ZGolo/u_AI_Mate_top/ddr_witcn_u0/avr_rs_u0/u_avr_frs/s_data_reg[411]
  -------------------------------------------------------------------
                         required time                          8.055    
                         arrival time                          -8.150    
  -------------------------------------------------------------------
                         slack                                 -0.095    

Slack (VIOLATED) :        -0.095ns  (required time - arrival time)
  Source:                 U_adder_top/U_flicker/dma/write_count_reg[2]/C
                            (rising edge-triggered cell FDCE clocked by clk_pll_i  {rise@0.000ns fall@2.500ns period=5.000ns})
  Destination:            U0_ps_ai_peripheral/ZGolo/u_AI_Mate_top/ddr_witcn_u0/avr_rs_u0/u_avr_frs/s_data_reg[465]/CE
                            (rising edge-triggered cell FDCE clocked by clk_pll_i  {rise@0.000ns fall@2.500ns period=5.000ns})
  Path Group:             clk_pll_i
  Path Type:              Setup (Max at Slow Process Corner)
  Requirement:            5.000ns  (clk_pll_i rise@5.000ns - clk_pll_i rise@0.000ns)
  Data Path Delay:        4.288ns  (logic 0.900ns (20.987%)  route 3.388ns (79.013%))
  Logic Levels:           9  (CARRY4=4 LUT4=3 LUT5=1 LUT6=1)
  Clock Path Skew:        -0.103ns (DCD - SCD + CPR)
    Destination Clock Delay (DCD):    3.492ns = ( 8.492 - 5.000 ) 
    Source Clock Delay      (SCD):    3.862ns
    Clock Pessimism Removal (CPR):    0.266ns
  Clock Uncertainty:      0.502ns  ((TSJ^2 + DJ^2)^1/2) / 2 + PE + UU
    Total System Jitter     (TSJ):    0.071ns
    Discrete Jitter          (DJ):    0.077ns
    Phase Error              (PE):    0.000ns
    User Uncertainty         (UU):    0.450ns

    Location             Delay type                Incr(ns)  Path(ns)    Netlist Resource(s)
  -------------------------------------------------------------------    -------------------
                         (clock clk_pll_i rise edge)
                                                      0.000     0.000 r  
    C8                                                0.000     0.000 r  sys_clk_p (IN)
                         net (fo=0)                   0.000     0.000    U0_ps_ai_peripheral/mig_ddr3_u0/u_mig_7series_0_mig/u_ddr3_clk_ibuf/sys_clk_p
    C8                   IBUFDS (Prop_ibufds_I_O)     0.855     0.855 r  U0_ps_ai_peripheral/mig_ddr3_u0/u_mig_7series_0_mig/u_ddr3_clk_ibuf/diff_input_clk.u_ibufg_sys_clk/O
                         net (fo=3, routed)           1.098     1.953    U0_ps_ai_peripheral/mig_ddr3_u0/u_mig_7series_0_mig/u_ddr3_infrastructure/out
    PLLE2_ADV_X1Y2       PLLE2_ADV (Prop_plle2_adv_CLKIN1_CLKOUT3)
                                                      0.077     2.030 r  U0_ps_ai_peripheral/mig_ddr3_u0/u_mig_7series_0_mig/u_ddr3_infrastructure/plle2_i/CLKOUT3
                         net (fo=1, routed)           1.145     3.175    U0_ps_ai_peripheral/mig_ddr3_u0/u_mig_7series_0_mig/u_ddr3_infrastructure/pll_clk3_out
    BUFHCE_X1Y24         BUFH (Prop_bufh_I_O)         0.103     3.278 r  U0_ps_ai_peripheral/mig_ddr3_u0/u_mig_7series_0_mig/u_ddr3_infrastructure/u_bufh_pll_clk3/O
                         net (fo=1, routed)           0.779     4.057    U0_ps_ai_peripheral/mig_ddr3_u0/u_mig_7series_0_mig/u_ddr3_infrastructure/pll_clk3
    MMCME2_ADV_X1Y2      MMCME2_ADV (Prop_mmcme2_adv_CLKIN1_CLKFBOUT)
                                                     -2.933     1.124 r  U0_ps_ai_peripheral/mig_ddr3_u0/u_mig_7series_0_mig/u_ddr3_infrastructure/gen_mmcm.mmcm_i/CLKFBOUT
                         net (fo=1, routed)           1.442     2.566    U0_ps_ai_peripheral/mig_ddr3_u0/u_mig_7series_0_mig/u_ddr3_infrastructure/clk_pll_i
    BUFGCTRL_X0Y16       BUFG (Prop_bufg_I_O)         0.093     2.659 r  U0_ps_ai_peripheral/mig_ddr3_u0/u_mig_7series_0_mig/u_ddr3_infrastructure/u_bufg_clkdiv0/O
                         net (fo=104865, routed)      1.203     3.862    U_adder_top/U_flicker/dma/ui_clk
    SLICE_X52Y120        FDCE                                         r  U_adder_top/U_flicker/dma/write_count_reg[2]/C
  -------------------------------------------------------------------    -------------------
    SLICE_X52Y120        FDCE (Prop_fdce_C_Q)         0.259     4.121 r  U_adder_top/U_flicker/dma/write_count_reg[2]/Q
                         net (fo=6, routed)           0.548     4.669    U_adder_top/U_flicker/dma/writes[2]
    SLICE_X51Y121        LUT4 (Prop_lut4_I2_O)        0.043     4.712 r  U_adder_top/U_flicker/dma/awvalid1_carry_i_7/O
                         net (fo=1, routed)           0.000     4.712    U_adder_top/U_flicker/dma/awvalid1_carry_i_7_n_0
    SLICE_X51Y121        CARRY4 (Prop_carry4_S[1]_CO[3])
                                                      0.267     4.979 r  U_adder_top/U_flicker/dma/awvalid1_carry/CO[3]
                         net (fo=1, routed)           0.000     4.979    U_adder_top/U_flicker/dma/awvalid1_carry_n_0
    SLICE_X51Y122        CARRY4 (Prop_carry4_CI_CO[3])
                                                      0.053     5.032 r  U_adder_top/U_flicker/dma/awvalid1_carry__0/CO[3]
                         net (fo=1, routed)           0.000     5.032    U_adder_top/U_flicker/dma/awvalid1_carry__0_n_0
    SLICE_X51Y123        CARRY4 (Prop_carry4_CI_CO[3])
                                                      0.053     5.085 r  U_adder_top/U_flicker/dma/awvalid1_carry__1/CO[3]
                         net (fo=1, routed)           0.000     5.085    U_adder_top/U_flicker/dma/awvalid1_carry__1_n_0
    SLICE_X51Y124        CARRY4 (Prop_carry4_CI_CO[3])
                                                      0.053     5.138 r  U_adder_top/U_flicker/dma/awvalid1_carry__2/CO[3]
                         net (fo=1, routed)           0.584     5.722    U_adder_top/U_flicker/dma/awvalid1
    SLICE_X61Y124        LUT6 (Prop_lut6_I3_O)        0.043     5.765 r  U_adder_top/U_flicker/dma/ZGolo_i_583/O
                         net (fo=4, routed)           0.382     6.147    U_adder_top/legacy/U_adder/U_avr_rs/u_avr_frs/fawv
    SLICE_X60Y126        LUT5 (Prop_lut5_I0_O)        0.043     6.190 r  U_adder_top/legacy/U_adder/U_avr_rs/u_avr_frs/ZGolo_i_547/O
                         net (fo=6, routed)           0.262     6.452    U0_ps_ai_peripheral/ZGolo/UserCustomOp_0_awwvalid
    SLICE_X61Y128        LUT4 (Prop_lut4_I1_O)        0.043     6.495 r  U0_ps_ai_peripheral/ZGolo/s_valid_i_2__7/O
                         net (fo=2, routed)           0.988     7.483    U0_ps_ai_peripheral/ZGolo/u_AI_Mate_top/ddr_witcn_u0/m_ddr_itf_awwvalid
    SLICE_X89Y147        LUT4 (Prop_lut4_I0_O)        0.043     7.526 r  U0_ps_ai_peripheral/ZGolo/s_data[616]_i_1/O
                         net (fo=617, routed)         0.624     8.150    U0_ps_ai_peripheral/ZGolo/s_data[616]_i_1_n_0
    SLICE_X91Y141        FDCE                                         r  U0_ps_ai_peripheral/ZGolo/u_AI_Mate_top/ddr_witcn_u0/avr_rs_u0/u_avr_frs/s_data_reg[465]/CE
  -------------------------------------------------------------------    -------------------

                         (clock clk_pll_i rise edge)
                                                      5.000     5.000 r  
    C8                                                0.000     5.000 r  sys_clk_p (IN)
                         net (fo=0)                   0.000     5.000    U0_ps_ai_peripheral/mig_ddr3_u0/u_mig_7series_0_mig/u_ddr3_clk_ibuf/sys_clk_p
    C8                   IBUFDS (Prop_ibufds_I_O)     0.758     5.758 r  U0_ps_ai_peripheral/mig_ddr3_u0/u_mig_7series_0_mig/u_ddr3_clk_ibuf/diff_input_clk.u_ibufg_sys_clk/O
                         net (fo=3, routed)           1.001     6.759    U0_ps_ai_peripheral/mig_ddr3_u0/u_mig_7series_0_mig/u_ddr3_infrastructure/out
    PLLE2_ADV_X1Y2       PLLE2_ADV (Prop_plle2_adv_CLKIN1_CLKOUT3)
                                                      0.073     6.832 r  U0_ps_ai_peripheral/mig_ddr3_u0/u_mig_7series_0_mig/u_ddr3_infrastructure/plle2_i/CLKOUT3
                         net (fo=1, routed)           1.033     7.865    U0_ps_ai_peripheral/mig_ddr3_u0/u_mig_7series_0_mig/u_ddr3_infrastructure/pll_clk3_out
    BUFHCE_X1Y24         BUFH (Prop_bufh_I_O)         0.066     7.931 r  U0_ps_ai_peripheral/mig_ddr3_u0/u_mig_7series_0_mig/u_ddr3_infrastructure/u_bufh_pll_clk3/O
                         net (fo=1, routed)           0.710     8.641    U0_ps_ai_peripheral/mig_ddr3_u0/u_mig_7series_0_mig/u_ddr3_infrastructure/pll_clk3
    MMCME2_ADV_X1Y2      MMCME2_ADV (Prop_mmcme2_adv_CLKIN1_CLKFBOUT)
                                                     -2.652     5.989 r  U0_ps_ai_peripheral/mig_ddr3_u0/u_mig_7series_0_mig/u_ddr3_infrastructure/gen_mmcm.mmcm_i/CLKFBOUT
                         net (fo=1, routed)           1.333     7.322    U0_ps_ai_peripheral/mig_ddr3_u0/u_mig_7series_0_mig/u_ddr3_infrastructure/clk_pll_i
    BUFGCTRL_X0Y16       BUFG (Prop_bufg_I_O)         0.083     7.405 r  U0_ps_ai_peripheral/mig_ddr3_u0/u_mig_7series_0_mig/u_ddr3_infrastructure/u_bufg_clkdiv0/O
                         net (fo=104865, routed)      1.087     8.492    U0_ps_ai_peripheral/ZGolo/hp_clk
    SLICE_X91Y141        FDCE                                         r  U0_ps_ai_peripheral/ZGolo/u_AI_Mate_top/ddr_witcn_u0/avr_rs_u0/u_avr_frs/s_data_reg[465]/C
                         clock pessimism              0.266     8.759    
                         clock uncertainty           -0.502     8.256    
    SLICE_X91Y141        FDCE (Setup_fdce_C_CE)      -0.201     8.055    U0_ps_ai_peripheral/ZGolo/u_AI_Mate_top/ddr_witcn_u0/avr_rs_u0/u_avr_frs/s_data_reg[465]
  -------------------------------------------------------------------
                         required time                          8.055    
                         arrival time                          -8.150    
  -------------------------------------------------------------------
                         slack                                 -0.095    

Slack (VIOLATED) :        -0.095ns  (required time - arrival time)
  Source:                 U_adder_top/U_flicker/dma/write_count_reg[2]/C
                            (rising edge-triggered cell FDCE clocked by clk_pll_i  {rise@0.000ns fall@2.500ns period=5.000ns})
  Destination:            U0_ps_ai_peripheral/ZGolo/u_AI_Mate_top/ddr_witcn_u0/avr_rs_u0/u_avr_frs/s_data_reg[483]/CE
                            (rising edge-triggered cell FDCE clocked by clk_pll_i  {rise@0.000ns fall@2.500ns period=5.000ns})
  Path Group:             clk_pll_i
  Path Type:              Setup (Max at Slow Process Corner)
  Requirement:            5.000ns  (clk_pll_i rise@5.000ns - clk_pll_i rise@0.000ns)
  Data Path Delay:        4.288ns  (logic 0.900ns (20.987%)  route 3.388ns (79.013%))
  Logic Levels:           9  (CARRY4=4 LUT4=3 LUT5=1 LUT6=1)
  Clock Path Skew:        -0.103ns (DCD - SCD + CPR)
    Destination Clock Delay (DCD):    3.492ns = ( 8.492 - 5.000 ) 
    Source Clock Delay      (SCD):    3.862ns
    Clock Pessimism Removal (CPR):    0.266ns
  Clock Uncertainty:      0.502ns  ((TSJ^2 + DJ^2)^1/2) / 2 + PE + UU
    Total System Jitter     (TSJ):    0.071ns
    Discrete Jitter          (DJ):    0.077ns
    Phase Error              (PE):    0.000ns
    User Uncertainty         (UU):    0.450ns

    Location             Delay type                Incr(ns)  Path(ns)    Netlist Resource(s)
  -------------------------------------------------------------------    -------------------
                         (clock clk_pll_i rise edge)
                                                      0.000     0.000 r  
    C8                                                0.000     0.000 r  sys_clk_p (IN)
                         net (fo=0)                   0.000     0.000    U0_ps_ai_peripheral/mig_ddr3_u0/u_mig_7series_0_mig/u_ddr3_clk_ibuf/sys_clk_p
    C8                   IBUFDS (Prop_ibufds_I_O)     0.855     0.855 r  U0_ps_ai_peripheral/mig_ddr3_u0/u_mig_7series_0_mig/u_ddr3_clk_ibuf/diff_input_clk.u_ibufg_sys_clk/O
                         net (fo=3, routed)           1.098     1.953    U0_ps_ai_peripheral/mig_ddr3_u0/u_mig_7series_0_mig/u_ddr3_infrastructure/out
    PLLE2_ADV_X1Y2       PLLE2_ADV (Prop_plle2_adv_CLKIN1_CLKOUT3)
                                                      0.077     2.030 r  U0_ps_ai_peripheral/mig_ddr3_u0/u_mig_7series_0_mig/u_ddr3_infrastructure/plle2_i/CLKOUT3
                         net (fo=1, routed)           1.145     3.175    U0_ps_ai_peripheral/mig_ddr3_u0/u_mig_7series_0_mig/u_ddr3_infrastructure/pll_clk3_out
    BUFHCE_X1Y24         BUFH (Prop_bufh_I_O)         0.103     3.278 r  U0_ps_ai_peripheral/mig_ddr3_u0/u_mig_7series_0_mig/u_ddr3_infrastructure/u_bufh_pll_clk3/O
                         net (fo=1, routed)           0.779     4.057    U0_ps_ai_peripheral/mig_ddr3_u0/u_mig_7series_0_mig/u_ddr3_infrastructure/pll_clk3
    MMCME2_ADV_X1Y2      MMCME2_ADV (Prop_mmcme2_adv_CLKIN1_CLKFBOUT)
                                                     -2.933     1.124 r  U0_ps_ai_peripheral/mig_ddr3_u0/u_mig_7series_0_mig/u_ddr3_infrastructure/gen_mmcm.mmcm_i/CLKFBOUT
                         net (fo=1, routed)           1.442     2.566    U0_ps_ai_peripheral/mig_ddr3_u0/u_mig_7series_0_mig/u_ddr3_infrastructure/clk_pll_i
    BUFGCTRL_X0Y16       BUFG (Prop_bufg_I_O)         0.093     2.659 r  U0_ps_ai_peripheral/mig_ddr3_u0/u_mig_7series_0_mig/u_ddr3_infrastructure/u_bufg_clkdiv0/O
                         net (fo=104865, routed)      1.203     3.862    U_adder_top/U_flicker/dma/ui_clk
    SLICE_X52Y120        FDCE                                         r  U_adder_top/U_flicker/dma/write_count_reg[2]/C
  -------------------------------------------------------------------    -------------------
    SLICE_X52Y120        FDCE (Prop_fdce_C_Q)         0.259     4.121 r  U_adder_top/U_flicker/dma/write_count_reg[2]/Q
                         net (fo=6, routed)           0.548     4.669    U_adder_top/U_flicker/dma/writes[2]
    SLICE_X51Y121        LUT4 (Prop_lut4_I2_O)        0.043     4.712 r  U_adder_top/U_flicker/dma/awvalid1_carry_i_7/O
                         net (fo=1, routed)           0.000     4.712    U_adder_top/U_flicker/dma/awvalid1_carry_i_7_n_0
    SLICE_X51Y121        CARRY4 (Prop_carry4_S[1]_CO[3])
                                                      0.267     4.979 r  U_adder_top/U_flicker/dma/awvalid1_carry/CO[3]
                         net (fo=1, routed)           0.000     4.979    U_adder_top/U_flicker/dma/awvalid1_carry_n_0
    SLICE_X51Y122        CARRY4 (Prop_carry4_CI_CO[3])
                                                      0.053     5.032 r  U_adder_top/U_flicker/dma/awvalid1_carry__0/CO[3]
                         net (fo=1, routed)           0.000     5.032    U_adder_top/U_flicker/dma/awvalid1_carry__0_n_0
    SLICE_X51Y123        CARRY4 (Prop_carry4_CI_CO[3])
                                                      0.053     5.085 r  U_adder_top/U_flicker/dma/awvalid1_carry__1/CO[3]
                         net (fo=1, routed)           0.000     5.085    U_adder_top/U_flicker/dma/awvalid1_carry__1_n_0
    SLICE_X51Y124        CARRY4 (Prop_carry4_CI_CO[3])
                                                      0.053     5.138 r  U_adder_top/U_flicker/dma/awvalid1_carry__2/CO[3]
                         net (fo=1, routed)           0.584     5.722    U_adder_top/U_flicker/dma/awvalid1
    SLICE_X61Y124        LUT6 (Prop_lut6_I3_O)        0.043     5.765 r  U_adder_top/U_flicker/dma/ZGolo_i_583/O
                         net (fo=4, routed)           0.382     6.147    U_adder_top/legacy/U_adder/U_avr_rs/u_avr_frs/fawv
    SLICE_X60Y126        LUT5 (Prop_lut5_I0_O)        0.043     6.190 r  U_adder_top/legacy/U_adder/U_avr_rs/u_avr_frs/ZGolo_i_547/O
                         net (fo=6, routed)           0.262     6.452    U0_ps_ai_peripheral/ZGolo/UserCustomOp_0_awwvalid
    SLICE_X61Y128        LUT4 (Prop_lut4_I1_O)        0.043     6.495 r  U0_ps_ai_peripheral/ZGolo/s_valid_i_2__7/O
                         net (fo=2, routed)           0.988     7.483    U0_ps_ai_peripheral/ZGolo/u_AI_Mate_top/ddr_witcn_u0/m_ddr_itf_awwvalid
    SLICE_X89Y147        LUT4 (Prop_lut4_I0_O)        0.043     7.526 r  U0_ps_ai_peripheral/ZGolo/s_data[616]_i_1/O
                         net (fo=617, routed)         0.624     8.150    U0_ps_ai_peripheral/ZGolo/s_data[616]_i_1_n_0
    SLICE_X91Y141        FDCE                                         r  U0_ps_ai_peripheral/ZGolo/u_AI_Mate_top/ddr_witcn_u0/avr_rs_u0/u_avr_frs/s_data_reg[483]/CE
  -------------------------------------------------------------------    -------------------

                         (clock clk_pll_i rise edge)
                                                      5.000     5.000 r  
    C8                                                0.000     5.000 r  sys_clk_p (IN)
                         net (fo=0)                   0.000     5.000    U0_ps_ai_peripheral/mig_ddr3_u0/u_mig_7series_0_mig/u_ddr3_clk_ibuf/sys_clk_p
    C8                   IBUFDS (Prop_ibufds_I_O)     0.758     5.758 r  U0_ps_ai_peripheral/mig_ddr3_u0/u_mig_7series_0_mig/u_ddr3_clk_ibuf/diff_input_clk.u_ibufg_sys_clk/O
                         net (fo=3, routed)           1.001     6.759    U0_ps_ai_peripheral/mig_ddr3_u0/u_mig_7series_0_mig/u_ddr3_infrastructure/out
    PLLE2_ADV_X1Y2       PLLE2_ADV (Prop_plle2_adv_CLKIN1_CLKOUT3)
                                                      0.073     6.832 r  U0_ps_ai_peripheral/mig_ddr3_u0/u_mig_7series_0_mig/u_ddr3_infrastructure/plle2_i/CLKOUT3
                         net (fo=1, routed)           1.033     7.865    U0_ps_ai_peripheral/mig_ddr3_u0/u_mig_7series_0_mig/u_ddr3_infrastructure/pll_clk3_out
    BUFHCE_X1Y24         BUFH (Prop_bufh_I_O)         0.066     7.931 r  U0_ps_ai_peripheral/mig_ddr3_u0/u_mig_7series_0_mig/u_ddr3_infrastructure/u_bufh_pll_clk3/O
                         net (fo=1, routed)           0.710     8.641    U0_ps_ai_peripheral/mig_ddr3_u0/u_mig_7series_0_mig/u_ddr3_infrastructure/pll_clk3
    MMCME2_ADV_X1Y2      MMCME2_ADV (Prop_mmcme2_adv_CLKIN1_CLKFBOUT)
                                                     -2.652     5.989 r  U0_ps_ai_peripheral/mig_ddr3_u0/u_mig_7series_0_mig/u_ddr3_infrastructure/gen_mmcm.mmcm_i/CLKFBOUT
                         net (fo=1, routed)           1.333     7.322    U0_ps_ai_peripheral/mig_ddr3_u0/u_mig_7series_0_mig/u_ddr3_infrastructure/clk_pll_i
    BUFGCTRL_X0Y16       BUFG (Prop_bufg_I_O)         0.083     7.405 r  U0_ps_ai_peripheral/mig_ddr3_u0/u_mig_7series_0_mig/u_ddr3_infrastructure/u_bufg_clkdiv0/O
                         net (fo=104865, routed)      1.087     8.492    U0_ps_ai_peripheral/ZGolo/hp_clk
    SLICE_X91Y141        FDCE                                         r  U0_ps_ai_peripheral/ZGolo/u_AI_Mate_top/ddr_witcn_u0/avr_rs_u0/u_avr_frs/s_data_reg[483]/C
                         clock pessimism              0.266     8.759    
                         clock uncertainty           -0.502     8.256    
    SLICE_X91Y141        FDCE (Setup_fdce_C_CE)      -0.201     8.055    U0_ps_ai_peripheral/ZGolo/u_AI_Mate_top/ddr_witcn_u0/avr_rs_u0/u_avr_frs/s_data_reg[483]
  -------------------------------------------------------------------
                         required time                          8.055    
                         arrival time                          -8.150    
  -------------------------------------------------------------------
                         slack                                 -0.095    

Slack (VIOLATED) :        -0.095ns  (required time - arrival time)
  Source:                 U_adder_top/U_flicker/dma/write_count_reg[2]/C
                            (rising edge-triggered cell FDCE clocked by clk_pll_i  {rise@0.000ns fall@2.500ns period=5.000ns})
  Destination:            U0_ps_ai_peripheral/ZGolo/u_AI_Mate_top/ddr_witcn_u0/avr_rs_u0/u_avr_frs/s_data_reg[543]/CE
                            (rising edge-triggered cell FDCE clocked by clk_pll_i  {rise@0.000ns fall@2.500ns period=5.000ns})
  Path Group:             clk_pll_i
  Path Type:              Setup (Max at Slow Process Corner)
  Requirement:            5.000ns  (clk_pll_i rise@5.000ns - clk_pll_i rise@0.000ns)
  Data Path Delay:        4.288ns  (logic 0.900ns (20.987%)  route 3.388ns (79.013%))
  Logic Levels:           9  (CARRY4=4 LUT4=3 LUT5=1 LUT6=1)
  Clock Path Skew:        -0.103ns (DCD - SCD + CPR)
    Destination Clock Delay (DCD):    3.492ns = ( 8.492 - 5.000 ) 
    Source Clock Delay      (SCD):    3.862ns
    Clock Pessimism Removal (CPR):    0.266ns
  Clock Uncertainty:      0.502ns  ((TSJ^2 + DJ^2)^1/2) / 2 + PE + UU
    Total System Jitter     (TSJ):    0.071ns
    Discrete Jitter          (DJ):    0.077ns
    Phase Error              (PE):    0.000ns
    User Uncertainty         (UU):    0.450ns

    Location             Delay type                Incr(ns)  Path(ns)    Netlist Resource(s)
  -------------------------------------------------------------------    -------------------
                         (clock clk_pll_i rise edge)
                                                      0.000     0.000 r  
    C8                                                0.000     0.000 r  sys_clk_p (IN)
                         net (fo=0)                   0.000     0.000    U0_ps_ai_peripheral/mig_ddr3_u0/u_mig_7series_0_mig/u_ddr3_clk_ibuf/sys_clk_p
    C8                   IBUFDS (Prop_ibufds_I_O)     0.855     0.855 r  U0_ps_ai_peripheral/mig_ddr3_u0/u_mig_7series_0_mig/u_ddr3_clk_ibuf/diff_input_clk.u_ibufg_sys_clk/O
                         net (fo=3, routed)           1.098     1.953    U0_ps_ai_peripheral/mig_ddr3_u0/u_mig_7series_0_mig/u_ddr3_infrastructure/out
    PLLE2_ADV_X1Y2       PLLE2_ADV (Prop_plle2_adv_CLKIN1_CLKOUT3)
                                                      0.077     2.030 r  U0_ps_ai_peripheral/mig_ddr3_u0/u_mig_7series_0_mig/u_ddr3_infrastructure/plle2_i/CLKOUT3
                         net (fo=1, routed)           1.145     3.175    U0_ps_ai_peripheral/mig_ddr3_u0/u_mig_7series_0_mig/u_ddr3_infrastructure/pll_clk3_out
    BUFHCE_X1Y24         BUFH (Prop_bufh_I_O)         0.103     3.278 r  U0_ps_ai_peripheral/mig_ddr3_u0/u_mig_7series_0_mig/u_ddr3_infrastructure/u_bufh_pll_clk3/O
                         net (fo=1, routed)           0.779     4.057    U0_ps_ai_peripheral/mig_ddr3_u0/u_mig_7series_0_mig/u_ddr3_infrastructure/pll_clk3
    MMCME2_ADV_X1Y2      MMCME2_ADV (Prop_mmcme2_adv_CLKIN1_CLKFBOUT)
                                                     -2.933     1.124 r  U0_ps_ai_peripheral/mig_ddr3_u0/u_mig_7series_0_mig/u_ddr3_infrastructure/gen_mmcm.mmcm_i/CLKFBOUT
                         net (fo=1, routed)           1.442     2.566    U0_ps_ai_peripheral/mig_ddr3_u0/u_mig_7series_0_mig/u_ddr3_infrastructure/clk_pll_i
    BUFGCTRL_X0Y16       BUFG (Prop_bufg_I_O)         0.093     2.659 r  U0_ps_ai_peripheral/mig_ddr3_u0/u_mig_7series_0_mig/u_ddr3_infrastructure/u_bufg_clkdiv0/O
                         net (fo=104865, routed)      1.203     3.862    U_adder_top/U_flicker/dma/ui_clk
    SLICE_X52Y120        FDCE                                         r  U_adder_top/U_flicker/dma/write_count_reg[2]/C
  -------------------------------------------------------------------    -------------------
    SLICE_X52Y120        FDCE (Prop_fdce_C_Q)         0.259     4.121 r  U_adder_top/U_flicker/dma/write_count_reg[2]/Q
                         net (fo=6, routed)           0.548     4.669    U_adder_top/U_flicker/dma/writes[2]
    SLICE_X51Y121        LUT4 (Prop_lut4_I2_O)        0.043     4.712 r  U_adder_top/U_flicker/dma/awvalid1_carry_i_7/O
                         net (fo=1, routed)           0.000     4.712    U_adder_top/U_flicker/dma/awvalid1_carry_i_7_n_0
    SLICE_X51Y121        CARRY4 (Prop_carry4_S[1]_CO[3])
                                                      0.267     4.979 r  U_adder_top/U_flicker/dma/awvalid1_carry/CO[3]
                         net (fo=1, routed)           0.000     4.979    U_adder_top/U_flicker/dma/awvalid1_carry_n_0
    SLICE_X51Y122        CARRY4 (Prop_carry4_CI_CO[3])
                                                      0.053     5.032 r  U_adder_top/U_flicker/dma/awvalid1_carry__0/CO[3]
                         net (fo=1, routed)           0.000     5.032    U_adder_top/U_flicker/dma/awvalid1_carry__0_n_0
    SLICE_X51Y123        CARRY4 (Prop_carry4_CI_CO[3])
                                                      0.053     5.085 r  U_adder_top/U_flicker/dma/awvalid1_carry__1/CO[3]
                         net (fo=1, routed)           0.000     5.085    U_adder_top/U_flicker/dma/awvalid1_carry__1_n_0
    SLICE_X51Y124        CARRY4 (Prop_carry4_CI_CO[3])
                                                      0.053     5.138 r  U_adder_top/U_flicker/dma/awvalid1_carry__2/CO[3]
                         net (fo=1, routed)           0.584     5.722    U_adder_top/U_flicker/dma/awvalid1
    SLICE_X61Y124        LUT6 (Prop_lut6_I3_O)        0.043     5.765 r  U_adder_top/U_flicker/dma/ZGolo_i_583/O
                         net (fo=4, routed)           0.382     6.147    U_adder_top/legacy/U_adder/U_avr_rs/u_avr_frs/fawv
    SLICE_X60Y126        LUT5 (Prop_lut5_I0_O)        0.043     6.190 r  U_adder_top/legacy/U_adder/U_avr_rs/u_avr_frs/ZGolo_i_547/O
                         net (fo=6, routed)           0.262     6.452    U0_ps_ai_peripheral/ZGolo/UserCustomOp_0_awwvalid
    SLICE_X61Y128        LUT4 (Prop_lut4_I1_O)        0.043     6.495 r  U0_ps_ai_peripheral/ZGolo/s_valid_i_2__7/O
                         net (fo=2, routed)           0.988     7.483    U0_ps_ai_peripheral/ZGolo/u_AI_Mate_top/ddr_witcn_u0/m_ddr_itf_awwvalid
    SLICE_X89Y147        LUT4 (Prop_lut4_I0_O)        0.043     7.526 r  U0_ps_ai_peripheral/ZGolo/s_data[616]_i_1/O
                         net (fo=617, routed)         0.624     8.150    U0_ps_ai_peripheral/ZGolo/s_data[616]_i_1_n_0
    SLICE_X91Y141        FDCE                                         r  U0_ps_ai_peripheral/ZGolo/u_AI_Mate_top/ddr_witcn_u0/avr_rs_u0/u_avr_frs/s_data_reg[543]/CE
  -------------------------------------------------------------------    -------------------

                         (clock clk_pll_i rise edge)
                                                      5.000     5.000 r  
    C8                                                0.000     5.000 r  sys_clk_p (IN)
                         net (fo=0)                   0.000     5.000    U0_ps_ai_peripheral/mig_ddr3_u0/u_mig_7series_0_mig/u_ddr3_clk_ibuf/sys_clk_p
    C8                   IBUFDS (Prop_ibufds_I_O)     0.758     5.758 r  U0_ps_ai_peripheral/mig_ddr3_u0/u_mig_7series_0_mig/u_ddr3_clk_ibuf/diff_input_clk.u_ibufg_sys_clk/O
                         net (fo=3, routed)           1.001     6.759    U0_ps_ai_peripheral/mig_ddr3_u0/u_mig_7series_0_mig/u_ddr3_infrastructure/out
    PLLE2_ADV_X1Y2       PLLE2_ADV (Prop_plle2_adv_CLKIN1_CLKOUT3)
                                                      0.073     6.832 r  U0_ps_ai_peripheral/mig_ddr3_u0/u_mig_7series_0_mig/u_ddr3_infrastructure/plle2_i/CLKOUT3
                         net (fo=1, routed)           1.033     7.865    U0_ps_ai_peripheral/mig_ddr3_u0/u_mig_7series_0_mig/u_ddr3_infrastructure/pll_clk3_out
    BUFHCE_X1Y24         BUFH (Prop_bufh_I_O)         0.066     7.931 r  U0_ps_ai_peripheral/mig_ddr3_u0/u_mig_7series_0_mig/u_ddr3_infrastructure/u_bufh_pll_clk3/O
                         net (fo=1, routed)           0.710     8.641    U0_ps_ai_peripheral/mig_ddr3_u0/u_mig_7series_0_mig/u_ddr3_infrastructure/pll_clk3
    MMCME2_ADV_X1Y2      MMCME2_ADV (Prop_mmcme2_adv_CLKIN1_CLKFBOUT)
                                                     -2.652     5.989 r  U0_ps_ai_peripheral/mig_ddr3_u0/u_mig_7series_0_mig/u_ddr3_infrastructure/gen_mmcm.mmcm_i/CLKFBOUT
                         net (fo=1, routed)           1.333     7.322    U0_ps_ai_peripheral/mig_ddr3_u0/u_mig_7series_0_mig/u_ddr3_infrastructure/clk_pll_i
    BUFGCTRL_X0Y16       BUFG (Prop_bufg_I_O)         0.083     7.405 r  U0_ps_ai_peripheral/mig_ddr3_u0/u_mig_7series_0_mig/u_ddr3_infrastructure/u_bufg_clkdiv0/O
                         net (fo=104865, routed)      1.087     8.492    U0_ps_ai_peripheral/ZGolo/hp_clk
    SLICE_X91Y141        FDCE                                         r  U0_ps_ai_peripheral/ZGolo/u_AI_Mate_top/ddr_witcn_u0/avr_rs_u0/u_avr_frs/s_data_reg[543]/C
                         clock pessimism              0.266     8.759    
                         clock uncertainty           -0.502     8.256    
    SLICE_X91Y141        FDCE (Setup_fdce_C_CE)      -0.201     8.055    U0_ps_ai_peripheral/ZGolo/u_AI_Mate_top/ddr_witcn_u0/avr_rs_u0/u_avr_frs/s_data_reg[543]
  -------------------------------------------------------------------
                         required time                          8.055    
                         arrival time                          -8.150    
  -------------------------------------------------------------------
                         slack                                 -0.095    

Slack (VIOLATED) :        -0.089ns  (required time - arrival time)
  Source:                 U_adder_top/U_flicker/dma/write_count_reg[2]/C
                            (rising edge-triggered cell FDCE clocked by clk_pll_i  {rise@0.000ns fall@2.500ns period=5.000ns})
  Destination:            U0_ps_ai_peripheral/ZGolo/u_AI_Mate_top/ddr_witcn_u0/avr_rs_u0/u_avr_frs/s_data_reg[529]/CE
                            (rising edge-triggered cell FDCE clocked by clk_pll_i  {rise@0.000ns fall@2.500ns period=5.000ns})
  Path Group:             clk_pll_i
  Path Type:              Setup (Max at Slow Process Corner)
  Requirement:            5.000ns  (clk_pll_i rise@5.000ns - clk_pll_i rise@0.000ns)
  Data Path Delay:        4.304ns  (logic 0.900ns (20.911%)  route 3.404ns (79.089%))
  Logic Levels:           9  (CARRY4=4 LUT4=3 LUT5=1 LUT6=1)
  Clock Path Skew:        -0.105ns (DCD - SCD + CPR)
    Destination Clock Delay (DCD):    3.490ns = ( 8.490 - 5.000 ) 
    Source Clock Delay      (SCD):    3.862ns
    Clock Pessimism Removal (CPR):    0.266ns
  Clock Uncertainty:      0.502ns  ((TSJ^2 + DJ^2)^1/2) / 2 + PE + UU
    Total System Jitter     (TSJ):    0.071ns
    Discrete Jitter          (DJ):    0.077ns
    Phase Error              (PE):    0.000ns
    User Uncertainty         (UU):    0.450ns

    Location             Delay type                Incr(ns)  Path(ns)    Netlist Resource(s)
  -------------------------------------------------------------------    -------------------
                         (clock clk_pll_i rise edge)
                                                      0.000     0.000 r  
    C8                                                0.000     0.000 r  sys_clk_p (IN)
                         net (fo=0)                   0.000     0.000    U0_ps_ai_peripheral/mig_ddr3_u0/u_mig_7series_0_mig/u_ddr3_clk_ibuf/sys_clk_p
    C8                   IBUFDS (Prop_ibufds_I_O)     0.855     0.855 r  U0_ps_ai_peripheral/mig_ddr3_u0/u_mig_7series_0_mig/u_ddr3_clk_ibuf/diff_input_clk.u_ibufg_sys_clk/O
                         net (fo=3, routed)           1.098     1.953    U0_ps_ai_peripheral/mig_ddr3_u0/u_mig_7series_0_mig/u_ddr3_infrastructure/out
    PLLE2_ADV_X1Y2       PLLE2_ADV (Prop_plle2_adv_CLKIN1_CLKOUT3)
                                                      0.077     2.030 r  U0_ps_ai_peripheral/mig_ddr3_u0/u_mig_7series_0_mig/u_ddr3_infrastructure/plle2_i/CLKOUT3
                         net (fo=1, routed)           1.145     3.175    U0_ps_ai_peripheral/mig_ddr3_u0/u_mig_7series_0_mig/u_ddr3_infrastructure/pll_clk3_out
    BUFHCE_X1Y24         BUFH (Prop_bufh_I_O)         0.103     3.278 r  U0_ps_ai_peripheral/mig_ddr3_u0/u_mig_7series_0_mig/u_ddr3_infrastructure/u_bufh_pll_clk3/O
                         net (fo=1, routed)           0.779     4.057    U0_ps_ai_peripheral/mig_ddr3_u0/u_mig_7series_0_mig/u_ddr3_infrastructure/pll_clk3
    MMCME2_ADV_X1Y2      MMCME2_ADV (Prop_mmcme2_adv_CLKIN1_CLKFBOUT)
                                                     -2.933     1.124 r  U0_ps_ai_peripheral/mig_ddr3_u0/u_mig_7series_0_mig/u_ddr3_infrastructure/gen_mmcm.mmcm_i/CLKFBOUT
                         net (fo=1, routed)           1.442     2.566    U0_ps_ai_peripheral/mig_ddr3_u0/u_mig_7series_0_mig/u_ddr3_infrastructure/clk_pll_i
    BUFGCTRL_X0Y16       BUFG (Prop_bufg_I_O)         0.093     2.659 r  U0_ps_ai_peripheral/mig_ddr3_u0/u_mig_7series_0_mig/u_ddr3_infrastructure/u_bufg_clkdiv0/O
                         net (fo=104865, routed)      1.203     3.862    U_adder_top/U_flicker/dma/ui_clk
    SLICE_X52Y120        FDCE                                         r  U_adder_top/U_flicker/dma/write_count_reg[2]/C
  -------------------------------------------------------------------    -------------------
    SLICE_X52Y120        FDCE (Prop_fdce_C_Q)         0.259     4.121 r  U_adder_top/U_flicker/dma/write_count_reg[2]/Q
                         net (fo=6, routed)           0.548     4.669    U_adder_top/U_flicker/dma/writes[2]
    SLICE_X51Y121        LUT4 (Prop_lut4_I2_O)        0.043     4.712 r  U_adder_top/U_flicker/dma/awvalid1_carry_i_7/O
                         net (fo=1, routed)           0.000     4.712    U_adder_top/U_flicker/dma/awvalid1_carry_i_7_n_0
    SLICE_X51Y121        CARRY4 (Prop_carry4_S[1]_CO[3])
                                                      0.267     4.979 r  U_adder_top/U_flicker/dma/awvalid1_carry/CO[3]
                         net (fo=1, routed)           0.000     4.979    U_adder_top/U_flicker/dma/awvalid1_carry_n_0
    SLICE_X51Y122        CARRY4 (Prop_carry4_CI_CO[3])
                                                      0.053     5.032 r  U_adder_top/U_flicker/dma/awvalid1_carry__0/CO[3]
                         net (fo=1, routed)           0.000     5.032    U_adder_top/U_flicker/dma/awvalid1_carry__0_n_0
    SLICE_X51Y123        CARRY4 (Prop_carry4_CI_CO[3])
                                                      0.053     5.085 r  U_adder_top/U_flicker/dma/awvalid1_carry__1/CO[3]
                         net (fo=1, routed)           0.000     5.085    U_adder_top/U_flicker/dma/awvalid1_carry__1_n_0
    SLICE_X51Y124        CARRY4 (Prop_carry4_CI_CO[3])
                                                      0.053     5.138 r  U_adder_top/U_flicker/dma/awvalid1_carry__2/CO[3]
                         net (fo=1, routed)           0.584     5.722    U_adder_top/U_flicker/dma/awvalid1
    SLICE_X61Y124        LUT6 (Prop_lut6_I3_O)        0.043     5.765 r  U_adder_top/U_flicker/dma/ZGolo_i_583/O
                         net (fo=4, routed)           0.382     6.147    U_adder_top/legacy/U_adder/U_avr_rs/u_avr_frs/fawv
    SLICE_X60Y126        LUT5 (Prop_lut5_I0_O)        0.043     6.190 r  U_adder_top/legacy/U_adder/U_avr_rs/u_avr_frs/ZGolo_i_547/O
                         net (fo=6, routed)           0.262     6.452    U0_ps_ai_peripheral/ZGolo/UserCustomOp_0_awwvalid
    SLICE_X61Y128        LUT4 (Prop_lut4_I1_O)        0.043     6.495 r  U0_ps_ai_peripheral/ZGolo/s_valid_i_2__7/O
                         net (fo=2, routed)           0.988     7.483    U0_ps_ai_peripheral/ZGolo/u_AI_Mate_top/ddr_witcn_u0/m_ddr_itf_awwvalid
    SLICE_X89Y147        LUT4 (Prop_lut4_I0_O)        0.043     7.526 r  U0_ps_ai_peripheral/ZGolo/s_data[616]_i_1/O
                         net (fo=617, routed)         0.640     8.166    U0_ps_ai_peripheral/ZGolo/s_data[616]_i_1_n_0
    SLICE_X86Y139        FDCE                                         r  U0_ps_ai_peripheral/ZGolo/u_AI_Mate_top/ddr_witcn_u0/avr_rs_u0/u_avr_frs/s_data_reg[529]/CE
  -------------------------------------------------------------------    -------------------

                         (clock clk_pll_i rise edge)
                                                      5.000     5.000 r  
    C8                                                0.000     5.000 r  sys_clk_p (IN)
                         net (fo=0)                   0.000     5.000    U0_ps_ai_peripheral/mig_ddr3_u0/u_mig_7series_0_mig/u_ddr3_clk_ibuf/sys_clk_p
    C8                   IBUFDS (Prop_ibufds_I_O)     0.758     5.758 r  U0_ps_ai_peripheral/mig_ddr3_u0/u_mig_7series_0_mig/u_ddr3_clk_ibuf/diff_input_clk.u_ibufg_sys_clk/O
                         net (fo=3, routed)           1.001     6.759    U0_ps_ai_peripheral/mig_ddr3_u0/u_mig_7series_0_mig/u_ddr3_infrastructure/out
    PLLE2_ADV_X1Y2       PLLE2_ADV (Prop_plle2_adv_CLKIN1_CLKOUT3)
                                                      0.073     6.832 r  U0_ps_ai_peripheral/mig_ddr3_u0/u_mig_7series_0_mig/u_ddr3_infrastructure/plle2_i/CLKOUT3
                         net (fo=1, routed)           1.033     7.865    U0_ps_ai_peripheral/mig_ddr3_u0/u_mig_7series_0_mig/u_ddr3_infrastructure/pll_clk3_out
    BUFHCE_X1Y24         BUFH (Prop_bufh_I_O)         0.066     7.931 r  U0_ps_ai_peripheral/mig_ddr3_u0/u_mig_7series_0_mig/u_ddr3_infrastructure/u_bufh_pll_clk3/O
                         net (fo=1, routed)           0.710     8.641    U0_ps_ai_peripheral/mig_ddr3_u0/u_mig_7series_0_mig/u_ddr3_infrastructure/pll_clk3
    MMCME2_ADV_X1Y2      MMCME2_ADV (Prop_mmcme2_adv_CLKIN1_CLKFBOUT)
                                                     -2.652     5.989 r  U0_ps_ai_peripheral/mig_ddr3_u0/u_mig_7series_0_mig/u_ddr3_infrastructure/gen_mmcm.mmcm_i/CLKFBOUT
                         net (fo=1, routed)           1.333     7.322    U0_ps_ai_peripheral/mig_ddr3_u0/u_mig_7series_0_mig/u_ddr3_infrastructure/clk_pll_i
    BUFGCTRL_X0Y16       BUFG (Prop_bufg_I_O)         0.083     7.405 r  U0_ps_ai_peripheral/mig_ddr3_u0/u_mig_7series_0_mig/u_ddr3_infrastructure/u_bufg_clkdiv0/O
                         net (fo=104865, routed)      1.085     8.490    U0_ps_ai_peripheral/ZGolo/hp_clk
    SLICE_X86Y139        FDCE                                         r  U0_ps_ai_peripheral/ZGolo/u_AI_Mate_top/ddr_witcn_u0/avr_rs_u0/u_avr_frs/s_data_reg[529]/C
                         clock pessimism              0.266     8.757    
                         clock uncertainty           -0.502     8.254    
    SLICE_X86Y139        FDCE (Setup_fdce_C_CE)      -0.178     8.076    U0_ps_ai_peripheral/ZGolo/u_AI_Mate_top/ddr_witcn_u0/avr_rs_u0/u_avr_frs/s_data_reg[529]
  -------------------------------------------------------------------
                         required time                          8.076    
                         arrival time                          -8.166    
  -------------------------------------------------------------------
                         slack                                 -0.089    

Slack (VIOLATED) :        -0.089ns  (required time - arrival time)
  Source:                 U_adder_top/U_flicker/dma/write_count_reg[2]/C
                            (rising edge-triggered cell FDCE clocked by clk_pll_i  {rise@0.000ns fall@2.500ns period=5.000ns})
  Destination:            U0_ps_ai_peripheral/ZGolo/u_AI_Mate_top/ddr_witcn_u0/avr_rs_u0/u_avr_frs/s_data_reg[584]/CE
                            (rising edge-triggered cell FDCE clocked by clk_pll_i  {rise@0.000ns fall@2.500ns period=5.000ns})
  Path Group:             clk_pll_i
  Path Type:              Setup (Max at Slow Process Corner)
  Requirement:            5.000ns  (clk_pll_i rise@5.000ns - clk_pll_i rise@0.000ns)
  Data Path Delay:        4.304ns  (logic 0.900ns (20.911%)  route 3.404ns (79.089%))
  Logic Levels:           9  (CARRY4=4 LUT4=3 LUT5=1 LUT6=1)
  Clock Path Skew:        -0.105ns (DCD - SCD + CPR)
    Destination Clock Delay (DCD):    3.490ns = ( 8.490 - 5.000 ) 
    Source Clock Delay      (SCD):    3.862ns
    Clock Pessimism Removal (CPR):    0.266ns
  Clock Uncertainty:      0.502ns  ((TSJ^2 + DJ^2)^1/2) / 2 + PE + UU
    Total System Jitter     (TSJ):    0.071ns
    Discrete Jitter          (DJ):    0.077ns
    Phase Error              (PE):    0.000ns
    User Uncertainty         (UU):    0.450ns

    Location             Delay type                Incr(ns)  Path(ns)    Netlist Resource(s)
  -------------------------------------------------------------------    -------------------
                         (clock clk_pll_i rise edge)
                                                      0.000     0.000 r  
    C8                                                0.000     0.000 r  sys_clk_p (IN)
                         net (fo=0)                   0.000     0.000    U0_ps_ai_peripheral/mig_ddr3_u0/u_mig_7series_0_mig/u_ddr3_clk_ibuf/sys_clk_p
    C8                   IBUFDS (Prop_ibufds_I_O)     0.855     0.855 r  U0_ps_ai_peripheral/mig_ddr3_u0/u_mig_7series_0_mig/u_ddr3_clk_ibuf/diff_input_clk.u_ibufg_sys_clk/O
                         net (fo=3, routed)           1.098     1.953    U0_ps_ai_peripheral/mig_ddr3_u0/u_mig_7series_0_mig/u_ddr3_infrastructure/out
    PLLE2_ADV_X1Y2       PLLE2_ADV (Prop_plle2_adv_CLKIN1_CLKOUT3)
                                                      0.077     2.030 r  U0_ps_ai_peripheral/mig_ddr3_u0/u_mig_7series_0_mig/u_ddr3_infrastructure/plle2_i/CLKOUT3
                         net (fo=1, routed)           1.145     3.175    U0_ps_ai_peripheral/mig_ddr3_u0/u_mig_7series_0_mig/u_ddr3_infrastructure/pll_clk3_out
    BUFHCE_X1Y24         BUFH (Prop_bufh_I_O)         0.103     3.278 r  U0_ps_ai_peripheral/mig_ddr3_u0/u_mig_7series_0_mig/u_ddr3_infrastructure/u_bufh_pll_clk3/O
                         net (fo=1, routed)           0.779     4.057    U0_ps_ai_peripheral/mig_ddr3_u0/u_mig_7series_0_mig/u_ddr3_infrastructure/pll_clk3
    MMCME2_ADV_X1Y2      MMCME2_ADV (Prop_mmcme2_adv_CLKIN1_CLKFBOUT)
                                                     -2.933     1.124 r  U0_ps_ai_peripheral/mig_ddr3_u0/u_mig_7series_0_mig/u_ddr3_infrastructure/gen_mmcm.mmcm_i/CLKFBOUT
                         net (fo=1, routed)           1.442     2.566    U0_ps_ai_peripheral/mig_ddr3_u0/u_mig_7series_0_mig/u_ddr3_infrastructure/clk_pll_i
    BUFGCTRL_X0Y16       BUFG (Prop_bufg_I_O)         0.093     2.659 r  U0_ps_ai_peripheral/mig_ddr3_u0/u_mig_7series_0_mig/u_ddr3_infrastructure/u_bufg_clkdiv0/O
                         net (fo=104865, routed)      1.203     3.862    U_adder_top/U_flicker/dma/ui_clk
    SLICE_X52Y120        FDCE                                         r  U_adder_top/U_flicker/dma/write_count_reg[2]/C
  -------------------------------------------------------------------    -------------------
    SLICE_X52Y120        FDCE (Prop_fdce_C_Q)         0.259     4.121 r  U_adder_top/U_flicker/dma/write_count_reg[2]/Q
                         net (fo=6, routed)           0.548     4.669    U_adder_top/U_flicker/dma/writes[2]
    SLICE_X51Y121        LUT4 (Prop_lut4_I2_O)        0.043     4.712 r  U_adder_top/U_flicker/dma/awvalid1_carry_i_7/O
                         net (fo=1, routed)           0.000     4.712    U_adder_top/U_flicker/dma/awvalid1_carry_i_7_n_0
    SLICE_X51Y121        CARRY4 (Prop_carry4_S[1]_CO[3])
                                                      0.267     4.979 r  U_adder_top/U_flicker/dma/awvalid1_carry/CO[3]
                         net (fo=1, routed)           0.000     4.979    U_adder_top/U_flicker/dma/awvalid1_carry_n_0
    SLICE_X51Y122        CARRY4 (Prop_carry4_CI_CO[3])
                                                      0.053     5.032 r  U_adder_top/U_flicker/dma/awvalid1_carry__0/CO[3]
                         net (fo=1, routed)           0.000     5.032    U_adder_top/U_flicker/dma/awvalid1_carry__0_n_0
    SLICE_X51Y123        CARRY4 (Prop_carry4_CI_CO[3])
                                                      0.053     5.085 r  U_adder_top/U_flicker/dma/awvalid1_carry__1/CO[3]
                         net (fo=1, routed)           0.000     5.085    U_adder_top/U_flicker/dma/awvalid1_carry__1_n_0
    SLICE_X51Y124        CARRY4 (Prop_carry4_CI_CO[3])
                                                      0.053     5.138 r  U_adder_top/U_flicker/dma/awvalid1_carry__2/CO[3]
                         net (fo=1, routed)           0.584     5.722    U_adder_top/U_flicker/dma/awvalid1
    SLICE_X61Y124        LUT6 (Prop_lut6_I3_O)        0.043     5.765 r  U_adder_top/U_flicker/dma/ZGolo_i_583/O
                         net (fo=4, routed)           0.382     6.147    U_adder_top/legacy/U_adder/U_avr_rs/u_avr_frs/fawv
    SLICE_X60Y126        LUT5 (Prop_lut5_I0_O)        0.043     6.190 r  U_adder_top/legacy/U_adder/U_avr_rs/u_avr_frs/ZGolo_i_547/O
                         net (fo=6, routed)           0.262     6.452    U0_ps_ai_peripheral/ZGolo/UserCustomOp_0_awwvalid
    SLICE_X61Y128        LUT4 (Prop_lut4_I1_O)        0.043     6.495 r  U0_ps_ai_peripheral/ZGolo/s_valid_i_2__7/O
                         net (fo=2, routed)           0.988     7.483    U0_ps_ai_peripheral/ZGolo/u_AI_Mate_top/ddr_witcn_u0/m_ddr_itf_awwvalid
    SLICE_X89Y147        LUT4 (Prop_lut4_I0_O)        0.043     7.526 r  U0_ps_ai_peripheral/ZGolo/s_data[616]_i_1/O
                         net (fo=617, routed)         0.640     8.166    U0_ps_ai_peripheral/ZGolo/s_data[616]_i_1_n_0
    SLICE_X86Y139        FDCE                                         r  U0_ps_ai_peripheral/ZGolo/u_AI_Mate_top/ddr_witcn_u0/avr_rs_u0/u_avr_frs/s_data_reg[584]/CE
  -------------------------------------------------------------------    -------------------

                         (clock clk_pll_i rise edge)
                                                      5.000     5.000 r  
    C8                                                0.000     5.000 r  sys_clk_p (IN)
                         net (fo=0)                   0.000     5.000    U0_ps_ai_peripheral/mig_ddr3_u0/u_mig_7series_0_mig/u_ddr3_clk_ibuf/sys_clk_p
    C8                   IBUFDS (Prop_ibufds_I_O)     0.758     5.758 r  U0_ps_ai_peripheral/mig_ddr3_u0/u_mig_7series_0_mig/u_ddr3_clk_ibuf/diff_input_clk.u_ibufg_sys_clk/O
                         net (fo=3, routed)           1.001     6.759    U0_ps_ai_peripheral/mig_ddr3_u0/u_mig_7series_0_mig/u_ddr3_infrastructure/out
    PLLE2_ADV_X1Y2       PLLE2_ADV (Prop_plle2_adv_CLKIN1_CLKOUT3)
                                                      0.073     6.832 r  U0_ps_ai_peripheral/mig_ddr3_u0/u_mig_7series_0_mig/u_ddr3_infrastructure/plle2_i/CLKOUT3
                         net (fo=1, routed)           1.033     7.865    U0_ps_ai_peripheral/mig_ddr3_u0/u_mig_7series_0_mig/u_ddr3_infrastructure/pll_clk3_out
    BUFHCE_X1Y24         BUFH (Prop_bufh_I_O)         0.066     7.931 r  U0_ps_ai_peripheral/mig_ddr3_u0/u_mig_7series_0_mig/u_ddr3_infrastructure/u_bufh_pll_clk3/O
                         net (fo=1, routed)           0.710     8.641    U0_ps_ai_peripheral/mig_ddr3_u0/u_mig_7series_0_mig/u_ddr3_infrastructure/pll_clk3
    MMCME2_ADV_X1Y2      MMCME2_ADV (Prop_mmcme2_adv_CLKIN1_CLKFBOUT)
                                                     -2.652     5.989 r  U0_ps_ai_peripheral/mig_ddr3_u0/u_mig_7series_0_mig/u_ddr3_infrastructure/gen_mmcm.mmcm_i/CLKFBOUT
                         net (fo=1, routed)           1.333     7.322    U0_ps_ai_peripheral/mig_ddr3_u0/u_mig_7series_0_mig/u_ddr3_infrastructure/clk_pll_i
    BUFGCTRL_X0Y16       BUFG (Prop_bufg_I_O)         0.083     7.405 r  U0_ps_ai_peripheral/mig_ddr3_u0/u_mig_7series_0_mig/u_ddr3_infrastructure/u_bufg_clkdiv0/O
                         net (fo=104865, routed)      1.085     8.490    U0_ps_ai_peripheral/ZGolo/hp_clk
    SLICE_X86Y139        FDCE                                         r  U0_ps_ai_peripheral/ZGolo/u_AI_Mate_top/ddr_witcn_u0/avr_rs_u0/u_avr_frs/s_data_reg[584]/C
                         clock pessimism              0.266     8.757    
                         clock uncertainty           -0.502     8.254    
    SLICE_X86Y139        FDCE (Setup_fdce_C_CE)      -0.178     8.076    U0_ps_ai_peripheral/ZGolo/u_AI_Mate_top/ddr_witcn_u0/avr_rs_u0/u_avr_frs/s_data_reg[584]
  -------------------------------------------------------------------
                         required time                          8.076    
                         arrival time                          -8.166    
  -------------------------------------------------------------------
                         slack                                 -0.089    




