
****** Vivado v2018.3 (64-bit)
  **** SW Build 2405991 on Thu Dec  6 23:38:27 MST 2018
  **** IP Build 2404404 on Fri Dec  7 01:43:56 MST 2018
    ** Copyright 1986-2018 Xilinx, Inc. All Rights Reserved.

source {D:\ADProjects\FPGA43DGS\examples\3dgs_flicker_hw\pipeline\build_board.tcl}
# set script_dir [file dirname [file normalize [info script]]]
# set repo [file normalize [file join $script_dir .. .. ..]]
# set project_dir [file join $repo platform flicker_cat_fpga]
# if {[info exists ::env(FLK_PLATFORM_NAME)]} {set project_dir [file join $repo platform $::env(FLK_PLATFORM_NAME)]}
# set stamp [clock format [clock seconds] -format %Y%m%d_%H%M%S]
# set report_dir [file join $script_dir .. build board_cat_$stamp]
# file mkdir $report_dir
# set report [open [file join $report_dir status.txt] w]
# proc note {s} {global report; puts $s; puts $report $s; flush $report}
# if {[catch {
#  open_project [file join $project_dir fpai_demo_vivado.xpr]
#  if {[get_property PART [current_project]] ne "xc7z030ffg676-2"} {error "Wrong proxy part"}
#  set ::env(JFM_PATH) $project_dir
#  add_files -norecurse [file join $project_dir rtl adder_op legacy_adder_top.v]
#  foreach pattern {*.v *.sv *.dat} {
#   foreach f [glob -directory [file join $project_dir rtl flicker] $pattern] {
#    if {[llength [get_files -quiet $f]]==0} {add_files -norecurse $f}
#   }
#  }
#  foreach t [glob -directory [file join $project_dir rtl flicker] *_ip.tcl] {
#   set ip [string range [file tail $t] 0 end-7]
#   if {[llength [get_ips -quiet $ip]]==0} {source $t}
#  }
#  update_compile_order -fileset sources_1
#  note "PROJECT=$project_dir"; note "REPORT_DIR=$report_dir"
#  if {[info exists ::env(FLK_INCREMENTAL_DCP)]} {
#   set reference [file normalize $::env(FLK_INCREMENTAL_DCP)]
#   if {![file exists $reference]} {error "Incremental checkpoint missing"}
#   set_property INCREMENTAL_CHECKPOINT $reference [get_runs impl_1]
#   note "INCREMENTAL_REFERENCE=$reference"
#  }
#  if {[info exists ::env(FLK_RESUME_PLACE)] && $::env(FLK_RESUME_PLACE) eq "1"} {
#   if {[get_property PROGRESS [get_runs synth_1]] ne "100%"} {error "Resume requires completed synthesis"}
#   set before [get_property STEPS.PLACE_DESIGN.TCL.PRE [get_runs impl_1]]
#   set restore [file normalize [file join $script_dir .. physical_opt restore_vendor_checks.tcl]]
#   if {$before ne "" && [file normalize $before] ne $restore} {error "Do not replace an existing place-pre hook"}
#   set_property STEPS.PLACE_DESIGN.TCL.PRE $restore [get_runs impl_1]
#   reset_run impl_1 -from_step place_design
#   note "RESUME_FROM_STEP=place_design"
#  } else {
#   reset_run synth_1
#  }
#  launch_runs impl_1 -to_step write_bitstream -jobs 2
#  wait_on_run impl_1
#  foreach r {synth_1 impl_1} {note "RUN=$r STATUS=[get_property STATUS [get_runs $r]] PROGRESS=[get_property PROGRESS [get_runs $r]]"}
#  if {[get_property PROGRESS [get_runs impl_1]] ne "100%"} {error "Implementation incomplete"}
#  open_run impl_1
#  foreach {port pin} {FMC_HPC_GBTCLK0_M2C_C_P R6 FMC_HPC_GBTCLK0_M2C_C_N R5} {
#   if {[get_property PACKAGE_PIN [get_ports $port]] ne $pin} {error "Lite pin mismatch"}
#  }
#  set cells [get_cells -hier -filter {NAME =~ *U_flicker*}]
#  if {[llength $cells]==0} {error "Renderer absent"}
#  report_timing_summary -file [file join $report_dir timing_summary.rpt]
#  report_timing -through [get_pins -of_objects $cells -filter {DIRECTION == OUT}] -max_paths 20 -file [file join $report_dir flicker_timing.rpt]
#  report_utilization -hierarchical -file [file join $report_dir utilization.rpt]
#  report_cdc -file [file join $report_dir cdc.rpt]
#  report_drc -file [file join $report_dir drc.rpt]
#  note "BITSTREAM_GENERATION=PASS"
#  set f [open [file join $report_dir timing_summary.rpt] r];set timing [read $f];close $f
#  if {[string first "All user specified timing constraints are met." $timing]>=0} {note "TIMING_ACCEPTANCE=PASS_UNDER_CURRENT_CONSTRAINTS"} else {note "TIMING_ACCEPTANCE=FAIL_REQUIRES_REPORT_REVIEW"}
#  close_project
# } err opts]} {
#  note "BUILD_FAILED=$err"
#  if {[dict exists $opts -errorinfo]} {note [dict get $opts -errorinfo]}
#  catch {close_project};close $report;exit 1
# }
Scanning sources...
Finished scanning sources
WARNING: [Project 1-509] GeneratedRun file for 'synth_1' not found
WARNING: [Project 1-509] GeneratedRun file for 'ps_ai_proc_sys_reset_0_1_synth_1' not found
WARNING: [Project 1-509] GeneratedRun file for 'ps_ai_util_vector_logic_0_0_synth_1' not found
WARNING: [Project 1-509] GeneratedRun file for 'ps_ai_processing_system7_0_0_synth_1' not found
WARNING: [Project 1-509] GeneratedRun file for 'ps_ai_xbar_0_synth_1' not found
WARNING: [Project 1-509] GeneratedRun file for 'ps_ai_xbar_1_synth_1' not found
WARNING: [Project 1-509] GeneratedRun file for 'ps_ai_proc_sys_reset_0_0_synth_1' not found
WARNING: [Project 1-509] GeneratedRun file for 'ps_ai_xbar_4_synth_1' not found
WARNING: [Project 1-509] GeneratedRun file for 'ps_ai_s00_regslice_0_synth_1' not found
WARNING: [Project 1-509] GeneratedRun file for 'ps_ai_s00_regslice_1_synth_1' not found
WARNING: [Project 1-509] GeneratedRun file for 'ps_ai_s01_regslice_0_synth_1' not found
WARNING: [Project 1-509] GeneratedRun file for 'ps_ai_m00_regslice_0_synth_1' not found
WARNING: [Project 1-509] GeneratedRun file for 'afifo_16i_64o_largebuf_synth_1' not found
WARNING: [Project 1-509] GeneratedRun file for 'afifo_24w_4096d_synth_1' not found
WARNING: [Project 1-509] GeneratedRun file for 'afifo_64i_16o_128_synth_1' not found
WARNING: [Project 1-509] GeneratedRun file for 'clk_wiz_0_synth_1' not found
WARNING: [Project 1-509] GeneratedRun file for 'cmos_clkgen_742_5_synth_1' not found
WARNING: [Project 1-509] GeneratedRun file for 'fifo_1_synth_1' not found
WARNING: [Project 1-509] GeneratedRun file for 'mgtclk_synth_1' not found
WARNING: [Project 1-509] GeneratedRun file for 'mig_7series_0_synth_1' not found
WARNING: [Project 1-509] GeneratedRun file for 'mna_idfifo_w12_synth_1' not found
WARNING: [Project 1-509] GeneratedRun file for 'rindex_buf_2b_16w_synth_1' not found
WARNING: [Project 1-509] GeneratedRun file for 'smpte_sdi_synth_1' not found
WARNING: [Project 1-509] GeneratedRun file for 'sys_clk_synth_1' not found
WARNING: [Project 1-509] GeneratedRun file for 'windex_buf_2b_16w_synth_1' not found
WARNING: [Project 1-509] GeneratedRun file for 'impl_1' not found
INFO: [IP_Flow 19-234] Refreshing IP repositories
INFO: [IP_Flow 19-1700] Loaded user IP repository 'd:/ADProjects/FPGA43DGS/platform/flicker_grouplutram_fpga/PS_AI IP'.
INFO: [IP_Flow 19-2313] Loaded Vivado IP repository 'D:/Xilinx/Vivado/2018.3/data/ip'.
WARNING: [IP_Flow 19-1663] Duplicate IP found for 'xilinx.com:ip:processing_system7:5.5'. The one found in IP location 'd:/ADProjects/FPGA43DGS/platform/flicker_grouplutram_fpga/PS_AI IP/processing_system7_v5_5' will take precedence over the same IP in the Xilinx installed IP.
WARNING: [IP_Flow 19-4830] Duplicate Interface found for 'xilinx.com:display_processing_system7:fixedio:1.0'. The one found in location 'd:/ADProjects/FPGA43DGS/platform/flicker_grouplutram_fpga/PS_AI IP/processing_system7_v5_5/fixedio.xml' will take precedence over the same Interface in location 'd:/Xilinx/Vivado/2018.3/data/ip/xilinx/processing_system7_v5_5/fixedio.xml'
WARNING: [IP_Flow 19-4830] Duplicate Interface found for 'xilinx.com:display_processing_system7:hpstatusctrl:1.0'. The one found in location 'd:/ADProjects/FPGA43DGS/platform/flicker_grouplutram_fpga/PS_AI IP/processing_system7_v5_5/hpstatusctrl.xml' will take precedence over the same Interface in location 'd:/Xilinx/Vivado/2018.3/data/ip/xilinx/processing_system7_v5_5/hpstatusctrl.xml'
WARNING: [IP_Flow 19-4830] Duplicate Interface found for 'xilinx.com:display_processing_system7:usbctrl:1.0'. The one found in location 'd:/ADProjects/FPGA43DGS/platform/flicker_grouplutram_fpga/PS_AI IP/processing_system7_v5_5/usbctrl.xml' will take precedence over the same Interface in location 'd:/Xilinx/Vivado/2018.3/data/ip/xilinx/processing_system7_v5_5/usbctrl.xml'
open_project: Time (s): cpu = 00:00:04 ; elapsed = 00:00:14 . Memory (MB): peak = 427.441 ; gain = 166.848
CRITICAL WARNING: [Vivado 12-3645] Please note that adding or importing multiple files, one at a time, can be performance intensive.  Both add_files and import_files commands accept multiple files as input, and passing a collection of multiple files to a single add_files or import_files commands can offer significant performance improvement.
## version -short
WARNING: [IP_Flow 19-4832] The IP name 'flicker_render_pipeline_ap_faddfsub_6_full_dsp_32' you have specified is long. The Windows operating system has path length limitations. It is recommended you use shorter names to reduce the likelihood of issues.
INFO: [filemgmt 56-101] Creating core container 'd:/ADProjects/FPGA43DGS/platform/flicker_grouplutram_fpga/fpai_demo_vivado.srcs/sources_1/ip/flicker_render_pipeline_ap_faddfsub_6_full_dsp_32.xcix' for IP 'flicker_render_pipeline_ap_faddfsub_6_full_dsp_32'
## list CONFIG.a_precision_type Single \
##                           CONFIG.a_tuser_width 1 \
##                           CONFIG.add_sub_value Both \
##                           CONFIG.b_tuser_width 1 \
##                           CONFIG.c_a_exponent_width 8 \
##                           CONFIG.c_a_fraction_width 24 \
##                           CONFIG.c_compare_operation Programmable \
##                           CONFIG.c_has_divide_by_zero false \
##                           CONFIG.c_has_invalid_op false \
##                           CONFIG.c_has_overflow false \
##                           CONFIG.c_has_underflow false \
##                           CONFIG.c_latency 6 \
##                           CONFIG.c_mult_usage Full_Usage \
##                           CONFIG.c_optimization Speed_Optimized \
##                           CONFIG.c_rate 1 \
##                           CONFIG.c_result_exponent_width 8 \
##                           CONFIG.c_result_fraction_width 24 \
##                           CONFIG.component_name flicker_render_pipeline_ap_faddfsub_6_full_dsp_32 \
##                           CONFIG.flow_control NonBlocking \
##                           CONFIG.has_a_tlast false \
##                           CONFIG.has_a_tuser false \
##                           CONFIG.has_aclken true \
##                           CONFIG.has_aresetn false \
##                           CONFIG.has_b_tlast false \
##                           CONFIG.has_b_tuser false \
##                           CONFIG.has_operation_tlast false \
##                           CONFIG.has_operation_tuser false \
##                           CONFIG.has_result_tready false \
##                           CONFIG.maximum_latency false \
##                           CONFIG.operation_tuser_width 1 \
##                           CONFIG.operation_type Add_Subtract \
##                           CONFIG.result_precision_type Single \
##                           CONFIG.result_tlast_behv Null
## get_ips flicker_render_pipeline_ap_faddfsub_6_full_dsp_32
## get_files flicker_render_pipeline_ap_faddfsub_6_full_dsp_32.xci
## get_files flicker_render_pipeline_ap_faddfsub_6_full_dsp_32.xci
INFO: [IP_Flow 19-1686] Generating 'Synthesis' target for IP 'flicker_render_pipeline_ap_faddfsub_6_full_dsp_32'...
INFO: [IP_Flow 19-1686] Generating 'Simulation' target for IP 'flicker_render_pipeline_ap_faddfsub_6_full_dsp_32'...
## version -short
WARNING: [IP_Flow 19-4832] The IP name 'flicker_render_pipeline_ap_fcmp_0_no_dsp_32' you have specified is long. The Windows operating system has path length limitations. It is recommended you use shorter names to reduce the likelihood of issues.
INFO: [filemgmt 56-101] Creating core container 'd:/ADProjects/FPGA43DGS/platform/flicker_grouplutram_fpga/fpai_demo_vivado.srcs/sources_1/ip/flicker_render_pipeline_ap_fcmp_0_no_dsp_32.xcix' for IP 'flicker_render_pipeline_ap_fcmp_0_no_dsp_32'
## list CONFIG.a_precision_type Single \
##                           CONFIG.a_tuser_width 1 \
##                           CONFIG.add_sub_value Both \
##                           CONFIG.b_tuser_width 1 \
##                           CONFIG.c_a_exponent_width 8 \
##                           CONFIG.c_a_fraction_width 24 \
##                           CONFIG.c_compare_operation Programmable \
##                           CONFIG.c_has_divide_by_zero false \
##                           CONFIG.c_has_invalid_op false \
##                           CONFIG.c_has_overflow false \
##                           CONFIG.c_has_underflow false \
##                           CONFIG.c_latency 0 \
##                           CONFIG.c_mult_usage No_Usage \
##                           CONFIG.c_optimization Speed_Optimized \
##                           CONFIG.c_rate 1 \
##                           CONFIG.c_result_exponent_width 1 \
##                           CONFIG.c_result_fraction_width 0 \
##                           CONFIG.component_name flicker_render_pipeline_ap_fcmp_0_no_dsp_32 \
##                           CONFIG.flow_control NonBlocking \
##                           CONFIG.has_a_tlast false \
##                           CONFIG.has_a_tuser false \
##                           CONFIG.has_aclken false \
##                           CONFIG.has_aresetn false \
##                           CONFIG.has_b_tlast false \
##                           CONFIG.has_b_tuser false \
##                           CONFIG.has_operation_tlast false \
##                           CONFIG.has_operation_tuser false \
##                           CONFIG.has_result_tready false \
##                           CONFIG.maximum_latency false \
##                           CONFIG.operation_tuser_width 1 \
##                           CONFIG.operation_type Compare \
##                           CONFIG.result_precision_type Custom \
##                           CONFIG.result_tlast_behv Null
## get_ips flicker_render_pipeline_ap_fcmp_0_no_dsp_32
## get_files flicker_render_pipeline_ap_fcmp_0_no_dsp_32.xci
## get_files flicker_render_pipeline_ap_fcmp_0_no_dsp_32.xci
INFO: [IP_Flow 19-1686] Generating 'Synthesis' target for IP 'flicker_render_pipeline_ap_fcmp_0_no_dsp_32'...
INFO: [IP_Flow 19-1686] Generating 'Simulation' target for IP 'flicker_render_pipeline_ap_fcmp_0_no_dsp_32'...
## version -short
WARNING: [IP_Flow 19-4832] The IP name 'flicker_render_pipeline_ap_fdiv_28_no_dsp_32' you have specified is long. The Windows operating system has path length limitations. It is recommended you use shorter names to reduce the likelihood of issues.
INFO: [filemgmt 56-101] Creating core container 'd:/ADProjects/FPGA43DGS/platform/flicker_grouplutram_fpga/fpai_demo_vivado.srcs/sources_1/ip/flicker_render_pipeline_ap_fdiv_28_no_dsp_32.xcix' for IP 'flicker_render_pipeline_ap_fdiv_28_no_dsp_32'
## list CONFIG.a_precision_type Single \
##                           CONFIG.a_tuser_width 1 \
##                           CONFIG.add_sub_value Both \
##                           CONFIG.b_tuser_width 1 \
##                           CONFIG.c_a_exponent_width 8 \
##                           CONFIG.c_a_fraction_width 24 \
##                           CONFIG.c_compare_operation Programmable \
##                           CONFIG.c_has_divide_by_zero false \
##                           CONFIG.c_has_invalid_op false \
##                           CONFIG.c_has_overflow false \
##                           CONFIG.c_has_underflow false \
##                           CONFIG.c_latency 28 \
##                           CONFIG.c_mult_usage No_Usage \
##                           CONFIG.c_optimization Speed_Optimized \
##                           CONFIG.c_rate 1 \
##                           CONFIG.c_result_exponent_width 8 \
##                           CONFIG.c_result_fraction_width 24 \
##                           CONFIG.component_name flicker_render_pipeline_ap_fdiv_28_no_dsp_32 \
##                           CONFIG.flow_control NonBlocking \
##                           CONFIG.has_a_tlast false \
##                           CONFIG.has_a_tuser false \
##                           CONFIG.has_aclken true \
##                           CONFIG.has_aresetn false \
##                           CONFIG.has_b_tlast false \
##                           CONFIG.has_b_tuser false \
##                           CONFIG.has_operation_tlast false \
##                           CONFIG.has_operation_tuser false \
##                           CONFIG.has_result_tready false \
##                           CONFIG.maximum_latency false \
##                           CONFIG.operation_tuser_width 1 \
##                           CONFIG.operation_type Divide \
##                           CONFIG.result_precision_type Single \
##                           CONFIG.result_tlast_behv Null
## get_ips flicker_render_pipeline_ap_fdiv_28_no_dsp_32
## get_files flicker_render_pipeline_ap_fdiv_28_no_dsp_32.xci
## get_files flicker_render_pipeline_ap_fdiv_28_no_dsp_32.xci
INFO: [IP_Flow 19-1686] Generating 'Synthesis' target for IP 'flicker_render_pipeline_ap_fdiv_28_no_dsp_32'...
INFO: [IP_Flow 19-1686] Generating 'Simulation' target for IP 'flicker_render_pipeline_ap_fdiv_28_no_dsp_32'...
## version -short
WARNING: [IP_Flow 19-4832] The IP name 'flicker_render_pipeline_ap_fmul_3_max_dsp_32' you have specified is long. The Windows operating system has path length limitations. It is recommended you use shorter names to reduce the likelihood of issues.
INFO: [filemgmt 56-101] Creating core container 'd:/ADProjects/FPGA43DGS/platform/flicker_grouplutram_fpga/fpai_demo_vivado.srcs/sources_1/ip/flicker_render_pipeline_ap_fmul_3_max_dsp_32.xcix' for IP 'flicker_render_pipeline_ap_fmul_3_max_dsp_32'
## list CONFIG.a_precision_type Single \
##                           CONFIG.a_tuser_width 1 \
##                           CONFIG.add_sub_value Both \
##                           CONFIG.b_tuser_width 1 \
##                           CONFIG.c_a_exponent_width 8 \
##                           CONFIG.c_a_fraction_width 24 \
##                           CONFIG.c_compare_operation Programmable \
##                           CONFIG.c_has_divide_by_zero false \
##                           CONFIG.c_has_invalid_op false \
##                           CONFIG.c_has_overflow false \
##                           CONFIG.c_has_underflow false \
##                           CONFIG.c_latency 3 \
##                           CONFIG.c_mult_usage Max_Usage \
##                           CONFIG.c_optimization Speed_Optimized \
##                           CONFIG.c_rate 1 \
##                           CONFIG.c_result_exponent_width 8 \
##                           CONFIG.c_result_fraction_width 24 \
##                           CONFIG.component_name flicker_render_pipeline_ap_fmul_3_max_dsp_32 \
##                           CONFIG.flow_control NonBlocking \
##                           CONFIG.has_a_tlast false \
##                           CONFIG.has_a_tuser false \
##                           CONFIG.has_aclken true \
##                           CONFIG.has_aresetn false \
##                           CONFIG.has_b_tlast false \
##                           CONFIG.has_b_tuser false \
##                           CONFIG.has_operation_tlast false \
##                           CONFIG.has_operation_tuser false \
##                           CONFIG.has_result_tready false \
##                           CONFIG.maximum_latency false \
##                           CONFIG.operation_tuser_width 1 \
##                           CONFIG.operation_type Multiply \
##                           CONFIG.result_precision_type Single \
##                           CONFIG.result_tlast_behv Null
## get_ips flicker_render_pipeline_ap_fmul_3_max_dsp_32
## get_files flicker_render_pipeline_ap_fmul_3_max_dsp_32.xci
## get_files flicker_render_pipeline_ap_fmul_3_max_dsp_32.xci
INFO: [IP_Flow 19-1686] Generating 'Synthesis' target for IP 'flicker_render_pipeline_ap_fmul_3_max_dsp_32'...
INFO: [IP_Flow 19-1686] Generating 'Simulation' target for IP 'flicker_render_pipeline_ap_fmul_3_max_dsp_32'...
## version -short
WARNING: [IP_Flow 19-4832] The IP name 'flicker_render_pipeline_ap_fsqrt_26_no_dsp_32' you have specified is long. The Windows operating system has path length limitations. It is recommended you use shorter names to reduce the likelihood of issues.
INFO: [filemgmt 56-101] Creating core container 'd:/ADProjects/FPGA43DGS/platform/flicker_grouplutram_fpga/fpai_demo_vivado.srcs/sources_1/ip/flicker_render_pipeline_ap_fsqrt_26_no_dsp_32.xcix' for IP 'flicker_render_pipeline_ap_fsqrt_26_no_dsp_32'
## list CONFIG.a_precision_type Single \
##                           CONFIG.a_tuser_width 1 \
##                           CONFIG.add_sub_value Both \
##                           CONFIG.b_tuser_width 1 \
##                           CONFIG.c_a_exponent_width 8 \
##                           CONFIG.c_a_fraction_width 24 \
##                           CONFIG.c_compare_operation Programmable \
##                           CONFIG.c_has_divide_by_zero false \
##                           CONFIG.c_has_invalid_op false \
##                           CONFIG.c_has_overflow false \
##                           CONFIG.c_has_underflow false \
##                           CONFIG.c_latency 26 \
##                           CONFIG.c_mult_usage No_Usage \
##                           CONFIG.c_optimization Speed_Optimized \
##                           CONFIG.c_rate 1 \
##                           CONFIG.c_result_exponent_width 8 \
##                           CONFIG.c_result_fraction_width 24 \
##                           CONFIG.component_name flicker_render_pipeline_ap_fsqrt_26_no_dsp_32 \
##                           CONFIG.flow_control NonBlocking \
##                           CONFIG.has_a_tlast false \
##                           CONFIG.has_a_tuser false \
##                           CONFIG.has_aclken true \
##                           CONFIG.has_aresetn false \
##                           CONFIG.has_b_tlast false \
##                           CONFIG.has_b_tuser false \
##                           CONFIG.has_operation_tlast false \
##                           CONFIG.has_operation_tuser false \
##                           CONFIG.has_result_tready false \
##                           CONFIG.maximum_latency false \
##                           CONFIG.operation_tuser_width 1 \
##                           CONFIG.operation_type Square_Root \
##                           CONFIG.result_precision_type Single \
##                           CONFIG.result_tlast_behv Null
## get_ips flicker_render_pipeline_ap_fsqrt_26_no_dsp_32
## get_files flicker_render_pipeline_ap_fsqrt_26_no_dsp_32.xci
## get_files flicker_render_pipeline_ap_fsqrt_26_no_dsp_32.xci
INFO: [IP_Flow 19-1686] Generating 'Synthesis' target for IP 'flicker_render_pipeline_ap_fsqrt_26_no_dsp_32'...
INFO: [IP_Flow 19-1686] Generating 'Simulation' target for IP 'flicker_render_pipeline_ap_fsqrt_26_no_dsp_32'...
## version -short
WARNING: [IP_Flow 19-4832] The IP name 'flicker_render_pipeline_ap_hadd_8_full_dsp_16' you have specified is long. The Windows operating system has path length limitations. It is recommended you use shorter names to reduce the likelihood of issues.
INFO: [filemgmt 56-101] Creating core container 'd:/ADProjects/FPGA43DGS/platform/flicker_grouplutram_fpga/fpai_demo_vivado.srcs/sources_1/ip/flicker_render_pipeline_ap_hadd_8_full_dsp_16.xcix' for IP 'flicker_render_pipeline_ap_hadd_8_full_dsp_16'
## list CONFIG.a_precision_type Half \
##                           CONFIG.a_tuser_width 1 \
##                           CONFIG.add_sub_value Add \
##                           CONFIG.b_tuser_width 1 \
##                           CONFIG.c_a_exponent_width 5 \
##                           CONFIG.c_a_fraction_width 11 \
##                           CONFIG.c_compare_operation Programmable \
##                           CONFIG.c_has_divide_by_zero false \
##                           CONFIG.c_has_invalid_op false \
##                           CONFIG.c_has_overflow false \
##                           CONFIG.c_has_underflow false \
##                           CONFIG.c_latency 8 \
##                           CONFIG.c_mult_usage Full_Usage \
##                           CONFIG.c_optimization Speed_Optimized \
##                           CONFIG.c_rate 1 \
##                           CONFIG.c_result_exponent_width 5 \
##                           CONFIG.c_result_fraction_width 11 \
##                           CONFIG.component_name flicker_render_pipeline_ap_hadd_8_full_dsp_16 \
##                           CONFIG.flow_control NonBlocking \
##                           CONFIG.has_a_tlast false \
##                           CONFIG.has_a_tuser false \
##                           CONFIG.has_aclken true \
##                           CONFIG.has_aresetn false \
##                           CONFIG.has_b_tlast false \
##                           CONFIG.has_b_tuser false \
##                           CONFIG.has_operation_tlast false \
##                           CONFIG.has_operation_tuser false \
##                           CONFIG.has_result_tready false \
##                           CONFIG.maximum_latency false \
##                           CONFIG.operation_tuser_width 1 \
##                           CONFIG.operation_type Add_Subtract \
##                           CONFIG.result_precision_type Half \
##                           CONFIG.result_tlast_behv Null
## get_ips flicker_render_pipeline_ap_hadd_8_full_dsp_16
## get_files flicker_render_pipeline_ap_hadd_8_full_dsp_16.xci
## get_files flicker_render_pipeline_ap_hadd_8_full_dsp_16.xci
INFO: [IP_Flow 19-1686] Generating 'Synthesis' target for IP 'flicker_render_pipeline_ap_hadd_8_full_dsp_16'...
INFO: [IP_Flow 19-1686] Generating 'Simulation' target for IP 'flicker_render_pipeline_ap_hadd_8_full_dsp_16'...
## version -short
WARNING: [IP_Flow 19-4832] The IP name 'flicker_render_pipeline_ap_hcmp_1_no_dsp_16' you have specified is long. The Windows operating system has path length limitations. It is recommended you use shorter names to reduce the likelihood of issues.
INFO: [filemgmt 56-101] Creating core container 'd:/ADProjects/FPGA43DGS/platform/flicker_grouplutram_fpga/fpai_demo_vivado.srcs/sources_1/ip/flicker_render_pipeline_ap_hcmp_1_no_dsp_16.xcix' for IP 'flicker_render_pipeline_ap_hcmp_1_no_dsp_16'
## list CONFIG.a_precision_type Half \
##                           CONFIG.a_tuser_width 1 \
##                           CONFIG.add_sub_value Both \
##                           CONFIG.b_tuser_width 1 \
##                           CONFIG.c_a_exponent_width 5 \
##                           CONFIG.c_a_fraction_width 11 \
##                           CONFIG.c_compare_operation Programmable \
##                           CONFIG.c_has_divide_by_zero false \
##                           CONFIG.c_has_invalid_op false \
##                           CONFIG.c_has_overflow false \
##                           CONFIG.c_has_underflow false \
##                           CONFIG.c_latency 1 \
##                           CONFIG.c_mult_usage No_Usage \
##                           CONFIG.c_optimization Speed_Optimized \
##                           CONFIG.c_rate 1 \
##                           CONFIG.c_result_exponent_width 1 \
##                           CONFIG.c_result_fraction_width 0 \
##                           CONFIG.component_name flicker_render_pipeline_ap_hcmp_1_no_dsp_16 \
##                           CONFIG.flow_control NonBlocking \
##                           CONFIG.has_a_tlast false \
##                           CONFIG.has_a_tuser false \
##                           CONFIG.has_aclken true \
##                           CONFIG.has_aresetn false \
##                           CONFIG.has_b_tlast false \
##                           CONFIG.has_b_tuser false \
##                           CONFIG.has_operation_tlast false \
##                           CONFIG.has_operation_tuser false \
##                           CONFIG.has_result_tready false \
##                           CONFIG.maximum_latency false \
##                           CONFIG.operation_tuser_width 1 \
##                           CONFIG.operation_type Compare \
##                           CONFIG.result_precision_type Custom \
##                           CONFIG.result_tlast_behv Null
## get_ips flicker_render_pipeline_ap_hcmp_1_no_dsp_16
## get_files flicker_render_pipeline_ap_hcmp_1_no_dsp_16.xci
## get_files flicker_render_pipeline_ap_hcmp_1_no_dsp_16.xci
INFO: [IP_Flow 19-1686] Generating 'Synthesis' target for IP 'flicker_render_pipeline_ap_hcmp_1_no_dsp_16'...
INFO: [IP_Flow 19-1686] Generating 'Simulation' target for IP 'flicker_render_pipeline_ap_hcmp_1_no_dsp_16'...
## version -short
WARNING: [IP_Flow 19-4832] The IP name 'flicker_render_pipeline_ap_hmul_4_max_dsp_16' you have specified is long. The Windows operating system has path length limitations. It is recommended you use shorter names to reduce the likelihood of issues.
INFO: [filemgmt 56-101] Creating core container 'd:/ADProjects/FPGA43DGS/platform/flicker_grouplutram_fpga/fpai_demo_vivado.srcs/sources_1/ip/flicker_render_pipeline_ap_hmul_4_max_dsp_16.xcix' for IP 'flicker_render_pipeline_ap_hmul_4_max_dsp_16'
## list CONFIG.a_precision_type Half \
##                           CONFIG.a_tuser_width 1 \
##                           CONFIG.add_sub_value Both \
##                           CONFIG.b_tuser_width 1 \
##                           CONFIG.c_a_exponent_width 5 \
##                           CONFIG.c_a_fraction_width 11 \
##                           CONFIG.c_compare_operation Programmable \
##                           CONFIG.c_has_divide_by_zero false \
##                           CONFIG.c_has_invalid_op false \
##                           CONFIG.c_has_overflow false \
##                           CONFIG.c_has_underflow false \
##                           CONFIG.c_latency 4 \
##                           CONFIG.c_mult_usage Max_Usage \
##                           CONFIG.c_optimization Speed_Optimized \
##                           CONFIG.c_rate 1 \
##                           CONFIG.c_result_exponent_width 5 \
##                           CONFIG.c_result_fraction_width 11 \
##                           CONFIG.component_name flicker_render_pipeline_ap_hmul_4_max_dsp_16 \
##                           CONFIG.flow_control NonBlocking \
##                           CONFIG.has_a_tlast false \
##                           CONFIG.has_a_tuser false \
##                           CONFIG.has_aclken true \
##                           CONFIG.has_aresetn false \
##                           CONFIG.has_b_tlast false \
##                           CONFIG.has_b_tuser false \
##                           CONFIG.has_operation_tlast false \
##                           CONFIG.has_operation_tuser false \
##                           CONFIG.has_result_tready false \
##                           CONFIG.maximum_latency false \
##                           CONFIG.operation_tuser_width 1 \
##                           CONFIG.operation_type Multiply \
##                           CONFIG.result_precision_type Half \
##                           CONFIG.result_tlast_behv Null
## get_ips flicker_render_pipeline_ap_hmul_4_max_dsp_16
## get_files flicker_render_pipeline_ap_hmul_4_max_dsp_16.xci
## get_files flicker_render_pipeline_ap_hmul_4_max_dsp_16.xci
INFO: [IP_Flow 19-1686] Generating 'Synthesis' target for IP 'flicker_render_pipeline_ap_hmul_4_max_dsp_16'...
INFO: [IP_Flow 19-1686] Generating 'Simulation' target for IP 'flicker_render_pipeline_ap_hmul_4_max_dsp_16'...
## version -short
WARNING: [IP_Flow 19-4832] The IP name 'flicker_render_pipeline_ap_hsub_8_full_dsp_16' you have specified is long. The Windows operating system has path length limitations. It is recommended you use shorter names to reduce the likelihood of issues.
INFO: [filemgmt 56-101] Creating core container 'd:/ADProjects/FPGA43DGS/platform/flicker_grouplutram_fpga/fpai_demo_vivado.srcs/sources_1/ip/flicker_render_pipeline_ap_hsub_8_full_dsp_16.xcix' for IP 'flicker_render_pipeline_ap_hsub_8_full_dsp_16'
## list CONFIG.a_precision_type Half \
##                           CONFIG.a_tuser_width 1 \
##                           CONFIG.add_sub_value Subtract \
##                           CONFIG.b_tuser_width 1 \
##                           CONFIG.c_a_exponent_width 5 \
##                           CONFIG.c_a_fraction_width 11 \
##                           CONFIG.c_compare_operation Programmable \
##                           CONFIG.c_has_divide_by_zero false \
##                           CONFIG.c_has_invalid_op false \
##                           CONFIG.c_has_overflow false \
##                           CONFIG.c_has_underflow false \
##                           CONFIG.c_latency 8 \
##                           CONFIG.c_mult_usage Full_Usage \
##                           CONFIG.c_optimization Speed_Optimized \
##                           CONFIG.c_rate 1 \
##                           CONFIG.c_result_exponent_width 5 \
##                           CONFIG.c_result_fraction_width 11 \
##                           CONFIG.component_name flicker_render_pipeline_ap_hsub_8_full_dsp_16 \
##                           CONFIG.flow_control NonBlocking \
##                           CONFIG.has_a_tlast false \
##                           CONFIG.has_a_tuser false \
##                           CONFIG.has_aclken true \
##                           CONFIG.has_aresetn false \
##                           CONFIG.has_b_tlast false \
##                           CONFIG.has_b_tuser false \
##                           CONFIG.has_operation_tlast false \
##                           CONFIG.has_operation_tuser false \
##                           CONFIG.has_result_tready false \
##                           CONFIG.maximum_latency false \
##                           CONFIG.operation_tuser_width 1 \
##                           CONFIG.operation_type Add_Subtract \
##                           CONFIG.result_precision_type Half \
##                           CONFIG.result_tlast_behv Null
## get_ips flicker_render_pipeline_ap_hsub_8_full_dsp_16
## get_files flicker_render_pipeline_ap_hsub_8_full_dsp_16.xci
## get_files flicker_render_pipeline_ap_hsub_8_full_dsp_16.xci
INFO: [IP_Flow 19-1686] Generating 'Synthesis' target for IP 'flicker_render_pipeline_ap_hsub_8_full_dsp_16'...
INFO: [IP_Flow 19-1686] Generating 'Simulation' target for IP 'flicker_render_pipeline_ap_hsub_8_full_dsp_16'...
## version -short
WARNING: [IP_Flow 19-4832] The IP name 'flicker_render_pipeline_ap_sptohp_1_no_dsp_32' you have specified is long. The Windows operating system has path length limitations. It is recommended you use shorter names to reduce the likelihood of issues.
INFO: [filemgmt 56-101] Creating core container 'd:/ADProjects/FPGA43DGS/platform/flicker_grouplutram_fpga/fpai_demo_vivado.srcs/sources_1/ip/flicker_render_pipeline_ap_sptohp_1_no_dsp_32.xcix' for IP 'flicker_render_pipeline_ap_sptohp_1_no_dsp_32'
## list CONFIG.a_precision_type Single \
##                           CONFIG.a_tuser_width 1 \
##                           CONFIG.add_sub_value Both \
##                           CONFIG.b_tuser_width 1 \
##                           CONFIG.c_a_exponent_width 8 \
##                           CONFIG.c_a_fraction_width 24 \
##                           CONFIG.c_compare_operation Programmable \
##                           CONFIG.c_has_divide_by_zero false \
##                           CONFIG.c_has_invalid_op false \
##                           CONFIG.c_has_overflow false \
##                           CONFIG.c_has_underflow false \
##                           CONFIG.c_latency 1 \
##                           CONFIG.c_mult_usage No_Usage \
##                           CONFIG.c_optimization Speed_Optimized \
##                           CONFIG.c_rate 1 \
##                           CONFIG.c_result_exponent_width 5 \
##                           CONFIG.c_result_fraction_width 11 \
##                           CONFIG.component_name flicker_render_pipeline_ap_sptohp_1_no_dsp_32 \
##                           CONFIG.flow_control NonBlocking \
##                           CONFIG.has_a_tlast false \
##                           CONFIG.has_a_tuser false \
##                           CONFIG.has_aclken true \
##                           CONFIG.has_aresetn false \
##                           CONFIG.has_b_tlast false \
##                           CONFIG.has_b_tuser false \
##                           CONFIG.has_operation_tlast false \
##                           CONFIG.has_operation_tuser false \
##                           CONFIG.has_result_tready false \
##                           CONFIG.maximum_latency false \
##                           CONFIG.operation_tuser_width 1 \
##                           CONFIG.operation_type Float_to_Float \
##                           CONFIG.result_precision_type Half \
##                           CONFIG.result_tlast_behv Null
## get_ips flicker_render_pipeline_ap_sptohp_1_no_dsp_32
## get_files flicker_render_pipeline_ap_sptohp_1_no_dsp_32.xci
## get_files flicker_render_pipeline_ap_sptohp_1_no_dsp_32.xci
INFO: [IP_Flow 19-1686] Generating 'Synthesis' target for IP 'flicker_render_pipeline_ap_sptohp_1_no_dsp_32'...
INFO: [IP_Flow 19-1686] Generating 'Simulation' target for IP 'flicker_render_pipeline_ap_sptohp_1_no_dsp_32'...
## version -short
WARNING: [IP_Flow 19-4832] The IP name 'flicker_render_pipeline_ap_uitofp_6_no_dsp_32' you have specified is long. The Windows operating system has path length limitations. It is recommended you use shorter names to reduce the likelihood of issues.
INFO: [filemgmt 56-101] Creating core container 'd:/ADProjects/FPGA43DGS/platform/flicker_grouplutram_fpga/fpai_demo_vivado.srcs/sources_1/ip/flicker_render_pipeline_ap_uitofp_6_no_dsp_32.xcix' for IP 'flicker_render_pipeline_ap_uitofp_6_no_dsp_32'
## list CONFIG.a_precision_type Custom \
##                           CONFIG.a_tuser_width 1 \
##                           CONFIG.add_sub_value Both \
##                           CONFIG.b_tuser_width 1 \
##                           CONFIG.c_a_exponent_width 64 \
##                           CONFIG.c_a_fraction_width 0 \
##                           CONFIG.c_compare_operation Programmable \
##                           CONFIG.c_has_divide_by_zero false \
##                           CONFIG.c_has_invalid_op false \
##                           CONFIG.c_has_overflow false \
##                           CONFIG.c_has_underflow false \
##                           CONFIG.c_latency 6 \
##                           CONFIG.c_mult_usage No_Usage \
##                           CONFIG.c_optimization Speed_Optimized \
##                           CONFIG.c_rate 1 \
##                           CONFIG.c_result_exponent_width 8 \
##                           CONFIG.c_result_fraction_width 24 \
##                           CONFIG.component_name flicker_render_pipeline_ap_uitofp_6_no_dsp_32 \
##                           CONFIG.flow_control NonBlocking \
##                           CONFIG.has_a_tlast false \
##                           CONFIG.has_a_tuser false \
##                           CONFIG.has_aclken true \
##                           CONFIG.has_aresetn false \
##                           CONFIG.has_b_tlast false \
##                           CONFIG.has_b_tuser false \
##                           CONFIG.has_operation_tlast false \
##                           CONFIG.has_operation_tuser false \
##                           CONFIG.has_result_tready false \
##                           CONFIG.maximum_latency false \
##                           CONFIG.operation_tuser_width 1 \
##                           CONFIG.operation_type Fixed_to_Float \
##                           CONFIG.result_precision_type Single \
##                           CONFIG.result_tlast_behv Null
## get_ips flicker_render_pipeline_ap_uitofp_6_no_dsp_32
## get_files flicker_render_pipeline_ap_uitofp_6_no_dsp_32.xci
## get_files flicker_render_pipeline_ap_uitofp_6_no_dsp_32.xci
INFO: [IP_Flow 19-1686] Generating 'Synthesis' target for IP 'flicker_render_pipeline_ap_uitofp_6_no_dsp_32'...
INFO: [IP_Flow 19-1686] Generating 'Simulation' target for IP 'flicker_render_pipeline_ap_uitofp_6_no_dsp_32'...
PROJECT=D:/ADProjects/FPGA43DGS/platform/flicker_grouplutram_fpga
REPORT_DIR=D:/ADProjects/FPGA43DGS/examples/3dgs_flicker_hw/pipeline/../build/board_cat_20260930_204359
[Wed Sep 30 20:44:51 2026] Launched ps_ai_proc_sys_reset_0_1_synth_1, ps_ai_util_vector_logic_0_0_synth_1, ps_ai_processing_system7_0_0_synth_1, ps_ai_xbar_0_synth_1, ps_ai_xbar_1_synth_1, ps_ai_proc_sys_reset_0_0_synth_1, ps_ai_xbar_4_synth_1, ps_ai_s00_regslice_0_synth_1, ps_ai_s00_regslice_1_synth_1, ps_ai_s01_regslice_0_synth_1, ps_ai_m00_regslice_0_synth_1, afifo_16i_64o_largebuf_synth_1, afifo_24w_4096d_synth_1, afifo_64i_16o_128_synth_1, clk_wiz_0_synth_1, cmos_clkgen_742_5_synth_1, fifo_1_synth_1, mgtclk_synth_1, mig_7series_0_synth_1, mna_idfifo_w12_synth_1, rindex_buf_2b_16w_synth_1, smpte_sdi_synth_1, sys_clk_synth_1, windex_buf_2b_16w_synth_1, synth_1...
Run output will be captured here:
ps_ai_proc_sys_reset_0_1_synth_1: D:/ADProjects/FPGA43DGS/platform/flicker_grouplutram_fpga/fpai_demo_vivado.runs/ps_ai_proc_sys_reset_0_1_synth_1/runme.log
ps_ai_util_vector_logic_0_0_synth_1: D:/ADProjects/FPGA43DGS/platform/flicker_grouplutram_fpga/fpai_demo_vivado.runs/ps_ai_util_vector_logic_0_0_synth_1/runme.log
ps_ai_processing_system7_0_0_synth_1: D:/ADProjects/FPGA43DGS/platform/flicker_grouplutram_fpga/fpai_demo_vivado.runs/ps_ai_processing_system7_0_0_synth_1/runme.log
ps_ai_xbar_0_synth_1: D:/ADProjects/FPGA43DGS/platform/flicker_grouplutram_fpga/fpai_demo_vivado.runs/ps_ai_xbar_0_synth_1/runme.log
ps_ai_xbar_1_synth_1: D:/ADProjects/FPGA43DGS/platform/flicker_grouplutram_fpga/fpai_demo_vivado.runs/ps_ai_xbar_1_synth_1/runme.log
ps_ai_proc_sys_reset_0_0_synth_1: D:/ADProjects/FPGA43DGS/platform/flicker_grouplutram_fpga/fpai_demo_vivado.runs/ps_ai_proc_sys_reset_0_0_synth_1/runme.log
ps_ai_xbar_4_synth_1: D:/ADProjects/FPGA43DGS/platform/flicker_grouplutram_fpga/fpai_demo_vivado.runs/ps_ai_xbar_4_synth_1/runme.log
ps_ai_s00_regslice_0_synth_1: D:/ADProjects/FPGA43DGS/platform/flicker_grouplutram_fpga/fpai_demo_vivado.runs/ps_ai_s00_regslice_0_synth_1/runme.log
ps_ai_s00_regslice_1_synth_1: D:/ADProjects/FPGA43DGS/platform/flicker_grouplutram_fpga/fpai_demo_vivado.runs/ps_ai_s00_regslice_1_synth_1/runme.log
ps_ai_s01_regslice_0_synth_1: D:/ADProjects/FPGA43DGS/platform/flicker_grouplutram_fpga/fpai_demo_vivado.runs/ps_ai_s01_regslice_0_synth_1/runme.log
ps_ai_m00_regslice_0_synth_1: D:/ADProjects/FPGA43DGS/platform/flicker_grouplutram_fpga/fpai_demo_vivado.runs/ps_ai_m00_regslice_0_synth_1/runme.log
afifo_16i_64o_largebuf_synth_1: D:/ADProjects/FPGA43DGS/platform/flicker_grouplutram_fpga/fpai_demo_vivado.runs/afifo_16i_64o_largebuf_synth_1/runme.log
afifo_24w_4096d_synth_1: D:/ADProjects/FPGA43DGS/platform/flicker_grouplutram_fpga/fpai_demo_vivado.runs/afifo_24w_4096d_synth_1/runme.log
afifo_64i_16o_128_synth_1: D:/ADProjects/FPGA43DGS/platform/flicker_grouplutram_fpga/fpai_demo_vivado.runs/afifo_64i_16o_128_synth_1/runme.log
clk_wiz_0_synth_1: D:/ADProjects/FPGA43DGS/platform/flicker_grouplutram_fpga/fpai_demo_vivado.runs/clk_wiz_0_synth_1/runme.log
cmos_clkgen_742_5_synth_1: D:/ADProjects/FPGA43DGS/platform/flicker_grouplutram_fpga/fpai_demo_vivado.runs/cmos_clkgen_742_5_synth_1/runme.log
fifo_1_synth_1: D:/ADProjects/FPGA43DGS/platform/flicker_grouplutram_fpga/fpai_demo_vivado.runs/fifo_1_synth_1/runme.log
mgtclk_synth_1: D:/ADProjects/FPGA43DGS/platform/flicker_grouplutram_fpga/fpai_demo_vivado.runs/mgtclk_synth_1/runme.log
mig_7series_0_synth_1: D:/ADProjects/FPGA43DGS/platform/flicker_grouplutram_fpga/fpai_demo_vivado.runs/mig_7series_0_synth_1/runme.log
mna_idfifo_w12_synth_1: D:/ADProjects/FPGA43DGS/platform/flicker_grouplutram_fpga/fpai_demo_vivado.runs/mna_idfifo_w12_synth_1/runme.log
rindex_buf_2b_16w_synth_1: D:/ADProjects/FPGA43DGS/platform/flicker_grouplutram_fpga/fpai_demo_vivado.runs/rindex_buf_2b_16w_synth_1/runme.log
smpte_sdi_synth_1: D:/ADProjects/FPGA43DGS/platform/flicker_grouplutram_fpga/fpai_demo_vivado.runs/smpte_sdi_synth_1/runme.log
sys_clk_synth_1: D:/ADProjects/FPGA43DGS/platform/flicker_grouplutram_fpga/fpai_demo_vivado.runs/sys_clk_synth_1/runme.log
windex_buf_2b_16w_synth_1: D:/ADProjects/FPGA43DGS/platform/flicker_grouplutram_fpga/fpai_demo_vivado.runs/windex_buf_2b_16w_synth_1/runme.log
synth_1: D:/ADProjects/FPGA43DGS/platform/flicker_grouplutram_fpga/fpai_demo_vivado.runs/synth_1/runme.log
[Wed Sep 30 20:44:51 2026] Launched impl_1...
Run output will be captured here: D:/ADProjects/FPGA43DGS/platform/flicker_grouplutram_fpga/fpai_demo_vivado.runs/impl_1/runme.log
launch_runs: Time (s): cpu = 00:00:01 ; elapsed = 00:00:08 . Memory (MB): peak = 520.512 ; gain = 28.270
[Wed Sep 30 20:44:51 2026] Waiting for impl_1 to finish...

*** Running vivado
    with args -log ai7030_edif_top.vdi -applog -m64 -product Vivado -messageDb vivado.pb -mode batch -source ai7030_edif_top.tcl -notrace


****** Vivado v2018.3 (64-bit)
  **** SW Build 2405991 on Thu Dec  6 23:38:27 MST 2018
  **** IP Build 2404404 on Fri Dec  7 01:43:56 MST 2018
    ** Copyright 1986-2018 Xilinx, Inc. All Rights Reserved.

source ai7030_edif_top.tcl -notrace
INFO: [IP_Flow 19-234] Refreshing IP repositories
INFO: [IP_Flow 19-1700] Loaded user IP repository 'd:/ADProjects/FPGA43DGS/platform/flicker_grouplutram_fpga/PS_AI IP'.
INFO: [IP_Flow 19-2313] Loaded Vivado IP repository 'D:/Xilinx/Vivado/2018.3/data/ip'.
WARNING: [IP_Flow 19-1663] Duplicate IP found for 'xilinx.com:ip:processing_system7:5.5'. The one found in IP location 'd:/ADProjects/FPGA43DGS/platform/flicker_grouplutram_fpga/PS_AI IP/processing_system7_v5_5' will take precedence over the same IP in the Xilinx installed IP.
WARNING: [IP_Flow 19-4830] Duplicate Interface found for 'xilinx.com:display_processing_system7:fixedio:1.0'. The one found in location 'd:/ADProjects/FPGA43DGS/platform/flicker_grouplutram_fpga/PS_AI IP/processing_system7_v5_5/fixedio.xml' will take precedence over the same Interface in location 'd:/Xilinx/Vivado/2018.3/data/ip/xilinx/processing_system7_v5_5/fixedio.xml'
WARNING: [IP_Flow 19-4830] Duplicate Interface found for 'xilinx.com:display_processing_system7:hpstatusctrl:1.0'. The one found in location 'd:/ADProjects/FPGA43DGS/platform/flicker_grouplutram_fpga/PS_AI IP/processing_system7_v5_5/hpstatusctrl.xml' will take precedence over the same Interface in location 'd:/Xilinx/Vivado/2018.3/data/ip/xilinx/processing_system7_v5_5/hpstatusctrl.xml'
WARNING: [IP_Flow 19-4830] Duplicate Interface found for 'xilinx.com:display_processing_system7:usbctrl:1.0'. The one found in location 'd:/ADProjects/FPGA43DGS/platform/flicker_grouplutram_fpga/PS_AI IP/processing_system7_v5_5/usbctrl.xml' will take precedence over the same Interface in location 'd:/Xilinx/Vivado/2018.3/data/ip/xilinx/processing_system7_v5_5/usbctrl.xml'
WARNING: [IP_Flow 19-4995] The host OS only allows 260 characters in a normal path. The IP cache path is more than 80 characters. If you experience issues with IP caching, please consider changing the IP cache to a location with a shorter path. Alternately consider using the OS subst command to map part of the path to a drive letter. 
Current IP cache path is D:/ADProjects/FPGA43DGS/platform/flicker_grouplutram_fpga/fpai_demo_vivado.cache/ip 
Command: link_design -top ai7030_edif_top -part xc7z030ffg676-2
Design is defaulting to srcset: sources_1
Design is defaulting to constrset: constrs_1
INFO: [Project 1-454] Reading design checkpoint 'd:/ADProjects/FPGA43DGS/platform/flicker_grouplutram_fpga/rtl/ip/mig_7series_0/mig_7series_0.dcp' for cell 'U0_ps_ai_peripheral/mig_ddr3_u0'
INFO: [Project 1-454] Reading design checkpoint 'd:/ADProjects/FPGA43DGS/platform/flicker_grouplutram_fpga/rtl/ip/cmos_clkgen_742_5/cmos_clkgen_742_5.dcp' for cell 'U0_ps_ai_peripheral/frame_to_ps_inst0/cmos_clkgen_742_5_u0'
INFO: [Project 1-454] Reading design checkpoint 'd:/ADProjects/FPGA43DGS/platform/flicker_grouplutram_fpga/rtl/ip/rindex_buf_2b_16w/rindex_buf_2b_16w.dcp' for cell 'U0_ps_ai_peripheral/frame_to_ps_inst0/cmos_write_req_gen_m0/rindex_buf_2b_16w_u0'
INFO: [Project 1-454] Reading design checkpoint 'd:/ADProjects/FPGA43DGS/platform/flicker_grouplutram_fpga/rtl/ip/windex_buf_2b_16w/windex_buf_2b_16w.dcp' for cell 'U0_ps_ai_peripheral/frame_to_ps_inst0/cmos_write_req_gen_m0/windex_buf_2b_16w_u0'
INFO: [Project 1-454] Reading design checkpoint 'd:/ADProjects/FPGA43DGS/platform/flicker_grouplutram_fpga/rtl/ip/fifo_1/fifo_1.dcp' for cell 'U0_ps_ai_peripheral/frame_to_ps_inst0/frame_read_write_m0/fifo_1_u0'
INFO: [Project 1-454] Reading design checkpoint 'd:/ADProjects/FPGA43DGS/platform/flicker_grouplutram_fpga/rtl/ip/afifo_64i_16o_128/afifo_64i_16o_128.dcp' for cell 'U0_ps_ai_peripheral/frame_to_ps_inst0/frame_read_write_m0/read_buf'
INFO: [Project 1-454] Reading design checkpoint 'd:/ADProjects/FPGA43DGS/platform/flicker_grouplutram_fpga/rtl/ip/afifo_16i_64o_largebuf/afifo_16i_64o_largebuf.dcp' for cell 'U0_ps_ai_peripheral/frame_to_ps_inst0/frame_read_write_m0/write_buf'
INFO: [Project 1-454] Reading design checkpoint 'd:/ADProjects/FPGA43DGS/platform/flicker_grouplutram_fpga/rtl/ip/afifo_24w_4096d/afifo_24w_4096d.dcp' for cell 'U0_ps_ai_peripheral/frame_trans_inst0/axis_master_inst/afifo_24w_4096d_u0'
INFO: [Project 1-454] Reading design checkpoint 'd:/ADProjects/FPGA43DGS/platform/flicker_grouplutram_fpga/rtl/ip/clk_wiz_0/clk_wiz_0.dcp' for cell 'U0_ps_ai_peripheral/ps_ai_wrapper_u0/clk_wiz_0_inst'
INFO: [Project 1-454] Reading design checkpoint 'd:/ADProjects/FPGA43DGS/platform/flicker_grouplutram_fpga/fpai_demo_vivado.srcs/sources_1/bd/ps_ai/ip/ps_ai_proc_sys_reset_0_1/ps_ai_proc_sys_reset_0_1.dcp' for cell 'U0_ps_ai_peripheral/ps_ai_wrapper_u0/ps_ai_i/proc_sys_reset_0'
INFO: [Project 1-454] Reading design checkpoint 'd:/ADProjects/FPGA43DGS/platform/flicker_grouplutram_fpga/fpai_demo_vivado.srcs/sources_1/bd/ps_ai/ip/ps_ai_proc_sys_reset_0_0/ps_ai_proc_sys_reset_0_0.dcp' for cell 'U0_ps_ai_peripheral/ps_ai_wrapper_u0/ps_ai_i/proc_sys_reset_1'
INFO: [Project 1-454] Reading design checkpoint 'd:/ADProjects/FPGA43DGS/platform/flicker_grouplutram_fpga/fpai_demo_vivado.srcs/sources_1/bd/ps_ai/ip/ps_ai_processing_system7_0_0/ps_ai_processing_system7_0_0.dcp' for cell 'U0_ps_ai_peripheral/ps_ai_wrapper_u0/ps_ai_i/processing_system7_0'
INFO: [Project 1-454] Reading design checkpoint 'd:/ADProjects/FPGA43DGS/platform/flicker_grouplutram_fpga/fpai_demo_vivado.srcs/sources_1/bd/ps_ai/ip/ps_ai_util_vector_logic_0_0/ps_ai_util_vector_logic_0_0.dcp' for cell 'U0_ps_ai_peripheral/ps_ai_wrapper_u0/ps_ai_i/util_vector_logic_0'
INFO: [Project 1-454] Reading design checkpoint 'd:/ADProjects/FPGA43DGS/platform/flicker_grouplutram_fpga/fpai_demo_vivado.srcs/sources_1/bd/ps_ai/ip/ps_ai_xbar_0/ps_ai_xbar_0.dcp' for cell 'U0_ps_ai_peripheral/ps_ai_wrapper_u0/ps_ai_i/axi_interconnect_0/xbar'
INFO: [Project 1-454] Reading design checkpoint 'd:/ADProjects/FPGA43DGS/platform/flicker_grouplutram_fpga/fpai_demo_vivado.srcs/sources_1/bd/ps_ai/ip/ps_ai_s00_regslice_0/ps_ai_s00_regslice_0.dcp' for cell 'U0_ps_ai_peripheral/ps_ai_wrapper_u0/ps_ai_i/axi_interconnect_0/s00_couplers/s00_regslice'
INFO: [Project 1-454] Reading design checkpoint 'd:/ADProjects/FPGA43DGS/platform/flicker_grouplutram_fpga/fpai_demo_vivado.srcs/sources_1/bd/ps_ai/ip/ps_ai_xbar_1/ps_ai_xbar_1.dcp' for cell 'U0_ps_ai_peripheral/ps_ai_wrapper_u0/ps_ai_i/axi_interconnect_1/xbar'
INFO: [Project 1-454] Reading design checkpoint 'd:/ADProjects/FPGA43DGS/platform/flicker_grouplutram_fpga/fpai_demo_vivado.srcs/sources_1/bd/ps_ai/ip/ps_ai_xbar_4/ps_ai_xbar_4.dcp' for cell 'U0_ps_ai_peripheral/ps_ai_wrapper_u0/ps_ai_i/axi_interconnect_4/xbar'
INFO: [Project 1-454] Reading design checkpoint 'd:/ADProjects/FPGA43DGS/platform/flicker_grouplutram_fpga/fpai_demo_vivado.srcs/sources_1/bd/ps_ai/ip/ps_ai_m00_regslice_0/ps_ai_m00_regslice_0.dcp' for cell 'U0_ps_ai_peripheral/ps_ai_wrapper_u0/ps_ai_i/axi_interconnect_4/m00_couplers/m00_regslice'
INFO: [Project 1-454] Reading design checkpoint 'd:/ADProjects/FPGA43DGS/platform/flicker_grouplutram_fpga/fpai_demo_vivado.srcs/sources_1/bd/ps_ai/ip/ps_ai_s00_regslice_1/ps_ai_s00_regslice_1.dcp' for cell 'U0_ps_ai_peripheral/ps_ai_wrapper_u0/ps_ai_i/axi_interconnect_4/s00_couplers/s00_regslice'
INFO: [Project 1-454] Reading design checkpoint 'd:/ADProjects/FPGA43DGS/platform/flicker_grouplutram_fpga/fpai_demo_vivado.srcs/sources_1/bd/ps_ai/ip/ps_ai_s01_regslice_0/ps_ai_s01_regslice_0.dcp' for cell 'U0_ps_ai_peripheral/ps_ai_wrapper_u0/ps_ai_i/axi_interconnect_4/s01_couplers/s01_regslice'
INFO: [Project 1-454] Reading design checkpoint 'd:/ADProjects/FPGA43DGS/platform/flicker_grouplutram_fpga/rtl/ip/mna_idfifo_w12/mna_idfifo_w12.dcp' for cell 'U0_ps_ai_peripheral/u_gp0_io/axi_to_mna_u0/bid_fifo'
INFO: [Project 1-454] Reading design checkpoint 'd:/ADProjects/FPGA43DGS/platform/flicker_grouplutram_fpga/rtl/sdi/ip/mgtclk/mgtclk.dcp' for cell 'rx_sdi_inst/mgtclk_inst0'
INFO: [Project 1-454] Reading design checkpoint 'd:/ADProjects/FPGA43DGS/platform/flicker_grouplutram_fpga/rtl/sdi/ip/sys_clk/sys_clk.dcp' for cell 'rx_sdi_inst/sys_clk_inst0'
INFO: [Project 1-454] Reading design checkpoint 'd:/ADProjects/FPGA43DGS/platform/flicker_grouplutram_fpga/rtl/sdi/ip/smpte_sdi/smpte_sdi.dcp' for cell 'rx_sdi_inst/SDI0/SDI/SDIRXTX'
INFO: [Netlist 29-17] Analyzing 7759 Unisim elements for replacement
INFO: [Netlist 29-28] Unisim Transformation completed in 1 CPU seconds
INFO: [Project 1-479] Netlist was created with Vivado 2018.3
INFO: [Device 21-403] Loading part xc7z030ffg676-2
INFO: [Project 1-570] Preparing netlist for logic optimization
WARNING: [Opt 31-32] Removing redundant IBUF since it is not being driven by a top-level port. U0_ps_ai_peripheral/frame_to_ps_inst0/cmos_clkgen_742_5_u0/inst/clkin1_ibufg 
Resolution: The tool has removed redundant IBUF. To resolve this warning, check for redundant IBUF in the input design.
WARNING: [Opt 31-32] Removing redundant IBUF since it is not being driven by a top-level port. rx_sdi_inst/mgtclk_inst0/inst/clkin1_ibufg 
Resolution: The tool has removed redundant IBUF. To resolve this warning, check for redundant IBUF in the input design.
WARNING: [Constraints 18-550] Could not create 'IBUF_LOW_PWR' constraint because net 'U0_ps_ai_peripheral/frame_to_ps_inst0/cmos_clkgen_742_5_u0/clk_in1' is not directly connected to top level port. Synthesis is ignored for IBUF_LOW_PWR but preserved for implementation.
WARNING: [Constraints 18-550] Could not create 'IBUF_LOW_PWR' constraint because net 'rx_sdi_inst/mgtclk_inst0/clk_in1' is not directly connected to top level port. Synthesis is ignored for IBUF_LOW_PWR but preserved for implementation.
Parsing XDC File [d:/ADProjects/FPGA43DGS/platform/flicker_grouplutram_fpga/fpai_demo_vivado.srcs/sources_1/bd/ps_ai/ip/ps_ai_proc_sys_reset_0_1/ps_ai_proc_sys_reset_0_1_board.xdc] for cell 'U0_ps_ai_peripheral/ps_ai_wrapper_u0/ps_ai_i/proc_sys_reset_0/U0'
Finished Parsing XDC File [d:/ADProjects/FPGA43DGS/platform/flicker_grouplutram_fpga/fpai_demo_vivado.srcs/sources_1/bd/ps_ai/ip/ps_ai_proc_sys_reset_0_1/ps_ai_proc_sys_reset_0_1_board.xdc] for cell 'U0_ps_ai_peripheral/ps_ai_wrapper_u0/ps_ai_i/proc_sys_reset_0/U0'
Parsing XDC File [d:/ADProjects/FPGA43DGS/platform/flicker_grouplutram_fpga/fpai_demo_vivado.srcs/sources_1/bd/ps_ai/ip/ps_ai_proc_sys_reset_0_1/ps_ai_proc_sys_reset_0_1.xdc] for cell 'U0_ps_ai_peripheral/ps_ai_wrapper_u0/ps_ai_i/proc_sys_reset_0/U0'
Finished Parsing XDC File [d:/ADProjects/FPGA43DGS/platform/flicker_grouplutram_fpga/fpai_demo_vivado.srcs/sources_1/bd/ps_ai/ip/ps_ai_proc_sys_reset_0_1/ps_ai_proc_sys_reset_0_1.xdc] for cell 'U0_ps_ai_peripheral/ps_ai_wrapper_u0/ps_ai_i/proc_sys_reset_0/U0'
Parsing XDC File [d:/ADProjects/FPGA43DGS/platform/flicker_grouplutram_fpga/fpai_demo_vivado.srcs/sources_1/bd/ps_ai/ip/ps_ai_processing_system7_0_0/ps_ai_processing_system7_0_0.xdc] for cell 'U0_ps_ai_peripheral/ps_ai_wrapper_u0/ps_ai_i/processing_system7_0/inst'
INFO: [Timing 38-35] Done setting XDC timing constraints. [d:/ADProjects/FPGA43DGS/platform/flicker_grouplutram_fpga/fpai_demo_vivado.srcs/sources_1/bd/ps_ai/ip/ps_ai_processing_system7_0_0/ps_ai_processing_system7_0_0.xdc:20]
WARNING: [Vivado 12-627] No clocks matched 'PJTAG_TCK'. [d:/ADProjects/FPGA43DGS/platform/flicker_grouplutram_fpga/fpai_demo_vivado.srcs/sources_1/bd/ps_ai/ip/ps_ai_processing_system7_0_0/ps_ai_processing_system7_0_0.xdc:20]
INFO: [Vivado 12-626] No clocks found. Please use 'create_clock' or 'create_generated_clock' command to create clocks. [d:/ADProjects/FPGA43DGS/platform/flicker_grouplutram_fpga/fpai_demo_vivado.srcs/sources_1/bd/ps_ai/ip/ps_ai_processing_system7_0_0/ps_ai_processing_system7_0_0.xdc:20]
get_clocks: Time (s): cpu = 00:00:12 ; elapsed = 00:00:09 . Memory (MB): peak = 2299.566 ; gain = 847.957
CRITICAL WARNING: [Vivado 12-4739] set_output_delay:No valid object(s) found for '-clock [get_clocks PJTAG_TCK]'. [d:/ADProjects/FPGA43DGS/platform/flicker_grouplutram_fpga/fpai_demo_vivado.srcs/sources_1/bd/ps_ai/ip/ps_ai_processing_system7_0_0/ps_ai_processing_system7_0_0.xdc:20]
Resolution: Check if the specified object(s) exists in the current design. If it does, ensure that the correct design hierarchy was specified for the object. If you are working with clocks, make sure create_clock was used to create the clock object before it is referenced.
WARNING: [Vivado 12-627] No clocks matched 'PJTAG_TCK'. [d:/ADProjects/FPGA43DGS/platform/flicker_grouplutram_fpga/fpai_demo_vivado.srcs/sources_1/bd/ps_ai/ip/ps_ai_processing_system7_0_0/ps_ai_processing_system7_0_0.xdc:21]
INFO: [Vivado 12-626] No clocks found. Please use 'create_clock' or 'create_generated_clock' command to create clocks. [d:/ADProjects/FPGA43DGS/platform/flicker_grouplutram_fpga/fpai_demo_vivado.srcs/sources_1/bd/ps_ai/ip/ps_ai_processing_system7_0_0/ps_ai_processing_system7_0_0.xdc:21]
CRITICAL WARNING: [Vivado 12-4739] set_output_delay:No valid object(s) found for '-clock [get_clocks PJTAG_TCK]'. [d:/ADProjects/FPGA43DGS/platform/flicker_grouplutram_fpga/fpai_demo_vivado.srcs/sources_1/bd/ps_ai/ip/ps_ai_processing_system7_0_0/ps_ai_processing_system7_0_0.xdc:21]
Resolution: Check if the specified object(s) exists in the current design. If it does, ensure that the correct design hierarchy was specified for the object. If you are working with clocks, make sure create_clock was used to create the clock object before it is referenced.
WARNING: [Vivado 12-627] No clocks matched 'PJTAG_TCK'. [d:/ADProjects/FPGA43DGS/platform/flicker_grouplutram_fpga/fpai_demo_vivado.srcs/sources_1/bd/ps_ai/ip/ps_ai_processing_system7_0_0/ps_ai_processing_system7_0_0.xdc:22]
INFO: [Vivado 12-626] No clocks found. Please use 'create_clock' or 'create_generated_clock' command to create clocks. [d:/ADProjects/FPGA43DGS/platform/flicker_grouplutram_fpga/fpai_demo_vivado.srcs/sources_1/bd/ps_ai/ip/ps_ai_processing_system7_0_0/ps_ai_processing_system7_0_0.xdc:22]
CRITICAL WARNING: [Vivado 12-4739] set_output_delay:No valid object(s) found for '-clock [get_clocks PJTAG_TCK]'. [d:/ADProjects/FPGA43DGS/platform/flicker_grouplutram_fpga/fpai_demo_vivado.srcs/sources_1/bd/ps_ai/ip/ps_ai_processing_system7_0_0/ps_ai_processing_system7_0_0.xdc:22]
Resolution: Check if the specified object(s) exists in the current design. If it does, ensure that the correct design hierarchy was specified for the object. If you are working with clocks, make sure create_clock was used to create the clock object before it is referenced.
WARNING: [Vivado 12-627] No clocks matched 'PJTAG_TCK'. [d:/ADProjects/FPGA43DGS/platform/flicker_grouplutram_fpga/fpai_demo_vivado.srcs/sources_1/bd/ps_ai/ip/ps_ai_processing_system7_0_0/ps_ai_processing_system7_0_0.xdc:23]
INFO: [Vivado 12-626] No clocks found. Please use 'create_clock' or 'create_generated_clock' command to create clocks. [d:/ADProjects/FPGA43DGS/platform/flicker_grouplutram_fpga/fpai_demo_vivado.srcs/sources_1/bd/ps_ai/ip/ps_ai_processing_system7_0_0/ps_ai_processing_system7_0_0.xdc:23]
CRITICAL WARNING: [Vivado 12-4739] set_output_delay:No valid object(s) found for '-clock [get_clocks PJTAG_TCK]'. [d:/ADProjects/FPGA43DGS/platform/flicker_grouplutram_fpga/fpai_demo_vivado.srcs/sources_1/bd/ps_ai/ip/ps_ai_processing_system7_0_0/ps_ai_processing_system7_0_0.xdc:23]
Resolution: Check if the specified object(s) exists in the current design. If it does, ensure that the correct design hierarchy was specified for the object. If you are working with clocks, make sure create_clock was used to create the clock object before it is referenced.
Finished Parsing XDC File [d:/ADProjects/FPGA43DGS/platform/flicker_grouplutram_fpga/fpai_demo_vivado.srcs/sources_1/bd/ps_ai/ip/ps_ai_processing_system7_0_0/ps_ai_processing_system7_0_0.xdc] for cell 'U0_ps_ai_peripheral/ps_ai_wrapper_u0/ps_ai_i/processing_system7_0/inst'
Parsing XDC File [d:/ADProjects/FPGA43DGS/platform/flicker_grouplutram_fpga/fpai_demo_vivado.srcs/sources_1/bd/ps_ai/ip/ps_ai_proc_sys_reset_0_0/ps_ai_proc_sys_reset_0_0_board.xdc] for cell 'U0_ps_ai_peripheral/ps_ai_wrapper_u0/ps_ai_i/proc_sys_reset_1/U0'
Finished Parsing XDC File [d:/ADProjects/FPGA43DGS/platform/flicker_grouplutram_fpga/fpai_demo_vivado.srcs/sources_1/bd/ps_ai/ip/ps_ai_proc_sys_reset_0_0/ps_ai_proc_sys_reset_0_0_board.xdc] for cell 'U0_ps_ai_peripheral/ps_ai_wrapper_u0/ps_ai_i/proc_sys_reset_1/U0'
Parsing XDC File [d:/ADProjects/FPGA43DGS/platform/flicker_grouplutram_fpga/fpai_demo_vivado.srcs/sources_1/bd/ps_ai/ip/ps_ai_proc_sys_reset_0_0/ps_ai_proc_sys_reset_0_0.xdc] for cell 'U0_ps_ai_peripheral/ps_ai_wrapper_u0/ps_ai_i/proc_sys_reset_1/U0'
Finished Parsing XDC File [d:/ADProjects/FPGA43DGS/platform/flicker_grouplutram_fpga/fpai_demo_vivado.srcs/sources_1/bd/ps_ai/ip/ps_ai_proc_sys_reset_0_0/ps_ai_proc_sys_reset_0_0.xdc] for cell 'U0_ps_ai_peripheral/ps_ai_wrapper_u0/ps_ai_i/proc_sys_reset_1/U0'
Parsing XDC File [d:/ADProjects/FPGA43DGS/platform/flicker_grouplutram_fpga/rtl/ip/afifo_16i_64o_largebuf/afifo_16i_64o_largebuf.xdc] for cell 'U0_ps_ai_peripheral/frame_to_ps_inst0/frame_read_write_m0/write_buf/U0'
Finished Parsing XDC File [d:/ADProjects/FPGA43DGS/platform/flicker_grouplutram_fpga/rtl/ip/afifo_16i_64o_largebuf/afifo_16i_64o_largebuf.xdc] for cell 'U0_ps_ai_peripheral/frame_to_ps_inst0/frame_read_write_m0/write_buf/U0'
Parsing XDC File [d:/ADProjects/FPGA43DGS/platform/flicker_grouplutram_fpga/rtl/ip/afifo_24w_4096d/afifo_24w_4096d.xdc] for cell 'U0_ps_ai_peripheral/frame_trans_inst0/axis_master_inst/afifo_24w_4096d_u0/U0'
Finished Parsing XDC File [d:/ADProjects/FPGA43DGS/platform/flicker_grouplutram_fpga/rtl/ip/afifo_24w_4096d/afifo_24w_4096d.xdc] for cell 'U0_ps_ai_peripheral/frame_trans_inst0/axis_master_inst/afifo_24w_4096d_u0/U0'
Parsing XDC File [d:/ADProjects/FPGA43DGS/platform/flicker_grouplutram_fpga/rtl/ip/afifo_64i_16o_128/afifo_64i_16o_128.xdc] for cell 'U0_ps_ai_peripheral/frame_to_ps_inst0/frame_read_write_m0/read_buf/U0'
Finished Parsing XDC File [d:/ADProjects/FPGA43DGS/platform/flicker_grouplutram_fpga/rtl/ip/afifo_64i_16o_128/afifo_64i_16o_128.xdc] for cell 'U0_ps_ai_peripheral/frame_to_ps_inst0/frame_read_write_m0/read_buf/U0'
Parsing XDC File [d:/ADProjects/FPGA43DGS/platform/flicker_grouplutram_fpga/rtl/ip/clk_wiz_0/clk_wiz_0_board.xdc] for cell 'U0_ps_ai_peripheral/ps_ai_wrapper_u0/clk_wiz_0_inst/inst'
Finished Parsing XDC File [d:/ADProjects/FPGA43DGS/platform/flicker_grouplutram_fpga/rtl/ip/clk_wiz_0/clk_wiz_0_board.xdc] for cell 'U0_ps_ai_peripheral/ps_ai_wrapper_u0/clk_wiz_0_inst/inst'
Parsing XDC File [d:/ADProjects/FPGA43DGS/platform/flicker_grouplutram_fpga/rtl/ip/clk_wiz_0/clk_wiz_0.xdc] for cell 'U0_ps_ai_peripheral/ps_ai_wrapper_u0/clk_wiz_0_inst/inst'
Finished Parsing XDC File [d:/ADProjects/FPGA43DGS/platform/flicker_grouplutram_fpga/rtl/ip/clk_wiz_0/clk_wiz_0.xdc] for cell 'U0_ps_ai_peripheral/ps_ai_wrapper_u0/clk_wiz_0_inst/inst'
Parsing XDC File [d:/ADProjects/FPGA43DGS/platform/flicker_grouplutram_fpga/rtl/ip/cmos_clkgen_742_5/cmos_clkgen_742_5_board.xdc] for cell 'U0_ps_ai_peripheral/frame_to_ps_inst0/cmos_clkgen_742_5_u0/inst'
Finished Parsing XDC File [d:/ADProjects/FPGA43DGS/platform/flicker_grouplutram_fpga/rtl/ip/cmos_clkgen_742_5/cmos_clkgen_742_5_board.xdc] for cell 'U0_ps_ai_peripheral/frame_to_ps_inst0/cmos_clkgen_742_5_u0/inst'
Parsing XDC File [d:/ADProjects/FPGA43DGS/platform/flicker_grouplutram_fpga/rtl/ip/cmos_clkgen_742_5/cmos_clkgen_742_5.xdc] for cell 'U0_ps_ai_peripheral/frame_to_ps_inst0/cmos_clkgen_742_5_u0/inst'
INFO: [Timing 38-2] Deriving generated clocks [d:/ADProjects/FPGA43DGS/platform/flicker_grouplutram_fpga/rtl/ip/cmos_clkgen_742_5/cmos_clkgen_742_5.xdc:57]
WARNING: [Vivado 12-2489] -input_jitter contains time 0.067340 which will be rounded to 0.067 to ensure it is an integer multiple of 1 picosecond [d:/ADProjects/FPGA43DGS/platform/flicker_grouplutram_fpga/rtl/ip/cmos_clkgen_742_5/cmos_clkgen_742_5.xdc:57]
Finished Parsing XDC File [d:/ADProjects/FPGA43DGS/platform/flicker_grouplutram_fpga/rtl/ip/cmos_clkgen_742_5/cmos_clkgen_742_5.xdc] for cell 'U0_ps_ai_peripheral/frame_to_ps_inst0/cmos_clkgen_742_5_u0/inst'
Parsing XDC File [d:/ADProjects/FPGA43DGS/platform/flicker_grouplutram_fpga/rtl/ip/fifo_1/fifo_1.xdc] for cell 'U0_ps_ai_peripheral/frame_to_ps_inst0/frame_read_write_m0/fifo_1_u0/U0'
Finished Parsing XDC File [d:/ADProjects/FPGA43DGS/platform/flicker_grouplutram_fpga/rtl/ip/fifo_1/fifo_1.xdc] for cell 'U0_ps_ai_peripheral/frame_to_ps_inst0/frame_read_write_m0/fifo_1_u0/U0'
Parsing XDC File [d:/ADProjects/FPGA43DGS/platform/flicker_grouplutram_fpga/rtl/sdi/ip/mgtclk/mgtclk_board.xdc] for cell 'rx_sdi_inst/mgtclk_inst0/inst'
Finished Parsing XDC File [d:/ADProjects/FPGA43DGS/platform/flicker_grouplutram_fpga/rtl/sdi/ip/mgtclk/mgtclk_board.xdc] for cell 'rx_sdi_inst/mgtclk_inst0/inst'
Parsing XDC File [d:/ADProjects/FPGA43DGS/platform/flicker_grouplutram_fpga/rtl/sdi/ip/mgtclk/mgtclk.xdc] for cell 'rx_sdi_inst/mgtclk_inst0/inst'
INFO: [Timing 38-2] Deriving generated clocks [d:/ADProjects/FPGA43DGS/platform/flicker_grouplutram_fpga/rtl/sdi/ip/mgtclk/mgtclk.xdc:57]
WARNING: [Vivado 12-2489] -input_jitter contains time 0.067340 which will be rounded to 0.067 to ensure it is an integer multiple of 1 picosecond [d:/ADProjects/FPGA43DGS/platform/flicker_grouplutram_fpga/rtl/sdi/ip/mgtclk/mgtclk.xdc:57]
Finished Parsing XDC File [d:/ADProjects/FPGA43DGS/platform/flicker_grouplutram_fpga/rtl/sdi/ip/mgtclk/mgtclk.xdc] for cell 'rx_sdi_inst/mgtclk_inst0/inst'
Parsing XDC File [d:/ADProjects/FPGA43DGS/platform/flicker_grouplutram_fpga/rtl/ip/mig_7series_0/mig_7series_0/user_design/constraints/mig_7series_0.xdc] for cell 'U0_ps_ai_peripheral/mig_ddr3_u0'
Finished Parsing XDC File [d:/ADProjects/FPGA43DGS/platform/flicker_grouplutram_fpga/rtl/ip/mig_7series_0/mig_7series_0/user_design/constraints/mig_7series_0.xdc] for cell 'U0_ps_ai_peripheral/mig_ddr3_u0'
Parsing XDC File [d:/ADProjects/FPGA43DGS/platform/flicker_grouplutram_fpga/rtl/ip/mna_idfifo_w12/mna_idfifo_w12.xdc] for cell 'U0_ps_ai_peripheral/ZGolo/u_AI_Mate_top/u_ps_ai_io/u_gp0_io/axi_to_mna_u0/bid_fifo/U0'
Finished Parsing XDC File [d:/ADProjects/FPGA43DGS/platform/flicker_grouplutram_fpga/rtl/ip/mna_idfifo_w12/mna_idfifo_w12.xdc] for cell 'U0_ps_ai_peripheral/ZGolo/u_AI_Mate_top/u_ps_ai_io/u_gp0_io/axi_to_mna_u0/bid_fifo/U0'
Parsing XDC File [d:/ADProjects/FPGA43DGS/platform/flicker_grouplutram_fpga/rtl/ip/mna_idfifo_w12/mna_idfifo_w12.xdc] for cell 'U0_ps_ai_peripheral/ZGolo/u_AI_Mate_top/u_ps_ai_io/u_gp0_io/axi_to_mna_u0/rid_fifo/U0'
Finished Parsing XDC File [d:/ADProjects/FPGA43DGS/platform/flicker_grouplutram_fpga/rtl/ip/mna_idfifo_w12/mna_idfifo_w12.xdc] for cell 'U0_ps_ai_peripheral/ZGolo/u_AI_Mate_top/u_ps_ai_io/u_gp0_io/axi_to_mna_u0/rid_fifo/U0'
Parsing XDC File [d:/ADProjects/FPGA43DGS/platform/flicker_grouplutram_fpga/rtl/ip/mna_idfifo_w12/mna_idfifo_w12.xdc] for cell 'U0_ps_ai_peripheral/ZGolo/u_AI_Mate_top/u_ps_ai_io/u_gp1_io/axi_to_mna_u0/bid_fifo/U0'
Finished Parsing XDC File [d:/ADProjects/FPGA43DGS/platform/flicker_grouplutram_fpga/rtl/ip/mna_idfifo_w12/mna_idfifo_w12.xdc] for cell 'U0_ps_ai_peripheral/ZGolo/u_AI_Mate_top/u_ps_ai_io/u_gp1_io/axi_to_mna_u0/bid_fifo/U0'
Parsing XDC File [d:/ADProjects/FPGA43DGS/platform/flicker_grouplutram_fpga/rtl/ip/mna_idfifo_w12/mna_idfifo_w12.xdc] for cell 'U0_ps_ai_peripheral/ZGolo/u_AI_Mate_top/u_ps_ai_io/u_gp1_io/axi_to_mna_u0/rid_fifo/U0'
Finished Parsing XDC File [d:/ADProjects/FPGA43DGS/platform/flicker_grouplutram_fpga/rtl/ip/mna_idfifo_w12/mna_idfifo_w12.xdc] for cell 'U0_ps_ai_peripheral/ZGolo/u_AI_Mate_top/u_ps_ai_io/u_gp1_io/axi_to_mna_u0/rid_fifo/U0'
Parsing XDC File [d:/ADProjects/FPGA43DGS/platform/flicker_grouplutram_fpga/rtl/ip/mna_idfifo_w12/mna_idfifo_w12.xdc] for cell 'U0_ps_ai_peripheral/u_gp0_io/axi_to_mna_u0/bid_fifo/U0'
Finished Parsing XDC File [d:/ADProjects/FPGA43DGS/platform/flicker_grouplutram_fpga/rtl/ip/mna_idfifo_w12/mna_idfifo_w12.xdc] for cell 'U0_ps_ai_peripheral/u_gp0_io/axi_to_mna_u0/bid_fifo/U0'
Parsing XDC File [d:/ADProjects/FPGA43DGS/platform/flicker_grouplutram_fpga/rtl/ip/mna_idfifo_w12/mna_idfifo_w12.xdc] for cell 'U0_ps_ai_peripheral/u_gp0_io/axi_to_mna_u0/rid_fifo/U0'
Finished Parsing XDC File [d:/ADProjects/FPGA43DGS/platform/flicker_grouplutram_fpga/rtl/ip/mna_idfifo_w12/mna_idfifo_w12.xdc] for cell 'U0_ps_ai_peripheral/u_gp0_io/axi_to_mna_u0/rid_fifo/U0'
Parsing XDC File [d:/ADProjects/FPGA43DGS/platform/flicker_grouplutram_fpga/rtl/ip/mna_idfifo_w12/mna_idfifo_w12.xdc] for cell 'U0_ps_ai_peripheral/u_gp1_io/axi_to_mna_u0/bid_fifo/U0'
Finished Parsing XDC File [d:/ADProjects/FPGA43DGS/platform/flicker_grouplutram_fpga/rtl/ip/mna_idfifo_w12/mna_idfifo_w12.xdc] for cell 'U0_ps_ai_peripheral/u_gp1_io/axi_to_mna_u0/bid_fifo/U0'
Parsing XDC File [d:/ADProjects/FPGA43DGS/platform/flicker_grouplutram_fpga/rtl/ip/mna_idfifo_w12/mna_idfifo_w12.xdc] for cell 'U0_ps_ai_peripheral/u_gp1_io/axi_to_mna_u0/rid_fifo/U0'
Finished Parsing XDC File [d:/ADProjects/FPGA43DGS/platform/flicker_grouplutram_fpga/rtl/ip/mna_idfifo_w12/mna_idfifo_w12.xdc] for cell 'U0_ps_ai_peripheral/u_gp1_io/axi_to_mna_u0/rid_fifo/U0'
Parsing XDC File [d:/ADProjects/FPGA43DGS/platform/flicker_grouplutram_fpga/rtl/ip/rindex_buf_2b_16w/rindex_buf_2b_16w.xdc] for cell 'U0_ps_ai_peripheral/frame_to_ps_inst0/cmos_write_req_gen_m0/rindex_buf_2b_16w_u0/U0'
Finished Parsing XDC File [d:/ADProjects/FPGA43DGS/platform/flicker_grouplutram_fpga/rtl/ip/rindex_buf_2b_16w/rindex_buf_2b_16w.xdc] for cell 'U0_ps_ai_peripheral/frame_to_ps_inst0/cmos_write_req_gen_m0/rindex_buf_2b_16w_u0/U0'
Parsing XDC File [d:/ADProjects/FPGA43DGS/platform/flicker_grouplutram_fpga/rtl/sdi/ip/smpte_sdi/smpte_sdi_core.xdc] for cell 'rx_sdi_inst/SDI0/SDI/SDIRXTX/inst'
Finished Parsing XDC File [d:/ADProjects/FPGA43DGS/platform/flicker_grouplutram_fpga/rtl/sdi/ip/smpte_sdi/smpte_sdi_core.xdc] for cell 'rx_sdi_inst/SDI0/SDI/SDIRXTX/inst'
Parsing XDC File [d:/ADProjects/FPGA43DGS/platform/flicker_grouplutram_fpga/rtl/sdi/ip/sys_clk/sys_clk_board.xdc] for cell 'rx_sdi_inst/sys_clk_inst0/inst'
Finished Parsing XDC File [d:/ADProjects/FPGA43DGS/platform/flicker_grouplutram_fpga/rtl/sdi/ip/sys_clk/sys_clk_board.xdc] for cell 'rx_sdi_inst/sys_clk_inst0/inst'
Parsing XDC File [d:/ADProjects/FPGA43DGS/platform/flicker_grouplutram_fpga/rtl/sdi/ip/sys_clk/sys_clk.xdc] for cell 'rx_sdi_inst/sys_clk_inst0/inst'
Finished Parsing XDC File [d:/ADProjects/FPGA43DGS/platform/flicker_grouplutram_fpga/rtl/sdi/ip/sys_clk/sys_clk.xdc] for cell 'rx_sdi_inst/sys_clk_inst0/inst'
Parsing XDC File [d:/ADProjects/FPGA43DGS/platform/flicker_grouplutram_fpga/rtl/ip/windex_buf_2b_16w/windex_buf_2b_16w.xdc] for cell 'U0_ps_ai_peripheral/frame_to_ps_inst0/cmos_write_req_gen_m0/windex_buf_2b_16w_u0/U0'
Finished Parsing XDC File [d:/ADProjects/FPGA43DGS/platform/flicker_grouplutram_fpga/rtl/ip/windex_buf_2b_16w/windex_buf_2b_16w.xdc] for cell 'U0_ps_ai_peripheral/frame_to_ps_inst0/cmos_write_req_gen_m0/windex_buf_2b_16w_u0/U0'
Parsing XDC File [D:/ADProjects/FPGA43DGS/platform/flicker_grouplutram_fpga/constrs_1/ai7030.xdc]
CRITICAL WARNING: [Vivado 12-4430] You are lowering the severity from an ERROR. This can potentially lead to board damage or other functionality issues on hardware. If this is not desired, please run 'reset_property SEVERITY [get_drc_checks REQP-44]' to undo this change. [D:/ADProjects/FPGA43DGS/platform/flicker_grouplutram_fpga/constrs_1/ai7030.xdc:1]
CRITICAL WARNING: [Vivado 12-4430] You are lowering the severity from an ERROR. This can potentially lead to board damage or other functionality issues on hardware. If this is not desired, please run 'reset_property SEVERITY [get_drc_checks REQP-46]' to undo this change. [D:/ADProjects/FPGA43DGS/platform/flicker_grouplutram_fpga/constrs_1/ai7030.xdc:2]
CRITICAL WARNING: [Vivado 12-4430] You are lowering the severity from an ERROR. This can potentially lead to board damage or other functionality issues on hardware. If this is not desired, please run 'reset_property SEVERITY [get_drc_checks REQP-52]' to undo this change. [D:/ADProjects/FPGA43DGS/platform/flicker_grouplutram_fpga/constrs_1/ai7030.xdc:3]
CRITICAL WARNING: [Vivado 12-4430] You are lowering the severity from an ERROR. This can potentially lead to board damage or other functionality issues on hardware. If this is not desired, please run 'reset_property SEVERITY [get_drc_checks REQP-56]' to undo this change. [D:/ADProjects/FPGA43DGS/platform/flicker_grouplutram_fpga/constrs_1/ai7030.xdc:4]
INFO: [Timing 38-2] Deriving generated clocks [D:/ADProjects/FPGA43DGS/platform/flicker_grouplutram_fpga/constrs_1/ai7030.xdc:13]
Finished Parsing XDC File [D:/ADProjects/FPGA43DGS/platform/flicker_grouplutram_fpga/constrs_1/ai7030.xdc]
Parsing XDC File [D:/ADProjects/FPGA43DGS/platform/flicker_grouplutram_fpga/constrs_1/impl_constraints.xdc]
WARNING: [Constraints 18-619] A clock with name 'sys_clk_p' already exists, overwriting the previous clock with the same name. [D:/ADProjects/FPGA43DGS/platform/flicker_grouplutram_fpga/constrs_1/impl_constraints.xdc:22]
Finished Parsing XDC File [D:/ADProjects/FPGA43DGS/platform/flicker_grouplutram_fpga/constrs_1/impl_constraints.xdc]
Parsing XDC File [d:/ADProjects/FPGA43DGS/platform/flicker_grouplutram_fpga/fpai_demo_vivado.srcs/sources_1/bd/ps_ai/ip/ps_ai_s00_regslice_0/ps_ai_s00_regslice_0_clocks.xdc] for cell 'U0_ps_ai_peripheral/ps_ai_wrapper_u0/ps_ai_i/axi_interconnect_0/s00_couplers/s00_regslice/inst'
Finished Parsing XDC File [d:/ADProjects/FPGA43DGS/platform/flicker_grouplutram_fpga/fpai_demo_vivado.srcs/sources_1/bd/ps_ai/ip/ps_ai_s00_regslice_0/ps_ai_s00_regslice_0_clocks.xdc] for cell 'U0_ps_ai_peripheral/ps_ai_wrapper_u0/ps_ai_i/axi_interconnect_0/s00_couplers/s00_regslice/inst'
Parsing XDC File [d:/ADProjects/FPGA43DGS/platform/flicker_grouplutram_fpga/fpai_demo_vivado.srcs/sources_1/bd/ps_ai/ip/ps_ai_s00_regslice_1/ps_ai_s00_regslice_1_clocks.xdc] for cell 'U0_ps_ai_peripheral/ps_ai_wrapper_u0/ps_ai_i/axi_interconnect_4/s00_couplers/s00_regslice/inst'
Finished Parsing XDC File [d:/ADProjects/FPGA43DGS/platform/flicker_grouplutram_fpga/fpai_demo_vivado.srcs/sources_1/bd/ps_ai/ip/ps_ai_s00_regslice_1/ps_ai_s00_regslice_1_clocks.xdc] for cell 'U0_ps_ai_peripheral/ps_ai_wrapper_u0/ps_ai_i/axi_interconnect_4/s00_couplers/s00_regslice/inst'
Parsing XDC File [d:/ADProjects/FPGA43DGS/platform/flicker_grouplutram_fpga/fpai_demo_vivado.srcs/sources_1/bd/ps_ai/ip/ps_ai_s01_regslice_0/ps_ai_s01_regslice_0_clocks.xdc] for cell 'U0_ps_ai_peripheral/ps_ai_wrapper_u0/ps_ai_i/axi_interconnect_4/s01_couplers/s01_regslice/inst'
Finished Parsing XDC File [d:/ADProjects/FPGA43DGS/platform/flicker_grouplutram_fpga/fpai_demo_vivado.srcs/sources_1/bd/ps_ai/ip/ps_ai_s01_regslice_0/ps_ai_s01_regslice_0_clocks.xdc] for cell 'U0_ps_ai_peripheral/ps_ai_wrapper_u0/ps_ai_i/axi_interconnect_4/s01_couplers/s01_regslice/inst'
Parsing XDC File [d:/ADProjects/FPGA43DGS/platform/flicker_grouplutram_fpga/fpai_demo_vivado.srcs/sources_1/bd/ps_ai/ip/ps_ai_m00_regslice_0/ps_ai_m00_regslice_0_clocks.xdc] for cell 'U0_ps_ai_peripheral/ps_ai_wrapper_u0/ps_ai_i/axi_interconnect_4/m00_couplers/m00_regslice/inst'
Finished Parsing XDC File [d:/ADProjects/FPGA43DGS/platform/flicker_grouplutram_fpga/fpai_demo_vivado.srcs/sources_1/bd/ps_ai/ip/ps_ai_m00_regslice_0/ps_ai_m00_regslice_0_clocks.xdc] for cell 'U0_ps_ai_peripheral/ps_ai_wrapper_u0/ps_ai_i/axi_interconnect_4/m00_couplers/m00_regslice/inst'
Parsing XDC File [d:/ADProjects/FPGA43DGS/platform/flicker_grouplutram_fpga/rtl/ip/afifo_16i_64o_largebuf/afifo_16i_64o_largebuf_clocks.xdc] for cell 'U0_ps_ai_peripheral/frame_to_ps_inst0/frame_read_write_m0/write_buf/U0'
Finished Parsing XDC File [d:/ADProjects/FPGA43DGS/platform/flicker_grouplutram_fpga/rtl/ip/afifo_16i_64o_largebuf/afifo_16i_64o_largebuf_clocks.xdc] for cell 'U0_ps_ai_peripheral/frame_to_ps_inst0/frame_read_write_m0/write_buf/U0'
Parsing XDC File [d:/ADProjects/FPGA43DGS/platform/flicker_grouplutram_fpga/rtl/ip/afifo_24w_4096d/afifo_24w_4096d_clocks.xdc] for cell 'U0_ps_ai_peripheral/frame_trans_inst0/axis_master_inst/afifo_24w_4096d_u0/U0'
Finished Parsing XDC File [d:/ADProjects/FPGA43DGS/platform/flicker_grouplutram_fpga/rtl/ip/afifo_24w_4096d/afifo_24w_4096d_clocks.xdc] for cell 'U0_ps_ai_peripheral/frame_trans_inst0/axis_master_inst/afifo_24w_4096d_u0/U0'
Parsing XDC File [d:/ADProjects/FPGA43DGS/platform/flicker_grouplutram_fpga/rtl/ip/afifo_64i_16o_128/afifo_64i_16o_128_clocks.xdc] for cell 'U0_ps_ai_peripheral/frame_to_ps_inst0/frame_read_write_m0/read_buf/U0'
Finished Parsing XDC File [d:/ADProjects/FPGA43DGS/platform/flicker_grouplutram_fpga/rtl/ip/afifo_64i_16o_128/afifo_64i_16o_128_clocks.xdc] for cell 'U0_ps_ai_peripheral/frame_to_ps_inst0/frame_read_write_m0/read_buf/U0'
Parsing XDC File [d:/ADProjects/FPGA43DGS/platform/flicker_grouplutram_fpga/rtl/ip/clk_wiz_0/clk_wiz_0_late.xdc] for cell 'U0_ps_ai_peripheral/ps_ai_wrapper_u0/clk_wiz_0_inst/inst'
Finished Parsing XDC File [d:/ADProjects/FPGA43DGS/platform/flicker_grouplutram_fpga/rtl/ip/clk_wiz_0/clk_wiz_0_late.xdc] for cell 'U0_ps_ai_peripheral/ps_ai_wrapper_u0/clk_wiz_0_inst/inst'
Parsing XDC File [d:/ADProjects/FPGA43DGS/platform/flicker_grouplutram_fpga/rtl/ip/rindex_buf_2b_16w/rindex_buf_2b_16w_clocks.xdc] for cell 'U0_ps_ai_peripheral/frame_to_ps_inst0/cmos_write_req_gen_m0/rindex_buf_2b_16w_u0/U0'
Finished Parsing XDC File [d:/ADProjects/FPGA43DGS/platform/flicker_grouplutram_fpga/rtl/ip/rindex_buf_2b_16w/rindex_buf_2b_16w_clocks.xdc] for cell 'U0_ps_ai_peripheral/frame_to_ps_inst0/cmos_write_req_gen_m0/rindex_buf_2b_16w_u0/U0'
Parsing XDC File [d:/ADProjects/FPGA43DGS/platform/flicker_grouplutram_fpga/rtl/sdi/ip/sys_clk/sys_clk_late.xdc] for cell 'rx_sdi_inst/sys_clk_inst0/inst'
Finished Parsing XDC File [d:/ADProjects/FPGA43DGS/platform/flicker_grouplutram_fpga/rtl/sdi/ip/sys_clk/sys_clk_late.xdc] for cell 'rx_sdi_inst/sys_clk_inst0/inst'
Parsing XDC File [d:/ADProjects/FPGA43DGS/platform/flicker_grouplutram_fpga/rtl/ip/windex_buf_2b_16w/windex_buf_2b_16w_clocks.xdc] for cell 'U0_ps_ai_peripheral/frame_to_ps_inst0/cmos_write_req_gen_m0/windex_buf_2b_16w_u0/U0'
Finished Parsing XDC File [d:/ADProjects/FPGA43DGS/platform/flicker_grouplutram_fpga/rtl/ip/windex_buf_2b_16w/windex_buf_2b_16w_clocks.xdc] for cell 'U0_ps_ai_peripheral/frame_to_ps_inst0/cmos_write_req_gen_m0/windex_buf_2b_16w_u0/U0'
Sourcing Tcl File [D:/Xilinx/Vivado/2018.3/data/ip/xpm/xpm_cdc/tcl/xpm_cdc_async_rst.tcl] for cell 'U0_ps_ai_peripheral/ZGolo/u_AI_Mate_top/u_axi_2to1/inst/axi_interconnect_inst/mi_data_fifo_bank/gen_fifo_slot[0].data_fifo_inst/gen_fifo.fifo_gen_inst/inst_fifo_gen/gaxi_full_lite.gread_ch.grdch2.axi_rdch/grf.rf/rstblk/ngwrdrst.grst.g7serrst.gnsckt_wrst.rst_wr_reg2_inst'
Finished Sourcing Tcl File [D:/Xilinx/Vivado/2018.3/data/ip/xpm/xpm_cdc/tcl/xpm_cdc_async_rst.tcl] for cell 'U0_ps_ai_peripheral/ZGolo/u_AI_Mate_top/u_axi_2to1/inst/axi_interconnect_inst/mi_data_fifo_bank/gen_fifo_slot[0].data_fifo_inst/gen_fifo.fifo_gen_inst/inst_fifo_gen/gaxi_full_lite.gread_ch.grdch2.axi_rdch/grf.rf/rstblk/ngwrdrst.grst.g7serrst.gnsckt_wrst.rst_wr_reg2_inst'
Sourcing Tcl File [D:/Xilinx/Vivado/2018.3/data/ip/xpm/xpm_cdc/tcl/xpm_cdc_async_rst.tcl] for cell 'U0_ps_ai_peripheral/ZGolo/u_AI_Mate_top/u_axi_2to1/inst/axi_interconnect_inst/mi_data_fifo_bank/gen_fifo_slot[0].data_fifo_inst/gen_fifo.fifo_gen_inst/inst_fifo_gen/gaxi_full_lite.gwrite_ch.gwdch2.axi_wdch/grf.rf/rstblk/ngwrdrst.grst.g7serrst.gnsckt_wrst.rst_wr_reg2_inst'
Finished Sourcing Tcl File [D:/Xilinx/Vivado/2018.3/data/ip/xpm/xpm_cdc/tcl/xpm_cdc_async_rst.tcl] for cell 'U0_ps_ai_peripheral/ZGolo/u_AI_Mate_top/u_axi_2to1/inst/axi_interconnect_inst/mi_data_fifo_bank/gen_fifo_slot[0].data_fifo_inst/gen_fifo.fifo_gen_inst/inst_fifo_gen/gaxi_full_lite.gwrite_ch.gwdch2.axi_wdch/grf.rf/rstblk/ngwrdrst.grst.g7serrst.gnsckt_wrst.rst_wr_reg2_inst'
Sourcing Tcl File [D:/Xilinx/Vivado/2018.3/data/ip/xpm/xpm_cdc/tcl/xpm_cdc_async_rst.tcl] for cell 'U0_ps_ai_peripheral/ZGolo/u_AI_Mate_top/u_axi_2to1/inst/axi_interconnect_inst/si_data_fifo_bank/gen_fifo_slot[0].data_fifo_inst/gen_fifo.fifo_gen_inst/inst_fifo_gen/gaxi_full_lite.gwrite_ch.gwdch2.axi_wdch/grf.rf/rstblk/ngwrdrst.grst.g7serrst.gnsckt_wrst.rst_wr_reg2_inst'
Finished Sourcing Tcl File [D:/Xilinx/Vivado/2018.3/data/ip/xpm/xpm_cdc/tcl/xpm_cdc_async_rst.tcl] for cell 'U0_ps_ai_peripheral/ZGolo/u_AI_Mate_top/u_axi_2to1/inst/axi_interconnect_inst/si_data_fifo_bank/gen_fifo_slot[0].data_fifo_inst/gen_fifo.fifo_gen_inst/inst_fifo_gen/gaxi_full_lite.gwrite_ch.gwdch2.axi_wdch/grf.rf/rstblk/ngwrdrst.grst.g7serrst.gnsckt_wrst.rst_wr_reg2_inst'
Sourcing Tcl File [D:/Xilinx/Vivado/2018.3/data/ip/xpm/xpm_cdc/tcl/xpm_cdc_async_rst.tcl] for cell 'U0_ps_ai_peripheral/ZGolo/u_AI_Mate_top/u_axi_2to1/inst/axi_interconnect_inst/si_data_fifo_bank/gen_fifo_slot[0].data_fifo_inst/gen_fifo.fifo_gen_inst/inst_fifo_gen/gaxi_full_lite.gread_ch.grdch2.axi_rdch/grf.rf/rstblk/ngwrdrst.grst.g7serrst.gnsckt_wrst.rst_wr_reg2_inst'
Finished Sourcing Tcl File [D:/Xilinx/Vivado/2018.3/data/ip/xpm/xpm_cdc/tcl/xpm_cdc_async_rst.tcl] for cell 'U0_ps_ai_peripheral/ZGolo/u_AI_Mate_top/u_axi_2to1/inst/axi_interconnect_inst/si_data_fifo_bank/gen_fifo_slot[0].data_fifo_inst/gen_fifo.fifo_gen_inst/inst_fifo_gen/gaxi_full_lite.gread_ch.grdch2.axi_rdch/grf.rf/rstblk/ngwrdrst.grst.g7serrst.gnsckt_wrst.rst_wr_reg2_inst'
Sourcing Tcl File [D:/Xilinx/Vivado/2018.3/data/ip/xpm/xpm_cdc/tcl/xpm_cdc_async_rst.tcl] for cell 'U0_ps_ai_peripheral/ZGolo/u_AI_Mate_top/u_axi_2to1/inst/axi_interconnect_inst/si_data_fifo_bank/gen_fifo_slot[1].data_fifo_inst/gen_fifo.fifo_gen_inst/inst_fifo_gen/gaxi_full_lite.gwrite_ch.gwdch2.axi_wdch/grf.rf/rstblk/ngwrdrst.grst.g7serrst.gnsckt_wrst.rst_wr_reg2_inst'
Finished Sourcing Tcl File [D:/Xilinx/Vivado/2018.3/data/ip/xpm/xpm_cdc/tcl/xpm_cdc_async_rst.tcl] for cell 'U0_ps_ai_peripheral/ZGolo/u_AI_Mate_top/u_axi_2to1/inst/axi_interconnect_inst/si_data_fifo_bank/gen_fifo_slot[1].data_fifo_inst/gen_fifo.fifo_gen_inst/inst_fifo_gen/gaxi_full_lite.gwrite_ch.gwdch2.axi_wdch/grf.rf/rstblk/ngwrdrst.grst.g7serrst.gnsckt_wrst.rst_wr_reg2_inst'
Sourcing Tcl File [D:/Xilinx/Vivado/2018.3/data/ip/xpm/xpm_cdc/tcl/xpm_cdc_async_rst.tcl] for cell 'U0_ps_ai_peripheral/ZGolo/u_AI_Mate_top/u_axi_2to1/inst/axi_interconnect_inst/si_data_fifo_bank/gen_fifo_slot[1].data_fifo_inst/gen_fifo.fifo_gen_inst/inst_fifo_gen/gaxi_full_lite.gread_ch.grdch2.axi_rdch/grf.rf/rstblk/ngwrdrst.grst.g7serrst.gnsckt_wrst.rst_wr_reg2_inst'
Finished Sourcing Tcl File [D:/Xilinx/Vivado/2018.3/data/ip/xpm/xpm_cdc/tcl/xpm_cdc_async_rst.tcl] for cell 'U0_ps_ai_peripheral/ZGolo/u_AI_Mate_top/u_axi_2to1/inst/axi_interconnect_inst/si_data_fifo_bank/gen_fifo_slot[1].data_fifo_inst/gen_fifo.fifo_gen_inst/inst_fifo_gen/gaxi_full_lite.gread_ch.grdch2.axi_rdch/grf.rf/rstblk/ngwrdrst.grst.g7serrst.gnsckt_wrst.rst_wr_reg2_inst'
Sourcing Tcl File [D:/Xilinx/Vivado/2018.3/data/ip/xpm/xpm_cdc/tcl/xpm_cdc_async_rst.tcl] for cell 'U0_ps_ai_peripheral/ZGolo/u_AI_Mate_top/U0_ddr2hp_itcn/u0_ar_cdc_fifo_ddr/u0_cdc_fifo_ar_64/U0/inst_fifo_gen/gconvfifo.rf/grf.rf/rstblk/ngwrdrst.grst.g7serrst.gnsckt_wrst.gic_rst.rst_rd_reg2_inst'
Finished Sourcing Tcl File [D:/Xilinx/Vivado/2018.3/data/ip/xpm/xpm_cdc/tcl/xpm_cdc_async_rst.tcl] for cell 'U0_ps_ai_peripheral/ZGolo/u_AI_Mate_top/U0_ddr2hp_itcn/u0_ar_cdc_fifo_ddr/u0_cdc_fifo_ar_64/U0/inst_fifo_gen/gconvfifo.rf/grf.rf/rstblk/ngwrdrst.grst.g7serrst.gnsckt_wrst.gic_rst.rst_rd_reg2_inst'
Sourcing Tcl File [D:/Xilinx/Vivado/2018.3/data/ip/xpm/xpm_cdc/tcl/xpm_cdc_async_rst.tcl] for cell 'U0_ps_ai_peripheral/ZGolo/u_AI_Mate_top/U0_ddr2hp_itcn/u0_ar_cdc_fifo_ddr/u0_cdc_fifo_ar_64/U0/inst_fifo_gen/gconvfifo.rf/grf.rf/rstblk/ngwrdrst.grst.g7serrst.gnsckt_wrst.rst_wr_reg2_inst'
Finished Sourcing Tcl File [D:/Xilinx/Vivado/2018.3/data/ip/xpm/xpm_cdc/tcl/xpm_cdc_async_rst.tcl] for cell 'U0_ps_ai_peripheral/ZGolo/u_AI_Mate_top/U0_ddr2hp_itcn/u0_ar_cdc_fifo_ddr/u0_cdc_fifo_ar_64/U0/inst_fifo_gen/gconvfifo.rf/grf.rf/rstblk/ngwrdrst.grst.g7serrst.gnsckt_wrst.rst_wr_reg2_inst'
Sourcing Tcl File [D:/Xilinx/Vivado/2018.3/data/ip/xpm/xpm_cdc/tcl/xpm_cdc_async_rst.tcl] for cell 'U0_ps_ai_peripheral/ZGolo/u_AI_Mate_top/U0_ddr2hp_itcn/u0_aw_cdc_fifo_ddr/u0_cdc_fifo_aw_616/U0/inst_fifo_gen/gconvfifo.rf/grf.rf/rstblk/ngwrdrst.grst.g7serrst.gnsckt_wrst.gic_rst.rst_rd_reg2_inst'
Finished Sourcing Tcl File [D:/Xilinx/Vivado/2018.3/data/ip/xpm/xpm_cdc/tcl/xpm_cdc_async_rst.tcl] for cell 'U0_ps_ai_peripheral/ZGolo/u_AI_Mate_top/U0_ddr2hp_itcn/u0_aw_cdc_fifo_ddr/u0_cdc_fifo_aw_616/U0/inst_fifo_gen/gconvfifo.rf/grf.rf/rstblk/ngwrdrst.grst.g7serrst.gnsckt_wrst.gic_rst.rst_rd_reg2_inst'
Sourcing Tcl File [D:/Xilinx/Vivado/2018.3/data/ip/xpm/xpm_cdc/tcl/xpm_cdc_async_rst.tcl] for cell 'U0_ps_ai_peripheral/ZGolo/u_AI_Mate_top/U0_ddr2hp_itcn/u0_aw_cdc_fifo_ddr/u0_cdc_fifo_aw_616/U0/inst_fifo_gen/gconvfifo.rf/grf.rf/rstblk/ngwrdrst.grst.g7serrst.gnsckt_wrst.rst_wr_reg2_inst'
Finished Sourcing Tcl File [D:/Xilinx/Vivado/2018.3/data/ip/xpm/xpm_cdc/tcl/xpm_cdc_async_rst.tcl] for cell 'U0_ps_ai_peripheral/ZGolo/u_AI_Mate_top/U0_ddr2hp_itcn/u0_aw_cdc_fifo_ddr/u0_cdc_fifo_aw_616/U0/inst_fifo_gen/gconvfifo.rf/grf.rf/rstblk/ngwrdrst.grst.g7serrst.gnsckt_wrst.rst_wr_reg2_inst'
Sourcing Tcl File [D:/Xilinx/Vivado/2018.3/data/ip/xpm/xpm_cdc/tcl/xpm_cdc_async_rst.tcl] for cell 'U0_ps_ai_peripheral/ZGolo/u_AI_Mate_top/U0_ddr2hp_itcn/u0_r_cdc_fifo_ddr/u0_cdc_fifo_r_544/U0/inst_fifo_gen/gconvfifo.rf/grf.rf/rstblk/ngwrdrst.grst.g7serrst.gnsckt_wrst.gic_rst.rst_rd_reg2_inst'
Finished Sourcing Tcl File [D:/Xilinx/Vivado/2018.3/data/ip/xpm/xpm_cdc/tcl/xpm_cdc_async_rst.tcl] for cell 'U0_ps_ai_peripheral/ZGolo/u_AI_Mate_top/U0_ddr2hp_itcn/u0_r_cdc_fifo_ddr/u0_cdc_fifo_r_544/U0/inst_fifo_gen/gconvfifo.rf/grf.rf/rstblk/ngwrdrst.grst.g7serrst.gnsckt_wrst.gic_rst.rst_rd_reg2_inst'
Sourcing Tcl File [D:/Xilinx/Vivado/2018.3/data/ip/xpm/xpm_cdc/tcl/xpm_cdc_async_rst.tcl] for cell 'U0_ps_ai_peripheral/ZGolo/u_AI_Mate_top/U0_ddr2hp_itcn/u0_r_cdc_fifo_ddr/u0_cdc_fifo_r_544/U0/inst_fifo_gen/gconvfifo.rf/grf.rf/rstblk/ngwrdrst.grst.g7serrst.gnsckt_wrst.rst_wr_reg2_inst'
Finished Sourcing Tcl File [D:/Xilinx/Vivado/2018.3/data/ip/xpm/xpm_cdc/tcl/xpm_cdc_async_rst.tcl] for cell 'U0_ps_ai_peripheral/ZGolo/u_AI_Mate_top/U0_ddr2hp_itcn/u0_r_cdc_fifo_ddr/u0_cdc_fifo_r_544/U0/inst_fifo_gen/gconvfifo.rf/grf.rf/rstblk/ngwrdrst.grst.g7serrst.gnsckt_wrst.rst_wr_reg2_inst'
Sourcing Tcl File [D:/Xilinx/Vivado/2018.3/data/ip/xpm/xpm_cdc/tcl/xpm_cdc_async_rst.tcl] for cell 'U0_ps_ai_peripheral/frame_to_ps_inst0/cmos_write_req_gen_m0/rindex_buf_2b_16w_u0/U0/inst_fifo_gen/gconvfifo.rf/grf.rf/rstblk/ngwrdrst.grst.g7serrst.gnsckt_wrst.gic_rst.rst_rd_reg2_inst'
Finished Sourcing Tcl File [D:/Xilinx/Vivado/2018.3/data/ip/xpm/xpm_cdc/tcl/xpm_cdc_async_rst.tcl] for cell 'U0_ps_ai_peripheral/frame_to_ps_inst0/cmos_write_req_gen_m0/rindex_buf_2b_16w_u0/U0/inst_fifo_gen/gconvfifo.rf/grf.rf/rstblk/ngwrdrst.grst.g7serrst.gnsckt_wrst.gic_rst.rst_rd_reg2_inst'
Sourcing Tcl File [D:/Xilinx/Vivado/2018.3/data/ip/xpm/xpm_cdc/tcl/xpm_cdc_async_rst.tcl] for cell 'U0_ps_ai_peripheral/frame_to_ps_inst0/cmos_write_req_gen_m0/rindex_buf_2b_16w_u0/U0/inst_fifo_gen/gconvfifo.rf/grf.rf/rstblk/ngwrdrst.grst.g7serrst.gnsckt_wrst.rst_wr_reg2_inst'
Finished Sourcing Tcl File [D:/Xilinx/Vivado/2018.3/data/ip/xpm/xpm_cdc/tcl/xpm_cdc_async_rst.tcl] for cell 'U0_ps_ai_peripheral/frame_to_ps_inst0/cmos_write_req_gen_m0/rindex_buf_2b_16w_u0/U0/inst_fifo_gen/gconvfifo.rf/grf.rf/rstblk/ngwrdrst.grst.g7serrst.gnsckt_wrst.rst_wr_reg2_inst'
Sourcing Tcl File [D:/Xilinx/Vivado/2018.3/data/ip/xpm/xpm_cdc/tcl/xpm_cdc_async_rst.tcl] for cell 'U0_ps_ai_peripheral/ZGolo/u_AI_Mate_top/buyi_icore_post_top_u0/icore_post_top_u0/post_read_u0/sync_fifo_u0/U0/inst_fifo_gen/gconvfifo.rf/grf.rf/rstblk/ngwrdrst.grst.g7serrst.gnsckt_wrst.gic_rst.rst_rd_reg2_inst'
Finished Sourcing Tcl File [D:/Xilinx/Vivado/2018.3/data/ip/xpm/xpm_cdc/tcl/xpm_cdc_async_rst.tcl] for cell 'U0_ps_ai_peripheral/ZGolo/u_AI_Mate_top/buyi_icore_post_top_u0/icore_post_top_u0/post_read_u0/sync_fifo_u0/U0/inst_fifo_gen/gconvfifo.rf/grf.rf/rstblk/ngwrdrst.grst.g7serrst.gnsckt_wrst.gic_rst.rst_rd_reg2_inst'
Sourcing Tcl File [D:/Xilinx/Vivado/2018.3/data/ip/xpm/xpm_cdc/tcl/xpm_cdc_async_rst.tcl] for cell 'U0_ps_ai_peripheral/ZGolo/u_AI_Mate_top/buyi_icore_post_top_u0/icore_post_top_u0/post_read_u0/sync_fifo_u0/U0/inst_fifo_gen/gconvfifo.rf/grf.rf/rstblk/ngwrdrst.grst.g7serrst.gnsckt_wrst.rst_wr_reg2_inst'
Finished Sourcing Tcl File [D:/Xilinx/Vivado/2018.3/data/ip/xpm/xpm_cdc/tcl/xpm_cdc_async_rst.tcl] for cell 'U0_ps_ai_peripheral/ZGolo/u_AI_Mate_top/buyi_icore_post_top_u0/icore_post_top_u0/post_read_u0/sync_fifo_u0/U0/inst_fifo_gen/gconvfifo.rf/grf.rf/rstblk/ngwrdrst.grst.g7serrst.gnsckt_wrst.rst_wr_reg2_inst'
Sourcing Tcl File [D:/Xilinx/Vivado/2018.3/data/ip/xpm/xpm_cdc/tcl/xpm_cdc_async_rst.tcl] for cell 'U0_ps_ai_peripheral/frame_to_ps_inst0/cmos_write_req_gen_m0/windex_buf_2b_16w_u0/U0/inst_fifo_gen/gconvfifo.rf/grf.rf/rstblk/ngwrdrst.grst.g7serrst.gnsckt_wrst.gic_rst.rst_rd_reg2_inst'
Finished Sourcing Tcl File [D:/Xilinx/Vivado/2018.3/data/ip/xpm/xpm_cdc/tcl/xpm_cdc_async_rst.tcl] for cell 'U0_ps_ai_peripheral/frame_to_ps_inst0/cmos_write_req_gen_m0/windex_buf_2b_16w_u0/U0/inst_fifo_gen/gconvfifo.rf/grf.rf/rstblk/ngwrdrst.grst.g7serrst.gnsckt_wrst.gic_rst.rst_rd_reg2_inst'
Sourcing Tcl File [D:/Xilinx/Vivado/2018.3/data/ip/xpm/xpm_cdc/tcl/xpm_cdc_async_rst.tcl] for cell 'U0_ps_ai_peripheral/frame_to_ps_inst0/cmos_write_req_gen_m0/windex_buf_2b_16w_u0/U0/inst_fifo_gen/gconvfifo.rf/grf.rf/rstblk/ngwrdrst.grst.g7serrst.gnsckt_wrst.rst_wr_reg2_inst'
Finished Sourcing Tcl File [D:/Xilinx/Vivado/2018.3/data/ip/xpm/xpm_cdc/tcl/xpm_cdc_async_rst.tcl] for cell 'U0_ps_ai_peripheral/frame_to_ps_inst0/cmos_write_req_gen_m0/windex_buf_2b_16w_u0/U0/inst_fifo_gen/gconvfifo.rf/grf.rf/rstblk/ngwrdrst.grst.g7serrst.gnsckt_wrst.rst_wr_reg2_inst'
Sourcing Tcl File [D:/Xilinx/Vivado/2018.3/data/ip/xpm/xpm_cdc/tcl/xpm_cdc_gray.tcl] for cell 'U0_ps_ai_peripheral/frame_to_ps_inst0/frame_read_write_m0/write_buf/U0/inst_fifo_gen/gconvfifo.rf/grf.rf/gntv_or_sync_fifo.gcx.clkx/wr_pntr_cdc_inst'
Finished Sourcing Tcl File [D:/Xilinx/Vivado/2018.3/data/ip/xpm/xpm_cdc/tcl/xpm_cdc_gray.tcl] for cell 'U0_ps_ai_peripheral/frame_to_ps_inst0/frame_read_write_m0/write_buf/U0/inst_fifo_gen/gconvfifo.rf/grf.rf/gntv_or_sync_fifo.gcx.clkx/wr_pntr_cdc_inst'
Sourcing Tcl File [D:/Xilinx/Vivado/2018.3/data/ip/xpm/xpm_cdc/tcl/xpm_cdc_gray.tcl] for cell 'U0_ps_ai_peripheral/frame_to_ps_inst0/frame_read_write_m0/write_buf/U0/inst_fifo_gen/gconvfifo.rf/grf.rf/gntv_or_sync_fifo.gcx.clkx/rd_pntr_cdc_inst'
Finished Sourcing Tcl File [D:/Xilinx/Vivado/2018.3/data/ip/xpm/xpm_cdc/tcl/xpm_cdc_gray.tcl] for cell 'U0_ps_ai_peripheral/frame_to_ps_inst0/frame_read_write_m0/write_buf/U0/inst_fifo_gen/gconvfifo.rf/grf.rf/gntv_or_sync_fifo.gcx.clkx/rd_pntr_cdc_inst'
Sourcing Tcl File [D:/Xilinx/Vivado/2018.3/data/ip/xpm/xpm_cdc/tcl/xpm_cdc_gray.tcl] for cell 'U0_ps_ai_peripheral/frame_trans_inst0/axis_master_inst/afifo_24w_4096d_u0/U0/inst_fifo_gen/gconvfifo.rf/grf.rf/gntv_or_sync_fifo.gcx.clkx/rd_pntr_cdc_inst'
Finished Sourcing Tcl File [D:/Xilinx/Vivado/2018.3/data/ip/xpm/xpm_cdc/tcl/xpm_cdc_gray.tcl] for cell 'U0_ps_ai_peripheral/frame_trans_inst0/axis_master_inst/afifo_24w_4096d_u0/U0/inst_fifo_gen/gconvfifo.rf/grf.rf/gntv_or_sync_fifo.gcx.clkx/rd_pntr_cdc_inst'
Sourcing Tcl File [D:/Xilinx/Vivado/2018.3/data/ip/xpm/xpm_cdc/tcl/xpm_cdc_gray.tcl] for cell 'U0_ps_ai_peripheral/frame_trans_inst0/axis_master_inst/afifo_24w_4096d_u0/U0/inst_fifo_gen/gconvfifo.rf/grf.rf/gntv_or_sync_fifo.gcx.clkx/wr_pntr_cdc_inst'
Finished Sourcing Tcl File [D:/Xilinx/Vivado/2018.3/data/ip/xpm/xpm_cdc/tcl/xpm_cdc_gray.tcl] for cell 'U0_ps_ai_peripheral/frame_trans_inst0/axis_master_inst/afifo_24w_4096d_u0/U0/inst_fifo_gen/gconvfifo.rf/grf.rf/gntv_or_sync_fifo.gcx.clkx/wr_pntr_cdc_inst'
Sourcing Tcl File [D:/Xilinx/Vivado/2018.3/data/ip/xpm/xpm_cdc/tcl/xpm_cdc_gray.tcl] for cell 'U0_ps_ai_peripheral/frame_to_ps_inst0/frame_read_write_m0/read_buf/U0/inst_fifo_gen/gconvfifo.rf/grf.rf/gntv_or_sync_fifo.gcx.clkx/wr_pntr_cdc_inst'
Finished Sourcing Tcl File [D:/Xilinx/Vivado/2018.3/data/ip/xpm/xpm_cdc/tcl/xpm_cdc_gray.tcl] for cell 'U0_ps_ai_peripheral/frame_to_ps_inst0/frame_read_write_m0/read_buf/U0/inst_fifo_gen/gconvfifo.rf/grf.rf/gntv_or_sync_fifo.gcx.clkx/wr_pntr_cdc_inst'
Sourcing Tcl File [D:/Xilinx/Vivado/2018.3/data/ip/xpm/xpm_cdc/tcl/xpm_cdc_gray.tcl] for cell 'U0_ps_ai_peripheral/frame_to_ps_inst0/frame_read_write_m0/read_buf/U0/inst_fifo_gen/gconvfifo.rf/grf.rf/gntv_or_sync_fifo.gcx.clkx/rd_pntr_cdc_inst'
Finished Sourcing Tcl File [D:/Xilinx/Vivado/2018.3/data/ip/xpm/xpm_cdc/tcl/xpm_cdc_gray.tcl] for cell 'U0_ps_ai_peripheral/frame_to_ps_inst0/frame_read_write_m0/read_buf/U0/inst_fifo_gen/gconvfifo.rf/grf.rf/gntv_or_sync_fifo.gcx.clkx/rd_pntr_cdc_inst'
Sourcing Tcl File [D:/Xilinx/Vivado/2018.3/data/ip/xpm/xpm_cdc/tcl/xpm_cdc_gray.tcl] for cell 'U0_ps_ai_peripheral/ZGolo/u_AI_Mate_top/U0_ddr2hp_itcn/u0_ar_cdc_fifo_ddr/u0_cdc_fifo_ar_64/U0/inst_fifo_gen/gconvfifo.rf/grf.rf/gntv_or_sync_fifo.gcx.clkx/rd_pntr_cdc_inst'
INFO: [Vivado 12-3272] Current instance is the top level cell 'U0_ps_ai_peripheral/ZGolo/u_AI_Mate_top/U0_ddr2hp_itcn/u0_ar_cdc_fifo_ddr/u0_cdc_fifo_ar_64/U0/inst_fifo_gen/gconvfifo.rf/grf.rf/gntv_or_sync_fifo.gcx.clkx/rd_pntr_cdc_inst' of design 'design_1' [D:/Xilinx/Vivado/2018.3/data/ip/xpm/xpm_cdc/tcl/xpm_cdc_gray.tcl:16]
WARNING: [XPM_CDC_GRAY: TCL-1000] The source and destination clocks are the same. 
     Instance: U0_ps_ai_peripheral/ZGolo/u_AI_Mate_top/U0_ddr2hp_itcn/u0_ar_cdc_fifo_ddr/u0_cdc_fifo_ar_64/U0/inst_fifo_gen/gconvfifo.rf/grf.rf/gntv_or_sync_fifo.gcx.clkx/rd_pntr_cdc_inst 
  This will add unnecessary latency to the design. Please check the design for the following: 
 1) Manually instantiated XPM_CDC modules: Xilinx recommends that you remove these modules. 
 2) Xilinx IP that contains XPM_CDC modules: Verify the connections to the IP to determine whether you can safely ignore this message.
 [D:/Xilinx/Vivado/2018.3/data/ip/xpm/xpm_cdc/tcl/xpm_cdc_gray.tcl:16]
Finished Sourcing Tcl File [D:/Xilinx/Vivado/2018.3/data/ip/xpm/xpm_cdc/tcl/xpm_cdc_gray.tcl] for cell 'U0_ps_ai_peripheral/ZGolo/u_AI_Mate_top/U0_ddr2hp_itcn/u0_ar_cdc_fifo_ddr/u0_cdc_fifo_ar_64/U0/inst_fifo_gen/gconvfifo.rf/grf.rf/gntv_or_sync_fifo.gcx.clkx/rd_pntr_cdc_inst'
Sourcing Tcl File [D:/Xilinx/Vivado/2018.3/data/ip/xpm/xpm_cdc/tcl/xpm_cdc_gray.tcl] for cell 'U0_ps_ai_peripheral/ZGolo/u_AI_Mate_top/U0_ddr2hp_itcn/u0_ar_cdc_fifo_ddr/u0_cdc_fifo_ar_64/U0/inst_fifo_gen/gconvfifo.rf/grf.rf/gntv_or_sync_fifo.gcx.clkx/wr_pntr_cdc_inst'
INFO: [Vivado 12-3272] Current instance is the top level cell 'U0_ps_ai_peripheral/ZGolo/u_AI_Mate_top/U0_ddr2hp_itcn/u0_ar_cdc_fifo_ddr/u0_cdc_fifo_ar_64/U0/inst_fifo_gen/gconvfifo.rf/grf.rf/gntv_or_sync_fifo.gcx.clkx/wr_pntr_cdc_inst' of design 'design_1' [D:/Xilinx/Vivado/2018.3/data/ip/xpm/xpm_cdc/tcl/xpm_cdc_gray.tcl:16]
WARNING: [XPM_CDC_GRAY: TCL-1000] The source and destination clocks are the same. 
     Instance: U0_ps_ai_peripheral/ZGolo/u_AI_Mate_top/U0_ddr2hp_itcn/u0_ar_cdc_fifo_ddr/u0_cdc_fifo_ar_64/U0/inst_fifo_gen/gconvfifo.rf/grf.rf/gntv_or_sync_fifo.gcx.clkx/wr_pntr_cdc_inst 
  This will add unnecessary latency to the design. Please check the design for the following: 
 1) Manually instantiated XPM_CDC modules: Xilinx recommends that you remove these modules. 
 2) Xilinx IP that contains XPM_CDC modules: Verify the connections to the IP to determine whether you can safely ignore this message.
 [D:/Xilinx/Vivado/2018.3/data/ip/xpm/xpm_cdc/tcl/xpm_cdc_gray.tcl:16]
Finished Sourcing Tcl File [D:/Xilinx/Vivado/2018.3/data/ip/xpm/xpm_cdc/tcl/xpm_cdc_gray.tcl] for cell 'U0_ps_ai_peripheral/ZGolo/u_AI_Mate_top/U0_ddr2hp_itcn/u0_ar_cdc_fifo_ddr/u0_cdc_fifo_ar_64/U0/inst_fifo_gen/gconvfifo.rf/grf.rf/gntv_or_sync_fifo.gcx.clkx/wr_pntr_cdc_inst'
Sourcing Tcl File [D:/Xilinx/Vivado/2018.3/data/ip/xpm/xpm_cdc/tcl/xpm_cdc_gray.tcl] for cell 'U0_ps_ai_peripheral/ZGolo/u_AI_Mate_top/U0_ddr2hp_itcn/u0_aw_cdc_fifo_ddr/u0_cdc_fifo_aw_616/U0/inst_fifo_gen/gconvfifo.rf/grf.rf/gntv_or_sync_fifo.gcx.clkx/rd_pntr_cdc_inst'
INFO: [Vivado 12-3272] Current instance is the top level cell 'U0_ps_ai_peripheral/ZGolo/u_AI_Mate_top/U0_ddr2hp_itcn/u0_aw_cdc_fifo_ddr/u0_cdc_fifo_aw_616/U0/inst_fifo_gen/gconvfifo.rf/grf.rf/gntv_or_sync_fifo.gcx.clkx/rd_pntr_cdc_inst' of design 'design_1' [D:/Xilinx/Vivado/2018.3/data/ip/xpm/xpm_cdc/tcl/xpm_cdc_gray.tcl:16]
WARNING: [XPM_CDC_GRAY: TCL-1000] The source and destination clocks are the same. 
     Instance: U0_ps_ai_peripheral/ZGolo/u_AI_Mate_top/U0_ddr2hp_itcn/u0_aw_cdc_fifo_ddr/u0_cdc_fifo_aw_616/U0/inst_fifo_gen/gconvfifo.rf/grf.rf/gntv_or_sync_fifo.gcx.clkx/rd_pntr_cdc_inst 
  This will add unnecessary latency to the design. Please check the design for the following: 
 1) Manually instantiated XPM_CDC modules: Xilinx recommends that you remove these modules. 
 2) Xilinx IP that contains XPM_CDC modules: Verify the connections to the IP to determine whether you can safely ignore this message.
 [D:/Xilinx/Vivado/2018.3/data/ip/xpm/xpm_cdc/tcl/xpm_cdc_gray.tcl:16]
Finished Sourcing Tcl File [D:/Xilinx/Vivado/2018.3/data/ip/xpm/xpm_cdc/tcl/xpm_cdc_gray.tcl] for cell 'U0_ps_ai_peripheral/ZGolo/u_AI_Mate_top/U0_ddr2hp_itcn/u0_aw_cdc_fifo_ddr/u0_cdc_fifo_aw_616/U0/inst_fifo_gen/gconvfifo.rf/grf.rf/gntv_or_sync_fifo.gcx.clkx/rd_pntr_cdc_inst'
Sourcing Tcl File [D:/Xilinx/Vivado/2018.3/data/ip/xpm/xpm_cdc/tcl/xpm_cdc_gray.tcl] for cell 'U0_ps_ai_peripheral/ZGolo/u_AI_Mate_top/U0_ddr2hp_itcn/u0_aw_cdc_fifo_ddr/u0_cdc_fifo_aw_616/U0/inst_fifo_gen/gconvfifo.rf/grf.rf/gntv_or_sync_fifo.gcx.clkx/wr_pntr_cdc_inst'
INFO: [Vivado 12-3272] Current instance is the top level cell 'U0_ps_ai_peripheral/ZGolo/u_AI_Mate_top/U0_ddr2hp_itcn/u0_aw_cdc_fifo_ddr/u0_cdc_fifo_aw_616/U0/inst_fifo_gen/gconvfifo.rf/grf.rf/gntv_or_sync_fifo.gcx.clkx/wr_pntr_cdc_inst' of design 'design_1' [D:/Xilinx/Vivado/2018.3/data/ip/xpm/xpm_cdc/tcl/xpm_cdc_gray.tcl:16]
WARNING: [XPM_CDC_GRAY: TCL-1000] The source and destination clocks are the same. 
     Instance: U0_ps_ai_peripheral/ZGolo/u_AI_Mate_top/U0_ddr2hp_itcn/u0_aw_cdc_fifo_ddr/u0_cdc_fifo_aw_616/U0/inst_fifo_gen/gconvfifo.rf/grf.rf/gntv_or_sync_fifo.gcx.clkx/wr_pntr_cdc_inst 
  This will add unnecessary latency to the design. Please check the design for the following: 
 1) Manually instantiated XPM_CDC modules: Xilinx recommends that you remove these modules. 
 2) Xilinx IP that contains XPM_CDC modules: Verify the connections to the IP to determine whether you can safely ignore this message.
 [D:/Xilinx/Vivado/2018.3/data/ip/xpm/xpm_cdc/tcl/xpm_cdc_gray.tcl:16]
Finished Sourcing Tcl File [D:/Xilinx/Vivado/2018.3/data/ip/xpm/xpm_cdc/tcl/xpm_cdc_gray.tcl] for cell 'U0_ps_ai_peripheral/ZGolo/u_AI_Mate_top/U0_ddr2hp_itcn/u0_aw_cdc_fifo_ddr/u0_cdc_fifo_aw_616/U0/inst_fifo_gen/gconvfifo.rf/grf.rf/gntv_or_sync_fifo.gcx.clkx/wr_pntr_cdc_inst'
Sourcing Tcl File [D:/Xilinx/Vivado/2018.3/data/ip/xpm/xpm_cdc/tcl/xpm_cdc_gray.tcl] for cell 'U0_ps_ai_peripheral/ZGolo/u_AI_Mate_top/U0_ddr2hp_itcn/u0_r_cdc_fifo_ddr/u0_cdc_fifo_r_544/U0/inst_fifo_gen/gconvfifo.rf/grf.rf/gntv_or_sync_fifo.gcx.clkx/rd_pntr_cdc_inst'
INFO: [Vivado 12-3272] Current instance is the top level cell 'U0_ps_ai_peripheral/ZGolo/u_AI_Mate_top/U0_ddr2hp_itcn/u0_r_cdc_fifo_ddr/u0_cdc_fifo_r_544/U0/inst_fifo_gen/gconvfifo.rf/grf.rf/gntv_or_sync_fifo.gcx.clkx/rd_pntr_cdc_inst' of design 'design_1' [D:/Xilinx/Vivado/2018.3/data/ip/xpm/xpm_cdc/tcl/xpm_cdc_gray.tcl:16]
WARNING: [XPM_CDC_GRAY: TCL-1000] The source and destination clocks are the same. 
     Instance: U0_ps_ai_peripheral/ZGolo/u_AI_Mate_top/U0_ddr2hp_itcn/u0_r_cdc_fifo_ddr/u0_cdc_fifo_r_544/U0/inst_fifo_gen/gconvfifo.rf/grf.rf/gntv_or_sync_fifo.gcx.clkx/rd_pntr_cdc_inst 
  This will add unnecessary latency to the design. Please check the design for the following: 
 1) Manually instantiated XPM_CDC modules: Xilinx recommends that you remove these modules. 
 2) Xilinx IP that contains XPM_CDC modules: Verify the connections to the IP to determine whether you can safely ignore this message.
 [D:/Xilinx/Vivado/2018.3/data/ip/xpm/xpm_cdc/tcl/xpm_cdc_gray.tcl:16]
Finished Sourcing Tcl File [D:/Xilinx/Vivado/2018.3/data/ip/xpm/xpm_cdc/tcl/xpm_cdc_gray.tcl] for cell 'U0_ps_ai_peripheral/ZGolo/u_AI_Mate_top/U0_ddr2hp_itcn/u0_r_cdc_fifo_ddr/u0_cdc_fifo_r_544/U0/inst_fifo_gen/gconvfifo.rf/grf.rf/gntv_or_sync_fifo.gcx.clkx/rd_pntr_cdc_inst'
Sourcing Tcl File [D:/Xilinx/Vivado/2018.3/data/ip/xpm/xpm_cdc/tcl/xpm_cdc_gray.tcl] for cell 'U0_ps_ai_peripheral/ZGolo/u_AI_Mate_top/U0_ddr2hp_itcn/u0_r_cdc_fifo_ddr/u0_cdc_fifo_r_544/U0/inst_fifo_gen/gconvfifo.rf/grf.rf/gntv_or_sync_fifo.gcx.clkx/wr_pntr_cdc_inst'
INFO: [Vivado 12-3272] Current instance is the top level cell 'U0_ps_ai_peripheral/ZGolo/u_AI_Mate_top/U0_ddr2hp_itcn/u0_r_cdc_fifo_ddr/u0_cdc_fifo_r_544/U0/inst_fifo_gen/gconvfifo.rf/grf.rf/gntv_or_sync_fifo.gcx.clkx/wr_pntr_cdc_inst' of design 'design_1' [D:/Xilinx/Vivado/2018.3/data/ip/xpm/xpm_cdc/tcl/xpm_cdc_gray.tcl:16]
WARNING: [XPM_CDC_GRAY: TCL-1000] The source and destination clocks are the same. 
     Instance: U0_ps_ai_peripheral/ZGolo/u_AI_Mate_top/U0_ddr2hp_itcn/u0_r_cdc_fifo_ddr/u0_cdc_fifo_r_544/U0/inst_fifo_gen/gconvfifo.rf/grf.rf/gntv_or_sync_fifo.gcx.clkx/wr_pntr_cdc_inst 
  This will add unnecessary latency to the design. Please check the design for the following: 
 1) Manually instantiated XPM_CDC modules: Xilinx recommends that you remove these modules. 
 2) Xilinx IP that contains XPM_CDC modules: Verify the connections to the IP to determine whether you can safely ignore this message.
 [D:/Xilinx/Vivado/2018.3/data/ip/xpm/xpm_cdc/tcl/xpm_cdc_gray.tcl:16]
Finished Sourcing Tcl File [D:/Xilinx/Vivado/2018.3/data/ip/xpm/xpm_cdc/tcl/xpm_cdc_gray.tcl] for cell 'U0_ps_ai_peripheral/ZGolo/u_AI_Mate_top/U0_ddr2hp_itcn/u0_r_cdc_fifo_ddr/u0_cdc_fifo_r_544/U0/inst_fifo_gen/gconvfifo.rf/grf.rf/gntv_or_sync_fifo.gcx.clkx/wr_pntr_cdc_inst'
Sourcing Tcl File [D:/Xilinx/Vivado/2018.3/data/ip/xpm/xpm_cdc/tcl/xpm_cdc_gray.tcl] for cell 'U0_ps_ai_peripheral/frame_to_ps_inst0/cmos_write_req_gen_m0/rindex_buf_2b_16w_u0/U0/inst_fifo_gen/gconvfifo.rf/grf.rf/gntv_or_sync_fifo.gcx.clkx/rd_pntr_cdc_inst'
Finished Sourcing Tcl File [D:/Xilinx/Vivado/2018.3/data/ip/xpm/xpm_cdc/tcl/xpm_cdc_gray.tcl] for cell 'U0_ps_ai_peripheral/frame_to_ps_inst0/cmos_write_req_gen_m0/rindex_buf_2b_16w_u0/U0/inst_fifo_gen/gconvfifo.rf/grf.rf/gntv_or_sync_fifo.gcx.clkx/rd_pntr_cdc_inst'
Sourcing Tcl File [D:/Xilinx/Vivado/2018.3/data/ip/xpm/xpm_cdc/tcl/xpm_cdc_gray.tcl] for cell 'U0_ps_ai_peripheral/frame_to_ps_inst0/cmos_write_req_gen_m0/rindex_buf_2b_16w_u0/U0/inst_fifo_gen/gconvfifo.rf/grf.rf/gntv_or_sync_fifo.gcx.clkx/wr_pntr_cdc_inst'
Finished Sourcing Tcl File [D:/Xilinx/Vivado/2018.3/data/ip/xpm/xpm_cdc/tcl/xpm_cdc_gray.tcl] for cell 'U0_ps_ai_peripheral/frame_to_ps_inst0/cmos_write_req_gen_m0/rindex_buf_2b_16w_u0/U0/inst_fifo_gen/gconvfifo.rf/grf.rf/gntv_or_sync_fifo.gcx.clkx/wr_pntr_cdc_inst'
Sourcing Tcl File [D:/Xilinx/Vivado/2018.3/data/ip/xpm/xpm_cdc/tcl/xpm_cdc_gray.tcl] for cell 'U0_ps_ai_peripheral/ZGolo/u_AI_Mate_top/buyi_icore_post_top_u0/icore_post_top_u0/post_read_u0/sync_fifo_u0/U0/inst_fifo_gen/gconvfifo.rf/grf.rf/gntv_or_sync_fifo.gcx.clkx/rd_pntr_cdc_inst'
INFO: [Vivado 12-3272] Current instance is the top level cell 'U0_ps_ai_peripheral/ZGolo/u_AI_Mate_top/buyi_icore_post_top_u0/icore_post_top_u0/post_read_u0/sync_fifo_u0/U0/inst_fifo_gen/gconvfifo.rf/grf.rf/gntv_or_sync_fifo.gcx.clkx/rd_pntr_cdc_inst' of design 'design_1' [D:/Xilinx/Vivado/2018.3/data/ip/xpm/xpm_cdc/tcl/xpm_cdc_gray.tcl:16]
WARNING: [XPM_CDC_GRAY: TCL-1000] The source and destination clocks are the same. 
     Instance: U0_ps_ai_peripheral/ZGolo/u_AI_Mate_top/buyi_icore_post_top_u0/icore_post_top_u0/post_read_u0/sync_fifo_u0/U0/inst_fifo_gen/gconvfifo.rf/grf.rf/gntv_or_sync_fifo.gcx.clkx/rd_pntr_cdc_inst 
  This will add unnecessary latency to the design. Please check the design for the following: 
 1) Manually instantiated XPM_CDC modules: Xilinx recommends that you remove these modules. 
 2) Xilinx IP that contains XPM_CDC modules: Verify the connections to the IP to determine whether you can safely ignore this message.
 [D:/Xilinx/Vivado/2018.3/data/ip/xpm/xpm_cdc/tcl/xpm_cdc_gray.tcl:16]
Finished Sourcing Tcl File [D:/Xilinx/Vivado/2018.3/data/ip/xpm/xpm_cdc/tcl/xpm_cdc_gray.tcl] for cell 'U0_ps_ai_peripheral/ZGolo/u_AI_Mate_top/buyi_icore_post_top_u0/icore_post_top_u0/post_read_u0/sync_fifo_u0/U0/inst_fifo_gen/gconvfifo.rf/grf.rf/gntv_or_sync_fifo.gcx.clkx/rd_pntr_cdc_inst'
Sourcing Tcl File [D:/Xilinx/Vivado/2018.3/data/ip/xpm/xpm_cdc/tcl/xpm_cdc_gray.tcl] for cell 'U0_ps_ai_peripheral/ZGolo/u_AI_Mate_top/buyi_icore_post_top_u0/icore_post_top_u0/post_read_u0/sync_fifo_u0/U0/inst_fifo_gen/gconvfifo.rf/grf.rf/gntv_or_sync_fifo.gcx.clkx/wr_pntr_cdc_inst'
INFO: [Vivado 12-3272] Current instance is the top level cell 'U0_ps_ai_peripheral/ZGolo/u_AI_Mate_top/buyi_icore_post_top_u0/icore_post_top_u0/post_read_u0/sync_fifo_u0/U0/inst_fifo_gen/gconvfifo.rf/grf.rf/gntv_or_sync_fifo.gcx.clkx/wr_pntr_cdc_inst' of design 'design_1' [D:/Xilinx/Vivado/2018.3/data/ip/xpm/xpm_cdc/tcl/xpm_cdc_gray.tcl:16]
WARNING: [XPM_CDC_GRAY: TCL-1000] The source and destination clocks are the same. 
     Instance: U0_ps_ai_peripheral/ZGolo/u_AI_Mate_top/buyi_icore_post_top_u0/icore_post_top_u0/post_read_u0/sync_fifo_u0/U0/inst_fifo_gen/gconvfifo.rf/grf.rf/gntv_or_sync_fifo.gcx.clkx/wr_pntr_cdc_inst 
  This will add unnecessary latency to the design. Please check the design for the following: 
 1) Manually instantiated XPM_CDC modules: Xilinx recommends that you remove these modules. 
 2) Xilinx IP that contains XPM_CDC modules: Verify the connections to the IP to determine whether you can safely ignore this message.
 [D:/Xilinx/Vivado/2018.3/data/ip/xpm/xpm_cdc/tcl/xpm_cdc_gray.tcl:16]
Finished Sourcing Tcl File [D:/Xilinx/Vivado/2018.3/data/ip/xpm/xpm_cdc/tcl/xpm_cdc_gray.tcl] for cell 'U0_ps_ai_peripheral/ZGolo/u_AI_Mate_top/buyi_icore_post_top_u0/icore_post_top_u0/post_read_u0/sync_fifo_u0/U0/inst_fifo_gen/gconvfifo.rf/grf.rf/gntv_or_sync_fifo.gcx.clkx/wr_pntr_cdc_inst'
Sourcing Tcl File [D:/Xilinx/Vivado/2018.3/data/ip/xpm/xpm_cdc/tcl/xpm_cdc_gray.tcl] for cell 'U0_ps_ai_peripheral/frame_to_ps_inst0/cmos_write_req_gen_m0/windex_buf_2b_16w_u0/U0/inst_fifo_gen/gconvfifo.rf/grf.rf/gntv_or_sync_fifo.gcx.clkx/rd_pntr_cdc_inst'
Finished Sourcing Tcl File [D:/Xilinx/Vivado/2018.3/data/ip/xpm/xpm_cdc/tcl/xpm_cdc_gray.tcl] for cell 'U0_ps_ai_peripheral/frame_to_ps_inst0/cmos_write_req_gen_m0/windex_buf_2b_16w_u0/U0/inst_fifo_gen/gconvfifo.rf/grf.rf/gntv_or_sync_fifo.gcx.clkx/rd_pntr_cdc_inst'
Sourcing Tcl File [D:/Xilinx/Vivado/2018.3/data/ip/xpm/xpm_cdc/tcl/xpm_cdc_gray.tcl] for cell 'U0_ps_ai_peripheral/frame_to_ps_inst0/cmos_write_req_gen_m0/windex_buf_2b_16w_u0/U0/inst_fifo_gen/gconvfifo.rf/grf.rf/gntv_or_sync_fifo.gcx.clkx/wr_pntr_cdc_inst'
Finished Sourcing Tcl File [D:/Xilinx/Vivado/2018.3/data/ip/xpm/xpm_cdc/tcl/xpm_cdc_gray.tcl] for cell 'U0_ps_ai_peripheral/frame_to_ps_inst0/cmos_write_req_gen_m0/windex_buf_2b_16w_u0/U0/inst_fifo_gen/gconvfifo.rf/grf.rf/gntv_or_sync_fifo.gcx.clkx/wr_pntr_cdc_inst'
Sourcing Tcl File [D:/Xilinx/Vivado/2018.3/data/ip/xpm/xpm_cdc/tcl/xpm_cdc_single.tcl] for cell 'U0_ps_ai_peripheral/frame_to_ps_inst0/frame_read_write_m0/write_buf/U0/inst_fifo_gen/gconvfifo.rf/grf.rf/rstblk/ngwrdrst.grst.g7serrst.gsckt_wrst.gic_rst.xpm_cdc_single_inst_rrst_wr'
Finished Sourcing Tcl File [D:/Xilinx/Vivado/2018.3/data/ip/xpm/xpm_cdc/tcl/xpm_cdc_single.tcl] for cell 'U0_ps_ai_peripheral/frame_to_ps_inst0/frame_read_write_m0/write_buf/U0/inst_fifo_gen/gconvfifo.rf/grf.rf/rstblk/ngwrdrst.grst.g7serrst.gsckt_wrst.gic_rst.xpm_cdc_single_inst_rrst_wr'
Sourcing Tcl File [D:/Xilinx/Vivado/2018.3/data/ip/xpm/xpm_cdc/tcl/xpm_cdc_single.tcl] for cell 'U0_ps_ai_peripheral/frame_to_ps_inst0/frame_read_write_m0/write_buf/U0/inst_fifo_gen/gconvfifo.rf/grf.rf/rstblk/ngwrdrst.grst.g7serrst.gsckt_wrst.gic_rst.xpm_cdc_single_inst_wrst_rd'
Finished Sourcing Tcl File [D:/Xilinx/Vivado/2018.3/data/ip/xpm/xpm_cdc/tcl/xpm_cdc_single.tcl] for cell 'U0_ps_ai_peripheral/frame_to_ps_inst0/frame_read_write_m0/write_buf/U0/inst_fifo_gen/gconvfifo.rf/grf.rf/rstblk/ngwrdrst.grst.g7serrst.gsckt_wrst.gic_rst.xpm_cdc_single_inst_wrst_rd'
Sourcing Tcl File [D:/Xilinx/Vivado/2018.3/data/ip/xpm/xpm_cdc/tcl/xpm_cdc_single.tcl] for cell 'U0_ps_ai_peripheral/frame_trans_inst0/axis_master_inst/afifo_24w_4096d_u0/U0/inst_fifo_gen/gconvfifo.rf/grf.rf/rstblk/ngwrdrst.grst.g7serrst.gsckt_wrst.gic_rst.xpm_cdc_single_inst_rrst_wr'
Finished Sourcing Tcl File [D:/Xilinx/Vivado/2018.3/data/ip/xpm/xpm_cdc/tcl/xpm_cdc_single.tcl] for cell 'U0_ps_ai_peripheral/frame_trans_inst0/axis_master_inst/afifo_24w_4096d_u0/U0/inst_fifo_gen/gconvfifo.rf/grf.rf/rstblk/ngwrdrst.grst.g7serrst.gsckt_wrst.gic_rst.xpm_cdc_single_inst_rrst_wr'
Sourcing Tcl File [D:/Xilinx/Vivado/2018.3/data/ip/xpm/xpm_cdc/tcl/xpm_cdc_single.tcl] for cell 'U0_ps_ai_peripheral/frame_trans_inst0/axis_master_inst/afifo_24w_4096d_u0/U0/inst_fifo_gen/gconvfifo.rf/grf.rf/rstblk/ngwrdrst.grst.g7serrst.gsckt_wrst.gic_rst.xpm_cdc_single_inst_wrst_rd'
Finished Sourcing Tcl File [D:/Xilinx/Vivado/2018.3/data/ip/xpm/xpm_cdc/tcl/xpm_cdc_single.tcl] for cell 'U0_ps_ai_peripheral/frame_trans_inst0/axis_master_inst/afifo_24w_4096d_u0/U0/inst_fifo_gen/gconvfifo.rf/grf.rf/rstblk/ngwrdrst.grst.g7serrst.gsckt_wrst.gic_rst.xpm_cdc_single_inst_wrst_rd'
Sourcing Tcl File [D:/Xilinx/Vivado/2018.3/data/ip/xpm/xpm_cdc/tcl/xpm_cdc_single.tcl] for cell 'U0_ps_ai_peripheral/frame_to_ps_inst0/frame_read_write_m0/read_buf/U0/inst_fifo_gen/gconvfifo.rf/grf.rf/rstblk/ngwrdrst.grst.g7serrst.gsckt_wrst.gic_rst.xpm_cdc_single_inst_rrst_wr'
Finished Sourcing Tcl File [D:/Xilinx/Vivado/2018.3/data/ip/xpm/xpm_cdc/tcl/xpm_cdc_single.tcl] for cell 'U0_ps_ai_peripheral/frame_to_ps_inst0/frame_read_write_m0/read_buf/U0/inst_fifo_gen/gconvfifo.rf/grf.rf/rstblk/ngwrdrst.grst.g7serrst.gsckt_wrst.gic_rst.xpm_cdc_single_inst_rrst_wr'
Sourcing Tcl File [D:/Xilinx/Vivado/2018.3/data/ip/xpm/xpm_cdc/tcl/xpm_cdc_single.tcl] for cell 'U0_ps_ai_peripheral/frame_to_ps_inst0/frame_read_write_m0/read_buf/U0/inst_fifo_gen/gconvfifo.rf/grf.rf/rstblk/ngwrdrst.grst.g7serrst.gsckt_wrst.gic_rst.xpm_cdc_single_inst_wrst_rd'
Finished Sourcing Tcl File [D:/Xilinx/Vivado/2018.3/data/ip/xpm/xpm_cdc/tcl/xpm_cdc_single.tcl] for cell 'U0_ps_ai_peripheral/frame_to_ps_inst0/frame_read_write_m0/read_buf/U0/inst_fifo_gen/gconvfifo.rf/grf.rf/rstblk/ngwrdrst.grst.g7serrst.gsckt_wrst.gic_rst.xpm_cdc_single_inst_wrst_rd'
Sourcing Tcl File [D:/Xilinx/Vivado/2018.3/data/ip/xpm/xpm_cdc/tcl/xpm_cdc_single.tcl] for cell 'U0_ps_ai_peripheral/ZGolo/u_AI_Mate_top/u_axi_2to1/inst/axi_interconnect_inst/mi_data_fifo_bank/gen_fifo_slot[0].data_fifo_inst/gen_fifo.fifo_gen_inst/inst_fifo_gen/gaxi_full_lite.gwrite_ch.gwdch2.xpm_cdc_single_inst2'
INFO: [Vivado 12-3272] Current instance is the top level cell 'U0_ps_ai_peripheral/ZGolo/u_AI_Mate_top/u_axi_2to1/inst/axi_interconnect_inst/mi_data_fifo_bank/gen_fifo_slot[0].data_fifo_inst/gen_fifo.fifo_gen_inst/inst_fifo_gen/gaxi_full_lite.gwrite_ch.gwdch2.xpm_cdc_single_inst2' of design 'design_1' [D:/Xilinx/Vivado/2018.3/data/ip/xpm/xpm_cdc/tcl/xpm_cdc_single.tcl:5]
WARNING: [XPM_CDC_SINGLE: TCL-1000] The source and destination clocks are the same. 
     Instance: U0_ps_ai_peripheral/ZGolo/u_AI_Mate_top/u_axi_2to1/inst/axi_interconnect_inst/mi_data_fifo_bank/gen_fifo_slot[0].data_fifo_inst/gen_fifo.fifo_gen_inst/inst_fifo_gen/gaxi_full_lite.gwrite_ch.gwdch2.xpm_cdc_single_inst2 
  This will add unnecessary latency to the design. Please check the design for the following: 
 1) Manually instantiated XPM_CDC modules: Xilinx recommends that you remove these modules. 
 2) Xilinx IP that contains XPM_CDC modules: Verify the connections to the IP to determine whether you can safely ignore this message.
 [D:/Xilinx/Vivado/2018.3/data/ip/xpm/xpm_cdc/tcl/xpm_cdc_single.tcl:5]
Finished Sourcing Tcl File [D:/Xilinx/Vivado/2018.3/data/ip/xpm/xpm_cdc/tcl/xpm_cdc_single.tcl] for cell 'U0_ps_ai_peripheral/ZGolo/u_AI_Mate_top/u_axi_2to1/inst/axi_interconnect_inst/mi_data_fifo_bank/gen_fifo_slot[0].data_fifo_inst/gen_fifo.fifo_gen_inst/inst_fifo_gen/gaxi_full_lite.gwrite_ch.gwdch2.xpm_cdc_single_inst2'
Sourcing Tcl File [D:/Xilinx/Vivado/2018.3/data/ip/xpm/xpm_cdc/tcl/xpm_cdc_single.tcl] for cell 'U0_ps_ai_peripheral/ZGolo/u_AI_Mate_top/u_axi_2to1/inst/axi_interconnect_inst/si_data_fifo_bank/gen_fifo_slot[0].data_fifo_inst/gen_fifo.fifo_gen_inst/inst_fifo_gen/gaxi_full_lite.gwrite_ch.gwdch2.xpm_cdc_single_inst2'
INFO: [Vivado 12-3272] Current instance is the top level cell 'U0_ps_ai_peripheral/ZGolo/u_AI_Mate_top/u_axi_2to1/inst/axi_interconnect_inst/si_data_fifo_bank/gen_fifo_slot[0].data_fifo_inst/gen_fifo.fifo_gen_inst/inst_fifo_gen/gaxi_full_lite.gwrite_ch.gwdch2.xpm_cdc_single_inst2' of design 'design_1' [D:/Xilinx/Vivado/2018.3/data/ip/xpm/xpm_cdc/tcl/xpm_cdc_single.tcl:5]
WARNING: [XPM_CDC_SINGLE: TCL-1000] The source and destination clocks are the same. 
     Instance: U0_ps_ai_peripheral/ZGolo/u_AI_Mate_top/u_axi_2to1/inst/axi_interconnect_inst/si_data_fifo_bank/gen_fifo_slot[0].data_fifo_inst/gen_fifo.fifo_gen_inst/inst_fifo_gen/gaxi_full_lite.gwrite_ch.gwdch2.xpm_cdc_single_inst2 
  This will add unnecessary latency to the design. Please check the design for the following: 
 1) Manually instantiated XPM_CDC modules: Xilinx recommends that you remove these modules. 
 2) Xilinx IP that contains XPM_CDC modules: Verify the connections to the IP to determine whether you can safely ignore this message.
 [D:/Xilinx/Vivado/2018.3/data/ip/xpm/xpm_cdc/tcl/xpm_cdc_single.tcl:5]
Finished Sourcing Tcl File [D:/Xilinx/Vivado/2018.3/data/ip/xpm/xpm_cdc/tcl/xpm_cdc_single.tcl] for cell 'U0_ps_ai_peripheral/ZGolo/u_AI_Mate_top/u_axi_2to1/inst/axi_interconnect_inst/si_data_fifo_bank/gen_fifo_slot[0].data_fifo_inst/gen_fifo.fifo_gen_inst/inst_fifo_gen/gaxi_full_lite.gwrite_ch.gwdch2.xpm_cdc_single_inst2'
Sourcing Tcl File [D:/Xilinx/Vivado/2018.3/data/ip/xpm/xpm_cdc/tcl/xpm_cdc_single.tcl] for cell 'U0_ps_ai_peripheral/ZGolo/u_AI_Mate_top/u_axi_2to1/inst/axi_interconnect_inst/si_data_fifo_bank/gen_fifo_slot[1].data_fifo_inst/gen_fifo.fifo_gen_inst/inst_fifo_gen/gaxi_full_lite.gwrite_ch.gwdch2.xpm_cdc_single_inst2'
INFO: [Vivado 12-3272] Current instance is the top level cell 'U0_ps_ai_peripheral/ZGolo/u_AI_Mate_top/u_axi_2to1/inst/axi_interconnect_inst/si_data_fifo_bank/gen_fifo_slot[1].data_fifo_inst/gen_fifo.fifo_gen_inst/inst_fifo_gen/gaxi_full_lite.gwrite_ch.gwdch2.xpm_cdc_single_inst2' of design 'design_1' [D:/Xilinx/Vivado/2018.3/data/ip/xpm/xpm_cdc/tcl/xpm_cdc_single.tcl:5]
WARNING: [XPM_CDC_SINGLE: TCL-1000] The source and destination clocks are the same. 
     Instance: U0_ps_ai_peripheral/ZGolo/u_AI_Mate_top/u_axi_2to1/inst/axi_interconnect_inst/si_data_fifo_bank/gen_fifo_slot[1].data_fifo_inst/gen_fifo.fifo_gen_inst/inst_fifo_gen/gaxi_full_lite.gwrite_ch.gwdch2.xpm_cdc_single_inst2 
  This will add unnecessary latency to the design. Please check the design for the following: 
 1) Manually instantiated XPM_CDC modules: Xilinx recommends that you remove these modules. 
 2) Xilinx IP that contains XPM_CDC modules: Verify the connections to the IP to determine whether you can safely ignore this message.
 [D:/Xilinx/Vivado/2018.3/data/ip/xpm/xpm_cdc/tcl/xpm_cdc_single.tcl:5]
Finished Sourcing Tcl File [D:/Xilinx/Vivado/2018.3/data/ip/xpm/xpm_cdc/tcl/xpm_cdc_single.tcl] for cell 'U0_ps_ai_peripheral/ZGolo/u_AI_Mate_top/u_axi_2to1/inst/axi_interconnect_inst/si_data_fifo_bank/gen_fifo_slot[1].data_fifo_inst/gen_fifo.fifo_gen_inst/inst_fifo_gen/gaxi_full_lite.gwrite_ch.gwdch2.xpm_cdc_single_inst2'
Sourcing Tcl File [D:/Xilinx/Vivado/2018.3/data/ip/xpm/xpm_cdc/tcl/xpm_cdc_single.tcl] for cell 'U0_ps_ai_peripheral/ZGolo/u_AI_Mate_top/U0_ddr2hp_itcn/u0_ar_cdc_fifo_ddr/u0_cdc_fifo_ar_64/U0/inst_fifo_gen/gconvfifo.rf/grf.rf/rstblk/ngwrdrst.grst.g7serrst.gnsckt_wrst.gic_rst.xpm_cdc_single_inst_rrst_wr'
INFO: [Vivado 12-3272] Current instance is the top level cell 'U0_ps_ai_peripheral/ZGolo/u_AI_Mate_top/U0_ddr2hp_itcn/u0_ar_cdc_fifo_ddr/u0_cdc_fifo_ar_64/U0/inst_fifo_gen/gconvfifo.rf/grf.rf/rstblk/ngwrdrst.grst.g7serrst.gnsckt_wrst.gic_rst.xpm_cdc_single_inst_rrst_wr' of design 'design_1' [D:/Xilinx/Vivado/2018.3/data/ip/xpm/xpm_cdc/tcl/xpm_cdc_single.tcl:5]
WARNING: [XPM_CDC_SINGLE: TCL-1000] The source and destination clocks are the same. 
     Instance: U0_ps_ai_peripheral/ZGolo/u_AI_Mate_top/U0_ddr2hp_itcn/u0_ar_cdc_fifo_ddr/u0_cdc_fifo_ar_64/U0/inst_fifo_gen/gconvfifo.rf/grf.rf/rstblk/ngwrdrst.grst.g7serrst.gnsckt_wrst.gic_rst.xpm_cdc_single_inst_rrst_wr 
  This will add unnecessary latency to the design. Please check the design for the following: 
 1) Manually instantiated XPM_CDC modules: Xilinx recommends that you remove these modules. 
 2) Xilinx IP that contains XPM_CDC modules: Verify the connections to the IP to determine whether you can safely ignore this message.
 [D:/Xilinx/Vivado/2018.3/data/ip/xpm/xpm_cdc/tcl/xpm_cdc_single.tcl:5]
Finished Sourcing Tcl File [D:/Xilinx/Vivado/2018.3/data/ip/xpm/xpm_cdc/tcl/xpm_cdc_single.tcl] for cell 'U0_ps_ai_peripheral/ZGolo/u_AI_Mate_top/U0_ddr2hp_itcn/u0_ar_cdc_fifo_ddr/u0_cdc_fifo_ar_64/U0/inst_fifo_gen/gconvfifo.rf/grf.rf/rstblk/ngwrdrst.grst.g7serrst.gnsckt_wrst.gic_rst.xpm_cdc_single_inst_rrst_wr'
Sourcing Tcl File [D:/Xilinx/Vivado/2018.3/data/ip/xpm/xpm_cdc/tcl/xpm_cdc_single.tcl] for cell 'U0_ps_ai_peripheral/ZGolo/u_AI_Mate_top/U0_ddr2hp_itcn/u0_ar_cdc_fifo_ddr/u0_cdc_fifo_ar_64/U0/inst_fifo_gen/gconvfifo.rf/grf.rf/rstblk/ngwrdrst.grst.g7serrst.gnsckt_wrst.gic_rst.xpm_cdc_single_inst_wrst_rd'
INFO: [Vivado 12-3272] Current instance is the top level cell 'U0_ps_ai_peripheral/ZGolo/u_AI_Mate_top/U0_ddr2hp_itcn/u0_ar_cdc_fifo_ddr/u0_cdc_fifo_ar_64/U0/inst_fifo_gen/gconvfifo.rf/grf.rf/rstblk/ngwrdrst.grst.g7serrst.gnsckt_wrst.gic_rst.xpm_cdc_single_inst_wrst_rd' of design 'design_1' [D:/Xilinx/Vivado/2018.3/data/ip/xpm/xpm_cdc/tcl/xpm_cdc_single.tcl:5]
WARNING: [XPM_CDC_SINGLE: TCL-1000] The source and destination clocks are the same. 
     Instance: U0_ps_ai_peripheral/ZGolo/u_AI_Mate_top/U0_ddr2hp_itcn/u0_ar_cdc_fifo_ddr/u0_cdc_fifo_ar_64/U0/inst_fifo_gen/gconvfifo.rf/grf.rf/rstblk/ngwrdrst.grst.g7serrst.gnsckt_wrst.gic_rst.xpm_cdc_single_inst_wrst_rd 
  This will add unnecessary latency to the design. Please check the design for the following: 
 1) Manually instantiated XPM_CDC modules: Xilinx recommends that you remove these modules. 
 2) Xilinx IP that contains XPM_CDC modules: Verify the connections to the IP to determine whether you can safely ignore this message.
 [D:/Xilinx/Vivado/2018.3/data/ip/xpm/xpm_cdc/tcl/xpm_cdc_single.tcl:5]
Finished Sourcing Tcl File [D:/Xilinx/Vivado/2018.3/data/ip/xpm/xpm_cdc/tcl/xpm_cdc_single.tcl] for cell 'U0_ps_ai_peripheral/ZGolo/u_AI_Mate_top/U0_ddr2hp_itcn/u0_ar_cdc_fifo_ddr/u0_cdc_fifo_ar_64/U0/inst_fifo_gen/gconvfifo.rf/grf.rf/rstblk/ngwrdrst.grst.g7serrst.gnsckt_wrst.gic_rst.xpm_cdc_single_inst_wrst_rd'
Sourcing Tcl File [D:/Xilinx/Vivado/2018.3/data/ip/xpm/xpm_cdc/tcl/xpm_cdc_single.tcl] for cell 'U0_ps_ai_peripheral/ZGolo/u_AI_Mate_top/U0_ddr2hp_itcn/u0_aw_cdc_fifo_ddr/u0_cdc_fifo_aw_616/U0/inst_fifo_gen/gconvfifo.rf/grf.rf/rstblk/ngwrdrst.grst.g7serrst.gnsckt_wrst.gic_rst.xpm_cdc_single_inst_rrst_wr'
INFO: [Vivado 12-3272] Current instance is the top level cell 'U0_ps_ai_peripheral/ZGolo/u_AI_Mate_top/U0_ddr2hp_itcn/u0_aw_cdc_fifo_ddr/u0_cdc_fifo_aw_616/U0/inst_fifo_gen/gconvfifo.rf/grf.rf/rstblk/ngwrdrst.grst.g7serrst.gnsckt_wrst.gic_rst.xpm_cdc_single_inst_rrst_wr' of design 'design_1' [D:/Xilinx/Vivado/2018.3/data/ip/xpm/xpm_cdc/tcl/xpm_cdc_single.tcl:5]
WARNING: [XPM_CDC_SINGLE: TCL-1000] The source and destination clocks are the same. 
     Instance: U0_ps_ai_peripheral/ZGolo/u_AI_Mate_top/U0_ddr2hp_itcn/u0_aw_cdc_fifo_ddr/u0_cdc_fifo_aw_616/U0/inst_fifo_gen/gconvfifo.rf/grf.rf/rstblk/ngwrdrst.grst.g7serrst.gnsckt_wrst.gic_rst.xpm_cdc_single_inst_rrst_wr 
  This will add unnecessary latency to the design. Please check the design for the following: 
 1) Manually instantiated XPM_CDC modules: Xilinx recommends that you remove these modules. 
 2) Xilinx IP that contains XPM_CDC modules: Verify the connections to the IP to determine whether you can safely ignore this message.
 [D:/Xilinx/Vivado/2018.3/data/ip/xpm/xpm_cdc/tcl/xpm_cdc_single.tcl:5]
Finished Sourcing Tcl File [D:/Xilinx/Vivado/2018.3/data/ip/xpm/xpm_cdc/tcl/xpm_cdc_single.tcl] for cell 'U0_ps_ai_peripheral/ZGolo/u_AI_Mate_top/U0_ddr2hp_itcn/u0_aw_cdc_fifo_ddr/u0_cdc_fifo_aw_616/U0/inst_fifo_gen/gconvfifo.rf/grf.rf/rstblk/ngwrdrst.grst.g7serrst.gnsckt_wrst.gic_rst.xpm_cdc_single_inst_rrst_wr'
Sourcing Tcl File [D:/Xilinx/Vivado/2018.3/data/ip/xpm/xpm_cdc/tcl/xpm_cdc_single.tcl] for cell 'U0_ps_ai_peripheral/ZGolo/u_AI_Mate_top/U0_ddr2hp_itcn/u0_aw_cdc_fifo_ddr/u0_cdc_fifo_aw_616/U0/inst_fifo_gen/gconvfifo.rf/grf.rf/rstblk/ngwrdrst.grst.g7serrst.gnsckt_wrst.gic_rst.xpm_cdc_single_inst_wrst_rd'
INFO: [Vivado 12-3272] Current instance is the top level cell 'U0_ps_ai_peripheral/ZGolo/u_AI_Mate_top/U0_ddr2hp_itcn/u0_aw_cdc_fifo_ddr/u0_cdc_fifo_aw_616/U0/inst_fifo_gen/gconvfifo.rf/grf.rf/rstblk/ngwrdrst.grst.g7serrst.gnsckt_wrst.gic_rst.xpm_cdc_single_inst_wrst_rd' of design 'design_1' [D:/Xilinx/Vivado/2018.3/data/ip/xpm/xpm_cdc/tcl/xpm_cdc_single.tcl:5]
WARNING: [XPM_CDC_SINGLE: TCL-1000] The source and destination clocks are the same. 
     Instance: U0_ps_ai_peripheral/ZGolo/u_AI_Mate_top/U0_ddr2hp_itcn/u0_aw_cdc_fifo_ddr/u0_cdc_fifo_aw_616/U0/inst_fifo_gen/gconvfifo.rf/grf.rf/rstblk/ngwrdrst.grst.g7serrst.gnsckt_wrst.gic_rst.xpm_cdc_single_inst_wrst_rd 
  This will add unnecessary latency to the design. Please check the design for the following: 
 1) Manually instantiated XPM_CDC modules: Xilinx recommends that you remove these modules. 
 2) Xilinx IP that contains XPM_CDC modules: Verify the connections to the IP to determine whether you can safely ignore this message.
 [D:/Xilinx/Vivado/2018.3/data/ip/xpm/xpm_cdc/tcl/xpm_cdc_single.tcl:5]
Finished Sourcing Tcl File [D:/Xilinx/Vivado/2018.3/data/ip/xpm/xpm_cdc/tcl/xpm_cdc_single.tcl] for cell 'U0_ps_ai_peripheral/ZGolo/u_AI_Mate_top/U0_ddr2hp_itcn/u0_aw_cdc_fifo_ddr/u0_cdc_fifo_aw_616/U0/inst_fifo_gen/gconvfifo.rf/grf.rf/rstblk/ngwrdrst.grst.g7serrst.gnsckt_wrst.gic_rst.xpm_cdc_single_inst_wrst_rd'
Sourcing Tcl File [D:/Xilinx/Vivado/2018.3/data/ip/xpm/xpm_cdc/tcl/xpm_cdc_single.tcl] for cell 'U0_ps_ai_peripheral/ZGolo/u_AI_Mate_top/U0_ddr2hp_itcn/u0_r_cdc_fifo_ddr/u0_cdc_fifo_r_544/U0/inst_fifo_gen/gconvfifo.rf/grf.rf/rstblk/ngwrdrst.grst.g7serrst.gnsckt_wrst.gic_rst.xpm_cdc_single_inst_rrst_wr'
INFO: [Vivado 12-3272] Current instance is the top level cell 'U0_ps_ai_peripheral/ZGolo/u_AI_Mate_top/U0_ddr2hp_itcn/u0_r_cdc_fifo_ddr/u0_cdc_fifo_r_544/U0/inst_fifo_gen/gconvfifo.rf/grf.rf/rstblk/ngwrdrst.grst.g7serrst.gnsckt_wrst.gic_rst.xpm_cdc_single_inst_rrst_wr' of design 'design_1' [D:/Xilinx/Vivado/2018.3/data/ip/xpm/xpm_cdc/tcl/xpm_cdc_single.tcl:5]
WARNING: [XPM_CDC_SINGLE: TCL-1000] The source and destination clocks are the same. 
     Instance: U0_ps_ai_peripheral/ZGolo/u_AI_Mate_top/U0_ddr2hp_itcn/u0_r_cdc_fifo_ddr/u0_cdc_fifo_r_544/U0/inst_fifo_gen/gconvfifo.rf/grf.rf/rstblk/ngwrdrst.grst.g7serrst.gnsckt_wrst.gic_rst.xpm_cdc_single_inst_rrst_wr 
  This will add unnecessary latency to the design. Please check the design for the following: 
 1) Manually instantiated XPM_CDC modules: Xilinx recommends that you remove these modules. 
 2) Xilinx IP that contains XPM_CDC modules: Verify the connections to the IP to determine whether you can safely ignore this message.
 [D:/Xilinx/Vivado/2018.3/data/ip/xpm/xpm_cdc/tcl/xpm_cdc_single.tcl:5]
Finished Sourcing Tcl File [D:/Xilinx/Vivado/2018.3/data/ip/xpm/xpm_cdc/tcl/xpm_cdc_single.tcl] for cell 'U0_ps_ai_peripheral/ZGolo/u_AI_Mate_top/U0_ddr2hp_itcn/u0_r_cdc_fifo_ddr/u0_cdc_fifo_r_544/U0/inst_fifo_gen/gconvfifo.rf/grf.rf/rstblk/ngwrdrst.grst.g7serrst.gnsckt_wrst.gic_rst.xpm_cdc_single_inst_rrst_wr'
Sourcing Tcl File [D:/Xilinx/Vivado/2018.3/data/ip/xpm/xpm_cdc/tcl/xpm_cdc_single.tcl] for cell 'U0_ps_ai_peripheral/ZGolo/u_AI_Mate_top/U0_ddr2hp_itcn/u0_r_cdc_fifo_ddr/u0_cdc_fifo_r_544/U0/inst_fifo_gen/gconvfifo.rf/grf.rf/rstblk/ngwrdrst.grst.g7serrst.gnsckt_wrst.gic_rst.xpm_cdc_single_inst_wrst_rd'
INFO: [Vivado 12-3272] Current instance is the top level cell 'U0_ps_ai_peripheral/ZGolo/u_AI_Mate_top/U0_ddr2hp_itcn/u0_r_cdc_fifo_ddr/u0_cdc_fifo_r_544/U0/inst_fifo_gen/gconvfifo.rf/grf.rf/rstblk/ngwrdrst.grst.g7serrst.gnsckt_wrst.gic_rst.xpm_cdc_single_inst_wrst_rd' of design 'design_1' [D:/Xilinx/Vivado/2018.3/data/ip/xpm/xpm_cdc/tcl/xpm_cdc_single.tcl:5]
WARNING: [XPM_CDC_SINGLE: TCL-1000] The source and destination clocks are the same. 
     Instance: U0_ps_ai_peripheral/ZGolo/u_AI_Mate_top/U0_ddr2hp_itcn/u0_r_cdc_fifo_ddr/u0_cdc_fifo_r_544/U0/inst_fifo_gen/gconvfifo.rf/grf.rf/rstblk/ngwrdrst.grst.g7serrst.gnsckt_wrst.gic_rst.xpm_cdc_single_inst_wrst_rd 
  This will add unnecessary latency to the design. Please check the design for the following: 
 1) Manually instantiated XPM_CDC modules: Xilinx recommends that you remove these modules. 
 2) Xilinx IP that contains XPM_CDC modules: Verify the connections to the IP to determine whether you can safely ignore this message.
 [D:/Xilinx/Vivado/2018.3/data/ip/xpm/xpm_cdc/tcl/xpm_cdc_single.tcl:5]
Finished Sourcing Tcl File [D:/Xilinx/Vivado/2018.3/data/ip/xpm/xpm_cdc/tcl/xpm_cdc_single.tcl] for cell 'U0_ps_ai_peripheral/ZGolo/u_AI_Mate_top/U0_ddr2hp_itcn/u0_r_cdc_fifo_ddr/u0_cdc_fifo_r_544/U0/inst_fifo_gen/gconvfifo.rf/grf.rf/rstblk/ngwrdrst.grst.g7serrst.gnsckt_wrst.gic_rst.xpm_cdc_single_inst_wrst_rd'
Sourcing Tcl File [D:/Xilinx/Vivado/2018.3/data/ip/xpm/xpm_cdc/tcl/xpm_cdc_single.tcl] for cell 'U0_ps_ai_peripheral/frame_to_ps_inst0/cmos_write_req_gen_m0/rindex_buf_2b_16w_u0/U0/inst_fifo_gen/gconvfifo.rf/grf.rf/rstblk/ngwrdrst.grst.g7serrst.gnsckt_wrst.gic_rst.xpm_cdc_single_inst_rrst_wr'
Finished Sourcing Tcl File [D:/Xilinx/Vivado/2018.3/data/ip/xpm/xpm_cdc/tcl/xpm_cdc_single.tcl] for cell 'U0_ps_ai_peripheral/frame_to_ps_inst0/cmos_write_req_gen_m0/rindex_buf_2b_16w_u0/U0/inst_fifo_gen/gconvfifo.rf/grf.rf/rstblk/ngwrdrst.grst.g7serrst.gnsckt_wrst.gic_rst.xpm_cdc_single_inst_rrst_wr'
Sourcing Tcl File [D:/Xilinx/Vivado/2018.3/data/ip/xpm/xpm_cdc/tcl/xpm_cdc_single.tcl] for cell 'U0_ps_ai_peripheral/frame_to_ps_inst0/cmos_write_req_gen_m0/rindex_buf_2b_16w_u0/U0/inst_fifo_gen/gconvfifo.rf/grf.rf/rstblk/ngwrdrst.grst.g7serrst.gnsckt_wrst.gic_rst.xpm_cdc_single_inst_wrst_rd'
Finished Sourcing Tcl File [D:/Xilinx/Vivado/2018.3/data/ip/xpm/xpm_cdc/tcl/xpm_cdc_single.tcl] for cell 'U0_ps_ai_peripheral/frame_to_ps_inst0/cmos_write_req_gen_m0/rindex_buf_2b_16w_u0/U0/inst_fifo_gen/gconvfifo.rf/grf.rf/rstblk/ngwrdrst.grst.g7serrst.gnsckt_wrst.gic_rst.xpm_cdc_single_inst_wrst_rd'
Sourcing Tcl File [D:/Xilinx/Vivado/2018.3/data/ip/xpm/xpm_cdc/tcl/xpm_cdc_single.tcl] for cell 'U0_ps_ai_peripheral/ZGolo/u_AI_Mate_top/buyi_icore_post_top_u0/icore_post_top_u0/post_read_u0/sync_fifo_u0/U0/inst_fifo_gen/gconvfifo.rf/grf.rf/rstblk/ngwrdrst.grst.g7serrst.gnsckt_wrst.gic_rst.xpm_cdc_single_inst_rrst_wr'
INFO: [Vivado 12-3272] Current instance is the top level cell 'U0_ps_ai_peripheral/ZGolo/u_AI_Mate_top/buyi_icore_post_top_u0/icore_post_top_u0/post_read_u0/sync_fifo_u0/U0/inst_fifo_gen/gconvfifo.rf/grf.rf/rstblk/ngwrdrst.grst.g7serrst.gnsckt_wrst.gic_rst.xpm_cdc_single_inst_rrst_wr' of design 'design_1' [D:/Xilinx/Vivado/2018.3/data/ip/xpm/xpm_cdc/tcl/xpm_cdc_single.tcl:5]
WARNING: [XPM_CDC_SINGLE: TCL-1000] The source and destination clocks are the same. 
     Instance: U0_ps_ai_peripheral/ZGolo/u_AI_Mate_top/buyi_icore_post_top_u0/icore_post_top_u0/post_read_u0/sync_fifo_u0/U0/inst_fifo_gen/gconvfifo.rf/grf.rf/rstblk/ngwrdrst.grst.g7serrst.gnsckt_wrst.gic_rst.xpm_cdc_single_inst_rrst_wr 
  This will add unnecessary latency to the design. Please check the design for the following: 
 1) Manually instantiated XPM_CDC modules: Xilinx recommends that you remove these modules. 
 2) Xilinx IP that contains XPM_CDC modules: Verify the connections to the IP to determine whether you can safely ignore this message.
 [D:/Xilinx/Vivado/2018.3/data/ip/xpm/xpm_cdc/tcl/xpm_cdc_single.tcl:5]
Finished Sourcing Tcl File [D:/Xilinx/Vivado/2018.3/data/ip/xpm/xpm_cdc/tcl/xpm_cdc_single.tcl] for cell 'U0_ps_ai_peripheral/ZGolo/u_AI_Mate_top/buyi_icore_post_top_u0/icore_post_top_u0/post_read_u0/sync_fifo_u0/U0/inst_fifo_gen/gconvfifo.rf/grf.rf/rstblk/ngwrdrst.grst.g7serrst.gnsckt_wrst.gic_rst.xpm_cdc_single_inst_rrst_wr'
Sourcing Tcl File [D:/Xilinx/Vivado/2018.3/data/ip/xpm/xpm_cdc/tcl/xpm_cdc_single.tcl] for cell 'U0_ps_ai_peripheral/ZGolo/u_AI_Mate_top/buyi_icore_post_top_u0/icore_post_top_u0/post_read_u0/sync_fifo_u0/U0/inst_fifo_gen/gconvfifo.rf/grf.rf/rstblk/ngwrdrst.grst.g7serrst.gnsckt_wrst.gic_rst.xpm_cdc_single_inst_wrst_rd'
INFO: [Vivado 12-3272] Current instance is the top level cell 'U0_ps_ai_peripheral/ZGolo/u_AI_Mate_top/buyi_icore_post_top_u0/icore_post_top_u0/post_read_u0/sync_fifo_u0/U0/inst_fifo_gen/gconvfifo.rf/grf.rf/rstblk/ngwrdrst.grst.g7serrst.gnsckt_wrst.gic_rst.xpm_cdc_single_inst_wrst_rd' of design 'design_1' [D:/Xilinx/Vivado/2018.3/data/ip/xpm/xpm_cdc/tcl/xpm_cdc_single.tcl:5]
WARNING: [XPM_CDC_SINGLE: TCL-1000] The source and destination clocks are the same. 
     Instance: U0_ps_ai_peripheral/ZGolo/u_AI_Mate_top/buyi_icore_post_top_u0/icore_post_top_u0/post_read_u0/sync_fifo_u0/U0/inst_fifo_gen/gconvfifo.rf/grf.rf/rstblk/ngwrdrst.grst.g7serrst.gnsckt_wrst.gic_rst.xpm_cdc_single_inst_wrst_rd 
  This will add unnecessary latency to the design. Please check the design for the following: 
 1) Manually instantiated XPM_CDC modules: Xilinx recommends that you remove these modules. 
 2) Xilinx IP that contains XPM_CDC modules: Verify the connections to the IP to determine whether you can safely ignore this message.
 [D:/Xilinx/Vivado/2018.3/data/ip/xpm/xpm_cdc/tcl/xpm_cdc_single.tcl:5]
Finished Sourcing Tcl File [D:/Xilinx/Vivado/2018.3/data/ip/xpm/xpm_cdc/tcl/xpm_cdc_single.tcl] for cell 'U0_ps_ai_peripheral/ZGolo/u_AI_Mate_top/buyi_icore_post_top_u0/icore_post_top_u0/post_read_u0/sync_fifo_u0/U0/inst_fifo_gen/gconvfifo.rf/grf.rf/rstblk/ngwrdrst.grst.g7serrst.gnsckt_wrst.gic_rst.xpm_cdc_single_inst_wrst_rd'
Sourcing Tcl File [D:/Xilinx/Vivado/2018.3/data/ip/xpm/xpm_cdc/tcl/xpm_cdc_single.tcl] for cell 'U0_ps_ai_peripheral/frame_to_ps_inst0/cmos_write_req_gen_m0/windex_buf_2b_16w_u0/U0/inst_fifo_gen/gconvfifo.rf/grf.rf/rstblk/ngwrdrst.grst.g7serrst.gnsckt_wrst.gic_rst.xpm_cdc_single_inst_rrst_wr'
Finished Sourcing Tcl File [D:/Xilinx/Vivado/2018.3/data/ip/xpm/xpm_cdc/tcl/xpm_cdc_single.tcl] for cell 'U0_ps_ai_peripheral/frame_to_ps_inst0/cmos_write_req_gen_m0/windex_buf_2b_16w_u0/U0/inst_fifo_gen/gconvfifo.rf/grf.rf/rstblk/ngwrdrst.grst.g7serrst.gnsckt_wrst.gic_rst.xpm_cdc_single_inst_rrst_wr'
Sourcing Tcl File [D:/Xilinx/Vivado/2018.3/data/ip/xpm/xpm_cdc/tcl/xpm_cdc_single.tcl] for cell 'U0_ps_ai_peripheral/frame_to_ps_inst0/cmos_write_req_gen_m0/windex_buf_2b_16w_u0/U0/inst_fifo_gen/gconvfifo.rf/grf.rf/rstblk/ngwrdrst.grst.g7serrst.gnsckt_wrst.gic_rst.xpm_cdc_single_inst_wrst_rd'
Finished Sourcing Tcl File [D:/Xilinx/Vivado/2018.3/data/ip/xpm/xpm_cdc/tcl/xpm_cdc_single.tcl] for cell 'U0_ps_ai_peripheral/frame_to_ps_inst0/cmos_write_req_gen_m0/windex_buf_2b_16w_u0/U0/inst_fifo_gen/gconvfifo.rf/grf.rf/rstblk/ngwrdrst.grst.g7serrst.gnsckt_wrst.gic_rst.xpm_cdc_single_inst_wrst_rd'
Sourcing Tcl File [D:/Xilinx/Vivado/2018.3/data/ip/xpm/xpm_cdc/tcl/xpm_cdc_sync_rst.tcl] for cell 'U0_ps_ai_peripheral/frame_to_ps_inst0/frame_read_write_m0/write_buf/U0/inst_fifo_gen/gconvfifo.rf/grf.rf/rstblk/ngwrdrst.grst.g7serrst.gsckt_wrst.gic_rst.xpm_cdc_sync_rst_inst_wrst'
Finished Sourcing Tcl File [D:/Xilinx/Vivado/2018.3/data/ip/xpm/xpm_cdc/tcl/xpm_cdc_sync_rst.tcl] for cell 'U0_ps_ai_peripheral/frame_to_ps_inst0/frame_read_write_m0/write_buf/U0/inst_fifo_gen/gconvfifo.rf/grf.rf/rstblk/ngwrdrst.grst.g7serrst.gsckt_wrst.gic_rst.xpm_cdc_sync_rst_inst_wrst'
Sourcing Tcl File [D:/Xilinx/Vivado/2018.3/data/ip/xpm/xpm_cdc/tcl/xpm_cdc_sync_rst.tcl] for cell 'U0_ps_ai_peripheral/frame_to_ps_inst0/frame_read_write_m0/write_buf/U0/inst_fifo_gen/gconvfifo.rf/grf.rf/rstblk/ngwrdrst.grst.g7serrst.gsckt_wrst.xpm_cdc_sync_rst_inst_wrst'
Finished Sourcing Tcl File [D:/Xilinx/Vivado/2018.3/data/ip/xpm/xpm_cdc/tcl/xpm_cdc_sync_rst.tcl] for cell 'U0_ps_ai_peripheral/frame_to_ps_inst0/frame_read_write_m0/write_buf/U0/inst_fifo_gen/gconvfifo.rf/grf.rf/rstblk/ngwrdrst.grst.g7serrst.gsckt_wrst.xpm_cdc_sync_rst_inst_wrst'
Sourcing Tcl File [D:/Xilinx/Vivado/2018.3/data/ip/xpm/xpm_cdc/tcl/xpm_cdc_sync_rst.tcl] for cell 'U0_ps_ai_peripheral/frame_to_ps_inst0/frame_read_write_m0/write_buf/U0/inst_fifo_gen/gconvfifo.rf/grf.rf/rstblk/ngwrdrst.grst.g7serrst.gnrst_full.gsckt_bsy_o.xpm_cdc_sync_rst_sckt_bsy_o'
Finished Sourcing Tcl File [D:/Xilinx/Vivado/2018.3/data/ip/xpm/xpm_cdc/tcl/xpm_cdc_sync_rst.tcl] for cell 'U0_ps_ai_peripheral/frame_to_ps_inst0/frame_read_write_m0/write_buf/U0/inst_fifo_gen/gconvfifo.rf/grf.rf/rstblk/ngwrdrst.grst.g7serrst.gnrst_full.gsckt_bsy_o.xpm_cdc_sync_rst_sckt_bsy_o'
Sourcing Tcl File [D:/Xilinx/Vivado/2018.3/data/ip/xpm/xpm_cdc/tcl/xpm_cdc_sync_rst.tcl] for cell 'U0_ps_ai_peripheral/frame_trans_inst0/axis_master_inst/afifo_24w_4096d_u0/U0/inst_fifo_gen/gconvfifo.rf/grf.rf/rstblk/ngwrdrst.grst.g7serrst.gsckt_wrst.gic_rst.xpm_cdc_sync_rst_inst_wrst'
Finished Sourcing Tcl File [D:/Xilinx/Vivado/2018.3/data/ip/xpm/xpm_cdc/tcl/xpm_cdc_sync_rst.tcl] for cell 'U0_ps_ai_peripheral/frame_trans_inst0/axis_master_inst/afifo_24w_4096d_u0/U0/inst_fifo_gen/gconvfifo.rf/grf.rf/rstblk/ngwrdrst.grst.g7serrst.gsckt_wrst.gic_rst.xpm_cdc_sync_rst_inst_wrst'
Sourcing Tcl File [D:/Xilinx/Vivado/2018.3/data/ip/xpm/xpm_cdc/tcl/xpm_cdc_sync_rst.tcl] for cell 'U0_ps_ai_peripheral/frame_trans_inst0/axis_master_inst/afifo_24w_4096d_u0/U0/inst_fifo_gen/gconvfifo.rf/grf.rf/rstblk/ngwrdrst.grst.g7serrst.gsckt_wrst.xpm_cdc_sync_rst_inst_wrst'
Finished Sourcing Tcl File [D:/Xilinx/Vivado/2018.3/data/ip/xpm/xpm_cdc/tcl/xpm_cdc_sync_rst.tcl] for cell 'U0_ps_ai_peripheral/frame_trans_inst0/axis_master_inst/afifo_24w_4096d_u0/U0/inst_fifo_gen/gconvfifo.rf/grf.rf/rstblk/ngwrdrst.grst.g7serrst.gsckt_wrst.xpm_cdc_sync_rst_inst_wrst'
Sourcing Tcl File [D:/Xilinx/Vivado/2018.3/data/ip/xpm/xpm_cdc/tcl/xpm_cdc_sync_rst.tcl] for cell 'U0_ps_ai_peripheral/frame_to_ps_inst0/frame_read_write_m0/read_buf/U0/inst_fifo_gen/gconvfifo.rf/grf.rf/rstblk/ngwrdrst.grst.g7serrst.gsckt_wrst.gic_rst.xpm_cdc_sync_rst_inst_wrst'
Finished Sourcing Tcl File [D:/Xilinx/Vivado/2018.3/data/ip/xpm/xpm_cdc/tcl/xpm_cdc_sync_rst.tcl] for cell 'U0_ps_ai_peripheral/frame_to_ps_inst0/frame_read_write_m0/read_buf/U0/inst_fifo_gen/gconvfifo.rf/grf.rf/rstblk/ngwrdrst.grst.g7serrst.gsckt_wrst.gic_rst.xpm_cdc_sync_rst_inst_wrst'
Sourcing Tcl File [D:/Xilinx/Vivado/2018.3/data/ip/xpm/xpm_cdc/tcl/xpm_cdc_sync_rst.tcl] for cell 'U0_ps_ai_peripheral/frame_to_ps_inst0/frame_read_write_m0/read_buf/U0/inst_fifo_gen/gconvfifo.rf/grf.rf/rstblk/ngwrdrst.grst.g7serrst.gsckt_wrst.xpm_cdc_sync_rst_inst_wrst'
Finished Sourcing Tcl File [D:/Xilinx/Vivado/2018.3/data/ip/xpm/xpm_cdc/tcl/xpm_cdc_sync_rst.tcl] for cell 'U0_ps_ai_peripheral/frame_to_ps_inst0/frame_read_write_m0/read_buf/U0/inst_fifo_gen/gconvfifo.rf/grf.rf/rstblk/ngwrdrst.grst.g7serrst.gsckt_wrst.xpm_cdc_sync_rst_inst_wrst'
INFO: [Opt 31-138] Pushed 0 inverter(s) to 0 load pin(s).
Netlist sorting complete. Time (s): cpu = 00:00:00 ; elapsed = 00:00:00.131 . Memory (MB): peak = 2411.211 ; gain = 0.000
INFO: [Project 1-111] Unisim Transformation Summary:
  A total of 2193 instances were transformed.
  IOBUFDS_DIFF_OUT_DCIEN => IOBUFDS_DIFF_OUT_DCIEN (IBUFDS_IBUFDISABLE_INT, IBUFDS_IBUFDISABLE_INT, INV, OBUFTDS_DCIEN, OBUFTDS_DCIEN): 8 instances
  IOBUF_DCIEN => IOBUF_DCIEN (IBUF_IBUFDISABLE, OBUFT_DCIEN): 64 instances
  LUT6_2 => LUT6_2 (LUT5, LUT6): 329 instances
  OBUFDS => OBUFDS: 4 instances
  OBUFDS => OBUFDS_DUAL_BUF (INV, OBUFDS, OBUFDS): 1 instances
  RAM16X1D => RAM32X1D (RAMD32, RAMD32): 4 instances
  RAM32M => RAM32M (RAMD32, RAMD32, RAMD32, RAMD32, RAMD32, RAMD32, RAMS32, RAMS32): 1024 instances
  RAM64M => RAM64M (RAMD64E, RAMD64E, RAMD64E, RAMD64E): 703 instances
  RAM64X1D => RAM64X1D (RAMD64E, RAMD64E): 56 instances

61 Infos, 35 Warnings, 8 Critical Warnings and 0 Errors encountered.
link_design completed successfully
link_design: Time (s): cpu = 00:01:04 ; elapsed = 00:01:00 . Memory (MB): peak = 2411.211 ; gain = 2016.465
source D:/ADProjects/FPGA43DGS/platform/flicker_grouplutram_fpga/ip_patch/process_control/implementation_opt_pre.tcl
Start pre_opt_design_patch :
WARNING: [Vivado 12-180] No cells matched 'get_cells -hierarchical -regexp -filter {REF_NAME=~JDY_ip_top_.* || ORIG_REF_NAME=~JDY_ip_top_.*}'.
WARNING: [Vivado 12-180] No cells matched 'get_cells [get_cells -hierarchical -regexp -filter {REF_NAME=~JDY_ip_top_.* || ORIG_REF_NAME=~JDY_ip_top_.*}]'.
Current project don't need to replace JDY_top_u0 cell!
Finish pre_opt_design_patch successfully!
Command: opt_design
Attempting to get a license for feature 'Implementation' and/or device 'xc7z030'
INFO: [Common 17-349] Got license for feature 'Implementation' and/or device 'xc7z030'
Running DRC as a precondition to command opt_design

Starting DRC Task
INFO: [DRC 23-27] Running DRC with 2 threads
INFO: [Project 1-461] DRC finished with 0 Errors
INFO: [Project 1-462] Please refer to the DRC report (report_drc) for more information.

Time (s): cpu = 00:00:03 ; elapsed = 00:00:02 . Memory (MB): peak = 2411.211 ; gain = 0.000

Starting Cache Timing Information Task
INFO: [Timing 38-35] Done setting XDC timing constraints.
Ending Cache Timing Information Task | Checksum: f4f53e6d

Time (s): cpu = 00:00:13 ; elapsed = 00:00:09 . Memory (MB): peak = 2411.211 ; gain = 0.000

Starting Logic Optimization Task

Phase 1 Retarget
INFO: [Opt 31-138] Pushed 217 inverter(s) to 609 load pin(s).
INFO: [Opt 31-49] Retargeted 0 cell(s).
Phase 1 Retarget | Checksum: 105e87dc5

Time (s): cpu = 00:00:09 ; elapsed = 00:00:07 . Memory (MB): peak = 2488.406 ; gain = 42.137
INFO: [Opt 31-389] Phase Retarget created 3546 cells and removed 4611 cells
INFO: [Opt 31-1021] In phase Retarget, 390 netlist objects are constrained preventing optimization. Please run opt_design with -debug_log to get more detail. 

Phase 2 Constant propagation
INFO: [Opt 31-138] Pushed 22 inverter(s) to 57 load pin(s).
Phase 2 Constant propagation | Checksum: e1a88d09

Time (s): cpu = 00:00:12 ; elapsed = 00:00:10 . Memory (MB): peak = 2488.406 ; gain = 42.137
INFO: [Opt 31-389] Phase Constant propagation created 2120 cells and removed 6316 cells
INFO: [Opt 31-1021] In phase Constant propagation, 308 netlist objects are constrained preventing optimization. Please run opt_design with -debug_log to get more detail. 

Phase 3 Sweep
INFO: [Opt 31-120] Instance U0_ps_ai_peripheral/frame_to_ps_inst0/frame_read_write_m0/fifo_1_u0/U0/inst_fifo_gen/gconvfifo.rf/grf.rf/gntv_or_sync_fifo.gl0.rd/grss.rsts/gae.c3 (fifo_1_compare_4) has been optimized to an empty box cell during sweep but it has constraints that prevent its removal. Empty box cells do not impact the implementation flow but they have no functional relevance.
Resolution: If this is not expected, please check for DONT_TOUCH properties or timing constraint set on the empty box cell or on nets connected to the cell. If found, remove the relevant DONT_TOUCH property or timing constraint and re-run opt_design.
Phase 3 Sweep | Checksum: 12f324354

Time (s): cpu = 00:00:22 ; elapsed = 00:00:20 . Memory (MB): peak = 2488.406 ; gain = 42.137
INFO: [Opt 31-389] Phase Sweep created 0 cells and removed 6804 cells
INFO: [Opt 31-1021] In phase Sweep, 3177 netlist objects are constrained preventing optimization. Please run opt_design with -debug_log to get more detail. 

Phase 4 BUFG optimization
Phase 4 BUFG optimization | Checksum: 12f324354

Time (s): cpu = 00:00:24 ; elapsed = 00:00:23 . Memory (MB): peak = 2488.406 ; gain = 42.137
INFO: [Opt 31-662] Phase BUFG optimization created 0 cells of which 0 are BUFGs and removed 0 cells.

Phase 5 Shift Register Optimization
Phase 5 Shift Register Optimization | Checksum: 1ed155cea

Time (s): cpu = 00:00:34 ; elapsed = 00:00:32 . Memory (MB): peak = 2488.406 ; gain = 42.137
INFO: [Opt 31-389] Phase Shift Register Optimization created 0 cells and removed 0 cells

Phase 6 Post Processing Netlist
Phase 6 Post Processing Netlist | Checksum: 214f84220

Time (s): cpu = 00:00:35 ; elapsed = 00:00:33 . Memory (MB): peak = 2488.406 ; gain = 42.137
INFO: [Opt 31-389] Phase Post Processing Netlist created 0 cells and removed 2 cells
INFO: [Opt 31-1021] In phase Post Processing Netlist, 230 netlist objects are constrained preventing optimization. Please run opt_design with -debug_log to get more detail. 
Opt_design Change Summary
=========================


-------------------------------------------------------------------------------------------------------------------------
|  Phase                        |  #Cells created  |  #Cells Removed  |  #Constrained objects preventing optimizations  |
-------------------------------------------------------------------------------------------------------------------------
|  Retarget                     |            3546  |            4611  |                                            390  |
|  Constant propagation         |            2120  |            6316  |                                            308  |
|  Sweep                        |               0  |            6804  |                                           3177  |
|  BUFG optimization            |               0  |               0  |                                              0  |
|  Shift Register Optimization  |               0  |               0  |                                              0  |
|  Post Processing Netlist      |               0  |               2  |                                            230  |
-------------------------------------------------------------------------------------------------------------------------



Starting Connectivity Check Task

Time (s): cpu = 00:00:01 ; elapsed = 00:00:00.231 . Memory (MB): peak = 2488.406 ; gain = 0.000
Ending Logic Optimization Task | Checksum: 192f5dfb6

Time (s): cpu = 00:00:36 ; elapsed = 00:00:34 . Memory (MB): peak = 2488.406 ; gain = 42.137

Starting Power Optimization Task
INFO: [Pwropt 34-132] Skipping clock gating for clocks with a period < 2.00 ns.
INFO: [Timing 38-35] Done setting XDC timing constraints.
INFO: [Pwropt 34-9] Applying IDT optimizations ...
INFO: [Pwropt 34-10] Applying ODC optimizations ...
INFO: [Physopt 32-619] Estimated Timing Summary | WNS=0.070 | TNS=0.000 |
WARNING: [Power 33-198] PS7 POWER property is not specified on the PS7 instance. Power reported will not be accurate.
Running Vector-less Activity Propagation...

Finished Running Vector-less Activity Propagation


Starting PowerOpt Patch Enables Task
INFO: [Pwropt 34-162] WRITE_MODE attribute of 79 BRAM(s) out of a total of 246 has been updated to save power. Run report_power_opt to get a complete listing of the BRAMs updated.
INFO: [Timing 38-35] Done setting XDC timing constraints.
INFO: [Pwropt 34-201] Structural ODC has moved 8 WE to EN ports
Number of BRAM Ports augmented: 145 newly gated: 18 Total Ports: 492
Number of Flops added for Enable Generation: 6

Ending PowerOpt Patch Enables Task | Checksum: 15d064fe6

Time (s): cpu = 00:00:08 ; elapsed = 00:00:05 . Memory (MB): peak = 4184.922 ; gain = 0.000
Ending Power Optimization Task | Checksum: 15d064fe6

Time (s): cpu = 00:01:06 ; elapsed = 00:00:35 . Memory (MB): peak = 4184.922 ; gain = 1696.516

Starting Final Cleanup Task

Starting Logic Optimization Task
INFO: [Timing 38-35] Done setting XDC timing constraints.
Ending Logic Optimization Task | Checksum: 1e5b34590

Time (s): cpu = 00:00:16 ; elapsed = 00:00:13 . Memory (MB): peak = 4184.922 ; gain = 0.000
Ending Final Cleanup Task | Checksum: 1e5b34590

Time (s): cpu = 00:00:18 ; elapsed = 00:00:14 . Memory (MB): peak = 4184.922 ; gain = 0.000

Starting Netlist Obfuscation Task
Netlist sorting complete. Time (s): cpu = 00:00:00 ; elapsed = 00:00:00.064 . Memory (MB): peak = 4184.922 ; gain = 0.000
Ending Netlist Obfuscation Task | Checksum: 1e5b34590

Time (s): cpu = 00:00:00 ; elapsed = 00:00:00.065 . Memory (MB): peak = 4184.922 ; gain = 0.000
INFO: [Common 17-83] Releasing license: Implementation
90 Infos, 38 Warnings, 8 Critical Warnings and 0 Errors encountered.
opt_design completed successfully
opt_design: Time (s): cpu = 00:02:19 ; elapsed = 00:01:38 . Memory (MB): peak = 4184.922 ; gain = 1773.711
source D:/ADProjects/FPGA43DGS/platform/flicker_grouplutram_fpga/ip_patch/process_control/implementation_opt_post.tcl
current_dictory_path is D:/ADProjects/FPGA43DGS/platform/flicker_grouplutram_fpga/fpai_demo_vivado.runs/impl_1
loc_index is 79.
dst_str is D:/ADProjects/FPGA43DGS/platform/flicker_grouplutram_fpga/fpai_demo_vivado.runs
prj_path is D:/ADProjects/FPGA43DGS/platform/flicker_grouplutram_fpga/fpai_demo_vivado.xpr
Scanning sources...
Finished scanning sources
INFO: [IP_Flow 19-234] Refreshing IP repositories
INFO: [IP_Flow 19-1700] Loaded user IP repository 'd:/ADProjects/FPGA43DGS/platform/flicker_grouplutram_fpga/PS_AI IP'.
INFO: [IP_Flow 19-2313] Loaded Vivado IP repository 'D:/Xilinx/Vivado/2018.3/data/ip'.
WARNING: [IP_Flow 19-1663] Duplicate IP found for 'xilinx.com:ip:processing_system7:5.5'. The one found in IP location 'd:/ADProjects/FPGA43DGS/platform/flicker_grouplutram_fpga/PS_AI IP/processing_system7_v5_5' will take precedence over the same IP in the Xilinx installed IP.
WARNING: [IP_Flow 19-4830] Duplicate Interface found for 'xilinx.com:display_processing_system7:fixedio:1.0'. The one found in location 'd:/ADProjects/FPGA43DGS/platform/flicker_grouplutram_fpga/PS_AI IP/processing_system7_v5_5/fixedio.xml' will take precedence over the same Interface in location 'd:/Xilinx/Vivado/2018.3/data/ip/xilinx/processing_system7_v5_5/fixedio.xml'
WARNING: [IP_Flow 19-4830] Duplicate Interface found for 'xilinx.com:display_processing_system7:hpstatusctrl:1.0'. The one found in location 'd:/ADProjects/FPGA43DGS/platform/flicker_grouplutram_fpga/PS_AI IP/processing_system7_v5_5/hpstatusctrl.xml' will take precedence over the same Interface in location 'd:/Xilinx/Vivado/2018.3/data/ip/xilinx/processing_system7_v5_5/hpstatusctrl.xml'
WARNING: [IP_Flow 19-4830] Duplicate Interface found for 'xilinx.com:display_processing_system7:usbctrl:1.0'. The one found in location 'd:/ADProjects/FPGA43DGS/platform/flicker_grouplutram_fpga/PS_AI IP/processing_system7_v5_5/usbctrl.xml' will take precedence over the same Interface in location 'd:/Xilinx/Vivado/2018.3/data/ip/xilinx/processing_system7_v5_5/usbctrl.xml'
step 4:post_opt_design_patch

The post-optimized netlist starts patching!

Start fmsh_psoc_database_check now!
set buf_value to BUFG
set startupe2_value FALSE
Set -device to 0!
buf_value : BUFG
startupe2_value : FALSE
runEco3_value : TRUE
qpll_value : FALSE
xadc_value : FALSE
bram_patch_check_value : TRUE
bh_bram_value : SKIP {}
xadc_filter_value:TRUE
device_value:0
bh_mig_value:FALSE
rx_def_kl_value:FALSE
Skip BaiHu MIG eco patch successfully!
WARNING: [Vivado 12-180] No cells matched 'get_cells -hier -filter {REF_NAME == "XADC" && PRIMITIVE_LEVEL == "LEAF"}'.
SKIP bh_bram patch successfully!
Skip startupe2 patch successfully! 
Start BRAM SDP patch NORMAL mode:
The  xc7z030ffg676-2 device don't need BRAM patch!
Finished BRAM SDP patch.
Skip qpll successfully! 

The post-optimized netlist patches successfully!

WARNING: [Vivado 12-180] No cells matched 'get_cells -hierarchical -regexp -filter {REF_NAME=~JDY_ip_top_.* || ORIG_REF_NAME=~JDY_ip_top_.*}'.
WARNING: [Vivado 12-180] No cells matched 'get_cells [get_cells -hierarchical -regexp -filter {REF_NAME=~JDY_ip_top_.* || ORIG_REF_NAME=~JDY_ip_top_.*}]'.
Netlist sorting complete. Time (s): cpu = 00:00:00 ; elapsed = 00:00:00.063 . Memory (MB): peak = 4184.922 ; gain = 0.000
INFO: [Timing 38-480] Writing timing data to binary archive.
Writing placer database...
Writing XDEF routing.
Writing XDEF routing logical nets.
Writing XDEF routing special nets.
Write XDEF Complete: Time (s): cpu = 00:00:00 ; elapsed = 00:00:00.301 . Memory (MB): peak = 4184.922 ; gain = 0.000
Netlist sorting complete. Time (s): cpu = 00:00:00 ; elapsed = 00:00:00.069 . Memory (MB): peak = 4184.922 ; gain = 0.000
INFO: [Common 17-1381] The checkpoint 'D:/ADProjects/FPGA43DGS/platform/flicker_grouplutram_fpga/fpai_demo_vivado.runs/impl_1/ai7030_edif_top_opt.dcp' has been generated.
write_checkpoint: Time (s): cpu = 00:00:29 ; elapsed = 00:00:24 . Memory (MB): peak = 4184.922 ; gain = 0.000
INFO: [runtcl-4] Executing : report_drc -file ai7030_edif_top_drc_opted.rpt -pb ai7030_edif_top_drc_opted.pb -rpx ai7030_edif_top_drc_opted.rpx
Command: report_drc -file ai7030_edif_top_drc_opted.rpt -pb ai7030_edif_top_drc_opted.pb -rpx ai7030_edif_top_drc_opted.rpx
INFO: [IP_Flow 19-234] Refreshing IP repositories
INFO: [IP_Flow 19-1700] Loaded user IP repository 'd:/ADProjects/FPGA43DGS/platform/flicker_grouplutram_fpga/PS_AI IP'.
WARNING: [IP_Flow 19-1663] Duplicate IP found for 'xilinx.com:ip:processing_system7:5.5'. The one found in IP location 'd:/ADProjects/FPGA43DGS/platform/flicker_grouplutram_fpga/PS_AI IP/processing_system7_v5_5' will take precedence over the same IP in the Xilinx installed IP.
WARNING: [IP_Flow 19-4830] Duplicate Interface found for 'xilinx.com:display_processing_system7:fixedio:1.0'. The one found in location 'd:/ADProjects/FPGA43DGS/platform/flicker_grouplutram_fpga/PS_AI IP/processing_system7_v5_5/fixedio.xml' will take precedence over the same Interface in location 'd:/Xilinx/Vivado/2018.3/data/ip/xilinx/processing_system7_v5_5/fixedio.xml'
WARNING: [IP_Flow 19-4830] Duplicate Interface found for 'xilinx.com:display_processing_system7:hpstatusctrl:1.0'. The one found in location 'd:/ADProjects/FPGA43DGS/platform/flicker_grouplutram_fpga/PS_AI IP/processing_system7_v5_5/hpstatusctrl.xml' will take precedence over the same Interface in location 'd:/Xilinx/Vivado/2018.3/data/ip/xilinx/processing_system7_v5_5/hpstatusctrl.xml'
WARNING: [IP_Flow 19-4830] Duplicate Interface found for 'xilinx.com:display_processing_system7:usbctrl:1.0'. The one found in location 'd:/ADProjects/FPGA43DGS/platform/flicker_grouplutram_fpga/PS_AI IP/processing_system7_v5_5/usbctrl.xml' will take precedence over the same Interface in location 'd:/Xilinx/Vivado/2018.3/data/ip/xilinx/processing_system7_v5_5/usbctrl.xml'
INFO: [DRC 23-27] Running DRC with 2 threads
WARNING: [Designutils 20-3303] unexpected site type 'IOPAD' in HDPYFinalizeIO
WARNING: [Designutils 20-3303] unexpected site type 'IOPAD' in HDPYFinalizeIO
WARNING: [Designutils 20-3303] unexpected site type 'IOPAD' in HDPYFinalizeIO
WARNING: [Designutils 20-3303] unexpected site type 'IOPAD' in HDPYFinalizeIO
WARNING: [Designutils 20-3303] unexpected site type 'IOPAD' in HDPYFinalizeIO
WARNING: [Designutils 20-3303] unexpected site type 'IOPAD' in HDPYFinalizeIO
WARNING: [Designutils 20-3303] unexpected site type 'IOPAD' in HDPYFinalizeIO
WARNING: [Designutils 20-3303] unexpected site type 'IOPAD' in HDPYFinalizeIO
WARNING: [Designutils 20-3303] unexpected site type 'IOPAD' in HDPYFinalizeIO
WARNING: [Designutils 20-3303] unexpected site type 'IOPAD' in HDPYFinalizeIO
WARNING: [Designutils 20-3303] unexpected site type 'IOPAD' in HDPYFinalizeIO
WARNING: [Designutils 20-3303] unexpected site type 'IOPAD' in HDPYFinalizeIO
WARNING: [Designutils 20-3303] unexpected site type 'IOPAD' in HDPYFinalizeIO
WARNING: [Designutils 20-3303] unexpected site type 'IOPAD' in HDPYFinalizeIO
WARNING: [Designutils 20-3303] unexpected site type 'IOPAD' in HDPYFinalizeIO
WARNING: [Designutils 20-3303] unexpected site type 'IOPAD' in HDPYFinalizeIO
WARNING: [Designutils 20-3303] unexpected site type 'IOPAD' in HDPYFinalizeIO
WARNING: [Designutils 20-3303] unexpected site type 'IOPAD' in HDPYFinalizeIO
WARNING: [Designutils 20-3303] unexpected site type 'IOPAD' in HDPYFinalizeIO
WARNING: [Designutils 20-3303] unexpected site type 'IOPAD' in HDPYFinalizeIO
WARNING: [Designutils 20-3303] unexpected site type 'IOPAD' in HDPYFinalizeIO
WARNING: [Designutils 20-3303] unexpected site type 'IOPAD' in HDPYFinalizeIO
WARNING: [Designutils 20-3303] unexpected site type 'IOPAD' in HDPYFinalizeIO
WARNING: [Designutils 20-3303] unexpected site type 'IOPAD' in HDPYFinalizeIO
WARNING: [Designutils 20-3303] unexpected site type 'IOPAD' in HDPYFinalizeIO
WARNING: [Designutils 20-3303] unexpected site type 'IOPAD' in HDPYFinalizeIO
WARNING: [Designutils 20-3303] unexpected site type 'IOPAD' in HDPYFinalizeIO
WARNING: [Designutils 20-3303] unexpected site type 'IOPAD' in HDPYFinalizeIO
WARNING: [Designutils 20-3303] unexpected site type 'IOPAD' in HDPYFinalizeIO
WARNING: [Designutils 20-3303] unexpected site type 'IOPAD' in HDPYFinalizeIO
WARNING: [Designutils 20-3303] unexpected site type 'IOPAD' in HDPYFinalizeIO
WARNING: [Designutils 20-3303] unexpected site type 'IOPAD' in HDPYFinalizeIO
WARNING: [Designutils 20-3303] unexpected site type 'IOPAD' in HDPYFinalizeIO
WARNING: [Designutils 20-3303] unexpected site type 'IOPAD' in HDPYFinalizeIO
WARNING: [Designutils 20-3303] unexpected site type 'IOPAD' in HDPYFinalizeIO
WARNING: [Designutils 20-3303] unexpected site type 'IOPAD' in HDPYFinalizeIO
WARNING: [Designutils 20-3303] unexpected site type 'IOPAD' in HDPYFinalizeIO
WARNING: [Designutils 20-3303] unexpected site type 'IOPAD' in HDPYFinalizeIO
WARNING: [Designutils 20-3303] unexpected site type 'IOPAD' in HDPYFinalizeIO
WARNING: [Designutils 20-3303] unexpected site type 'IOPAD' in HDPYFinalizeIO
WARNING: [Designutils 20-3303] unexpected site type 'IOPAD' in HDPYFinalizeIO
WARNING: [Designutils 20-3303] unexpected site type 'IOPAD' in HDPYFinalizeIO
WARNING: [Designutils 20-3303] unexpected site type 'IOPAD' in HDPYFinalizeIO
WARNING: [Designutils 20-3303] unexpected site type 'IOPAD' in HDPYFinalizeIO
WARNING: [Designutils 20-3303] unexpected site type 'IOPAD' in HDPYFinalizeIO
WARNING: [Designutils 20-3303] unexpected site type 'IOPAD' in HDPYFinalizeIO
WARNING: [Designutils 20-3303] unexpected site type 'IOPAD' in HDPYFinalizeIO
WARNING: [Designutils 20-3303] unexpected site type 'IOPAD' in HDPYFinalizeIO
WARNING: [Designutils 20-3303] unexpected site type 'IOPAD' in HDPYFinalizeIO
WARNING: [Designutils 20-3303] unexpected site type 'IOPAD' in HDPYFinalizeIO
WARNING: [Designutils 20-3303] unexpected site type 'IOPAD' in HDPYFinalizeIO
WARNING: [Designutils 20-3303] unexpected site type 'IOPAD' in HDPYFinalizeIO
WARNING: [Designutils 20-3303] unexpected site type 'IOPAD' in HDPYFinalizeIO
WARNING: [Designutils 20-3303] unexpected site type 'IOPAD' in HDPYFinalizeIO
WARNING: [Designutils 20-3303] unexpected site type 'IOPAD' in HDPYFinalizeIO
WARNING: [Designutils 20-3303] unexpected site type 'IOPAD' in HDPYFinalizeIO
WARNING: [Designutils 20-3303] unexpected site type 'IOPAD' in HDPYFinalizeIO
WARNING: [Designutils 20-3303] unexpected site type 'IOPAD' in HDPYFinalizeIO
WARNING: [Designutils 20-3303] unexpected site type 'IOPAD' in HDPYFinalizeIO
WARNING: [Designutils 20-3303] unexpected site type 'IOPAD' in HDPYFinalizeIO
WARNING: [Designutils 20-3303] unexpected site type 'IOPAD' in HDPYFinalizeIO
WARNING: [Designutils 20-3303] unexpected site type 'IOPAD' in HDPYFinalizeIO
WARNING: [Designutils 20-3303] unexpected site type 'IOPAD' in HDPYFinalizeIO
WARNING: [Designutils 20-3303] unexpected site type 'IOPAD' in HDPYFinalizeIO
WARNING: [Designutils 20-3303] unexpected site type 'IOPAD' in HDPYFinalizeIO
WARNING: [Designutils 20-3303] unexpected site type 'IOPAD' in HDPYFinalizeIO
WARNING: [Designutils 20-3303] unexpected site type 'IOPAD' in HDPYFinalizeIO
WARNING: [Designutils 20-3303] unexpected site type 'IOPAD' in HDPYFinalizeIO
WARNING: [Designutils 20-3303] unexpected site type 'IOPAD' in HDPYFinalizeIO
WARNING: [Designutils 20-3303] unexpected site type 'IOPAD' in HDPYFinalizeIO
WARNING: [Designutils 20-3303] unexpected site type 'IOPAD' in HDPYFinalizeIO
WARNING: [Designutils 20-3303] unexpected site type 'IOPAD' in HDPYFinalizeIO
WARNING: [Designutils 20-3303] unexpected site type 'IOPAD' in HDPYFinalizeIO
WARNING: [Designutils 20-3303] unexpected site type 'IOPAD' in HDPYFinalizeIO
WARNING: [Designutils 20-3303] unexpected site type 'IOPAD' in HDPYFinalizeIO
WARNING: [Designutils 20-3303] unexpected site type 'IOPAD' in HDPYFinalizeIO
WARNING: [Designutils 20-3303] unexpected site type 'IOPAD' in HDPYFinalizeIO
WARNING: [Designutils 20-3303] unexpected site type 'IOPAD' in HDPYFinalizeIO
WARNING: [Designutils 20-3303] unexpected site type 'IOPAD' in HDPYFinalizeIO
WARNING: [Designutils 20-3303] unexpected site type 'IOPAD' in HDPYFinalizeIO
WARNING: [Designutils 20-3303] unexpected site type 'IOPAD' in HDPYFinalizeIO
WARNING: [Designutils 20-3303] unexpected site type 'IOPAD' in HDPYFinalizeIO
WARNING: [Designutils 20-3303] unexpected site type 'IOPAD' in HDPYFinalizeIO
WARNING: [Designutils 20-3303] unexpected site type 'IOPAD' in HDPYFinalizeIO
WARNING: [Designutils 20-3303] unexpected site type 'IOPAD' in HDPYFinalizeIO
WARNING: [Designutils 20-3303] unexpected site type 'IOPAD' in HDPYFinalizeIO
WARNING: [Designutils 20-3303] unexpected site type 'IOPAD' in HDPYFinalizeIO
WARNING: [Designutils 20-3303] unexpected site type 'IOPAD' in HDPYFinalizeIO
WARNING: [Designutils 20-3303] unexpected site type 'IOPAD' in HDPYFinalizeIO
WARNING: [Designutils 20-3303] unexpected site type 'IOPAD' in HDPYFinalizeIO
WARNING: [Designutils 20-3303] unexpected site type 'IOPAD' in HDPYFinalizeIO
WARNING: [Designutils 20-3303] unexpected site type 'IOPAD' in HDPYFinalizeIO
WARNING: [Designutils 20-3303] unexpected site type 'IOPAD' in HDPYFinalizeIO
WARNING: [Designutils 20-3303] unexpected site type 'IOPAD' in HDPYFinalizeIO
WARNING: [Designutils 20-3303] unexpected site type 'IOPAD' in HDPYFinalizeIO
WARNING: [Designutils 20-3303] unexpected site type 'IOPAD' in HDPYFinalizeIO
WARNING: [Designutils 20-3303] unexpected site type 'IOPAD' in HDPYFinalizeIO
WARNING: [Designutils 20-3303] unexpected site type 'IOPAD' in HDPYFinalizeIO
WARNING: [Designutils 20-3303] unexpected site type 'IOPAD' in HDPYFinalizeIO
WARNING: [Designutils 20-3303] unexpected site type 'IOPAD' in HDPYFinalizeIO
INFO: [Common 17-14] Message 'Designutils 20-3303' appears 100 times and further instances of the messages will be disabled. Use the Tcl command set_msg_config to change the current settings.
INFO: [Coretcl 2-168] The results of DRC are in file D:/ADProjects/FPGA43DGS/platform/flicker_grouplutram_fpga/fpai_demo_vivado.runs/impl_1/ai7030_edif_top_drc_opted.rpt.
report_drc completed successfully
report_drc: Time (s): cpu = 00:00:19 ; elapsed = 00:00:15 . Memory (MB): peak = 4184.922 ; gain = 0.000
Command: place_design -directive ExtraNetDelay_high
Attempting to get a license for feature 'Implementation' and/or device 'xc7z030'
INFO: [Common 17-349] Got license for feature 'Implementation' and/or device 'xc7z030'
INFO: [DRC 23-27] Running DRC with 2 threads
INFO: [Vivado_Tcl 4-198] DRC finished with 0 Errors
INFO: [Vivado_Tcl 4-199] Please refer to the DRC report (report_drc) for more information.
Running DRC as a precondition to command place_design
INFO: [DRC 23-27] Running DRC with 2 threads
WARNING: [DRC CHECK-3] Report rule limit reached: REQP-1839 rule limit reached: 20 violations have been found.
WARNING: [DRC CHECK-3] Report rule limit reached: REQP-1840 rule limit reached: 20 violations have been found.
WARNING: [DRC REQP-1839] RAMB36 async control check: The RAMB36E1 U0_ps_ai_peripheral/ZGolo/u_AI_Mate_top/U0_ddr2hp_itcn/U0_dmux4/U0_aw_axi_fifo/w616d64_fifo.U0_w616d64_fifo/U0/inst_fifo_gen/gconvfifo.rf/grf.rf/gntv_or_sync_fifo.mem/gbm.gbmg.gbmga.ngecc.bmg/inst_blk_mem_gen/gnbram.gnativebmg.native_blk_mem_gen/valid.cstr/ramloop[0].ram.r/prim_noinit.ram/DEVICE_7SERIES.NO_BMM_INFO.SDP.WIDE_PRIM36_NO_ECC.ram has an input control pin U0_ps_ai_peripheral/ZGolo/u_AI_Mate_top/U0_ddr2hp_itcn/U0_dmux4/U0_aw_axi_fifo/w616d64_fifo.U0_w616d64_fifo/U0/inst_fifo_gen/gconvfifo.rf/grf.rf/gntv_or_sync_fifo.mem/gbm.gbmg.gbmga.ngecc.bmg/inst_blk_mem_gen/gnbram.gnativebmg.native_blk_mem_gen/valid.cstr/ramloop[0].ram.r/prim_noinit.ram/DEVICE_7SERIES.NO_BMM_INFO.SDP.WIDE_PRIM36_NO_ECC.ram/ENARDEN (net: U0_ps_ai_peripheral/ZGolo/u_AI_Mate_top/U0_ddr2hp_itcn/U0_dmux4/U0_aw_axi_fifo/w616d64_fifo.U0_w616d64_fifo/U0/inst_fifo_gen/gconvfifo.rf/grf.rf/gntv_or_sync_fifo.mem/gbm.gbmg.gbmga.ngecc.bmg/inst_blk_mem_gen/gnbram.gnativebmg.native_blk_mem_gen/valid.cstr/ramloop[0].ram.r/prim_noinit.ram/tmp_ram_rd_en) which is driven by a register (U0_ps_ai_peripheral/ZGolo/u_AI_Mate_top/U0_ddr2hp_itcn/avr_rs_cas_u/rs_cascade_gen[0].avr_rs_u/u_avr_brs/ready_d1_reg) that has an active asychronous set or reset. This may cause corruption of the memory contents and/or read values when the set/reset is asserted and is not analyzed by the default static timing analysis. It is suggested to eliminate the use of a set/reset to registers driving this RAMB pin or else use a synchronous reset in which the assertion of the reset is timed by default.
WARNING: [DRC REQP-1839] RAMB36 async control check: The RAMB36E1 U0_ps_ai_peripheral/ZGolo/u_AI_Mate_top/U0_ddr2hp_itcn/U0_dmux4/U0_aw_axi_fifo/w616d64_fifo.U0_w616d64_fifo/U0/inst_fifo_gen/gconvfifo.rf/grf.rf/gntv_or_sync_fifo.mem/gbm.gbmg.gbmga.ngecc.bmg/inst_blk_mem_gen/gnbram.gnativebmg.native_blk_mem_gen/valid.cstr/ramloop[0].ram.r/prim_noinit.ram/DEVICE_7SERIES.NO_BMM_INFO.SDP.WIDE_PRIM36_NO_ECC.ram has an input control pin U0_ps_ai_peripheral/ZGolo/u_AI_Mate_top/U0_ddr2hp_itcn/U0_dmux4/U0_aw_axi_fifo/w616d64_fifo.U0_w616d64_fifo/U0/inst_fifo_gen/gconvfifo.rf/grf.rf/gntv_or_sync_fifo.mem/gbm.gbmg.gbmga.ngecc.bmg/inst_blk_mem_gen/gnbram.gnativebmg.native_blk_mem_gen/valid.cstr/ramloop[0].ram.r/prim_noinit.ram/DEVICE_7SERIES.NO_BMM_INFO.SDP.WIDE_PRIM36_NO_ECC.ram/ENARDEN (net: U0_ps_ai_peripheral/ZGolo/u_AI_Mate_top/U0_ddr2hp_itcn/U0_dmux4/U0_aw_axi_fifo/w616d64_fifo.U0_w616d64_fifo/U0/inst_fifo_gen/gconvfifo.rf/grf.rf/gntv_or_sync_fifo.mem/gbm.gbmg.gbmga.ngecc.bmg/inst_blk_mem_gen/gnbram.gnativebmg.native_blk_mem_gen/valid.cstr/ramloop[0].ram.r/prim_noinit.ram/tmp_ram_rd_en) which is driven by a register (U0_ps_ai_peripheral/ZGolo/u_AI_Mate_top/U0_ddr2hp_itcn/avr_rs_cas_u/rs_cascade_gen[0].avr_rs_u/u_avr_brs/valid_tmp0_reg) that has an active asychronous set or reset. This may cause corruption of the memory contents and/or read values when the set/reset is asserted and is not analyzed by the default static timing analysis. It is suggested to eliminate the use of a set/reset to registers driving this RAMB pin or else use a synchronous reset in which the assertion of the reset is timed by default.
WARNING: [DRC REQP-1839] RAMB36 async control check: The RAMB36E1 U0_ps_ai_peripheral/ZGolo/u_AI_Mate_top/U0_ddr2hp_itcn/U0_dmux4/U0_aw_axi_fifo/w616d64_fifo.U0_w616d64_fifo/U0/inst_fifo_gen/gconvfifo.rf/grf.rf/gntv_or_sync_fifo.mem/gbm.gbmg.gbmga.ngecc.bmg/inst_blk_mem_gen/gnbram.gnativebmg.native_blk_mem_gen/valid.cstr/ramloop[0].ram.r/prim_noinit.ram/DEVICE_7SERIES.NO_BMM_INFO.SDP.WIDE_PRIM36_NO_ECC.ram has an input control pin U0_ps_ai_peripheral/ZGolo/u_AI_Mate_top/U0_ddr2hp_itcn/U0_dmux4/U0_aw_axi_fifo/w616d64_fifo.U0_w616d64_fifo/U0/inst_fifo_gen/gconvfifo.rf/grf.rf/gntv_or_sync_fifo.mem/gbm.gbmg.gbmga.ngecc.bmg/inst_blk_mem_gen/gnbram.gnativebmg.native_blk_mem_gen/valid.cstr/ramloop[0].ram.r/prim_noinit.ram/DEVICE_7SERIES.NO_BMM_INFO.SDP.WIDE_PRIM36_NO_ECC.ram/ENARDEN (net: U0_ps_ai_peripheral/ZGolo/u_AI_Mate_top/U0_ddr2hp_itcn/U0_dmux4/U0_aw_axi_fifo/w616d64_fifo.U0_w616d64_fifo/U0/inst_fifo_gen/gconvfifo.rf/grf.rf/gntv_or_sync_fifo.mem/gbm.gbmg.gbmga.ngecc.bmg/inst_blk_mem_gen/gnbram.gnativebmg.native_blk_mem_gen/valid.cstr/ramloop[0].ram.r/prim_noinit.ram/tmp_ram_rd_en) which is driven by a register (U0_ps_ai_peripheral/ZGolo/u_AI_Mate_top/U0_ddr2hp_itcn/avr_rs_cas_u/rs_cascade_gen[0].avr_rs_u/u_avr_frs/s_valid_reg) that has an active asychronous set or reset. This may cause corruption of the memory contents and/or read values when the set/reset is asserted and is not analyzed by the default static timing analysis. It is suggested to eliminate the use of a set/reset to registers driving this RAMB pin or else use a synchronous reset in which the assertion of the reset is timed by default.
WARNING: [DRC REQP-1839] RAMB36 async control check: The RAMB36E1 U0_ps_ai_peripheral/ZGolo/u_AI_Mate_top/U0_ddr2hp_itcn/U0_dmux4/U0_aw_axi_fifo/w616d64_fifo.U0_w616d64_fifo/U0/inst_fifo_gen/gconvfifo.rf/grf.rf/gntv_or_sync_fifo.mem/gbm.gbmg.gbmga.ngecc.bmg/inst_blk_mem_gen/gnbram.gnativebmg.native_blk_mem_gen/valid.cstr/ramloop[0].ram.r/prim_noinit.ram/DEVICE_7SERIES.NO_BMM_INFO.SDP.WIDE_PRIM36_NO_ECC.ram has an input control pin U0_ps_ai_peripheral/ZGolo/u_AI_Mate_top/U0_ddr2hp_itcn/U0_dmux4/U0_aw_axi_fifo/w616d64_fifo.U0_w616d64_fifo/U0/inst_fifo_gen/gconvfifo.rf/grf.rf/gntv_or_sync_fifo.mem/gbm.gbmg.gbmga.ngecc.bmg/inst_blk_mem_gen/gnbram.gnativebmg.native_blk_mem_gen/valid.cstr/ramloop[0].ram.r/prim_noinit.ram/DEVICE_7SERIES.NO_BMM_INFO.SDP.WIDE_PRIM36_NO_ECC.ram/ENARDEN (net: U0_ps_ai_peripheral/ZGolo/u_AI_Mate_top/U0_ddr2hp_itcn/U0_dmux4/U0_aw_axi_fifo/w616d64_fifo.U0_w616d64_fifo/U0/inst_fifo_gen/gconvfifo.rf/grf.rf/gntv_or_sync_fifo.mem/gbm.gbmg.gbmga.ngecc.bmg/inst_blk_mem_gen/gnbram.gnativebmg.native_blk_mem_gen/valid.cstr/ramloop[0].ram.r/prim_noinit.ram/tmp_ram_rd_en) which is driven by a register (U0_ps_ai_peripheral/ZGolo/u_AI_Mate_top/clkrst_wrapper_u0/u_sync_ai_rst/reset_2d_reg) that has an active asychronous set or reset. This may cause corruption of the memory contents and/or read values when the set/reset is asserted and is not analyzed by the default static timing analysis. It is suggested to eliminate the use of a set/reset to registers driving this RAMB pin or else use a synchronous reset in which the assertion of the reset is timed by default.
WARNING: [DRC REQP-1839] RAMB36 async control check: The RAMB36E1 U0_ps_ai_peripheral/ZGolo/u_AI_Mate_top/U0_ddr2hp_itcn/U0_dmux4/U0_aw_axi_fifo/w616d64_fifo.U0_w616d64_fifo/U0/inst_fifo_gen/gconvfifo.rf/grf.rf/gntv_or_sync_fifo.mem/gbm.gbmg.gbmga.ngecc.bmg/inst_blk_mem_gen/gnbram.gnativebmg.native_blk_mem_gen/valid.cstr/ramloop[0].ram.r/prim_noinit.ram/DEVICE_7SERIES.NO_BMM_INFO.SDP.WIDE_PRIM36_NO_ECC.ram has an input control pin U0_ps_ai_peripheral/ZGolo/u_AI_Mate_top/U0_ddr2hp_itcn/U0_dmux4/U0_aw_axi_fifo/w616d64_fifo.U0_w616d64_fifo/U0/inst_fifo_gen/gconvfifo.rf/grf.rf/gntv_or_sync_fifo.mem/gbm.gbmg.gbmga.ngecc.bmg/inst_blk_mem_gen/gnbram.gnativebmg.native_blk_mem_gen/valid.cstr/ramloop[0].ram.r/prim_noinit.ram/DEVICE_7SERIES.NO_BMM_INFO.SDP.WIDE_PRIM36_NO_ECC.ram/ENARDEN (net: U0_ps_ai_peripheral/ZGolo/u_AI_Mate_top/U0_ddr2hp_itcn/U0_dmux4/U0_aw_axi_fifo/w616d64_fifo.U0_w616d64_fifo/U0/inst_fifo_gen/gconvfifo.rf/grf.rf/gntv_or_sync_fifo.mem/gbm.gbmg.gbmga.ngecc.bmg/inst_blk_mem_gen/gnbram.gnativebmg.native_blk_mem_gen/valid.cstr/ramloop[0].ram.r/prim_noinit.ram/tmp_ram_rd_en) which is driven by a register (U0_ps_ai_peripheral/ZGolo/u_AI_Mate_top/clkrst_wrapper_u0/u_sync_hp0_clk_rst/reset_2d_reg) that has an active asychronous set or reset. This may cause corruption of the memory contents and/or read values when the set/reset is asserted and is not analyzed by the default static timing analysis. It is suggested to eliminate the use of a set/reset to registers driving this RAMB pin or else use a synchronous reset in which the assertion of the reset is timed by default.
WARNING: [DRC REQP-1839] RAMB36 async control check: The RAMB36E1 U0_ps_ai_peripheral/ZGolo/u_AI_Mate_top/U0_ddr2hp_itcn/U0_dmux4/U0_aw_axi_fifo/w616d64_fifo.U0_w616d64_fifo/U0/inst_fifo_gen/gconvfifo.rf/grf.rf/gntv_or_sync_fifo.mem/gbm.gbmg.gbmga.ngecc.bmg/inst_blk_mem_gen/gnbram.gnativebmg.native_blk_mem_gen/valid.cstr/ramloop[0].ram.r/prim_noinit.ram/DEVICE_7SERIES.NO_BMM_INFO.SDP.WIDE_PRIM36_NO_ECC.ram has an input control pin U0_ps_ai_peripheral/ZGolo/u_AI_Mate_top/U0_ddr2hp_itcn/U0_dmux4/U0_aw_axi_fifo/w616d64_fifo.U0_w616d64_fifo/U0/inst_fifo_gen/gconvfifo.rf/grf.rf/gntv_or_sync_fifo.mem/gbm.gbmg.gbmga.ngecc.bmg/inst_blk_mem_gen/gnbram.gnativebmg.native_blk_mem_gen/valid.cstr/ramloop[0].ram.r/prim_noinit.ram/DEVICE_7SERIES.NO_BMM_INFO.SDP.WIDE_PRIM36_NO_ECC.ram/ENARDEN (net: U0_ps_ai_peripheral/ZGolo/u_AI_Mate_top/U0_ddr2hp_itcn/U0_dmux4/U0_aw_axi_fifo/w616d64_fifo.U0_w616d64_fifo/U0/inst_fifo_gen/gconvfifo.rf/grf.rf/gntv_or_sync_fifo.mem/gbm.gbmg.gbmga.ngecc.bmg/inst_blk_mem_gen/gnbram.gnativebmg.native_blk_mem_gen/valid.cstr/ramloop[0].ram.r/prim_noinit.ram/tmp_ram_rd_en) which is driven by a register (U0_ps_ai_peripheral/ZGolo/u_AI_Mate_top/ddr_intf_u/avr_rs_cas_u0/rs_cascade_gen[0].avr_rs_u/u_avr_brs/ready_d1_reg) that has an active asychronous set or reset. This may cause corruption of the memory contents and/or read values when the set/reset is asserted and is not analyzed by the default static timing analysis. It is suggested to eliminate the use of a set/reset to registers driving this RAMB pin or else use a synchronous reset in which the assertion of the reset is timed by default.
WARNING: [DRC REQP-1839] RAMB36 async control check: The RAMB36E1 U0_ps_ai_peripheral/ZGolo/u_AI_Mate_top/U0_ddr2hp_itcn/U0_dmux4/U0_aw_axi_fifo/w616d64_fifo.U0_w616d64_fifo/U0/inst_fifo_gen/gconvfifo.rf/grf.rf/gntv_or_sync_fifo.mem/gbm.gbmg.gbmga.ngecc.bmg/inst_blk_mem_gen/gnbram.gnativebmg.native_blk_mem_gen/valid.cstr/ramloop[0].ram.r/prim_noinit.ram/DEVICE_7SERIES.NO_BMM_INFO.SDP.WIDE_PRIM36_NO_ECC.ram has an input control pin U0_ps_ai_peripheral/ZGolo/u_AI_Mate_top/U0_ddr2hp_itcn/U0_dmux4/U0_aw_axi_fifo/w616d64_fifo.U0_w616d64_fifo/U0/inst_fifo_gen/gconvfifo.rf/grf.rf/gntv_or_sync_fifo.mem/gbm.gbmg.gbmga.ngecc.bmg/inst_blk_mem_gen/gnbram.gnativebmg.native_blk_mem_gen/valid.cstr/ramloop[0].ram.r/prim_noinit.ram/DEVICE_7SERIES.NO_BMM_INFO.SDP.WIDE_PRIM36_NO_ECC.ram/ENARDEN (net: U0_ps_ai_peripheral/ZGolo/u_AI_Mate_top/U0_ddr2hp_itcn/U0_dmux4/U0_aw_axi_fifo/w616d64_fifo.U0_w616d64_fifo/U0/inst_fifo_gen/gconvfifo.rf/grf.rf/gntv_or_sync_fifo.mem/gbm.gbmg.gbmga.ngecc.bmg/inst_blk_mem_gen/gnbram.gnativebmg.native_blk_mem_gen/valid.cstr/ramloop[0].ram.r/prim_noinit.ram/tmp_ram_rd_en) which is driven by a register (U0_ps_ai_peripheral/ZGolo/u_AI_Mate_top/ddr_intf_u/avr_rs_cas_u0/rs_cascade_gen[0].avr_rs_u/u_avr_brs/valid_tmp0_reg) that has an active asychronous set or reset. This may cause corruption of the memory contents and/or read values when the set/reset is asserted and is not analyzed by the default static timing analysis. It is suggested to eliminate the use of a set/reset to registers driving this RAMB pin or else use a synchronous reset in which the assertion of the reset is timed by default.
WARNING: [DRC REQP-1839] RAMB36 async control check: The RAMB36E1 U0_ps_ai_peripheral/ZGolo/u_AI_Mate_top/U0_ddr2hp_itcn/U0_dmux4/U0_aw_axi_fifo/w616d64_fifo.U0_w616d64_fifo/U0/inst_fifo_gen/gconvfifo.rf/grf.rf/gntv_or_sync_fifo.mem/gbm.gbmg.gbmga.ngecc.bmg/inst_blk_mem_gen/gnbram.gnativebmg.native_blk_mem_gen/valid.cstr/ramloop[0].ram.r/prim_noinit.ram/DEVICE_7SERIES.NO_BMM_INFO.SDP.WIDE_PRIM36_NO_ECC.ram has an input control pin U0_ps_ai_peripheral/ZGolo/u_AI_Mate_top/U0_ddr2hp_itcn/U0_dmux4/U0_aw_axi_fifo/w616d64_fifo.U0_w616d64_fifo/U0/inst_fifo_gen/gconvfifo.rf/grf.rf/gntv_or_sync_fifo.mem/gbm.gbmg.gbmga.ngecc.bmg/inst_blk_mem_gen/gnbram.gnativebmg.native_blk_mem_gen/valid.cstr/ramloop[0].ram.r/prim_noinit.ram/DEVICE_7SERIES.NO_BMM_INFO.SDP.WIDE_PRIM36_NO_ECC.ram/ENARDEN (net: U0_ps_ai_peripheral/ZGolo/u_AI_Mate_top/U0_ddr2hp_itcn/U0_dmux4/U0_aw_axi_fifo/w616d64_fifo.U0_w616d64_fifo/U0/inst_fifo_gen/gconvfifo.rf/grf.rf/gntv_or_sync_fifo.mem/gbm.gbmg.gbmga.ngecc.bmg/inst_blk_mem_gen/gnbram.gnativebmg.native_blk_mem_gen/valid.cstr/ramloop[0].ram.r/prim_noinit.ram/tmp_ram_rd_en) which is driven by a register (U0_ps_ai_peripheral/ZGolo/u_AI_Mate_top/ddr_intf_u/avr_rs_cas_u0/rs_cascade_gen[0].avr_rs_u/u_avr_frs/s_valid_reg) that has an active asychronous set or reset. This may cause corruption of the memory contents and/or read values when the set/reset is asserted and is not analyzed by the default static timing analysis. It is suggested to eliminate the use of a set/reset to registers driving this RAMB pin or else use a synchronous reset in which the assertion of the reset is timed by default.
WARNING: [DRC REQP-1839] RAMB36 async control check: The RAMB36E1 U0_ps_ai_peripheral/ZGolo/u_AI_Mate_top/U0_ddr2hp_itcn/U0_dmux4/U0_aw_axi_fifo/w616d64_fifo.U0_w616d64_fifo/U0/inst_fifo_gen/gconvfifo.rf/grf.rf/gntv_or_sync_fifo.mem/gbm.gbmg.gbmga.ngecc.bmg/inst_blk_mem_gen/gnbram.gnativebmg.native_blk_mem_gen/valid.cstr/ramloop[0].ram.r/prim_noinit.ram/DEVICE_7SERIES.NO_BMM_INFO.SDP.WIDE_PRIM36_NO_ECC.ram has an input control pin U0_ps_ai_peripheral/ZGolo/u_AI_Mate_top/U0_ddr2hp_itcn/U0_dmux4/U0_aw_axi_fifo/w616d64_fifo.U0_w616d64_fifo/U0/inst_fifo_gen/gconvfifo.rf/grf.rf/gntv_or_sync_fifo.mem/gbm.gbmg.gbmga.ngecc.bmg/inst_blk_mem_gen/gnbram.gnativebmg.native_blk_mem_gen/valid.cstr/ramloop[0].ram.r/prim_noinit.ram/DEVICE_7SERIES.NO_BMM_INFO.SDP.WIDE_PRIM36_NO_ECC.ram/ENARDEN (net: U0_ps_ai_peripheral/ZGolo/u_AI_Mate_top/U0_ddr2hp_itcn/U0_dmux4/U0_aw_axi_fifo/w616d64_fifo.U0_w616d64_fifo/U0/inst_fifo_gen/gconvfifo.rf/grf.rf/gntv_or_sync_fifo.mem/gbm.gbmg.gbmga.ngecc.bmg/inst_blk_mem_gen/gnbram.gnativebmg.native_blk_mem_gen/valid.cstr/ramloop[0].ram.r/prim_noinit.ram/tmp_ram_rd_en) which is driven by a register (U0_ps_ai_peripheral/ZGolo/u_AI_Mate_top/ddr_intf_u/avr_rs_cas_u1/rs_cascade_gen[0].avr_rs_u/u_avr_brs/ready_d1_reg) that has an active asychronous set or reset. This may cause corruption of the memory contents and/or read values when the set/reset is asserted and is not analyzed by the default static timing analysis. It is suggested to eliminate the use of a set/reset to registers driving this RAMB pin or else use a synchronous reset in which the assertion of the reset is timed by default.
WARNING: [DRC REQP-1839] RAMB36 async control check: The RAMB36E1 U0_ps_ai_peripheral/ZGolo/u_AI_Mate_top/U0_ddr2hp_itcn/U0_dmux4/U0_aw_axi_fifo/w616d64_fifo.U0_w616d64_fifo/U0/inst_fifo_gen/gconvfifo.rf/grf.rf/gntv_or_sync_fifo.mem/gbm.gbmg.gbmga.ngecc.bmg/inst_blk_mem_gen/gnbram.gnativebmg.native_blk_mem_gen/valid.cstr/ramloop[0].ram.r/prim_noinit.ram/DEVICE_7SERIES.NO_BMM_INFO.SDP.WIDE_PRIM36_NO_ECC.ram has an input control pin U0_ps_ai_peripheral/ZGolo/u_AI_Mate_top/U0_ddr2hp_itcn/U0_dmux4/U0_aw_axi_fifo/w616d64_fifo.U0_w616d64_fifo/U0/inst_fifo_gen/gconvfifo.rf/grf.rf/gntv_or_sync_fifo.mem/gbm.gbmg.gbmga.ngecc.bmg/inst_blk_mem_gen/gnbram.gnativebmg.native_blk_mem_gen/valid.cstr/ramloop[0].ram.r/prim_noinit.ram/DEVICE_7SERIES.NO_BMM_INFO.SDP.WIDE_PRIM36_NO_ECC.ram/ENARDEN (net: U0_ps_ai_peripheral/ZGolo/u_AI_Mate_top/U0_ddr2hp_itcn/U0_dmux4/U0_aw_axi_fifo/w616d64_fifo.U0_w616d64_fifo/U0/inst_fifo_gen/gconvfifo.rf/grf.rf/gntv_or_sync_fifo.mem/gbm.gbmg.gbmga.ngecc.bmg/inst_blk_mem_gen/gnbram.gnativebmg.native_blk_mem_gen/valid.cstr/ramloop[0].ram.r/prim_noinit.ram/tmp_ram_rd_en) which is driven by a register (U0_ps_ai_peripheral/ZGolo/u_AI_Mate_top/ddr_intf_u/avr_rs_cas_u1/rs_cascade_gen[0].avr_rs_u/u_avr_brs/valid_tmp0_reg) that has an active asychronous set or reset. This may cause corruption of the memory contents and/or read values when the set/reset is asserted and is not analyzed by the default static timing analysis. It is suggested to eliminate the use of a set/reset to registers driving this RAMB pin or else use a synchronous reset in which the assertion of the reset is timed by default.
WARNING: [DRC REQP-1839] RAMB36 async control check: The RAMB36E1 U0_ps_ai_peripheral/ZGolo/u_AI_Mate_top/U0_ddr2hp_itcn/U0_dmux4/U0_aw_axi_fifo/w616d64_fifo.U0_w616d64_fifo/U0/inst_fifo_gen/gconvfifo.rf/grf.rf/gntv_or_sync_fifo.mem/gbm.gbmg.gbmga.ngecc.bmg/inst_blk_mem_gen/gnbram.gnativebmg.native_blk_mem_gen/valid.cstr/ramloop[0].ram.r/prim_noinit.ram/DEVICE_7SERIES.NO_BMM_INFO.SDP.WIDE_PRIM36_NO_ECC.ram has an input control pin U0_ps_ai_peripheral/ZGolo/u_AI_Mate_top/U0_ddr2hp_itcn/U0_dmux4/U0_aw_axi_fifo/w616d64_fifo.U0_w616d64_fifo/U0/inst_fifo_gen/gconvfifo.rf/grf.rf/gntv_or_sync_fifo.mem/gbm.gbmg.gbmga.ngecc.bmg/inst_blk_mem_gen/gnbram.gnativebmg.native_blk_mem_gen/valid.cstr/ramloop[0].ram.r/prim_noinit.ram/DEVICE_7SERIES.NO_BMM_INFO.SDP.WIDE_PRIM36_NO_ECC.ram/ENARDEN (net: U0_ps_ai_peripheral/ZGolo/u_AI_Mate_top/U0_ddr2hp_itcn/U0_dmux4/U0_aw_axi_fifo/w616d64_fifo.U0_w616d64_fifo/U0/inst_fifo_gen/gconvfifo.rf/grf.rf/gntv_or_sync_fifo.mem/gbm.gbmg.gbmga.ngecc.bmg/inst_blk_mem_gen/gnbram.gnativebmg.native_blk_mem_gen/valid.cstr/ramloop[0].ram.r/prim_noinit.ram/tmp_ram_rd_en) which is driven by a register (U0_ps_ai_peripheral/ZGolo/u_AI_Mate_top/ddr_intf_u/avr_rs_cas_u1/rs_cascade_gen[0].avr_rs_u/u_avr_frs/s_valid_reg) that has an active asychronous set or reset. This may cause corruption of the memory contents and/or read values when the set/reset is asserted and is not analyzed by the default static timing analysis. It is suggested to eliminate the use of a set/reset to registers driving this RAMB pin or else use a synchronous reset in which the assertion of the reset is timed by default.
WARNING: [DRC REQP-1839] RAMB36 async control check: The RAMB36E1 U0_ps_ai_peripheral/ZGolo/u_AI_Mate_top/U0_ddr2hp_itcn/U0_dmux4/U0_aw_axi_fifo/w616d64_fifo.U0_w616d64_fifo/U0/inst_fifo_gen/gconvfifo.rf/grf.rf/gntv_or_sync_fifo.mem/gbm.gbmg.gbmga.ngecc.bmg/inst_blk_mem_gen/gnbram.gnativebmg.native_blk_mem_gen/valid.cstr/ramloop[0].ram.r/prim_noinit.ram/DEVICE_7SERIES.NO_BMM_INFO.SDP.WIDE_PRIM36_NO_ECC.ram has an input control pin U0_ps_ai_peripheral/ZGolo/u_AI_Mate_top/U0_ddr2hp_itcn/U0_dmux4/U0_aw_axi_fifo/w616d64_fifo.U0_w616d64_fifo/U0/inst_fifo_gen/gconvfifo.rf/grf.rf/gntv_or_sync_fifo.mem/gbm.gbmg.gbmga.ngecc.bmg/inst_blk_mem_gen/gnbram.gnativebmg.native_blk_mem_gen/valid.cstr/ramloop[0].ram.r/prim_noinit.ram/DEVICE_7SERIES.NO_BMM_INFO.SDP.WIDE_PRIM36_NO_ECC.ram/ENARDEN (net: U0_ps_ai_peripheral/ZGolo/u_AI_Mate_top/U0_ddr2hp_itcn/U0_dmux4/U0_aw_axi_fifo/w616d64_fifo.U0_w616d64_fifo/U0/inst_fifo_gen/gconvfifo.rf/grf.rf/gntv_or_sync_fifo.mem/gbm.gbmg.gbmga.ngecc.bmg/inst_blk_mem_gen/gnbram.gnativebmg.native_blk_mem_gen/valid.cstr/ramloop[0].ram.r/prim_noinit.ram/tmp_ram_rd_en) which is driven by a register (U0_ps_ai_peripheral/ZGolo/u_AI_Mate_top/ddr_intf_u/avr_rs_cas_u2/rs_cascade_gen[0].avr_rs_u/u_avr_brs/payload_tmp0_reg[100]) that has an active asychronous set or reset. This may cause corruption of the memory contents and/or read values when the set/reset is asserted and is not analyzed by the default static timing analysis. It is suggested to eliminate the use of a set/reset to registers driving this RAMB pin or else use a synchronous reset in which the assertion of the reset is timed by default.
WARNING: [DRC REQP-1839] RAMB36 async control check: The RAMB36E1 U0_ps_ai_peripheral/ZGolo/u_AI_Mate_top/U0_ddr2hp_itcn/U0_dmux4/U0_aw_axi_fifo/w616d64_fifo.U0_w616d64_fifo/U0/inst_fifo_gen/gconvfifo.rf/grf.rf/gntv_or_sync_fifo.mem/gbm.gbmg.gbmga.ngecc.bmg/inst_blk_mem_gen/gnbram.gnativebmg.native_blk_mem_gen/valid.cstr/ramloop[0].ram.r/prim_noinit.ram/DEVICE_7SERIES.NO_BMM_INFO.SDP.WIDE_PRIM36_NO_ECC.ram has an input control pin U0_ps_ai_peripheral/ZGolo/u_AI_Mate_top/U0_ddr2hp_itcn/U0_dmux4/U0_aw_axi_fifo/w616d64_fifo.U0_w616d64_fifo/U0/inst_fifo_gen/gconvfifo.rf/grf.rf/gntv_or_sync_fifo.mem/gbm.gbmg.gbmga.ngecc.bmg/inst_blk_mem_gen/gnbram.gnativebmg.native_blk_mem_gen/valid.cstr/ramloop[0].ram.r/prim_noinit.ram/DEVICE_7SERIES.NO_BMM_INFO.SDP.WIDE_PRIM36_NO_ECC.ram/ENARDEN (net: U0_ps_ai_peripheral/ZGolo/u_AI_Mate_top/U0_ddr2hp_itcn/U0_dmux4/U0_aw_axi_fifo/w616d64_fifo.U0_w616d64_fifo/U0/inst_fifo_gen/gconvfifo.rf/grf.rf/gntv_or_sync_fifo.mem/gbm.gbmg.gbmga.ngecc.bmg/inst_blk_mem_gen/gnbram.gnativebmg.native_blk_mem_gen/valid.cstr/ramloop[0].ram.r/prim_noinit.ram/tmp_ram_rd_en) which is driven by a register (U0_ps_ai_peripheral/ZGolo/u_AI_Mate_top/ddr_intf_u/avr_rs_cas_u2/rs_cascade_gen[0].avr_rs_u/u_avr_brs/payload_tmp0_reg[101]) that has an active asychronous set or reset. This may cause corruption of the memory contents and/or read values when the set/reset is asserted and is not analyzed by the default static timing analysis. It is suggested to eliminate the use of a set/reset to registers driving this RAMB pin or else use a synchronous reset in which the assertion of the reset is timed by default.
WARNING: [DRC REQP-1839] RAMB36 async control check: The RAMB36E1 U0_ps_ai_peripheral/ZGolo/u_AI_Mate_top/U0_ddr2hp_itcn/U0_dmux4/U0_aw_axi_fifo/w616d64_fifo.U0_w616d64_fifo/U0/inst_fifo_gen/gconvfifo.rf/grf.rf/gntv_or_sync_fifo.mem/gbm.gbmg.gbmga.ngecc.bmg/inst_blk_mem_gen/gnbram.gnativebmg.native_blk_mem_gen/valid.cstr/ramloop[0].ram.r/prim_noinit.ram/DEVICE_7SERIES.NO_BMM_INFO.SDP.WIDE_PRIM36_NO_ECC.ram has an input control pin U0_ps_ai_peripheral/ZGolo/u_AI_Mate_top/U0_ddr2hp_itcn/U0_dmux4/U0_aw_axi_fifo/w616d64_fifo.U0_w616d64_fifo/U0/inst_fifo_gen/gconvfifo.rf/grf.rf/gntv_or_sync_fifo.mem/gbm.gbmg.gbmga.ngecc.bmg/inst_blk_mem_gen/gnbram.gnativebmg.native_blk_mem_gen/valid.cstr/ramloop[0].ram.r/prim_noinit.ram/DEVICE_7SERIES.NO_BMM_INFO.SDP.WIDE_PRIM36_NO_ECC.ram/ENARDEN (net: U0_ps_ai_peripheral/ZGolo/u_AI_Mate_top/U0_ddr2hp_itcn/U0_dmux4/U0_aw_axi_fifo/w616d64_fifo.U0_w616d64_fifo/U0/inst_fifo_gen/gconvfifo.rf/grf.rf/gntv_or_sync_fifo.mem/gbm.gbmg.gbmga.ngecc.bmg/inst_blk_mem_gen/gnbram.gnativebmg.native_blk_mem_gen/valid.cstr/ramloop[0].ram.r/prim_noinit.ram/tmp_ram_rd_en) which is driven by a register (U0_ps_ai_peripheral/ZGolo/u_AI_Mate_top/ddr_intf_u/avr_rs_cas_u2/rs_cascade_gen[0].avr_rs_u/u_avr_brs/payload_tmp0_reg[102]) that has an active asychronous set or reset. This may cause corruption of the memory contents and/or read values when the set/reset is asserted and is not analyzed by the default static timing analysis. It is suggested to eliminate the use of a set/reset to registers driving this RAMB pin or else use a synchronous reset in which the assertion of the reset is timed by default.
WARNING: [DRC REQP-1839] RAMB36 async control check: The RAMB36E1 U0_ps_ai_peripheral/ZGolo/u_AI_Mate_top/U0_ddr2hp_itcn/U0_dmux4/U0_aw_axi_fifo/w616d64_fifo.U0_w616d64_fifo/U0/inst_fifo_gen/gconvfifo.rf/grf.rf/gntv_or_sync_fifo.mem/gbm.gbmg.gbmga.ngecc.bmg/inst_blk_mem_gen/gnbram.gnativebmg.native_blk_mem_gen/valid.cstr/ramloop[0].ram.r/prim_noinit.ram/DEVICE_7SERIES.NO_BMM_INFO.SDP.WIDE_PRIM36_NO_ECC.ram has an input control pin U0_ps_ai_peripheral/ZGolo/u_AI_Mate_top/U0_ddr2hp_itcn/U0_dmux4/U0_aw_axi_fifo/w616d64_fifo.U0_w616d64_fifo/U0/inst_fifo_gen/gconvfifo.rf/grf.rf/gntv_or_sync_fifo.mem/gbm.gbmg.gbmga.ngecc.bmg/inst_blk_mem_gen/gnbram.gnativebmg.native_blk_mem_gen/valid.cstr/ramloop[0].ram.r/prim_noinit.ram/DEVICE_7SERIES.NO_BMM_INFO.SDP.WIDE_PRIM36_NO_ECC.ram/ENARDEN (net: U0_ps_ai_peripheral/ZGolo/u_AI_Mate_top/U0_ddr2hp_itcn/U0_dmux4/U0_aw_axi_fifo/w616d64_fifo.U0_w616d64_fifo/U0/inst_fifo_gen/gconvfifo.rf/grf.rf/gntv_or_sync_fifo.mem/gbm.gbmg.gbmga.ngecc.bmg/inst_blk_mem_gen/gnbram.gnativebmg.native_blk_mem_gen/valid.cstr/ramloop[0].ram.r/prim_noinit.ram/tmp_ram_rd_en) which is driven by a register (U0_ps_ai_peripheral/ZGolo/u_AI_Mate_top/ddr_intf_u/avr_rs_cas_u2/rs_cascade_gen[0].avr_rs_u/u_avr_brs/payload_tmp0_reg[133]) that has an active asychronous set or reset. This may cause corruption of the memory contents and/or read values when the set/reset is asserted and is not analyzed by the default static timing analysis. It is suggested to eliminate the use of a set/reset to registers driving this RAMB pin or else use a synchronous reset in which the assertion of the reset is timed by default.
WARNING: [DRC REQP-1839] RAMB36 async control check: The RAMB36E1 U0_ps_ai_peripheral/ZGolo/u_AI_Mate_top/U0_ddr2hp_itcn/U0_dmux4/U0_aw_axi_fifo/w616d64_fifo.U0_w616d64_fifo/U0/inst_fifo_gen/gconvfifo.rf/grf.rf/gntv_or_sync_fifo.mem/gbm.gbmg.gbmga.ngecc.bmg/inst_blk_mem_gen/gnbram.gnativebmg.native_blk_mem_gen/valid.cstr/ramloop[0].ram.r/prim_noinit.ram/DEVICE_7SERIES.NO_BMM_INFO.SDP.WIDE_PRIM36_NO_ECC.ram has an input control pin U0_ps_ai_peripheral/ZGolo/u_AI_Mate_top/U0_ddr2hp_itcn/U0_dmux4/U0_aw_axi_fifo/w616d64_fifo.U0_w616d64_fifo/U0/inst_fifo_gen/gconvfifo.rf/grf.rf/gntv_or_sync_fifo.mem/gbm.gbmg.gbmga.ngecc.bmg/inst_blk_mem_gen/gnbram.gnativebmg.native_blk_mem_gen/valid.cstr/ramloop[0].ram.r/prim_noinit.ram/DEVICE_7SERIES.NO_BMM_INFO.SDP.WIDE_PRIM36_NO_ECC.ram/ENARDEN (net: U0_ps_ai_peripheral/ZGolo/u_AI_Mate_top/U0_ddr2hp_itcn/U0_dmux4/U0_aw_axi_fifo/w616d64_fifo.U0_w616d64_fifo/U0/inst_fifo_gen/gconvfifo.rf/grf.rf/gntv_or_sync_fifo.mem/gbm.gbmg.gbmga.ngecc.bmg/inst_blk_mem_gen/gnbram.gnativebmg.native_blk_mem_gen/valid.cstr/ramloop[0].ram.r/prim_noinit.ram/tmp_ram_rd_en) which is driven by a register (U0_ps_ai_peripheral/ZGolo/u_AI_Mate_top/ddr_intf_u/avr_rs_cas_u2/rs_cascade_gen[0].avr_rs_u/u_avr_brs/payload_tmp0_reg[135]) that has an active asychronous set or reset. This may cause corruption of the memory contents and/or read values when the set/reset is asserted and is not analyzed by the default static timing analysis. It is suggested to eliminate the use of a set/reset to registers driving this RAMB pin or else use a synchronous reset in which the assertion of the reset is timed by default.
WARNING: [DRC REQP-1839] RAMB36 async control check: The RAMB36E1 U0_ps_ai_peripheral/ZGolo/u_AI_Mate_top/U0_ddr2hp_itcn/U0_dmux4/U0_aw_axi_fifo/w616d64_fifo.U0_w616d64_fifo/U0/inst_fifo_gen/gconvfifo.rf/grf.rf/gntv_or_sync_fifo.mem/gbm.gbmg.gbmga.ngecc.bmg/inst_blk_mem_gen/gnbram.gnativebmg.native_blk_mem_gen/valid.cstr/ramloop[0].ram.r/prim_noinit.ram/DEVICE_7SERIES.NO_BMM_INFO.SDP.WIDE_PRIM36_NO_ECC.ram has an input control pin U0_ps_ai_peripheral/ZGolo/u_AI_Mate_top/U0_ddr2hp_itcn/U0_dmux4/U0_aw_axi_fifo/w616d64_fifo.U0_w616d64_fifo/U0/inst_fifo_gen/gconvfifo.rf/grf.rf/gntv_or_sync_fifo.mem/gbm.gbmg.gbmga.ngecc.bmg/inst_blk_mem_gen/gnbram.gnativebmg.native_blk_mem_gen/valid.cstr/ramloop[0].ram.r/prim_noinit.ram/DEVICE_7SERIES.NO_BMM_INFO.SDP.WIDE_PRIM36_NO_ECC.ram/ENARDEN (net: U0_ps_ai_peripheral/ZGolo/u_AI_Mate_top/U0_ddr2hp_itcn/U0_dmux4/U0_aw_axi_fifo/w616d64_fifo.U0_w616d64_fifo/U0/inst_fifo_gen/gconvfifo.rf/grf.rf/gntv_or_sync_fifo.mem/gbm.gbmg.gbmga.ngecc.bmg/inst_blk_mem_gen/gnbram.gnativebmg.native_blk_mem_gen/valid.cstr/ramloop[0].ram.r/prim_noinit.ram/tmp_ram_rd_en) which is driven by a register (U0_ps_ai_peripheral/ZGolo/u_AI_Mate_top/ddr_intf_u/avr_rs_cas_u2/rs_cascade_gen[0].avr_rs_u/u_avr_brs/payload_tmp0_reg[142]) that has an active asychronous set or reset. This may cause corruption of the memory contents and/or read values when the set/reset is asserted and is not analyzed by the default static timing analysis. It is suggested to eliminate the use of a set/reset to registers driving this RAMB pin or else use a synchronous reset in which the assertion of the reset is timed by default.
WARNING: [DRC REQP-1839] RAMB36 async control check: The RAMB36E1 U0_ps_ai_peripheral/ZGolo/u_AI_Mate_top/U0_ddr2hp_itcn/U0_dmux4/U0_aw_axi_fifo/w616d64_fifo.U0_w616d64_fifo/U0/inst_fifo_gen/gconvfifo.rf/grf.rf/gntv_or_sync_fifo.mem/gbm.gbmg.gbmga.ngecc.bmg/inst_blk_mem_gen/gnbram.gnativebmg.native_blk_mem_gen/valid.cstr/ramloop[0].ram.r/prim_noinit.ram/DEVICE_7SERIES.NO_BMM_INFO.SDP.WIDE_PRIM36_NO_ECC.ram has an input control pin U0_ps_ai_peripheral/ZGolo/u_AI_Mate_top/U0_ddr2hp_itcn/U0_dmux4/U0_aw_axi_fifo/w616d64_fifo.U0_w616d64_fifo/U0/inst_fifo_gen/gconvfifo.rf/grf.rf/gntv_or_sync_fifo.mem/gbm.gbmg.gbmga.ngecc.bmg/inst_blk_mem_gen/gnbram.gnativebmg.native_blk_mem_gen/valid.cstr/ramloop[0].ram.r/prim_noinit.ram/DEVICE_7SERIES.NO_BMM_INFO.SDP.WIDE_PRIM36_NO_ECC.ram/ENARDEN (net: U0_ps_ai_peripheral/ZGolo/u_AI_Mate_top/U0_ddr2hp_itcn/U0_dmux4/U0_aw_axi_fifo/w616d64_fifo.U0_w616d64_fifo/U0/inst_fifo_gen/gconvfifo.rf/grf.rf/gntv_or_sync_fifo.mem/gbm.gbmg.gbmga.ngecc.bmg/inst_blk_mem_gen/gnbram.gnativebmg.native_blk_mem_gen/valid.cstr/ramloop[0].ram.r/prim_noinit.ram/tmp_ram_rd_en) which is driven by a register (U0_ps_ai_peripheral/ZGolo/u_AI_Mate_top/u_axi_2to1/inst/axi_interconnect_inst/mi_data_fifo_bank/gen_fifo_slot[0].data_fifo_inst/gen_fifo.fifo_gen_inst/inst_fifo_gen/gaxi_full_lite.gread_ch.grdch2.axi_rdch/grf.rf/gntv_or_sync_fifo.gl0.wr/gwss.wsts/ram_full_i_reg) that has an active asychronous set or reset. This may cause corruption of the memory contents and/or read values when the set/reset is asserted and is not analyzed by the default static timing analysis. It is suggested to eliminate the use of a set/reset to registers driving this RAMB pin or else use a synchronous reset in which the assertion of the reset is timed by default.
WARNING: [DRC REQP-1839] RAMB36 async control check: The RAMB36E1 U0_ps_ai_peripheral/ZGolo/u_AI_Mate_top/U0_ddr2hp_itcn/U0_dmux4/U0_aw_axi_fifo/w616d64_fifo.U0_w616d64_fifo/U0/inst_fifo_gen/gconvfifo.rf/grf.rf/gntv_or_sync_fifo.mem/gbm.gbmg.gbmga.ngecc.bmg/inst_blk_mem_gen/gnbram.gnativebmg.native_blk_mem_gen/valid.cstr/ramloop[0].ram.r/prim_noinit.ram/DEVICE_7SERIES.NO_BMM_INFO.SDP.WIDE_PRIM36_NO_ECC.ram has an input control pin U0_ps_ai_peripheral/ZGolo/u_AI_Mate_top/U0_ddr2hp_itcn/U0_dmux4/U0_aw_axi_fifo/w616d64_fifo.U0_w616d64_fifo/U0/inst_fifo_gen/gconvfifo.rf/grf.rf/gntv_or_sync_fifo.mem/gbm.gbmg.gbmga.ngecc.bmg/inst_blk_mem_gen/gnbram.gnativebmg.native_blk_mem_gen/valid.cstr/ramloop[0].ram.r/prim_noinit.ram/DEVICE_7SERIES.NO_BMM_INFO.SDP.WIDE_PRIM36_NO_ECC.ram/ENARDEN (net: U0_ps_ai_peripheral/ZGolo/u_AI_Mate_top/U0_ddr2hp_itcn/U0_dmux4/U0_aw_axi_fifo/w616d64_fifo.U0_w616d64_fifo/U0/inst_fifo_gen/gconvfifo.rf/grf.rf/gntv_or_sync_fifo.mem/gbm.gbmg.gbmga.ngecc.bmg/inst_blk_mem_gen/gnbram.gnativebmg.native_blk_mem_gen/valid.cstr/ramloop[0].ram.r/prim_noinit.ram/tmp_ram_rd_en) which is driven by a register (U0_ps_ai_peripheral/ZGolo/u_AI_Mate_top/u_axi_2to1/inst/axi_interconnect_inst/mi_data_fifo_bank/gen_fifo_slot[0].data_fifo_inst/gen_fifo.fifo_gen_inst/inst_fifo_gen/gaxi_full_lite.gwrite_ch.gwdch2.axi_wdch/grf.rf/gntv_or_sync_fifo.gl0.rd/gr1.gr1_int.rfwft/empty_fwft_i_reg) that has an active asychronous set or reset. This may cause corruption of the memory contents and/or read values when the set/reset is asserted and is not analyzed by the default static timing analysis. It is suggested to eliminate the use of a set/reset to registers driving this RAMB pin or else use a synchronous reset in which the assertion of the reset is timed by default.
WARNING: [DRC REQP-1839] RAMB36 async control check: The RAMB36E1 U0_ps_ai_peripheral/ZGolo/u_AI_Mate_top/U0_ddr2hp_itcn/U0_dmux4/U0_aw_axi_fifo/w616d64_fifo.U0_w616d64_fifo/U0/inst_fifo_gen/gconvfifo.rf/grf.rf/gntv_or_sync_fifo.mem/gbm.gbmg.gbmga.ngecc.bmg/inst_blk_mem_gen/gnbram.gnativebmg.native_blk_mem_gen/valid.cstr/ramloop[0].ram.r/prim_noinit.ram/DEVICE_7SERIES.NO_BMM_INFO.SDP.WIDE_PRIM36_NO_ECC.ram has an input control pin U0_ps_ai_peripheral/ZGolo/u_AI_Mate_top/U0_ddr2hp_itcn/U0_dmux4/U0_aw_axi_fifo/w616d64_fifo.U0_w616d64_fifo/U0/inst_fifo_gen/gconvfifo.rf/grf.rf/gntv_or_sync_fifo.mem/gbm.gbmg.gbmga.ngecc.bmg/inst_blk_mem_gen/gnbram.gnativebmg.native_blk_mem_gen/valid.cstr/ramloop[0].ram.r/prim_noinit.ram/DEVICE_7SERIES.NO_BMM_INFO.SDP.WIDE_PRIM36_NO_ECC.ram/ENARDEN (net: U0_ps_ai_peripheral/ZGolo/u_AI_Mate_top/U0_ddr2hp_itcn/U0_dmux4/U0_aw_axi_fifo/w616d64_fifo.U0_w616d64_fifo/U0/inst_fifo_gen/gconvfifo.rf/grf.rf/gntv_or_sync_fifo.mem/gbm.gbmg.gbmga.ngecc.bmg/inst_blk_mem_gen/gnbram.gnativebmg.native_blk_mem_gen/valid.cstr/ramloop[0].ram.r/prim_noinit.ram/tmp_ram_rd_en) which is driven by a register (U0_ps_ai_peripheral/mig_ddr3_u0/u_mig_7series_0_mig/u_ddr3_infrastructure/rstdiv0_sync_r1_reg_rep__26) that has an active asychronous set or reset. This may cause corruption of the memory contents and/or read values when the set/reset is asserted and is not analyzed by the default static timing analysis. It is suggested to eliminate the use of a set/reset to registers driving this RAMB pin or else use a synchronous reset in which the assertion of the reset is timed by default.
WARNING: [DRC REQP-1840] RAMB18 async control check: The RAMB18E1 U0_ps_ai_peripheral/ZGolo/u_AI_Mate_top/U0_ddr2hp_itcn/U0_dmux4/U0_ar_axi_fifo/w32d64_fifo.U0_w32d64_fifo/U0/inst_fifo_gen/gconvfifo.rf/grf.rf/gntv_or_sync_fifo.mem/gbm.gbmg.gbmga.ngecc.bmg/inst_blk_mem_gen/gnbram.gnativebmg.native_blk_mem_gen/valid.cstr/ramloop[0].ram.r/prim_noinit.ram/DEVICE_7SERIES.NO_BMM_INFO.SDP.WIDE_PRIM18.ram has an input control pin U0_ps_ai_peripheral/ZGolo/u_AI_Mate_top/U0_ddr2hp_itcn/U0_dmux4/U0_ar_axi_fifo/w32d64_fifo.U0_w32d64_fifo/U0/inst_fifo_gen/gconvfifo.rf/grf.rf/gntv_or_sync_fifo.mem/gbm.gbmg.gbmga.ngecc.bmg/inst_blk_mem_gen/gnbram.gnativebmg.native_blk_mem_gen/valid.cstr/ramloop[0].ram.r/prim_noinit.ram/DEVICE_7SERIES.NO_BMM_INFO.SDP.WIDE_PRIM18.ram/ENARDEN (net: U0_ps_ai_peripheral/ZGolo/u_AI_Mate_top/U0_ddr2hp_itcn/U0_dmux4/U0_ar_axi_fifo/w32d64_fifo.U0_w32d64_fifo/U0/inst_fifo_gen/gconvfifo.rf/grf.rf/gntv_or_sync_fifo.mem/gbm.gbmg.gbmga.ngecc.bmg/inst_blk_mem_gen/gnbram.gnativebmg.native_blk_mem_gen/valid.cstr/ramloop[0].ram.r/prim_noinit.ram/tmp_ram_rd_en) which is driven by a register (U0_ps_ai_peripheral/ZGolo/u_AI_Mate_top/U0_ddr2hp_itcn/avr_rs_cas_u/rs_cascade_gen[0].avr_rs_u/u_avr_brs/ready_d1_reg) that has an active asychronous set or reset. This may cause corruption of the memory contents and/or read values when the set/reset is asserted and is not analyzed by the default static timing analysis. It is suggested to eliminate the use of a set/reset to registers driving this RAMB pin or else use a synchronous reset in which the assertion of the reset is timed by default.
WARNING: [DRC REQP-1840] RAMB18 async control check: The RAMB18E1 U0_ps_ai_peripheral/ZGolo/u_AI_Mate_top/U0_ddr2hp_itcn/U0_dmux4/U0_ar_axi_fifo/w32d64_fifo.U0_w32d64_fifo/U0/inst_fifo_gen/gconvfifo.rf/grf.rf/gntv_or_sync_fifo.mem/gbm.gbmg.gbmga.ngecc.bmg/inst_blk_mem_gen/gnbram.gnativebmg.native_blk_mem_gen/valid.cstr/ramloop[0].ram.r/prim_noinit.ram/DEVICE_7SERIES.NO_BMM_INFO.SDP.WIDE_PRIM18.ram has an input control pin U0_ps_ai_peripheral/ZGolo/u_AI_Mate_top/U0_ddr2hp_itcn/U0_dmux4/U0_ar_axi_fifo/w32d64_fifo.U0_w32d64_fifo/U0/inst_fifo_gen/gconvfifo.rf/grf.rf/gntv_or_sync_fifo.mem/gbm.gbmg.gbmga.ngecc.bmg/inst_blk_mem_gen/gnbram.gnativebmg.native_blk_mem_gen/valid.cstr/ramloop[0].ram.r/prim_noinit.ram/DEVICE_7SERIES.NO_BMM_INFO.SDP.WIDE_PRIM18.ram/ENARDEN (net: U0_ps_ai_peripheral/ZGolo/u_AI_Mate_top/U0_ddr2hp_itcn/U0_dmux4/U0_ar_axi_fifo/w32d64_fifo.U0_w32d64_fifo/U0/inst_fifo_gen/gconvfifo.rf/grf.rf/gntv_or_sync_fifo.mem/gbm.gbmg.gbmga.ngecc.bmg/inst_blk_mem_gen/gnbram.gnativebmg.native_blk_mem_gen/valid.cstr/ramloop[0].ram.r/prim_noinit.ram/tmp_ram_rd_en) which is driven by a register (U0_ps_ai_peripheral/ZGolo/u_AI_Mate_top/U0_ddr2hp_itcn/avr_rs_cas_u/rs_cascade_gen[0].avr_rs_u/u_avr_brs/valid_tmp0_reg) that has an active asychronous set or reset. This may cause corruption of the memory contents and/or read values when the set/reset is asserted and is not analyzed by the default static timing analysis. It is suggested to eliminate the use of a set/reset to registers driving this RAMB pin or else use a synchronous reset in which the assertion of the reset is timed by default.
WARNING: [DRC REQP-1840] RAMB18 async control check: The RAMB18E1 U0_ps_ai_peripheral/ZGolo/u_AI_Mate_top/U0_ddr2hp_itcn/U0_dmux4/U0_ar_axi_fifo/w32d64_fifo.U0_w32d64_fifo/U0/inst_fifo_gen/gconvfifo.rf/grf.rf/gntv_or_sync_fifo.mem/gbm.gbmg.gbmga.ngecc.bmg/inst_blk_mem_gen/gnbram.gnativebmg.native_blk_mem_gen/valid.cstr/ramloop[0].ram.r/prim_noinit.ram/DEVICE_7SERIES.NO_BMM_INFO.SDP.WIDE_PRIM18.ram has an input control pin U0_ps_ai_peripheral/ZGolo/u_AI_Mate_top/U0_ddr2hp_itcn/U0_dmux4/U0_ar_axi_fifo/w32d64_fifo.U0_w32d64_fifo/U0/inst_fifo_gen/gconvfifo.rf/grf.rf/gntv_or_sync_fifo.mem/gbm.gbmg.gbmga.ngecc.bmg/inst_blk_mem_gen/gnbram.gnativebmg.native_blk_mem_gen/valid.cstr/ramloop[0].ram.r/prim_noinit.ram/DEVICE_7SERIES.NO_BMM_INFO.SDP.WIDE_PRIM18.ram/ENARDEN (net: U0_ps_ai_peripheral/ZGolo/u_AI_Mate_top/U0_ddr2hp_itcn/U0_dmux4/U0_ar_axi_fifo/w32d64_fifo.U0_w32d64_fifo/U0/inst_fifo_gen/gconvfifo.rf/grf.rf/gntv_or_sync_fifo.mem/gbm.gbmg.gbmga.ngecc.bmg/inst_blk_mem_gen/gnbram.gnativebmg.native_blk_mem_gen/valid.cstr/ramloop[0].ram.r/prim_noinit.ram/tmp_ram_rd_en) which is driven by a register (U0_ps_ai_peripheral/ZGolo/u_AI_Mate_top/U0_ddr2hp_itcn/avr_rs_cas_u/rs_cascade_gen[0].avr_rs_u/u_avr_frs/s_valid_reg) that has an active asychronous set or reset. This may cause corruption of the memory contents and/or read values when the set/reset is asserted and is not analyzed by the default static timing analysis. It is suggested to eliminate the use of a set/reset to registers driving this RAMB pin or else use a synchronous reset in which the assertion of the reset is timed by default.
WARNING: [DRC REQP-1840] RAMB18 async control check: The RAMB18E1 U0_ps_ai_peripheral/ZGolo/u_AI_Mate_top/U0_ddr2hp_itcn/U0_dmux4/U0_ar_axi_fifo/w32d64_fifo.U0_w32d64_fifo/U0/inst_fifo_gen/gconvfifo.rf/grf.rf/gntv_or_sync_fifo.mem/gbm.gbmg.gbmga.ngecc.bmg/inst_blk_mem_gen/gnbram.gnativebmg.native_blk_mem_gen/valid.cstr/ramloop[0].ram.r/prim_noinit.ram/DEVICE_7SERIES.NO_BMM_INFO.SDP.WIDE_PRIM18.ram has an input control pin U0_ps_ai_peripheral/ZGolo/u_AI_Mate_top/U0_ddr2hp_itcn/U0_dmux4/U0_ar_axi_fifo/w32d64_fifo.U0_w32d64_fifo/U0/inst_fifo_gen/gconvfifo.rf/grf.rf/gntv_or_sync_fifo.mem/gbm.gbmg.gbmga.ngecc.bmg/inst_blk_mem_gen/gnbram.gnativebmg.native_blk_mem_gen/valid.cstr/ramloop[0].ram.r/prim_noinit.ram/DEVICE_7SERIES.NO_BMM_INFO.SDP.WIDE_PRIM18.ram/ENARDEN (net: U0_ps_ai_peripheral/ZGolo/u_AI_Mate_top/U0_ddr2hp_itcn/U0_dmux4/U0_ar_axi_fifo/w32d64_fifo.U0_w32d64_fifo/U0/inst_fifo_gen/gconvfifo.rf/grf.rf/gntv_or_sync_fifo.mem/gbm.gbmg.gbmga.ngecc.bmg/inst_blk_mem_gen/gnbram.gnativebmg.native_blk_mem_gen/valid.cstr/ramloop[0].ram.r/prim_noinit.ram/tmp_ram_rd_en) which is driven by a register (U0_ps_ai_peripheral/ZGolo/u_AI_Mate_top/clkrst_wrapper_u0/u_sync_ai_rst/reset_2d_reg) that has an active asychronous set or reset. This may cause corruption of the memory contents and/or read values when the set/reset is asserted and is not analyzed by the default static timing analysis. It is suggested to eliminate the use of a set/reset to registers driving this RAMB pin or else use a synchronous reset in which the assertion of the reset is timed by default.
WARNING: [DRC REQP-1840] RAMB18 async control check: The RAMB18E1 U0_ps_ai_peripheral/ZGolo/u_AI_Mate_top/U0_ddr2hp_itcn/U0_dmux4/U0_ar_axi_fifo/w32d64_fifo.U0_w32d64_fifo/U0/inst_fifo_gen/gconvfifo.rf/grf.rf/gntv_or_sync_fifo.mem/gbm.gbmg.gbmga.ngecc.bmg/inst_blk_mem_gen/gnbram.gnativebmg.native_blk_mem_gen/valid.cstr/ramloop[0].ram.r/prim_noinit.ram/DEVICE_7SERIES.NO_BMM_INFO.SDP.WIDE_PRIM18.ram has an input control pin U0_ps_ai_peripheral/ZGolo/u_AI_Mate_top/U0_ddr2hp_itcn/U0_dmux4/U0_ar_axi_fifo/w32d64_fifo.U0_w32d64_fifo/U0/inst_fifo_gen/gconvfifo.rf/grf.rf/gntv_or_sync_fifo.mem/gbm.gbmg.gbmga.ngecc.bmg/inst_blk_mem_gen/gnbram.gnativebmg.native_blk_mem_gen/valid.cstr/ramloop[0].ram.r/prim_noinit.ram/DEVICE_7SERIES.NO_BMM_INFO.SDP.WIDE_PRIM18.ram/ENARDEN (net: U0_ps_ai_peripheral/ZGolo/u_AI_Mate_top/U0_ddr2hp_itcn/U0_dmux4/U0_ar_axi_fifo/w32d64_fifo.U0_w32d64_fifo/U0/inst_fifo_gen/gconvfifo.rf/grf.rf/gntv_or_sync_fifo.mem/gbm.gbmg.gbmga.ngecc.bmg/inst_blk_mem_gen/gnbram.gnativebmg.native_blk_mem_gen/valid.cstr/ramloop[0].ram.r/prim_noinit.ram/tmp_ram_rd_en) which is driven by a register (U0_ps_ai_peripheral/ZGolo/u_AI_Mate_top/clkrst_wrapper_u0/u_sync_hp0_clk_rst/reset_2d_reg) that has an active asychronous set or reset. This may cause corruption of the memory contents and/or read values when the set/reset is asserted and is not analyzed by the default static timing analysis. It is suggested to eliminate the use of a set/reset to registers driving this RAMB pin or else use a synchronous reset in which the assertion of the reset is timed by default.
WARNING: [DRC REQP-1840] RAMB18 async control check: The RAMB18E1 U0_ps_ai_peripheral/ZGolo/u_AI_Mate_top/U0_ddr2hp_itcn/U0_dmux4/U0_ar_axi_fifo/w32d64_fifo.U0_w32d64_fifo/U0/inst_fifo_gen/gconvfifo.rf/grf.rf/gntv_or_sync_fifo.mem/gbm.gbmg.gbmga.ngecc.bmg/inst_blk_mem_gen/gnbram.gnativebmg.native_blk_mem_gen/valid.cstr/ramloop[0].ram.r/prim_noinit.ram/DEVICE_7SERIES.NO_BMM_INFO.SDP.WIDE_PRIM18.ram has an input control pin U0_ps_ai_peripheral/ZGolo/u_AI_Mate_top/U0_ddr2hp_itcn/U0_dmux4/U0_ar_axi_fifo/w32d64_fifo.U0_w32d64_fifo/U0/inst_fifo_gen/gconvfifo.rf/grf.rf/gntv_or_sync_fifo.mem/gbm.gbmg.gbmga.ngecc.bmg/inst_blk_mem_gen/gnbram.gnativebmg.native_blk_mem_gen/valid.cstr/ramloop[0].ram.r/prim_noinit.ram/DEVICE_7SERIES.NO_BMM_INFO.SDP.WIDE_PRIM18.ram/ENARDEN (net: U0_ps_ai_peripheral/ZGolo/u_AI_Mate_top/U0_ddr2hp_itcn/U0_dmux4/U0_ar_axi_fifo/w32d64_fifo.U0_w32d64_fifo/U0/inst_fifo_gen/gconvfifo.rf/grf.rf/gntv_or_sync_fifo.mem/gbm.gbmg.gbmga.ngecc.bmg/inst_blk_mem_gen/gnbram.gnativebmg.native_blk_mem_gen/valid.cstr/ramloop[0].ram.r/prim_noinit.ram/tmp_ram_rd_en) which is driven by a register (U0_ps_ai_peripheral/ZGolo/u_AI_Mate_top/ddr_intf_u/avr_rs_cas_u0/rs_cascade_gen[0].avr_rs_u/u_avr_brs/ready_d1_reg) that has an active asychronous set or reset. This may cause corruption of the memory contents and/or read values when the set/reset is asserted and is not analyzed by the default static timing analysis. It is suggested to eliminate the use of a set/reset to registers driving this RAMB pin or else use a synchronous reset in which the assertion of the reset is timed by default.
WARNING: [DRC REQP-1840] RAMB18 async control check: The RAMB18E1 U0_ps_ai_peripheral/ZGolo/u_AI_Mate_top/U0_ddr2hp_itcn/U0_dmux4/U0_ar_axi_fifo/w32d64_fifo.U0_w32d64_fifo/U0/inst_fifo_gen/gconvfifo.rf/grf.rf/gntv_or_sync_fifo.mem/gbm.gbmg.gbmga.ngecc.bmg/inst_blk_mem_gen/gnbram.gnativebmg.native_blk_mem_gen/valid.cstr/ramloop[0].ram.r/prim_noinit.ram/DEVICE_7SERIES.NO_BMM_INFO.SDP.WIDE_PRIM18.ram has an input control pin U0_ps_ai_peripheral/ZGolo/u_AI_Mate_top/U0_ddr2hp_itcn/U0_dmux4/U0_ar_axi_fifo/w32d64_fifo.U0_w32d64_fifo/U0/inst_fifo_gen/gconvfifo.rf/grf.rf/gntv_or_sync_fifo.mem/gbm.gbmg.gbmga.ngecc.bmg/inst_blk_mem_gen/gnbram.gnativebmg.native_blk_mem_gen/valid.cstr/ramloop[0].ram.r/prim_noinit.ram/DEVICE_7SERIES.NO_BMM_INFO.SDP.WIDE_PRIM18.ram/ENARDEN (net: U0_ps_ai_peripheral/ZGolo/u_AI_Mate_top/U0_ddr2hp_itcn/U0_dmux4/U0_ar_axi_fifo/w32d64_fifo.U0_w32d64_fifo/U0/inst_fifo_gen/gconvfifo.rf/grf.rf/gntv_or_sync_fifo.mem/gbm.gbmg.gbmga.ngecc.bmg/inst_blk_mem_gen/gnbram.gnativebmg.native_blk_mem_gen/valid.cstr/ramloop[0].ram.r/prim_noinit.ram/tmp_ram_rd_en) which is driven by a register (U0_ps_ai_peripheral/ZGolo/u_AI_Mate_top/ddr_intf_u/avr_rs_cas_u0/rs_cascade_gen[0].avr_rs_u/u_avr_brs/valid_tmp0_reg) that has an active asychronous set or reset. This may cause corruption of the memory contents and/or read values when the set/reset is asserted and is not analyzed by the default static timing analysis. It is suggested to eliminate the use of a set/reset to registers driving this RAMB pin or else use a synchronous reset in which the assertion of the reset is timed by default.
WARNING: [DRC REQP-1840] RAMB18 async control check: The RAMB18E1 U0_ps_ai_peripheral/ZGolo/u_AI_Mate_top/U0_ddr2hp_itcn/U0_dmux4/U0_ar_axi_fifo/w32d64_fifo.U0_w32d64_fifo/U0/inst_fifo_gen/gconvfifo.rf/grf.rf/gntv_or_sync_fifo.mem/gbm.gbmg.gbmga.ngecc.bmg/inst_blk_mem_gen/gnbram.gnativebmg.native_blk_mem_gen/valid.cstr/ramloop[0].ram.r/prim_noinit.ram/DEVICE_7SERIES.NO_BMM_INFO.SDP.WIDE_PRIM18.ram has an input control pin U0_ps_ai_peripheral/ZGolo/u_AI_Mate_top/U0_ddr2hp_itcn/U0_dmux4/U0_ar_axi_fifo/w32d64_fifo.U0_w32d64_fifo/U0/inst_fifo_gen/gconvfifo.rf/grf.rf/gntv_or_sync_fifo.mem/gbm.gbmg.gbmga.ngecc.bmg/inst_blk_mem_gen/gnbram.gnativebmg.native_blk_mem_gen/valid.cstr/ramloop[0].ram.r/prim_noinit.ram/DEVICE_7SERIES.NO_BMM_INFO.SDP.WIDE_PRIM18.ram/ENARDEN (net: U0_ps_ai_peripheral/ZGolo/u_AI_Mate_top/U0_ddr2hp_itcn/U0_dmux4/U0_ar_axi_fifo/w32d64_fifo.U0_w32d64_fifo/U0/inst_fifo_gen/gconvfifo.rf/grf.rf/gntv_or_sync_fifo.mem/gbm.gbmg.gbmga.ngecc.bmg/inst_blk_mem_gen/gnbram.gnativebmg.native_blk_mem_gen/valid.cstr/ramloop[0].ram.r/prim_noinit.ram/tmp_ram_rd_en) which is driven by a register (U0_ps_ai_peripheral/ZGolo/u_AI_Mate_top/ddr_intf_u/avr_rs_cas_u0/rs_cascade_gen[0].avr_rs_u/u_avr_frs/s_valid_reg) that has an active asychronous set or reset. This may cause corruption of the memory contents and/or read values when the set/reset is asserted and is not analyzed by the default static timing analysis. It is suggested to eliminate the use of a set/reset to registers driving this RAMB pin or else use a synchronous reset in which the assertion of the reset is timed by default.
WARNING: [DRC REQP-1840] RAMB18 async control check: The RAMB18E1 U0_ps_ai_peripheral/ZGolo/u_AI_Mate_top/U0_ddr2hp_itcn/U0_dmux4/U0_ar_axi_fifo/w32d64_fifo.U0_w32d64_fifo/U0/inst_fifo_gen/gconvfifo.rf/grf.rf/gntv_or_sync_fifo.mem/gbm.gbmg.gbmga.ngecc.bmg/inst_blk_mem_gen/gnbram.gnativebmg.native_blk_mem_gen/valid.cstr/ramloop[0].ram.r/prim_noinit.ram/DEVICE_7SERIES.NO_BMM_INFO.SDP.WIDE_PRIM18.ram has an input control pin U0_ps_ai_peripheral/ZGolo/u_AI_Mate_top/U0_ddr2hp_itcn/U0_dmux4/U0_ar_axi_fifo/w32d64_fifo.U0_w32d64_fifo/U0/inst_fifo_gen/gconvfifo.rf/grf.rf/gntv_or_sync_fifo.mem/gbm.gbmg.gbmga.ngecc.bmg/inst_blk_mem_gen/gnbram.gnativebmg.native_blk_mem_gen/valid.cstr/ramloop[0].ram.r/prim_noinit.ram/DEVICE_7SERIES.NO_BMM_INFO.SDP.WIDE_PRIM18.ram/ENARDEN (net: U0_ps_ai_peripheral/ZGolo/u_AI_Mate_top/U0_ddr2hp_itcn/U0_dmux4/U0_ar_axi_fifo/w32d64_fifo.U0_w32d64_fifo/U0/inst_fifo_gen/gconvfifo.rf/grf.rf/gntv_or_sync_fifo.mem/gbm.gbmg.gbmga.ngecc.bmg/inst_blk_mem_gen/gnbram.gnativebmg.native_blk_mem_gen/valid.cstr/ramloop[0].ram.r/prim_noinit.ram/tmp_ram_rd_en) which is driven by a register (U0_ps_ai_peripheral/ZGolo/u_AI_Mate_top/ddr_intf_u/avr_rs_cas_u1/rs_cascade_gen[0].avr_rs_u/u_avr_brs/ready_d1_reg) that has an active asychronous set or reset. This may cause corruption of the memory contents and/or read values when the set/reset is asserted and is not analyzed by the default static timing analysis. It is suggested to eliminate the use of a set/reset to registers driving this RAMB pin or else use a synchronous reset in which the assertion of the reset is timed by default.
WARNING: [DRC REQP-1840] RAMB18 async control check: The RAMB18E1 U0_ps_ai_peripheral/ZGolo/u_AI_Mate_top/U0_ddr2hp_itcn/U0_dmux4/U0_ar_axi_fifo/w32d64_fifo.U0_w32d64_fifo/U0/inst_fifo_gen/gconvfifo.rf/grf.rf/gntv_or_sync_fifo.mem/gbm.gbmg.gbmga.ngecc.bmg/inst_blk_mem_gen/gnbram.gnativebmg.native_blk_mem_gen/valid.cstr/ramloop[0].ram.r/prim_noinit.ram/DEVICE_7SERIES.NO_BMM_INFO.SDP.WIDE_PRIM18.ram has an input control pin U0_ps_ai_peripheral/ZGolo/u_AI_Mate_top/U0_ddr2hp_itcn/U0_dmux4/U0_ar_axi_fifo/w32d64_fifo.U0_w32d64_fifo/U0/inst_fifo_gen/gconvfifo.rf/grf.rf/gntv_or_sync_fifo.mem/gbm.gbmg.gbmga.ngecc.bmg/inst_blk_mem_gen/gnbram.gnativebmg.native_blk_mem_gen/valid.cstr/ramloop[0].ram.r/prim_noinit.ram/DEVICE_7SERIES.NO_BMM_INFO.SDP.WIDE_PRIM18.ram/ENARDEN (net: U0_ps_ai_peripheral/ZGolo/u_AI_Mate_top/U0_ddr2hp_itcn/U0_dmux4/U0_ar_axi_fifo/w32d64_fifo.U0_w32d64_fifo/U0/inst_fifo_gen/gconvfifo.rf/grf.rf/gntv_or_sync_fifo.mem/gbm.gbmg.gbmga.ngecc.bmg/inst_blk_mem_gen/gnbram.gnativebmg.native_blk_mem_gen/valid.cstr/ramloop[0].ram.r/prim_noinit.ram/tmp_ram_rd_en) which is driven by a register (U0_ps_ai_peripheral/ZGolo/u_AI_Mate_top/ddr_intf_u/avr_rs_cas_u1/rs_cascade_gen[0].avr_rs_u/u_avr_brs/valid_tmp0_reg) that has an active asychronous set or reset. This may cause corruption of the memory contents and/or read values when the set/reset is asserted and is not analyzed by the default static timing analysis. It is suggested to eliminate the use of a set/reset to registers driving this RAMB pin or else use a synchronous reset in which the assertion of the reset is timed by default.
WARNING: [DRC REQP-1840] RAMB18 async control check: The RAMB18E1 U0_ps_ai_peripheral/ZGolo/u_AI_Mate_top/U0_ddr2hp_itcn/U0_dmux4/U0_ar_axi_fifo/w32d64_fifo.U0_w32d64_fifo/U0/inst_fifo_gen/gconvfifo.rf/grf.rf/gntv_or_sync_fifo.mem/gbm.gbmg.gbmga.ngecc.bmg/inst_blk_mem_gen/gnbram.gnativebmg.native_blk_mem_gen/valid.cstr/ramloop[0].ram.r/prim_noinit.ram/DEVICE_7SERIES.NO_BMM_INFO.SDP.WIDE_PRIM18.ram has an input control pin U0_ps_ai_peripheral/ZGolo/u_AI_Mate_top/U0_ddr2hp_itcn/U0_dmux4/U0_ar_axi_fifo/w32d64_fifo.U0_w32d64_fifo/U0/inst_fifo_gen/gconvfifo.rf/grf.rf/gntv_or_sync_fifo.mem/gbm.gbmg.gbmga.ngecc.bmg/inst_blk_mem_gen/gnbram.gnativebmg.native_blk_mem_gen/valid.cstr/ramloop[0].ram.r/prim_noinit.ram/DEVICE_7SERIES.NO_BMM_INFO.SDP.WIDE_PRIM18.ram/ENARDEN (net: U0_ps_ai_peripheral/ZGolo/u_AI_Mate_top/U0_ddr2hp_itcn/U0_dmux4/U0_ar_axi_fifo/w32d64_fifo.U0_w32d64_fifo/U0/inst_fifo_gen/gconvfifo.rf/grf.rf/gntv_or_sync_fifo.mem/gbm.gbmg.gbmga.ngecc.bmg/inst_blk_mem_gen/gnbram.gnativebmg.native_blk_mem_gen/valid.cstr/ramloop[0].ram.r/prim_noinit.ram/tmp_ram_rd_en) which is driven by a register (U0_ps_ai_peripheral/ZGolo/u_AI_Mate_top/ddr_intf_u/avr_rs_cas_u1/rs_cascade_gen[0].avr_rs_u/u_avr_frs/s_valid_reg) that has an active asychronous set or reset. This may cause corruption of the memory contents and/or read values when the set/reset is asserted and is not analyzed by the default static timing analysis. It is suggested to eliminate the use of a set/reset to registers driving this RAMB pin or else use a synchronous reset in which the assertion of the reset is timed by default.
WARNING: [DRC REQP-1840] RAMB18 async control check: The RAMB18E1 U0_ps_ai_peripheral/ZGolo/u_AI_Mate_top/U0_ddr2hp_itcn/U0_dmux4/U0_ar_axi_fifo/w32d64_fifo.U0_w32d64_fifo/U0/inst_fifo_gen/gconvfifo.rf/grf.rf/gntv_or_sync_fifo.mem/gbm.gbmg.gbmga.ngecc.bmg/inst_blk_mem_gen/gnbram.gnativebmg.native_blk_mem_gen/valid.cstr/ramloop[0].ram.r/prim_noinit.ram/DEVICE_7SERIES.NO_BMM_INFO.SDP.WIDE_PRIM18.ram has an input control pin U0_ps_ai_peripheral/ZGolo/u_AI_Mate_top/U0_ddr2hp_itcn/U0_dmux4/U0_ar_axi_fifo/w32d64_fifo.U0_w32d64_fifo/U0/inst_fifo_gen/gconvfifo.rf/grf.rf/gntv_or_sync_fifo.mem/gbm.gbmg.gbmga.ngecc.bmg/inst_blk_mem_gen/gnbram.gnativebmg.native_blk_mem_gen/valid.cstr/ramloop[0].ram.r/prim_noinit.ram/DEVICE_7SERIES.NO_BMM_INFO.SDP.WIDE_PRIM18.ram/ENARDEN (net: U0_ps_ai_peripheral/ZGolo/u_AI_Mate_top/U0_ddr2hp_itcn/U0_dmux4/U0_ar_axi_fifo/w32d64_fifo.U0_w32d64_fifo/U0/inst_fifo_gen/gconvfifo.rf/grf.rf/gntv_or_sync_fifo.mem/gbm.gbmg.gbmga.ngecc.bmg/inst_blk_mem_gen/gnbram.gnativebmg.native_blk_mem_gen/valid.cstr/ramloop[0].ram.r/prim_noinit.ram/tmp_ram_rd_en) which is driven by a register (U0_ps_ai_peripheral/ZGolo/u_AI_Mate_top/ddr_intf_u/avr_rs_cas_u2/rs_cascade_gen[0].avr_rs_u/u_avr_brs/payload_tmp0_reg[100]) that has an active asychronous set or reset. This may cause corruption of the memory contents and/or read values when the set/reset is asserted and is not analyzed by the default static timing analysis. It is suggested to eliminate the use of a set/reset to registers driving this RAMB pin or else use a synchronous reset in which the assertion of the reset is timed by default.
WARNING: [DRC REQP-1840] RAMB18 async control check: The RAMB18E1 U0_ps_ai_peripheral/ZGolo/u_AI_Mate_top/U0_ddr2hp_itcn/U0_dmux4/U0_ar_axi_fifo/w32d64_fifo.U0_w32d64_fifo/U0/inst_fifo_gen/gconvfifo.rf/grf.rf/gntv_or_sync_fifo.mem/gbm.gbmg.gbmga.ngecc.bmg/inst_blk_mem_gen/gnbram.gnativebmg.native_blk_mem_gen/valid.cstr/ramloop[0].ram.r/prim_noinit.ram/DEVICE_7SERIES.NO_BMM_INFO.SDP.WIDE_PRIM18.ram has an input control pin U0_ps_ai_peripheral/ZGolo/u_AI_Mate_top/U0_ddr2hp_itcn/U0_dmux4/U0_ar_axi_fifo/w32d64_fifo.U0_w32d64_fifo/U0/inst_fifo_gen/gconvfifo.rf/grf.rf/gntv_or_sync_fifo.mem/gbm.gbmg.gbmga.ngecc.bmg/inst_blk_mem_gen/gnbram.gnativebmg.native_blk_mem_gen/valid.cstr/ramloop[0].ram.r/prim_noinit.ram/DEVICE_7SERIES.NO_BMM_INFO.SDP.WIDE_PRIM18.ram/ENARDEN (net: U0_ps_ai_peripheral/ZGolo/u_AI_Mate_top/U0_ddr2hp_itcn/U0_dmux4/U0_ar_axi_fifo/w32d64_fifo.U0_w32d64_fifo/U0/inst_fifo_gen/gconvfifo.rf/grf.rf/gntv_or_sync_fifo.mem/gbm.gbmg.gbmga.ngecc.bmg/inst_blk_mem_gen/gnbram.gnativebmg.native_blk_mem_gen/valid.cstr/ramloop[0].ram.r/prim_noinit.ram/tmp_ram_rd_en) which is driven by a register (U0_ps_ai_peripheral/ZGolo/u_AI_Mate_top/ddr_intf_u/avr_rs_cas_u2/rs_cascade_gen[0].avr_rs_u/u_avr_brs/payload_tmp0_reg[101]) that has an active asychronous set or reset. This may cause corruption of the memory contents and/or read values when the set/reset is asserted and is not analyzed by the default static timing analysis. It is suggested to eliminate the use of a set/reset to registers driving this RAMB pin or else use a synchronous reset in which the assertion of the reset is timed by default.
WARNING: [DRC REQP-1840] RAMB18 async control check: The RAMB18E1 U0_ps_ai_peripheral/ZGolo/u_AI_Mate_top/U0_ddr2hp_itcn/U0_dmux4/U0_ar_axi_fifo/w32d64_fifo.U0_w32d64_fifo/U0/inst_fifo_gen/gconvfifo.rf/grf.rf/gntv_or_sync_fifo.mem/gbm.gbmg.gbmga.ngecc.bmg/inst_blk_mem_gen/gnbram.gnativebmg.native_blk_mem_gen/valid.cstr/ramloop[0].ram.r/prim_noinit.ram/DEVICE_7SERIES.NO_BMM_INFO.SDP.WIDE_PRIM18.ram has an input control pin U0_ps_ai_peripheral/ZGolo/u_AI_Mate_top/U0_ddr2hp_itcn/U0_dmux4/U0_ar_axi_fifo/w32d64_fifo.U0_w32d64_fifo/U0/inst_fifo_gen/gconvfifo.rf/grf.rf/gntv_or_sync_fifo.mem/gbm.gbmg.gbmga.ngecc.bmg/inst_blk_mem_gen/gnbram.gnativebmg.native_blk_mem_gen/valid.cstr/ramloop[0].ram.r/prim_noinit.ram/DEVICE_7SERIES.NO_BMM_INFO.SDP.WIDE_PRIM18.ram/ENARDEN (net: U0_ps_ai_peripheral/ZGolo/u_AI_Mate_top/U0_ddr2hp_itcn/U0_dmux4/U0_ar_axi_fifo/w32d64_fifo.U0_w32d64_fifo/U0/inst_fifo_gen/gconvfifo.rf/grf.rf/gntv_or_sync_fifo.mem/gbm.gbmg.gbmga.ngecc.bmg/inst_blk_mem_gen/gnbram.gnativebmg.native_blk_mem_gen/valid.cstr/ramloop[0].ram.r/prim_noinit.ram/tmp_ram_rd_en) which is driven by a register (U0_ps_ai_peripheral/ZGolo/u_AI_Mate_top/ddr_intf_u/avr_rs_cas_u2/rs_cascade_gen[0].avr_rs_u/u_avr_brs/payload_tmp0_reg[102]) that has an active asychronous set or reset. This may cause corruption of the memory contents and/or read values when the set/reset is asserted and is not analyzed by the default static timing analysis. It is suggested to eliminate the use of a set/reset to registers driving this RAMB pin or else use a synchronous reset in which the assertion of the reset is timed by default.
WARNING: [DRC REQP-1840] RAMB18 async control check: The RAMB18E1 U0_ps_ai_peripheral/ZGolo/u_AI_Mate_top/U0_ddr2hp_itcn/U0_dmux4/U0_ar_axi_fifo/w32d64_fifo.U0_w32d64_fifo/U0/inst_fifo_gen/gconvfifo.rf/grf.rf/gntv_or_sync_fifo.mem/gbm.gbmg.gbmga.ngecc.bmg/inst_blk_mem_gen/gnbram.gnativebmg.native_blk_mem_gen/valid.cstr/ramloop[0].ram.r/prim_noinit.ram/DEVICE_7SERIES.NO_BMM_INFO.SDP.WIDE_PRIM18.ram has an input control pin U0_ps_ai_peripheral/ZGolo/u_AI_Mate_top/U0_ddr2hp_itcn/U0_dmux4/U0_ar_axi_fifo/w32d64_fifo.U0_w32d64_fifo/U0/inst_fifo_gen/gconvfifo.rf/grf.rf/gntv_or_sync_fifo.mem/gbm.gbmg.gbmga.ngecc.bmg/inst_blk_mem_gen/gnbram.gnativebmg.native_blk_mem_gen/valid.cstr/ramloop[0].ram.r/prim_noinit.ram/DEVICE_7SERIES.NO_BMM_INFO.SDP.WIDE_PRIM18.ram/ENARDEN (net: U0_ps_ai_peripheral/ZGolo/u_AI_Mate_top/U0_ddr2hp_itcn/U0_dmux4/U0_ar_axi_fifo/w32d64_fifo.U0_w32d64_fifo/U0/inst_fifo_gen/gconvfifo.rf/grf.rf/gntv_or_sync_fifo.mem/gbm.gbmg.gbmga.ngecc.bmg/inst_blk_mem_gen/gnbram.gnativebmg.native_blk_mem_gen/valid.cstr/ramloop[0].ram.r/prim_noinit.ram/tmp_ram_rd_en) which is driven by a register (U0_ps_ai_peripheral/ZGolo/u_AI_Mate_top/ddr_intf_u/avr_rs_cas_u2/rs_cascade_gen[0].avr_rs_u/u_avr_brs/payload_tmp0_reg[133]) that has an active asychronous set or reset. This may cause corruption of the memory contents and/or read values when the set/reset is asserted and is not analyzed by the default static timing analysis. It is suggested to eliminate the use of a set/reset to registers driving this RAMB pin or else use a synchronous reset in which the assertion of the reset is timed by default.
WARNING: [DRC REQP-1840] RAMB18 async control check: The RAMB18E1 U0_ps_ai_peripheral/ZGolo/u_AI_Mate_top/U0_ddr2hp_itcn/U0_dmux4/U0_ar_axi_fifo/w32d64_fifo.U0_w32d64_fifo/U0/inst_fifo_gen/gconvfifo.rf/grf.rf/gntv_or_sync_fifo.mem/gbm.gbmg.gbmga.ngecc.bmg/inst_blk_mem_gen/gnbram.gnativebmg.native_blk_mem_gen/valid.cstr/ramloop[0].ram.r/prim_noinit.ram/DEVICE_7SERIES.NO_BMM_INFO.SDP.WIDE_PRIM18.ram has an input control pin U0_ps_ai_peripheral/ZGolo/u_AI_Mate_top/U0_ddr2hp_itcn/U0_dmux4/U0_ar_axi_fifo/w32d64_fifo.U0_w32d64_fifo/U0/inst_fifo_gen/gconvfifo.rf/grf.rf/gntv_or_sync_fifo.mem/gbm.gbmg.gbmga.ngecc.bmg/inst_blk_mem_gen/gnbram.gnativebmg.native_blk_mem_gen/valid.cstr/ramloop[0].ram.r/prim_noinit.ram/DEVICE_7SERIES.NO_BMM_INFO.SDP.WIDE_PRIM18.ram/ENARDEN (net: U0_ps_ai_peripheral/ZGolo/u_AI_Mate_top/U0_ddr2hp_itcn/U0_dmux4/U0_ar_axi_fifo/w32d64_fifo.U0_w32d64_fifo/U0/inst_fifo_gen/gconvfifo.rf/grf.rf/gntv_or_sync_fifo.mem/gbm.gbmg.gbmga.ngecc.bmg/inst_blk_mem_gen/gnbram.gnativebmg.native_blk_mem_gen/valid.cstr/ramloop[0].ram.r/prim_noinit.ram/tmp_ram_rd_en) which is driven by a register (U0_ps_ai_peripheral/ZGolo/u_AI_Mate_top/ddr_intf_u/avr_rs_cas_u2/rs_cascade_gen[0].avr_rs_u/u_avr_brs/payload_tmp0_reg[135]) that has an active asychronous set or reset. This may cause corruption of the memory contents and/or read values when the set/reset is asserted and is not analyzed by the default static timing analysis. It is suggested to eliminate the use of a set/reset to registers driving this RAMB pin or else use a synchronous reset in which the assertion of the reset is timed by default.
WARNING: [DRC REQP-1840] RAMB18 async control check: The RAMB18E1 U0_ps_ai_peripheral/ZGolo/u_AI_Mate_top/U0_ddr2hp_itcn/U0_dmux4/U0_ar_axi_fifo/w32d64_fifo.U0_w32d64_fifo/U0/inst_fifo_gen/gconvfifo.rf/grf.rf/gntv_or_sync_fifo.mem/gbm.gbmg.gbmga.ngecc.bmg/inst_blk_mem_gen/gnbram.gnativebmg.native_blk_mem_gen/valid.cstr/ramloop[0].ram.r/prim_noinit.ram/DEVICE_7SERIES.NO_BMM_INFO.SDP.WIDE_PRIM18.ram has an input control pin U0_ps_ai_peripheral/ZGolo/u_AI_Mate_top/U0_ddr2hp_itcn/U0_dmux4/U0_ar_axi_fifo/w32d64_fifo.U0_w32d64_fifo/U0/inst_fifo_gen/gconvfifo.rf/grf.rf/gntv_or_sync_fifo.mem/gbm.gbmg.gbmga.ngecc.bmg/inst_blk_mem_gen/gnbram.gnativebmg.native_blk_mem_gen/valid.cstr/ramloop[0].ram.r/prim_noinit.ram/DEVICE_7SERIES.NO_BMM_INFO.SDP.WIDE_PRIM18.ram/ENARDEN (net: U0_ps_ai_peripheral/ZGolo/u_AI_Mate_top/U0_ddr2hp_itcn/U0_dmux4/U0_ar_axi_fifo/w32d64_fifo.U0_w32d64_fifo/U0/inst_fifo_gen/gconvfifo.rf/grf.rf/gntv_or_sync_fifo.mem/gbm.gbmg.gbmga.ngecc.bmg/inst_blk_mem_gen/gnbram.gnativebmg.native_blk_mem_gen/valid.cstr/ramloop[0].ram.r/prim_noinit.ram/tmp_ram_rd_en) which is driven by a register (U0_ps_ai_peripheral/ZGolo/u_AI_Mate_top/ddr_intf_u/avr_rs_cas_u2/rs_cascade_gen[0].avr_rs_u/u_avr_brs/payload_tmp0_reg[142]) that has an active asychronous set or reset. This may cause corruption of the memory contents and/or read values when the set/reset is asserted and is not analyzed by the default static timing analysis. It is suggested to eliminate the use of a set/reset to registers driving this RAMB pin or else use a synchronous reset in which the assertion of the reset is timed by default.
WARNING: [DRC REQP-1840] RAMB18 async control check: The RAMB18E1 U0_ps_ai_peripheral/ZGolo/u_AI_Mate_top/U0_ddr2hp_itcn/U0_dmux4/U0_ar_axi_fifo/w32d64_fifo.U0_w32d64_fifo/U0/inst_fifo_gen/gconvfifo.rf/grf.rf/gntv_or_sync_fifo.mem/gbm.gbmg.gbmga.ngecc.bmg/inst_blk_mem_gen/gnbram.gnativebmg.native_blk_mem_gen/valid.cstr/ramloop[0].ram.r/prim_noinit.ram/DEVICE_7SERIES.NO_BMM_INFO.SDP.WIDE_PRIM18.ram has an input control pin U0_ps_ai_peripheral/ZGolo/u_AI_Mate_top/U0_ddr2hp_itcn/U0_dmux4/U0_ar_axi_fifo/w32d64_fifo.U0_w32d64_fifo/U0/inst_fifo_gen/gconvfifo.rf/grf.rf/gntv_or_sync_fifo.mem/gbm.gbmg.gbmga.ngecc.bmg/inst_blk_mem_gen/gnbram.gnativebmg.native_blk_mem_gen/valid.cstr/ramloop[0].ram.r/prim_noinit.ram/DEVICE_7SERIES.NO_BMM_INFO.SDP.WIDE_PRIM18.ram/ENARDEN (net: U0_ps_ai_peripheral/ZGolo/u_AI_Mate_top/U0_ddr2hp_itcn/U0_dmux4/U0_ar_axi_fifo/w32d64_fifo.U0_w32d64_fifo/U0/inst_fifo_gen/gconvfifo.rf/grf.rf/gntv_or_sync_fifo.mem/gbm.gbmg.gbmga.ngecc.bmg/inst_blk_mem_gen/gnbram.gnativebmg.native_blk_mem_gen/valid.cstr/ramloop[0].ram.r/prim_noinit.ram/tmp_ram_rd_en) which is driven by a register (U0_ps_ai_peripheral/ZGolo/u_AI_Mate_top/u_axi_2to1/inst/axi_interconnect_inst/mi_data_fifo_bank/gen_fifo_slot[0].data_fifo_inst/gen_fifo.fifo_gen_inst/inst_fifo_gen/gaxi_full_lite.gread_ch.grdch2.axi_rdch/grf.rf/gntv_or_sync_fifo.gl0.wr/gwss.wsts/ram_full_i_reg) that has an active asychronous set or reset. This may cause corruption of the memory contents and/or read values when the set/reset is asserted and is not analyzed by the default static timing analysis. It is suggested to eliminate the use of a set/reset to registers driving this RAMB pin or else use a synchronous reset in which the assertion of the reset is timed by default.
WARNING: [DRC REQP-1840] RAMB18 async control check: The RAMB18E1 U0_ps_ai_peripheral/ZGolo/u_AI_Mate_top/U0_ddr2hp_itcn/U0_dmux4/U0_ar_axi_fifo/w32d64_fifo.U0_w32d64_fifo/U0/inst_fifo_gen/gconvfifo.rf/grf.rf/gntv_or_sync_fifo.mem/gbm.gbmg.gbmga.ngecc.bmg/inst_blk_mem_gen/gnbram.gnativebmg.native_blk_mem_gen/valid.cstr/ramloop[0].ram.r/prim_noinit.ram/DEVICE_7SERIES.NO_BMM_INFO.SDP.WIDE_PRIM18.ram has an input control pin U0_ps_ai_peripheral/ZGolo/u_AI_Mate_top/U0_ddr2hp_itcn/U0_dmux4/U0_ar_axi_fifo/w32d64_fifo.U0_w32d64_fifo/U0/inst_fifo_gen/gconvfifo.rf/grf.rf/gntv_or_sync_fifo.mem/gbm.gbmg.gbmga.ngecc.bmg/inst_blk_mem_gen/gnbram.gnativebmg.native_blk_mem_gen/valid.cstr/ramloop[0].ram.r/prim_noinit.ram/DEVICE_7SERIES.NO_BMM_INFO.SDP.WIDE_PRIM18.ram/ENARDEN (net: U0_ps_ai_peripheral/ZGolo/u_AI_Mate_top/U0_ddr2hp_itcn/U0_dmux4/U0_ar_axi_fifo/w32d64_fifo.U0_w32d64_fifo/U0/inst_fifo_gen/gconvfifo.rf/grf.rf/gntv_or_sync_fifo.mem/gbm.gbmg.gbmga.ngecc.bmg/inst_blk_mem_gen/gnbram.gnativebmg.native_blk_mem_gen/valid.cstr/ramloop[0].ram.r/prim_noinit.ram/tmp_ram_rd_en) which is driven by a register (U0_ps_ai_peripheral/ZGolo/u_AI_Mate_top/u_axi_2to1/inst/axi_interconnect_inst/mi_data_fifo_bank/gen_fifo_slot[0].data_fifo_inst/gen_fifo.fifo_gen_inst/inst_fifo_gen/gaxi_full_lite.gwrite_ch.gwdch2.axi_wdch/grf.rf/gntv_or_sync_fifo.gl0.rd/gr1.gr1_int.rfwft/empty_fwft_i_reg) that has an active asychronous set or reset. This may cause corruption of the memory contents and/or read values when the set/reset is asserted and is not analyzed by the default static timing analysis. It is suggested to eliminate the use of a set/reset to registers driving this RAMB pin or else use a synchronous reset in which the assertion of the reset is timed by default.
WARNING: [DRC REQP-1840] RAMB18 async control check: The RAMB18E1 U0_ps_ai_peripheral/ZGolo/u_AI_Mate_top/U0_ddr2hp_itcn/U0_dmux4/U0_ar_axi_fifo/w32d64_fifo.U0_w32d64_fifo/U0/inst_fifo_gen/gconvfifo.rf/grf.rf/gntv_or_sync_fifo.mem/gbm.gbmg.gbmga.ngecc.bmg/inst_blk_mem_gen/gnbram.gnativebmg.native_blk_mem_gen/valid.cstr/ramloop[0].ram.r/prim_noinit.ram/DEVICE_7SERIES.NO_BMM_INFO.SDP.WIDE_PRIM18.ram has an input control pin U0_ps_ai_peripheral/ZGolo/u_AI_Mate_top/U0_ddr2hp_itcn/U0_dmux4/U0_ar_axi_fifo/w32d64_fifo.U0_w32d64_fifo/U0/inst_fifo_gen/gconvfifo.rf/grf.rf/gntv_or_sync_fifo.mem/gbm.gbmg.gbmga.ngecc.bmg/inst_blk_mem_gen/gnbram.gnativebmg.native_blk_mem_gen/valid.cstr/ramloop[0].ram.r/prim_noinit.ram/DEVICE_7SERIES.NO_BMM_INFO.SDP.WIDE_PRIM18.ram/ENARDEN (net: U0_ps_ai_peripheral/ZGolo/u_AI_Mate_top/U0_ddr2hp_itcn/U0_dmux4/U0_ar_axi_fifo/w32d64_fifo.U0_w32d64_fifo/U0/inst_fifo_gen/gconvfifo.rf/grf.rf/gntv_or_sync_fifo.mem/gbm.gbmg.gbmga.ngecc.bmg/inst_blk_mem_gen/gnbram.gnativebmg.native_blk_mem_gen/valid.cstr/ramloop[0].ram.r/prim_noinit.ram/tmp_ram_rd_en) which is driven by a register (U0_ps_ai_peripheral/mig_ddr3_u0/u_mig_7series_0_mig/u_ddr3_infrastructure/rstdiv0_sync_r1_reg_rep__26) that has an active asychronous set or reset. This may cause corruption of the memory contents and/or read values when the set/reset is asserted and is not analyzed by the default static timing analysis. It is suggested to eliminate the use of a set/reset to registers driving this RAMB pin or else use a synchronous reset in which the assertion of the reset is timed by default.
INFO: [DRC REQP-1725] DSP_Abus_sign_bit_alert: U_adder_top/U_flicker/render/split_U0/prepare_geometry_U0/flicker_render_picud_U10/flicker_render_pipeline_ap_faddfsub_6_full_dsp_32_u/U0/i_synth/ADDSUB_OP.ADDSUB/SPEED_OP.DSP.OP/DSP48E1_BODY.ALIGN_ADD/DSP2/DSP: When using the PreAdder and USE_DPORT is TRUE, the A operand should be restricted to 24 bit two's complement (and sign extended) to avoid over/underflow in the pre-add stage.
INFO: [Vivado_Tcl 4-198] DRC finished with 0 Errors, 42 Warnings, 1 Advisories
INFO: [Vivado_Tcl 4-199] Please refer to the DRC report (report_drc) for more information.

Starting Placer Task
INFO: [Place 46-5] The placer was invoked with the 'ExtraNetDelay_high' directive.
INFO: [Place 30-611] Multithreading enabled for place_design using a maximum of 2 CPUs

Phase 1 Placer Initialization

Phase 1.1 Placer Initialization Netlist Sorting
Netlist sorting complete. Time (s): cpu = 00:00:00 ; elapsed = 00:00:00.073 . Memory (MB): peak = 4184.922 ; gain = 0.000
Phase 1.1 Placer Initialization Netlist Sorting | Checksum: 116cec2ea

Time (s): cpu = 00:00:00 ; elapsed = 00:00:00.099 . Memory (MB): peak = 4184.922 ; gain = 0.000
Netlist sorting complete. Time (s): cpu = 00:00:00 ; elapsed = 00:00:00.069 . Memory (MB): peak = 4184.922 ; gain = 0.000

Phase 1.2 IO Placement/ Clock Placement/ Build Placer Device
WARNING: [Place 30-568] A LUT 'rx_sdi_inst/SDI0/SDI/cam_clk_inferred_i_1' is driving clock pin of 1671 registers. This could lead to large hold time violations. First few involved registers are:
	U0_ps_ai_peripheral/frame_to_ps_inst0/cmos_write_req_gen_m0/rindex_buf_2b_16w_u0/U0/inst_fifo_gen/gconvfifo.rf/grf.rf/gntv_or_sync_fifo.gcx.clkx/wr_pntr_cdc_inst/src_gray_ff_reg[1] {FDRE}
	U0_ps_ai_peripheral/frame_to_ps_inst0/cmos_write_req_gen_m0/rindex_buf_2b_16w_u0/U0/inst_fifo_gen/gconvfifo.rf/grf.rf/gntv_or_sync_fifo.gcx.clkx/wr_pntr_cdc_inst/src_gray_ff_reg[0] {FDRE}
	U0_ps_ai_peripheral/frame_to_ps_inst0/cmos_write_req_gen_m0/rindex_buf_2b_16w_u0/U0/inst_fifo_gen/gconvfifo.rf/grf.rf/gntv_or_sync_fifo.gcx.clkx/wr_pntr_cdc_inst/src_gray_ff_reg[3] {FDRE}
	U0_ps_ai_peripheral/frame_to_ps_inst0/cmos_write_req_gen_m0/rindex_buf_2b_16w_u0/U0/inst_fifo_gen/gconvfifo.rf/grf.rf/gntv_or_sync_fifo.gcx.clkx/wr_pntr_cdc_inst/src_gray_ff_reg[2] {FDRE}
	U0_ps_ai_peripheral/frame_to_ps_inst0/cmos_write_req_gen_m0/rindex_buf_2b_16w_u0/U0/inst_fifo_gen/gconvfifo.rf/grf.rf/gntv_or_sync_fifo.gl0.wr/wpntr/gic0.gc0.count_d2_reg[0] {FDCE}
INFO: [Timing 38-35] Done setting XDC timing constraints.
GCIO site IOB_X0Y22
GCIO site IOB_X0Y24
GCIO site IOB_X0Y26
GCIO site IOB_X0Y28
GCIO site IOB_X0Y72
GCIO site IOB_X0Y74
GCIO site IOB_X0Y76
GCIO site IOB_X0Y78
GCIO site IOB_X1Y72
GCIO site IOB_X1Y74
GCIO site IOB_X1Y76
GCIO site IOB_X1Y78
GCIO site IOB_X1Y122
GCIO site IOB_X1Y124
GCIO site IOB_X1Y126
GCIO site IOB_X1Y128
GCIO site IOB_X1Y172
GCIO site IOB_X1Y174
GCIO site IOB_X1Y176
GCIO site IOB_X1Y178
WARNING: [Place 30-575] Sub-optimal placement for a clock-capable IO pin and MMCM pair. This is normally an ERROR but the CLOCK_DEDICATED_ROUTE constraint is set to FALSE allowing your design to continue. The use of this override is highly discouraged as it may lead to very poor timing results. It is recommended that this error condition be corrected in the design.

	U0_ps_ai_peripheral/mig_ddr3_u0/u_mig_7series_0_mig/u_ddr3_clk_ibuf/diff_input_clk.u_ibufg_sys_clk (IBUFDS.O) is locked to IOB_X1Y124
	U0_ps_ai_peripheral/mig_ddr3_u0/u_mig_7series_0_mig/u_iodelay_ctrl/clk_ref_mmcm_gen.mmcm_i (MMCME2_ADV.CLKIN1) is provisionally placed by clockplacer on MMCME2_ADV_X1Y1
Resolution: A dedicated routing path between the two can be used if: (a) The clock-capable IO (CCIO) is placed on a CCIO capable site (b) The MMCM is placed in the same clock region as the CCIO pin. If the IOB is driving multiple MMCMs, all MMCMs must be placed in the same clock region, one clock region above or one clock region below the IOB. Both the above conditions must be met at the same time, else it may lead to longer and less predictable clock insertion delays.
Phase 1.2 IO Placement/ Clock Placement/ Build Placer Device | Checksum: 1396cf7ca

Time (s): cpu = 00:01:23 ; elapsed = 00:01:14 . Memory (MB): peak = 4184.922 ; gain = 0.000

Phase 1.3 Build Placer Netlist Model
WARNING: [Place 30-770] High register utilization is forcing place_design to place up to 8 registers per slice which may impact placement success and/or routing congestion.
Phase 1.3 Build Placer Netlist Model | Checksum: 122d52cd7

Time (s): cpu = 00:01:51 ; elapsed = 00:01:36 . Memory (MB): peak = 4184.922 ; gain = 0.000

Phase 1.4 Constrain Clocks/Macros
Phase 1.4 Constrain Clocks/Macros | Checksum: 122d52cd7

Time (s): cpu = 00:01:51 ; elapsed = 00:01:36 . Memory (MB): peak = 4184.922 ; gain = 0.000
Phase 1 Placer Initialization | Checksum: 122d52cd7

Time (s): cpu = 00:01:51 ; elapsed = 00:01:36 . Memory (MB): peak = 4184.922 ; gain = 0.000

Phase 2 Global Placement

Phase 2.1 Floorplanning
Phase 2.1 Floorplanning | Checksum: 118a7f43d

Time (s): cpu = 00:01:58 ; elapsed = 00:01:41 . Memory (MB): peak = 4184.922 ; gain = 0.000

Phase 2.2 Physical Synthesis In Placer
INFO: [Physopt 32-76] Pass 1. Identified 5 candidate nets for fanout optimization.
INFO: [Physopt 32-81] Processed net U0_ps_ai_peripheral/ZGolo/u_AI_Mate_top/ddr_clk_rst. Replicated 71 times.
INFO: [Physopt 32-81] Processed net U0_ps_ai_peripheral/ZGolo/u_AI_Mate_top/hp0_clk_rst. Replicated 49 times.
INFO: [Physopt 32-81] Processed net U0_ps_ai_peripheral/u_demo_clkrst_wrapper/rst_d2_ddr_clk_reg_0. Replicated 29 times.
INFO: [Physopt 32-81] Processed net U0_ps_ai_peripheral/mig_ddr3_u0/u_mig_7series_0_mig/u_memc_ui_top_std/u_ui_top/ui_wr_data0/app_wdf_rdy_r_copy2. Replicated 7 times.
INFO: [Physopt 32-81] Processed net U0_ps_ai_peripheral/ZGolo/u_AI_Mate_top/ui_clk_rst. Replicated 7 times.
INFO: [Physopt 32-232] Optimized 5 nets. Created 163 new instances.
INFO: [Physopt 32-775] End 1 Pass. Optimized 5 nets or cells. Created 163 new cells, deleted 0 existing cell and moved 0 existing cell
Netlist sorting complete. Time (s): cpu = 00:00:01 ; elapsed = 00:00:00.512 . Memory (MB): peak = 4184.922 ; gain = 0.000
INFO: [Physopt 32-117] Net U0_ps_ai_peripheral/ZGolo/u_AI_Mate_top/U0_ddr2hp_itcn/U0_dmux4/U0_aw_axi_fifo/w616d64_fifo.U0_w616d64_fifo/U0/inst_fifo_gen/gconvfifo.rf/grf.rf/gntv_or_sync_fifo.gl0.rd/gr1.gr1_int.rfwft/tmp_ram_rd_en could not be optimized because driver U0_ps_ai_peripheral/ZGolo/u_AI_Mate_top/U0_ddr2hp_itcn/U0_dmux4/U0_aw_axi_fifo/w616d64_fifo.U0_w616d64_fifo/U0/inst_fifo_gen/gconvfifo.rf/grf.rf/gntv_or_sync_fifo.gl0.rd/gr1.gr1_int.rfwft/DEVICE_7SERIES.NO_BMM_INFO.SDP.WIDE_PRIM36_NO_ECC.ram_i_1 could not be replicated
INFO: [Physopt 32-117] Net U0_ps_ai_peripheral/ZGolo/u_AI_Mate_top/U0_ddr2hp_itcn/U0_dmux4/U3_aw_axi_fifo/w616d64_fifo.U0_w616d64_fifo/U0/inst_fifo_gen/gconvfifo.rf/grf.rf/gntv_or_sync_fifo.gl0.rd/gr1.gr1_int.rfwft/tmp_ram_rd_en could not be optimized because driver U0_ps_ai_peripheral/ZGolo/u_AI_Mate_top/U0_ddr2hp_itcn/U0_dmux4/U3_aw_axi_fifo/w616d64_fifo.U0_w616d64_fifo/U0/inst_fifo_gen/gconvfifo.rf/grf.rf/gntv_or_sync_fifo.gl0.rd/gr1.gr1_int.rfwft/DEVICE_7SERIES.NO_BMM_INFO.SDP.WIDE_PRIM36_NO_ECC.ram_i_1 could not be replicated
INFO: [Physopt 32-68] No nets found for critical-cell optimization.
INFO: [Physopt 32-232] Optimized 0 net. Created 0 new instance.
INFO: [Physopt 32-775] End 1 Pass. Optimized 0 net or cell. Created 0 new cell, deleted 0 existing cell and moved 0 existing cell
INFO: [Physopt 32-456] No candidate cells for DSP register optimization found in the design.
INFO: [Physopt 32-775] End 2 Pass. Optimized 0 net or cell. Created 0 new cell, deleted 0 existing cell and moved 0 existing cell
INFO: [Physopt 32-677] No candidate cells for Shift Register optimization found in the design
INFO: [Physopt 32-775] End 1 Pass. Optimized 0 net or cell. Created 0 new cell, deleted 0 existing cell and moved 0 existing cell
INFO: [Physopt 32-526] No candidate cells for BRAM register optimization found in the design
INFO: [Physopt 32-775] End 1 Pass. Optimized 0 net or cell. Created 0 new cell, deleted 0 existing cell and moved 0 existing cell
INFO: [Physopt 32-949] No candidate nets found for HD net replication
INFO: [Physopt 32-775] End 1 Pass. Optimized 0 net or cell. Created 0 new cell, deleted 0 existing cell and moved 0 existing cell
Netlist sorting complete. Time (s): cpu = 00:00:00 ; elapsed = 00:00:00.064 . Memory (MB): peak = 4184.922 ; gain = 0.000

Summary of Physical Synthesis Optimizations
============================================


----------------------------------------------------------------------------------------------------------------------------------------
|  Optimization                  |  Added Cells  |  Removed Cells  |  Optimized Cells/Nets  |  Dont Touch  |  Iterations  |  Elapsed   |
----------------------------------------------------------------------------------------------------------------------------------------
|  Very High Fanout              |          163  |              0  |                     5  |           0  |           1  |  00:00:12  |
|  Critical Cell                 |            0  |              0  |                     0  |           0  |           1  |  00:00:00  |
|  DSP Register                  |            0  |              0  |                     0  |           0  |           1  |  00:00:00  |
|  Shift Register                |            0  |              0  |                     0  |           0  |           1  |  00:00:00  |
|  BRAM Register                 |            0  |              0  |                     0  |           0  |           1  |  00:00:00  |
|  HD Interface Net Replication  |            0  |              0  |                     0  |           0  |           1  |  00:00:00  |
|  Total                         |          163  |              0  |                     5  |           0  |           6  |  00:00:12  |
----------------------------------------------------------------------------------------------------------------------------------------


Phase 2.2 Physical Synthesis In Placer | Checksum: 1340f1c93

Time (s): cpu = 00:04:10 ; elapsed = 00:03:20 . Memory (MB): peak = 4184.922 ; gain = 0.000
Phase 2 Global Placement | Checksum: 1ab1f02e4

Time (s): cpu = 00:04:15 ; elapsed = 00:03:24 . Memory (MB): peak = 4184.922 ; gain = 0.000

Phase 3 Detail Placement

Phase 3.1 Commit Multi Column Macros
Phase 3.1 Commit Multi Column Macros | Checksum: 1ab1f02e4

Time (s): cpu = 00:04:16 ; elapsed = 00:03:24 . Memory (MB): peak = 4184.922 ; gain = 0.000

Phase 3.2 Commit Most Macros & LUTRAMs
Phase 3.2 Commit Most Macros & LUTRAMs | Checksum: 16cd93ea9

Time (s): cpu = 00:04:39 ; elapsed = 00:03:41 . Memory (MB): peak = 4184.922 ; gain = 0.000

Phase 3.3 Area Swap Optimization
Phase 3.3 Area Swap Optimization | Checksum: 185a10962

Time (s): cpu = 00:04:41 ; elapsed = 00:03:43 . Memory (MB): peak = 4184.922 ; gain = 0.000

Phase 3.4 Pipeline Register Optimization
Phase 3.4 Pipeline Register Optimization | Checksum: 104a0c2c3

Time (s): cpu = 00:04:42 ; elapsed = 00:03:43 . Memory (MB): peak = 4184.922 ; gain = 0.000

Phase 3.5 Fast Optimization
Phase 3.5 Fast Optimization | Checksum: f4057089

Time (s): cpu = 00:04:57 ; elapsed = 00:03:53 . Memory (MB): peak = 4184.922 ; gain = 0.000

Phase 3.6 Small Shape Detail Placement
Phase 3.6 Small Shape Detail Placement | Checksum: 110a6f0bc

Time (s): cpu = 00:06:45 ; elapsed = 00:05:48 . Memory (MB): peak = 4184.922 ; gain = 0.000

Phase 3.7 Re-assign LUT pins
Phase 3.7 Re-assign LUT pins | Checksum: 121eb70bd

Time (s): cpu = 00:06:49 ; elapsed = 00:05:52 . Memory (MB): peak = 4184.922 ; gain = 0.000

Phase 3.8 Pipeline Register Optimization
Phase 3.8 Pipeline Register Optimization | Checksum: 14d5459ed

Time (s): cpu = 00:06:51 ; elapsed = 00:05:53 . Memory (MB): peak = 4184.922 ; gain = 0.000

Phase 3.9 Fast Optimization
Phase 3.9 Fast Optimization | Checksum: 142e0c47b

Time (s): cpu = 00:07:13 ; elapsed = 00:06:08 . Memory (MB): peak = 4184.922 ; gain = 0.000
Phase 3 Detail Placement | Checksum: 142e0c47b

Time (s): cpu = 00:07:14 ; elapsed = 00:06:09 . Memory (MB): peak = 4184.922 ; gain = 0.000

Phase 4 Post Placement Optimization and Clean-Up

Phase 4.1 Post Commit Optimization
INFO: [Place 46-20] Placer is running with the ExtraNetDelay_high directive. Post Placement Optimization may take longer to complete with ExtraNetDelay_high compared to other directives.
INFO: [Timing 38-35] Done setting XDC timing constraints.

Phase 4.1.1 Post Placement Optimization
Post Placement Optimization Initialization | Checksum: 1818a83a4

Phase 4.1.1.1 BUFG Insertion
INFO: [Place 46-33] Processed net U0_ps_ai_peripheral/ZGolo/s_valid_i_2__8_n_0, BUFG insertion was skipped due to placement/routing conflicts.
INFO: [Place 46-33] Processed net U_adder_top/U_flicker/render/split_U0/prepare_geometry_U0/flicker_render_picud_U10/aclken, BUFG insertion was skipped due to placement/routing conflicts.
INFO: [Place 46-33] Processed net U_adder_top/U_flicker/render/framed_ctu_U0/test_frames_U0/flicker_render_pivdy_U87/aclken, BUFG insertion was skipped due to placement/routing conflicts.
INFO: [Place 46-33] Processed net U0_ps_ai_peripheral/ZGolo/u_AI_Mate_top/buyi_icore_post_top_u0/icore_post_top_u0/rst, BUFG insertion was skipped due to placement/routing conflicts.
INFO: [Place 46-33] Processed net U0_ps_ai_peripheral/ZGolo/u_AI_Mate_top/gp0_clk_rst, BUFG insertion was skipped due to placement/routing conflicts.
INFO: [Place 46-33] Processed net U0_ps_ai_peripheral/u_demo_clkrst_wrapper/rst_d2_gp_clk_reg_0, BUFG insertion was skipped due to placement/routing conflicts.
INFO: [Place 46-46] BUFG insertion identified 6 candidate nets, 0 success, 0 bufg driver replicated, 6 skipped for placement/routing, 0 skipped for timing, 0 skipped for netlist change reason
Phase 4.1.1.1 BUFG Insertion | Checksum: 1818a83a4

Time (s): cpu = 00:07:43 ; elapsed = 00:06:29 . Memory (MB): peak = 4184.922 ; gain = 0.000
INFO: [Place 30-746] Post Placement Timing Summary WNS=-1.315. For the most accurate timing information please run report_timing.
Phase 4.1.1 Post Placement Optimization | Checksum: 1233a9e6c

Time (s): cpu = 00:22:31 ; elapsed = 00:22:31 . Memory (MB): peak = 4184.922 ; gain = 0.000
Phase 4.1 Post Commit Optimization | Checksum: 1233a9e6c

Time (s): cpu = 00:22:32 ; elapsed = 00:22:32 . Memory (MB): peak = 4184.922 ; gain = 0.000
WARNING: [Place 46-14] The placer has determined that this design is highly congested and may have difficulty routing. Run report_design_analysis -congestion for a detailed report.

Phase 4.2 Post Placement Cleanup
Phase 4.2 Post Placement Cleanup | Checksum: 1233a9e6c

Time (s): cpu = 00:22:34 ; elapsed = 00:22:34 . Memory (MB): peak = 4184.922 ; gain = 0.000

Phase 4.3 Placer Reporting
Phase 4.3 Placer Reporting | Checksum: 1233a9e6c

Time (s): cpu = 00:22:36 ; elapsed = 00:22:35 . Memory (MB): peak = 4184.922 ; gain = 0.000

Phase 4.4 Final Placement Cleanup
Netlist sorting complete. Time (s): cpu = 00:00:00 ; elapsed = 00:00:00.180 . Memory (MB): peak = 4184.922 ; gain = 0.000
Phase 4.4 Final Placement Cleanup | Checksum: 14d9e5d5c

Time (s): cpu = 00:22:37 ; elapsed = 00:22:37 . Memory (MB): peak = 4184.922 ; gain = 0.000
Phase 4 Post Placement Optimization and Clean-Up | Checksum: 14d9e5d5c

Time (s): cpu = 00:22:38 ; elapsed = 00:22:38 . Memory (MB): peak = 4184.922 ; gain = 0.000
Ending Placer Task | Checksum: e40837b0

Time (s): cpu = 00:22:38 ; elapsed = 00:22:38 . Memory (MB): peak = 4184.922 ; gain = 0.000
INFO: [Common 17-83] Releasing license: Implementation
144 Infos, 195 Warnings, 8 Critical Warnings and 0 Errors encountered.
place_design completed successfully
place_design: Time (s): cpu = 00:22:56 ; elapsed = 00:22:55 . Memory (MB): peak = 4184.922 ; gain = 0.000
Netlist sorting complete. Time (s): cpu = 00:00:00 ; elapsed = 00:00:00.120 . Memory (MB): peak = 4184.922 ; gain = 0.000
INFO: [Timing 38-480] Writing timing data to binary archive.
Writing placer database...
Netlist sorting complete. Time (s): cpu = 00:00:01 ; elapsed = 00:00:00.125 . Memory (MB): peak = 4184.922 ; gain = 0.000
Writing XDEF routing.
Writing XDEF routing logical nets.
Writing XDEF routing special nets.
Write XDEF Complete: Time (s): cpu = 00:00:30 ; elapsed = 00:00:11 . Memory (MB): peak = 4184.922 ; gain = 0.000
INFO: [Common 17-1381] The checkpoint 'D:/ADProjects/FPGA43DGS/platform/flicker_grouplutram_fpga/fpai_demo_vivado.runs/impl_1/ai7030_edif_top_placed.dcp' has been generated.
write_checkpoint: Time (s): cpu = 00:00:53 ; elapsed = 00:00:35 . Memory (MB): peak = 4184.922 ; gain = 0.000
INFO: [runtcl-4] Executing : report_io -file ai7030_edif_top_io_placed.rpt
report_io: Time (s): cpu = 00:00:01 ; elapsed = 00:00:00.164 . Memory (MB): peak = 4184.922 ; gain = 0.000
INFO: [runtcl-4] Executing : report_utilization -file ai7030_edif_top_utilization_placed.rpt -pb ai7030_edif_top_utilization_placed.pb
INFO: [runtcl-4] Executing : report_control_sets -verbose -file ai7030_edif_top_control_sets_placed.rpt
report_control_sets: Time (s): cpu = 00:00:01 ; elapsed = 00:00:00.724 . Memory (MB): peak = 4184.922 ; gain = 0.000
Command: phys_opt_design -directive AggressiveExplore
Attempting to get a license for feature 'Implementation' and/or device 'xc7z030'
INFO: [Common 17-349] Got license for feature 'Implementation' and/or device 'xc7z030'
INFO: [Vivado_Tcl 4-137] Directive used for phys_opt_design is: AggressiveExplore
Netlist sorting complete. Time (s): cpu = 00:00:00 ; elapsed = 00:00:00.116 . Memory (MB): peak = 4184.922 ; gain = 0.000

Starting Physical Synthesis Task

Phase 1 Physical Synthesis Initialization
INFO: [Physopt 32-721] Multithreading enabled for phys_opt_design using a maximum of 2 CPUs
INFO: [Physopt 32-619] Estimated Timing Summary | WNS=-1.315 | TNS=-436.345 |
Phase 1 Physical Synthesis Initialization | Checksum: 24b2a8941

Time (s): cpu = 00:00:57 ; elapsed = 00:00:24 . Memory (MB): peak = 4184.922 ; gain = 0.000
INFO: [Physopt 32-619] Estimated Timing Summary | WNS=-1.315 | TNS=-436.345 |

Phase 2 Fanout Optimization
INFO: [Physopt 32-64] No nets found for fanout-optimization.
INFO: [Physopt 32-232] Optimized 0 net. Created 0 new instance.
INFO: [Physopt 32-775] End 1 Pass. Optimized 0 net or cell. Created 0 new cell, deleted 0 existing cell and moved 0 existing cell
Phase 2 Fanout Optimization | Checksum: 24b2a8941

Time (s): cpu = 00:01:02 ; elapsed = 00:00:28 . Memory (MB): peak = 4184.922 ; gain = 0.000

Phase 3 Placement Based Optimization
INFO: [Physopt 32-660] Identified 5 candidate nets for placement-based optimization.
INFO: [Physopt 32-662] Processed net U0_ps_ai_peripheral/frame_to_ps_inst0/frame_read_write_m0/D[8].  Did not re-place instance U0_ps_ai_peripheral/frame_to_ps_inst0/frame_read_write_m0/vout_data_r[8]_i_1
INFO: [Physopt 32-663] Processed net U0_ps_ai_peripheral/frame_to_ps_inst0/frame_read_write_m0/read_buf/U0/inst_fifo_gen/gconvfifo.rf/grf.rf/gntv_or_sync_fifo.mem/gbm.gbmg.gbmga.ngecc.bmg/inst_blk_mem_gen/gnbram.gnativebmg.native_blk_mem_gen/valid.cstr/has_mux_b.B/dout[8].  Re-placed instance U0_ps_ai_peripheral/frame_to_ps_inst0/frame_read_write_m0/read_buf/U0/inst_fifo_gen/gconvfifo.rf/grf.rf/gntv_or_sync_fifo.mem/gbm.gbmg.gbmga.ngecc.bmg/inst_blk_mem_gen/gnbram.gnativebmg.native_blk_mem_gen/valid.cstr/has_mux_b.B/dout[8]_INST_0
INFO: [Physopt 32-662] Processed net U0_ps_ai_peripheral/frame_to_ps_inst0/frame_read_write_m0/read_buf/U0/inst_fifo_gen/gconvfifo.rf/grf.rf/gntv_or_sync_fifo.mem/gbm.gbmg.gbmga.ngecc.bmg/inst_blk_mem_gen/gnbram.gnativebmg.native_blk_mem_gen/valid.cstr/has_mux_b.B/dout[8]_INST_0_i_5_n_0.  Did not re-place instance U0_ps_ai_peripheral/frame_to_ps_inst0/frame_read_write_m0/read_buf/U0/inst_fifo_gen/gconvfifo.rf/grf.rf/gntv_or_sync_fifo.mem/gbm.gbmg.gbmga.ngecc.bmg/inst_blk_mem_gen/gnbram.gnativebmg.native_blk_mem_gen/valid.cstr/has_mux_b.B/dout[8]_INST_0_i_5
INFO: [Physopt 32-662] Processed net U0_ps_ai_peripheral/frame_to_ps_inst0/video_rect_read_data_m0/Q[8].  Did not re-place instance U0_ps_ai_peripheral/frame_to_ps_inst0/video_rect_read_data_m0/vout_data_r_reg[8]
INFO: [Physopt 32-662] Processed net U0_ps_ai_peripheral/frame_to_ps_inst0/frame_read_write_m0/read_buf/U0/inst_fifo_gen/gconvfifo.rf/grf.rf/gntv_or_sync_fifo.mem/gbm.gbmg.gbmga.ngecc.bmg/inst_blk_mem_gen/gnbram.gnativebmg.native_blk_mem_gen/valid.cstr/has_mux_b.B/dout[8]_INST_0_i_6_n_0.  Did not re-place instance U0_ps_ai_peripheral/frame_to_ps_inst0/frame_read_write_m0/read_buf/U0/inst_fifo_gen/gconvfifo.rf/grf.rf/gntv_or_sync_fifo.mem/gbm.gbmg.gbmga.ngecc.bmg/inst_blk_mem_gen/gnbram.gnativebmg.native_blk_mem_gen/valid.cstr/has_mux_b.B/dout[8]_INST_0_i_6
INFO: [Physopt 32-661] Optimized 1 net.  Re-placed 1 instance.
INFO: [Physopt 32-775] End 1 Pass. Optimized 1 net or cell. Created 0 new cell, deleted 0 existing cell and moved 1 existing cell
INFO: [Physopt 32-619] Estimated Timing Summary | WNS=-1.303 | TNS=-436.333 |
Netlist sorting complete. Time (s): cpu = 00:00:01 ; elapsed = 00:00:00.119 . Memory (MB): peak = 4184.922 ; gain = 0.000
Phase 3 Placement Based Optimization | Checksum: 21e3fe21a

Time (s): cpu = 00:01:03 ; elapsed = 00:00:29 . Memory (MB): peak = 4184.922 ; gain = 0.000

Phase 4 MultiInst Placement Optimization
INFO: [Physopt 32-660] Identified 3 candidate nets for placement-based optimization.
INFO: [Physopt 32-662] Processed net U0_ps_ai_peripheral/frame_to_ps_inst0/frame_read_write_m0/D[8].  Did not re-place instance U0_ps_ai_peripheral/frame_to_ps_inst0/frame_read_write_m0/vout_data_r[8]_i_1/O
INFO: [Physopt 32-662] Processed net U0_ps_ai_peripheral/frame_to_ps_inst0/frame_read_write_m0/read_buf/U0/inst_fifo_gen/gconvfifo.rf/grf.rf/gntv_or_sync_fifo.mem/gbm.gbmg.gbmga.ngecc.bmg/inst_blk_mem_gen/gnbram.gnativebmg.native_blk_mem_gen/valid.cstr/has_mux_b.B/dout[8].  Did not re-place instance U0_ps_ai_peripheral/frame_to_ps_inst0/frame_read_write_m0/read_buf/U0/inst_fifo_gen/gconvfifo.rf/grf.rf/gntv_or_sync_fifo.mem/gbm.gbmg.gbmga.ngecc.bmg/inst_blk_mem_gen/gnbram.gnativebmg.native_blk_mem_gen/valid.cstr/has_mux_b.B/dout[8]_INST_0/O
INFO: [Physopt 32-661] Optimized 0 net.  Re-placed 0 instance.
INFO: [Physopt 32-775] End 1 Pass. Optimized 0 net or cell. Created 0 new cell, deleted 0 existing cell and moved 0 existing cell
Netlist sorting complete. Time (s): cpu = 00:00:00 ; elapsed = 00:00:00.120 . Memory (MB): peak = 4184.922 ; gain = 0.000
Phase 4 MultiInst Placement Optimization | Checksum: 21ebcf7e5

Time (s): cpu = 00:01:05 ; elapsed = 00:00:31 . Memory (MB): peak = 4184.922 ; gain = 0.000

Phase 5 Rewire
INFO: [Physopt 32-246] Starting Signal Push optimization...
INFO: [Physopt 32-241] No nets found for rewiring () optimization.
INFO: [Physopt 32-232] Optimized 0 net. Created 0 new instance.
INFO: [Physopt 32-775] End 1 Pass. Optimized 0 net or cell. Created 0 new cell, deleted 0 existing cell and moved 0 existing cell
Netlist sorting complete. Time (s): cpu = 00:00:00 ; elapsed = 00:00:00.123 . Memory (MB): peak = 4184.922 ; gain = 0.000
Phase 5 Rewire | Checksum: 21ebcf7e5

Time (s): cpu = 00:01:06 ; elapsed = 00:00:32 . Memory (MB): peak = 4184.922 ; gain = 0.000

Phase 6 Critical Cell Optimization
INFO: [Physopt 32-68] No nets found for critical-cell optimization.
INFO: [Physopt 32-232] Optimized 0 net. Created 0 new instance.
INFO: [Physopt 32-775] End 1 Pass. Optimized 0 net or cell. Created 0 new cell, deleted 0 existing cell and moved 0 existing cell
Phase 6 Critical Cell Optimization | Checksum: 21ebcf7e5

Time (s): cpu = 00:01:06 ; elapsed = 00:00:33 . Memory (MB): peak = 4184.922 ; gain = 0.000

Phase 7 Fanout Optimization
INFO: [Physopt 32-76] Pass 1. Identified 1 candidate net for fanout optimization.
INFO: [Physopt 32-572] Net U_adder_top/U_flicker/render/gather_U0/phitmp_cast_i_reg_537[383]_i_1_n_0 was not replicated.
Resolution: phys_opt_design can be forced to replicate a net driver using the option -force_replication_on_nets <list of net objects>.
INFO: [Physopt 32-232] Optimized 0 net. Created 0 new instance.
INFO: [Physopt 32-775] End 1 Pass. Optimized 0 net or cell. Created 0 new cell, deleted 0 existing cell and moved 0 existing cell
Netlist sorting complete. Time (s): cpu = 00:00:00 ; elapsed = 00:00:00.123 . Memory (MB): peak = 4184.922 ; gain = 0.000
Phase 7 Fanout Optimization | Checksum: 220e7350d

Time (s): cpu = 00:01:11 ; elapsed = 00:00:36 . Memory (MB): peak = 4184.922 ; gain = 0.000

Phase 8 Placement Based Optimization
INFO: [Physopt 32-660] Identified 5 candidate nets for placement-based optimization.
INFO: [Physopt 32-662] Processed net U0_ps_ai_peripheral/frame_to_ps_inst0/frame_read_write_m0/D[8].  Did not re-place instance U0_ps_ai_peripheral/frame_to_ps_inst0/frame_read_write_m0/vout_data_r[8]_i_1
INFO: [Physopt 32-662] Processed net U0_ps_ai_peripheral/frame_to_ps_inst0/frame_read_write_m0/read_buf/U0/inst_fifo_gen/gconvfifo.rf/grf.rf/gntv_or_sync_fifo.mem/gbm.gbmg.gbmga.ngecc.bmg/inst_blk_mem_gen/gnbram.gnativebmg.native_blk_mem_gen/valid.cstr/has_mux_b.B/dout[8].  Did not re-place instance U0_ps_ai_peripheral/frame_to_ps_inst0/frame_read_write_m0/read_buf/U0/inst_fifo_gen/gconvfifo.rf/grf.rf/gntv_or_sync_fifo.mem/gbm.gbmg.gbmga.ngecc.bmg/inst_blk_mem_gen/gnbram.gnativebmg.native_blk_mem_gen/valid.cstr/has_mux_b.B/dout[8]_INST_0
INFO: [Physopt 32-662] Processed net U0_ps_ai_peripheral/frame_to_ps_inst0/frame_read_write_m0/read_buf/U0/inst_fifo_gen/gconvfifo.rf/grf.rf/gntv_or_sync_fifo.mem/gbm.gbmg.gbmga.ngecc.bmg/inst_blk_mem_gen/gnbram.gnativebmg.native_blk_mem_gen/valid.cstr/has_mux_b.B/dout[8]_INST_0_i_5_n_0.  Did not re-place instance U0_ps_ai_peripheral/frame_to_ps_inst0/frame_read_write_m0/read_buf/U0/inst_fifo_gen/gconvfifo.rf/grf.rf/gntv_or_sync_fifo.mem/gbm.gbmg.gbmga.ngecc.bmg/inst_blk_mem_gen/gnbram.gnativebmg.native_blk_mem_gen/valid.cstr/has_mux_b.B/dout[8]_INST_0_i_5
INFO: [Physopt 32-662] Processed net U0_ps_ai_peripheral/frame_to_ps_inst0/video_rect_read_data_m0/Q[8].  Did not re-place instance U0_ps_ai_peripheral/frame_to_ps_inst0/video_rect_read_data_m0/vout_data_r_reg[8]
INFO: [Physopt 32-662] Processed net U0_ps_ai_peripheral/frame_to_ps_inst0/frame_read_write_m0/read_buf/U0/inst_fifo_gen/gconvfifo.rf/grf.rf/gntv_or_sync_fifo.mem/gbm.gbmg.gbmga.ngecc.bmg/inst_blk_mem_gen/gnbram.gnativebmg.native_blk_mem_gen/valid.cstr/has_mux_b.B/dout[8]_INST_0_i_6_n_0.  Did not re-place instance U0_ps_ai_peripheral/frame_to_ps_inst0/frame_read_write_m0/read_buf/U0/inst_fifo_gen/gconvfifo.rf/grf.rf/gntv_or_sync_fifo.mem/gbm.gbmg.gbmga.ngecc.bmg/inst_blk_mem_gen/gnbram.gnativebmg.native_blk_mem_gen/valid.cstr/has_mux_b.B/dout[8]_INST_0_i_6
INFO: [Physopt 32-661] Optimized 0 net.  Re-placed 0 instance.
INFO: [Physopt 32-775] End 1 Pass. Optimized 0 net or cell. Created 0 new cell, deleted 0 existing cell and moved 0 existing cell
Netlist sorting complete. Time (s): cpu = 00:00:00 ; elapsed = 00:00:00.120 . Memory (MB): peak = 4184.922 ; gain = 0.000
Phase 8 Placement Based Optimization | Checksum: 2408fccee

Time (s): cpu = 00:01:12 ; elapsed = 00:00:38 . Memory (MB): peak = 4184.922 ; gain = 0.000

Phase 9 MultiInst Placement Optimization
INFO: [Physopt 32-660] Identified 3 candidate nets for placement-based optimization.
INFO: [Physopt 32-662] Processed net U0_ps_ai_peripheral/frame_to_ps_inst0/frame_read_write_m0/D[8].  Did not re-place instance U0_ps_ai_peripheral/frame_to_ps_inst0/frame_read_write_m0/vout_data_r[8]_i_1/O
INFO: [Physopt 32-662] Processed net U0_ps_ai_peripheral/frame_to_ps_inst0/frame_read_write_m0/read_buf/U0/inst_fifo_gen/gconvfifo.rf/grf.rf/gntv_or_sync_fifo.mem/gbm.gbmg.gbmga.ngecc.bmg/inst_blk_mem_gen/gnbram.gnativebmg.native_blk_mem_gen/valid.cstr/has_mux_b.B/dout[8].  Did not re-place instance U0_ps_ai_peripheral/frame_to_ps_inst0/frame_read_write_m0/read_buf/U0/inst_fifo_gen/gconvfifo.rf/grf.rf/gntv_or_sync_fifo.mem/gbm.gbmg.gbmga.ngecc.bmg/inst_blk_mem_gen/gnbram.gnativebmg.native_blk_mem_gen/valid.cstr/has_mux_b.B/dout[8]_INST_0/O
INFO: [Physopt 32-661] Optimized 0 net.  Re-placed 0 instance.
INFO: [Physopt 32-775] End 1 Pass. Optimized 0 net or cell. Created 0 new cell, deleted 0 existing cell and moved 0 existing cell
Netlist sorting complete. Time (s): cpu = 00:00:00 ; elapsed = 00:00:00.122 . Memory (MB): peak = 4184.922 ; gain = 0.000
Phase 9 MultiInst Placement Optimization | Checksum: 227da8390

Time (s): cpu = 00:01:14 ; elapsed = 00:00:39 . Memory (MB): peak = 4184.922 ; gain = 0.000

Phase 10 Rewire
INFO: [Physopt 32-246] Starting Signal Push optimization...
INFO: [Physopt 32-241] No nets found for rewiring () optimization.
INFO: [Physopt 32-232] Optimized 0 net. Created 0 new instance.
INFO: [Physopt 32-775] End 1 Pass. Optimized 0 net or cell. Created 0 new cell, deleted 0 existing cell and moved 0 existing cell
Netlist sorting complete. Time (s): cpu = 00:00:00 ; elapsed = 00:00:00.126 . Memory (MB): peak = 4184.922 ; gain = 0.000
Phase 10 Rewire | Checksum: 227da8390

Time (s): cpu = 00:01:15 ; elapsed = 00:00:40 . Memory (MB): peak = 4184.922 ; gain = 0.000

Phase 11 Critical Cell Optimization
INFO: [Physopt 32-68] No nets found for critical-cell optimization.
INFO: [Physopt 32-232] Optimized 0 net. Created 0 new instance.
INFO: [Physopt 32-775] End 1 Pass. Optimized 0 net or cell. Created 0 new cell, deleted 0 existing cell and moved 0 existing cell
Phase 11 Critical Cell Optimization | Checksum: 227da8390

Time (s): cpu = 00:01:16 ; elapsed = 00:00:41 . Memory (MB): peak = 4184.922 ; gain = 0.000

Phase 12 Slr Crossing Optimization
Phase 12 Slr Crossing Optimization | Checksum: 227da8390

Time (s): cpu = 00:01:16 ; elapsed = 00:00:42 . Memory (MB): peak = 4184.922 ; gain = 0.000

Phase 13 Fanout Optimization
INFO: [Physopt 32-64] No nets found for fanout-optimization.
INFO: [Physopt 32-232] Optimized 0 net. Created 0 new instance.
INFO: [Physopt 32-775] End 1 Pass. Optimized 0 net or cell. Created 0 new cell, deleted 0 existing cell and moved 0 existing cell
Phase 13 Fanout Optimization | Checksum: 227da8390

Time (s): cpu = 00:01:18 ; elapsed = 00:00:43 . Memory (MB): peak = 4184.922 ; gain = 0.000

Phase 14 Placement Based Optimization
INFO: [Physopt 32-660] Identified 5 candidate nets for placement-based optimization.
INFO: [Physopt 32-662] Processed net U0_ps_ai_peripheral/frame_to_ps_inst0/frame_read_write_m0/D[8].  Did not re-place instance U0_ps_ai_peripheral/frame_to_ps_inst0/frame_read_write_m0/vout_data_r[8]_i_1
INFO: [Physopt 32-662] Processed net U0_ps_ai_peripheral/frame_to_ps_inst0/frame_read_write_m0/read_buf/U0/inst_fifo_gen/gconvfifo.rf/grf.rf/gntv_or_sync_fifo.mem/gbm.gbmg.gbmga.ngecc.bmg/inst_blk_mem_gen/gnbram.gnativebmg.native_blk_mem_gen/valid.cstr/has_mux_b.B/dout[8].  Did not re-place instance U0_ps_ai_peripheral/frame_to_ps_inst0/frame_read_write_m0/read_buf/U0/inst_fifo_gen/gconvfifo.rf/grf.rf/gntv_or_sync_fifo.mem/gbm.gbmg.gbmga.ngecc.bmg/inst_blk_mem_gen/gnbram.gnativebmg.native_blk_mem_gen/valid.cstr/has_mux_b.B/dout[8]_INST_0
INFO: [Physopt 32-662] Processed net U0_ps_ai_peripheral/frame_to_ps_inst0/frame_read_write_m0/read_buf/U0/inst_fifo_gen/gconvfifo.rf/grf.rf/gntv_or_sync_fifo.mem/gbm.gbmg.gbmga.ngecc.bmg/inst_blk_mem_gen/gnbram.gnativebmg.native_blk_mem_gen/valid.cstr/has_mux_b.B/dout[8]_INST_0_i_5_n_0.  Did not re-place instance U0_ps_ai_peripheral/frame_to_ps_inst0/frame_read_write_m0/read_buf/U0/inst_fifo_gen/gconvfifo.rf/grf.rf/gntv_or_sync_fifo.mem/gbm.gbmg.gbmga.ngecc.bmg/inst_blk_mem_gen/gnbram.gnativebmg.native_blk_mem_gen/valid.cstr/has_mux_b.B/dout[8]_INST_0_i_5
INFO: [Physopt 32-662] Processed net U0_ps_ai_peripheral/frame_to_ps_inst0/video_rect_read_data_m0/Q[8].  Did not re-place instance U0_ps_ai_peripheral/frame_to_ps_inst0/video_rect_read_data_m0/vout_data_r_reg[8]
INFO: [Physopt 32-662] Processed net U0_ps_ai_peripheral/frame_to_ps_inst0/frame_read_write_m0/read_buf/U0/inst_fifo_gen/gconvfifo.rf/grf.rf/gntv_or_sync_fifo.mem/gbm.gbmg.gbmga.ngecc.bmg/inst_blk_mem_gen/gnbram.gnativebmg.native_blk_mem_gen/valid.cstr/has_mux_b.B/dout[8]_INST_0_i_6_n_0.  Did not re-place instance U0_ps_ai_peripheral/frame_to_ps_inst0/frame_read_write_m0/read_buf/U0/inst_fifo_gen/gconvfifo.rf/grf.rf/gntv_or_sync_fifo.mem/gbm.gbmg.gbmga.ngecc.bmg/inst_blk_mem_gen/gnbram.gnativebmg.native_blk_mem_gen/valid.cstr/has_mux_b.B/dout[8]_INST_0_i_6
INFO: [Physopt 32-661] Optimized 0 net.  Re-placed 0 instance.
INFO: [Physopt 32-775] End 1 Pass. Optimized 0 net or cell. Created 0 new cell, deleted 0 existing cell and moved 0 existing cell
Netlist sorting complete. Time (s): cpu = 00:00:00 ; elapsed = 00:00:00.122 . Memory (MB): peak = 4184.922 ; gain = 0.000
Phase 14 Placement Based Optimization | Checksum: 2408fccee

Time (s): cpu = 00:01:19 ; elapsed = 00:00:45 . Memory (MB): peak = 4184.922 ; gain = 0.000

Phase 15 MultiInst Placement Optimization
INFO: [Physopt 32-660] Identified 3 candidate nets for placement-based optimization.
INFO: [Physopt 32-662] Processed net U0_ps_ai_peripheral/frame_to_ps_inst0/frame_read_write_m0/D[8].  Did not re-place instance U0_ps_ai_peripheral/frame_to_ps_inst0/frame_read_write_m0/vout_data_r[8]_i_1/O
INFO: [Physopt 32-662] Processed net U0_ps_ai_peripheral/frame_to_ps_inst0/frame_read_write_m0/read_buf/U0/inst_fifo_gen/gconvfifo.rf/grf.rf/gntv_or_sync_fifo.mem/gbm.gbmg.gbmga.ngecc.bmg/inst_blk_mem_gen/gnbram.gnativebmg.native_blk_mem_gen/valid.cstr/has_mux_b.B/dout[8].  Did not re-place instance U0_ps_ai_peripheral/frame_to_ps_inst0/frame_read_write_m0/read_buf/U0/inst_fifo_gen/gconvfifo.rf/grf.rf/gntv_or_sync_fifo.mem/gbm.gbmg.gbmga.ngecc.bmg/inst_blk_mem_gen/gnbram.gnativebmg.native_blk_mem_gen/valid.cstr/has_mux_b.B/dout[8]_INST_0/O
INFO: [Physopt 32-661] Optimized 0 net.  Re-placed 0 instance.
INFO: [Physopt 32-775] End 1 Pass. Optimized 0 net or cell. Created 0 new cell, deleted 0 existing cell and moved 0 existing cell
Netlist sorting complete. Time (s): cpu = 00:00:00 ; elapsed = 00:00:00.119 . Memory (MB): peak = 4184.922 ; gain = 0.000
Phase 15 MultiInst Placement Optimization | Checksum: 227da8390

Time (s): cpu = 00:01:21 ; elapsed = 00:00:46 . Memory (MB): peak = 4184.922 ; gain = 0.000

Phase 16 Rewire
INFO: [Physopt 32-246] Starting Signal Push optimization...
INFO: [Physopt 32-241] No nets found for rewiring () optimization.
INFO: [Physopt 32-232] Optimized 0 net. Created 0 new instance.
INFO: [Physopt 32-775] End 1 Pass. Optimized 0 net or cell. Created 0 new cell, deleted 0 existing cell and moved 0 existing cell
Netlist sorting complete. Time (s): cpu = 00:00:00 ; elapsed = 00:00:00.142 . Memory (MB): peak = 4184.922 ; gain = 0.000
Phase 16 Rewire | Checksum: 227da8390

Time (s): cpu = 00:01:22 ; elapsed = 00:00:47 . Memory (MB): peak = 4184.922 ; gain = 0.000

Phase 17 Critical Cell Optimization
INFO: [Physopt 32-68] No nets found for critical-cell optimization.
INFO: [Physopt 32-232] Optimized 0 net. Created 0 new instance.
INFO: [Physopt 32-775] End 1 Pass. Optimized 0 net or cell. Created 0 new cell, deleted 0 existing cell and moved 0 existing cell
Phase 17 Critical Cell Optimization | Checksum: 227da8390

Time (s): cpu = 00:01:23 ; elapsed = 00:00:48 . Memory (MB): peak = 4184.922 ; gain = 0.000

Phase 18 DSP Register Optimization
INFO: [Physopt 32-456] No candidate cells for DSP register optimization found in the design.
INFO: [Physopt 32-775] End 1 Pass. Optimized 0 net or cell. Created 0 new cell, deleted 0 existing cell and moved 0 existing cell
Phase 18 DSP Register Optimization | Checksum: 227da8390

Time (s): cpu = 00:01:23 ; elapsed = 00:00:49 . Memory (MB): peak = 4184.922 ; gain = 0.000

Phase 19 BRAM Register Optimization
INFO: [Physopt 32-614] Property 'READ_WIDTH_B' on BRAM cell 'U0_ps_ai_peripheral/mig_ddr3_u0/u_mig_7series_0_mig/u_memc_ui_top_std/mem_intfc0/ddr_phy_top0/u_ddr_calib_top/ddr_phy_prbs_rdlvl_gen.u_ddr_phy_prbs_rdlvl/dec_cnt_reg' Port 'B' is 0. Skip BRAM Register Optimization on the port
INFO: [Physopt 32-614] Property 'READ_WIDTH_B' on BRAM cell 'U_adder_top/U_flicker/render/render_lane_0u_U0/grp_evaluate_group_0u_s_fu_446/exp_bits_3_U/evaluate_group_0uCeG_rom_U/q0_reg_0' Port 'B' is 0. Skip BRAM Register Optimization on the port
INFO: [Physopt 32-614] Property 'READ_WIDTH_B' on BRAM cell 'U_adder_top/U_flicker/render/render_lane_0u_U0/grp_evaluate_group_0u_s_fu_446/exp_bits_3_U/evaluate_group_0uCeG_rom_U/q0_reg_1' Port 'B' is 0. Skip BRAM Register Optimization on the port
INFO: [Physopt 32-614] Property 'READ_WIDTH_B' on BRAM cell 'U_adder_top/U_flicker/render/render_lane_0u_U0/grp_evaluate_group_0u_s_fu_446/exp_bits_3_U/evaluate_group_0uCeG_rom_U/q0_reg_2' Port 'B' is 0. Skip BRAM Register Optimization on the port
INFO: [Physopt 32-614] Property 'READ_WIDTH_B' on BRAM cell 'U_adder_top/U_flicker/render/render_lane_0u_U0/grp_evaluate_group_0u_s_fu_446/exp_bits_3_U/evaluate_group_0uCeG_rom_U/q0_reg_3' Port 'B' is 0. Skip BRAM Register Optimization on the port
INFO: [Physopt 32-614] Property 'READ_WIDTH_B' on BRAM cell 'U_adder_top/U_flicker/render/render_lane_0u_U0/grp_evaluate_group_0u_s_fu_446/exp_bits_3_U/evaluate_group_0uCeG_rom_U/q0_reg_4' Port 'B' is 0. Skip BRAM Register Optimization on the port
INFO: [Physopt 32-614] Property 'READ_WIDTH_B' on BRAM cell 'U_adder_top/U_flicker/render/render_lane_0u_U0/grp_evaluate_group_0u_s_fu_446/exp_bits_3_U/evaluate_group_0uCeG_rom_U/q0_reg_5' Port 'B' is 0. Skip BRAM Register Optimization on the port
INFO: [Physopt 32-614] Property 'READ_WIDTH_B' on BRAM cell 'U_adder_top/U_flicker/render/render_lane_0u_U0/grp_evaluate_group_0u_s_fu_446/exp_bits_3_U/evaluate_group_0uCeG_rom_U/q0_reg_6' Port 'B' is 0. Skip BRAM Register Optimization on the port
INFO: [Physopt 32-614] Property 'READ_WIDTH_B' on BRAM cell 'U_adder_top/U_flicker/render/render_lane_1u_U0/grp_evaluate_group_1u_s_fu_448/exp_bits_2_U/evaluate_group_0uCeG_rom_U/q0_reg_0' Port 'B' is 0. Skip BRAM Register Optimization on the port
INFO: [Physopt 32-614] Property 'READ_WIDTH_B' on BRAM cell 'U_adder_top/U_flicker/render/render_lane_1u_U0/grp_evaluate_group_1u_s_fu_448/exp_bits_2_U/evaluate_group_0uCeG_rom_U/q0_reg_1' Port 'B' is 0. Skip BRAM Register Optimization on the port
INFO: [Physopt 32-614] Property 'READ_WIDTH_B' on BRAM cell 'U_adder_top/U_flicker/render/render_lane_1u_U0/grp_evaluate_group_1u_s_fu_448/exp_bits_2_U/evaluate_group_0uCeG_rom_U/q0_reg_2' Port 'B' is 0. Skip BRAM Register Optimization on the port
INFO: [Physopt 32-614] Property 'READ_WIDTH_B' on BRAM cell 'U_adder_top/U_flicker/render/render_lane_1u_U0/grp_evaluate_group_1u_s_fu_448/exp_bits_2_U/evaluate_group_0uCeG_rom_U/q0_reg_3' Port 'B' is 0. Skip BRAM Register Optimization on the port
INFO: [Physopt 32-614] Property 'READ_WIDTH_B' on BRAM cell 'U_adder_top/U_flicker/render/render_lane_1u_U0/grp_evaluate_group_1u_s_fu_448/exp_bits_2_U/evaluate_group_0uCeG_rom_U/q0_reg_4' Port 'B' is 0. Skip BRAM Register Optimization on the port
INFO: [Physopt 32-614] Property 'READ_WIDTH_B' on BRAM cell 'U_adder_top/U_flicker/render/render_lane_1u_U0/grp_evaluate_group_1u_s_fu_448/exp_bits_2_U/evaluate_group_0uCeG_rom_U/q0_reg_5' Port 'B' is 0. Skip BRAM Register Optimization on the port
INFO: [Physopt 32-614] Property 'READ_WIDTH_B' on BRAM cell 'U_adder_top/U_flicker/render/render_lane_1u_U0/grp_evaluate_group_1u_s_fu_448/exp_bits_2_U/evaluate_group_0uCeG_rom_U/q0_reg_6' Port 'B' is 0. Skip BRAM Register Optimization on the port
INFO: [Physopt 32-614] Property 'READ_WIDTH_B' on BRAM cell 'U_adder_top/U_flicker/render/render_lane_2u_U0/grp_evaluate_group_2u_s_fu_454/exp_bits_1_U/evaluate_group_0uCeG_rom_U/q0_reg_0' Port 'B' is 0. Skip BRAM Register Optimization on the port
INFO: [Physopt 32-614] Property 'READ_WIDTH_B' on BRAM cell 'U_adder_top/U_flicker/render/render_lane_2u_U0/grp_evaluate_group_2u_s_fu_454/exp_bits_1_U/evaluate_group_0uCeG_rom_U/q0_reg_1' Port 'B' is 0. Skip BRAM Register Optimization on the port
INFO: [Physopt 32-614] Property 'READ_WIDTH_B' on BRAM cell 'U_adder_top/U_flicker/render/render_lane_2u_U0/grp_evaluate_group_2u_s_fu_454/exp_bits_1_U/evaluate_group_0uCeG_rom_U/q0_reg_2' Port 'B' is 0. Skip BRAM Register Optimization on the port
INFO: [Physopt 32-614] Property 'READ_WIDTH_B' on BRAM cell 'U_adder_top/U_flicker/render/render_lane_2u_U0/grp_evaluate_group_2u_s_fu_454/exp_bits_1_U/evaluate_group_0uCeG_rom_U/q0_reg_3' Port 'B' is 0. Skip BRAM Register Optimization on the port
INFO: [Physopt 32-614] Property 'READ_WIDTH_B' on BRAM cell 'U_adder_top/U_flicker/render/render_lane_2u_U0/grp_evaluate_group_2u_s_fu_454/exp_bits_1_U/evaluate_group_0uCeG_rom_U/q0_reg_4' Port 'B' is 0. Skip BRAM Register Optimization on the port
INFO: [Physopt 32-614] Property 'READ_WIDTH_B' on BRAM cell 'U_adder_top/U_flicker/render/render_lane_2u_U0/grp_evaluate_group_2u_s_fu_454/exp_bits_1_U/evaluate_group_0uCeG_rom_U/q0_reg_5' Port 'B' is 0. Skip BRAM Register Optimization on the port
INFO: [Physopt 32-614] Property 'READ_WIDTH_B' on BRAM cell 'U_adder_top/U_flicker/render/render_lane_2u_U0/grp_evaluate_group_2u_s_fu_454/exp_bits_1_U/evaluate_group_0uCeG_rom_U/q0_reg_6' Port 'B' is 0. Skip BRAM Register Optimization on the port
INFO: [Physopt 32-614] Property 'READ_WIDTH_B' on BRAM cell 'U_adder_top/U_flicker/render/render_lane_3u_U0/grp_evaluate_group_3u_s_fu_456/exp_bits_U/evaluate_group_0uCeG_rom_U/q0_reg_0' Port 'B' is 0. Skip BRAM Register Optimization on the port
INFO: [Physopt 32-614] Property 'READ_WIDTH_B' on BRAM cell 'U_adder_top/U_flicker/render/render_lane_3u_U0/grp_evaluate_group_3u_s_fu_456/exp_bits_U/evaluate_group_0uCeG_rom_U/q0_reg_1' Port 'B' is 0. Skip BRAM Register Optimization on the port
INFO: [Physopt 32-614] Property 'READ_WIDTH_B' on BRAM cell 'U_adder_top/U_flicker/render/render_lane_3u_U0/grp_evaluate_group_3u_s_fu_456/exp_bits_U/evaluate_group_0uCeG_rom_U/q0_reg_2' Port 'B' is 0. Skip BRAM Register Optimization on the port
INFO: [Physopt 32-614] Property 'READ_WIDTH_B' on BRAM cell 'U_adder_top/U_flicker/render/render_lane_3u_U0/grp_evaluate_group_3u_s_fu_456/exp_bits_U/evaluate_group_0uCeG_rom_U/q0_reg_3' Port 'B' is 0. Skip BRAM Register Optimization on the port
INFO: [Physopt 32-614] Property 'READ_WIDTH_B' on BRAM cell 'U_adder_top/U_flicker/render/render_lane_3u_U0/grp_evaluate_group_3u_s_fu_456/exp_bits_U/evaluate_group_0uCeG_rom_U/q0_reg_4' Port 'B' is 0. Skip BRAM Register Optimization on the port
INFO: [Physopt 32-614] Property 'READ_WIDTH_B' on BRAM cell 'U_adder_top/U_flicker/render/render_lane_3u_U0/grp_evaluate_group_3u_s_fu_456/exp_bits_U/evaluate_group_0uCeG_rom_U/q0_reg_5' Port 'B' is 0. Skip BRAM Register Optimization on the port
INFO: [Physopt 32-614] Property 'READ_WIDTH_B' on BRAM cell 'U_adder_top/U_flicker/render/render_lane_3u_U0/grp_evaluate_group_3u_s_fu_456/exp_bits_U/evaluate_group_0uCeG_rom_U/q0_reg_6' Port 'B' is 0. Skip BRAM Register Optimization on the port
INFO: [Physopt 32-526] No candidate cells for BRAM register optimization found in the design
INFO: [Physopt 32-775] End 1 Pass. Optimized 0 net or cell. Created 0 new cell, deleted 0 existing cell and moved 0 existing cell
Phase 19 BRAM Register Optimization | Checksum: 227da8390

Time (s): cpu = 00:01:24 ; elapsed = 00:00:50 . Memory (MB): peak = 4184.922 ; gain = 0.000

Phase 20 URAM Register Optimization
INFO: [Physopt 32-846] No candidate cells for URAM register optimization found in the design
INFO: [Physopt 32-775] End 1 Pass. Optimized 0 net or cell. Created 0 new cell, deleted 0 existing cell and moved 0 existing cell
Phase 20 URAM Register Optimization | Checksum: 227da8390

Time (s): cpu = 00:01:24 ; elapsed = 00:00:50 . Memory (MB): peak = 4184.922 ; gain = 0.000

Phase 21 Shift Register Optimization
INFO: [Physopt 32-677] No candidate cells for Shift Register optimization found in the design
INFO: [Physopt 32-775] End 1 Pass. Optimized 0 net or cell. Created 0 new cell, deleted 0 existing cell and moved 0 existing cell
Phase 21 Shift Register Optimization | Checksum: 227da8390

Time (s): cpu = 00:01:25 ; elapsed = 00:00:51 . Memory (MB): peak = 4184.922 ; gain = 0.000

Phase 22 DSP Register Optimization
INFO: [Physopt 32-456] No candidate cells for DSP register optimization found in the design.
INFO: [Physopt 32-775] End 1 Pass. Optimized 0 net or cell. Created 0 new cell, deleted 0 existing cell and moved 0 existing cell
Phase 22 DSP Register Optimization | Checksum: 227da8390

Time (s): cpu = 00:01:26 ; elapsed = 00:00:52 . Memory (MB): peak = 4184.922 ; gain = 0.000

Phase 23 BRAM Register Optimization
INFO: [Physopt 32-614] Property 'READ_WIDTH_B' on BRAM cell 'U0_ps_ai_peripheral/mig_ddr3_u0/u_mig_7series_0_mig/u_memc_ui_top_std/mem_intfc0/ddr_phy_top0/u_ddr_calib_top/ddr_phy_prbs_rdlvl_gen.u_ddr_phy_prbs_rdlvl/dec_cnt_reg' Port 'B' is 0. Skip BRAM Register Optimization on the port
INFO: [Physopt 32-614] Property 'READ_WIDTH_B' on BRAM cell 'U_adder_top/U_flicker/render/render_lane_0u_U0/grp_evaluate_group_0u_s_fu_446/exp_bits_3_U/evaluate_group_0uCeG_rom_U/q0_reg_0' Port 'B' is 0. Skip BRAM Register Optimization on the port
INFO: [Physopt 32-614] Property 'READ_WIDTH_B' on BRAM cell 'U_adder_top/U_flicker/render/render_lane_0u_U0/grp_evaluate_group_0u_s_fu_446/exp_bits_3_U/evaluate_group_0uCeG_rom_U/q0_reg_1' Port 'B' is 0. Skip BRAM Register Optimization on the port
INFO: [Physopt 32-614] Property 'READ_WIDTH_B' on BRAM cell 'U_adder_top/U_flicker/render/render_lane_0u_U0/grp_evaluate_group_0u_s_fu_446/exp_bits_3_U/evaluate_group_0uCeG_rom_U/q0_reg_2' Port 'B' is 0. Skip BRAM Register Optimization on the port
INFO: [Physopt 32-614] Property 'READ_WIDTH_B' on BRAM cell 'U_adder_top/U_flicker/render/render_lane_0u_U0/grp_evaluate_group_0u_s_fu_446/exp_bits_3_U/evaluate_group_0uCeG_rom_U/q0_reg_3' Port 'B' is 0. Skip BRAM Register Optimization on the port
INFO: [Physopt 32-614] Property 'READ_WIDTH_B' on BRAM cell 'U_adder_top/U_flicker/render/render_lane_0u_U0/grp_evaluate_group_0u_s_fu_446/exp_bits_3_U/evaluate_group_0uCeG_rom_U/q0_reg_4' Port 'B' is 0. Skip BRAM Register Optimization on the port
INFO: [Physopt 32-614] Property 'READ_WIDTH_B' on BRAM cell 'U_adder_top/U_flicker/render/render_lane_0u_U0/grp_evaluate_group_0u_s_fu_446/exp_bits_3_U/evaluate_group_0uCeG_rom_U/q0_reg_5' Port 'B' is 0. Skip BRAM Register Optimization on the port
INFO: [Physopt 32-614] Property 'READ_WIDTH_B' on BRAM cell 'U_adder_top/U_flicker/render/render_lane_0u_U0/grp_evaluate_group_0u_s_fu_446/exp_bits_3_U/evaluate_group_0uCeG_rom_U/q0_reg_6' Port 'B' is 0. Skip BRAM Register Optimization on the port
INFO: [Physopt 32-614] Property 'READ_WIDTH_B' on BRAM cell 'U_adder_top/U_flicker/render/render_lane_1u_U0/grp_evaluate_group_1u_s_fu_448/exp_bits_2_U/evaluate_group_0uCeG_rom_U/q0_reg_0' Port 'B' is 0. Skip BRAM Register Optimization on the port
INFO: [Physopt 32-614] Property 'READ_WIDTH_B' on BRAM cell 'U_adder_top/U_flicker/render/render_lane_1u_U0/grp_evaluate_group_1u_s_fu_448/exp_bits_2_U/evaluate_group_0uCeG_rom_U/q0_reg_1' Port 'B' is 0. Skip BRAM Register Optimization on the port
INFO: [Physopt 32-614] Property 'READ_WIDTH_B' on BRAM cell 'U_adder_top/U_flicker/render/render_lane_1u_U0/grp_evaluate_group_1u_s_fu_448/exp_bits_2_U/evaluate_group_0uCeG_rom_U/q0_reg_2' Port 'B' is 0. Skip BRAM Register Optimization on the port
INFO: [Physopt 32-614] Property 'READ_WIDTH_B' on BRAM cell 'U_adder_top/U_flicker/render/render_lane_1u_U0/grp_evaluate_group_1u_s_fu_448/exp_bits_2_U/evaluate_group_0uCeG_rom_U/q0_reg_3' Port 'B' is 0. Skip BRAM Register Optimization on the port
INFO: [Physopt 32-614] Property 'READ_WIDTH_B' on BRAM cell 'U_adder_top/U_flicker/render/render_lane_1u_U0/grp_evaluate_group_1u_s_fu_448/exp_bits_2_U/evaluate_group_0uCeG_rom_U/q0_reg_4' Port 'B' is 0. Skip BRAM Register Optimization on the port
INFO: [Physopt 32-614] Property 'READ_WIDTH_B' on BRAM cell 'U_adder_top/U_flicker/render/render_lane_1u_U0/grp_evaluate_group_1u_s_fu_448/exp_bits_2_U/evaluate_group_0uCeG_rom_U/q0_reg_5' Port 'B' is 0. Skip BRAM Register Optimization on the port
INFO: [Physopt 32-614] Property 'READ_WIDTH_B' on BRAM cell 'U_adder_top/U_flicker/render/render_lane_1u_U0/grp_evaluate_group_1u_s_fu_448/exp_bits_2_U/evaluate_group_0uCeG_rom_U/q0_reg_6' Port 'B' is 0. Skip BRAM Register Optimization on the port
INFO: [Physopt 32-614] Property 'READ_WIDTH_B' on BRAM cell 'U_adder_top/U_flicker/render/render_lane_2u_U0/grp_evaluate_group_2u_s_fu_454/exp_bits_1_U/evaluate_group_0uCeG_rom_U/q0_reg_0' Port 'B' is 0. Skip BRAM Register Optimization on the port
INFO: [Physopt 32-614] Property 'READ_WIDTH_B' on BRAM cell 'U_adder_top/U_flicker/render/render_lane_2u_U0/grp_evaluate_group_2u_s_fu_454/exp_bits_1_U/evaluate_group_0uCeG_rom_U/q0_reg_1' Port 'B' is 0. Skip BRAM Register Optimization on the port
INFO: [Physopt 32-614] Property 'READ_WIDTH_B' on BRAM cell 'U_adder_top/U_flicker/render/render_lane_2u_U0/grp_evaluate_group_2u_s_fu_454/exp_bits_1_U/evaluate_group_0uCeG_rom_U/q0_reg_2' Port 'B' is 0. Skip BRAM Register Optimization on the port
INFO: [Physopt 32-614] Property 'READ_WIDTH_B' on BRAM cell 'U_adder_top/U_flicker/render/render_lane_2u_U0/grp_evaluate_group_2u_s_fu_454/exp_bits_1_U/evaluate_group_0uCeG_rom_U/q0_reg_3' Port 'B' is 0. Skip BRAM Register Optimization on the port
INFO: [Physopt 32-614] Property 'READ_WIDTH_B' on BRAM cell 'U_adder_top/U_flicker/render/render_lane_2u_U0/grp_evaluate_group_2u_s_fu_454/exp_bits_1_U/evaluate_group_0uCeG_rom_U/q0_reg_4' Port 'B' is 0. Skip BRAM Register Optimization on the port
INFO: [Physopt 32-614] Property 'READ_WIDTH_B' on BRAM cell 'U_adder_top/U_flicker/render/render_lane_2u_U0/grp_evaluate_group_2u_s_fu_454/exp_bits_1_U/evaluate_group_0uCeG_rom_U/q0_reg_5' Port 'B' is 0. Skip BRAM Register Optimization on the port
INFO: [Physopt 32-614] Property 'READ_WIDTH_B' on BRAM cell 'U_adder_top/U_flicker/render/render_lane_2u_U0/grp_evaluate_group_2u_s_fu_454/exp_bits_1_U/evaluate_group_0uCeG_rom_U/q0_reg_6' Port 'B' is 0. Skip BRAM Register Optimization on the port
INFO: [Physopt 32-614] Property 'READ_WIDTH_B' on BRAM cell 'U_adder_top/U_flicker/render/render_lane_3u_U0/grp_evaluate_group_3u_s_fu_456/exp_bits_U/evaluate_group_0uCeG_rom_U/q0_reg_0' Port 'B' is 0. Skip BRAM Register Optimization on the port
INFO: [Physopt 32-614] Property 'READ_WIDTH_B' on BRAM cell 'U_adder_top/U_flicker/render/render_lane_3u_U0/grp_evaluate_group_3u_s_fu_456/exp_bits_U/evaluate_group_0uCeG_rom_U/q0_reg_1' Port 'B' is 0. Skip BRAM Register Optimization on the port
INFO: [Physopt 32-614] Property 'READ_WIDTH_B' on BRAM cell 'U_adder_top/U_flicker/render/render_lane_3u_U0/grp_evaluate_group_3u_s_fu_456/exp_bits_U/evaluate_group_0uCeG_rom_U/q0_reg_2' Port 'B' is 0. Skip BRAM Register Optimization on the port
INFO: [Physopt 32-614] Property 'READ_WIDTH_B' on BRAM cell 'U_adder_top/U_flicker/render/render_lane_3u_U0/grp_evaluate_group_3u_s_fu_456/exp_bits_U/evaluate_group_0uCeG_rom_U/q0_reg_3' Port 'B' is 0. Skip BRAM Register Optimization on the port
INFO: [Physopt 32-614] Property 'READ_WIDTH_B' on BRAM cell 'U_adder_top/U_flicker/render/render_lane_3u_U0/grp_evaluate_group_3u_s_fu_456/exp_bits_U/evaluate_group_0uCeG_rom_U/q0_reg_4' Port 'B' is 0. Skip BRAM Register Optimization on the port
INFO: [Physopt 32-614] Property 'READ_WIDTH_B' on BRAM cell 'U_adder_top/U_flicker/render/render_lane_3u_U0/grp_evaluate_group_3u_s_fu_456/exp_bits_U/evaluate_group_0uCeG_rom_U/q0_reg_5' Port 'B' is 0. Skip BRAM Register Optimization on the port
INFO: [Physopt 32-614] Property 'READ_WIDTH_B' on BRAM cell 'U_adder_top/U_flicker/render/render_lane_3u_U0/grp_evaluate_group_3u_s_fu_456/exp_bits_U/evaluate_group_0uCeG_rom_U/q0_reg_6' Port 'B' is 0. Skip BRAM Register Optimization on the port
INFO: [Physopt 32-526] No candidate cells for BRAM register optimization found in the design
INFO: [Physopt 32-775] End 1 Pass. Optimized 0 net or cell. Created 0 new cell, deleted 0 existing cell and moved 0 existing cell
Phase 23 BRAM Register Optimization | Checksum: 227da8390

Time (s): cpu = 00:01:26 ; elapsed = 00:00:53 . Memory (MB): peak = 4184.922 ; gain = 0.000

Phase 24 URAM Register Optimization
INFO: [Physopt 32-846] No candidate cells for URAM register optimization found in the design
INFO: [Physopt 32-775] End 1 Pass. Optimized 0 net or cell. Created 0 new cell, deleted 0 existing cell and moved 0 existing cell
Phase 24 URAM Register Optimization | Checksum: 227da8390

Time (s): cpu = 00:01:27 ; elapsed = 00:00:53 . Memory (MB): peak = 4184.922 ; gain = 0.000

Phase 25 Shift Register Optimization
INFO: [Physopt 32-677] No candidate cells for Shift Register optimization found in the design
INFO: [Physopt 32-775] End 1 Pass. Optimized 0 net or cell. Created 0 new cell, deleted 0 existing cell and moved 0 existing cell
Phase 25 Shift Register Optimization | Checksum: 227da8390

Time (s): cpu = 00:01:28 ; elapsed = 00:00:54 . Memory (MB): peak = 4184.922 ; gain = 0.000

Phase 26 Critical Pin Optimization
INFO: [Physopt 32-606] Identified 3 candidate nets for critical-pin optimization.
INFO: [Physopt 32-608] Optimized 2 nets.  Swapped 48 pins.
INFO: [Physopt 32-775] End 1 Pass. Optimized 2 nets or cells. Created 0 new cell, deleted 0 existing cell and moved 48 existing cells
INFO: [Physopt 32-619] Estimated Timing Summary | WNS=-0.877 | TNS=-435.907 |
Netlist sorting complete. Time (s): cpu = 00:00:00 ; elapsed = 00:00:00.133 . Memory (MB): peak = 4184.922 ; gain = 0.000
Phase 26 Critical Pin Optimization | Checksum: 227da8390

Time (s): cpu = 00:01:29 ; elapsed = 00:00:55 . Memory (MB): peak = 4184.922 ; gain = 0.000

Phase 27 Very High Fanout Optimization
WARNING: [Physopt 32-894] Found a constraint with the -through option on pin U0_ps_ai_peripheral/ZGolo/u_AI_Mate_top/buyi_icore_post_top_u0/icore_post_top_u0/post_read_u0/sync_fifo_u0/U0/inst_fifo_gen/gconvfifo.rf/grf.rf/rstblk/ngwrdrst.grst.g7serrst.gnsckt_wrst.rst_wr_reg2_inst/src_arst or the net immediately connecting to the pin. This constraint will block optimizations for this and all downstream leaf pins.
INFO: [Physopt 32-712] Optimization is not feasible on net r_dmux[0] due to MARK_DEBUG attribute.
INFO: [Physopt 32-712] Optimization is not feasible on net r_dmux[1] due to MARK_DEBUG attribute.
WARNING: [Physopt 32-894] Found a constraint with the -through option on pin U0_ps_ai_peripheral/frame_to_ps_inst0/cmos_write_req_gen_m0/windex_buf_2b_16w_u0/U0/inst_fifo_gen/gconvfifo.rf/grf.rf/rstblk/ngwrdrst.grst.g7serrst.gnsckt_wrst.rst_wr_reg2_inst/src_arst or the net immediately connecting to the pin. This constraint will block optimizations for this and all downstream leaf pins.
INFO: [Physopt 32-76] Pass 1. Identified 83 candidate nets for fanout optimization.
INFO: [Physopt 32-572] Net U_adder_top/U_flicker/render/gather_U0/p_Result_s_reg_532[511]_i_1_n_0 was not replicated.
Resolution: phys_opt_design can be forced to replicate a net driver using the option -force_replication_on_nets <list of net objects>.
INFO: [Physopt 32-572] Net U0_ps_ai_peripheral/ZGolo/s_data[616]_i_1_n_0 was not replicated.
Resolution: phys_opt_design can be forced to replicate a net driver using the option -force_replication_on_nets <list of net objects>.
INFO: [Physopt 32-81] Processed net U0_ps_ai_peripheral/ZGolo/s_data[615]_i_3_n_0. Replicated 2 times.
INFO: [Physopt 32-572] Net U0_ps_ai_peripheral/ZGolo/u_AI_Mate_top/buyi_icore_post_top_u0/u_avr_brs/valid_tmp00__1_n_0 was not replicated.
Resolution: phys_opt_design can be forced to replicate a net driver using the option -force_replication_on_nets <list of net objects>.
INFO: [Physopt 32-571] Net U0_ps_ai_peripheral/a2sync_reset_cam0_clk/SR[0] was not replicated.
INFO: [Physopt 32-571] Net U0_ps_ai_peripheral/ZGolo/u_AI_Mate_top/buyi_icore_post_top_u0/icore_post_top_u0/rst was not replicated.
INFO: [Physopt 32-572] Net U0_ps_ai_peripheral/mig_ddr3_u0/u_mig_7series_0_mig/u_memc_ui_top_std/mem_intfc0/mc0/col_mach0/rd_buf_indx.rd_buf_indx_r_reg[3] was not replicated.
Resolution: phys_opt_design can be forced to replicate a net driver using the option -force_replication_on_nets <list of net objects>.
INFO: [Physopt 32-81] Processed net U_adder_top/U_flicker/regs/active_reg_0. Replicated 2 times.
INFO: [Physopt 32-81] Processed net U0_ps_ai_peripheral/ZGolo/u_AI_Mate_top/image_make_top_u0/imk_30T.U0_aw_dwc/U0_n2w_bwc_serdes/n2w_nack_here. Replicated 5 times.
INFO: [Physopt 32-81] Processed net U_adder_top/U_flicker/render/framed_ctu_U0/test_frames_U0/flicker_render_piudo_U82/E[0]. Replicated 1 times.
INFO: [Physopt 32-572] Net U0_ps_ai_peripheral/ZGolo/u_AI_Mate_top/rs_cascade_gen[0].avr_rs_u/u_avr_brs/valid_tmp00_inferred__1/i__n_0 was not replicated.
Resolution: phys_opt_design can be forced to replicate a net driver using the option -force_replication_on_nets <list of net objects>.
INFO: [Physopt 32-81] Processed net U_adder_top/U_flicker/render/framed_ctu_U0/prepare_frames_U0/grp_log_generic_fu_142/flicker_render_pisc4_U45/flicker_render_pisc4_DSP48_3_U/ap_CS_fsm_reg[1]. Replicated 2 times.
INFO: [Physopt 32-81] Processed net U_adder_top/U_flicker/render/framed_ctu_U0/prepare_frames_U0/grp_log_generic_fu_142/flicker_render_pisc4_U45/flicker_render_pisc4_DSP48_3_U/ap_block_pp0_stage0_11001. Replicated 1 times.
INFO: [Physopt 32-572] Net U0_ps_ai_peripheral/ZGolo/s_data[582]_i_1__0_n_0 was not replicated.
Resolution: phys_opt_design can be forced to replicate a net driver using the option -force_replication_on_nets <list of net objects>.
INFO: [Physopt 32-572] Net U0_ps_ai_peripheral/ZGolo/u_AI_Mate_top/buyi_icore_post_top_u0/u_avr_brs/valid_tmp00__2_n_0 was not replicated.
Resolution: phys_opt_design can be forced to replicate a net driver using the option -force_replication_on_nets <list of net objects>.
INFO: [Physopt 32-81] Processed net U0_ps_ai_peripheral/ZGolo/w2n_reg[511]_i_1_n_0. Replicated 1 times.
INFO: [Physopt 32-81] Processed net U_adder_top/U_flicker/render/split_U0/prepare_geometry_U0/flicker_render_picud_U10/aclken. Replicated 7 times.
INFO: [Physopt 32-81] Processed net U_adder_top/U_flicker/render/framed_ctu_U0/test_frames_U0/flicker_render_pivdy_U87/aclken. Replicated 4 times.
INFO: [Physopt 32-81] Processed net U_adder_top/U_flicker/render/render_lane_0u_U0/flicker_render_pixdS_U172/ce_r. Replicated 2 times.
INFO: [Physopt 32-81] Processed net U_adder_top/U_flicker/render/render_lane_2u_U0/flicker_render_pixdS_U266/ce_r. Replicated 3 times.
INFO: [Physopt 32-81] Processed net U_adder_top/U_flicker/render/render_lane_3u_U0/flicker_render_pixdS_U311/ce_r. Replicated 3 times.
INFO: [Physopt 32-572] Net U0_ps_ai_peripheral/ZGolo/payload_tmp0[543]_i_1_n_0 was not replicated.
Resolution: phys_opt_design can be forced to replicate a net driver using the option -force_replication_on_nets <list of net objects>.
INFO: [Physopt 32-81] Processed net U0_ps_ai_peripheral/ZGolo/u_AI_Mate_top/U0_ddr2hp_itcn/U3_n2w_bwc_r/n2w_nack_here. Replicated 2 times.
INFO: [Physopt 32-81] Processed net U0_ps_ai_peripheral/ZGolo/u_AI_Mate_top/image_make_top_u0/imk_30T.U0_aw_dwc/U0_avr_w2n/w2n_wack. Replicated 4 times.
INFO: [Physopt 32-572] Net U0_ps_ai_peripheral/ZGolo/w2n_reg[1535]_i_1_n_0 was not replicated.
Resolution: phys_opt_design can be forced to replicate a net driver using the option -force_replication_on_nets <list of net objects>.
INFO: [Physopt 32-81] Processed net U0_ps_ai_peripheral/ZGolo/u_AI_Mate_top/U0_ddr2hp_itcn/w2n_reg[511]_i_1__2_n_0. Replicated 3 times.
INFO: [Physopt 32-572] Net U0_ps_ai_peripheral/ZGolo/u_AI_Mate_top/U0_ddr2hp_itcn/w2n_reg[511]_i_1_n_0 was not replicated.
Resolution: phys_opt_design can be forced to replicate a net driver using the option -force_replication_on_nets <list of net objects>.
INFO: [Physopt 32-81] Processed net U0_ps_ai_peripheral/ZGolo/u_AI_Mate_top/U0_ddr2hp_itcn/U0_n2w_bwc_r/n2w_nack_here. Replicated 1 times.
INFO: [Physopt 32-572] Net U0_ps_ai_peripheral/ZGolo/s_data[582]_i_1_n_0 was not replicated.
Resolution: phys_opt_design can be forced to replicate a net driver using the option -force_replication_on_nets <list of net objects>.
INFO: [Physopt 32-81] Processed net U0_ps_ai_peripheral/ZGolo/u_AI_Mate_top/U0_ddr2hp_itcn/U1_n2w_bwc_r/n2w_nack_here. Replicated 1 times.
INFO: [Physopt 32-572] Net U0_ps_ai_peripheral/ZGolo/s_data[511]_i_1__1_n_0 was not replicated.
Resolution: phys_opt_design can be forced to replicate a net driver using the option -force_replication_on_nets <list of net objects>.
INFO: [Physopt 32-81] Processed net U0_ps_ai_peripheral/ZGolo/u_AI_Mate_top/U0_ddr2hp_itcn/U2_n2w_bwc_r/n2w_nack_here. Replicated 1 times.
INFO: [Physopt 32-81] Processed net U0_ps_ai_peripheral/ZGolo/s_data[609]_i_1_n_0. Replicated 1 times.
INFO: [Physopt 32-81] Processed net U0_ps_ai_peripheral/ZGolo/s_valid_i_2__8_n_0. Replicated 8 times.
INFO: [Physopt 32-81] Processed net U0_ps_ai_peripheral/ZGolo/s_data[511]_i_1_n_0. Replicated 1 times.
INFO: [Physopt 32-572] Net U0_ps_ai_peripheral/ZGolo/u_AI_Mate_top/rs_cascade_gen[0].avr_rs_u/u_avr_brs/valid_tmp00_n_0 was not replicated.
Resolution: phys_opt_design can be forced to replicate a net driver using the option -force_replication_on_nets <list of net objects>.
INFO: [Physopt 32-81] Processed net U0_ps_ai_peripheral/ZGolo/u_AI_Mate_top/avr_rs_u0/u_avr_brs/valid_tmp00_n_0. Replicated 1 times.
INFO: [Physopt 32-81] Processed net U0_ps_ai_peripheral/ZGolo/u_AI_Mate_top/U0_ddr2hp_itcn/w2n_reg[511]_i_1__0_n_0. Replicated 1 times.
INFO: [Physopt 32-572] Net U0_ps_ai_peripheral/ZGolo/u_AI_Mate_top/u_avr_brs/valid_tmp00_n_0 was not replicated.
Resolution: phys_opt_design can be forced to replicate a net driver using the option -force_replication_on_nets <list of net objects>.
INFO: [Physopt 32-572] Net U0_ps_ai_peripheral/ZGolo/u_AI_Mate_top/U0_ddr2hp_itcn/w2n_reg[511]_i_1__1_n_0 was not replicated.
Resolution: phys_opt_design can be forced to replicate a net driver using the option -force_replication_on_nets <list of net objects>.
INFO: [Physopt 32-81] Processed net U0_ps_ai_peripheral/ZGolo/u_AI_Mate_top/buyi_icore_post_top_u0/u_avr_brs/valid_tmp00_n_0. Replicated 1 times.
INFO: [Physopt 32-572] Net U0_ps_ai_peripheral/ZGolo/s_data[615]_i_1_n_0 was not replicated.
Resolution: phys_opt_design can be forced to replicate a net driver using the option -force_replication_on_nets <list of net objects>.
INFO: [Physopt 32-81] Processed net U0_ps_ai_peripheral/ZGolo/u_AI_Mate_top/buyi_icore_post_top_u0/u_avr_brs/valid_tmp00__0_n_0. Replicated 3 times.
INFO: [Physopt 32-572] Net U0_ps_ai_peripheral/ZGolo/s_data[543]_i_1_n_0 was not replicated.
Resolution: phys_opt_design can be forced to replicate a net driver using the option -force_replication_on_nets <list of net objects>.
INFO: [Physopt 32-81] Processed net U_adder_top/U_flicker/render/gather_U0/tmp_V_reg_469[127]_i_1_n_0. Replicated 1 times.
INFO: [Physopt 32-232] Optimized 26 nets. Created 62 new instances.
INFO: [Physopt 32-775] End 1 Pass. Optimized 26 nets or cells. Created 62 new cells, deleted 0 existing cell and moved 0 existing cell
INFO: [Physopt 32-619] Estimated Timing Summary | WNS=-0.877 | TNS=-438.768 |
Netlist sorting complete. Time (s): cpu = 00:00:01 ; elapsed = 00:00:00.497 . Memory (MB): peak = 4184.922 ; gain = 0.000
Phase 27 Very High Fanout Optimization | Checksum: 29ef2c85f

Time (s): cpu = 00:02:41 ; elapsed = 00:01:44 . Memory (MB): peak = 4184.922 ; gain = 0.000

Phase 28 Placement Based Optimization
INFO: [Physopt 32-660] Identified 45 candidate nets for placement-based optimization.
INFO: [Physopt 32-662] Processed net U0_ps_ai_peripheral/frame_to_ps_inst0/frame_read_write_m0/D[8].  Did not re-place instance U0_ps_ai_peripheral/frame_to_ps_inst0/frame_read_write_m0/vout_data_r[8]_i_1
INFO: [Physopt 32-662] Processed net U0_ps_ai_peripheral/frame_to_ps_inst0/frame_read_write_m0/read_buf/U0/inst_fifo_gen/gconvfifo.rf/grf.rf/gntv_or_sync_fifo.mem/gbm.gbmg.gbmga.ngecc.bmg/inst_blk_mem_gen/gnbram.gnativebmg.native_blk_mem_gen/valid.cstr/has_mux_b.B/dout[8].  Did not re-place instance U0_ps_ai_peripheral/frame_to_ps_inst0/frame_read_write_m0/read_buf/U0/inst_fifo_gen/gconvfifo.rf/grf.rf/gntv_or_sync_fifo.mem/gbm.gbmg.gbmga.ngecc.bmg/inst_blk_mem_gen/gnbram.gnativebmg.native_blk_mem_gen/valid.cstr/has_mux_b.B/dout[8]_INST_0
INFO: [Physopt 32-662] Processed net U0_ps_ai_peripheral/frame_to_ps_inst0/frame_read_write_m0/read_buf/U0/inst_fifo_gen/gconvfifo.rf/grf.rf/gntv_or_sync_fifo.mem/gbm.gbmg.gbmga.ngecc.bmg/inst_blk_mem_gen/gnbram.gnativebmg.native_blk_mem_gen/valid.cstr/has_mux_b.B/dout[8]_INST_0_i_5_n_0.  Did not re-place instance U0_ps_ai_peripheral/frame_to_ps_inst0/frame_read_write_m0/read_buf/U0/inst_fifo_gen/gconvfifo.rf/grf.rf/gntv_or_sync_fifo.mem/gbm.gbmg.gbmga.ngecc.bmg/inst_blk_mem_gen/gnbram.gnativebmg.native_blk_mem_gen/valid.cstr/has_mux_b.B/dout[8]_INST_0_i_5
INFO: [Physopt 32-662] Processed net U0_ps_ai_peripheral/frame_to_ps_inst0/video_rect_read_data_m0/Q[8].  Did not re-place instance U0_ps_ai_peripheral/frame_to_ps_inst0/video_rect_read_data_m0/vout_data_r_reg[8]
INFO: [Physopt 32-662] Processed net U0_ps_ai_peripheral/frame_to_ps_inst0/frame_read_write_m0/read_buf/U0/inst_fifo_gen/gconvfifo.rf/grf.rf/gntv_or_sync_fifo.mem/gbm.gbmg.gbmga.ngecc.bmg/inst_blk_mem_gen/gnbram.gnativebmg.native_blk_mem_gen/valid.cstr/has_mux_b.B/dout[8]_INST_0_i_6_n_0.  Did not re-place instance U0_ps_ai_peripheral/frame_to_ps_inst0/frame_read_write_m0/read_buf/U0/inst_fifo_gen/gconvfifo.rf/grf.rf/gntv_or_sync_fifo.mem/gbm.gbmg.gbmga.ngecc.bmg/inst_blk_mem_gen/gnbram.gnativebmg.native_blk_mem_gen/valid.cstr/has_mux_b.B/dout[8]_INST_0_i_6
INFO: [Physopt 32-662] Processed net U_adder_top/U_flicker/render/gather_U0/phitmp_cast_i_reg_537[383]_i_1_n_0.  Did not re-place instance U_adder_top/U_flicker/render/gather_U0/phitmp_cast_i_reg_537[383]_i_1
INFO: [Physopt 32-662] Processed net U_adder_top/U_flicker/dma/full_n.  Did not re-place instance U_adder_top/U_flicker/dma/phitmp_cast_i_reg_537[383]_i_3
INFO: [Physopt 32-663] Processed net U_adder_top/U_flicker/dma/no[5].  Re-placed instance U_adder_top/U_flicker/dma/no_reg[5]
INFO: [Physopt 32-662] Processed net U_adder_top/U_flicker/dma/kernel_full_n1_carry_i_6_n_0.  Did not re-place instance U_adder_top/U_flicker/dma/kernel_full_n1_carry_i_6
INFO: [Physopt 32-663] Processed net U_adder_top/U_flicker/render/gather_U0/phitmp_cast_i_reg_537[110].  Re-placed instance U_adder_top/U_flicker/render/gather_U0/phitmp_cast_i_reg_537_reg[110]
INFO: [Physopt 32-663] Processed net U_adder_top/U_flicker/render/gather_U0/phitmp_cast_i_reg_537[115].  Re-placed instance U_adder_top/U_flicker/render/gather_U0/phitmp_cast_i_reg_537_reg[115]
INFO: [Physopt 32-663] Processed net U_adder_top/U_flicker/render/gather_U0/phitmp_cast_i_reg_537[85].  Re-placed instance U_adder_top/U_flicker/render/gather_U0/phitmp_cast_i_reg_537_reg[85]
INFO: [Physopt 32-662] Processed net U_adder_top/U_flicker/dma/kernel_full_n1_carry_i_2_n_0.  Did not re-place instance U_adder_top/U_flicker/dma/kernel_full_n1_carry_i_2
INFO: [Physopt 32-662] Processed net U_adder_top/U_flicker/dma/p_0_in24_out.  Did not re-place instance U_adder_top/U_flicker/dma/output_queue_reg_0_3_0_5_i_1
INFO: [Physopt 32-663] Processed net U_adder_top/U_flicker/render/gather_U0/output_V_V_write.  Re-placed instance U_adder_top/U_flicker/render/gather_U0/output_wp[1]_i_3
INFO: [Physopt 32-663] Processed net U_adder_top/U_flicker/dma/no[8].  Re-placed instance U_adder_top/U_flicker/dma/no_reg[8]
INFO: [Physopt 32-662] Processed net U_adder_top/U_flicker/dma/kernel_full_n1_carry__0_i_8_n_0.  Did not re-place instance U_adder_top/U_flicker/dma/kernel_full_n1_carry__0_i_8
INFO: [Physopt 32-662] Processed net U_adder_top/U_flicker/dma/kernel_full_n1_carry__0_i_4_n_0.  Did not re-place instance U_adder_top/U_flicker/dma/kernel_full_n1_carry__0_i_4
INFO: [Physopt 32-663] Processed net U_adder_top/U_flicker/dma/no[13].  Re-placed instance U_adder_top/U_flicker/dma/no_reg[13]
INFO: [Physopt 32-662] Processed net U_adder_top/U_flicker/dma/kernel_full_n1_carry__0_i_6_n_0.  Did not re-place instance U_adder_top/U_flicker/dma/kernel_full_n1_carry__0_i_6
INFO: [Physopt 32-662] Processed net U_adder_top/U_flicker/dma/kernel_full_n1_carry__0_i_2_n_0.  Did not re-place instance U_adder_top/U_flicker/dma/kernel_full_n1_carry__0_i_2
INFO: [Physopt 32-663] Processed net U_adder_top/U_flicker/dma/no[15].  Re-placed instance U_adder_top/U_flicker/dma/no_reg[15]
INFO: [Physopt 32-662] Processed net U_adder_top/U_flicker/dma/kernel_full_n1_carry__0_i_5_n_0.  Did not re-place instance U_adder_top/U_flicker/dma/kernel_full_n1_carry__0_i_5
INFO: [Physopt 32-662] Processed net U_adder_top/U_flicker/dma/kernel_full_n1_carry__0_i_1_n_0.  Did not re-place instance U_adder_top/U_flicker/dma/kernel_full_n1_carry__0_i_1
INFO: [Physopt 32-663] Processed net U_adder_top/U_flicker/dma/no[7].  Re-placed instance U_adder_top/U_flicker/dma/no_reg[7]
INFO: [Physopt 32-662] Processed net U_adder_top/U_flicker/dma/kernel_full_n1_carry_i_5_n_0.  Did not re-place instance U_adder_top/U_flicker/dma/kernel_full_n1_carry_i_5
INFO: [Physopt 32-663] Processed net U_adder_top/U_flicker/dma/no[11].  Re-placed instance U_adder_top/U_flicker/dma/no_reg[11]
INFO: [Physopt 32-662] Processed net U_adder_top/U_flicker/dma/kernel_full_n1_carry__0_i_7_n_0.  Did not re-place instance U_adder_top/U_flicker/dma/kernel_full_n1_carry__0_i_7
INFO: [Physopt 32-662] Processed net U_adder_top/U_flicker/dma/kernel_full_n1_carry_i_1_n_0.  Did not re-place instance U_adder_top/U_flicker/dma/kernel_full_n1_carry_i_1
INFO: [Physopt 32-662] Processed net U_adder_top/U_flicker/dma/kernel_full_n1_carry__0_i_3_n_0.  Did not re-place instance U_adder_top/U_flicker/dma/kernel_full_n1_carry__0_i_3
INFO: [Physopt 32-662] Processed net U_adder_top/U_flicker/render/gather_U0/r_V_reg_262[383]_i_1_n_0.  Did not re-place instance U_adder_top/U_flicker/render/gather_U0/r_V_reg_262[383]_i_1
INFO: [Physopt 32-663] Processed net U_adder_top/U_flicker/render/gather_U0/r_V_reg_262[237].  Re-placed instance U_adder_top/U_flicker/render/gather_U0/r_V_reg_262_reg[237]
INFO: [Physopt 32-663] Processed net U_adder_top/U_flicker/render/gather_U0/r_V_reg_262[238].  Re-placed instance U_adder_top/U_flicker/render/gather_U0/r_V_reg_262_reg[238]
INFO: [Physopt 32-663] Processed net U_adder_top/U_flicker/render/gather_U0/r_V_reg_262[84].  Re-placed instance U_adder_top/U_flicker/render/gather_U0/r_V_reg_262_reg[84]
INFO: [Physopt 32-663] Processed net U_adder_top/U_flicker/render/gather_U0/r_V_reg_262[85].  Re-placed instance U_adder_top/U_flicker/render/gather_U0/r_V_reg_262_reg[85]
INFO: [Physopt 32-663] Processed net U_adder_top/U_flicker/render/gather_U0/phitmp_cast_i_reg_537[0].  Re-placed instance U_adder_top/U_flicker/render/gather_U0/phitmp_cast_i_reg_537_reg[0]
INFO: [Physopt 32-663] Processed net U_adder_top/U_flicker/render/gather_U0/phitmp_cast_i_reg_537[113].  Re-placed instance U_adder_top/U_flicker/render/gather_U0/phitmp_cast_i_reg_537_reg[113]
INFO: [Physopt 32-662] Processed net U0_ps_ai_peripheral/frame_to_ps_inst0/frame_read_write_m0/D[13].  Did not re-place instance U0_ps_ai_peripheral/frame_to_ps_inst0/frame_read_write_m0/vout_data_r[13]_i_1
INFO: [Physopt 32-663] Processed net U0_ps_ai_peripheral/frame_to_ps_inst0/frame_read_write_m0/read_buf/U0/inst_fifo_gen/gconvfifo.rf/grf.rf/gntv_or_sync_fifo.mem/gbm.gbmg.gbmga.ngecc.bmg/inst_blk_mem_gen/gnbram.gnativebmg.native_blk_mem_gen/valid.cstr/has_mux_b.B/dout[13].  Re-placed instance U0_ps_ai_peripheral/frame_to_ps_inst0/frame_read_write_m0/read_buf/U0/inst_fifo_gen/gconvfifo.rf/grf.rf/gntv_or_sync_fifo.mem/gbm.gbmg.gbmga.ngecc.bmg/inst_blk_mem_gen/gnbram.gnativebmg.native_blk_mem_gen/valid.cstr/has_mux_b.B/dout[13]_INST_0
INFO: [Physopt 32-662] Processed net U0_ps_ai_peripheral/frame_to_ps_inst0/frame_read_write_m0/read_buf/U0/inst_fifo_gen/gconvfifo.rf/grf.rf/gntv_or_sync_fifo.mem/gbm.gbmg.gbmga.ngecc.bmg/inst_blk_mem_gen/gnbram.gnativebmg.native_blk_mem_gen/valid.cstr/has_mux_b.B/dout[13]_INST_0_i_5_n_0.  Did not re-place instance U0_ps_ai_peripheral/frame_to_ps_inst0/frame_read_write_m0/read_buf/U0/inst_fifo_gen/gconvfifo.rf/grf.rf/gntv_or_sync_fifo.mem/gbm.gbmg.gbmga.ngecc.bmg/inst_blk_mem_gen/gnbram.gnativebmg.native_blk_mem_gen/valid.cstr/has_mux_b.B/dout[13]_INST_0_i_5
INFO: [Physopt 32-662] Processed net U0_ps_ai_peripheral/frame_to_ps_inst0/video_rect_read_data_m0/Q[13].  Did not re-place instance U0_ps_ai_peripheral/frame_to_ps_inst0/video_rect_read_data_m0/vout_data_r_reg[13]
INFO: [Physopt 32-663] Processed net U_adder_top/U_flicker/render/gather_U0/r_V_reg_262[108].  Re-placed instance U_adder_top/U_flicker/render/gather_U0/r_V_reg_262_reg[108]
INFO: [Physopt 32-663] Processed net U_adder_top/U_flicker/render/gather_U0/r_V_reg_262[241].  Re-placed instance U_adder_top/U_flicker/render/gather_U0/r_V_reg_262_reg[241]
INFO: [Physopt 32-663] Processed net U_adder_top/U_flicker/render/gather_U0/r_V_reg_262[45].  Re-placed instance U_adder_top/U_flicker/render/gather_U0/r_V_reg_262_reg[45]
INFO: [Physopt 32-663] Processed net U_adder_top/U_flicker/render/gather_U0/r_V_reg_262[70].  Re-placed instance U_adder_top/U_flicker/render/gather_U0/r_V_reg_262_reg[70]
INFO: [Physopt 32-661] Optimized 21 nets.  Re-placed 21 instances.
INFO: [Physopt 32-775] End 1 Pass. Optimized 21 nets or cells. Created 0 new cell, deleted 0 existing cell and moved 21 existing cells
INFO: [Physopt 32-619] Estimated Timing Summary | WNS=-0.877 | TNS=-80.488 |
Netlist sorting complete. Time (s): cpu = 00:00:00 ; elapsed = 00:00:00.073 . Memory (MB): peak = 4184.922 ; gain = 0.000
Phase 28 Placement Based Optimization | Checksum: 241e49b12

Time (s): cpu = 00:02:45 ; elapsed = 00:01:47 . Memory (MB): peak = 4184.922 ; gain = 0.000

Phase 29 MultiInst Placement Optimization
INFO: [Physopt 32-660] Identified 3 candidate nets for placement-based optimization.
INFO: [Physopt 32-662] Processed net U0_ps_ai_peripheral/frame_to_ps_inst0/frame_read_write_m0/D[8].  Did not re-place instance U0_ps_ai_peripheral/frame_to_ps_inst0/frame_read_write_m0/vout_data_r[8]_i_1/O
INFO: [Physopt 32-662] Processed net U0_ps_ai_peripheral/frame_to_ps_inst0/frame_read_write_m0/read_buf/U0/inst_fifo_gen/gconvfifo.rf/grf.rf/gntv_or_sync_fifo.mem/gbm.gbmg.gbmga.ngecc.bmg/inst_blk_mem_gen/gnbram.gnativebmg.native_blk_mem_gen/valid.cstr/has_mux_b.B/dout[8].  Did not re-place instance U0_ps_ai_peripheral/frame_to_ps_inst0/frame_read_write_m0/read_buf/U0/inst_fifo_gen/gconvfifo.rf/grf.rf/gntv_or_sync_fifo.mem/gbm.gbmg.gbmga.ngecc.bmg/inst_blk_mem_gen/gnbram.gnativebmg.native_blk_mem_gen/valid.cstr/has_mux_b.B/dout[8]_INST_0/O
INFO: [Physopt 32-661] Optimized 0 net.  Re-placed 0 instance.
INFO: [Physopt 32-775] End 1 Pass. Optimized 0 net or cell. Created 0 new cell, deleted 0 existing cell and moved 0 existing cell
Netlist sorting complete. Time (s): cpu = 00:00:00 ; elapsed = 00:00:00.070 . Memory (MB): peak = 4184.922 ; gain = 0.000
Phase 29 MultiInst Placement Optimization | Checksum: 287560834

Time (s): cpu = 00:02:45 ; elapsed = 00:01:48 . Memory (MB): peak = 4184.922 ; gain = 0.000

Phase 30 Critical Path Optimization
INFO: [Physopt 32-619] Estimated Timing Summary | WNS=-0.877 | TNS=-80.488 |
INFO: [Physopt 32-702] Processed net U0_ps_ai_peripheral/frame_to_ps_inst0/video_rect_read_data_m0/Q[8]. Optimizations did not improve timing on the net.
INFO: [Physopt 32-662] Processed net U0_ps_ai_peripheral/frame_to_ps_inst0/frame_read_write_m0/D[8].  Did not re-place instance U0_ps_ai_peripheral/frame_to_ps_inst0/frame_read_write_m0/vout_data_r[8]_i_1/O
INFO: [Physopt 32-702] Processed net U0_ps_ai_peripheral/frame_to_ps_inst0/frame_read_write_m0/D[8]. Optimizations did not improve timing on the net.
INFO: [Physopt 32-662] Processed net U0_ps_ai_peripheral/frame_to_ps_inst0/frame_read_write_m0/read_buf/U0/inst_fifo_gen/gconvfifo.rf/grf.rf/gntv_or_sync_fifo.mem/gbm.gbmg.gbmga.ngecc.bmg/inst_blk_mem_gen/gnbram.gnativebmg.native_blk_mem_gen/valid.cstr/has_mux_b.B/dout[8].  Did not re-place instance U0_ps_ai_peripheral/frame_to_ps_inst0/frame_read_write_m0/read_buf/U0/inst_fifo_gen/gconvfifo.rf/grf.rf/gntv_or_sync_fifo.mem/gbm.gbmg.gbmga.ngecc.bmg/inst_blk_mem_gen/gnbram.gnativebmg.native_blk_mem_gen/valid.cstr/has_mux_b.B/dout[8]_INST_0
INFO: [Physopt 32-662] Processed net U0_ps_ai_peripheral/frame_to_ps_inst0/frame_read_write_m0/read_buf/U0/inst_fifo_gen/gconvfifo.rf/grf.rf/gntv_or_sync_fifo.mem/gbm.gbmg.gbmga.ngecc.bmg/inst_blk_mem_gen/gnbram.gnativebmg.native_blk_mem_gen/valid.cstr/has_mux_b.B/dout[8].  Did not re-place instance U0_ps_ai_peripheral/frame_to_ps_inst0/frame_read_write_m0/read_buf/U0/inst_fifo_gen/gconvfifo.rf/grf.rf/gntv_or_sync_fifo.mem/gbm.gbmg.gbmga.ngecc.bmg/inst_blk_mem_gen/gnbram.gnativebmg.native_blk_mem_gen/valid.cstr/has_mux_b.B/dout[8]_INST_0/O
INFO: [Physopt 32-702] Processed net U0_ps_ai_peripheral/frame_to_ps_inst0/frame_read_write_m0/read_buf/U0/inst_fifo_gen/gconvfifo.rf/grf.rf/gntv_or_sync_fifo.mem/gbm.gbmg.gbmga.ngecc.bmg/inst_blk_mem_gen/gnbram.gnativebmg.native_blk_mem_gen/valid.cstr/has_mux_b.B/dout[8]. Optimizations did not improve timing on the net.
INFO: [Physopt 32-702] Processed net U0_ps_ai_peripheral/frame_to_ps_inst0/frame_read_write_m0/read_buf/U0/inst_fifo_gen/gconvfifo.rf/grf.rf/gntv_or_sync_fifo.mem/gbm.gbmg.gbmga.ngecc.bmg/inst_blk_mem_gen/gnbram.gnativebmg.native_blk_mem_gen/valid.cstr/has_mux_b.B/dout[8]_INST_0_i_1_n_0. Optimizations did not improve timing on the net.
INFO: [Physopt 32-702] Processed net U0_ps_ai_peripheral/frame_to_ps_inst0/frame_read_write_m0/read_buf/U0/inst_fifo_gen/gconvfifo.rf/grf.rf/gntv_or_sync_fifo.mem/gbm.gbmg.gbmga.ngecc.bmg/inst_blk_mem_gen/gnbram.gnativebmg.native_blk_mem_gen/valid.cstr/has_mux_b.B/dout[8]_INST_0_i_5_n_0. Optimizations did not improve timing on the net.
INFO: [Physopt 32-702] Processed net U0_ps_ai_peripheral/frame_to_ps_inst0/frame_read_write_m0/read_buf/U0/inst_fifo_gen/gconvfifo.rf/grf.rf/gntv_or_sync_fifo.mem/gbm.gbmg.gbmga.ngecc.bmg/inst_blk_mem_gen/gnbram.gnativebmg.native_blk_mem_gen/valid.cstr/ramloop[55].ram.r/prim_noinit.ram/DEVICE_7SERIES.NO_BMM_INFO.SDP.SIMPLE_PRIM36.ram_0[1]. Optimizations did not improve timing on the net.
INFO: [Physopt 32-702] Processed net U0_ps_ai_peripheral/mig_ddr3_u0/u_mig_7series_0_mig/u_ddr3_infrastructure/clk_pll_i. Optimizations did not improve timing on the net.
INFO: [Physopt 32-702] Processed net U0_ps_ai_peripheral/frame_to_ps_inst0/video_rect_read_data_m0/Q[8]. Optimizations did not improve timing on the net.
INFO: [Physopt 32-662] Processed net U0_ps_ai_peripheral/frame_to_ps_inst0/frame_read_write_m0/D[8].  Did not re-place instance U0_ps_ai_peripheral/frame_to_ps_inst0/frame_read_write_m0/vout_data_r[8]_i_1/O
INFO: [Physopt 32-702] Processed net U0_ps_ai_peripheral/frame_to_ps_inst0/frame_read_write_m0/D[8]. Optimizations did not improve timing on the net.
INFO: [Physopt 32-662] Processed net U0_ps_ai_peripheral/frame_to_ps_inst0/frame_read_write_m0/read_buf/U0/inst_fifo_gen/gconvfifo.rf/grf.rf/gntv_or_sync_fifo.mem/gbm.gbmg.gbmga.ngecc.bmg/inst_blk_mem_gen/gnbram.gnativebmg.native_blk_mem_gen/valid.cstr/has_mux_b.B/dout[8].  Did not re-place instance U0_ps_ai_peripheral/frame_to_ps_inst0/frame_read_write_m0/read_buf/U0/inst_fifo_gen/gconvfifo.rf/grf.rf/gntv_or_sync_fifo.mem/gbm.gbmg.gbmga.ngecc.bmg/inst_blk_mem_gen/gnbram.gnativebmg.native_blk_mem_gen/valid.cstr/has_mux_b.B/dout[8]_INST_0
INFO: [Physopt 32-662] Processed net U0_ps_ai_peripheral/frame_to_ps_inst0/frame_read_write_m0/read_buf/U0/inst_fifo_gen/gconvfifo.rf/grf.rf/gntv_or_sync_fifo.mem/gbm.gbmg.gbmga.ngecc.bmg/inst_blk_mem_gen/gnbram.gnativebmg.native_blk_mem_gen/valid.cstr/has_mux_b.B/dout[8].  Did not re-place instance U0_ps_ai_peripheral/frame_to_ps_inst0/frame_read_write_m0/read_buf/U0/inst_fifo_gen/gconvfifo.rf/grf.rf/gntv_or_sync_fifo.mem/gbm.gbmg.gbmga.ngecc.bmg/inst_blk_mem_gen/gnbram.gnativebmg.native_blk_mem_gen/valid.cstr/has_mux_b.B/dout[8]_INST_0/O
INFO: [Physopt 32-702] Processed net U0_ps_ai_peripheral/frame_to_ps_inst0/frame_read_write_m0/read_buf/U0/inst_fifo_gen/gconvfifo.rf/grf.rf/gntv_or_sync_fifo.mem/gbm.gbmg.gbmga.ngecc.bmg/inst_blk_mem_gen/gnbram.gnativebmg.native_blk_mem_gen/valid.cstr/has_mux_b.B/dout[8]. Optimizations did not improve timing on the net.
INFO: [Physopt 32-702] Processed net U0_ps_ai_peripheral/frame_to_ps_inst0/frame_read_write_m0/read_buf/U0/inst_fifo_gen/gconvfifo.rf/grf.rf/gntv_or_sync_fifo.mem/gbm.gbmg.gbmga.ngecc.bmg/inst_blk_mem_gen/gnbram.gnativebmg.native_blk_mem_gen/valid.cstr/has_mux_b.B/dout[8]_INST_0_i_1_n_0. Optimizations did not improve timing on the net.
INFO: [Physopt 32-702] Processed net U0_ps_ai_peripheral/frame_to_ps_inst0/frame_read_write_m0/read_buf/U0/inst_fifo_gen/gconvfifo.rf/grf.rf/gntv_or_sync_fifo.mem/gbm.gbmg.gbmga.ngecc.bmg/inst_blk_mem_gen/gnbram.gnativebmg.native_blk_mem_gen/valid.cstr/has_mux_b.B/dout[8]_INST_0_i_5_n_0. Optimizations did not improve timing on the net.
INFO: [Physopt 32-702] Processed net U0_ps_ai_peripheral/frame_to_ps_inst0/frame_read_write_m0/read_buf/U0/inst_fifo_gen/gconvfifo.rf/grf.rf/gntv_or_sync_fifo.mem/gbm.gbmg.gbmga.ngecc.bmg/inst_blk_mem_gen/gnbram.gnativebmg.native_blk_mem_gen/valid.cstr/ramloop[55].ram.r/prim_noinit.ram/DEVICE_7SERIES.NO_BMM_INFO.SDP.SIMPLE_PRIM36.ram_0[1]. Optimizations did not improve timing on the net.
INFO: [Physopt 32-702] Processed net U0_ps_ai_peripheral/mig_ddr3_u0/u_mig_7series_0_mig/u_ddr3_infrastructure/clk_pll_i. Optimizations did not improve timing on the net.
INFO: [Physopt 32-619] Estimated Timing Summary | WNS=-0.877 | TNS=-80.488 |
Phase 30 Critical Path Optimization | Checksum: 287560834

Time (s): cpu = 00:02:47 ; elapsed = 00:01:49 . Memory (MB): peak = 4184.922 ; gain = 0.000

Phase 31 BRAM Enable Optimization
Phase 31 BRAM Enable Optimization | Checksum: 287560834

Time (s): cpu = 00:02:48 ; elapsed = 00:01:50 . Memory (MB): peak = 4184.922 ; gain = 0.000

Phase 32 Hold Fix Optimization
INFO: [Physopt 32-668] Estimated Timing Summary | WNS=-0.877 | TNS=-80.488 | WHS=-2.902 | THS=-289.880 |
WARNING: [Designutils 20-3303] unexpected site type 'IOPAD' in HDPYFinalizeIO
WARNING: [Designutils 20-3303] unexpected site type 'IOPAD' in HDPYFinalizeIO
WARNING: [Designutils 20-3303] unexpected site type 'IOPAD' in HDPYFinalizeIO
WARNING: [Designutils 20-3303] unexpected site type 'IOPAD' in HDPYFinalizeIO
WARNING: [Designutils 20-3303] unexpected site type 'IOPAD' in HDPYFinalizeIO
WARNING: [Designutils 20-3303] unexpected site type 'IOPAD' in HDPYFinalizeIO
WARNING: [Designutils 20-3303] unexpected site type 'IOPAD' in HDPYFinalizeIO
WARNING: [Designutils 20-3303] unexpected site type 'IOPAD' in HDPYFinalizeIO
WARNING: [Designutils 20-3303] unexpected site type 'IOPAD' in HDPYFinalizeIO
WARNING: [Designutils 20-3303] unexpected site type 'IOPAD' in HDPYFinalizeIO
WARNING: [Designutils 20-3303] unexpected site type 'IOPAD' in HDPYFinalizeIO
WARNING: [Designutils 20-3303] unexpected site type 'IOPAD' in HDPYFinalizeIO
WARNING: [Designutils 20-3303] unexpected site type 'IOPAD' in HDPYFinalizeIO
WARNING: [Designutils 20-3303] unexpected site type 'IOPAD' in HDPYFinalizeIO
WARNING: [Designutils 20-3303] unexpected site type 'IOPAD' in HDPYFinalizeIO
WARNING: [Designutils 20-3303] unexpected site type 'IOPAD' in HDPYFinalizeIO
WARNING: [Designutils 20-3303] unexpected site type 'IOPAD' in HDPYFinalizeIO
WARNING: [Designutils 20-3303] unexpected site type 'IOPAD' in HDPYFinalizeIO
WARNING: [Designutils 20-3303] unexpected site type 'IOPAD' in HDPYFinalizeIO
WARNING: [Designutils 20-3303] unexpected site type 'IOPAD' in HDPYFinalizeIO
WARNING: [Designutils 20-3303] unexpected site type 'IOPAD' in HDPYFinalizeIO
WARNING: [Designutils 20-3303] unexpected site type 'IOPAD' in HDPYFinalizeIO
WARNING: [Designutils 20-3303] unexpected site type 'IOPAD' in HDPYFinalizeIO
WARNING: [Designutils 20-3303] unexpected site type 'IOPAD' in HDPYFinalizeIO
WARNING: [Designutils 20-3303] unexpected site type 'IOPAD' in HDPYFinalizeIO
WARNING: [Designutils 20-3303] unexpected site type 'IOPAD' in HDPYFinalizeIO
WARNING: [Designutils 20-3303] unexpected site type 'IOPAD' in HDPYFinalizeIO
WARNING: [Designutils 20-3303] unexpected site type 'IOPAD' in HDPYFinalizeIO
WARNING: [Designutils 20-3303] unexpected site type 'IOPAD' in HDPYFinalizeIO
WARNING: [Designutils 20-3303] unexpected site type 'IOPAD' in HDPYFinalizeIO
WARNING: [Designutils 20-3303] unexpected site type 'IOPAD' in HDPYFinalizeIO
WARNING: [Designutils 20-3303] unexpected site type 'IOPAD' in HDPYFinalizeIO
WARNING: [Designutils 20-3303] unexpected site type 'IOPAD' in HDPYFinalizeIO
WARNING: [Designutils 20-3303] unexpected site type 'IOPAD' in HDPYFinalizeIO
WARNING: [Designutils 20-3303] unexpected site type 'IOPAD' in HDPYFinalizeIO
WARNING: [Designutils 20-3303] unexpected site type 'IOPAD' in HDPYFinalizeIO
WARNING: [Designutils 20-3303] unexpected site type 'IOPAD' in HDPYFinalizeIO
WARNING: [Designutils 20-3303] unexpected site type 'IOPAD' in HDPYFinalizeIO
WARNING: [Designutils 20-3303] unexpected site type 'IOPAD' in HDPYFinalizeIO
WARNING: [Designutils 20-3303] unexpected site type 'IOPAD' in HDPYFinalizeIO
WARNING: [Designutils 20-3303] unexpected site type 'IOPAD' in HDPYFinalizeIO
WARNING: [Designutils 20-3303] unexpected site type 'IOPAD' in HDPYFinalizeIO
WARNING: [Designutils 20-3303] unexpected site type 'IOPAD' in HDPYFinalizeIO
WARNING: [Designutils 20-3303] unexpected site type 'IOPAD' in HDPYFinalizeIO
WARNING: [Designutils 20-3303] unexpected site type 'IOPAD' in HDPYFinalizeIO
WARNING: [Designutils 20-3303] unexpected site type 'IOPAD' in HDPYFinalizeIO
WARNING: [Designutils 20-3303] unexpected site type 'IOPAD' in HDPYFinalizeIO
WARNING: [Designutils 20-3303] unexpected site type 'IOPAD' in HDPYFinalizeIO
WARNING: [Designutils 20-3303] unexpected site type 'IOPAD' in HDPYFinalizeIO
WARNING: [Designutils 20-3303] unexpected site type 'IOPAD' in HDPYFinalizeIO
WARNING: [Designutils 20-3303] unexpected site type 'IOPAD' in HDPYFinalizeIO
WARNING: [Designutils 20-3303] unexpected site type 'IOPAD' in HDPYFinalizeIO
WARNING: [Designutils 20-3303] unexpected site type 'IOPAD' in HDPYFinalizeIO
WARNING: [Designutils 20-3303] unexpected site type 'IOPAD' in HDPYFinalizeIO
WARNING: [Designutils 20-3303] unexpected site type 'IOPAD' in HDPYFinalizeIO
WARNING: [Designutils 20-3303] unexpected site type 'IOPAD' in HDPYFinalizeIO
WARNING: [Designutils 20-3303] unexpected site type 'IOPAD' in HDPYFinalizeIO
WARNING: [Designutils 20-3303] unexpected site type 'IOPAD' in HDPYFinalizeIO
WARNING: [Designutils 20-3303] unexpected site type 'IOPAD' in HDPYFinalizeIO
WARNING: [Designutils 20-3303] unexpected site type 'IOPAD' in HDPYFinalizeIO
WARNING: [Designutils 20-3303] unexpected site type 'IOPAD' in HDPYFinalizeIO
WARNING: [Designutils 20-3303] unexpected site type 'IOPAD' in HDPYFinalizeIO
WARNING: [Designutils 20-3303] unexpected site type 'IOPAD' in HDPYFinalizeIO
WARNING: [Designutils 20-3303] unexpected site type 'IOPAD' in HDPYFinalizeIO
WARNING: [Designutils 20-3303] unexpected site type 'IOPAD' in HDPYFinalizeIO
WARNING: [Designutils 20-3303] unexpected site type 'IOPAD' in HDPYFinalizeIO
WARNING: [Designutils 20-3303] unexpected site type 'IOPAD' in HDPYFinalizeIO
WARNING: [Designutils 20-3303] unexpected site type 'IOPAD' in HDPYFinalizeIO
WARNING: [Designutils 20-3303] unexpected site type 'IOPAD' in HDPYFinalizeIO
WARNING: [Designutils 20-3303] unexpected site type 'IOPAD' in HDPYFinalizeIO
WARNING: [Designutils 20-3303] unexpected site type 'IOPAD' in HDPYFinalizeIO
WARNING: [Designutils 20-3303] unexpected site type 'IOPAD' in HDPYFinalizeIO
WARNING: [Designutils 20-3303] unexpected site type 'IOPAD' in HDPYFinalizeIO
WARNING: [Designutils 20-3303] unexpected site type 'IOPAD' in HDPYFinalizeIO
WARNING: [Designutils 20-3303] unexpected site type 'IOPAD' in HDPYFinalizeIO
WARNING: [Designutils 20-3303] unexpected site type 'IOPAD' in HDPYFinalizeIO
WARNING: [Designutils 20-3303] unexpected site type 'IOPAD' in HDPYFinalizeIO
WARNING: [Designutils 20-3303] unexpected site type 'IOPAD' in HDPYFinalizeIO
WARNING: [Designutils 20-3303] unexpected site type 'IOPAD' in HDPYFinalizeIO
WARNING: [Designutils 20-3303] unexpected site type 'IOPAD' in HDPYFinalizeIO
WARNING: [Designutils 20-3303] unexpected site type 'IOPAD' in HDPYFinalizeIO
WARNING: [Designutils 20-3303] unexpected site type 'IOPAD' in HDPYFinalizeIO
WARNING: [Designutils 20-3303] unexpected site type 'IOPAD' in HDPYFinalizeIO
WARNING: [Designutils 20-3303] unexpected site type 'IOPAD' in HDPYFinalizeIO
WARNING: [Designutils 20-3303] unexpected site type 'IOPAD' in HDPYFinalizeIO
WARNING: [Designutils 20-3303] unexpected site type 'IOPAD' in HDPYFinalizeIO
WARNING: [Designutils 20-3303] unexpected site type 'IOPAD' in HDPYFinalizeIO
WARNING: [Designutils 20-3303] unexpected site type 'IOPAD' in HDPYFinalizeIO
WARNING: [Designutils 20-3303] unexpected site type 'IOPAD' in HDPYFinalizeIO
WARNING: [Designutils 20-3303] unexpected site type 'IOPAD' in HDPYFinalizeIO
WARNING: [Designutils 20-3303] unexpected site type 'IOPAD' in HDPYFinalizeIO
WARNING: [Designutils 20-3303] unexpected site type 'IOPAD' in HDPYFinalizeIO
WARNING: [Designutils 20-3303] unexpected site type 'IOPAD' in HDPYFinalizeIO
WARNING: [Designutils 20-3303] unexpected site type 'IOPAD' in HDPYFinalizeIO
WARNING: [Designutils 20-3303] unexpected site type 'IOPAD' in HDPYFinalizeIO
WARNING: [Designutils 20-3303] unexpected site type 'IOPAD' in HDPYFinalizeIO
WARNING: [Designutils 20-3303] unexpected site type 'IOPAD' in HDPYFinalizeIO
WARNING: [Designutils 20-3303] unexpected site type 'IOPAD' in HDPYFinalizeIO
WARNING: [Designutils 20-3303] unexpected site type 'IOPAD' in HDPYFinalizeIO
WARNING: [Designutils 20-3303] unexpected site type 'IOPAD' in HDPYFinalizeIO
INFO: [Common 17-14] Message 'Designutils 20-3303' appears 100 times and further instances of the messages will be disabled. Use the Tcl command set_msg_config to change the current settings.
INFO: [Physopt 32-45] Identified 119 candidate nets for hold slack optimization.
INFO: [Physopt 32-234] Optimized 50 nets. Inserted 0 new ZHOLD_DELAYs. Calibrated 0 existing ZHOLD_DELAYs. Inserted 42 buffers.

INFO: [Physopt 32-668] Estimated Timing Summary | WNS=-0.877 | TNS=-80.488 | WHS=-0.553 | THS=-142.639 |
Phase 32 Hold Fix Optimization | Checksum: 2124c6a53

Time (s): cpu = 00:03:01 ; elapsed = 00:01:58 . Memory (MB): peak = 4184.922 ; gain = 0.000
Netlist sorting complete. Time (s): cpu = 00:00:00 ; elapsed = 00:00:00.134 . Memory (MB): peak = 4184.922 ; gain = 0.000
INFO: [Physopt 32-669] Post Physical Optimization Timing Summary | WNS=-0.877 | TNS=-80.488 | WHS=-0.553 | THS=-142.639 |

Summary of Physical Synthesis Optimizations
============================================


--------------------------------------------------------------------------------------------------------------------------------------------------------------------
|  Optimization          |  WNS Gain (ns)  |  TNS Gain (ns)  |  Added Cells  |  Removed Cells  |  Optimized Cells/Nets  |  Dont Touch  |  Iterations  |  Elapsed   |
--------------------------------------------------------------------------------------------------------------------------------------------------------------------
|  Fanout                |          0.000  |          0.000  |            0  |              0  |                     0  |           0  |           3  |  00:00:07  |
|  Placement Based       |          0.012  |        358.292  |            0  |              0  |                    22  |           0  |           4  |  00:00:04  |
|  MultiInst Placement   |          0.000  |          0.000  |            0  |              0  |                     0  |           0  |           4  |  00:00:02  |
|  Rewire                |          0.000  |          0.000  |            0  |              0  |                     0  |           0  |           3  |  00:00:01  |
|  Critical Cell         |          0.000  |          0.000  |            0  |              0  |                     0  |           0  |           3  |  00:00:01  |
|  Slr Crossing          |          0.000  |          0.000  |            0  |              0  |                     0  |           0  |           1  |  00:00:00  |
|  DSP Register          |          0.000  |          0.000  |            0  |              0  |                     0  |           0  |           2  |  00:00:00  |
|  BRAM Register         |          0.000  |          0.000  |            0  |              0  |                     0  |           0  |           2  |  00:00:00  |
|  URAM Register         |          0.000  |          0.000  |            0  |              0  |                     0  |           0  |           2  |  00:00:00  |
|  Shift Register        |          0.000  |          0.000  |            0  |              0  |                     0  |           0  |           2  |  00:00:00  |
|  Critical Pin          |          0.426  |          0.426  |            0  |              0  |                     2  |           0  |           1  |  00:00:00  |
|  Very High Fanout      |          0.000  |         -2.861  |           62  |              0  |                    26  |          13  |           1  |  00:00:49  |
|  BRAM Enable           |          0.000  |          0.000  |            0  |              0  |                     0  |           0  |           1  |  00:00:01  |
|  Critical Path         |          0.000  |          0.000  |            0  |              0  |                     0  |           0  |           1  |  00:00:01  |
|  Total                 |          0.438  |        355.857  |           62  |              0  |                    50  |          13  |          30  |  00:01:06  |
--------------------------------------------------------------------------------------------------------------------------------------------------------------------


Summary of Hold Fix Optimizations
=================================


--------------------------------------------------------------------------------------------------------------------------------------------------------------
|  Optimization               |  WHS Gain (ns)  |  THS Gain (ns)  |  Added LUTs  |  Added FFs  |  Optimized Nets  |  Dont Touch  |  Iterations  |  Elapsed   |
--------------------------------------------------------------------------------------------------------------------------------------------------------------
|  LUT1 and ZHOLD Insertion   |          2.350  |        147.242  |          42  |          0  |              50  |           0  |           1  |  00:00:04  |
|  Total                      |          2.350  |        147.242  |          42  |          0  |              50  |           0  |           1  |  00:00:04  |
--------------------------------------------------------------------------------------------------------------------------------------------------------------


Netlist sorting complete. Time (s): cpu = 00:00:00 ; elapsed = 00:00:00.069 . Memory (MB): peak = 4184.922 ; gain = 0.000
Ending Physical Synthesis Task | Checksum: 137e71a8f

Time (s): cpu = 00:03:01 ; elapsed = 00:01:59 . Memory (MB): peak = 4184.922 ; gain = 0.000
INFO: [Common 17-83] Releasing license: Implementation
437 Infos, 297 Warnings, 8 Critical Warnings and 0 Errors encountered.
phys_opt_design completed successfully
phys_opt_design: Time (s): cpu = 00:04:00 ; elapsed = 00:02:34 . Memory (MB): peak = 4184.922 ; gain = 0.000
Netlist sorting complete. Time (s): cpu = 00:00:00 ; elapsed = 00:00:00.069 . Memory (MB): peak = 4184.922 ; gain = 0.000
INFO: [Timing 38-480] Writing timing data to binary archive.
Writing placer database...
Netlist sorting complete. Time (s): cpu = 00:00:00 ; elapsed = 00:00:00.071 . Memory (MB): peak = 4184.922 ; gain = 0.000
Writing XDEF routing.
Writing XDEF routing logical nets.
Writing XDEF routing special nets.
Write XDEF Complete: Time (s): cpu = 00:00:18 ; elapsed = 00:00:06 . Memory (MB): peak = 4184.922 ; gain = 0.000
INFO: [Common 17-1381] The checkpoint 'D:/ADProjects/FPGA43DGS/platform/flicker_grouplutram_fpga/fpai_demo_vivado.runs/impl_1/ai7030_edif_top_physopt.dcp' has been generated.
write_checkpoint: Time (s): cpu = 00:00:37 ; elapsed = 00:00:27 . Memory (MB): peak = 4184.922 ; gain = 0.000
Command: route_design -directive NoTimingRelaxation
Attempting to get a license for feature 'Implementation' and/or device 'xc7z030'
INFO: [Common 17-349] Got license for feature 'Implementation' and/or device 'xc7z030'
INFO: [DRC 23-27] Running DRC with 2 threads
INFO: [Vivado_Tcl 4-198] DRC finished with 0 Errors
INFO: [Vivado_Tcl 4-199] Please refer to the DRC report (report_drc) for more information.
Running DRC as a precondition to command route_design
INFO: [DRC 23-27] Running DRC with 2 threads
WARNING: [Designutils 20-3303] unexpected site type 'IOPAD' in HDPYFinalizeIO
WARNING: [Designutils 20-3303] unexpected site type 'IOPAD' in HDPYFinalizeIO
WARNING: [Designutils 20-3303] unexpected site type 'IOPAD' in HDPYFinalizeIO
WARNING: [Designutils 20-3303] unexpected site type 'IOPAD' in HDPYFinalizeIO
WARNING: [Designutils 20-3303] unexpected site type 'IOPAD' in HDPYFinalizeIO
WARNING: [Designutils 20-3303] unexpected site type 'IOPAD' in HDPYFinalizeIO
WARNING: [Designutils 20-3303] unexpected site type 'IOPAD' in HDPYFinalizeIO
WARNING: [Designutils 20-3303] unexpected site type 'IOPAD' in HDPYFinalizeIO
WARNING: [Designutils 20-3303] unexpected site type 'IOPAD' in HDPYFinalizeIO
WARNING: [Designutils 20-3303] unexpected site type 'IOPAD' in HDPYFinalizeIO
WARNING: [Designutils 20-3303] unexpected site type 'IOPAD' in HDPYFinalizeIO
WARNING: [Designutils 20-3303] unexpected site type 'IOPAD' in HDPYFinalizeIO
WARNING: [Designutils 20-3303] unexpected site type 'IOPAD' in HDPYFinalizeIO
WARNING: [Designutils 20-3303] unexpected site type 'IOPAD' in HDPYFinalizeIO
WARNING: [Designutils 20-3303] unexpected site type 'IOPAD' in HDPYFinalizeIO
WARNING: [Designutils 20-3303] unexpected site type 'IOPAD' in HDPYFinalizeIO
WARNING: [Designutils 20-3303] unexpected site type 'IOPAD' in HDPYFinalizeIO
WARNING: [Designutils 20-3303] unexpected site type 'IOPAD' in HDPYFinalizeIO
WARNING: [Designutils 20-3303] unexpected site type 'IOPAD' in HDPYFinalizeIO
WARNING: [Designutils 20-3303] unexpected site type 'IOPAD' in HDPYFinalizeIO
WARNING: [Designutils 20-3303] unexpected site type 'IOPAD' in HDPYFinalizeIO
WARNING: [Designutils 20-3303] unexpected site type 'IOPAD' in HDPYFinalizeIO
WARNING: [Designutils 20-3303] unexpected site type 'IOPAD' in HDPYFinalizeIO
WARNING: [Designutils 20-3303] unexpected site type 'IOPAD' in HDPYFinalizeIO
WARNING: [Designutils 20-3303] unexpected site type 'IOPAD' in HDPYFinalizeIO
WARNING: [Designutils 20-3303] unexpected site type 'IOPAD' in HDPYFinalizeIO
WARNING: [Designutils 20-3303] unexpected site type 'IOPAD' in HDPYFinalizeIO
WARNING: [Designutils 20-3303] unexpected site type 'IOPAD' in HDPYFinalizeIO
WARNING: [Designutils 20-3303] unexpected site type 'IOPAD' in HDPYFinalizeIO
WARNING: [Designutils 20-3303] unexpected site type 'IOPAD' in HDPYFinalizeIO
WARNING: [Designutils 20-3303] unexpected site type 'IOPAD' in HDPYFinalizeIO
WARNING: [Designutils 20-3303] unexpected site type 'IOPAD' in HDPYFinalizeIO
WARNING: [Designutils 20-3303] unexpected site type 'IOPAD' in HDPYFinalizeIO
WARNING: [Designutils 20-3303] unexpected site type 'IOPAD' in HDPYFinalizeIO
WARNING: [Designutils 20-3303] unexpected site type 'IOPAD' in HDPYFinalizeIO
WARNING: [Designutils 20-3303] unexpected site type 'IOPAD' in HDPYFinalizeIO
WARNING: [Designutils 20-3303] unexpected site type 'IOPAD' in HDPYFinalizeIO
WARNING: [Designutils 20-3303] unexpected site type 'IOPAD' in HDPYFinalizeIO
WARNING: [Designutils 20-3303] unexpected site type 'IOPAD' in HDPYFinalizeIO
WARNING: [Designutils 20-3303] unexpected site type 'IOPAD' in HDPYFinalizeIO
WARNING: [Designutils 20-3303] unexpected site type 'IOPAD' in HDPYFinalizeIO
WARNING: [Designutils 20-3303] unexpected site type 'IOPAD' in HDPYFinalizeIO
WARNING: [Designutils 20-3303] unexpected site type 'IOPAD' in HDPYFinalizeIO
WARNING: [Designutils 20-3303] unexpected site type 'IOPAD' in HDPYFinalizeIO
WARNING: [Designutils 20-3303] unexpected site type 'IOPAD' in HDPYFinalizeIO
WARNING: [Designutils 20-3303] unexpected site type 'IOPAD' in HDPYFinalizeIO
WARNING: [Designutils 20-3303] unexpected site type 'IOPAD' in HDPYFinalizeIO
WARNING: [Designutils 20-3303] unexpected site type 'IOPAD' in HDPYFinalizeIO
WARNING: [Designutils 20-3303] unexpected site type 'IOPAD' in HDPYFinalizeIO
WARNING: [Designutils 20-3303] unexpected site type 'IOPAD' in HDPYFinalizeIO
WARNING: [Designutils 20-3303] unexpected site type 'IOPAD' in HDPYFinalizeIO
WARNING: [Designutils 20-3303] unexpected site type 'IOPAD' in HDPYFinalizeIO
WARNING: [Designutils 20-3303] unexpected site type 'IOPAD' in HDPYFinalizeIO
WARNING: [Designutils 20-3303] unexpected site type 'IOPAD' in HDPYFinalizeIO
WARNING: [Designutils 20-3303] unexpected site type 'IOPAD' in HDPYFinalizeIO
WARNING: [Designutils 20-3303] unexpected site type 'IOPAD' in HDPYFinalizeIO
WARNING: [Designutils 20-3303] unexpected site type 'IOPAD' in HDPYFinalizeIO
WARNING: [Designutils 20-3303] unexpected site type 'IOPAD' in HDPYFinalizeIO
WARNING: [Designutils 20-3303] unexpected site type 'IOPAD' in HDPYFinalizeIO
WARNING: [Designutils 20-3303] unexpected site type 'IOPAD' in HDPYFinalizeIO
WARNING: [Designutils 20-3303] unexpected site type 'IOPAD' in HDPYFinalizeIO
WARNING: [Designutils 20-3303] unexpected site type 'IOPAD' in HDPYFinalizeIO
WARNING: [Designutils 20-3303] unexpected site type 'IOPAD' in HDPYFinalizeIO
WARNING: [Designutils 20-3303] unexpected site type 'IOPAD' in HDPYFinalizeIO
WARNING: [Designutils 20-3303] unexpected site type 'IOPAD' in HDPYFinalizeIO
WARNING: [Designutils 20-3303] unexpected site type 'IOPAD' in HDPYFinalizeIO
WARNING: [Designutils 20-3303] unexpected site type 'IOPAD' in HDPYFinalizeIO
WARNING: [Designutils 20-3303] unexpected site type 'IOPAD' in HDPYFinalizeIO
WARNING: [Designutils 20-3303] unexpected site type 'IOPAD' in HDPYFinalizeIO
WARNING: [Designutils 20-3303] unexpected site type 'IOPAD' in HDPYFinalizeIO
WARNING: [Designutils 20-3303] unexpected site type 'IOPAD' in HDPYFinalizeIO
WARNING: [Designutils 20-3303] unexpected site type 'IOPAD' in HDPYFinalizeIO
WARNING: [Designutils 20-3303] unexpected site type 'IOPAD' in HDPYFinalizeIO
WARNING: [Designutils 20-3303] unexpected site type 'IOPAD' in HDPYFinalizeIO
WARNING: [Designutils 20-3303] unexpected site type 'IOPAD' in HDPYFinalizeIO
WARNING: [Designutils 20-3303] unexpected site type 'IOPAD' in HDPYFinalizeIO
WARNING: [Designutils 20-3303] unexpected site type 'IOPAD' in HDPYFinalizeIO
WARNING: [Designutils 20-3303] unexpected site type 'IOPAD' in HDPYFinalizeIO
WARNING: [Designutils 20-3303] unexpected site type 'IOPAD' in HDPYFinalizeIO
WARNING: [Designutils 20-3303] unexpected site type 'IOPAD' in HDPYFinalizeIO
WARNING: [Designutils 20-3303] unexpected site type 'IOPAD' in HDPYFinalizeIO
WARNING: [Designutils 20-3303] unexpected site type 'IOPAD' in HDPYFinalizeIO
WARNING: [Designutils 20-3303] unexpected site type 'IOPAD' in HDPYFinalizeIO
WARNING: [Designutils 20-3303] unexpected site type 'IOPAD' in HDPYFinalizeIO
WARNING: [Designutils 20-3303] unexpected site type 'IOPAD' in HDPYFinalizeIO
WARNING: [Designutils 20-3303] unexpected site type 'IOPAD' in HDPYFinalizeIO
WARNING: [Designutils 20-3303] unexpected site type 'IOPAD' in HDPYFinalizeIO
WARNING: [Designutils 20-3303] unexpected site type 'IOPAD' in HDPYFinalizeIO
WARNING: [Designutils 20-3303] unexpected site type 'IOPAD' in HDPYFinalizeIO
WARNING: [Designutils 20-3303] unexpected site type 'IOPAD' in HDPYFinalizeIO
WARNING: [Designutils 20-3303] unexpected site type 'IOPAD' in HDPYFinalizeIO
WARNING: [Designutils 20-3303] unexpected site type 'IOPAD' in HDPYFinalizeIO
WARNING: [Designutils 20-3303] unexpected site type 'IOPAD' in HDPYFinalizeIO
WARNING: [Designutils 20-3303] unexpected site type 'IOPAD' in HDPYFinalizeIO
WARNING: [Designutils 20-3303] unexpected site type 'IOPAD' in HDPYFinalizeIO
WARNING: [Designutils 20-3303] unexpected site type 'IOPAD' in HDPYFinalizeIO
WARNING: [Designutils 20-3303] unexpected site type 'IOPAD' in HDPYFinalizeIO
WARNING: [Designutils 20-3303] unexpected site type 'IOPAD' in HDPYFinalizeIO
WARNING: [Designutils 20-3303] unexpected site type 'IOPAD' in HDPYFinalizeIO
WARNING: [Designutils 20-3303] unexpected site type 'IOPAD' in HDPYFinalizeIO
INFO: [Common 17-14] Message 'Designutils 20-3303' appears 100 times and further instances of the messages will be disabled. Use the Tcl command set_msg_config to change the current settings.
GCIO site IOB_X0Y22
GCIO site IOB_X0Y24
GCIO site IOB_X0Y26
GCIO site IOB_X0Y28
GCIO site IOB_X0Y72
GCIO site IOB_X0Y74
GCIO site IOB_X0Y76
GCIO site IOB_X0Y78
GCIO site IOB_X1Y72
GCIO site IOB_X1Y74
GCIO site IOB_X1Y76
GCIO site IOB_X1Y78
GCIO site IOB_X1Y122
GCIO site IOB_X1Y124
GCIO site IOB_X1Y126
GCIO site IOB_X1Y128
GCIO site IOB_X1Y172
GCIO site IOB_X1Y174
GCIO site IOB_X1Y176
GCIO site IOB_X1Y178
WARNING: [DRC PLCK-23] Clock Placer Checks: Sub-optimal placement for a clock-capable IO pin and MMCM pair. 
Resolution: A dedicated routing path between the two can be used if: (a) The clock-capable IO (CCIO) is placed on a CCIO capable site (b) The MMCM is placed in the same clock region as the CCIO pin. If the IOB is driving multiple MMCMs, all MMCMs must be placed in the same clock region, one clock region above or one clock region below the IOB. Both the above conditions must be met at the same time, else it may lead to longer and less predictable clock insertion delays.
 This is normally an ERROR but the CLOCK_DEDICATED_ROUTE constraint is set to FALSE allowing your design to continue. The use of this override is highly discouraged as it may lead to very poor timing results. It is recommended that this error condition be corrected in the design.

	U0_ps_ai_peripheral/mig_ddr3_u0/u_mig_7series_0_mig/u_ddr3_clk_ibuf/diff_input_clk.u_ibufg_sys_clk (IBUFDS.O) is locked to IOB_X1Y124
	U0_ps_ai_peripheral/mig_ddr3_u0/u_mig_7series_0_mig/u_iodelay_ctrl/clk_ref_mmcm_gen.mmcm_i (MMCME2_ADV.CLKIN1) is provisionally placed by clockplacer on MMCME2_ADV_X1Y1
INFO: [Vivado_Tcl 4-198] DRC finished with 0 Errors, 1 Warnings
INFO: [Vivado_Tcl 4-199] Please refer to the DRC report (report_drc) for more information.


Starting Routing Task
INFO: [Route 35-270] Using Router directive 'NoTimingRelaxation'.
INFO: [Route 35-254] Multithreading enabled for route_design using a maximum of 2 CPUs
Checksum: PlaceDB: 52c7575d ConstDB: 0 ShapeSum: d208ca3b RouteDB: 0

Phase 1 Build RT Design
Phase 1 Build RT Design | Checksum: 10cba904d

Time (s): cpu = 00:00:49 ; elapsed = 00:00:30 . Memory (MB): peak = 4184.922 ; gain = 0.000
Post Restoration Checksum: NetGraph: 220515d8 NumContArr: eab57a75 Constraints: 0 Timing: 0

Phase 2 Router Initialization

Phase 2.1 Create Timer
Phase 2.1 Create Timer | Checksum: 10cba904d

Time (s): cpu = 00:00:50 ; elapsed = 00:00:31 . Memory (MB): peak = 4184.922 ; gain = 0.000

Phase 2.2 Fix Topology Constraints
Phase 2.2 Fix Topology Constraints | Checksum: 10cba904d

Time (s): cpu = 00:00:51 ; elapsed = 00:00:32 . Memory (MB): peak = 4184.922 ; gain = 0.000

Phase 2.3 Pre Route Cleanup
Phase 2.3 Pre Route Cleanup | Checksum: 10cba904d

Time (s): cpu = 00:00:51 ; elapsed = 00:00:32 . Memory (MB): peak = 4184.922 ; gain = 0.000
 Number of Nodes with overlaps = 0

Phase 2.4 Update Timing
Phase 2.4 Update Timing | Checksum: 1b5c0f1af

Time (s): cpu = 00:01:28 ; elapsed = 00:00:57 . Memory (MB): peak = 4184.922 ; gain = 0.000
INFO: [Route 35-416] Intermediate Timing Summary | WNS=-0.877 | TNS=-7.472 | WHS=-1.137 | THS=-5904.525|


Phase 2.5 Update Timing for Bus Skew

Phase 2.5.1 Update Timing
Phase 2.5.1 Update Timing | Checksum: 16bcc37d5

Time (s): cpu = 00:01:55 ; elapsed = 00:01:15 . Memory (MB): peak = 4975.531 ; gain = 790.609
INFO: [Route 35-416] Intermediate Timing Summary | WNS=-0.877 | TNS=-7.274 | WHS=N/A    | THS=N/A    |

Phase 2.5 Update Timing for Bus Skew | Checksum: f5bc9fcb

Time (s): cpu = 00:01:56 ; elapsed = 00:01:15 . Memory (MB): peak = 4975.531 ; gain = 790.609
Phase 2 Router Initialization | Checksum: 8ca32848

Time (s): cpu = 00:01:56 ; elapsed = 00:01:15 . Memory (MB): peak = 4975.531 ; gain = 790.609

Phase 3 Initial Routing
Phase 3 Initial Routing | Checksum: 101607d5e

Time (s): cpu = 00:02:44 ; elapsed = 00:01:43 . Memory (MB): peak = 4975.531 ; gain = 790.609

Phase 4 Rip-up And Reroute

Phase 4.1 Global Iteration 0

Phase 4.1.1 Update Timing
Phase 4.1.1 Update Timing | Checksum: 12b94a98f

Time (s): cpu = 00:02:49 ; elapsed = 00:01:46 . Memory (MB): peak = 4975.531 ; gain = 790.609
WARNING: [Route 35-447] Congestion is preventing the router from routing all nets. The router will prioritize the successful completion of routing all nets over timing optimizations.
Phase 4.1 Global Iteration 0 | Checksum: b22e449b

Time (s): cpu = 00:03:10 ; elapsed = 00:02:00 . Memory (MB): peak = 4999.980 ; gain = 815.059

Phase 4.2 Global Iteration 1
 Number of Nodes with overlaps = 69761
 Number of Nodes with overlaps = 28660
 Number of Nodes with overlaps = 16749
 Number of Nodes with overlaps = 12350
 Number of Nodes with overlaps = 10467
INFO: [Route 35-416] Intermediate Timing Summary | WNS=-0.898 | TNS=-809.362| WHS=N/A    | THS=N/A    |

Phase 4.2 Global Iteration 1 | Checksum: 18430d9cf

Time (s): cpu = 01:09:29 ; elapsed = 00:37:27 . Memory (MB): peak = 5013.422 ; gain = 828.500

Phase 4.3 Global Iteration 2
 Number of Nodes with overlaps = 73210
