
****** Vivado v2018.3 (64-bit)
  **** SW Build 2405991 on Thu Dec  6 23:38:27 MST 2018
  **** IP Build 2404404 on Fri Dec  7 01:43:56 MST 2018
    ** Copyright 1986-2018 Xilinx, Inc. All Rights Reserved.

source D:/ADProjects/FPGA43DGS/examples/3dgs_flicker_hw/pipeline/resource_balance/route_placed.tcl
# if {$argc != 3} {error "Usage: route_placed.tcl placed.dcp new_output_directory platform"}
# set source [file normalize [lindex $argv 0]]
# set out [file normalize [lindex $argv 1]]
# set ::env(JFM_PATH) [file normalize [lindex $argv 2]]
# if {![file exists $source] || [file exists $out]} {error "Missing source or output already exists"}
# file mkdir $out
# set f [open [file join $out provenance.txt] w]
# puts $f "source=$source\nplatform=$::env(JFM_PATH)\nversion=[version -short]\nroute_directive=NoTimingRelaxation\nboard_programmed=false"
# close $f
# set_param general.maxThreads 2
# open_checkpoint $source
Command: open_checkpoint D:/ADProjects/FPGA43DGS/examples/3dgs_flicker_hw/build/resource_shared_spread_20260930/full_placed.dcp

Starting open_checkpoint Task

Time (s): cpu = 00:00:00 ; elapsed = 00:00:00.016 . Memory (MB): peak = 252.414 ; gain = 0.000
INFO: [Netlist 29-17] Analyzing 7054 Unisim elements for replacement
INFO: [Netlist 29-28] Unisim Transformation completed in 2 CPU seconds
INFO: [Project 1-479] Netlist was created with Vivado 2018.3
INFO: [Device 21-403] Loading part xc7z030ffg676-2
INFO: [Project 1-570] Preparing netlist for logic optimization
WARNING: [Constraints 18-550] Could not create 'IBUF_LOW_PWR' constraint because net 'U0_ps_ai_peripheral/frame_to_ps_inst0/cmos_clkgen_742_5_u0/clk_in1' is not directly connected to top level port. Synthesis is ignored for IBUF_LOW_PWR but preserved for implementation.
WARNING: [Constraints 18-550] Could not create 'IBUF_LOW_PWR' constraint because net 'rx_sdi_inst/mgtclk_inst0/clk_in1' is not directly connected to top level port. Synthesis is ignored for IBUF_LOW_PWR but preserved for implementation.
INFO: [Timing 38-478] Restoring timing data from binary archive.
INFO: [Timing 38-479] Binary timing data restore complete.
INFO: [Project 1-856] Restoring constraints from binary archive.
INFO: [Constraints 18-5170] The checkpoint was created with non-default parameter values which do not match the current Vivado settings.  Mismatching parameters are:
  general.maxThreads
INFO: [Project 1-853] Binary constraint restore complete.
Reading XDEF placement.
Reading placer database...
Reading XDEF routing.
Read XDEF File: Time (s): cpu = 00:00:08 ; elapsed = 00:00:08 . Memory (MB): peak = 2487.094 ; gain = 74.609
Restored from archive | CPU: 8.000000 secs | Memory: 0.000000 MB |
Finished XDEF File Restore: Time (s): cpu = 00:00:08 ; elapsed = 00:00:08 . Memory (MB): peak = 2487.094 ; gain = 74.609
Netlist sorting complete. Time (s): cpu = 00:00:00 ; elapsed = 00:00:00.124 . Memory (MB): peak = 2487.094 ; gain = 0.000
INFO: [Project 1-111] Unisim Transformation Summary:
  A total of 1996 instances were transformed.
  IOBUFDS_DIFF_OUT_DCIEN => IOBUFDS_DIFF_OUT_DCIEN (IBUFDS_IBUFDISABLE_INT, IBUFDS_IBUFDISABLE_INT, INV, OBUFTDS_DCIEN, OBUFTDS_DCIEN): 8 instances
  IOBUF_DCIEN => IOBUF_DCIEN (IBUF_IBUFDISABLE, OBUFT_DCIEN): 64 instances
  LUT6_2 => LUT6_2 (LUT5, LUT6): 188 instances
  OBUFDS => OBUFDS_DUAL_BUF (INV, OBUFDS, OBUFDS): 1 instances
  RAM16X1D => RAM32X1D (RAMD32, RAMD32): 4 instances
  RAM32M => RAM32M (RAMD32, RAMD32, RAMD32, RAMD32, RAMD32, RAMD32, RAMS32, RAMS32): 993 instances
  RAM64M => RAM64M (RAMD64E, RAMD64E, RAMD64E, RAMD64E): 682 instances
  RAM64X1D => RAM64X1D (RAMD64E, RAMD64E): 56 instances

INFO: [Project 1-604] Checkpoint was created with Vivado v2018.3 (64-bit) build 2405991
open_checkpoint: Time (s): cpu = 00:00:56 ; elapsed = 00:00:59 . Memory (MB): peak = 2487.094 ; gain = 2234.680
# if {[get_property PART [current_project]] ne "xc7z030ffg676-2"} {error "Wrong device"}
# if {[get_property PERIOD [get_clocks clk_pll_i]] != 5.0} {error "Shared 200 MHz clock changed"}
# source [file join [file dirname [info script]] .. .. physical_opt restore_vendor_checks.tcl]
## if {![info exists ::env(JFM_PATH)]} {error "JFM_PATH is required"}
## set vendor_hook [file normalize [file join $::env(JFM_PATH) ip_patch process_control implementation_opt_pre.tcl]]
## set f [open $vendor_hook r];
## set vendor_text [read $f];
## close $f
## foreach rule {REQP-44 REQP-46 REQP-52 REQP-56} {
##     set pattern [format {set_property IS_ENABLED 0 \[get_drc_checks +%s\]} $rule]
##     if {![regexp $pattern $vendor_text]} {error "Not an inherited vendor setting: $rule"}
##     set_property IS_ENABLED false [get_drc_checks $rule]
##     puts "RESTORED_ORIGINAL_VENDOR_CHECK=$rule HOOK=$vendor_hook"
## }
RESTORED_ORIGINAL_VENDOR_CHECK=REQP-44 HOOK=D:/ADProjects/FPGA43DGS/platform/flicker_groupshared_fpga/ip_patch/process_control/implementation_opt_pre.tcl
RESTORED_ORIGINAL_VENDOR_CHECK=REQP-46 HOOK=D:/ADProjects/FPGA43DGS/platform/flicker_groupshared_fpga/ip_patch/process_control/implementation_opt_pre.tcl
RESTORED_ORIGINAL_VENDOR_CHECK=REQP-52 HOOK=D:/ADProjects/FPGA43DGS/platform/flicker_groupshared_fpga/ip_patch/process_control/implementation_opt_pre.tcl
RESTORED_ORIGINAL_VENDOR_CHECK=REQP-56 HOOK=D:/ADProjects/FPGA43DGS/platform/flicker_groupshared_fpga/ip_patch/process_control/implementation_opt_pre.tcl
# phys_opt_design -directive AggressiveExplore
Command: phys_opt_design -directive AggressiveExplore
Attempting to get a license for feature 'Implementation' and/or device 'xc7z030'
INFO: [Common 17-349] Got license for feature 'Implementation' and/or device 'xc7z030'
INFO: [Vivado_Tcl 4-137] Directive used for phys_opt_design is: AggressiveExplore
Netlist sorting complete. Time (s): cpu = 00:00:00 ; elapsed = 00:00:00.117 . Memory (MB): peak = 2508.027 ; gain = 0.609

Starting Physical Synthesis Task

Phase 1 Physical Synthesis Initialization
INFO: [Physopt 32-721] Multithreading enabled for phys_opt_design using a maximum of 2 CPUs
INFO: [Physopt 32-619] Estimated Timing Summary | WNS=-0.236 | TNS=-1.083 |
Phase 1 Physical Synthesis Initialization | Checksum: 13ee02e27

Time (s): cpu = 00:00:57 ; elapsed = 00:00:25 . Memory (MB): peak = 2669.707 ; gain = 161.680
INFO: [Physopt 32-619] Estimated Timing Summary | WNS=-0.236 | TNS=-1.083 |

Phase 2 Fanout Optimization
INFO: [Physopt 32-712] Optimization is not feasible on net r_dmux[1] due to MARK_DEBUG attribute.
INFO: [Physopt 32-76] Pass 1. Identified 11 candidate nets for fanout optimization.
INFO: [Physopt 32-572] Net U0_ps_ai_peripheral/ZGolo/u_AI_Mate_top/buyi_icore_post_top_u0/icore_post_top_u0/data_prefetch_u0/pobj_gt_th0 was not replicated.
Resolution: phys_opt_design can be forced to replicate a net driver using the option -force_replication_on_nets <list of net objects>.
INFO: [Physopt 32-81] Processed net U_adder_top/U_flicker/dma/requested[0]_i_1_n_0. Replicated 1 times.
INFO: [Physopt 32-81] Processed net U_adder_top/U_flicker/render/framed_ctu_U0/prepare_frames_U0/grp_log_generic_fu_142/p_Val2_76_reg_1748. Replicated 2 times.
INFO: [Physopt 32-81] Processed net U0_ps_ai_peripheral/ZGolo/u_AI_Mate_top/U0_ddr2hp_itcn/w2n_reg[511]_i_1__2_n_0. Replicated 8 times.
INFO: [Physopt 32-81] Processed net U0_ps_ai_peripheral/ZGolo/u_AI_Mate_top/buyi_icore_post_top_u0/u_avr_brs/valid_tmp00__1_n_0. Replicated 7 times.
INFO: [Physopt 32-81] Processed net U0_ps_ai_peripheral/ZGolo/u_AI_Mate_top/U0_ddr2hp_itcn/w2n_reg[511]_i_1_n_0. Replicated 4 times.
INFO: [Physopt 32-572] Net U0_ps_ai_peripheral/ZGolo/s_data[616]_i_1_n_0 was not replicated.
Resolution: phys_opt_design can be forced to replicate a net driver using the option -force_replication_on_nets <list of net objects>.
INFO: [Physopt 32-81] Processed net U_adder_top/U_flicker/regs/consumed. Replicated 2 times.
INFO: [Physopt 32-81] Processed net U0_ps_ai_peripheral/ZGolo/u_AI_Mate_top/buyi_icore_post_top_u0/icore_post_top_u0/data_prefetch_u0/block_addr_gen_u0/pos. Replicated 1 times.
INFO: [Physopt 32-601] Processed net U_adder_top/U_flicker/render/split_U0/frame_gaussians25726_U0/j_i_i_i_reg_171. Net driver U_adder_top/U_flicker/render/split_U0/frame_gaussians25726_U0/j_i_i_i_reg_171[31]_i_1 was replaced.
INFO: [Physopt 32-81] Processed net U0_ps_ai_peripheral/ZGolo/s_data[290]_i_1_n_0. Replicated 1 times.
INFO: [Physopt 32-232] Optimized 9 nets. Created 26 new instances.
INFO: [Physopt 32-775] End 1 Pass. Optimized 9 nets or cells. Created 26 new cells, deleted 0 existing cell and moved 0 existing cell
INFO: [Physopt 32-619] Estimated Timing Summary | WNS=-0.236 | TNS=-1.083 |
Netlist sorting complete. Time (s): cpu = 00:00:01 ; elapsed = 00:00:00.528 . Memory (MB): peak = 2673.676 ; gain = 0.000
Phase 2 Fanout Optimization | Checksum: 1580700ed

Time (s): cpu = 00:01:10 ; elapsed = 00:00:36 . Memory (MB): peak = 2673.676 ; gain = 165.648

Phase 3 Placement Based Optimization
INFO: [Physopt 32-660] Identified 250 candidate nets for placement-based optimization.
INFO: [Physopt 32-662] Processed net U0_ps_ai_peripheral/frame_to_ps_inst0/frame_read_write_m0/wr_wfifo_err_reg_0.  Did not re-place instance U0_ps_ai_peripheral/frame_to_ps_inst0/frame_read_write_m0/wr_wfifo_err_reg
INFO: [Physopt 32-662] Processed net U0_ps_ai_peripheral/frame_to_ps_inst0/frame_read_write_m0/frame_fifo_write_m0/FSM_sequential_state[2]_i_3_n_0.  Did not re-place instance U0_ps_ai_peripheral/frame_to_ps_inst0/frame_read_write_m0/frame_fifo_write_m0/FSM_sequential_state[2]_i_3
INFO: [Physopt 32-662] Processed net U0_ps_ai_peripheral/frame_to_ps_inst0/frame_read_write_m0/frame_fifo_write_m0/FSM_sequential_state[1]_i_1_n_0.  Did not re-place instance U0_ps_ai_peripheral/frame_to_ps_inst0/frame_read_write_m0/frame_fifo_write_m0/FSM_sequential_state[1]_i_1
INFO: [Physopt 32-662] Processed net U0_ps_ai_peripheral/frame_to_ps_inst0/frame_read_write_m0/frame_fifo_write_m0/FSM_sequential_state[2]_i_4_n_0.  Did not re-place instance U0_ps_ai_peripheral/frame_to_ps_inst0/frame_read_write_m0/frame_fifo_write_m0/FSM_sequential_state[2]_i_4
INFO: [Physopt 32-662] Processed net U0_ps_ai_peripheral/frame_to_ps_inst0/frame_read_write_m0/frame_fifo_write_m0/state[1].  Did not re-place instance U0_ps_ai_peripheral/frame_to_ps_inst0/frame_read_write_m0/frame_fifo_write_m0/FSM_sequential_state_reg[1]
INFO: [Physopt 32-662] Processed net U0_ps_ai_peripheral/frame_to_ps_inst0/frame_read_write_m0/frame_fifo_write_m0/FSM_sequential_state[2]_i_1_n_0.  Did not re-place instance U0_ps_ai_peripheral/frame_to_ps_inst0/frame_read_write_m0/frame_fifo_write_m0/FSM_sequential_state[2]_i_1
INFO: [Physopt 32-662] Processed net U0_ps_ai_peripheral/frame_to_ps_inst0/frame_read_write_m0/frame_fifo_write_m0/state[2].  Did not re-place instance U0_ps_ai_peripheral/frame_to_ps_inst0/frame_read_write_m0/frame_fifo_write_m0/FSM_sequential_state_reg[2]
INFO: [Physopt 32-662] Processed net U0_ps_ai_peripheral/frame_to_ps_inst0/frame_read_write_m0/frame_fifo_write_m0/FSM_sequential_state[0]_i_1_n_0.  Did not re-place instance U0_ps_ai_peripheral/frame_to_ps_inst0/frame_read_write_m0/frame_fifo_write_m0/FSM_sequential_state[0]_i_1
INFO: [Physopt 32-662] Processed net U0_ps_ai_peripheral/frame_to_ps_inst0/frame_read_write_m0/frame_fifo_write_m0/state[0].  Did not re-place instance U0_ps_ai_peripheral/frame_to_ps_inst0/frame_read_write_m0/frame_fifo_write_m0/FSM_sequential_state_reg[0]
INFO: [Physopt 32-662] Processed net U0_ps_ai_peripheral/frame_to_ps_inst0/frame_read_write_m0/D[0].  Did not re-place instance U0_ps_ai_peripheral/frame_to_ps_inst0/frame_read_write_m0/vout_data_r[0]_i_1
INFO: [Physopt 32-663] Processed net U0_ps_ai_peripheral/frame_to_ps_inst0/frame_read_write_m0/read_buf/U0/inst_fifo_gen/gconvfifo.rf/grf.rf/gntv_or_sync_fifo.mem/gbm.gbmg.gbmga.ngecc.bmg/inst_blk_mem_gen/gnbram.gnativebmg.native_blk_mem_gen/valid.cstr/has_mux_b.B/dout[0].  Re-placed instance U0_ps_ai_peripheral/frame_to_ps_inst0/frame_read_write_m0/read_buf/U0/inst_fifo_gen/gconvfifo.rf/grf.rf/gntv_or_sync_fifo.mem/gbm.gbmg.gbmga.ngecc.bmg/inst_blk_mem_gen/gnbram.gnativebmg.native_blk_mem_gen/valid.cstr/has_mux_b.B/dout[0]_INST_0
INFO: [Physopt 32-662] Processed net U0_ps_ai_peripheral/frame_to_ps_inst0/video_rect_read_data_m0/Q[0].  Did not re-place instance U0_ps_ai_peripheral/frame_to_ps_inst0/video_rect_read_data_m0/vout_data_r_reg[0]
INFO: [Physopt 32-662] Processed net U_adder_top/U_flicker/render/render_lane_2u_U0/flicker_render_piudo_U270/flicker_render_pipeline_ap_hmul_4_max_dsp_16_u/U0/i_synth/MULT.OP/EXP/STATE_UP_DELAY/i_pipe/RESULT_REG.NORMAL.exp_op_reg[4].  Did not re-place instance U_adder_top/U_flicker/render/render_lane_2u_U0/flicker_render_piudo_U270/flicker_render_pipeline_ap_hmul_4_max_dsp_16_u/U0/i_synth/MULT.OP/EXP/STATE_UP_DELAY/i_pipe/RESULT_REG.NORMAL.exp_op[4]_i_1
INFO: [Physopt 32-662] Processed net U_adder_top/U_flicker/render/render_lane_2u_U0/flicker_render_piudo_U270/flicker_render_pipeline_ap_hmul_4_max_dsp_16_u/U0/i_synth/MULT.OP/OP/m_axis_result_tdata[14].  Did not re-place instance U_adder_top/U_flicker/render/render_lane_2u_U0/flicker_render_piudo_U270/flicker_render_pipeline_ap_hmul_4_max_dsp_16_u/U0/i_synth/MULT.OP/OP/RESULT_REG.NORMAL.exp_op_reg[4]
INFO: [Physopt 32-662] Processed net U0_ps_ai_peripheral/frame_to_ps_inst0/frame_read_write_m0/read_buf/U0/inst_fifo_gen/gconvfifo.rf/grf.rf/gntv_or_sync_fifo.gl0.rd/gras.rsts/ngwrdrst.grst.g7serrst.gsckt_wrst.gic_rst.sckt_rd_rst_ic_reg.  Did not re-place instance U0_ps_ai_peripheral/frame_to_ps_inst0/frame_read_write_m0/read_buf/U0/inst_fifo_gen/gconvfifo.rf/grf.rf/gntv_or_sync_fifo.gl0.rd/gras.rsts/DEVICE_7SERIES.NO_BMM_INFO.SDP.SIMPLE_PRIM36.ram_i_5
INFO: [Physopt 32-663] Processed net U0_ps_ai_peripheral/frame_to_ps_inst0/video_rect_read_data_m0/read_en_r_reg_0.  Re-placed instance U0_ps_ai_peripheral/frame_to_ps_inst0/video_rect_read_data_m0/read_en_r_reg
INFO: [Physopt 32-662] Processed net U0_ps_ai_peripheral/frame_to_ps_inst0/frame_read_write_m0/read_buf/U0/inst_fifo_gen/gconvfifo.rf/grf.rf/gntv_or_sync_fifo.gl0.rd/rpntr/ENB_I_4.  Did not re-place instance U0_ps_ai_peripheral/frame_to_ps_inst0/frame_read_write_m0/read_buf/U0/inst_fifo_gen/gconvfifo.rf/grf.rf/gntv_or_sync_fifo.gl0.rd/rpntr/DEVICE_7SERIES.NO_BMM_INFO.SDP.SIMPLE_PRIM36.ram_i_2__5
INFO: [Physopt 32-662] Processed net U0_ps_ai_peripheral/frame_to_ps_inst0/frame_read_write_m0/read_buf/U0/inst_fifo_gen/gconvfifo.rf/grf.rf/gntv_or_sync_fifo.gl0.rd/rpntr/ENB_I_16.  Did not re-place instance U0_ps_ai_peripheral/frame_to_ps_inst0/frame_read_write_m0/read_buf/U0/inst_fifo_gen/gconvfifo.rf/grf.rf/gntv_or_sync_fifo.gl0.rd/rpntr/DEVICE_7SERIES.NO_BMM_INFO.SDP.SIMPLE_PRIM36.ram_i_2__17
INFO: [Physopt 32-662] Processed net U0_ps_ai_peripheral/frame_to_ps_inst0/frame_read_write_m0/frame_fifo_write_m0/FSM_sequential_state[1]_i_2_n_0.  Did not re-place instance U0_ps_ai_peripheral/frame_to_ps_inst0/frame_read_write_m0/frame_fifo_write_m0/FSM_sequential_state[1]_i_2
INFO: [Physopt 32-662] Processed net U0_ps_ai_peripheral/frame_to_ps_inst0/frame_read_write_m0/frame_fifo_write_m0/FSM_sequential_state[2]_i_2__0_n_0.  Did not re-place instance U0_ps_ai_peripheral/frame_to_ps_inst0/frame_read_write_m0/frame_fifo_write_m0/FSM_sequential_state[2]_i_2__0
INFO: [Physopt 32-663] Processed net U0_ps_ai_peripheral/frame_to_ps_inst0/frame_read_write_m0/read_buf/U0/inst_fifo_gen/gconvfifo.rf/grf.rf/gntv_or_sync_fifo.gl0.rd/rpntr/DEVICE_7SERIES.NO_BMM_INFO.SDP.SIMPLE_PRIM36.ram_i_4__0_n_0.  Re-placed instance U0_ps_ai_peripheral/frame_to_ps_inst0/frame_read_write_m0/read_buf/U0/inst_fifo_gen/gconvfifo.rf/grf.rf/gntv_or_sync_fifo.gl0.rd/rpntr/DEVICE_7SERIES.NO_BMM_INFO.SDP.SIMPLE_PRIM36.ram_i_4__0
INFO: [Physopt 32-663] Processed net U0_ps_ai_peripheral/frame_to_ps_inst0/frame_read_write_m0/read_buf/U0/inst_fifo_gen/gconvfifo.rf/grf.rf/gntv_or_sync_fifo.gl0.rd/rpntr/ENB_I_26.  Re-placed instance U0_ps_ai_peripheral/frame_to_ps_inst0/frame_read_write_m0/read_buf/U0/inst_fifo_gen/gconvfifo.rf/grf.rf/gntv_or_sync_fifo.gl0.rd/rpntr/DEVICE_7SERIES.NO_BMM_INFO.SDP.SIMPLE_PRIM36.ram_i_2__27
INFO: [Physopt 32-662] Processed net U0_ps_ai_peripheral/ZGolo/u_AI_Mate_top/U0_ddr2hp_itcn/U0_dmux4/U3_aw_axi_fifo/w616d64_fifo.U0_w616d64_fifo/U0/inst_fifo_gen/gconvfifo.rf/grf.rf/gntv_or_sync_fifo.gl0.rd/gr1.gr1_int.rfwft/E[0].  Did not re-place instance U0_ps_ai_peripheral/ZGolo/u_AI_Mate_top/U0_ddr2hp_itcn/U0_dmux4/U3_aw_axi_fifo/w616d64_fifo.U0_w616d64_fifo/U0/inst_fifo_gen/gconvfifo.rf/grf.rf/gntv_or_sync_fifo.gl0.rd/gr1.gr1_int.rfwft/goreg_bm.dout_i[615]_i_1
INFO: [Physopt 32-662] Processed net U0_ps_ai_peripheral/ZGolo/u_AI_Mate_top/U0_ddr2hp_itcn/U0_dmux4/w616d64_fifo.U0_w616d64_fifo_i_2__2_n_0.  Did not re-place instance U0_ps_ai_peripheral/ZGolo/u_AI_Mate_top/U0_ddr2hp_itcn/U0_dmux4/w616d64_fifo.U0_w616d64_fifo_i_2__2
INFO: [Physopt 32-662] Processed net U0_ps_ai_peripheral/ZGolo/u_AI_Mate_top/U0_ddr2hp_itcn/s3_ddr_ww_itf\\.awwready.  Did not re-place instance U0_ps_ai_peripheral/ZGolo/u_AI_Mate_top/U0_ddr2hp_itcn/U0_dmux4_i_7
INFO: [Physopt 32-662] Processed net U0_ps_ai_peripheral/ZGolo/u_AI_Mate_top/U0_ddr2hp_itcn/U0_dmux4/U3_aw_axi_fifo/w616d64_fifo.U0_w616d64_fifo/U0/inst_fifo_gen/gconvfifo.rf/grf.rf/gntv_or_sync_fifo.mem/dout[489].  Did not re-place instance U0_ps_ai_peripheral/ZGolo/u_AI_Mate_top/U0_ddr2hp_itcn/U0_dmux4/U3_aw_axi_fifo/w616d64_fifo.U0_w616d64_fifo/U0/inst_fifo_gen/gconvfifo.rf/grf.rf/gntv_or_sync_fifo.mem/goreg_bm.dout_i_reg[489]
INFO: [Physopt 32-662] Processed net U0_ps_ai_peripheral/ZGolo/u_AI_Mate_top/U0_ddr2hp_itcn/U0_dmux4/U3_aw_axi_fifo/w616d64_fifo.U0_w616d64_fifo/U0/inst_fifo_gen/gconvfifo.rf/grf.rf/gntv_or_sync_fifo.mem/dout[593].  Did not re-place instance U0_ps_ai_peripheral/ZGolo/u_AI_Mate_top/U0_ddr2hp_itcn/U0_dmux4/U3_aw_axi_fifo/w616d64_fifo.U0_w616d64_fifo/U0/inst_fifo_gen/gconvfifo.rf/grf.rf/gntv_or_sync_fifo.mem/goreg_bm.dout_i_reg[593]
INFO: [Physopt 32-662] Processed net U0_ps_ai_peripheral/ZGolo/u_AI_Mate_top/U0_ddr2hp_itcn/U0_dmux4/U3_aw_axi_fifo/w616d64_fifo.U0_w616d64_fifo/U0/inst_fifo_gen/gconvfifo.rf/grf.rf/gntv_or_sync_fifo.mem/dout[595].  Did not re-place instance U0_ps_ai_peripheral/ZGolo/u_AI_Mate_top/U0_ddr2hp_itcn/U0_dmux4/U3_aw_axi_fifo/w616d64_fifo.U0_w616d64_fifo/U0/inst_fifo_gen/gconvfifo.rf/grf.rf/gntv_or_sync_fifo.mem/goreg_bm.dout_i_reg[595]
INFO: [Physopt 32-662] Processed net U0_ps_ai_peripheral/ZGolo/u_AI_Mate_top/U0_ddr2hp_itcn/U0_dmux4/U3_aw_axi_fifo/w616d64_fifo.U0_w616d64_fifo/U0/inst_fifo_gen/gconvfifo.rf/grf.rf/gntv_or_sync_fifo.mem/dout[108].  Did not re-place instance U0_ps_ai_peripheral/ZGolo/u_AI_Mate_top/U0_ddr2hp_itcn/U0_dmux4/U3_aw_axi_fifo/w616d64_fifo.U0_w616d64_fifo/U0/inst_fifo_gen/gconvfifo.rf/grf.rf/gntv_or_sync_fifo.mem/goreg_bm.dout_i_reg[108]
INFO: [Physopt 32-662] Processed net U0_ps_ai_peripheral/ZGolo/u_AI_Mate_top/U0_ddr2hp_itcn/U0_dmux4/U3_aw_axi_fifo/w616d64_fifo.U0_w616d64_fifo/U0/inst_fifo_gen/gconvfifo.rf/grf.rf/gntv_or_sync_fifo.mem/dout[113].  Did not re-place instance U0_ps_ai_peripheral/ZGolo/u_AI_Mate_top/U0_ddr2hp_itcn/U0_dmux4/U3_aw_axi_fifo/w616d64_fifo.U0_w616d64_fifo/U0/inst_fifo_gen/gconvfifo.rf/grf.rf/gntv_or_sync_fifo.mem/goreg_bm.dout_i_reg[113]
INFO: [Physopt 32-662] Processed net U0_ps_ai_peripheral/ZGolo/u_AI_Mate_top/U0_ddr2hp_itcn/U0_dmux4/U3_aw_axi_fifo/w616d64_fifo.U0_w616d64_fifo/U0/inst_fifo_gen/gconvfifo.rf/grf.rf/gntv_or_sync_fifo.mem/dout[135].  Did not re-place instance U0_ps_ai_peripheral/ZGolo/u_AI_Mate_top/U0_ddr2hp_itcn/U0_dmux4/U3_aw_axi_fifo/w616d64_fifo.U0_w616d64_fifo/U0/inst_fifo_gen/gconvfifo.rf/grf.rf/gntv_or_sync_fifo.mem/goreg_bm.dout_i_reg[135]
INFO: [Physopt 32-662] Processed net U0_ps_ai_peripheral/ZGolo/u_AI_Mate_top/U0_ddr2hp_itcn/U0_dmux4/U3_aw_axi_fifo/w616d64_fifo.U0_w616d64_fifo/U0/inst_fifo_gen/gconvfifo.rf/grf.rf/gntv_or_sync_fifo.mem/dout[209].  Did not re-place instance U0_ps_ai_peripheral/ZGolo/u_AI_Mate_top/U0_ddr2hp_itcn/U0_dmux4/U3_aw_axi_fifo/w616d64_fifo.U0_w616d64_fifo/U0/inst_fifo_gen/gconvfifo.rf/grf.rf/gntv_or_sync_fifo.mem/goreg_bm.dout_i_reg[209]
INFO: [Physopt 32-662] Processed net U0_ps_ai_peripheral/ZGolo/u_AI_Mate_top/U0_ddr2hp_itcn/U0_dmux4/U3_aw_axi_fifo/w616d64_fifo.U0_w616d64_fifo/U0/inst_fifo_gen/gconvfifo.rf/grf.rf/gntv_or_sync_fifo.mem/dout[404].  Did not re-place instance U0_ps_ai_peripheral/ZGolo/u_AI_Mate_top/U0_ddr2hp_itcn/U0_dmux4/U3_aw_axi_fifo/w616d64_fifo.U0_w616d64_fifo/U0/inst_fifo_gen/gconvfifo.rf/grf.rf/gntv_or_sync_fifo.mem/goreg_bm.dout_i_reg[404]
INFO: [Physopt 32-662] Processed net U0_ps_ai_peripheral/ZGolo/u_AI_Mate_top/U0_ddr2hp_itcn/U0_dmux4/U3_aw_axi_fifo/w616d64_fifo.U0_w616d64_fifo/U0/inst_fifo_gen/gconvfifo.rf/grf.rf/gntv_or_sync_fifo.mem/dout[405].  Did not re-place instance U0_ps_ai_peripheral/ZGolo/u_AI_Mate_top/U0_ddr2hp_itcn/U0_dmux4/U3_aw_axi_fifo/w616d64_fifo.U0_w616d64_fifo/U0/inst_fifo_gen/gconvfifo.rf/grf.rf/gntv_or_sync_fifo.mem/goreg_bm.dout_i_reg[405]
INFO: [Physopt 32-662] Processed net U0_ps_ai_peripheral/ZGolo/u_AI_Mate_top/U0_ddr2hp_itcn/U0_dmux4/U3_aw_axi_fifo/w616d64_fifo.U0_w616d64_fifo/U0/inst_fifo_gen/gconvfifo.rf/grf.rf/gntv_or_sync_fifo.mem/dout[87].  Did not re-place instance U0_ps_ai_peripheral/ZGolo/u_AI_Mate_top/U0_ddr2hp_itcn/U0_dmux4/U3_aw_axi_fifo/w616d64_fifo.U0_w616d64_fifo/U0/inst_fifo_gen/gconvfifo.rf/grf.rf/gntv_or_sync_fifo.mem/goreg_bm.dout_i_reg[87]
INFO: [Physopt 32-662] Processed net U0_ps_ai_peripheral/frame_to_ps_inst0/frame_read_write_m0/frame_fifo_write_m0/wr_burst_len[4]_i_1_n_0.  Did not re-place instance U0_ps_ai_peripheral/frame_to_ps_inst0/frame_read_write_m0/frame_fifo_write_m0/wr_burst_len[4]_i_1
INFO: [Physopt 32-662] Processed net U0_ps_ai_peripheral/frame_to_ps_inst0/frame_read_write_m0/frame_fifo_write_m0/wr_burst_len[4]_i_2_n_0.  Did not re-place instance U0_ps_ai_peripheral/frame_to_ps_inst0/frame_read_write_m0/frame_fifo_write_m0/wr_burst_len[4]_i_2
INFO: [Physopt 32-662] Processed net U0_ps_ai_peripheral/frame_to_ps_inst0/frame_read_write_m0/frame_fifo_write_m0/ch0_wr_burst_len[0].  Did not re-place instance U0_ps_ai_peripheral/frame_to_ps_inst0/frame_read_write_m0/frame_fifo_write_m0/wr_burst_len_reg[4]
INFO: [Physopt 32-663] Processed net U0_ps_ai_peripheral/frame_to_ps_inst0/frame_read_write_m0/read_buf/U0/inst_fifo_gen/gconvfifo.rf/grf.rf/gntv_or_sync_fifo.gl0.rd/rpntr/ENB_I_13.  Re-placed instance U0_ps_ai_peripheral/frame_to_ps_inst0/frame_read_write_m0/read_buf/U0/inst_fifo_gen/gconvfifo.rf/grf.rf/gntv_or_sync_fifo.gl0.rd/rpntr/DEVICE_7SERIES.NO_BMM_INFO.SDP.SIMPLE_PRIM36.ram_i_2__14
INFO: [Physopt 32-662] Processed net U0_ps_ai_peripheral/frame_to_ps_inst0/frame_read_write_m0/frame_fifo_write_m0/wr_burst_req_i_1_n_0.  Did not re-place instance U0_ps_ai_peripheral/frame_to_ps_inst0/frame_read_write_m0/frame_fifo_write_m0/wr_burst_req_i_1
INFO: [Physopt 32-662] Processed net U0_ps_ai_peripheral/frame_to_ps_inst0/frame_read_write_m0/frame_fifo_write_m0/wr_burst_req_i_3_n_0.  Did not re-place instance U0_ps_ai_peripheral/frame_to_ps_inst0/frame_read_write_m0/frame_fifo_write_m0/wr_burst_req_i_3
INFO: [Physopt 32-662] Processed net U0_ps_ai_peripheral/frame_to_ps_inst0/frame_read_write_m0/frame_fifo_write_m0/ch0_wr_burst_req.  Did not re-place instance U0_ps_ai_peripheral/frame_to_ps_inst0/frame_read_write_m0/frame_fifo_write_m0/wr_burst_req_reg
INFO: [Physopt 32-662] Processed net U0_ps_ai_peripheral/ZGolo/u_AI_Mate_top/U0_ddr2hp_itcn/U0_dmux4/U3_aw_axi_fifo/w616d64_fifo.U0_w616d64_fifo/U0/inst_fifo_gen/gconvfifo.rf/grf.rf/gntv_or_sync_fifo.mem/dout[265].  Did not re-place instance U0_ps_ai_peripheral/ZGolo/u_AI_Mate_top/U0_ddr2hp_itcn/U0_dmux4/U3_aw_axi_fifo/w616d64_fifo.U0_w616d64_fifo/U0/inst_fifo_gen/gconvfifo.rf/grf.rf/gntv_or_sync_fifo.mem/goreg_bm.dout_i_reg[265]
INFO: [Physopt 32-662] Processed net U0_ps_ai_peripheral/ZGolo/u_AI_Mate_top/U0_ddr2hp_itcn/U0_dmux4/U3_aw_axi_fifo/w616d64_fifo.U0_w616d64_fifo/U0/inst_fifo_gen/gconvfifo.rf/grf.rf/gntv_or_sync_fifo.mem/dout[361].  Did not re-place instance U0_ps_ai_peripheral/ZGolo/u_AI_Mate_top/U0_ddr2hp_itcn/U0_dmux4/U3_aw_axi_fifo/w616d64_fifo.U0_w616d64_fifo/U0/inst_fifo_gen/gconvfifo.rf/grf.rf/gntv_or_sync_fifo.mem/goreg_bm.dout_i_reg[361]
INFO: [Physopt 32-662] Processed net U0_ps_ai_peripheral/ZGolo/u_AI_Mate_top/U0_ddr2hp_itcn/U0_dmux4/U3_aw_axi_fifo/w616d64_fifo.U0_w616d64_fifo/U0/inst_fifo_gen/gconvfifo.rf/grf.rf/gntv_or_sync_fifo.mem/dout[375].  Did not re-place instance U0_ps_ai_peripheral/ZGolo/u_AI_Mate_top/U0_ddr2hp_itcn/U0_dmux4/U3_aw_axi_fifo/w616d64_fifo.U0_w616d64_fifo/U0/inst_fifo_gen/gconvfifo.rf/grf.rf/gntv_or_sync_fifo.mem/goreg_bm.dout_i_reg[375]
INFO: [Physopt 32-662] Processed net U0_ps_ai_peripheral/ZGolo/u_AI_Mate_top/U0_ddr2hp_itcn/U0_dmux4/U3_aw_axi_fifo/w616d64_fifo.U0_w616d64_fifo/U0/inst_fifo_gen/gconvfifo.rf/grf.rf/gntv_or_sync_fifo.mem/dout[106].  Did not re-place instance U0_ps_ai_peripheral/ZGolo/u_AI_Mate_top/U0_ddr2hp_itcn/U0_dmux4/U3_aw_axi_fifo/w616d64_fifo.U0_w616d64_fifo/U0/inst_fifo_gen/gconvfifo.rf/grf.rf/gntv_or_sync_fifo.mem/goreg_bm.dout_i_reg[106]
INFO: [Physopt 32-662] Processed net U0_ps_ai_peripheral/ZGolo/u_AI_Mate_top/U0_ddr2hp_itcn/U0_dmux4/U3_aw_axi_fifo/w616d64_fifo.U0_w616d64_fifo/U0/inst_fifo_gen/gconvfifo.rf/grf.rf/gntv_or_sync_fifo.mem/dout[107].  Did not re-place instance U0_ps_ai_peripheral/ZGolo/u_AI_Mate_top/U0_ddr2hp_itcn/U0_dmux4/U3_aw_axi_fifo/w616d64_fifo.U0_w616d64_fifo/U0/inst_fifo_gen/gconvfifo.rf/grf.rf/gntv_or_sync_fifo.mem/goreg_bm.dout_i_reg[107]
INFO: [Physopt 32-662] Processed net U0_ps_ai_peripheral/ZGolo/u_AI_Mate_top/U0_ddr2hp_itcn/U0_dmux4/U3_aw_axi_fifo/w616d64_fifo.U0_w616d64_fifo/U0/inst_fifo_gen/gconvfifo.rf/grf.rf/gntv_or_sync_fifo.mem/dout[132].  Did not re-place instance U0_ps_ai_peripheral/ZGolo/u_AI_Mate_top/U0_ddr2hp_itcn/U0_dmux4/U3_aw_axi_fifo/w616d64_fifo.U0_w616d64_fifo/U0/inst_fifo_gen/gconvfifo.rf/grf.rf/gntv_or_sync_fifo.mem/goreg_bm.dout_i_reg[132]
INFO: [Physopt 32-662] Processed net U0_ps_ai_peripheral/ZGolo/u_AI_Mate_top/U0_ddr2hp_itcn/U0_dmux4/U3_aw_axi_fifo/w616d64_fifo.U0_w616d64_fifo/U0/inst_fifo_gen/gconvfifo.rf/grf.rf/gntv_or_sync_fifo.mem/dout[133].  Did not re-place instance U0_ps_ai_peripheral/ZGolo/u_AI_Mate_top/U0_ddr2hp_itcn/U0_dmux4/U3_aw_axi_fifo/w616d64_fifo.U0_w616d64_fifo/U0/inst_fifo_gen/gconvfifo.rf/grf.rf/gntv_or_sync_fifo.mem/goreg_bm.dout_i_reg[133]
INFO: [Physopt 32-662] Processed net U0_ps_ai_peripheral/ZGolo/u_AI_Mate_top/U0_ddr2hp_itcn/U0_dmux4/U3_aw_axi_fifo/w616d64_fifo.U0_w616d64_fifo/U0/inst_fifo_gen/gconvfifo.rf/grf.rf/gntv_or_sync_fifo.mem/dout[161].  Did not re-place instance U0_ps_ai_peripheral/ZGolo/u_AI_Mate_top/U0_ddr2hp_itcn/U0_dmux4/U3_aw_axi_fifo/w616d64_fifo.U0_w616d64_fifo/U0/inst_fifo_gen/gconvfifo.rf/grf.rf/gntv_or_sync_fifo.mem/goreg_bm.dout_i_reg[161]
INFO: [Physopt 32-662] Processed net U0_ps_ai_peripheral/ZGolo/u_AI_Mate_top/U0_ddr2hp_itcn/U0_dmux4/U3_aw_axi_fifo/w616d64_fifo.U0_w616d64_fifo/U0/inst_fifo_gen/gconvfifo.rf/grf.rf/gntv_or_sync_fifo.mem/dout[182].  Did not re-place instance U0_ps_ai_peripheral/ZGolo/u_AI_Mate_top/U0_ddr2hp_itcn/U0_dmux4/U3_aw_axi_fifo/w616d64_fifo.U0_w616d64_fifo/U0/inst_fifo_gen/gconvfifo.rf/grf.rf/gntv_or_sync_fifo.mem/goreg_bm.dout_i_reg[182]
INFO: [Physopt 32-662] Processed net U0_ps_ai_peripheral/ZGolo/u_AI_Mate_top/U0_ddr2hp_itcn/U0_dmux4/U3_aw_axi_fifo/w616d64_fifo.U0_w616d64_fifo/U0/inst_fifo_gen/gconvfifo.rf/grf.rf/gntv_or_sync_fifo.mem/dout[111].  Did not re-place instance U0_ps_ai_peripheral/ZGolo/u_AI_Mate_top/U0_ddr2hp_itcn/U0_dmux4/U3_aw_axi_fifo/w616d64_fifo.U0_w616d64_fifo/U0/inst_fifo_gen/gconvfifo.rf/grf.rf/gntv_or_sync_fifo.mem/goreg_bm.dout_i_reg[111]
INFO: [Physopt 32-662] Processed net U0_ps_ai_peripheral/ZGolo/u_AI_Mate_top/U0_ddr2hp_itcn/U0_dmux4/U3_aw_axi_fifo/w616d64_fifo.U0_w616d64_fifo/U0/inst_fifo_gen/gconvfifo.rf/grf.rf/gntv_or_sync_fifo.mem/dout[185].  Did not re-place instance U0_ps_ai_peripheral/ZGolo/u_AI_Mate_top/U0_ddr2hp_itcn/U0_dmux4/U3_aw_axi_fifo/w616d64_fifo.U0_w616d64_fifo/U0/inst_fifo_gen/gconvfifo.rf/grf.rf/gntv_or_sync_fifo.mem/goreg_bm.dout_i_reg[185]
INFO: [Physopt 32-662] Processed net U0_ps_ai_peripheral/ZGolo/u_AI_Mate_top/U0_ddr2hp_itcn/U0_dmux4/U3_aw_axi_fifo/w616d64_fifo.U0_w616d64_fifo/U0/inst_fifo_gen/gconvfifo.rf/grf.rf/gntv_or_sync_fifo.mem/dout[303].  Did not re-place instance U0_ps_ai_peripheral/ZGolo/u_AI_Mate_top/U0_ddr2hp_itcn/U0_dmux4/U3_aw_axi_fifo/w616d64_fifo.U0_w616d64_fifo/U0/inst_fifo_gen/gconvfifo.rf/grf.rf/gntv_or_sync_fifo.mem/goreg_bm.dout_i_reg[303]
INFO: [Physopt 32-662] Processed net U0_ps_ai_peripheral/ZGolo/u_AI_Mate_top/U0_ddr2hp_itcn/U0_dmux4/U3_aw_axi_fifo/w616d64_fifo.U0_w616d64_fifo/U0/inst_fifo_gen/gconvfifo.rf/grf.rf/gntv_or_sync_fifo.mem/dout[374].  Did not re-place instance U0_ps_ai_peripheral/ZGolo/u_AI_Mate_top/U0_ddr2hp_itcn/U0_dmux4/U3_aw_axi_fifo/w616d64_fifo.U0_w616d64_fifo/U0/inst_fifo_gen/gconvfifo.rf/grf.rf/gntv_or_sync_fifo.mem/goreg_bm.dout_i_reg[374]
INFO: [Physopt 32-662] Processed net U0_ps_ai_peripheral/ZGolo/u_AI_Mate_top/U0_ddr2hp_itcn/U0_dmux4/U3_aw_axi_fifo/w616d64_fifo.U0_w616d64_fifo/U0/inst_fifo_gen/gconvfifo.rf/grf.rf/gntv_or_sync_fifo.mem/dout[418].  Did not re-place instance U0_ps_ai_peripheral/ZGolo/u_AI_Mate_top/U0_ddr2hp_itcn/U0_dmux4/U3_aw_axi_fifo/w616d64_fifo.U0_w616d64_fifo/U0/inst_fifo_gen/gconvfifo.rf/grf.rf/gntv_or_sync_fifo.mem/goreg_bm.dout_i_reg[418]
INFO: [Physopt 32-662] Processed net U0_ps_ai_peripheral/ZGolo/u_AI_Mate_top/U0_ddr2hp_itcn/U0_dmux4/U3_aw_axi_fifo/w616d64_fifo.U0_w616d64_fifo/U0/inst_fifo_gen/gconvfifo.rf/grf.rf/gntv_or_sync_fifo.mem/dout[521].  Did not re-place instance U0_ps_ai_peripheral/ZGolo/u_AI_Mate_top/U0_ddr2hp_itcn/U0_dmux4/U3_aw_axi_fifo/w616d64_fifo.U0_w616d64_fifo/U0/inst_fifo_gen/gconvfifo.rf/grf.rf/gntv_or_sync_fifo.mem/goreg_bm.dout_i_reg[521]
INFO: [Physopt 32-662] Processed net U0_ps_ai_peripheral/ZGolo/u_AI_Mate_top/U0_ddr2hp_itcn/U0_dmux4/U3_aw_axi_fifo/w616d64_fifo.U0_w616d64_fifo/U0/inst_fifo_gen/gconvfifo.rf/grf.rf/gntv_or_sync_fifo.mem/dout[84].  Did not re-place instance U0_ps_ai_peripheral/ZGolo/u_AI_Mate_top/U0_ddr2hp_itcn/U0_dmux4/U3_aw_axi_fifo/w616d64_fifo.U0_w616d64_fifo/U0/inst_fifo_gen/gconvfifo.rf/grf.rf/gntv_or_sync_fifo.mem/goreg_bm.dout_i_reg[84]
INFO: [Physopt 32-662] Processed net U0_ps_ai_peripheral/ZGolo/u_AI_Mate_top/U0_ddr2hp_itcn/U0_dmux4/U3_aw_axi_fifo/w616d64_fifo.U0_w616d64_fifo/U0/inst_fifo_gen/gconvfifo.rf/grf.rf/gntv_or_sync_fifo.mem/dout[179].  Did not re-place instance U0_ps_ai_peripheral/ZGolo/u_AI_Mate_top/U0_ddr2hp_itcn/U0_dmux4/U3_aw_axi_fifo/w616d64_fifo.U0_w616d64_fifo/U0/inst_fifo_gen/gconvfifo.rf/grf.rf/gntv_or_sync_fifo.mem/goreg_bm.dout_i_reg[179]
INFO: [Physopt 32-662] Processed net U0_ps_ai_peripheral/ZGolo/u_AI_Mate_top/U0_ddr2hp_itcn/U0_dmux4/U3_aw_axi_fifo/w616d64_fifo.U0_w616d64_fifo/U0/inst_fifo_gen/gconvfifo.rf/grf.rf/gntv_or_sync_fifo.mem/dout[365].  Did not re-place instance U0_ps_ai_peripheral/ZGolo/u_AI_Mate_top/U0_ddr2hp_itcn/U0_dmux4/U3_aw_axi_fifo/w616d64_fifo.U0_w616d64_fifo/U0/inst_fifo_gen/gconvfifo.rf/grf.rf/gntv_or_sync_fifo.mem/goreg_bm.dout_i_reg[365]
INFO: [Physopt 32-662] Processed net U0_ps_ai_peripheral/ZGolo/u_AI_Mate_top/U0_ddr2hp_itcn/U0_dmux4/U3_aw_axi_fifo/w616d64_fifo.U0_w616d64_fifo/U0/inst_fifo_gen/gconvfifo.rf/grf.rf/gntv_or_sync_fifo.mem/dout[534].  Did not re-place instance U0_ps_ai_peripheral/ZGolo/u_AI_Mate_top/U0_ddr2hp_itcn/U0_dmux4/U3_aw_axi_fifo/w616d64_fifo.U0_w616d64_fifo/U0/inst_fifo_gen/gconvfifo.rf/grf.rf/gntv_or_sync_fifo.mem/goreg_bm.dout_i_reg[534]
INFO: [Physopt 32-663] Processed net U0_ps_ai_peripheral/frame_to_ps_inst0/frame_read_write_m0/read_buf/U0/inst_fifo_gen/gconvfifo.rf/grf.rf/gntv_or_sync_fifo.gl0.rd/rpntr/ENB_I_20.  Re-placed instance U0_ps_ai_peripheral/frame_to_ps_inst0/frame_read_write_m0/read_buf/U0/inst_fifo_gen/gconvfifo.rf/grf.rf/gntv_or_sync_fifo.gl0.rd/rpntr/DEVICE_7SERIES.NO_BMM_INFO.SDP.SIMPLE_PRIM36.ram_i_2__21
INFO: [Physopt 32-663] Processed net U0_ps_ai_peripheral/frame_to_ps_inst0/frame_read_write_m0/read_buf/U0/inst_fifo_gen/gconvfifo.rf/grf.rf/gntv_or_sync_fifo.mem/gbm.gbmg.gbmga.ngecc.bmg/inst_blk_mem_gen/gnbram.gnativebmg.native_blk_mem_gen/valid.cstr/ramloop[12].ram.r/prim_noinit.ram/DEVICE_7SERIES.NO_BMM_INFO.SDP.SIMPLE_PRIM36.ram_ENBWREN_cooolgate_en_sig_61.  Re-placed instance U0_ps_ai_peripheral/frame_to_ps_inst0/frame_read_write_m0/read_buf/U0/inst_fifo_gen/gconvfifo.rf/grf.rf/gntv_or_sync_fifo.mem/gbm.gbmg.gbmga.ngecc.bmg/inst_blk_mem_gen/gnbram.gnativebmg.native_blk_mem_gen/valid.cstr/ramloop[12].ram.r/prim_noinit.ram/DEVICE_7SERIES.NO_BMM_INFO.SDP.SIMPLE_PRIM36.ram_ENBWREN_cooolgate_en_gate_89
INFO: [Physopt 32-662] Processed net U0_ps_ai_peripheral/ZGolo/u_AI_Mate_top/U0_ddr2hp_itcn/U0_dmux4/U3_aw_axi_fifo/w616d64_fifo.U0_w616d64_fifo/U0/inst_fifo_gen/gconvfifo.rf/grf.rf/gntv_or_sync_fifo.mem/dout[52].  Did not re-place instance U0_ps_ai_peripheral/ZGolo/u_AI_Mate_top/U0_ddr2hp_itcn/U0_dmux4/U3_aw_axi_fifo/w616d64_fifo.U0_w616d64_fifo/U0/inst_fifo_gen/gconvfifo.rf/grf.rf/gntv_or_sync_fifo.mem/goreg_bm.dout_i_reg[52]
INFO: [Physopt 32-662] Processed net U0_ps_ai_peripheral/ZGolo/u_AI_Mate_top/U0_ddr2hp_itcn/U0_dmux4/U3_aw_axi_fifo/w616d64_fifo.U0_w616d64_fifo/U0/inst_fifo_gen/gconvfifo.rf/grf.rf/gntv_or_sync_fifo.mem/dout[540].  Did not re-place instance U0_ps_ai_peripheral/ZGolo/u_AI_Mate_top/U0_ddr2hp_itcn/U0_dmux4/U3_aw_axi_fifo/w616d64_fifo.U0_w616d64_fifo/U0/inst_fifo_gen/gconvfifo.rf/grf.rf/gntv_or_sync_fifo.mem/goreg_bm.dout_i_reg[540]
INFO: [Physopt 32-662] Processed net U0_ps_ai_peripheral/ZGolo/u_AI_Mate_top/U0_ddr2hp_itcn/U0_dmux4/U3_aw_axi_fifo/w616d64_fifo.U0_w616d64_fifo/U0/inst_fifo_gen/gconvfifo.rf/grf.rf/gntv_or_sync_fifo.mem/dout[542].  Did not re-place instance U0_ps_ai_peripheral/ZGolo/u_AI_Mate_top/U0_ddr2hp_itcn/U0_dmux4/U3_aw_axi_fifo/w616d64_fifo.U0_w616d64_fifo/U0/inst_fifo_gen/gconvfifo.rf/grf.rf/gntv_or_sync_fifo.mem/goreg_bm.dout_i_reg[542]
INFO: [Physopt 32-662] Processed net U0_ps_ai_peripheral/ZGolo/u_AI_Mate_top/U0_ddr2hp_itcn/U0_dmux4/U3_aw_axi_fifo/w616d64_fifo.U0_w616d64_fifo/U0/inst_fifo_gen/gconvfifo.rf/grf.rf/gntv_or_sync_fifo.mem/dout[104].  Did not re-place instance U0_ps_ai_peripheral/ZGolo/u_AI_Mate_top/U0_ddr2hp_itcn/U0_dmux4/U3_aw_axi_fifo/w616d64_fifo.U0_w616d64_fifo/U0/inst_fifo_gen/gconvfifo.rf/grf.rf/gntv_or_sync_fifo.mem/goreg_bm.dout_i_reg[104]
INFO: [Physopt 32-662] Processed net U0_ps_ai_peripheral/ZGolo/u_AI_Mate_top/U0_ddr2hp_itcn/U0_dmux4/U3_aw_axi_fifo/w616d64_fifo.U0_w616d64_fifo/U0/inst_fifo_gen/gconvfifo.rf/grf.rf/gntv_or_sync_fifo.mem/dout[172].  Did not re-place instance U0_ps_ai_peripheral/ZGolo/u_AI_Mate_top/U0_ddr2hp_itcn/U0_dmux4/U3_aw_axi_fifo/w616d64_fifo.U0_w616d64_fifo/U0/inst_fifo_gen/gconvfifo.rf/grf.rf/gntv_or_sync_fifo.mem/goreg_bm.dout_i_reg[172]
INFO: [Physopt 32-662] Processed net U0_ps_ai_peripheral/ZGolo/u_AI_Mate_top/U0_ddr2hp_itcn/U0_dmux4/U3_aw_axi_fifo/w616d64_fifo.U0_w616d64_fifo/U0/inst_fifo_gen/gconvfifo.rf/grf.rf/gntv_or_sync_fifo.mem/dout[215].  Did not re-place instance U0_ps_ai_peripheral/ZGolo/u_AI_Mate_top/U0_ddr2hp_itcn/U0_dmux4/U3_aw_axi_fifo/w616d64_fifo.U0_w616d64_fifo/U0/inst_fifo_gen/gconvfifo.rf/grf.rf/gntv_or_sync_fifo.mem/goreg_bm.dout_i_reg[215]
INFO: [Physopt 32-662] Processed net U0_ps_ai_peripheral/ZGolo/u_AI_Mate_top/U0_ddr2hp_itcn/U0_dmux4/U3_aw_axi_fifo/w616d64_fifo.U0_w616d64_fifo/U0/inst_fifo_gen/gconvfifo.rf/grf.rf/gntv_or_sync_fifo.mem/dout[222].  Did not re-place instance U0_ps_ai_peripheral/ZGolo/u_AI_Mate_top/U0_ddr2hp_itcn/U0_dmux4/U3_aw_axi_fifo/w616d64_fifo.U0_w616d64_fifo/U0/inst_fifo_gen/gconvfifo.rf/grf.rf/gntv_or_sync_fifo.mem/goreg_bm.dout_i_reg[222]
INFO: [Physopt 32-662] Processed net U0_ps_ai_peripheral/ZGolo/u_AI_Mate_top/U0_ddr2hp_itcn/U0_dmux4/U3_aw_axi_fifo/w616d64_fifo.U0_w616d64_fifo/U0/inst_fifo_gen/gconvfifo.rf/grf.rf/gntv_or_sync_fifo.mem/dout[78].  Did not re-place instance U0_ps_ai_peripheral/ZGolo/u_AI_Mate_top/U0_ddr2hp_itcn/U0_dmux4/U3_aw_axi_fifo/w616d64_fifo.U0_w616d64_fifo/U0/inst_fifo_gen/gconvfifo.rf/grf.rf/gntv_or_sync_fifo.mem/goreg_bm.dout_i_reg[78]
INFO: [Physopt 32-662] Processed net U0_ps_ai_peripheral/ZGolo/u_AI_Mate_top/U0_ddr2hp_itcn/U0_dmux4/U3_aw_axi_fifo/w616d64_fifo.U0_w616d64_fifo/U0/inst_fifo_gen/gconvfifo.rf/grf.rf/gntv_or_sync_fifo.mem/dout[82].  Did not re-place instance U0_ps_ai_peripheral/ZGolo/u_AI_Mate_top/U0_ddr2hp_itcn/U0_dmux4/U3_aw_axi_fifo/w616d64_fifo.U0_w616d64_fifo/U0/inst_fifo_gen/gconvfifo.rf/grf.rf/gntv_or_sync_fifo.mem/goreg_bm.dout_i_reg[82]
INFO: [Physopt 32-662] Processed net U0_ps_ai_peripheral/frame_to_ps_inst0/frame_read_write_m0/read_buf/U0/inst_fifo_gen/gconvfifo.rf/grf.rf/gntv_or_sync_fifo.gl0.rd/rpntr/ENB_I_8.  Did not re-place instance U0_ps_ai_peripheral/frame_to_ps_inst0/frame_read_write_m0/read_buf/U0/inst_fifo_gen/gconvfifo.rf/grf.rf/gntv_or_sync_fifo.gl0.rd/rpntr/DEVICE_7SERIES.NO_BMM_INFO.SDP.SIMPLE_PRIM36.ram_i_2__9
INFO: [Physopt 32-662] Processed net U0_ps_ai_peripheral/ZGolo/u_AI_Mate_top/buyi_icore_post_top_u0/icore_post_top_u0/data_prefetch_u0/pobj_gt_th0.  Did not re-place instance U0_ps_ai_peripheral/ZGolo/u_AI_Mate_top/buyi_icore_post_top_u0/icore_post_top_u0/data_prefetch_u0/gt_th_num[31]_i_2
INFO: [Physopt 32-663] Processed net U0_ps_ai_peripheral/ZGolo/u_AI_Mate_top/buyi_icore_post_top_u0/m_rdata[285].  Re-placed instance U0_ps_ai_peripheral/ZGolo/u_AI_Mate_top/buyi_icore_post_top_u0/r_converter_u0/data_joint_u0/avr_frs_r_u0/s_data_reg[285]
INFO: [Physopt 32-662] Processed net U0_ps_ai_peripheral/ZGolo/u_AI_Mate_top/buyi_icore_post_top_u0/icore_post_top_u0/data_prefetch_u0/sub_comb[17]_i_1_n_0.  Did not re-place instance U0_ps_ai_peripheral/ZGolo/u_AI_Mate_top/buyi_icore_post_top_u0/icore_post_top_u0/data_prefetch_u0/sub_comb[17]_i_1
INFO: [Physopt 32-662] Processed net U0_ps_ai_peripheral/ZGolo/u_AI_Mate_top/buyi_icore_post_top_u0/icore_post_top_u0/data_prefetch_u0/gt_th_num[31]_i_20_n_0.  Did not re-place instance U0_ps_ai_peripheral/ZGolo/u_AI_Mate_top/buyi_icore_post_top_u0/icore_post_top_u0/data_prefetch_u0/gt_th_num[31]_i_20
INFO: [Physopt 32-662] Processed net U0_ps_ai_peripheral/ZGolo/u_AI_Mate_top/buyi_icore_post_top_u0/icore_post_top_u0/data_prefetch_u0/gt_th_num[31]_i_8_n_0.  Did not re-place instance U0_ps_ai_peripheral/ZGolo/u_AI_Mate_top/buyi_icore_post_top_u0/icore_post_top_u0/data_prefetch_u0/gt_th_num[31]_i_8
INFO: [Physopt 32-662] Processed net U0_ps_ai_peripheral/ZGolo/u_AI_Mate_top/buyi_icore_post_top_u0/icore_post_top_u0/data_prefetch_u0/sub_comb[17]_i_12_n_0.  Did not re-place instance U0_ps_ai_peripheral/ZGolo/u_AI_Mate_top/buyi_icore_post_top_u0/icore_post_top_u0/data_prefetch_u0/sub_comb[17]_i_12
INFO: [Physopt 32-663] Processed net U0_ps_ai_peripheral/ZGolo/u_AI_Mate_top/buyi_icore_post_top_u0/icore_post_top_u0/data_prefetch_u0/gt_th_num[28].  Re-placed instance U0_ps_ai_peripheral/ZGolo/u_AI_Mate_top/buyi_icore_post_top_u0/icore_post_top_u0/data_prefetch_u0/gt_th_num_reg[28]
INFO: [Physopt 32-663] Processed net U0_ps_ai_peripheral/ZGolo/u_AI_Mate_top/buyi_icore_post_top_u0/icore_post_top_u0/data_prefetch_u0/gt_th_num[29].  Re-placed instance U0_ps_ai_peripheral/ZGolo/u_AI_Mate_top/buyi_icore_post_top_u0/icore_post_top_u0/data_prefetch_u0/gt_th_num_reg[29]
INFO: [Physopt 32-663] Processed net U0_ps_ai_peripheral/ZGolo/u_AI_Mate_top/buyi_icore_post_top_u0/icore_post_top_u0/data_prefetch_u0/gt_th_num[30].  Re-placed instance U0_ps_ai_peripheral/ZGolo/u_AI_Mate_top/buyi_icore_post_top_u0/icore_post_top_u0/data_prefetch_u0/gt_th_num_reg[30]
INFO: [Physopt 32-663] Processed net U0_ps_ai_peripheral/ZGolo/u_AI_Mate_top/buyi_icore_post_top_u0/icore_post_top_u0/data_prefetch_u0/gt_th_num[31].  Re-placed instance U0_ps_ai_peripheral/ZGolo/u_AI_Mate_top/buyi_icore_post_top_u0/icore_post_top_u0/data_prefetch_u0/gt_th_num_reg[31]
INFO: [Physopt 32-662] Processed net U0_ps_ai_peripheral/ZGolo/u_AI_Mate_top/ddr_witcn_u0/awfifo_wr.  Did not re-place instance U0_ps_ai_peripheral/ZGolo/mna_idfifo_w5_u0_i_4
INFO: [Physopt 32-662] Processed net U_adder_top/U_flicker/dma/no[5].  Did not re-place instance U_adder_top/U_flicker/dma/no_reg[5]
INFO: [Physopt 32-662] Processed net U_adder_top/legacy/U_adder/U_avr_rs/u_avr_frs/UserCustomOp_0_awwvalid.  Did not re-place instance U_adder_top/legacy/U_adder/U_avr_rs/u_avr_frs/ZGolo_i_547
INFO: [Physopt 32-662] Processed net U_adder_top/U_flicker/dma/output_level_reg[2]_0.  Did not re-place instance U_adder_top/U_flicker/dma/ZGolo_i_583
INFO: [Physopt 32-662] Processed net U0_ps_ai_peripheral/ZGolo/u_AI_Mate_top/ddr_witcn_u0/mna_idfifo_w5_u0/U0/inst_fifo_gen/gconvfifo.rf/grf.rf/gntv_or_sync_fifo.gl0.rd/gr1.gr1_int.rfwft/p_1_out.  Did not re-place instance U0_ps_ai_peripheral/ZGolo/u_AI_Mate_top/ddr_witcn_u0/mna_idfifo_w5_u0/U0/inst_fifo_gen/gconvfifo.rf/grf.rf/gntv_or_sync_fifo.gl0.rd/gr1.gr1_int.rfwft/plusOp_carry_i_1
INFO: [Physopt 32-662] Processed net U_adder_top/U_flicker/dma/awvalid1_carry_i_6_n_0.  Did not re-place instance U_adder_top/U_flicker/dma/awvalid1_carry_i_6
INFO: [Physopt 32-662] Processed net U0_ps_ai_peripheral/ZGolo/u_AI_Mate_top/ddr_witcn_u0/mna_idfifo_w5_u0/U0/inst_fifo_gen/gconvfifo.rf/grf.rf/gntv_or_sync_fifo.gl0.wr/gwss.gpf.wrpf/diff_pntr_pad[10].  Did not re-place instance U0_ps_ai_peripheral/ZGolo/u_AI_Mate_top/ddr_witcn_u0/mna_idfifo_w5_u0/U0/inst_fifo_gen/gconvfifo.rf/grf.rf/gntv_or_sync_fifo.gl0.wr/gwss.gpf.wrpf/gdiff.gcry_1_sym.diff_pntr_pad_reg[10]
INFO: [Physopt 32-662] Processed net U0_ps_ai_peripheral/ZGolo/u_AI_Mate_top/U0_ddr2hp_itcn/U0_dmux4/U3_aw_axi_fifo/w616d64_fifo.U0_w616d64_fifo/U0/inst_fifo_gen/gconvfifo.rf/grf.rf/gntv_or_sync_fifo.mem/dout[156].  Did not re-place instance U0_ps_ai_peripheral/ZGolo/u_AI_Mate_top/U0_ddr2hp_itcn/U0_dmux4/U3_aw_axi_fifo/w616d64_fifo.U0_w616d64_fifo/U0/inst_fifo_gen/gconvfifo.rf/grf.rf/gntv_or_sync_fifo.mem/goreg_bm.dout_i_reg[156]
INFO: [Physopt 32-662] Processed net U0_ps_ai_peripheral/ZGolo/u_AI_Mate_top/U0_ddr2hp_itcn/U0_dmux4/U3_aw_axi_fifo/w616d64_fifo.U0_w616d64_fifo/U0/inst_fifo_gen/gconvfifo.rf/grf.rf/gntv_or_sync_fifo.mem/dout[324].  Did not re-place instance U0_ps_ai_peripheral/ZGolo/u_AI_Mate_top/U0_ddr2hp_itcn/U0_dmux4/U3_aw_axi_fifo/w616d64_fifo.U0_w616d64_fifo/U0/inst_fifo_gen/gconvfifo.rf/grf.rf/gntv_or_sync_fifo.mem/goreg_bm.dout_i_reg[324]
INFO: [Physopt 32-662] Processed net U0_ps_ai_peripheral/ZGolo/u_AI_Mate_top/U0_ddr2hp_itcn/U0_dmux4/U3_aw_axi_fifo/w616d64_fifo.U0_w616d64_fifo/U0/inst_fifo_gen/gconvfifo.rf/grf.rf/gntv_or_sync_fifo.mem/dout[326].  Did not re-place instance U0_ps_ai_peripheral/ZGolo/u_AI_Mate_top/U0_ddr2hp_itcn/U0_dmux4/U3_aw_axi_fifo/w616d64_fifo.U0_w616d64_fifo/U0/inst_fifo_gen/gconvfifo.rf/grf.rf/gntv_or_sync_fifo.mem/goreg_bm.dout_i_reg[326]
INFO: [Physopt 32-662] Processed net U0_ps_ai_peripheral/ZGolo/u_AI_Mate_top/U0_ddr2hp_itcn/U0_dmux4/U3_aw_axi_fifo/w616d64_fifo.U0_w616d64_fifo/U0/inst_fifo_gen/gconvfifo.rf/grf.rf/gntv_or_sync_fifo.mem/dout[338].  Did not re-place instance U0_ps_ai_peripheral/ZGolo/u_AI_Mate_top/U0_ddr2hp_itcn/U0_dmux4/U3_aw_axi_fifo/w616d64_fifo.U0_w616d64_fifo/U0/inst_fifo_gen/gconvfifo.rf/grf.rf/gntv_or_sync_fifo.mem/goreg_bm.dout_i_reg[338]
INFO: [Physopt 32-662] Processed net U0_ps_ai_peripheral/ZGolo/u_AI_Mate_top/U0_ddr2hp_itcn/U0_dmux4/U3_aw_axi_fifo/w616d64_fifo.U0_w616d64_fifo/U0/inst_fifo_gen/gconvfifo.rf/grf.rf/gntv_or_sync_fifo.mem/dout[380].  Did not re-place instance U0_ps_ai_peripheral/ZGolo/u_AI_Mate_top/U0_ddr2hp_itcn/U0_dmux4/U3_aw_axi_fifo/w616d64_fifo.U0_w616d64_fifo/U0/inst_fifo_gen/gconvfifo.rf/grf.rf/gntv_or_sync_fifo.mem/goreg_bm.dout_i_reg[380]
INFO: [Physopt 32-662] Processed net U0_ps_ai_peripheral/ZGolo/u_AI_Mate_top/U0_ddr2hp_itcn/U0_dmux4/U3_aw_axi_fifo/w616d64_fifo.U0_w616d64_fifo/U0/inst_fifo_gen/gconvfifo.rf/grf.rf/gntv_or_sync_fifo.mem/dout[382].  Did not re-place instance U0_ps_ai_peripheral/ZGolo/u_AI_Mate_top/U0_ddr2hp_itcn/U0_dmux4/U3_aw_axi_fifo/w616d64_fifo.U0_w616d64_fifo/U0/inst_fifo_gen/gconvfifo.rf/grf.rf/gntv_or_sync_fifo.mem/goreg_bm.dout_i_reg[382]
INFO: [Physopt 32-662] Processed net U0_ps_ai_peripheral/ZGolo/u_AI_Mate_top/U0_ddr2hp_itcn/U0_dmux4/U3_aw_axi_fifo/w616d64_fifo.U0_w616d64_fifo/U0/inst_fifo_gen/gconvfifo.rf/grf.rf/gntv_or_sync_fifo.mem/dout[390].  Did not re-place instance U0_ps_ai_peripheral/ZGolo/u_AI_Mate_top/U0_ddr2hp_itcn/U0_dmux4/U3_aw_axi_fifo/w616d64_fifo.U0_w616d64_fifo/U0/inst_fifo_gen/gconvfifo.rf/grf.rf/gntv_or_sync_fifo.mem/goreg_bm.dout_i_reg[390]
INFO: [Physopt 32-662] Processed net U0_ps_ai_peripheral/ZGolo/u_AI_Mate_top/U0_ddr2hp_itcn/U0_dmux4/U3_aw_axi_fifo/w616d64_fifo.U0_w616d64_fifo/U0/inst_fifo_gen/gconvfifo.rf/grf.rf/gntv_or_sync_fifo.mem/dout[596].  Did not re-place instance U0_ps_ai_peripheral/ZGolo/u_AI_Mate_top/U0_ddr2hp_itcn/U0_dmux4/U3_aw_axi_fifo/w616d64_fifo.U0_w616d64_fifo/U0/inst_fifo_gen/gconvfifo.rf/grf.rf/gntv_or_sync_fifo.mem/goreg_bm.dout_i_reg[596]
INFO: [Physopt 32-663] Processed net U0_ps_ai_peripheral/frame_to_ps_inst0/frame_read_write_m0/D[7].  Re-placed instance U0_ps_ai_peripheral/frame_to_ps_inst0/frame_read_write_m0/vout_data_r[7]_i_1
INFO: [Physopt 32-662] Processed net U0_ps_ai_peripheral/frame_to_ps_inst0/frame_read_write_m0/read_buf/U0/inst_fifo_gen/gconvfifo.rf/grf.rf/gntv_or_sync_fifo.mem/gbm.gbmg.gbmga.ngecc.bmg/inst_blk_mem_gen/gnbram.gnativebmg.native_blk_mem_gen/valid.cstr/has_mux_b.B/dout[7].  Did not re-place instance U0_ps_ai_peripheral/frame_to_ps_inst0/frame_read_write_m0/read_buf/U0/inst_fifo_gen/gconvfifo.rf/grf.rf/gntv_or_sync_fifo.mem/gbm.gbmg.gbmga.ngecc.bmg/inst_blk_mem_gen/gnbram.gnativebmg.native_blk_mem_gen/valid.cstr/has_mux_b.B/dout[7]_INST_0
INFO: [Physopt 32-662] Processed net U0_ps_ai_peripheral/frame_to_ps_inst0/frame_read_write_m0/read_buf/U0/inst_fifo_gen/gconvfifo.rf/grf.rf/gntv_or_sync_fifo.mem/gbm.gbmg.gbmga.ngecc.bmg/inst_blk_mem_gen/gnbram.gnativebmg.native_blk_mem_gen/valid.cstr/has_mux_b.B/dout[7]_INST_0_i_8_n_0.  Did not re-place instance U0_ps_ai_peripheral/frame_to_ps_inst0/frame_read_write_m0/read_buf/U0/inst_fifo_gen/gconvfifo.rf/grf.rf/gntv_or_sync_fifo.mem/gbm.gbmg.gbmga.ngecc.bmg/inst_blk_mem_gen/gnbram.gnativebmg.native_blk_mem_gen/valid.cstr/has_mux_b.B/dout[7]_INST_0_i_8
INFO: [Physopt 32-662] Processed net U0_ps_ai_peripheral/frame_to_ps_inst0/video_rect_read_data_m0/Q[7].  Did not re-place instance U0_ps_ai_peripheral/frame_to_ps_inst0/video_rect_read_data_m0/vout_data_r_reg[7]
INFO: [Physopt 32-662] Processed net U0_ps_ai_peripheral/frame_to_ps_inst0/frame_read_write_m0/D[8].  Did not re-place instance U0_ps_ai_peripheral/frame_to_ps_inst0/frame_read_write_m0/vout_data_r[8]_i_1
INFO: [Physopt 32-662] Processed net U0_ps_ai_peripheral/frame_to_ps_inst0/frame_read_write_m0/read_buf/U0/inst_fifo_gen/gconvfifo.rf/grf.rf/gntv_or_sync_fifo.mem/gbm.gbmg.gbmga.ngecc.bmg/inst_blk_mem_gen/gnbram.gnativebmg.native_blk_mem_gen/valid.cstr/has_mux_b.B/dout[8].  Did not re-place instance U0_ps_ai_peripheral/frame_to_ps_inst0/frame_read_write_m0/read_buf/U0/inst_fifo_gen/gconvfifo.rf/grf.rf/gntv_or_sync_fifo.mem/gbm.gbmg.gbmga.ngecc.bmg/inst_blk_mem_gen/gnbram.gnativebmg.native_blk_mem_gen/valid.cstr/has_mux_b.B/dout[8]_INST_0
INFO: [Physopt 32-662] Processed net U0_ps_ai_peripheral/frame_to_ps_inst0/frame_read_write_m0/read_buf/U0/inst_fifo_gen/gconvfifo.rf/grf.rf/gntv_or_sync_fifo.mem/gbm.gbmg.gbmga.ngecc.bmg/inst_blk_mem_gen/gnbram.gnativebmg.native_blk_mem_gen/valid.cstr/has_mux_b.B/dout[8]_INST_0_i_8_n_0.  Did not re-place instance U0_ps_ai_peripheral/frame_to_ps_inst0/frame_read_write_m0/read_buf/U0/inst_fifo_gen/gconvfifo.rf/grf.rf/gntv_or_sync_fifo.mem/gbm.gbmg.gbmga.ngecc.bmg/inst_blk_mem_gen/gnbram.gnativebmg.native_blk_mem_gen/valid.cstr/has_mux_b.B/dout[8]_INST_0_i_8
INFO: [Physopt 32-662] Processed net U0_ps_ai_peripheral/frame_to_ps_inst0/video_rect_read_data_m0/Q[8].  Did not re-place instance U0_ps_ai_peripheral/frame_to_ps_inst0/video_rect_read_data_m0/vout_data_r_reg[8]
INFO: [Physopt 32-663] Processed net U0_ps_ai_peripheral/ZGolo/u_AI_Mate_top/buyi_icore_post_top_u0/icore_post_top_u0/data_prefetch_u0/gt_th_num[24].  Re-placed instance U0_ps_ai_peripheral/ZGolo/u_AI_Mate_top/buyi_icore_post_top_u0/icore_post_top_u0/data_prefetch_u0/gt_th_num_reg[24]
INFO: [Physopt 32-663] Processed net U0_ps_ai_peripheral/ZGolo/u_AI_Mate_top/buyi_icore_post_top_u0/icore_post_top_u0/data_prefetch_u0/gt_th_num[25].  Re-placed instance U0_ps_ai_peripheral/ZGolo/u_AI_Mate_top/buyi_icore_post_top_u0/icore_post_top_u0/data_prefetch_u0/gt_th_num_reg[25]
INFO: [Physopt 32-663] Processed net U0_ps_ai_peripheral/ZGolo/u_AI_Mate_top/buyi_icore_post_top_u0/icore_post_top_u0/data_prefetch_u0/gt_th_num[26].  Re-placed instance U0_ps_ai_peripheral/ZGolo/u_AI_Mate_top/buyi_icore_post_top_u0/icore_post_top_u0/data_prefetch_u0/gt_th_num_reg[26]
INFO: [Physopt 32-663] Processed net U0_ps_ai_peripheral/ZGolo/u_AI_Mate_top/buyi_icore_post_top_u0/icore_post_top_u0/data_prefetch_u0/gt_th_num[27].  Re-placed instance U0_ps_ai_peripheral/ZGolo/u_AI_Mate_top/buyi_icore_post_top_u0/icore_post_top_u0/data_prefetch_u0/gt_th_num_reg[27]
INFO: [Physopt 32-662] Processed net U0_ps_ai_peripheral/ZGolo/u_AI_Mate_top/U0_ddr2hp_itcn/U0_dmux4/U3_aw_axi_fifo/w616d64_fifo.U0_w616d64_fifo/U0/inst_fifo_gen/gconvfifo.rf/grf.rf/gntv_or_sync_fifo.mem/dout[218].  Did not re-place instance U0_ps_ai_peripheral/ZGolo/u_AI_Mate_top/U0_ddr2hp_itcn/U0_dmux4/U3_aw_axi_fifo/w616d64_fifo.U0_w616d64_fifo/U0/inst_fifo_gen/gconvfifo.rf/grf.rf/gntv_or_sync_fifo.mem/goreg_bm.dout_i_reg[218]
INFO: [Physopt 32-662] Processed net U0_ps_ai_peripheral/ZGolo/u_AI_Mate_top/U0_ddr2hp_itcn/U0_dmux4/U3_aw_axi_fifo/w616d64_fifo.U0_w616d64_fifo/U0/inst_fifo_gen/gconvfifo.rf/grf.rf/gntv_or_sync_fifo.mem/dout[367].  Did not re-place instance U0_ps_ai_peripheral/ZGolo/u_AI_Mate_top/U0_ddr2hp_itcn/U0_dmux4/U3_aw_axi_fifo/w616d64_fifo.U0_w616d64_fifo/U0/inst_fifo_gen/gconvfifo.rf/grf.rf/gntv_or_sync_fifo.mem/goreg_bm.dout_i_reg[367]
INFO: [Physopt 32-662] Processed net U0_ps_ai_peripheral/ZGolo/u_AI_Mate_top/U0_ddr2hp_itcn/U0_dmux4/U3_aw_axi_fifo/w616d64_fifo.U0_w616d64_fifo/U0/inst_fifo_gen/gconvfifo.rf/grf.rf/gntv_or_sync_fifo.mem/dout[433].  Did not re-place instance U0_ps_ai_peripheral/ZGolo/u_AI_Mate_top/U0_ddr2hp_itcn/U0_dmux4/U3_aw_axi_fifo/w616d64_fifo.U0_w616d64_fifo/U0/inst_fifo_gen/gconvfifo.rf/grf.rf/gntv_or_sync_fifo.mem/goreg_bm.dout_i_reg[433]
INFO: [Physopt 32-662] Processed net U0_ps_ai_peripheral/ZGolo/u_AI_Mate_top/U0_ddr2hp_itcn/U0_dmux4/U3_aw_axi_fifo/w616d64_fifo.U0_w616d64_fifo/U0/inst_fifo_gen/gconvfifo.rf/grf.rf/gntv_or_sync_fifo.mem/dout[490].  Did not re-place instance U0_ps_ai_peripheral/ZGolo/u_AI_Mate_top/U0_ddr2hp_itcn/U0_dmux4/U3_aw_axi_fifo/w616d64_fifo.U0_w616d64_fifo/U0/inst_fifo_gen/gconvfifo.rf/grf.rf/gntv_or_sync_fifo.mem/goreg_bm.dout_i_reg[490]
INFO: [Physopt 32-662] Processed net U0_ps_ai_peripheral/frame_to_ps_inst0/level_cross_u0/a1_clk1_d2.  Did not re-place instance U0_ps_ai_peripheral/frame_to_ps_inst0/level_cross_u0/a1_clk1_d2_reg
INFO: [Physopt 32-662] Processed net U0_ps_ai_peripheral/frame_to_ps_inst0/level_cross_u0/a2_clk2_t1.  Did not re-place instance U0_ps_ai_peripheral/frame_to_ps_inst0/level_cross_u0/a2_clk2_t1_reg
INFO: [Physopt 32-663] Processed net U0_ps_ai_peripheral/ZGolo/u_AI_Mate_top/buyi_icore_post_top_u0/m_rdata[282].  Re-placed instance U0_ps_ai_peripheral/ZGolo/u_AI_Mate_top/buyi_icore_post_top_u0/r_converter_u0/data_joint_u0/avr_frs_r_u0/s_data_reg[282]
INFO: [Physopt 32-662] Processed net U0_ps_ai_peripheral/ZGolo/u_AI_Mate_top/buyi_icore_post_top_u0/icore_post_top_u0/data_prefetch_u0/sub_comb[17]_i_20_n_0.  Did not re-place instance U0_ps_ai_peripheral/ZGolo/u_AI_Mate_top/buyi_icore_post_top_u0/icore_post_top_u0/data_prefetch_u0/sub_comb[17]_i_20
INFO: [Physopt 32-662] Processed net U0_ps_ai_peripheral/ZGolo/u_AI_Mate_top/U0_ddr2hp_itcn/U0_dmux4/U3_aw_axi_fifo/w616d64_fifo.U0_w616d64_fifo/U0/inst_fifo_gen/gconvfifo.rf/grf.rf/gntv_or_sync_fifo.mem/dout[415].  Did not re-place instance U0_ps_ai_peripheral/ZGolo/u_AI_Mate_top/U0_ddr2hp_itcn/U0_dmux4/U3_aw_axi_fifo/w616d64_fifo.U0_w616d64_fifo/U0/inst_fifo_gen/gconvfifo.rf/grf.rf/gntv_or_sync_fifo.mem/goreg_bm.dout_i_reg[415]
INFO: [Physopt 32-662] Processed net U0_ps_ai_peripheral/ZGolo/u_AI_Mate_top/U0_ddr2hp_itcn/U0_dmux4/U3_aw_axi_fifo/w616d64_fifo.U0_w616d64_fifo/U0/inst_fifo_gen/gconvfifo.rf/grf.rf/gntv_or_sync_fifo.mem/dout[473].  Did not re-place instance U0_ps_ai_peripheral/ZGolo/u_AI_Mate_top/U0_ddr2hp_itcn/U0_dmux4/U3_aw_axi_fifo/w616d64_fifo.U0_w616d64_fifo/U0/inst_fifo_gen/gconvfifo.rf/grf.rf/gntv_or_sync_fifo.mem/goreg_bm.dout_i_reg[473]
INFO: [Physopt 32-662] Processed net U0_ps_ai_peripheral/ZGolo/u_AI_Mate_top/U0_ddr2hp_itcn/U0_dmux4/U3_aw_axi_fifo/w616d64_fifo.U0_w616d64_fifo/U0/inst_fifo_gen/gconvfifo.rf/grf.rf/gntv_or_sync_fifo.mem/dout[545].  Did not re-place instance U0_ps_ai_peripheral/ZGolo/u_AI_Mate_top/U0_ddr2hp_itcn/U0_dmux4/U3_aw_axi_fifo/w616d64_fifo.U0_w616d64_fifo/U0/inst_fifo_gen/gconvfifo.rf/grf.rf/gntv_or_sync_fifo.mem/goreg_bm.dout_i_reg[545]
INFO: [Physopt 32-662] Processed net U0_ps_ai_peripheral/ZGolo/u_AI_Mate_top/U0_ddr2hp_itcn/U0_dmux4/U3_aw_axi_fifo/w616d64_fifo.U0_w616d64_fifo/U0/inst_fifo_gen/gconvfifo.rf/grf.rf/gntv_or_sync_fifo.mem/dout[591].  Did not re-place instance U0_ps_ai_peripheral/ZGolo/u_AI_Mate_top/U0_ddr2hp_itcn/U0_dmux4/U3_aw_axi_fifo/w616d64_fifo.U0_w616d64_fifo/U0/inst_fifo_gen/gconvfifo.rf/grf.rf/gntv_or_sync_fifo.mem/goreg_bm.dout_i_reg[591]
INFO: [Physopt 32-662] Processed net U_adder_top/U_flicker/dma/awvalid1_carry_i_2_n_0.  Did not re-place instance U_adder_top/U_flicker/dma/awvalid1_carry_i_2
INFO: [Physopt 32-662] Processed net U_adder_top/U_flicker/dma/requested[0]_i_1_n_0_repN.  Did not re-place instance U_adder_top/U_flicker/dma/requested[0]_i_1_replica
INFO: [Physopt 32-662] Processed net U_adder_top/U_flicker/dma/UserCustomOp_0_arvalid.  Did not re-place instance U_adder_top/U_flicker/dma/ZGolo_i_580
INFO: [Physopt 32-663] Processed net U_adder_top/U_flicker/dma/ni[5].  Re-placed instance U_adder_top/U_flicker/dma/ni_reg[5]
INFO: [Physopt 32-663] Processed net U_adder_top/U_flicker/dma/requested_reg[10].  Re-placed instance U_adder_top/U_flicker/dma/requested_reg[10]
INFO: [Physopt 32-663] Processed net U_adder_top/U_flicker/dma/requested_reg[11].  Re-placed instance U_adder_top/U_flicker/dma/requested_reg[11]
INFO: [Physopt 32-663] Processed net U_adder_top/U_flicker/dma/requested_reg[9].  Re-placed instance U_adder_top/U_flicker/dma/requested_reg[9]
INFO: [Physopt 32-662] Processed net U_adder_top/U_flicker/dma/outstanding.  Did not re-place instance U_adder_top/U_flicker/dma/requested[0]_i_3
INFO: [Physopt 32-663] Processed net U0_ps_ai_peripheral/ZGolo/UserCustomOp_0_arready.  Re-placed instance U0_ps_ai_peripheral/ZGolo/UserCustomOp_0_arready_INST_0
INFO: [Physopt 32-662] Processed net U0_ps_ai_peripheral/ZGolo/UserCustomOp_0_arready_INST_0_i_1_n_0.  Did not re-place instance U0_ps_ai_peripheral/ZGolo/UserCustomOp_0_arready_INST_0_i_1
INFO: [Physopt 32-663] Processed net U0_ps_ai_peripheral/arready0.  Re-placed instance U0_ps_ai_peripheral/requested[0]_i_9
INFO: [Physopt 32-662] Processed net U_adder_top/U_flicker/dma/arvalid2_carry_i_6_n_0.  Did not re-place instance U_adder_top/U_flicker/dma/arvalid2_carry_i_6
INFO: [Physopt 32-662] Processed net U_adder_top/U_flicker/dma/farv.  Did not re-place instance U_adder_top/U_flicker/dma/ZGolo_i_584
INFO: [Physopt 32-663] Processed net U_adder_top/U_flicker/dma/requested_reg[8].  Re-placed instance U_adder_top/U_flicker/dma/requested_reg[8]
INFO: [Physopt 32-662] Processed net U0_ps_ai_peripheral/frame_to_ps_inst0/frame_read_write_m0/D[15].  Did not re-place instance U0_ps_ai_peripheral/frame_to_ps_inst0/frame_read_write_m0/vout_data_r[15]_i_1
INFO: [Physopt 32-662] Processed net U0_ps_ai_peripheral/frame_to_ps_inst0/frame_read_write_m0/read_buf/U0/inst_fifo_gen/gconvfifo.rf/grf.rf/gntv_or_sync_fifo.mem/gbm.gbmg.gbmga.ngecc.bmg/inst_blk_mem_gen/gnbram.gnativebmg.native_blk_mem_gen/valid.cstr/has_mux_b.B/dout[15].  Did not re-place instance U0_ps_ai_peripheral/frame_to_ps_inst0/frame_read_write_m0/read_buf/U0/inst_fifo_gen/gconvfifo.rf/grf.rf/gntv_or_sync_fifo.mem/gbm.gbmg.gbmga.ngecc.bmg/inst_blk_mem_gen/gnbram.gnativebmg.native_blk_mem_gen/valid.cstr/has_mux_b.B/dout[15]_INST_0
INFO: [Physopt 32-662] Processed net U0_ps_ai_peripheral/frame_to_ps_inst0/frame_read_write_m0/read_buf/U0/inst_fifo_gen/gconvfifo.rf/grf.rf/gntv_or_sync_fifo.mem/gbm.gbmg.gbmga.ngecc.bmg/inst_blk_mem_gen/gnbram.gnativebmg.native_blk_mem_gen/valid.cstr/has_mux_b.B/dout[15]_INST_0_i_7_n_0.  Did not re-place instance U0_ps_ai_peripheral/frame_to_ps_inst0/frame_read_write_m0/read_buf/U0/inst_fifo_gen/gconvfifo.rf/grf.rf/gntv_or_sync_fifo.mem/gbm.gbmg.gbmga.ngecc.bmg/inst_blk_mem_gen/gnbram.gnativebmg.native_blk_mem_gen/valid.cstr/has_mux_b.B/dout[15]_INST_0_i_7
INFO: [Physopt 32-662] Processed net U0_ps_ai_peripheral/frame_to_ps_inst0/video_rect_read_data_m0/Q[15].  Did not re-place instance U0_ps_ai_peripheral/frame_to_ps_inst0/video_rect_read_data_m0/vout_data_r_reg[15]
INFO: [Physopt 32-663] Processed net U_adder_top/U_flicker/dma/writes[0].  Re-placed instance U_adder_top/U_flicker/dma/write_count_reg[0]
INFO: [Physopt 32-662] Processed net U_adder_top/U_flicker/dma/awvalid1_carry_i_8_n_0.  Did not re-place instance U_adder_top/U_flicker/dma/awvalid1_carry_i_8
INFO: [Physopt 32-663] Processed net U0_ps_ai_peripheral/ZGolo/u_AI_Mate_top/U0_ddr2hp_itcn/u0_r_cdc_fifo_ddr/u0_cdc_fifo_r_544/U0/inst_fifo_gen/gconvfifo.rf/grf.rf/gntv_or_sync_fifo.gl0.wr/wpntr/grstd1.grst_full.grst_f.rst_d3_reg.  Re-placed instance U0_ps_ai_peripheral/ZGolo/u_AI_Mate_top/U0_ddr2hp_itcn/u0_r_cdc_fifo_ddr/u0_cdc_fifo_r_544/U0/inst_fifo_gen/gconvfifo.rf/grf.rf/gntv_or_sync_fifo.gl0.wr/wpntr/ram_full_i_i_1
INFO: [Physopt 32-663] Processed net U0_ps_ai_peripheral/ZGolo/u_AI_Mate_top/U0_ddr2hp_itcn/u0_r_cdc_fifo_ddr/u0_cdc_fifo_r_544/U0/inst_fifo_gen/gconvfifo.rf/grf.rf/gntv_or_sync_fifo.gl0.wr/gwas.wsts/E[0].  Re-placed instance U0_ps_ai_peripheral/ZGolo/u_AI_Mate_top/U0_ddr2hp_itcn/u0_r_cdc_fifo_ddr/u0_cdc_fifo_r_544/U0/inst_fifo_gen/gconvfifo.rf/grf.rf/gntv_or_sync_fifo.gl0.wr/gwas.wsts/gic0.gc0.count_d1[3]_i_1
INFO: [Physopt 32-662] Processed net U0_ps_ai_peripheral/ZGolo/u_AI_Mate_top/U0_ddr2hp_itcn/u0_cdc_fifo_r_544_i_2_n_0.  Did not re-place instance U0_ps_ai_peripheral/ZGolo/u_AI_Mate_top/U0_ddr2hp_itcn/u0_cdc_fifo_r_544_i_2
INFO: [Physopt 32-662] Processed net U0_ps_ai_peripheral/ZGolo/u_AI_Mate_top/U0_ddr2hp_itcn/U0_dmux4/U1_r_axi_fifo/U0_xpm_fifo_sync_wrapper/xpm_fifo_sync_inst/xpm_fifo_base_inst/empty.  Did not re-place instance U0_ps_ai_peripheral/ZGolo/u_AI_Mate_top/U0_ddr2hp_itcn/U0_dmux4/U1_r_axi_fifo/U0_xpm_fifo_sync_wrapper/xpm_fifo_sync_inst/xpm_fifo_base_inst/gen_fwft.empty_fwft_i_reg
INFO: [Physopt 32-663] Processed net U0_ps_ai_peripheral/ZGolo/u_AI_Mate_top/U0_ddr2hp_itcn/U0_dmux4/debug_m_ddr_rd_itf_rvalid.  Re-placed instance U0_ps_ai_peripheral/ZGolo/u_AI_Mate_top/U0_ddr2hp_itcn/U0_dmux4/m_ddr_rd_itf\\.rvalid_INST_0
INFO: [Physopt 32-663] Processed net U0_ps_ai_peripheral/ZGolo/u_AI_Mate_top/U0_ddr2hp_itcn/U0_dmux4/U3_r_axi_fifo/U0_xpm_fifo_sync_wrapper/xpm_fifo_sync_inst/xpm_fifo_base_inst/gen_sdpram.xpm_memory_base_inst/gen_wr_a.gen_word_narrow.mem_reg_1_REGCEAREGCE_cooolgate_en_sig_97.  Re-placed instance U0_ps_ai_peripheral/ZGolo/u_AI_Mate_top/U0_ddr2hp_itcn/U0_dmux4/U3_r_axi_fifo/U0_xpm_fifo_sync_wrapper/xpm_fifo_sync_inst/xpm_fifo_base_inst/gen_sdpram.xpm_memory_base_inst/gen_wr_a.gen_word_narrow.mem_reg_1_REGCEAREGCE_cooolgate_en_gate_161
INFO: [Physopt 32-663] Processed net U_adder_top/U_flicker/dma/requested_reg[0].  Re-placed instance U_adder_top/U_flicker/dma/requested_reg[0]
INFO: [Physopt 32-663] Processed net U_adder_top/U_flicker/dma/requested_reg[1].  Re-placed instance U_adder_top/U_flicker/dma/requested_reg[1]
INFO: [Physopt 32-663] Processed net U_adder_top/U_flicker/dma/requested_reg[2].  Re-placed instance U_adder_top/U_flicker/dma/requested_reg[2]
INFO: [Physopt 32-663] Processed net U_adder_top/U_flicker/dma/requested_reg[3].  Re-placed instance U_adder_top/U_flicker/dma/requested_reg[3]
INFO: [Physopt 32-662] Processed net U0_ps_ai_peripheral/ZGolo/u_AI_Mate_top/U0_ddr2hp_itcn/U0_dmux4/U3_aw_axi_fifo/w616d64_fifo.U0_w616d64_fifo/U0/inst_fifo_gen/gconvfifo.rf/grf.rf/gntv_or_sync_fifo.mem/dout[158].  Did not re-place instance U0_ps_ai_peripheral/ZGolo/u_AI_Mate_top/U0_ddr2hp_itcn/U0_dmux4/U3_aw_axi_fifo/w616d64_fifo.U0_w616d64_fifo/U0/inst_fifo_gen/gconvfifo.rf/grf.rf/gntv_or_sync_fifo.mem/goreg_bm.dout_i_reg[158]
INFO: [Physopt 32-662] Processed net U0_ps_ai_peripheral/ZGolo/u_AI_Mate_top/U0_ddr2hp_itcn/U0_dmux4/U3_aw_axi_fifo/w616d64_fifo.U0_w616d64_fifo/U0/inst_fifo_gen/gconvfifo.rf/grf.rf/gntv_or_sync_fifo.mem/dout[306].  Did not re-place instance U0_ps_ai_peripheral/ZGolo/u_AI_Mate_top/U0_ddr2hp_itcn/U0_dmux4/U3_aw_axi_fifo/w616d64_fifo.U0_w616d64_fifo/U0/inst_fifo_gen/gconvfifo.rf/grf.rf/gntv_or_sync_fifo.mem/goreg_bm.dout_i_reg[306]
INFO: [Physopt 32-662] Processed net U0_ps_ai_peripheral/ZGolo/u_AI_Mate_top/U0_ddr2hp_itcn/U0_dmux4/U3_aw_axi_fifo/w616d64_fifo.U0_w616d64_fifo/U0/inst_fifo_gen/gconvfifo.rf/grf.rf/gntv_or_sync_fifo.mem/dout[402].  Did not re-place instance U0_ps_ai_peripheral/ZGolo/u_AI_Mate_top/U0_ddr2hp_itcn/U0_dmux4/U3_aw_axi_fifo/w616d64_fifo.U0_w616d64_fifo/U0/inst_fifo_gen/gconvfifo.rf/grf.rf/gntv_or_sync_fifo.mem/goreg_bm.dout_i_reg[402]
INFO: [Physopt 32-662] Processed net U0_ps_ai_peripheral/ZGolo/u_AI_Mate_top/U0_ddr2hp_itcn/U0_dmux4/U3_aw_axi_fifo/w616d64_fifo.U0_w616d64_fifo/U0/inst_fifo_gen/gconvfifo.rf/grf.rf/gntv_or_sync_fifo.mem/dout[421].  Did not re-place instance U0_ps_ai_peripheral/ZGolo/u_AI_Mate_top/U0_ddr2hp_itcn/U0_dmux4/U3_aw_axi_fifo/w616d64_fifo.U0_w616d64_fifo/U0/inst_fifo_gen/gconvfifo.rf/grf.rf/gntv_or_sync_fifo.mem/goreg_bm.dout_i_reg[421]
INFO: [Physopt 32-662] Processed net U0_ps_ai_peripheral/ZGolo/u_AI_Mate_top/U0_ddr2hp_itcn/U0_dmux4/U3_aw_axi_fifo/w616d64_fifo.U0_w616d64_fifo/U0/inst_fifo_gen/gconvfifo.rf/grf.rf/gntv_or_sync_fifo.mem/dout[426].  Did not re-place instance U0_ps_ai_peripheral/ZGolo/u_AI_Mate_top/U0_ddr2hp_itcn/U0_dmux4/U3_aw_axi_fifo/w616d64_fifo.U0_w616d64_fifo/U0/inst_fifo_gen/gconvfifo.rf/grf.rf/gntv_or_sync_fifo.mem/goreg_bm.dout_i_reg[426]
INFO: [Physopt 32-662] Processed net U0_ps_ai_peripheral/ZGolo/u_AI_Mate_top/U0_ddr2hp_itcn/U0_dmux4/U3_aw_axi_fifo/w616d64_fifo.U0_w616d64_fifo/U0/inst_fifo_gen/gconvfifo.rf/grf.rf/gntv_or_sync_fifo.mem/dout[485].  Did not re-place instance U0_ps_ai_peripheral/ZGolo/u_AI_Mate_top/U0_ddr2hp_itcn/U0_dmux4/U3_aw_axi_fifo/w616d64_fifo.U0_w616d64_fifo/U0/inst_fifo_gen/gconvfifo.rf/grf.rf/gntv_or_sync_fifo.mem/goreg_bm.dout_i_reg[485]
INFO: [Physopt 32-662] Processed net U0_ps_ai_peripheral/ZGolo/u_AI_Mate_top/U0_ddr2hp_itcn/U0_dmux4/U3_aw_axi_fifo/w616d64_fifo.U0_w616d64_fifo/U0/inst_fifo_gen/gconvfifo.rf/grf.rf/gntv_or_sync_fifo.mem/dout[77].  Did not re-place instance U0_ps_ai_peripheral/ZGolo/u_AI_Mate_top/U0_ddr2hp_itcn/U0_dmux4/U3_aw_axi_fifo/w616d64_fifo.U0_w616d64_fifo/U0/inst_fifo_gen/gconvfifo.rf/grf.rf/gntv_or_sync_fifo.mem/goreg_bm.dout_i_reg[77]
INFO: [Physopt 32-663] Processed net U0_ps_ai_peripheral/ZGolo/u_AI_Mate_top/U0_ddr2hp_itcn/U0_dmux4/U3_aw_axi_fifo/w616d64_fifo.U0_w616d64_fifo/U0/inst_fifo_gen/gconvfifo.rf/grf.rf/gntv_or_sync_fifo.mem/dout[192].  Re-placed instance U0_ps_ai_peripheral/ZGolo/u_AI_Mate_top/U0_ddr2hp_itcn/U0_dmux4/U3_aw_axi_fifo/w616d64_fifo.U0_w616d64_fifo/U0/inst_fifo_gen/gconvfifo.rf/grf.rf/gntv_or_sync_fifo.mem/goreg_bm.dout_i_reg[192]
INFO: [Physopt 32-662] Processed net U0_ps_ai_peripheral/ZGolo/u_AI_Mate_top/U0_ddr2hp_itcn/U0_dmux4/U3_aw_axi_fifo/w616d64_fifo.U0_w616d64_fifo/U0/inst_fifo_gen/gconvfifo.rf/grf.rf/gntv_or_sync_fifo.mem/dout[197].  Did not re-place instance U0_ps_ai_peripheral/ZGolo/u_AI_Mate_top/U0_ddr2hp_itcn/U0_dmux4/U3_aw_axi_fifo/w616d64_fifo.U0_w616d64_fifo/U0/inst_fifo_gen/gconvfifo.rf/grf.rf/gntv_or_sync_fifo.mem/goreg_bm.dout_i_reg[197]
INFO: [Physopt 32-662] Processed net U0_ps_ai_peripheral/ZGolo/u_AI_Mate_top/U0_ddr2hp_itcn/U0_dmux4/U3_aw_axi_fifo/w616d64_fifo.U0_w616d64_fifo/U0/inst_fifo_gen/gconvfifo.rf/grf.rf/gntv_or_sync_fifo.mem/dout[278].  Did not re-place instance U0_ps_ai_peripheral/ZGolo/u_AI_Mate_top/U0_ddr2hp_itcn/U0_dmux4/U3_aw_axi_fifo/w616d64_fifo.U0_w616d64_fifo/U0/inst_fifo_gen/gconvfifo.rf/grf.rf/gntv_or_sync_fifo.mem/goreg_bm.dout_i_reg[278]
INFO: [Physopt 32-662] Processed net U0_ps_ai_peripheral/ZGolo/u_AI_Mate_top/U0_ddr2hp_itcn/U0_dmux4/U3_aw_axi_fifo/w616d64_fifo.U0_w616d64_fifo/U0/inst_fifo_gen/gconvfifo.rf/grf.rf/gntv_or_sync_fifo.mem/dout[328].  Did not re-place instance U0_ps_ai_peripheral/ZGolo/u_AI_Mate_top/U0_ddr2hp_itcn/U0_dmux4/U3_aw_axi_fifo/w616d64_fifo.U0_w616d64_fifo/U0/inst_fifo_gen/gconvfifo.rf/grf.rf/gntv_or_sync_fifo.mem/goreg_bm.dout_i_reg[328]
INFO: [Physopt 32-662] Processed net U0_ps_ai_peripheral/ZGolo/u_AI_Mate_top/U0_ddr2hp_itcn/U0_dmux4/U3_aw_axi_fifo/w616d64_fifo.U0_w616d64_fifo/U0/inst_fifo_gen/gconvfifo.rf/grf.rf/gntv_or_sync_fifo.mem/dout[400].  Did not re-place instance U0_ps_ai_peripheral/ZGolo/u_AI_Mate_top/U0_ddr2hp_itcn/U0_dmux4/U3_aw_axi_fifo/w616d64_fifo.U0_w616d64_fifo/U0/inst_fifo_gen/gconvfifo.rf/grf.rf/gntv_or_sync_fifo.mem/goreg_bm.dout_i_reg[400]
INFO: [Physopt 32-662] Processed net U0_ps_ai_peripheral/ZGolo/u_AI_Mate_top/U0_ddr2hp_itcn/U0_dmux4/U3_aw_axi_fifo/w616d64_fifo.U0_w616d64_fifo/U0/inst_fifo_gen/gconvfifo.rf/grf.rf/gntv_or_sync_fifo.mem/dout[410].  Did not re-place instance U0_ps_ai_peripheral/ZGolo/u_AI_Mate_top/U0_ddr2hp_itcn/U0_dmux4/U3_aw_axi_fifo/w616d64_fifo.U0_w616d64_fifo/U0/inst_fifo_gen/gconvfifo.rf/grf.rf/gntv_or_sync_fifo.mem/goreg_bm.dout_i_reg[410]
INFO: [Physopt 32-662] Processed net U0_ps_ai_peripheral/ZGolo/u_AI_Mate_top/U0_ddr2hp_itcn/U0_dmux4/U3_aw_axi_fifo/w616d64_fifo.U0_w616d64_fifo/U0/inst_fifo_gen/gconvfifo.rf/grf.rf/gntv_or_sync_fifo.mem/dout[417].  Did not re-place instance U0_ps_ai_peripheral/ZGolo/u_AI_Mate_top/U0_ddr2hp_itcn/U0_dmux4/U3_aw_axi_fifo/w616d64_fifo.U0_w616d64_fifo/U0/inst_fifo_gen/gconvfifo.rf/grf.rf/gntv_or_sync_fifo.mem/goreg_bm.dout_i_reg[417]
INFO: [Physopt 32-662] Processed net U0_ps_ai_peripheral/ZGolo/u_AI_Mate_top/U0_ddr2hp_itcn/U0_dmux4/U3_aw_axi_fifo/w616d64_fifo.U0_w616d64_fifo/U0/inst_fifo_gen/gconvfifo.rf/grf.rf/gntv_or_sync_fifo.mem/dout[419].  Did not re-place instance U0_ps_ai_peripheral/ZGolo/u_AI_Mate_top/U0_ddr2hp_itcn/U0_dmux4/U3_aw_axi_fifo/w616d64_fifo.U0_w616d64_fifo/U0/inst_fifo_gen/gconvfifo.rf/grf.rf/gntv_or_sync_fifo.mem/goreg_bm.dout_i_reg[419]
INFO: [Physopt 32-663] Processed net U_adder_top/U_flicker/render/split_U0/frame_gaussians25726_U0/exitcond_i_i_i_reg_319_reg[0]_0[1].  Re-placed instance U_adder_top/U_flicker/render/split_U0/frame_gaussians25726_U0/mem_reg_3_i_73
INFO: [Physopt 32-663] Processed net U_adder_top/U_flicker/render/split_U0/frame_gaussians25726_U0/ap_NS_fsm17_out.  Re-placed instance U_adder_top/U_flicker/render/split_U0/frame_gaussians25726_U0/tmp_V_21_reg_307[509]_i_1
INFO: [Physopt 32-662] Processed net U_adder_top/U_flicker/regs/tiles_reg[31]_0[8].  Did not re-place instance U_adder_top/U_flicker/regs/tiles_reg[8]
INFO: [Physopt 32-662] Processed net U_adder_top/U_flicker/render/split_U0/frame_gaussians25726_U0/ap_CS_fsm[1]_i_14_n_0.  Did not re-place instance U_adder_top/U_flicker/render/split_U0/frame_gaussians25726_U0/ap_CS_fsm[1]_i_14
INFO: [Physopt 32-662] Processed net U0_ps_ai_peripheral/ZGolo/u_AI_Mate_top/U0_ddr2hp_itcn/U0_dmux4/U3_aw_axi_fifo/w616d64_fifo.U0_w616d64_fifo/U0/inst_fifo_gen/gconvfifo.rf/grf.rf/gntv_or_sync_fifo.mem/dout[100].  Did not re-place instance U0_ps_ai_peripheral/ZGolo/u_AI_Mate_top/U0_ddr2hp_itcn/U0_dmux4/U3_aw_axi_fifo/w616d64_fifo.U0_w616d64_fifo/U0/inst_fifo_gen/gconvfifo.rf/grf.rf/gntv_or_sync_fifo.mem/goreg_bm.dout_i_reg[100]
INFO: [Physopt 32-662] Processed net U0_ps_ai_peripheral/ZGolo/u_AI_Mate_top/U0_ddr2hp_itcn/U0_dmux4/U3_aw_axi_fifo/w616d64_fifo.U0_w616d64_fifo/U0/inst_fifo_gen/gconvfifo.rf/grf.rf/gntv_or_sync_fifo.mem/dout[102].  Did not re-place instance U0_ps_ai_peripheral/ZGolo/u_AI_Mate_top/U0_ddr2hp_itcn/U0_dmux4/U3_aw_axi_fifo/w616d64_fifo.U0_w616d64_fifo/U0/inst_fifo_gen/gconvfifo.rf/grf.rf/gntv_or_sync_fifo.mem/goreg_bm.dout_i_reg[102]
INFO: [Physopt 32-662] Processed net U0_ps_ai_peripheral/ZGolo/u_AI_Mate_top/U0_ddr2hp_itcn/U0_dmux4/U3_aw_axi_fifo/w616d64_fifo.U0_w616d64_fifo/U0/inst_fifo_gen/gconvfifo.rf/grf.rf/gntv_or_sync_fifo.mem/dout[110].  Did not re-place instance U0_ps_ai_peripheral/ZGolo/u_AI_Mate_top/U0_ddr2hp_itcn/U0_dmux4/U3_aw_axi_fifo/w616d64_fifo.U0_w616d64_fifo/U0/inst_fifo_gen/gconvfifo.rf/grf.rf/gntv_or_sync_fifo.mem/goreg_bm.dout_i_reg[110]
INFO: [Physopt 32-662] Processed net U0_ps_ai_peripheral/ZGolo/u_AI_Mate_top/U0_ddr2hp_itcn/U0_dmux4/U3_aw_axi_fifo/w616d64_fifo.U0_w616d64_fifo/U0/inst_fifo_gen/gconvfifo.rf/grf.rf/gntv_or_sync_fifo.mem/dout[199].  Did not re-place instance U0_ps_ai_peripheral/ZGolo/u_AI_Mate_top/U0_ddr2hp_itcn/U0_dmux4/U3_aw_axi_fifo/w616d64_fifo.U0_w616d64_fifo/U0/inst_fifo_gen/gconvfifo.rf/grf.rf/gntv_or_sync_fifo.mem/goreg_bm.dout_i_reg[199]
INFO: [Physopt 32-662] Processed net U0_ps_ai_peripheral/ZGolo/u_AI_Mate_top/U0_ddr2hp_itcn/U0_dmux4/U3_aw_axi_fifo/w616d64_fifo.U0_w616d64_fifo/U0/inst_fifo_gen/gconvfifo.rf/grf.rf/gntv_or_sync_fifo.mem/dout[330].  Did not re-place instance U0_ps_ai_peripheral/ZGolo/u_AI_Mate_top/U0_ddr2hp_itcn/U0_dmux4/U3_aw_axi_fifo/w616d64_fifo.U0_w616d64_fifo/U0/inst_fifo_gen/gconvfifo.rf/grf.rf/gntv_or_sync_fifo.mem/goreg_bm.dout_i_reg[330]
INFO: [Physopt 32-662] Processed net U0_ps_ai_peripheral/ZGolo/u_AI_Mate_top/U0_ddr2hp_itcn/U0_dmux4/U3_aw_axi_fifo/w616d64_fifo.U0_w616d64_fifo/U0/inst_fifo_gen/gconvfifo.rf/grf.rf/gntv_or_sync_fifo.mem/dout[72].  Did not re-place instance U0_ps_ai_peripheral/ZGolo/u_AI_Mate_top/U0_ddr2hp_itcn/U0_dmux4/U3_aw_axi_fifo/w616d64_fifo.U0_w616d64_fifo/U0/inst_fifo_gen/gconvfifo.rf/grf.rf/gntv_or_sync_fifo.mem/goreg_bm.dout_i_reg[72]
INFO: [Physopt 32-662] Processed net U0_ps_ai_peripheral/ZGolo/u_AI_Mate_top/U0_ddr2hp_itcn/U0_dmux4/U3_aw_axi_fifo/w616d64_fifo.U0_w616d64_fifo/U0/inst_fifo_gen/gconvfifo.rf/grf.rf/gntv_or_sync_fifo.mem/dout[73].  Did not re-place instance U0_ps_ai_peripheral/ZGolo/u_AI_Mate_top/U0_ddr2hp_itcn/U0_dmux4/U3_aw_axi_fifo/w616d64_fifo.U0_w616d64_fifo/U0/inst_fifo_gen/gconvfifo.rf/grf.rf/gntv_or_sync_fifo.mem/goreg_bm.dout_i_reg[73]
INFO: [Physopt 32-662] Processed net U0_ps_ai_peripheral/ZGolo/u_AI_Mate_top/U0_ddr2hp_itcn/U0_dmux4/U3_aw_axi_fifo/w616d64_fifo.U0_w616d64_fifo/U0/inst_fifo_gen/gconvfifo.rf/grf.rf/gntv_or_sync_fifo.mem/dout[75].  Did not re-place instance U0_ps_ai_peripheral/ZGolo/u_AI_Mate_top/U0_ddr2hp_itcn/U0_dmux4/U3_aw_axi_fifo/w616d64_fifo.U0_w616d64_fifo/U0/inst_fifo_gen/gconvfifo.rf/grf.rf/gntv_or_sync_fifo.mem/goreg_bm.dout_i_reg[75]
INFO: [Physopt 32-662] Processed net U0_ps_ai_peripheral/frame_to_ps_inst0/frame_read_write_m0/D[10].  Did not re-place instance U0_ps_ai_peripheral/frame_to_ps_inst0/frame_read_write_m0/vout_data_r[10]_i_1
INFO: [Physopt 32-662] Processed net U0_ps_ai_peripheral/frame_to_ps_inst0/frame_read_write_m0/read_buf/U0/inst_fifo_gen/gconvfifo.rf/grf.rf/gntv_or_sync_fifo.mem/gbm.gbmg.gbmga.ngecc.bmg/inst_blk_mem_gen/gnbram.gnativebmg.native_blk_mem_gen/valid.cstr/has_mux_b.B/dout[10].  Did not re-place instance U0_ps_ai_peripheral/frame_to_ps_inst0/frame_read_write_m0/read_buf/U0/inst_fifo_gen/gconvfifo.rf/grf.rf/gntv_or_sync_fifo.mem/gbm.gbmg.gbmga.ngecc.bmg/inst_blk_mem_gen/gnbram.gnativebmg.native_blk_mem_gen/valid.cstr/has_mux_b.B/dout[10]_INST_0
INFO: [Physopt 32-662] Processed net U0_ps_ai_peripheral/frame_to_ps_inst0/frame_read_write_m0/read_buf/U0/inst_fifo_gen/gconvfifo.rf/grf.rf/gntv_or_sync_fifo.mem/gbm.gbmg.gbmga.ngecc.bmg/inst_blk_mem_gen/gnbram.gnativebmg.native_blk_mem_gen/valid.cstr/has_mux_b.B/dout[10]_INST_0_i_8_n_0.  Did not re-place instance U0_ps_ai_peripheral/frame_to_ps_inst0/frame_read_write_m0/read_buf/U0/inst_fifo_gen/gconvfifo.rf/grf.rf/gntv_or_sync_fifo.mem/gbm.gbmg.gbmga.ngecc.bmg/inst_blk_mem_gen/gnbram.gnativebmg.native_blk_mem_gen/valid.cstr/has_mux_b.B/dout[10]_INST_0_i_8
INFO: [Physopt 32-662] Processed net U0_ps_ai_peripheral/frame_to_ps_inst0/video_rect_read_data_m0/Q[10].  Did not re-place instance U0_ps_ai_peripheral/frame_to_ps_inst0/video_rect_read_data_m0/vout_data_r_reg[10]
INFO: [Physopt 32-663] Processed net U0_ps_ai_peripheral/ZGolo/u_AI_Mate_top/buyi_icore_post_top_u0/icore_post_top_u0/data_prefetch_u0/gt_th_num[16].  Re-placed instance U0_ps_ai_peripheral/ZGolo/u_AI_Mate_top/buyi_icore_post_top_u0/icore_post_top_u0/data_prefetch_u0/gt_th_num_reg[16]
INFO: [Physopt 32-663] Processed net U0_ps_ai_peripheral/ZGolo/u_AI_Mate_top/buyi_icore_post_top_u0/icore_post_top_u0/data_prefetch_u0/gt_th_num[17].  Re-placed instance U0_ps_ai_peripheral/ZGolo/u_AI_Mate_top/buyi_icore_post_top_u0/icore_post_top_u0/data_prefetch_u0/gt_th_num_reg[17]
INFO: [Physopt 32-663] Processed net U0_ps_ai_peripheral/ZGolo/u_AI_Mate_top/buyi_icore_post_top_u0/icore_post_top_u0/data_prefetch_u0/gt_th_num[18].  Re-placed instance U0_ps_ai_peripheral/ZGolo/u_AI_Mate_top/buyi_icore_post_top_u0/icore_post_top_u0/data_prefetch_u0/gt_th_num_reg[18]
INFO: [Physopt 32-663] Processed net U0_ps_ai_peripheral/ZGolo/u_AI_Mate_top/buyi_icore_post_top_u0/icore_post_top_u0/data_prefetch_u0/gt_th_num[19].  Re-placed instance U0_ps_ai_peripheral/ZGolo/u_AI_Mate_top/buyi_icore_post_top_u0/icore_post_top_u0/data_prefetch_u0/gt_th_num_reg[19]
INFO: [Physopt 32-662] Processed net U0_ps_ai_peripheral/ZGolo/u_AI_Mate_top/U0_ddr2hp_itcn/U0_dmux4/U3_aw_axi_fifo/w616d64_fifo.U0_w616d64_fifo/U0/inst_fifo_gen/gconvfifo.rf/grf.rf/gntv_or_sync_fifo.mem/dout[173].  Did not re-place instance U0_ps_ai_peripheral/ZGolo/u_AI_Mate_top/U0_ddr2hp_itcn/U0_dmux4/U3_aw_axi_fifo/w616d64_fifo.U0_w616d64_fifo/U0/inst_fifo_gen/gconvfifo.rf/grf.rf/gntv_or_sync_fifo.mem/goreg_bm.dout_i_reg[173]
INFO: [Physopt 32-662] Processed net U0_ps_ai_peripheral/ZGolo/u_AI_Mate_top/U0_ddr2hp_itcn/U0_dmux4/U3_aw_axi_fifo/w616d64_fifo.U0_w616d64_fifo/U0/inst_fifo_gen/gconvfifo.rf/grf.rf/gntv_or_sync_fifo.mem/dout[238].  Did not re-place instance U0_ps_ai_peripheral/ZGolo/u_AI_Mate_top/U0_ddr2hp_itcn/U0_dmux4/U3_aw_axi_fifo/w616d64_fifo.U0_w616d64_fifo/U0/inst_fifo_gen/gconvfifo.rf/grf.rf/gntv_or_sync_fifo.mem/goreg_bm.dout_i_reg[238]
INFO: [Physopt 32-662] Processed net U0_ps_ai_peripheral/ZGolo/u_AI_Mate_top/U0_ddr2hp_itcn/U0_dmux4/U3_aw_axi_fifo/w616d64_fifo.U0_w616d64_fifo/U0/inst_fifo_gen/gconvfifo.rf/grf.rf/gntv_or_sync_fifo.mem/dout[243].  Did not re-place instance U0_ps_ai_peripheral/ZGolo/u_AI_Mate_top/U0_ddr2hp_itcn/U0_dmux4/U3_aw_axi_fifo/w616d64_fifo.U0_w616d64_fifo/U0/inst_fifo_gen/gconvfifo.rf/grf.rf/gntv_or_sync_fifo.mem/goreg_bm.dout_i_reg[243]
INFO: [Physopt 32-662] Processed net U0_ps_ai_peripheral/ZGolo/u_AI_Mate_top/U0_ddr2hp_itcn/U0_dmux4/U3_aw_axi_fifo/w616d64_fifo.U0_w616d64_fifo/U0/inst_fifo_gen/gconvfifo.rf/grf.rf/gntv_or_sync_fifo.mem/dout[270].  Did not re-place instance U0_ps_ai_peripheral/ZGolo/u_AI_Mate_top/U0_ddr2hp_itcn/U0_dmux4/U3_aw_axi_fifo/w616d64_fifo.U0_w616d64_fifo/U0/inst_fifo_gen/gconvfifo.rf/grf.rf/gntv_or_sync_fifo.mem/goreg_bm.dout_i_reg[270]
INFO: [Physopt 32-662] Processed net U0_ps_ai_peripheral/ZGolo/u_AI_Mate_top/U0_ddr2hp_itcn/U0_dmux4/U3_aw_axi_fifo/w616d64_fifo.U0_w616d64_fifo/U0/inst_fifo_gen/gconvfifo.rf/grf.rf/gntv_or_sync_fifo.mem/dout[316].  Did not re-place instance U0_ps_ai_peripheral/ZGolo/u_AI_Mate_top/U0_ddr2hp_itcn/U0_dmux4/U3_aw_axi_fifo/w616d64_fifo.U0_w616d64_fifo/U0/inst_fifo_gen/gconvfifo.rf/grf.rf/gntv_or_sync_fifo.mem/goreg_bm.dout_i_reg[316]
INFO: [Physopt 32-662] Processed net U0_ps_ai_peripheral/ZGolo/u_AI_Mate_top/U0_ddr2hp_itcn/U0_dmux4/U3_aw_axi_fifo/w616d64_fifo.U0_w616d64_fifo/U0/inst_fifo_gen/gconvfifo.rf/grf.rf/gntv_or_sync_fifo.mem/dout[321].  Did not re-place instance U0_ps_ai_peripheral/ZGolo/u_AI_Mate_top/U0_ddr2hp_itcn/U0_dmux4/U3_aw_axi_fifo/w616d64_fifo.U0_w616d64_fifo/U0/inst_fifo_gen/gconvfifo.rf/grf.rf/gntv_or_sync_fifo.mem/goreg_bm.dout_i_reg[321]
INFO: [Physopt 32-662] Processed net U0_ps_ai_peripheral/ZGolo/u_AI_Mate_top/U0_ddr2hp_itcn/U0_dmux4/U3_aw_axi_fifo/w616d64_fifo.U0_w616d64_fifo/U0/inst_fifo_gen/gconvfifo.rf/grf.rf/gntv_or_sync_fifo.mem/dout[358].  Did not re-place instance U0_ps_ai_peripheral/ZGolo/u_AI_Mate_top/U0_ddr2hp_itcn/U0_dmux4/U3_aw_axi_fifo/w616d64_fifo.U0_w616d64_fifo/U0/inst_fifo_gen/gconvfifo.rf/grf.rf/gntv_or_sync_fifo.mem/goreg_bm.dout_i_reg[358]
INFO: [Physopt 32-662] Processed net U0_ps_ai_peripheral/ZGolo/u_AI_Mate_top/U0_ddr2hp_itcn/U0_dmux4/U3_aw_axi_fifo/w616d64_fifo.U0_w616d64_fifo/U0/inst_fifo_gen/gconvfifo.rf/grf.rf/gntv_or_sync_fifo.mem/dout[378].  Did not re-place instance U0_ps_ai_peripheral/ZGolo/u_AI_Mate_top/U0_ddr2hp_itcn/U0_dmux4/U3_aw_axi_fifo/w616d64_fifo.U0_w616d64_fifo/U0/inst_fifo_gen/gconvfifo.rf/grf.rf/gntv_or_sync_fifo.mem/goreg_bm.dout_i_reg[378]
INFO: [Physopt 32-662] Processed net U0_ps_ai_peripheral/ZGolo/u_AI_Mate_top/U0_ddr2hp_itcn/U0_dmux4/U3_aw_axi_fifo/w616d64_fifo.U0_w616d64_fifo/U0/inst_fifo_gen/gconvfifo.rf/grf.rf/gntv_or_sync_fifo.mem/dout[379].  Did not re-place instance U0_ps_ai_peripheral/ZGolo/u_AI_Mate_top/U0_ddr2hp_itcn/U0_dmux4/U3_aw_axi_fifo/w616d64_fifo.U0_w616d64_fifo/U0/inst_fifo_gen/gconvfifo.rf/grf.rf/gntv_or_sync_fifo.mem/goreg_bm.dout_i_reg[379]
INFO: [Physopt 32-662] Processed net U0_ps_ai_peripheral/ZGolo/u_AI_Mate_top/U0_ddr2hp_itcn/U0_dmux4/U3_aw_axi_fifo/w616d64_fifo.U0_w616d64_fifo/U0/inst_fifo_gen/gconvfifo.rf/grf.rf/gntv_or_sync_fifo.mem/dout[424].  Did not re-place instance U0_ps_ai_peripheral/ZGolo/u_AI_Mate_top/U0_ddr2hp_itcn/U0_dmux4/U3_aw_axi_fifo/w616d64_fifo.U0_w616d64_fifo/U0/inst_fifo_gen/gconvfifo.rf/grf.rf/gntv_or_sync_fifo.mem/goreg_bm.dout_i_reg[424]
INFO: [Physopt 32-662] Processed net U0_ps_ai_peripheral/ZGolo/u_AI_Mate_top/U0_ddr2hp_itcn/U0_dmux4/U3_aw_axi_fifo/w616d64_fifo.U0_w616d64_fifo/U0/inst_fifo_gen/gconvfifo.rf/grf.rf/gntv_or_sync_fifo.mem/dout[476].  Did not re-place instance U0_ps_ai_peripheral/ZGolo/u_AI_Mate_top/U0_ddr2hp_itcn/U0_dmux4/U3_aw_axi_fifo/w616d64_fifo.U0_w616d64_fifo/U0/inst_fifo_gen/gconvfifo.rf/grf.rf/gntv_or_sync_fifo.mem/goreg_bm.dout_i_reg[476]
INFO: [Physopt 32-662] Processed net U0_ps_ai_peripheral/ZGolo/u_AI_Mate_top/U0_ddr2hp_itcn/U0_dmux4/U3_aw_axi_fifo/w616d64_fifo.U0_w616d64_fifo/U0/inst_fifo_gen/gconvfifo.rf/grf.rf/gntv_or_sync_fifo.mem/dout[479].  Did not re-place instance U0_ps_ai_peripheral/ZGolo/u_AI_Mate_top/U0_ddr2hp_itcn/U0_dmux4/U3_aw_axi_fifo/w616d64_fifo.U0_w616d64_fifo/U0/inst_fifo_gen/gconvfifo.rf/grf.rf/gntv_or_sync_fifo.mem/goreg_bm.dout_i_reg[479]
INFO: [Physopt 32-662] Processed net U0_ps_ai_peripheral/ZGolo/u_AI_Mate_top/U0_ddr2hp_itcn/U0_dmux4/U3_aw_axi_fifo/w616d64_fifo.U0_w616d64_fifo/U0/inst_fifo_gen/gconvfifo.rf/grf.rf/gntv_or_sync_fifo.mem/dout[544].  Did not re-place instance U0_ps_ai_peripheral/ZGolo/u_AI_Mate_top/U0_ddr2hp_itcn/U0_dmux4/U3_aw_axi_fifo/w616d64_fifo.U0_w616d64_fifo/U0/inst_fifo_gen/gconvfifo.rf/grf.rf/gntv_or_sync_fifo.mem/goreg_bm.dout_i_reg[544]
INFO: [Physopt 32-662] Processed net U0_ps_ai_peripheral/ZGolo/u_AI_Mate_top/U0_ddr2hp_itcn/U0_dmux4/U3_aw_axi_fifo/w616d64_fifo.U0_w616d64_fifo/U0/inst_fifo_gen/gconvfifo.rf/grf.rf/gntv_or_sync_fifo.mem/dout[547].  Did not re-place instance U0_ps_ai_peripheral/ZGolo/u_AI_Mate_top/U0_ddr2hp_itcn/U0_dmux4/U3_aw_axi_fifo/w616d64_fifo.U0_w616d64_fifo/U0/inst_fifo_gen/gconvfifo.rf/grf.rf/gntv_or_sync_fifo.mem/goreg_bm.dout_i_reg[547]
INFO: [Physopt 32-662] Processed net U0_ps_ai_peripheral/ZGolo/u_AI_Mate_top/U0_ddr2hp_itcn/U0_dmux4/U3_aw_axi_fifo/w616d64_fifo.U0_w616d64_fifo/U0/inst_fifo_gen/gconvfifo.rf/grf.rf/gntv_or_sync_fifo.mem/dout[553].  Did not re-place instance U0_ps_ai_peripheral/ZGolo/u_AI_Mate_top/U0_ddr2hp_itcn/U0_dmux4/U3_aw_axi_fifo/w616d64_fifo.U0_w616d64_fifo/U0/inst_fifo_gen/gconvfifo.rf/grf.rf/gntv_or_sync_fifo.mem/goreg_bm.dout_i_reg[553]
INFO: [Physopt 32-662] Processed net U0_ps_ai_peripheral/ZGolo/u_AI_Mate_top/U0_ddr2hp_itcn/U0_dmux4/U3_aw_axi_fifo/w616d64_fifo.U0_w616d64_fifo/U0/inst_fifo_gen/gconvfifo.rf/grf.rf/gntv_or_sync_fifo.mem/dout[68].  Did not re-place instance U0_ps_ai_peripheral/ZGolo/u_AI_Mate_top/U0_ddr2hp_itcn/U0_dmux4/U3_aw_axi_fifo/w616d64_fifo.U0_w616d64_fifo/U0/inst_fifo_gen/gconvfifo.rf/grf.rf/gntv_or_sync_fifo.mem/goreg_bm.dout_i_reg[68]
INFO: [Physopt 32-663] Processed net U0_ps_ai_peripheral/ZGolo/u_AI_Mate_top/U0_ddr2hp_itcn/U0_dmux4/U0_aw_axi_fifo/w616d64_fifo.U0_w616d64_fifo/U0/inst_fifo_gen/gconvfifo.rf/grf.rf/gntv_or_sync_fifo.gl0.rd/gr1.gr1_int.rfwft/E[0].  Re-placed instance U0_ps_ai_peripheral/ZGolo/u_AI_Mate_top/U0_ddr2hp_itcn/U0_dmux4/U0_aw_axi_fifo/w616d64_fifo.U0_w616d64_fifo/U0/inst_fifo_gen/gconvfifo.rf/grf.rf/gntv_or_sync_fifo.gl0.rd/gr1.gr1_int.rfwft/goreg_bm.dout_i[615]_i_1
INFO: [Physopt 32-662] Processed net U0_ps_ai_peripheral/ZGolo/u_AI_Mate_top/U0_ddr2hp_itcn/U0_dmux4/w616d64_fifo.U0_w616d64_fifo_i_2_n_0.  Did not re-place instance U0_ps_ai_peripheral/ZGolo/u_AI_Mate_top/U0_ddr2hp_itcn/U0_dmux4/w616d64_fifo.U0_w616d64_fifo_i_2
INFO: [Physopt 32-663] Processed net U0_ps_ai_peripheral/ZGolo/u_AI_Mate_top/U0_ddr2hp_itcn/s0_ddr_ww_itf\\.awwready.  Re-placed instance U0_ps_ai_peripheral/ZGolo/u_AI_Mate_top/U0_ddr2hp_itcn/U0_dmux4_i_4
INFO: [Physopt 32-663] Processed net U0_ps_ai_peripheral/ZGolo/u_AI_Mate_top/U0_ddr2hp_itcn/U0_dmux4/U0_aw_axi_fifo/w616d64_fifo.U0_w616d64_fifo/U0/inst_fifo_gen/gconvfifo.rf/grf.rf/gntv_or_sync_fifo.mem/dout[284].  Re-placed instance U0_ps_ai_peripheral/ZGolo/u_AI_Mate_top/U0_ddr2hp_itcn/U0_dmux4/U0_aw_axi_fifo/w616d64_fifo.U0_w616d64_fifo/U0/inst_fifo_gen/gconvfifo.rf/grf.rf/gntv_or_sync_fifo.mem/goreg_bm.dout_i_reg[284]
INFO: [Physopt 32-663] Processed net U0_ps_ai_peripheral/ZGolo/u_AI_Mate_top/U0_ddr2hp_itcn/U0_dmux4/U0_aw_axi_fifo/w616d64_fifo.U0_w616d64_fifo/U0/inst_fifo_gen/gconvfifo.rf/grf.rf/gntv_or_sync_fifo.mem/dout[373].  Re-placed instance U0_ps_ai_peripheral/ZGolo/u_AI_Mate_top/U0_ddr2hp_itcn/U0_dmux4/U0_aw_axi_fifo/w616d64_fifo.U0_w616d64_fifo/U0/inst_fifo_gen/gconvfifo.rf/grf.rf/gntv_or_sync_fifo.mem/goreg_bm.dout_i_reg[373]
INFO: [Physopt 32-663] Processed net U0_ps_ai_peripheral/ZGolo/u_AI_Mate_top/U0_ddr2hp_itcn/U0_dmux4/U0_aw_axi_fifo/w616d64_fifo.U0_w616d64_fifo/U0/inst_fifo_gen/gconvfifo.rf/grf.rf/gntv_or_sync_fifo.mem/dout[418].  Re-placed instance U0_ps_ai_peripheral/ZGolo/u_AI_Mate_top/U0_ddr2hp_itcn/U0_dmux4/U0_aw_axi_fifo/w616d64_fifo.U0_w616d64_fifo/U0/inst_fifo_gen/gconvfifo.rf/grf.rf/gntv_or_sync_fifo.mem/goreg_bm.dout_i_reg[418]
INFO: [Physopt 32-663] Processed net U_adder_top/U_flicker/dma/writes[5].  Re-placed instance U_adder_top/U_flicker/dma/write_count_reg[5]
INFO: [Physopt 32-662] Processed net U_adder_top/U_flicker/dma/awvalid1_carry_i_4_n_0.  Did not re-place instance U_adder_top/U_flicker/dma/awvalid1_carry_i_4
INFO: [Physopt 32-662] Processed net U0_ps_ai_peripheral/frame_to_ps_inst0/frame_read_write_m0/read_buf/U0/inst_fifo_gen/gconvfifo.rf/grf.rf/gntv_or_sync_fifo.gl0.rd/rpntr/ENB_I_23.  Did not re-place instance U0_ps_ai_peripheral/frame_to_ps_inst0/frame_read_write_m0/read_buf/U0/inst_fifo_gen/gconvfifo.rf/grf.rf/gntv_or_sync_fifo.gl0.rd/rpntr/DEVICE_7SERIES.NO_BMM_INFO.SDP.SIMPLE_PRIM36.ram_i_2__24
INFO: [Physopt 32-662] Processed net U0_ps_ai_peripheral/frame_to_ps_inst0/frame_read_write_m0/read_buf/U0/inst_fifo_gen/gconvfifo.rf/grf.rf/gntv_or_sync_fifo.mem/gbm.gbmg.gbmga.ngecc.bmg/inst_blk_mem_gen/gnbram.gnativebmg.native_blk_mem_gen/valid.cstr/has_mux_b.B/dout[15]_INST_0_i_8_n_0.  Did not re-place instance U0_ps_ai_peripheral/frame_to_ps_inst0/frame_read_write_m0/read_buf/U0/inst_fifo_gen/gconvfifo.rf/grf.rf/gntv_or_sync_fifo.mem/gbm.gbmg.gbmga.ngecc.bmg/inst_blk_mem_gen/gnbram.gnativebmg.native_blk_mem_gen/valid.cstr/has_mux_b.B/dout[15]_INST_0_i_8
INFO: [Physopt 32-662] Processed net U_adder_top/U_flicker/dma/no[11].  Did not re-place instance U_adder_top/U_flicker/dma/no_reg[11]
INFO: [Physopt 32-662] Processed net U_adder_top/U_flicker/dma/awvalid1_carry__0_i_7_n_0.  Did not re-place instance U_adder_top/U_flicker/dma/awvalid1_carry__0_i_7
INFO: [Physopt 32-663] Processed net U0_ps_ai_peripheral/ZGolo/u_AI_Mate_top/U0_ddr2hp_itcn/U0_dmux4/U0_aw_axi_fifo/w616d64_fifo.U0_w616d64_fifo/U0/inst_fifo_gen/gconvfifo.rf/grf.rf/gntv_or_sync_fifo.mem/dout[404].  Re-placed instance U0_ps_ai_peripheral/ZGolo/u_AI_Mate_top/U0_ddr2hp_itcn/U0_dmux4/U0_aw_axi_fifo/w616d64_fifo.U0_w616d64_fifo/U0/inst_fifo_gen/gconvfifo.rf/grf.rf/gntv_or_sync_fifo.mem/goreg_bm.dout_i_reg[404]
INFO: [Physopt 32-663] Processed net U0_ps_ai_peripheral/ZGolo/u_AI_Mate_top/U0_ddr2hp_itcn/U0_dmux4/U0_aw_axi_fifo/w616d64_fifo.U0_w616d64_fifo/U0/inst_fifo_gen/gconvfifo.rf/grf.rf/gntv_or_sync_fifo.mem/dout[423].  Re-placed instance U0_ps_ai_peripheral/ZGolo/u_AI_Mate_top/U0_ddr2hp_itcn/U0_dmux4/U0_aw_axi_fifo/w616d64_fifo.U0_w616d64_fifo/U0/inst_fifo_gen/gconvfifo.rf/grf.rf/gntv_or_sync_fifo.mem/goreg_bm.dout_i_reg[423]
INFO: [Physopt 32-663] Processed net U0_ps_ai_peripheral/ZGolo/u_AI_Mate_top/U0_ddr2hp_itcn/U0_dmux4/U0_aw_axi_fifo/w616d64_fifo.U0_w616d64_fifo/U0/inst_fifo_gen/gconvfifo.rf/grf.rf/gntv_or_sync_fifo.mem/dout[600].  Re-placed instance U0_ps_ai_peripheral/ZGolo/u_AI_Mate_top/U0_ddr2hp_itcn/U0_dmux4/U0_aw_axi_fifo/w616d64_fifo.U0_w616d64_fifo/U0/inst_fifo_gen/gconvfifo.rf/grf.rf/gntv_or_sync_fifo.mem/goreg_bm.dout_i_reg[600]
INFO: [Physopt 32-663] Processed net U0_ps_ai_peripheral/ZGolo/u_AI_Mate_top/U0_ddr2hp_itcn/U0_dmux4/U0_aw_axi_fifo/w616d64_fifo.U0_w616d64_fifo/U0/inst_fifo_gen/gconvfifo.rf/grf.rf/gntv_or_sync_fifo.mem/dout[602].  Re-placed instance U0_ps_ai_peripheral/ZGolo/u_AI_Mate_top/U0_ddr2hp_itcn/U0_dmux4/U0_aw_axi_fifo/w616d64_fifo.U0_w616d64_fifo/U0/inst_fifo_gen/gconvfifo.rf/grf.rf/gntv_or_sync_fifo.mem/goreg_bm.dout_i_reg[602]
INFO: [Physopt 32-662] Processed net U0_ps_ai_peripheral/ZGolo/u_AI_Mate_top/U0_ddr2hp_itcn/U0_dmux4/U3_aw_axi_fifo/w616d64_fifo.U0_w616d64_fifo/U0/inst_fifo_gen/gconvfifo.rf/grf.rf/gntv_or_sync_fifo.mem/dout[189].  Did not re-place instance U0_ps_ai_peripheral/ZGolo/u_AI_Mate_top/U0_ddr2hp_itcn/U0_dmux4/U3_aw_axi_fifo/w616d64_fifo.U0_w616d64_fifo/U0/inst_fifo_gen/gconvfifo.rf/grf.rf/gntv_or_sync_fifo.mem/goreg_bm.dout_i_reg[189]
INFO: [Physopt 32-662] Processed net U0_ps_ai_peripheral/ZGolo/u_AI_Mate_top/U0_ddr2hp_itcn/U0_dmux4/U3_aw_axi_fifo/w616d64_fifo.U0_w616d64_fifo/U0/inst_fifo_gen/gconvfifo.rf/grf.rf/gntv_or_sync_fifo.mem/dout[200].  Did not re-place instance U0_ps_ai_peripheral/ZGolo/u_AI_Mate_top/U0_ddr2hp_itcn/U0_dmux4/U3_aw_axi_fifo/w616d64_fifo.U0_w616d64_fifo/U0/inst_fifo_gen/gconvfifo.rf/grf.rf/gntv_or_sync_fifo.mem/goreg_bm.dout_i_reg[200]
INFO: [Physopt 32-662] Processed net U0_ps_ai_peripheral/ZGolo/u_AI_Mate_top/U0_ddr2hp_itcn/U0_dmux4/U3_aw_axi_fifo/w616d64_fifo.U0_w616d64_fifo/U0/inst_fifo_gen/gconvfifo.rf/grf.rf/gntv_or_sync_fifo.mem/dout[201].  Did not re-place instance U0_ps_ai_peripheral/ZGolo/u_AI_Mate_top/U0_ddr2hp_itcn/U0_dmux4/U3_aw_axi_fifo/w616d64_fifo.U0_w616d64_fifo/U0/inst_fifo_gen/gconvfifo.rf/grf.rf/gntv_or_sync_fifo.mem/goreg_bm.dout_i_reg[201]
INFO: [Physopt 32-662] Processed net U0_ps_ai_peripheral/ZGolo/u_AI_Mate_top/U0_ddr2hp_itcn/U0_dmux4/U3_aw_axi_fifo/w616d64_fifo.U0_w616d64_fifo/U0/inst_fifo_gen/gconvfifo.rf/grf.rf/gntv_or_sync_fifo.mem/dout[203].  Did not re-place instance U0_ps_ai_peripheral/ZGolo/u_AI_Mate_top/U0_ddr2hp_itcn/U0_dmux4/U3_aw_axi_fifo/w616d64_fifo.U0_w616d64_fifo/U0/inst_fifo_gen/gconvfifo.rf/grf.rf/gntv_or_sync_fifo.mem/goreg_bm.dout_i_reg[203]
INFO: [Physopt 32-662] Processed net U0_ps_ai_peripheral/ZGolo/u_AI_Mate_top/U0_ddr2hp_itcn/U0_dmux4/U3_aw_axi_fifo/w616d64_fifo.U0_w616d64_fifo/U0/inst_fifo_gen/gconvfifo.rf/grf.rf/gntv_or_sync_fifo.mem/dout[214].  Did not re-place instance U0_ps_ai_peripheral/ZGolo/u_AI_Mate_top/U0_ddr2hp_itcn/U0_dmux4/U3_aw_axi_fifo/w616d64_fifo.U0_w616d64_fifo/U0/inst_fifo_gen/gconvfifo.rf/grf.rf/gntv_or_sync_fifo.mem/goreg_bm.dout_i_reg[214]
INFO: [Physopt 32-662] Processed net U0_ps_ai_peripheral/ZGolo/u_AI_Mate_top/U0_ddr2hp_itcn/U0_dmux4/U3_aw_axi_fifo/w616d64_fifo.U0_w616d64_fifo/U0/inst_fifo_gen/gconvfifo.rf/grf.rf/gntv_or_sync_fifo.mem/dout[409].  Did not re-place instance U0_ps_ai_peripheral/ZGolo/u_AI_Mate_top/U0_ddr2hp_itcn/U0_dmux4/U3_aw_axi_fifo/w616d64_fifo.U0_w616d64_fifo/U0/inst_fifo_gen/gconvfifo.rf/grf.rf/gntv_or_sync_fifo.mem/goreg_bm.dout_i_reg[409]
INFO: [Physopt 32-662] Processed net U0_ps_ai_peripheral/ZGolo/u_AI_Mate_top/U0_ddr2hp_itcn/U0_dmux4/U3_aw_axi_fifo/w616d64_fifo.U0_w616d64_fifo/U0/inst_fifo_gen/gconvfifo.rf/grf.rf/gntv_or_sync_fifo.mem/dout[91].  Did not re-place instance U0_ps_ai_peripheral/ZGolo/u_AI_Mate_top/U0_ddr2hp_itcn/U0_dmux4/U3_aw_axi_fifo/w616d64_fifo.U0_w616d64_fifo/U0/inst_fifo_gen/gconvfifo.rf/grf.rf/gntv_or_sync_fifo.mem/goreg_bm.dout_i_reg[91]
INFO: [Physopt 32-662] Processed net U0_ps_ai_peripheral/ZGolo/u_AI_Mate_top/U0_ddr2hp_itcn/U0_dmux4/U3_aw_axi_fifo/w616d64_fifo.U0_w616d64_fifo/U0/inst_fifo_gen/gconvfifo.rf/grf.rf/gntv_or_sync_fifo.mem/dout[96].  Did not re-place instance U0_ps_ai_peripheral/ZGolo/u_AI_Mate_top/U0_ddr2hp_itcn/U0_dmux4/U3_aw_axi_fifo/w616d64_fifo.U0_w616d64_fifo/U0/inst_fifo_gen/gconvfifo.rf/grf.rf/gntv_or_sync_fifo.mem/goreg_bm.dout_i_reg[96]
INFO: [Physopt 32-662] Processed net U0_ps_ai_peripheral/ZGolo/u_AI_Mate_top/buyi_icore_post_top_u0/m_rdata[486].  Did not re-place instance U0_ps_ai_peripheral/ZGolo/u_AI_Mate_top/buyi_icore_post_top_u0/r_converter_u0/data_joint_u0/avr_frs_r_u0/s_data_reg[486]
INFO: [Physopt 32-662] Processed net U0_ps_ai_peripheral/ZGolo/u_AI_Mate_top/buyi_icore_post_top_u0/icore_post_top_u0/data_prefetch_u0/sub_comb[60]_i_1_n_0.  Did not re-place instance U0_ps_ai_peripheral/ZGolo/u_AI_Mate_top/buyi_icore_post_top_u0/icore_post_top_u0/data_prefetch_u0/sub_comb[60]_i_1
INFO: [Physopt 32-662] Processed net U0_ps_ai_peripheral/ZGolo/u_AI_Mate_top/buyi_icore_post_top_u0/icore_post_top_u0/data_prefetch_u0/gt_th_num[31]_i_15_n_0.  Did not re-place instance U0_ps_ai_peripheral/ZGolo/u_AI_Mate_top/buyi_icore_post_top_u0/icore_post_top_u0/data_prefetch_u0/gt_th_num[31]_i_15
INFO: [Physopt 32-663] Processed net U0_ps_ai_peripheral/ZGolo/u_AI_Mate_top/buyi_icore_post_top_u0/icore_post_top_u0/data_prefetch_u0/gt_th_num[31]_i_5_n_0.  Re-placed instance U0_ps_ai_peripheral/ZGolo/u_AI_Mate_top/buyi_icore_post_top_u0/icore_post_top_u0/data_prefetch_u0/gt_th_num[31]_i_5
INFO: [Physopt 32-662] Processed net U0_ps_ai_peripheral/ZGolo/u_AI_Mate_top/buyi_icore_post_top_u0/icore_post_top_u0/data_prefetch_u0/sub_comb[60]_i_5_n_0.  Did not re-place instance U0_ps_ai_peripheral/ZGolo/u_AI_Mate_top/buyi_icore_post_top_u0/icore_post_top_u0/data_prefetch_u0/sub_comb[60]_i_5
INFO: [Physopt 32-663] Processed net U0_ps_ai_peripheral/ZGolo/u_AI_Mate_top/U0_ddr2hp_itcn/U0_dmux4/U0_aw_axi_fifo/w616d64_fifo.U0_w616d64_fifo/U0/inst_fifo_gen/gconvfifo.rf/grf.rf/gntv_or_sync_fifo.mem/dout[456].  Re-placed instance U0_ps_ai_peripheral/ZGolo/u_AI_Mate_top/U0_ddr2hp_itcn/U0_dmux4/U0_aw_axi_fifo/w616d64_fifo.U0_w616d64_fifo/U0/inst_fifo_gen/gconvfifo.rf/grf.rf/gntv_or_sync_fifo.mem/goreg_bm.dout_i_reg[456]
INFO: [Physopt 32-663] Processed net U0_ps_ai_peripheral/ZGolo/u_AI_Mate_top/U0_ddr2hp_itcn/U0_dmux4/U0_aw_axi_fifo/w616d64_fifo.U0_w616d64_fifo/U0/inst_fifo_gen/gconvfifo.rf/grf.rf/gntv_or_sync_fifo.mem/dout[591].  Re-placed instance U0_ps_ai_peripheral/ZGolo/u_AI_Mate_top/U0_ddr2hp_itcn/U0_dmux4/U0_aw_axi_fifo/w616d64_fifo.U0_w616d64_fifo/U0/inst_fifo_gen/gconvfifo.rf/grf.rf/gntv_or_sync_fifo.mem/goreg_bm.dout_i_reg[591]
INFO: [Physopt 32-662] Processed net U0_ps_ai_peripheral/ZGolo/payload_tmp0[62]_i_1__0_n_0.  Did not re-place instance U0_ps_ai_peripheral/ZGolo/payload_tmp0[62]_i_1__0
INFO: [Physopt 32-662] Processed net U0_ps_ai_peripheral/ZGolo/u_AI_Mate_top/detpost_rd_itf\\.arvalid.  Did not re-place instance U0_ps_ai_peripheral/ZGolo/UserCustomOp_0_arready_INST_0_i_2
INFO: [Physopt 32-663] Processed net U0_ps_ai_peripheral/ZGolo/u_AI_Mate_top/buyi_icore_post_top_u0/s_arready.  Re-placed instance U0_ps_ai_peripheral/ZGolo/valid_tmp0_i_2
INFO: [Physopt 32-662] Processed net U0_ps_ai_peripheral/ZGolo/u_AI_Mate_top/detpost_rd_itf\\.arready.  Did not re-place instance U0_ps_ai_peripheral/ZGolo/post_info_fifo_u0_i_13
INFO: [Physopt 32-662] Processed net U0_ps_ai_peripheral/ZGolo/u_AI_Mate_top/buyi_icore_post_top_u0/armux.  Did not re-place instance U0_ps_ai_peripheral/ZGolo/u_AI_Mate_top/buyi_icore_post_top_u0/ar_converter_u0/armux_u0/cnt_reg[2]
INFO: [Physopt 32-663] Processed net U0_ps_ai_peripheral/ZGolo/u_AI_Mate_top/buyi_icore_post_top_u0/s_arvalid.  Re-placed instance U0_ps_ai_peripheral/ZGolo/post_info_fifo_u0_i_14
INFO: [Physopt 32-662] Processed net U_adder_top/U_flicker/dma/arvalid2_carry_i_2_n_0.  Did not re-place instance U_adder_top/U_flicker/dma/arvalid2_carry_i_2
INFO: [Physopt 32-663] Processed net U0_ps_ai_peripheral/ZGolo/u_AI_Mate_top/buyi_icore_post_top_u0/ar_converter_u0/payload_tmp0[50].  Re-placed instance U0_ps_ai_peripheral/ZGolo/u_AI_Mate_top/buyi_icore_post_top_u0/ar_converter_u0/ardwdc_u0/rs_gen.avr_rs_ar_u/u_avr_brs/payload_tmp0_reg[50]
INFO: [Physopt 32-663] Processed net U0_ps_ai_peripheral/ZGolo/u_AI_Mate_top/buyi_icore_post_top_u0/ar_converter_u0/payload_tmp0[51].  Re-placed instance U0_ps_ai_peripheral/ZGolo/u_AI_Mate_top/buyi_icore_post_top_u0/ar_converter_u0/ardwdc_u0/rs_gen.avr_rs_ar_u/u_avr_brs/payload_tmp0_reg[51]
INFO: [Physopt 32-663] Processed net U0_ps_ai_peripheral/ZGolo/u_AI_Mate_top/buyi_icore_post_top_u0/ar_converter_u0/payload_tmp0[59].  Re-placed instance U0_ps_ai_peripheral/ZGolo/u_AI_Mate_top/buyi_icore_post_top_u0/ar_converter_u0/ardwdc_u0/rs_gen.avr_rs_ar_u/u_avr_brs/payload_tmp0_reg[59]
INFO: [Physopt 32-662] Processed net U0_ps_ai_peripheral/ZGolo/u_AI_Mate_top/U0_ddr2hp_itcn/U0_dmux4/U3_aw_axi_fifo/w616d64_fifo.U0_w616d64_fifo/U0/inst_fifo_gen/gconvfifo.rf/grf.rf/gntv_or_sync_fifo.mem/dout[114].  Did not re-place instance U0_ps_ai_peripheral/ZGolo/u_AI_Mate_top/U0_ddr2hp_itcn/U0_dmux4/U3_aw_axi_fifo/w616d64_fifo.U0_w616d64_fifo/U0/inst_fifo_gen/gconvfifo.rf/grf.rf/gntv_or_sync_fifo.mem/goreg_bm.dout_i_reg[114]
INFO: [Physopt 32-662] Processed net U0_ps_ai_peripheral/ZGolo/u_AI_Mate_top/U0_ddr2hp_itcn/U0_dmux4/U3_aw_axi_fifo/w616d64_fifo.U0_w616d64_fifo/U0/inst_fifo_gen/gconvfifo.rf/grf.rf/gntv_or_sync_fifo.mem/dout[116].  Did not re-place instance U0_ps_ai_peripheral/ZGolo/u_AI_Mate_top/U0_ddr2hp_itcn/U0_dmux4/U3_aw_axi_fifo/w616d64_fifo.U0_w616d64_fifo/U0/inst_fifo_gen/gconvfifo.rf/grf.rf/gntv_or_sync_fifo.mem/goreg_bm.dout_i_reg[116]
INFO: [Physopt 32-662] Processed net U0_ps_ai_peripheral/ZGolo/u_AI_Mate_top/U0_ddr2hp_itcn/U0_dmux4/U3_aw_axi_fifo/w616d64_fifo.U0_w616d64_fifo/U0/inst_fifo_gen/gconvfifo.rf/grf.rf/gntv_or_sync_fifo.mem/dout[196].  Did not re-place instance U0_ps_ai_peripheral/ZGolo/u_AI_Mate_top/U0_ddr2hp_itcn/U0_dmux4/U3_aw_axi_fifo/w616d64_fifo.U0_w616d64_fifo/U0/inst_fifo_gen/gconvfifo.rf/grf.rf/gntv_or_sync_fifo.mem/goreg_bm.dout_i_reg[196]
INFO: [Physopt 32-662] Processed net U0_ps_ai_peripheral/ZGolo/u_AI_Mate_top/U0_ddr2hp_itcn/U0_dmux4/U3_aw_axi_fifo/w616d64_fifo.U0_w616d64_fifo/U0/inst_fifo_gen/gconvfifo.rf/grf.rf/gntv_or_sync_fifo.mem/dout[312].  Did not re-place instance U0_ps_ai_peripheral/ZGolo/u_AI_Mate_top/U0_ddr2hp_itcn/U0_dmux4/U3_aw_axi_fifo/w616d64_fifo.U0_w616d64_fifo/U0/inst_fifo_gen/gconvfifo.rf/grf.rf/gntv_or_sync_fifo.mem/goreg_bm.dout_i_reg[312]
INFO: [Physopt 32-662] Processed net U0_ps_ai_peripheral/ZGolo/u_AI_Mate_top/U0_ddr2hp_itcn/U0_dmux4/U3_aw_axi_fifo/w616d64_fifo.U0_w616d64_fifo/U0/inst_fifo_gen/gconvfifo.rf/grf.rf/gntv_or_sync_fifo.mem/dout[420].  Did not re-place instance U0_ps_ai_peripheral/ZGolo/u_AI_Mate_top/U0_ddr2hp_itcn/U0_dmux4/U3_aw_axi_fifo/w616d64_fifo.U0_w616d64_fifo/U0/inst_fifo_gen/gconvfifo.rf/grf.rf/gntv_or_sync_fifo.mem/goreg_bm.dout_i_reg[420]
INFO: [Physopt 32-662] Processed net U0_ps_ai_peripheral/ZGolo/u_AI_Mate_top/U0_ddr2hp_itcn/U0_dmux4/U3_aw_axi_fifo/w616d64_fifo.U0_w616d64_fifo/U0/inst_fifo_gen/gconvfifo.rf/grf.rf/gntv_or_sync_fifo.mem/dout[428].  Did not re-place instance U0_ps_ai_peripheral/ZGolo/u_AI_Mate_top/U0_ddr2hp_itcn/U0_dmux4/U3_aw_axi_fifo/w616d64_fifo.U0_w616d64_fifo/U0/inst_fifo_gen/gconvfifo.rf/grf.rf/gntv_or_sync_fifo.mem/goreg_bm.dout_i_reg[428]
INFO: [Physopt 32-661] Optimized 59 nets.  Re-placed 59 instances.
INFO: [Physopt 32-775] End 1 Pass. Optimized 59 nets or cells. Created 0 new cell, deleted 0 existing cell and moved 59 existing cells
INFO: [Physopt 32-619] Estimated Timing Summary | WNS=-0.236 | TNS=-0.873 |
Netlist sorting complete. Time (s): cpu = 00:00:00 ; elapsed = 00:00:00.132 . Memory (MB): peak = 2673.676 ; gain = 0.000
Phase 3 Placement Based Optimization | Checksum: 14b4b5e7a

Time (s): cpu = 00:01:30 ; elapsed = 00:00:50 . Memory (MB): peak = 2673.676 ; gain = 165.648

Phase 4 MultiInst Placement Optimization
INFO: [Physopt 32-660] Identified 100 candidate nets for placement-based optimization.
INFO: [Physopt 32-662] Processed net U0_ps_ai_peripheral/frame_to_ps_inst0/frame_read_write_m0/wr_wfifo_err_reg_0.  Did not re-place instance U0_ps_ai_peripheral/frame_to_ps_inst0/frame_read_write_m0/wr_wfifo_err_reg/Q
INFO: [Physopt 32-662] Processed net U0_ps_ai_peripheral/frame_to_ps_inst0/frame_read_write_m0/frame_fifo_write_m0/FSM_sequential_state[2]_i_3_n_0.  Did not re-place instance U0_ps_ai_peripheral/frame_to_ps_inst0/frame_read_write_m0/frame_fifo_write_m0/FSM_sequential_state[2]_i_3/O
INFO: [Physopt 32-662] Processed net U0_ps_ai_peripheral/frame_to_ps_inst0/frame_read_write_m0/frame_fifo_write_m0/FSM_sequential_state[1]_i_1_n_0.  Did not re-place instance U0_ps_ai_peripheral/frame_to_ps_inst0/frame_read_write_m0/frame_fifo_write_m0/FSM_sequential_state[1]_i_1/O
INFO: [Physopt 32-662] Processed net U0_ps_ai_peripheral/frame_to_ps_inst0/frame_read_write_m0/frame_fifo_write_m0/FSM_sequential_state[2]_i_4_n_0.  Did not re-place instance U0_ps_ai_peripheral/frame_to_ps_inst0/frame_read_write_m0/frame_fifo_write_m0/FSM_sequential_state[2]_i_4/O
INFO: [Physopt 32-662] Processed net U0_ps_ai_peripheral/frame_to_ps_inst0/frame_read_write_m0/frame_fifo_write_m0/FSM_sequential_state[2]_i_1_n_0.  Did not re-place instance U0_ps_ai_peripheral/frame_to_ps_inst0/frame_read_write_m0/frame_fifo_write_m0/FSM_sequential_state[2]_i_1/O
INFO: [Physopt 32-662] Processed net U0_ps_ai_peripheral/frame_to_ps_inst0/frame_read_write_m0/frame_fifo_write_m0/FSM_sequential_state[0]_i_1_n_0.  Did not re-place instance U0_ps_ai_peripheral/frame_to_ps_inst0/frame_read_write_m0/frame_fifo_write_m0/FSM_sequential_state[0]_i_1/O
INFO: [Physopt 32-662] Processed net U0_ps_ai_peripheral/frame_to_ps_inst0/frame_read_write_m0/D[0].  Did not re-place instance U0_ps_ai_peripheral/frame_to_ps_inst0/frame_read_write_m0/vout_data_r[0]_i_1/O
INFO: [Physopt 32-662] Processed net U0_ps_ai_peripheral/frame_to_ps_inst0/frame_read_write_m0/read_buf/U0/inst_fifo_gen/gconvfifo.rf/grf.rf/gntv_or_sync_fifo.mem/gbm.gbmg.gbmga.ngecc.bmg/inst_blk_mem_gen/gnbram.gnativebmg.native_blk_mem_gen/valid.cstr/has_mux_b.B/dout[0].  Did not re-place instance U0_ps_ai_peripheral/frame_to_ps_inst0/frame_read_write_m0/read_buf/U0/inst_fifo_gen/gconvfifo.rf/grf.rf/gntv_or_sync_fifo.mem/gbm.gbmg.gbmga.ngecc.bmg/inst_blk_mem_gen/gnbram.gnativebmg.native_blk_mem_gen/valid.cstr/has_mux_b.B/dout[0]_INST_0/O
INFO: [Physopt 32-663] Processed net U_adder_top/U_flicker/render/render_lane_2u_U0/flicker_render_piudo_U270/flicker_render_pipeline_ap_hmul_4_max_dsp_16_u/U0/i_synth/MULT.OP/EXP/STATE_UP_DELAY/i_pipe/RESULT_REG.NORMAL.exp_op_reg[4].  Re-placed instance U_adder_top/U_flicker/render/render_lane_2u_U0/flicker_render_piudo_U270/flicker_render_pipeline_ap_hmul_4_max_dsp_16_u/U0/i_synth/MULT.OP/EXP/STATE_UP_DELAY/i_pipe/RESULT_REG.NORMAL.exp_op[4]_i_1/O
INFO: [Physopt 32-662] Processed net U0_ps_ai_peripheral/frame_to_ps_inst0/frame_read_write_m0/frame_fifo_write_m0/FSM_sequential_state[1]_i_2_n_0.  Did not re-place instance U0_ps_ai_peripheral/frame_to_ps_inst0/frame_read_write_m0/frame_fifo_write_m0/FSM_sequential_state[1]_i_2/O
INFO: [Physopt 32-661] Optimized 1 net.  Re-placed 2 instances.
INFO: [Physopt 32-775] End 1 Pass. Optimized 1 net or cell. Created 0 new cell, deleted 0 existing cell and moved 2 existing cells
INFO: [Physopt 32-619] Estimated Timing Summary | WNS=-0.236 | TNS=-0.787 |
Netlist sorting complete. Time (s): cpu = 00:00:00 ; elapsed = 00:00:00.120 . Memory (MB): peak = 2673.676 ; gain = 0.000
Phase 4 MultiInst Placement Optimization | Checksum: 17204ef86

Time (s): cpu = 00:01:32 ; elapsed = 00:00:52 . Memory (MB): peak = 2673.676 ; gain = 165.648

Phase 5 Rewire
INFO: [Physopt 32-246] Starting Signal Push optimization...
INFO: [Physopt 32-241] No nets found for rewiring () optimization.
INFO: [Physopt 32-232] Optimized 0 net. Created 0 new instance.
INFO: [Physopt 32-775] End 1 Pass. Optimized 0 net or cell. Created 0 new cell, deleted 0 existing cell and moved 0 existing cell
Netlist sorting complete. Time (s): cpu = 00:00:00 ; elapsed = 00:00:00.138 . Memory (MB): peak = 2673.676 ; gain = 0.000
Phase 5 Rewire | Checksum: 17204ef86

Time (s): cpu = 00:01:33 ; elapsed = 00:00:53 . Memory (MB): peak = 2673.676 ; gain = 165.648

Phase 6 Critical Cell Optimization
INFO: [Physopt 32-46] Identified 2 candidate nets for critical-cell optimization.
INFO: [Physopt 32-81] Processed net U0_ps_ai_peripheral/frame_to_ps_inst0/frame_read_write_m0/wr_wfifo_err_reg_0. Replicated 1 times.
INFO: [Physopt 32-572] Net U0_ps_ai_peripheral/frame_to_ps_inst0/frame_read_write_m0/frame_fifo_write_m0/FSM_sequential_state[2]_i_3_n_0 was not replicated.
Resolution: phys_opt_design can be forced to replicate a net driver using the option -force_replication_on_nets <list of net objects>.
INFO: [Physopt 32-232] Optimized 1 net. Created 1 new instance.
INFO: [Physopt 32-775] End 1 Pass. Optimized 1 net or cell. Created 1 new cell, deleted 0 existing cell and moved 0 existing cell
INFO: [Physopt 32-619] Estimated Timing Summary | WNS=-0.201 | TNS=-0.682 |
Netlist sorting complete. Time (s): cpu = 00:00:00 ; elapsed = 00:00:00.135 . Memory (MB): peak = 2673.676 ; gain = 0.000
Phase 6 Critical Cell Optimization | Checksum: 1b86e3db2

Time (s): cpu = 00:01:35 ; elapsed = 00:00:55 . Memory (MB): peak = 2673.676 ; gain = 165.648

Phase 7 Fanout Optimization
INFO: [Physopt 32-76] Pass 1. Identified 2 candidate nets for fanout optimization.
INFO: [Physopt 32-572] Net U0_ps_ai_peripheral/ZGolo/u_AI_Mate_top/buyi_icore_post_top_u0/icore_post_top_u0/data_prefetch_u0/pobj_gt_th0 was not replicated.
Resolution: phys_opt_design can be forced to replicate a net driver using the option -force_replication_on_nets <list of net objects>.
INFO: [Physopt 32-81] Processed net U_adder_top/U_flicker/render/render_lane_0u_U0/grp_evaluate_group_0u_s_fu_446/tmp_259_reg_10680. Replicated 1 times.
INFO: [Physopt 32-232] Optimized 1 net. Created 1 new instance.
INFO: [Physopt 32-775] End 1 Pass. Optimized 1 net or cell. Created 1 new cell, deleted 0 existing cell and moved 0 existing cell
INFO: [Physopt 32-619] Estimated Timing Summary | WNS=-0.201 | TNS=-0.682 |
Netlist sorting complete. Time (s): cpu = 00:00:00 ; elapsed = 00:00:00.145 . Memory (MB): peak = 2673.676 ; gain = 0.000
Phase 7 Fanout Optimization | Checksum: 1b74a8d6a

Time (s): cpu = 00:01:38 ; elapsed = 00:00:58 . Memory (MB): peak = 2673.676 ; gain = 165.648

Phase 8 Placement Based Optimization
INFO: [Physopt 32-660] Identified 250 candidate nets for placement-based optimization.
INFO: [Physopt 32-662] Processed net U0_ps_ai_peripheral/frame_to_ps_inst0/frame_read_write_m0/frame_fifo_write_m0/FSM_sequential_state[2]_i_3_n_0.  Did not re-place instance U0_ps_ai_peripheral/frame_to_ps_inst0/frame_read_write_m0/frame_fifo_write_m0/FSM_sequential_state[2]_i_3
INFO: [Physopt 32-662] Processed net U0_ps_ai_peripheral/frame_to_ps_inst0/frame_read_write_m0/frame_fifo_write_m0/FSM_sequential_state[1]_i_1_n_0.  Did not re-place instance U0_ps_ai_peripheral/frame_to_ps_inst0/frame_read_write_m0/frame_fifo_write_m0/FSM_sequential_state[1]_i_1
INFO: [Physopt 32-662] Processed net U0_ps_ai_peripheral/frame_to_ps_inst0/frame_read_write_m0/frame_fifo_write_m0/FSM_sequential_state[2]_i_4_n_0.  Did not re-place instance U0_ps_ai_peripheral/frame_to_ps_inst0/frame_read_write_m0/frame_fifo_write_m0/FSM_sequential_state[2]_i_4
INFO: [Physopt 32-662] Processed net U0_ps_ai_peripheral/frame_to_ps_inst0/frame_read_write_m0/wr_wfifo_err_reg_0_repN.  Did not re-place instance U0_ps_ai_peripheral/frame_to_ps_inst0/frame_read_write_m0/wr_wfifo_err_reg_replica
INFO: [Physopt 32-662] Processed net U0_ps_ai_peripheral/frame_to_ps_inst0/frame_read_write_m0/frame_fifo_write_m0/state[1].  Did not re-place instance U0_ps_ai_peripheral/frame_to_ps_inst0/frame_read_write_m0/frame_fifo_write_m0/FSM_sequential_state_reg[1]
INFO: [Physopt 32-662] Processed net U0_ps_ai_peripheral/frame_to_ps_inst0/frame_read_write_m0/frame_fifo_write_m0/FSM_sequential_state[2]_i_1_n_0.  Did not re-place instance U0_ps_ai_peripheral/frame_to_ps_inst0/frame_read_write_m0/frame_fifo_write_m0/FSM_sequential_state[2]_i_1
INFO: [Physopt 32-662] Processed net U0_ps_ai_peripheral/frame_to_ps_inst0/frame_read_write_m0/frame_fifo_write_m0/state[2].  Did not re-place instance U0_ps_ai_peripheral/frame_to_ps_inst0/frame_read_write_m0/frame_fifo_write_m0/FSM_sequential_state_reg[2]
INFO: [Physopt 32-662] Processed net U0_ps_ai_peripheral/frame_to_ps_inst0/frame_read_write_m0/frame_fifo_write_m0/FSM_sequential_state[0]_i_1_n_0.  Did not re-place instance U0_ps_ai_peripheral/frame_to_ps_inst0/frame_read_write_m0/frame_fifo_write_m0/FSM_sequential_state[0]_i_1
INFO: [Physopt 32-662] Processed net U0_ps_ai_peripheral/frame_to_ps_inst0/frame_read_write_m0/frame_fifo_write_m0/state[0].  Did not re-place instance U0_ps_ai_peripheral/frame_to_ps_inst0/frame_read_write_m0/frame_fifo_write_m0/FSM_sequential_state_reg[0]
INFO: [Physopt 32-662] Processed net U0_ps_ai_peripheral/frame_to_ps_inst0/frame_read_write_m0/D[0].  Did not re-place instance U0_ps_ai_peripheral/frame_to_ps_inst0/frame_read_write_m0/vout_data_r[0]_i_1
INFO: [Physopt 32-662] Processed net U0_ps_ai_peripheral/frame_to_ps_inst0/frame_read_write_m0/read_buf/U0/inst_fifo_gen/gconvfifo.rf/grf.rf/gntv_or_sync_fifo.mem/gbm.gbmg.gbmga.ngecc.bmg/inst_blk_mem_gen/gnbram.gnativebmg.native_blk_mem_gen/valid.cstr/has_mux_b.B/dout[0].  Did not re-place instance U0_ps_ai_peripheral/frame_to_ps_inst0/frame_read_write_m0/read_buf/U0/inst_fifo_gen/gconvfifo.rf/grf.rf/gntv_or_sync_fifo.mem/gbm.gbmg.gbmga.ngecc.bmg/inst_blk_mem_gen/gnbram.gnativebmg.native_blk_mem_gen/valid.cstr/has_mux_b.B/dout[0]_INST_0
INFO: [Physopt 32-662] Processed net U0_ps_ai_peripheral/frame_to_ps_inst0/video_rect_read_data_m0/Q[0].  Did not re-place instance U0_ps_ai_peripheral/frame_to_ps_inst0/video_rect_read_data_m0/vout_data_r_reg[0]
INFO: [Physopt 32-662] Processed net U0_ps_ai_peripheral/frame_to_ps_inst0/frame_read_write_m0/wr_wfifo_err_reg_0.  Did not re-place instance U0_ps_ai_peripheral/frame_to_ps_inst0/frame_read_write_m0/wr_wfifo_err_reg
INFO: [Physopt 32-662] Processed net U0_ps_ai_peripheral/frame_to_ps_inst0/frame_read_write_m0/frame_fifo_write_m0/FSM_sequential_state[1]_i_2_n_0.  Did not re-place instance U0_ps_ai_peripheral/frame_to_ps_inst0/frame_read_write_m0/frame_fifo_write_m0/FSM_sequential_state[1]_i_2
INFO: [Physopt 32-662] Processed net U0_ps_ai_peripheral/frame_to_ps_inst0/frame_read_write_m0/frame_fifo_write_m0/FSM_sequential_state[2]_i_2__0_n_0.  Did not re-place instance U0_ps_ai_peripheral/frame_to_ps_inst0/frame_read_write_m0/frame_fifo_write_m0/FSM_sequential_state[2]_i_2__0
INFO: [Physopt 32-662] Processed net U0_ps_ai_peripheral/ZGolo/u_AI_Mate_top/U0_ddr2hp_itcn/U0_dmux4/U3_aw_axi_fifo/w616d64_fifo.U0_w616d64_fifo/U0/inst_fifo_gen/gconvfifo.rf/grf.rf/gntv_or_sync_fifo.gl0.rd/gr1.gr1_int.rfwft/E[0].  Did not re-place instance U0_ps_ai_peripheral/ZGolo/u_AI_Mate_top/U0_ddr2hp_itcn/U0_dmux4/U3_aw_axi_fifo/w616d64_fifo.U0_w616d64_fifo/U0/inst_fifo_gen/gconvfifo.rf/grf.rf/gntv_or_sync_fifo.gl0.rd/gr1.gr1_int.rfwft/goreg_bm.dout_i[615]_i_1
INFO: [Physopt 32-662] Processed net U0_ps_ai_peripheral/ZGolo/u_AI_Mate_top/U0_ddr2hp_itcn/U0_dmux4/w616d64_fifo.U0_w616d64_fifo_i_2__2_n_0.  Did not re-place instance U0_ps_ai_peripheral/ZGolo/u_AI_Mate_top/U0_ddr2hp_itcn/U0_dmux4/w616d64_fifo.U0_w616d64_fifo_i_2__2
INFO: [Physopt 32-662] Processed net U0_ps_ai_peripheral/ZGolo/u_AI_Mate_top/U0_ddr2hp_itcn/s3_ddr_ww_itf\\.awwready.  Did not re-place instance U0_ps_ai_peripheral/ZGolo/u_AI_Mate_top/U0_ddr2hp_itcn/U0_dmux4_i_7
INFO: [Physopt 32-662] Processed net U0_ps_ai_peripheral/ZGolo/u_AI_Mate_top/U0_ddr2hp_itcn/U0_dmux4/U3_aw_axi_fifo/w616d64_fifo.U0_w616d64_fifo/U0/inst_fifo_gen/gconvfifo.rf/grf.rf/gntv_or_sync_fifo.mem/dout[489].  Did not re-place instance U0_ps_ai_peripheral/ZGolo/u_AI_Mate_top/U0_ddr2hp_itcn/U0_dmux4/U3_aw_axi_fifo/w616d64_fifo.U0_w616d64_fifo/U0/inst_fifo_gen/gconvfifo.rf/grf.rf/gntv_or_sync_fifo.mem/goreg_bm.dout_i_reg[489]
INFO: [Physopt 32-662] Processed net U0_ps_ai_peripheral/ZGolo/u_AI_Mate_top/U0_ddr2hp_itcn/U0_dmux4/U3_aw_axi_fifo/w616d64_fifo.U0_w616d64_fifo/U0/inst_fifo_gen/gconvfifo.rf/grf.rf/gntv_or_sync_fifo.mem/dout[593].  Did not re-place instance U0_ps_ai_peripheral/ZGolo/u_AI_Mate_top/U0_ddr2hp_itcn/U0_dmux4/U3_aw_axi_fifo/w616d64_fifo.U0_w616d64_fifo/U0/inst_fifo_gen/gconvfifo.rf/grf.rf/gntv_or_sync_fifo.mem/goreg_bm.dout_i_reg[593]
INFO: [Physopt 32-662] Processed net U0_ps_ai_peripheral/ZGolo/u_AI_Mate_top/U0_ddr2hp_itcn/U0_dmux4/U3_aw_axi_fifo/w616d64_fifo.U0_w616d64_fifo/U0/inst_fifo_gen/gconvfifo.rf/grf.rf/gntv_or_sync_fifo.mem/dout[595].  Did not re-place instance U0_ps_ai_peripheral/ZGolo/u_AI_Mate_top/U0_ddr2hp_itcn/U0_dmux4/U3_aw_axi_fifo/w616d64_fifo.U0_w616d64_fifo/U0/inst_fifo_gen/gconvfifo.rf/grf.rf/gntv_or_sync_fifo.mem/goreg_bm.dout_i_reg[595]
INFO: [Physopt 32-662] Processed net U0_ps_ai_peripheral/ZGolo/u_AI_Mate_top/U0_ddr2hp_itcn/U0_dmux4/U3_aw_axi_fifo/w616d64_fifo.U0_w616d64_fifo/U0/inst_fifo_gen/gconvfifo.rf/grf.rf/gntv_or_sync_fifo.mem/dout[108].  Did not re-place instance U0_ps_ai_peripheral/ZGolo/u_AI_Mate_top/U0_ddr2hp_itcn/U0_dmux4/U3_aw_axi_fifo/w616d64_fifo.U0_w616d64_fifo/U0/inst_fifo_gen/gconvfifo.rf/grf.rf/gntv_or_sync_fifo.mem/goreg_bm.dout_i_reg[108]
INFO: [Physopt 32-662] Processed net U0_ps_ai_peripheral/ZGolo/u_AI_Mate_top/U0_ddr2hp_itcn/U0_dmux4/U3_aw_axi_fifo/w616d64_fifo.U0_w616d64_fifo/U0/inst_fifo_gen/gconvfifo.rf/grf.rf/gntv_or_sync_fifo.mem/dout[113].  Did not re-place instance U0_ps_ai_peripheral/ZGolo/u_AI_Mate_top/U0_ddr2hp_itcn/U0_dmux4/U3_aw_axi_fifo/w616d64_fifo.U0_w616d64_fifo/U0/inst_fifo_gen/gconvfifo.rf/grf.rf/gntv_or_sync_fifo.mem/goreg_bm.dout_i_reg[113]
INFO: [Physopt 32-662] Processed net U0_ps_ai_peripheral/ZGolo/u_AI_Mate_top/U0_ddr2hp_itcn/U0_dmux4/U3_aw_axi_fifo/w616d64_fifo.U0_w616d64_fifo/U0/inst_fifo_gen/gconvfifo.rf/grf.rf/gntv_or_sync_fifo.mem/dout[135].  Did not re-place instance U0_ps_ai_peripheral/ZGolo/u_AI_Mate_top/U0_ddr2hp_itcn/U0_dmux4/U3_aw_axi_fifo/w616d64_fifo.U0_w616d64_fifo/U0/inst_fifo_gen/gconvfifo.rf/grf.rf/gntv_or_sync_fifo.mem/goreg_bm.dout_i_reg[135]
INFO: [Physopt 32-662] Processed net U0_ps_ai_peripheral/ZGolo/u_AI_Mate_top/U0_ddr2hp_itcn/U0_dmux4/U3_aw_axi_fifo/w616d64_fifo.U0_w616d64_fifo/U0/inst_fifo_gen/gconvfifo.rf/grf.rf/gntv_or_sync_fifo.mem/dout[209].  Did not re-place instance U0_ps_ai_peripheral/ZGolo/u_AI_Mate_top/U0_ddr2hp_itcn/U0_dmux4/U3_aw_axi_fifo/w616d64_fifo.U0_w616d64_fifo/U0/inst_fifo_gen/gconvfifo.rf/grf.rf/gntv_or_sync_fifo.mem/goreg_bm.dout_i_reg[209]
INFO: [Physopt 32-662] Processed net U0_ps_ai_peripheral/ZGolo/u_AI_Mate_top/U0_ddr2hp_itcn/U0_dmux4/U3_aw_axi_fifo/w616d64_fifo.U0_w616d64_fifo/U0/inst_fifo_gen/gconvfifo.rf/grf.rf/gntv_or_sync_fifo.mem/dout[404].  Did not re-place instance U0_ps_ai_peripheral/ZGolo/u_AI_Mate_top/U0_ddr2hp_itcn/U0_dmux4/U3_aw_axi_fifo/w616d64_fifo.U0_w616d64_fifo/U0/inst_fifo_gen/gconvfifo.rf/grf.rf/gntv_or_sync_fifo.mem/goreg_bm.dout_i_reg[404]
INFO: [Physopt 32-662] Processed net U0_ps_ai_peripheral/ZGolo/u_AI_Mate_top/U0_ddr2hp_itcn/U0_dmux4/U3_aw_axi_fifo/w616d64_fifo.U0_w616d64_fifo/U0/inst_fifo_gen/gconvfifo.rf/grf.rf/gntv_or_sync_fifo.mem/dout[405].  Did not re-place instance U0_ps_ai_peripheral/ZGolo/u_AI_Mate_top/U0_ddr2hp_itcn/U0_dmux4/U3_aw_axi_fifo/w616d64_fifo.U0_w616d64_fifo/U0/inst_fifo_gen/gconvfifo.rf/grf.rf/gntv_or_sync_fifo.mem/goreg_bm.dout_i_reg[405]
INFO: [Physopt 32-662] Processed net U0_ps_ai_peripheral/ZGolo/u_AI_Mate_top/U0_ddr2hp_itcn/U0_dmux4/U3_aw_axi_fifo/w616d64_fifo.U0_w616d64_fifo/U0/inst_fifo_gen/gconvfifo.rf/grf.rf/gntv_or_sync_fifo.mem/dout[87].  Did not re-place instance U0_ps_ai_peripheral/ZGolo/u_AI_Mate_top/U0_ddr2hp_itcn/U0_dmux4/U3_aw_axi_fifo/w616d64_fifo.U0_w616d64_fifo/U0/inst_fifo_gen/gconvfifo.rf/grf.rf/gntv_or_sync_fifo.mem/goreg_bm.dout_i_reg[87]
INFO: [Physopt 32-662] Processed net U0_ps_ai_peripheral/frame_to_ps_inst0/frame_read_write_m0/frame_fifo_write_m0/wr_burst_len[4]_i_1_n_0.  Did not re-place instance U0_ps_ai_peripheral/frame_to_ps_inst0/frame_read_write_m0/frame_fifo_write_m0/wr_burst_len[4]_i_1
INFO: [Physopt 32-662] Processed net U0_ps_ai_peripheral/frame_to_ps_inst0/frame_read_write_m0/frame_fifo_write_m0/wr_burst_len[4]_i_2_n_0.  Did not re-place instance U0_ps_ai_peripheral/frame_to_ps_inst0/frame_read_write_m0/frame_fifo_write_m0/wr_burst_len[4]_i_2
INFO: [Physopt 32-662] Processed net U0_ps_ai_peripheral/frame_to_ps_inst0/frame_read_write_m0/frame_fifo_write_m0/ch0_wr_burst_len[0].  Did not re-place instance U0_ps_ai_peripheral/frame_to_ps_inst0/frame_read_write_m0/frame_fifo_write_m0/wr_burst_len_reg[4]
INFO: [Physopt 32-662] Processed net U0_ps_ai_peripheral/frame_to_ps_inst0/frame_read_write_m0/frame_fifo_write_m0/wr_burst_req_i_1_n_0.  Did not re-place instance U0_ps_ai_peripheral/frame_to_ps_inst0/frame_read_write_m0/frame_fifo_write_m0/wr_burst_req_i_1
INFO: [Physopt 32-662] Processed net U0_ps_ai_peripheral/frame_to_ps_inst0/frame_read_write_m0/frame_fifo_write_m0/wr_burst_req_i_3_n_0.  Did not re-place instance U0_ps_ai_peripheral/frame_to_ps_inst0/frame_read_write_m0/frame_fifo_write_m0/wr_burst_req_i_3
INFO: [Physopt 32-662] Processed net U0_ps_ai_peripheral/frame_to_ps_inst0/frame_read_write_m0/frame_fifo_write_m0/ch0_wr_burst_req.  Did not re-place instance U0_ps_ai_peripheral/frame_to_ps_inst0/frame_read_write_m0/frame_fifo_write_m0/wr_burst_req_reg
INFO: [Physopt 32-662] Processed net U0_ps_ai_peripheral/ZGolo/u_AI_Mate_top/U0_ddr2hp_itcn/U0_dmux4/U3_aw_axi_fifo/w616d64_fifo.U0_w616d64_fifo/U0/inst_fifo_gen/gconvfifo.rf/grf.rf/gntv_or_sync_fifo.mem/dout[265].  Did not re-place instance U0_ps_ai_peripheral/ZGolo/u_AI_Mate_top/U0_ddr2hp_itcn/U0_dmux4/U3_aw_axi_fifo/w616d64_fifo.U0_w616d64_fifo/U0/inst_fifo_gen/gconvfifo.rf/grf.rf/gntv_or_sync_fifo.mem/goreg_bm.dout_i_reg[265]
INFO: [Physopt 32-662] Processed net U0_ps_ai_peripheral/ZGolo/u_AI_Mate_top/U0_ddr2hp_itcn/U0_dmux4/U3_aw_axi_fifo/w616d64_fifo.U0_w616d64_fifo/U0/inst_fifo_gen/gconvfifo.rf/grf.rf/gntv_or_sync_fifo.mem/dout[361].  Did not re-place instance U0_ps_ai_peripheral/ZGolo/u_AI_Mate_top/U0_ddr2hp_itcn/U0_dmux4/U3_aw_axi_fifo/w616d64_fifo.U0_w616d64_fifo/U0/inst_fifo_gen/gconvfifo.rf/grf.rf/gntv_or_sync_fifo.mem/goreg_bm.dout_i_reg[361]
INFO: [Physopt 32-662] Processed net U0_ps_ai_peripheral/ZGolo/u_AI_Mate_top/U0_ddr2hp_itcn/U0_dmux4/U3_aw_axi_fifo/w616d64_fifo.U0_w616d64_fifo/U0/inst_fifo_gen/gconvfifo.rf/grf.rf/gntv_or_sync_fifo.mem/dout[375].  Did not re-place instance U0_ps_ai_peripheral/ZGolo/u_AI_Mate_top/U0_ddr2hp_itcn/U0_dmux4/U3_aw_axi_fifo/w616d64_fifo.U0_w616d64_fifo/U0/inst_fifo_gen/gconvfifo.rf/grf.rf/gntv_or_sync_fifo.mem/goreg_bm.dout_i_reg[375]
INFO: [Physopt 32-662] Processed net U0_ps_ai_peripheral/ZGolo/u_AI_Mate_top/U0_ddr2hp_itcn/U0_dmux4/U3_aw_axi_fifo/w616d64_fifo.U0_w616d64_fifo/U0/inst_fifo_gen/gconvfifo.rf/grf.rf/gntv_or_sync_fifo.mem/dout[106].  Did not re-place instance U0_ps_ai_peripheral/ZGolo/u_AI_Mate_top/U0_ddr2hp_itcn/U0_dmux4/U3_aw_axi_fifo/w616d64_fifo.U0_w616d64_fifo/U0/inst_fifo_gen/gconvfifo.rf/grf.rf/gntv_or_sync_fifo.mem/goreg_bm.dout_i_reg[106]
INFO: [Physopt 32-662] Processed net U0_ps_ai_peripheral/ZGolo/u_AI_Mate_top/U0_ddr2hp_itcn/U0_dmux4/U3_aw_axi_fifo/w616d64_fifo.U0_w616d64_fifo/U0/inst_fifo_gen/gconvfifo.rf/grf.rf/gntv_or_sync_fifo.mem/dout[107].  Did not re-place instance U0_ps_ai_peripheral/ZGolo/u_AI_Mate_top/U0_ddr2hp_itcn/U0_dmux4/U3_aw_axi_fifo/w616d64_fifo.U0_w616d64_fifo/U0/inst_fifo_gen/gconvfifo.rf/grf.rf/gntv_or_sync_fifo.mem/goreg_bm.dout_i_reg[107]
INFO: [Physopt 32-662] Processed net U0_ps_ai_peripheral/ZGolo/u_AI_Mate_top/U0_ddr2hp_itcn/U0_dmux4/U3_aw_axi_fifo/w616d64_fifo.U0_w616d64_fifo/U0/inst_fifo_gen/gconvfifo.rf/grf.rf/gntv_or_sync_fifo.mem/dout[132].  Did not re-place instance U0_ps_ai_peripheral/ZGolo/u_AI_Mate_top/U0_ddr2hp_itcn/U0_dmux4/U3_aw_axi_fifo/w616d64_fifo.U0_w616d64_fifo/U0/inst_fifo_gen/gconvfifo.rf/grf.rf/gntv_or_sync_fifo.mem/goreg_bm.dout_i_reg[132]
INFO: [Physopt 32-662] Processed net U0_ps_ai_peripheral/ZGolo/u_AI_Mate_top/U0_ddr2hp_itcn/U0_dmux4/U3_aw_axi_fifo/w616d64_fifo.U0_w616d64_fifo/U0/inst_fifo_gen/gconvfifo.rf/grf.rf/gntv_or_sync_fifo.mem/dout[133].  Did not re-place instance U0_ps_ai_peripheral/ZGolo/u_AI_Mate_top/U0_ddr2hp_itcn/U0_dmux4/U3_aw_axi_fifo/w616d64_fifo.U0_w616d64_fifo/U0/inst_fifo_gen/gconvfifo.rf/grf.rf/gntv_or_sync_fifo.mem/goreg_bm.dout_i_reg[133]
INFO: [Physopt 32-662] Processed net U0_ps_ai_peripheral/ZGolo/u_AI_Mate_top/U0_ddr2hp_itcn/U0_dmux4/U3_aw_axi_fifo/w616d64_fifo.U0_w616d64_fifo/U0/inst_fifo_gen/gconvfifo.rf/grf.rf/gntv_or_sync_fifo.mem/dout[161].  Did not re-place instance U0_ps_ai_peripheral/ZGolo/u_AI_Mate_top/U0_ddr2hp_itcn/U0_dmux4/U3_aw_axi_fifo/w616d64_fifo.U0_w616d64_fifo/U0/inst_fifo_gen/gconvfifo.rf/grf.rf/gntv_or_sync_fifo.mem/goreg_bm.dout_i_reg[161]
INFO: [Physopt 32-662] Processed net U0_ps_ai_peripheral/ZGolo/u_AI_Mate_top/U0_ddr2hp_itcn/U0_dmux4/U3_aw_axi_fifo/w616d64_fifo.U0_w616d64_fifo/U0/inst_fifo_gen/gconvfifo.rf/grf.rf/gntv_or_sync_fifo.mem/dout[182].  Did not re-place instance U0_ps_ai_peripheral/ZGolo/u_AI_Mate_top/U0_ddr2hp_itcn/U0_dmux4/U3_aw_axi_fifo/w616d64_fifo.U0_w616d64_fifo/U0/inst_fifo_gen/gconvfifo.rf/grf.rf/gntv_or_sync_fifo.mem/goreg_bm.dout_i_reg[182]
INFO: [Physopt 32-662] Processed net U0_ps_ai_peripheral/ZGolo/u_AI_Mate_top/U0_ddr2hp_itcn/U0_dmux4/U3_aw_axi_fifo/w616d64_fifo.U0_w616d64_fifo/U0/inst_fifo_gen/gconvfifo.rf/grf.rf/gntv_or_sync_fifo.mem/dout[111].  Did not re-place instance U0_ps_ai_peripheral/ZGolo/u_AI_Mate_top/U0_ddr2hp_itcn/U0_dmux4/U3_aw_axi_fifo/w616d64_fifo.U0_w616d64_fifo/U0/inst_fifo_gen/gconvfifo.rf/grf.rf/gntv_or_sync_fifo.mem/goreg_bm.dout_i_reg[111]
INFO: [Physopt 32-662] Processed net U0_ps_ai_peripheral/ZGolo/u_AI_Mate_top/U0_ddr2hp_itcn/U0_dmux4/U3_aw_axi_fifo/w616d64_fifo.U0_w616d64_fifo/U0/inst_fifo_gen/gconvfifo.rf/grf.rf/gntv_or_sync_fifo.mem/dout[185].  Did not re-place instance U0_ps_ai_peripheral/ZGolo/u_AI_Mate_top/U0_ddr2hp_itcn/U0_dmux4/U3_aw_axi_fifo/w616d64_fifo.U0_w616d64_fifo/U0/inst_fifo_gen/gconvfifo.rf/grf.rf/gntv_or_sync_fifo.mem/goreg_bm.dout_i_reg[185]
INFO: [Physopt 32-662] Processed net U0_ps_ai_peripheral/ZGolo/u_AI_Mate_top/U0_ddr2hp_itcn/U0_dmux4/U3_aw_axi_fifo/w616d64_fifo.U0_w616d64_fifo/U0/inst_fifo_gen/gconvfifo.rf/grf.rf/gntv_or_sync_fifo.mem/dout[303].  Did not re-place instance U0_ps_ai_peripheral/ZGolo/u_AI_Mate_top/U0_ddr2hp_itcn/U0_dmux4/U3_aw_axi_fifo/w616d64_fifo.U0_w616d64_fifo/U0/inst_fifo_gen/gconvfifo.rf/grf.rf/gntv_or_sync_fifo.mem/goreg_bm.dout_i_reg[303]
INFO: [Physopt 32-662] Processed net U0_ps_ai_peripheral/ZGolo/u_AI_Mate_top/U0_ddr2hp_itcn/U0_dmux4/U3_aw_axi_fifo/w616d64_fifo.U0_w616d64_fifo/U0/inst_fifo_gen/gconvfifo.rf/grf.rf/gntv_or_sync_fifo.mem/dout[374].  Did not re-place instance U0_ps_ai_peripheral/ZGolo/u_AI_Mate_top/U0_ddr2hp_itcn/U0_dmux4/U3_aw_axi_fifo/w616d64_fifo.U0_w616d64_fifo/U0/inst_fifo_gen/gconvfifo.rf/grf.rf/gntv_or_sync_fifo.mem/goreg_bm.dout_i_reg[374]
INFO: [Physopt 32-662] Processed net U0_ps_ai_peripheral/ZGolo/u_AI_Mate_top/U0_ddr2hp_itcn/U0_dmux4/U3_aw_axi_fifo/w616d64_fifo.U0_w616d64_fifo/U0/inst_fifo_gen/gconvfifo.rf/grf.rf/gntv_or_sync_fifo.mem/dout[418].  Did not re-place instance U0_ps_ai_peripheral/ZGolo/u_AI_Mate_top/U0_ddr2hp_itcn/U0_dmux4/U3_aw_axi_fifo/w616d64_fifo.U0_w616d64_fifo/U0/inst_fifo_gen/gconvfifo.rf/grf.rf/gntv_or_sync_fifo.mem/goreg_bm.dout_i_reg[418]
INFO: [Physopt 32-662] Processed net U0_ps_ai_peripheral/ZGolo/u_AI_Mate_top/U0_ddr2hp_itcn/U0_dmux4/U3_aw_axi_fifo/w616d64_fifo.U0_w616d64_fifo/U0/inst_fifo_gen/gconvfifo.rf/grf.rf/gntv_or_sync_fifo.mem/dout[521].  Did not re-place instance U0_ps_ai_peripheral/ZGolo/u_AI_Mate_top/U0_ddr2hp_itcn/U0_dmux4/U3_aw_axi_fifo/w616d64_fifo.U0_w616d64_fifo/U0/inst_fifo_gen/gconvfifo.rf/grf.rf/gntv_or_sync_fifo.mem/goreg_bm.dout_i_reg[521]
INFO: [Physopt 32-662] Processed net U0_ps_ai_peripheral/ZGolo/u_AI_Mate_top/U0_ddr2hp_itcn/U0_dmux4/U3_aw_axi_fifo/w616d64_fifo.U0_w616d64_fifo/U0/inst_fifo_gen/gconvfifo.rf/grf.rf/gntv_or_sync_fifo.mem/dout[84].  Did not re-place instance U0_ps_ai_peripheral/ZGolo/u_AI_Mate_top/U0_ddr2hp_itcn/U0_dmux4/U3_aw_axi_fifo/w616d64_fifo.U0_w616d64_fifo/U0/inst_fifo_gen/gconvfifo.rf/grf.rf/gntv_or_sync_fifo.mem/goreg_bm.dout_i_reg[84]
INFO: [Physopt 32-662] Processed net U0_ps_ai_peripheral/ZGolo/u_AI_Mate_top/U0_ddr2hp_itcn/U0_dmux4/U3_aw_axi_fifo/w616d64_fifo.U0_w616d64_fifo/U0/inst_fifo_gen/gconvfifo.rf/grf.rf/gntv_or_sync_fifo.mem/dout[179].  Did not re-place instance U0_ps_ai_peripheral/ZGolo/u_AI_Mate_top/U0_ddr2hp_itcn/U0_dmux4/U3_aw_axi_fifo/w616d64_fifo.U0_w616d64_fifo/U0/inst_fifo_gen/gconvfifo.rf/grf.rf/gntv_or_sync_fifo.mem/goreg_bm.dout_i_reg[179]
INFO: [Physopt 32-662] Processed net U0_ps_ai_peripheral/ZGolo/u_AI_Mate_top/U0_ddr2hp_itcn/U0_dmux4/U3_aw_axi_fifo/w616d64_fifo.U0_w616d64_fifo/U0/inst_fifo_gen/gconvfifo.rf/grf.rf/gntv_or_sync_fifo.mem/dout[365].  Did not re-place instance U0_ps_ai_peripheral/ZGolo/u_AI_Mate_top/U0_ddr2hp_itcn/U0_dmux4/U3_aw_axi_fifo/w616d64_fifo.U0_w616d64_fifo/U0/inst_fifo_gen/gconvfifo.rf/grf.rf/gntv_or_sync_fifo.mem/goreg_bm.dout_i_reg[365]
INFO: [Physopt 32-662] Processed net U0_ps_ai_peripheral/ZGolo/u_AI_Mate_top/U0_ddr2hp_itcn/U0_dmux4/U3_aw_axi_fifo/w616d64_fifo.U0_w616d64_fifo/U0/inst_fifo_gen/gconvfifo.rf/grf.rf/gntv_or_sync_fifo.mem/dout[534].  Did not re-place instance U0_ps_ai_peripheral/ZGolo/u_AI_Mate_top/U0_ddr2hp_itcn/U0_dmux4/U3_aw_axi_fifo/w616d64_fifo.U0_w616d64_fifo/U0/inst_fifo_gen/gconvfifo.rf/grf.rf/gntv_or_sync_fifo.mem/goreg_bm.dout_i_reg[534]
INFO: [Physopt 32-662] Processed net U0_ps_ai_peripheral/ZGolo/u_AI_Mate_top/U0_ddr2hp_itcn/U0_dmux4/U3_aw_axi_fifo/w616d64_fifo.U0_w616d64_fifo/U0/inst_fifo_gen/gconvfifo.rf/grf.rf/gntv_or_sync_fifo.mem/dout[52].  Did not re-place instance U0_ps_ai_peripheral/ZGolo/u_AI_Mate_top/U0_ddr2hp_itcn/U0_dmux4/U3_aw_axi_fifo/w616d64_fifo.U0_w616d64_fifo/U0/inst_fifo_gen/gconvfifo.rf/grf.rf/gntv_or_sync_fifo.mem/goreg_bm.dout_i_reg[52]
INFO: [Physopt 32-662] Processed net U0_ps_ai_peripheral/ZGolo/u_AI_Mate_top/U0_ddr2hp_itcn/U0_dmux4/U3_aw_axi_fifo/w616d64_fifo.U0_w616d64_fifo/U0/inst_fifo_gen/gconvfifo.rf/grf.rf/gntv_or_sync_fifo.mem/dout[540].  Did not re-place instance U0_ps_ai_peripheral/ZGolo/u_AI_Mate_top/U0_ddr2hp_itcn/U0_dmux4/U3_aw_axi_fifo/w616d64_fifo.U0_w616d64_fifo/U0/inst_fifo_gen/gconvfifo.rf/grf.rf/gntv_or_sync_fifo.mem/goreg_bm.dout_i_reg[540]
INFO: [Physopt 32-662] Processed net U0_ps_ai_peripheral/ZGolo/u_AI_Mate_top/U0_ddr2hp_itcn/U0_dmux4/U3_aw_axi_fifo/w616d64_fifo.U0_w616d64_fifo/U0/inst_fifo_gen/gconvfifo.rf/grf.rf/gntv_or_sync_fifo.mem/dout[542].  Did not re-place instance U0_ps_ai_peripheral/ZGolo/u_AI_Mate_top/U0_ddr2hp_itcn/U0_dmux4/U3_aw_axi_fifo/w616d64_fifo.U0_w616d64_fifo/U0/inst_fifo_gen/gconvfifo.rf/grf.rf/gntv_or_sync_fifo.mem/goreg_bm.dout_i_reg[542]
INFO: [Physopt 32-662] Processed net U0_ps_ai_peripheral/ZGolo/u_AI_Mate_top/U0_ddr2hp_itcn/U0_dmux4/U3_aw_axi_fifo/w616d64_fifo.U0_w616d64_fifo/U0/inst_fifo_gen/gconvfifo.rf/grf.rf/gntv_or_sync_fifo.mem/dout[104].  Did not re-place instance U0_ps_ai_peripheral/ZGolo/u_AI_Mate_top/U0_ddr2hp_itcn/U0_dmux4/U3_aw_axi_fifo/w616d64_fifo.U0_w616d64_fifo/U0/inst_fifo_gen/gconvfifo.rf/grf.rf/gntv_or_sync_fifo.mem/goreg_bm.dout_i_reg[104]
INFO: [Physopt 32-662] Processed net U0_ps_ai_peripheral/ZGolo/u_AI_Mate_top/U0_ddr2hp_itcn/U0_dmux4/U3_aw_axi_fifo/w616d64_fifo.U0_w616d64_fifo/U0/inst_fifo_gen/gconvfifo.rf/grf.rf/gntv_or_sync_fifo.mem/dout[172].  Did not re-place instance U0_ps_ai_peripheral/ZGolo/u_AI_Mate_top/U0_ddr2hp_itcn/U0_dmux4/U3_aw_axi_fifo/w616d64_fifo.U0_w616d64_fifo/U0/inst_fifo_gen/gconvfifo.rf/grf.rf/gntv_or_sync_fifo.mem/goreg_bm.dout_i_reg[172]
INFO: [Physopt 32-662] Processed net U0_ps_ai_peripheral/ZGolo/u_AI_Mate_top/U0_ddr2hp_itcn/U0_dmux4/U3_aw_axi_fifo/w616d64_fifo.U0_w616d64_fifo/U0/inst_fifo_gen/gconvfifo.rf/grf.rf/gntv_or_sync_fifo.mem/dout[215].  Did not re-place instance U0_ps_ai_peripheral/ZGolo/u_AI_Mate_top/U0_ddr2hp_itcn/U0_dmux4/U3_aw_axi_fifo/w616d64_fifo.U0_w616d64_fifo/U0/inst_fifo_gen/gconvfifo.rf/grf.rf/gntv_or_sync_fifo.mem/goreg_bm.dout_i_reg[215]
INFO: [Physopt 32-662] Processed net U0_ps_ai_peripheral/ZGolo/u_AI_Mate_top/U0_ddr2hp_itcn/U0_dmux4/U3_aw_axi_fifo/w616d64_fifo.U0_w616d64_fifo/U0/inst_fifo_gen/gconvfifo.rf/grf.rf/gntv_or_sync_fifo.mem/dout[222].  Did not re-place instance U0_ps_ai_peripheral/ZGolo/u_AI_Mate_top/U0_ddr2hp_itcn/U0_dmux4/U3_aw_axi_fifo/w616d64_fifo.U0_w616d64_fifo/U0/inst_fifo_gen/gconvfifo.rf/grf.rf/gntv_or_sync_fifo.mem/goreg_bm.dout_i_reg[222]
INFO: [Physopt 32-662] Processed net U0_ps_ai_peripheral/ZGolo/u_AI_Mate_top/U0_ddr2hp_itcn/U0_dmux4/U3_aw_axi_fifo/w616d64_fifo.U0_w616d64_fifo/U0/inst_fifo_gen/gconvfifo.rf/grf.rf/gntv_or_sync_fifo.mem/dout[78].  Did not re-place instance U0_ps_ai_peripheral/ZGolo/u_AI_Mate_top/U0_ddr2hp_itcn/U0_dmux4/U3_aw_axi_fifo/w616d64_fifo.U0_w616d64_fifo/U0/inst_fifo_gen/gconvfifo.rf/grf.rf/gntv_or_sync_fifo.mem/goreg_bm.dout_i_reg[78]
INFO: [Physopt 32-662] Processed net U0_ps_ai_peripheral/ZGolo/u_AI_Mate_top/U0_ddr2hp_itcn/U0_dmux4/U3_aw_axi_fifo/w616d64_fifo.U0_w616d64_fifo/U0/inst_fifo_gen/gconvfifo.rf/grf.rf/gntv_or_sync_fifo.mem/dout[82].  Did not re-place instance U0_ps_ai_peripheral/ZGolo/u_AI_Mate_top/U0_ddr2hp_itcn/U0_dmux4/U3_aw_axi_fifo/w616d64_fifo.U0_w616d64_fifo/U0/inst_fifo_gen/gconvfifo.rf/grf.rf/gntv_or_sync_fifo.mem/goreg_bm.dout_i_reg[82]
INFO: [Physopt 32-662] Processed net U_adder_top/U_flicker/render/render_lane_2u_U0/flicker_render_piudo_U270/flicker_render_pipeline_ap_hmul_4_max_dsp_16_u/U0/i_synth/MULT.OP/EXP/STATE_UP_DELAY/i_pipe/RESULT_REG.NORMAL.exp_op_reg[4].  Did not re-place instance U_adder_top/U_flicker/render/render_lane_2u_U0/flicker_render_piudo_U270/flicker_render_pipeline_ap_hmul_4_max_dsp_16_u/U0/i_synth/MULT.OP/EXP/STATE_UP_DELAY/i_pipe/RESULT_REG.NORMAL.exp_op[4]_i_1
INFO: [Physopt 32-663] Processed net U_adder_top/U_flicker/render/render_lane_2u_U0/flicker_render_piudo_U270/flicker_render_pipeline_ap_hmul_4_max_dsp_16_u/U0/i_synth/MULT.OP/OP/m_axis_result_tdata[14].  Re-placed instance U_adder_top/U_flicker/render/render_lane_2u_U0/flicker_render_piudo_U270/flicker_render_pipeline_ap_hmul_4_max_dsp_16_u/U0/i_synth/MULT.OP/OP/RESULT_REG.NORMAL.exp_op_reg[4]
INFO: [Physopt 32-662] Processed net U0_ps_ai_peripheral/ZGolo/u_AI_Mate_top/ddr_witcn_u0/awfifo_wr.  Did not re-place instance U0_ps_ai_peripheral/ZGolo/mna_idfifo_w5_u0_i_4
INFO: [Physopt 32-662] Processed net U_adder_top/U_flicker/dma/no[5].  Did not re-place instance U_adder_top/U_flicker/dma/no_reg[5]
INFO: [Physopt 32-662] Processed net U_adder_top/legacy/U_adder/U_avr_rs/u_avr_frs/UserCustomOp_0_awwvalid.  Did not re-place instance U_adder_top/legacy/U_adder/U_avr_rs/u_avr_frs/ZGolo_i_547
INFO: [Physopt 32-662] Processed net U_adder_top/U_flicker/dma/output_level_reg[2]_0.  Did not re-place instance U_adder_top/U_flicker/dma/ZGolo_i_583
INFO: [Physopt 32-662] Processed net U0_ps_ai_peripheral/ZGolo/u_AI_Mate_top/ddr_witcn_u0/mna_idfifo_w5_u0/U0/inst_fifo_gen/gconvfifo.rf/grf.rf/gntv_or_sync_fifo.gl0.rd/gr1.gr1_int.rfwft/p_1_out.  Did not re-place instance U0_ps_ai_peripheral/ZGolo/u_AI_Mate_top/ddr_witcn_u0/mna_idfifo_w5_u0/U0/inst_fifo_gen/gconvfifo.rf/grf.rf/gntv_or_sync_fifo.gl0.rd/gr1.gr1_int.rfwft/plusOp_carry_i_1
INFO: [Physopt 32-662] Processed net U_adder_top/U_flicker/dma/awvalid1_carry_i_6_n_0.  Did not re-place instance U_adder_top/U_flicker/dma/awvalid1_carry_i_6
INFO: [Physopt 32-662] Processed net U0_ps_ai_peripheral/ZGolo/u_AI_Mate_top/ddr_witcn_u0/mna_idfifo_w5_u0/U0/inst_fifo_gen/gconvfifo.rf/grf.rf/gntv_or_sync_fifo.gl0.wr/gwss.gpf.wrpf/diff_pntr_pad[10].  Did not re-place instance U0_ps_ai_peripheral/ZGolo/u_AI_Mate_top/ddr_witcn_u0/mna_idfifo_w5_u0/U0/inst_fifo_gen/gconvfifo.rf/grf.rf/gntv_or_sync_fifo.gl0.wr/gwss.gpf.wrpf/gdiff.gcry_1_sym.diff_pntr_pad_reg[10]
INFO: [Physopt 32-662] Processed net U0_ps_ai_peripheral/ZGolo/u_AI_Mate_top/U0_ddr2hp_itcn/U0_dmux4/U3_aw_axi_fifo/w616d64_fifo.U0_w616d64_fifo/U0/inst_fifo_gen/gconvfifo.rf/grf.rf/gntv_or_sync_fifo.mem/dout[156].  Did not re-place instance U0_ps_ai_peripheral/ZGolo/u_AI_Mate_top/U0_ddr2hp_itcn/U0_dmux4/U3_aw_axi_fifo/w616d64_fifo.U0_w616d64_fifo/U0/inst_fifo_gen/gconvfifo.rf/grf.rf/gntv_or_sync_fifo.mem/goreg_bm.dout_i_reg[156]
INFO: [Physopt 32-662] Processed net U0_ps_ai_peripheral/ZGolo/u_AI_Mate_top/U0_ddr2hp_itcn/U0_dmux4/U3_aw_axi_fifo/w616d64_fifo.U0_w616d64_fifo/U0/inst_fifo_gen/gconvfifo.rf/grf.rf/gntv_or_sync_fifo.mem/dout[324].  Did not re-place instance U0_ps_ai_peripheral/ZGolo/u_AI_Mate_top/U0_ddr2hp_itcn/U0_dmux4/U3_aw_axi_fifo/w616d64_fifo.U0_w616d64_fifo/U0/inst_fifo_gen/gconvfifo.rf/grf.rf/gntv_or_sync_fifo.mem/goreg_bm.dout_i_reg[324]
INFO: [Physopt 32-662] Processed net U0_ps_ai_peripheral/ZGolo/u_AI_Mate_top/U0_ddr2hp_itcn/U0_dmux4/U3_aw_axi_fifo/w616d64_fifo.U0_w616d64_fifo/U0/inst_fifo_gen/gconvfifo.rf/grf.rf/gntv_or_sync_fifo.mem/dout[326].  Did not re-place instance U0_ps_ai_peripheral/ZGolo/u_AI_Mate_top/U0_ddr2hp_itcn/U0_dmux4/U3_aw_axi_fifo/w616d64_fifo.U0_w616d64_fifo/U0/inst_fifo_gen/gconvfifo.rf/grf.rf/gntv_or_sync_fifo.mem/goreg_bm.dout_i_reg[326]
INFO: [Physopt 32-662] Processed net U0_ps_ai_peripheral/ZGolo/u_AI_Mate_top/U0_ddr2hp_itcn/U0_dmux4/U3_aw_axi_fifo/w616d64_fifo.U0_w616d64_fifo/U0/inst_fifo_gen/gconvfifo.rf/grf.rf/gntv_or_sync_fifo.mem/dout[338].  Did not re-place instance U0_ps_ai_peripheral/ZGolo/u_AI_Mate_top/U0_ddr2hp_itcn/U0_dmux4/U3_aw_axi_fifo/w616d64_fifo.U0_w616d64_fifo/U0/inst_fifo_gen/gconvfifo.rf/grf.rf/gntv_or_sync_fifo.mem/goreg_bm.dout_i_reg[338]
INFO: [Physopt 32-662] Processed net U0_ps_ai_peripheral/ZGolo/u_AI_Mate_top/U0_ddr2hp_itcn/U0_dmux4/U3_aw_axi_fifo/w616d64_fifo.U0_w616d64_fifo/U0/inst_fifo_gen/gconvfifo.rf/grf.rf/gntv_or_sync_fifo.mem/dout[380].  Did not re-place instance U0_ps_ai_peripheral/ZGolo/u_AI_Mate_top/U0_ddr2hp_itcn/U0_dmux4/U3_aw_axi_fifo/w616d64_fifo.U0_w616d64_fifo/U0/inst_fifo_gen/gconvfifo.rf/grf.rf/gntv_or_sync_fifo.mem/goreg_bm.dout_i_reg[380]
INFO: [Physopt 32-662] Processed net U0_ps_ai_peripheral/ZGolo/u_AI_Mate_top/U0_ddr2hp_itcn/U0_dmux4/U3_aw_axi_fifo/w616d64_fifo.U0_w616d64_fifo/U0/inst_fifo_gen/gconvfifo.rf/grf.rf/gntv_or_sync_fifo.mem/dout[382].  Did not re-place instance U0_ps_ai_peripheral/ZGolo/u_AI_Mate_top/U0_ddr2hp_itcn/U0_dmux4/U3_aw_axi_fifo/w616d64_fifo.U0_w616d64_fifo/U0/inst_fifo_gen/gconvfifo.rf/grf.rf/gntv_or_sync_fifo.mem/goreg_bm.dout_i_reg[382]
INFO: [Physopt 32-662] Processed net U0_ps_ai_peripheral/ZGolo/u_AI_Mate_top/U0_ddr2hp_itcn/U0_dmux4/U3_aw_axi_fifo/w616d64_fifo.U0_w616d64_fifo/U0/inst_fifo_gen/gconvfifo.rf/grf.rf/gntv_or_sync_fifo.mem/dout[390].  Did not re-place instance U0_ps_ai_peripheral/ZGolo/u_AI_Mate_top/U0_ddr2hp_itcn/U0_dmux4/U3_aw_axi_fifo/w616d64_fifo.U0_w616d64_fifo/U0/inst_fifo_gen/gconvfifo.rf/grf.rf/gntv_or_sync_fifo.mem/goreg_bm.dout_i_reg[390]
INFO: [Physopt 32-662] Processed net U0_ps_ai_peripheral/ZGolo/u_AI_Mate_top/U0_ddr2hp_itcn/U0_dmux4/U3_aw_axi_fifo/w616d64_fifo.U0_w616d64_fifo/U0/inst_fifo_gen/gconvfifo.rf/grf.rf/gntv_or_sync_fifo.mem/dout[596].  Did not re-place instance U0_ps_ai_peripheral/ZGolo/u_AI_Mate_top/U0_ddr2hp_itcn/U0_dmux4/U3_aw_axi_fifo/w616d64_fifo.U0_w616d64_fifo/U0/inst_fifo_gen/gconvfifo.rf/grf.rf/gntv_or_sync_fifo.mem/goreg_bm.dout_i_reg[596]
INFO: [Physopt 32-662] Processed net U0_ps_ai_peripheral/frame_to_ps_inst0/frame_read_write_m0/D[8].  Did not re-place instance U0_ps_ai_peripheral/frame_to_ps_inst0/frame_read_write_m0/vout_data_r[8]_i_1
INFO: [Physopt 32-662] Processed net U0_ps_ai_peripheral/frame_to_ps_inst0/frame_read_write_m0/read_buf/U0/inst_fifo_gen/gconvfifo.rf/grf.rf/gntv_or_sync_fifo.mem/gbm.gbmg.gbmga.ngecc.bmg/inst_blk_mem_gen/gnbram.gnativebmg.native_blk_mem_gen/valid.cstr/has_mux_b.B/dout[8].  Did not re-place instance U0_ps_ai_peripheral/frame_to_ps_inst0/frame_read_write_m0/read_buf/U0/inst_fifo_gen/gconvfifo.rf/grf.rf/gntv_or_sync_fifo.mem/gbm.gbmg.gbmga.ngecc.bmg/inst_blk_mem_gen/gnbram.gnativebmg.native_blk_mem_gen/valid.cstr/has_mux_b.B/dout[8]_INST_0
INFO: [Physopt 32-662] Processed net U0_ps_ai_peripheral/frame_to_ps_inst0/frame_read_write_m0/read_buf/U0/inst_fifo_gen/gconvfifo.rf/grf.rf/gntv_or_sync_fifo.mem/gbm.gbmg.gbmga.ngecc.bmg/inst_blk_mem_gen/gnbram.gnativebmg.native_blk_mem_gen/valid.cstr/has_mux_b.B/dout[8]_INST_0_i_8_n_0.  Did not re-place instance U0_ps_ai_peripheral/frame_to_ps_inst0/frame_read_write_m0/read_buf/U0/inst_fifo_gen/gconvfifo.rf/grf.rf/gntv_or_sync_fifo.mem/gbm.gbmg.gbmga.ngecc.bmg/inst_blk_mem_gen/gnbram.gnativebmg.native_blk_mem_gen/valid.cstr/has_mux_b.B/dout[8]_INST_0_i_8
INFO: [Physopt 32-662] Processed net U0_ps_ai_peripheral/frame_to_ps_inst0/video_rect_read_data_m0/Q[8].  Did not re-place instance U0_ps_ai_peripheral/frame_to_ps_inst0/video_rect_read_data_m0/vout_data_r_reg[8]
INFO: [Physopt 32-662] Processed net U0_ps_ai_peripheral/ZGolo/u_AI_Mate_top/U0_ddr2hp_itcn/U0_dmux4/U3_aw_axi_fifo/w616d64_fifo.U0_w616d64_fifo/U0/inst_fifo_gen/gconvfifo.rf/grf.rf/gntv_or_sync_fifo.mem/dout[218].  Did not re-place instance U0_ps_ai_peripheral/ZGolo/u_AI_Mate_top/U0_ddr2hp_itcn/U0_dmux4/U3_aw_axi_fifo/w616d64_fifo.U0_w616d64_fifo/U0/inst_fifo_gen/gconvfifo.rf/grf.rf/gntv_or_sync_fifo.mem/goreg_bm.dout_i_reg[218]
INFO: [Physopt 32-662] Processed net U0_ps_ai_peripheral/ZGolo/u_AI_Mate_top/U0_ddr2hp_itcn/U0_dmux4/U3_aw_axi_fifo/w616d64_fifo.U0_w616d64_fifo/U0/inst_fifo_gen/gconvfifo.rf/grf.rf/gntv_or_sync_fifo.mem/dout[367].  Did not re-place instance U0_ps_ai_peripheral/ZGolo/u_AI_Mate_top/U0_ddr2hp_itcn/U0_dmux4/U3_aw_axi_fifo/w616d64_fifo.U0_w616d64_fifo/U0/inst_fifo_gen/gconvfifo.rf/grf.rf/gntv_or_sync_fifo.mem/goreg_bm.dout_i_reg[367]
INFO: [Physopt 32-662] Processed net U0_ps_ai_peripheral/ZGolo/u_AI_Mate_top/U0_ddr2hp_itcn/U0_dmux4/U3_aw_axi_fifo/w616d64_fifo.U0_w616d64_fifo/U0/inst_fifo_gen/gconvfifo.rf/grf.rf/gntv_or_sync_fifo.mem/dout[433].  Did not re-place instance U0_ps_ai_peripheral/ZGolo/u_AI_Mate_top/U0_ddr2hp_itcn/U0_dmux4/U3_aw_axi_fifo/w616d64_fifo.U0_w616d64_fifo/U0/inst_fifo_gen/gconvfifo.rf/grf.rf/gntv_or_sync_fifo.mem/goreg_bm.dout_i_reg[433]
INFO: [Physopt 32-662] Processed net U0_ps_ai_peripheral/ZGolo/u_AI_Mate_top/U0_ddr2hp_itcn/U0_dmux4/U3_aw_axi_fifo/w616d64_fifo.U0_w616d64_fifo/U0/inst_fifo_gen/gconvfifo.rf/grf.rf/gntv_or_sync_fifo.mem/dout[490].  Did not re-place instance U0_ps_ai_peripheral/ZGolo/u_AI_Mate_top/U0_ddr2hp_itcn/U0_dmux4/U3_aw_axi_fifo/w616d64_fifo.U0_w616d64_fifo/U0/inst_fifo_gen/gconvfifo.rf/grf.rf/gntv_or_sync_fifo.mem/goreg_bm.dout_i_reg[490]
INFO: [Physopt 32-662] Processed net U0_ps_ai_peripheral/frame_to_ps_inst0/level_cross_u0/a1_clk1_d2.  Did not re-place instance U0_ps_ai_peripheral/frame_to_ps_inst0/level_cross_u0/a1_clk1_d2_reg
INFO: [Physopt 32-662] Processed net U0_ps_ai_peripheral/frame_to_ps_inst0/level_cross_u0/a2_clk2_t1.  Did not re-place instance U0_ps_ai_peripheral/frame_to_ps_inst0/level_cross_u0/a2_clk2_t1_reg
INFO: [Physopt 32-662] Processed net U0_ps_ai_peripheral/ZGolo/u_AI_Mate_top/U0_ddr2hp_itcn/U0_dmux4/U3_aw_axi_fifo/w616d64_fifo.U0_w616d64_fifo/U0/inst_fifo_gen/gconvfifo.rf/grf.rf/gntv_or_sync_fifo.mem/dout[415].  Did not re-place instance U0_ps_ai_peripheral/ZGolo/u_AI_Mate_top/U0_ddr2hp_itcn/U0_dmux4/U3_aw_axi_fifo/w616d64_fifo.U0_w616d64_fifo/U0/inst_fifo_gen/gconvfifo.rf/grf.rf/gntv_or_sync_fifo.mem/goreg_bm.dout_i_reg[415]
INFO: [Physopt 32-662] Processed net U0_ps_ai_peripheral/ZGolo/u_AI_Mate_top/U0_ddr2hp_itcn/U0_dmux4/U3_aw_axi_fifo/w616d64_fifo.U0_w616d64_fifo/U0/inst_fifo_gen/gconvfifo.rf/grf.rf/gntv_or_sync_fifo.mem/dout[473].  Did not re-place instance U0_ps_ai_peripheral/ZGolo/u_AI_Mate_top/U0_ddr2hp_itcn/U0_dmux4/U3_aw_axi_fifo/w616d64_fifo.U0_w616d64_fifo/U0/inst_fifo_gen/gconvfifo.rf/grf.rf/gntv_or_sync_fifo.mem/goreg_bm.dout_i_reg[473]
INFO: [Physopt 32-662] Processed net U0_ps_ai_peripheral/ZGolo/u_AI_Mate_top/U0_ddr2hp_itcn/U0_dmux4/U3_aw_axi_fifo/w616d64_fifo.U0_w616d64_fifo/U0/inst_fifo_gen/gconvfifo.rf/grf.rf/gntv_or_sync_fifo.mem/dout[545].  Did not re-place instance U0_ps_ai_peripheral/ZGolo/u_AI_Mate_top/U0_ddr2hp_itcn/U0_dmux4/U3_aw_axi_fifo/w616d64_fifo.U0_w616d64_fifo/U0/inst_fifo_gen/gconvfifo.rf/grf.rf/gntv_or_sync_fifo.mem/goreg_bm.dout_i_reg[545]
INFO: [Physopt 32-662] Processed net U0_ps_ai_peripheral/ZGolo/u_AI_Mate_top/U0_ddr2hp_itcn/U0_dmux4/U3_aw_axi_fifo/w616d64_fifo.U0_w616d64_fifo/U0/inst_fifo_gen/gconvfifo.rf/grf.rf/gntv_or_sync_fifo.mem/dout[591].  Did not re-place instance U0_ps_ai_peripheral/ZGolo/u_AI_Mate_top/U0_ddr2hp_itcn/U0_dmux4/U3_aw_axi_fifo/w616d64_fifo.U0_w616d64_fifo/U0/inst_fifo_gen/gconvfifo.rf/grf.rf/gntv_or_sync_fifo.mem/goreg_bm.dout_i_reg[591]
INFO: [Physopt 32-662] Processed net U_adder_top/U_flicker/dma/awvalid1_carry_i_2_n_0.  Did not re-place instance U_adder_top/U_flicker/dma/awvalid1_carry_i_2
INFO: [Physopt 32-662] Processed net U0_ps_ai_peripheral/frame_to_ps_inst0/frame_read_write_m0/D[15].  Did not re-place instance U0_ps_ai_peripheral/frame_to_ps_inst0/frame_read_write_m0/vout_data_r[15]_i_1
INFO: [Physopt 32-662] Processed net U0_ps_ai_peripheral/frame_to_ps_inst0/frame_read_write_m0/read_buf/U0/inst_fifo_gen/gconvfifo.rf/grf.rf/gntv_or_sync_fifo.mem/gbm.gbmg.gbmga.ngecc.bmg/inst_blk_mem_gen/gnbram.gnativebmg.native_blk_mem_gen/valid.cstr/has_mux_b.B/dout[15].  Did not re-place instance U0_ps_ai_peripheral/frame_to_ps_inst0/frame_read_write_m0/read_buf/U0/inst_fifo_gen/gconvfifo.rf/grf.rf/gntv_or_sync_fifo.mem/gbm.gbmg.gbmga.ngecc.bmg/inst_blk_mem_gen/gnbram.gnativebmg.native_blk_mem_gen/valid.cstr/has_mux_b.B/dout[15]_INST_0
INFO: [Physopt 32-662] Processed net U0_ps_ai_peripheral/frame_to_ps_inst0/frame_read_write_m0/read_buf/U0/inst_fifo_gen/gconvfifo.rf/grf.rf/gntv_or_sync_fifo.mem/gbm.gbmg.gbmga.ngecc.bmg/inst_blk_mem_gen/gnbram.gnativebmg.native_blk_mem_gen/valid.cstr/has_mux_b.B/dout[15]_INST_0_i_7_n_0.  Did not re-place instance U0_ps_ai_peripheral/frame_to_ps_inst0/frame_read_write_m0/read_buf/U0/inst_fifo_gen/gconvfifo.rf/grf.rf/gntv_or_sync_fifo.mem/gbm.gbmg.gbmga.ngecc.bmg/inst_blk_mem_gen/gnbram.gnativebmg.native_blk_mem_gen/valid.cstr/has_mux_b.B/dout[15]_INST_0_i_7
INFO: [Physopt 32-662] Processed net U0_ps_ai_peripheral/frame_to_ps_inst0/video_rect_read_data_m0/Q[15].  Did not re-place instance U0_ps_ai_peripheral/frame_to_ps_inst0/video_rect_read_data_m0/vout_data_r_reg[15]
INFO: [Physopt 32-662] Processed net U0_ps_ai_peripheral/ZGolo/u_AI_Mate_top/U0_ddr2hp_itcn/U0_dmux4/U3_aw_axi_fifo/w616d64_fifo.U0_w616d64_fifo/U0/inst_fifo_gen/gconvfifo.rf/grf.rf/gntv_or_sync_fifo.mem/dout[158].  Did not re-place instance U0_ps_ai_peripheral/ZGolo/u_AI_Mate_top/U0_ddr2hp_itcn/U0_dmux4/U3_aw_axi_fifo/w616d64_fifo.U0_w616d64_fifo/U0/inst_fifo_gen/gconvfifo.rf/grf.rf/gntv_or_sync_fifo.mem/goreg_bm.dout_i_reg[158]
INFO: [Physopt 32-662] Processed net U0_ps_ai_peripheral/ZGolo/u_AI_Mate_top/U0_ddr2hp_itcn/U0_dmux4/U3_aw_axi_fifo/w616d64_fifo.U0_w616d64_fifo/U0/inst_fifo_gen/gconvfifo.rf/grf.rf/gntv_or_sync_fifo.mem/dout[306].  Did not re-place instance U0_ps_ai_peripheral/ZGolo/u_AI_Mate_top/U0_ddr2hp_itcn/U0_dmux4/U3_aw_axi_fifo/w616d64_fifo.U0_w616d64_fifo/U0/inst_fifo_gen/gconvfifo.rf/grf.rf/gntv_or_sync_fifo.mem/goreg_bm.dout_i_reg[306]
INFO: [Physopt 32-662] Processed net U0_ps_ai_peripheral/ZGolo/u_AI_Mate_top/U0_ddr2hp_itcn/U0_dmux4/U3_aw_axi_fifo/w616d64_fifo.U0_w616d64_fifo/U0/inst_fifo_gen/gconvfifo.rf/grf.rf/gntv_or_sync_fifo.mem/dout[402].  Did not re-place instance U0_ps_ai_peripheral/ZGolo/u_AI_Mate_top/U0_ddr2hp_itcn/U0_dmux4/U3_aw_axi_fifo/w616d64_fifo.U0_w616d64_fifo/U0/inst_fifo_gen/gconvfifo.rf/grf.rf/gntv_or_sync_fifo.mem/goreg_bm.dout_i_reg[402]
INFO: [Physopt 32-662] Processed net U0_ps_ai_peripheral/ZGolo/u_AI_Mate_top/U0_ddr2hp_itcn/U0_dmux4/U3_aw_axi_fifo/w616d64_fifo.U0_w616d64_fifo/U0/inst_fifo_gen/gconvfifo.rf/grf.rf/gntv_or_sync_fifo.mem/dout[421].  Did not re-place instance U0_ps_ai_peripheral/ZGolo/u_AI_Mate_top/U0_ddr2hp_itcn/U0_dmux4/U3_aw_axi_fifo/w616d64_fifo.U0_w616d64_fifo/U0/inst_fifo_gen/gconvfifo.rf/grf.rf/gntv_or_sync_fifo.mem/goreg_bm.dout_i_reg[421]
INFO: [Physopt 32-662] Processed net U0_ps_ai_peripheral/ZGolo/u_AI_Mate_top/U0_ddr2hp_itcn/U0_dmux4/U3_aw_axi_fifo/w616d64_fifo.U0_w616d64_fifo/U0/inst_fifo_gen/gconvfifo.rf/grf.rf/gntv_or_sync_fifo.mem/dout[426].  Did not re-place instance U0_ps_ai_peripheral/ZGolo/u_AI_Mate_top/U0_ddr2hp_itcn/U0_dmux4/U3_aw_axi_fifo/w616d64_fifo.U0_w616d64_fifo/U0/inst_fifo_gen/gconvfifo.rf/grf.rf/gntv_or_sync_fifo.mem/goreg_bm.dout_i_reg[426]
INFO: [Physopt 32-662] Processed net U0_ps_ai_peripheral/ZGolo/u_AI_Mate_top/U0_ddr2hp_itcn/U0_dmux4/U3_aw_axi_fifo/w616d64_fifo.U0_w616d64_fifo/U0/inst_fifo_gen/gconvfifo.rf/grf.rf/gntv_or_sync_fifo.mem/dout[485].  Did not re-place instance U0_ps_ai_peripheral/ZGolo/u_AI_Mate_top/U0_ddr2hp_itcn/U0_dmux4/U3_aw_axi_fifo/w616d64_fifo.U0_w616d64_fifo/U0/inst_fifo_gen/gconvfifo.rf/grf.rf/gntv_or_sync_fifo.mem/goreg_bm.dout_i_reg[485]
INFO: [Physopt 32-662] Processed net U0_ps_ai_peripheral/ZGolo/u_AI_Mate_top/U0_ddr2hp_itcn/U0_dmux4/U3_aw_axi_fifo/w616d64_fifo.U0_w616d64_fifo/U0/inst_fifo_gen/gconvfifo.rf/grf.rf/gntv_or_sync_fifo.mem/dout[77].  Did not re-place instance U0_ps_ai_peripheral/ZGolo/u_AI_Mate_top/U0_ddr2hp_itcn/U0_dmux4/U3_aw_axi_fifo/w616d64_fifo.U0_w616d64_fifo/U0/inst_fifo_gen/gconvfifo.rf/grf.rf/gntv_or_sync_fifo.mem/goreg_bm.dout_i_reg[77]
INFO: [Physopt 32-662] Processed net U0_ps_ai_peripheral/ZGolo/u_AI_Mate_top/U0_ddr2hp_itcn/U0_dmux4/U3_aw_axi_fifo/w616d64_fifo.U0_w616d64_fifo/U0/inst_fifo_gen/gconvfifo.rf/grf.rf/gntv_or_sync_fifo.mem/dout[197].  Did not re-place instance U0_ps_ai_peripheral/ZGolo/u_AI_Mate_top/U0_ddr2hp_itcn/U0_dmux4/U3_aw_axi_fifo/w616d64_fifo.U0_w616d64_fifo/U0/inst_fifo_gen/gconvfifo.rf/grf.rf/gntv_or_sync_fifo.mem/goreg_bm.dout_i_reg[197]
INFO: [Physopt 32-662] Processed net U0_ps_ai_peripheral/ZGolo/u_AI_Mate_top/U0_ddr2hp_itcn/U0_dmux4/U3_aw_axi_fifo/w616d64_fifo.U0_w616d64_fifo/U0/inst_fifo_gen/gconvfifo.rf/grf.rf/gntv_or_sync_fifo.mem/dout[278].  Did not re-place instance U0_ps_ai_peripheral/ZGolo/u_AI_Mate_top/U0_ddr2hp_itcn/U0_dmux4/U3_aw_axi_fifo/w616d64_fifo.U0_w616d64_fifo/U0/inst_fifo_gen/gconvfifo.rf/grf.rf/gntv_or_sync_fifo.mem/goreg_bm.dout_i_reg[278]
INFO: [Physopt 32-662] Processed net U0_ps_ai_peripheral/ZGolo/u_AI_Mate_top/U0_ddr2hp_itcn/U0_dmux4/U3_aw_axi_fifo/w616d64_fifo.U0_w616d64_fifo/U0/inst_fifo_gen/gconvfifo.rf/grf.rf/gntv_or_sync_fifo.mem/dout[328].  Did not re-place instance U0_ps_ai_peripheral/ZGolo/u_AI_Mate_top/U0_ddr2hp_itcn/U0_dmux4/U3_aw_axi_fifo/w616d64_fifo.U0_w616d64_fifo/U0/inst_fifo_gen/gconvfifo.rf/grf.rf/gntv_or_sync_fifo.mem/goreg_bm.dout_i_reg[328]
INFO: [Physopt 32-662] Processed net U0_ps_ai_peripheral/ZGolo/u_AI_Mate_top/U0_ddr2hp_itcn/U0_dmux4/U3_aw_axi_fifo/w616d64_fifo.U0_w616d64_fifo/U0/inst_fifo_gen/gconvfifo.rf/grf.rf/gntv_or_sync_fifo.mem/dout[400].  Did not re-place instance U0_ps_ai_peripheral/ZGolo/u_AI_Mate_top/U0_ddr2hp_itcn/U0_dmux4/U3_aw_axi_fifo/w616d64_fifo.U0_w616d64_fifo/U0/inst_fifo_gen/gconvfifo.rf/grf.rf/gntv_or_sync_fifo.mem/goreg_bm.dout_i_reg[400]
INFO: [Physopt 32-662] Processed net U0_ps_ai_peripheral/ZGolo/u_AI_Mate_top/U0_ddr2hp_itcn/U0_dmux4/U3_aw_axi_fifo/w616d64_fifo.U0_w616d64_fifo/U0/inst_fifo_gen/gconvfifo.rf/grf.rf/gntv_or_sync_fifo.mem/dout[410].  Did not re-place instance U0_ps_ai_peripheral/ZGolo/u_AI_Mate_top/U0_ddr2hp_itcn/U0_dmux4/U3_aw_axi_fifo/w616d64_fifo.U0_w616d64_fifo/U0/inst_fifo_gen/gconvfifo.rf/grf.rf/gntv_or_sync_fifo.mem/goreg_bm.dout_i_reg[410]
INFO: [Physopt 32-662] Processed net U0_ps_ai_peripheral/ZGolo/u_AI_Mate_top/U0_ddr2hp_itcn/U0_dmux4/U3_aw_axi_fifo/w616d64_fifo.U0_w616d64_fifo/U0/inst_fifo_gen/gconvfifo.rf/grf.rf/gntv_or_sync_fifo.mem/dout[417].  Did not re-place instance U0_ps_ai_peripheral/ZGolo/u_AI_Mate_top/U0_ddr2hp_itcn/U0_dmux4/U3_aw_axi_fifo/w616d64_fifo.U0_w616d64_fifo/U0/inst_fifo_gen/gconvfifo.rf/grf.rf/gntv_or_sync_fifo.mem/goreg_bm.dout_i_reg[417]
INFO: [Physopt 32-662] Processed net U0_ps_ai_peripheral/ZGolo/u_AI_Mate_top/U0_ddr2hp_itcn/U0_dmux4/U3_aw_axi_fifo/w616d64_fifo.U0_w616d64_fifo/U0/inst_fifo_gen/gconvfifo.rf/grf.rf/gntv_or_sync_fifo.mem/dout[419].  Did not re-place instance U0_ps_ai_peripheral/ZGolo/u_AI_Mate_top/U0_ddr2hp_itcn/U0_dmux4/U3_aw_axi_fifo/w616d64_fifo.U0_w616d64_fifo/U0/inst_fifo_gen/gconvfifo.rf/grf.rf/gntv_or_sync_fifo.mem/goreg_bm.dout_i_reg[419]
INFO: [Physopt 32-662] Processed net U0_ps_ai_peripheral/ZGolo/u_AI_Mate_top/U0_ddr2hp_itcn/U0_dmux4/U3_aw_axi_fifo/w616d64_fifo.U0_w616d64_fifo/U0/inst_fifo_gen/gconvfifo.rf/grf.rf/gntv_or_sync_fifo.mem/dout[100].  Did not re-place instance U0_ps_ai_peripheral/ZGolo/u_AI_Mate_top/U0_ddr2hp_itcn/U0_dmux4/U3_aw_axi_fifo/w616d64_fifo.U0_w616d64_fifo/U0/inst_fifo_gen/gconvfifo.rf/grf.rf/gntv_or_sync_fifo.mem/goreg_bm.dout_i_reg[100]
INFO: [Physopt 32-662] Processed net U0_ps_ai_peripheral/ZGolo/u_AI_Mate_top/U0_ddr2hp_itcn/U0_dmux4/U3_aw_axi_fifo/w616d64_fifo.U0_w616d64_fifo/U0/inst_fifo_gen/gconvfifo.rf/grf.rf/gntv_or_sync_fifo.mem/dout[102].  Did not re-place instance U0_ps_ai_peripheral/ZGolo/u_AI_Mate_top/U0_ddr2hp_itcn/U0_dmux4/U3_aw_axi_fifo/w616d64_fifo.U0_w616d64_fifo/U0/inst_fifo_gen/gconvfifo.rf/grf.rf/gntv_or_sync_fifo.mem/goreg_bm.dout_i_reg[102]
INFO: [Physopt 32-662] Processed net U0_ps_ai_peripheral/ZGolo/u_AI_Mate_top/U0_ddr2hp_itcn/U0_dmux4/U3_aw_axi_fifo/w616d64_fifo.U0_w616d64_fifo/U0/inst_fifo_gen/gconvfifo.rf/grf.rf/gntv_or_sync_fifo.mem/dout[110].  Did not re-place instance U0_ps_ai_peripheral/ZGolo/u_AI_Mate_top/U0_ddr2hp_itcn/U0_dmux4/U3_aw_axi_fifo/w616d64_fifo.U0_w616d64_fifo/U0/inst_fifo_gen/gconvfifo.rf/grf.rf/gntv_or_sync_fifo.mem/goreg_bm.dout_i_reg[110]
INFO: [Physopt 32-662] Processed net U0_ps_ai_peripheral/ZGolo/u_AI_Mate_top/U0_ddr2hp_itcn/U0_dmux4/U3_aw_axi_fifo/w616d64_fifo.U0_w616d64_fifo/U0/inst_fifo_gen/gconvfifo.rf/grf.rf/gntv_or_sync_fifo.mem/dout[199].  Did not re-place instance U0_ps_ai_peripheral/ZGolo/u_AI_Mate_top/U0_ddr2hp_itcn/U0_dmux4/U3_aw_axi_fifo/w616d64_fifo.U0_w616d64_fifo/U0/inst_fifo_gen/gconvfifo.rf/grf.rf/gntv_or_sync_fifo.mem/goreg_bm.dout_i_reg[199]
INFO: [Physopt 32-662] Processed net U0_ps_ai_peripheral/ZGolo/u_AI_Mate_top/U0_ddr2hp_itcn/U0_dmux4/U3_aw_axi_fifo/w616d64_fifo.U0_w616d64_fifo/U0/inst_fifo_gen/gconvfifo.rf/grf.rf/gntv_or_sync_fifo.mem/dout[330].  Did not re-place instance U0_ps_ai_peripheral/ZGolo/u_AI_Mate_top/U0_ddr2hp_itcn/U0_dmux4/U3_aw_axi_fifo/w616d64_fifo.U0_w616d64_fifo/U0/inst_fifo_gen/gconvfifo.rf/grf.rf/gntv_or_sync_fifo.mem/goreg_bm.dout_i_reg[330]
INFO: [Physopt 32-662] Processed net U0_ps_ai_peripheral/ZGolo/u_AI_Mate_top/U0_ddr2hp_itcn/U0_dmux4/U3_aw_axi_fifo/w616d64_fifo.U0_w616d64_fifo/U0/inst_fifo_gen/gconvfifo.rf/grf.rf/gntv_or_sync_fifo.mem/dout[72].  Did not re-place instance U0_ps_ai_peripheral/ZGolo/u_AI_Mate_top/U0_ddr2hp_itcn/U0_dmux4/U3_aw_axi_fifo/w616d64_fifo.U0_w616d64_fifo/U0/inst_fifo_gen/gconvfifo.rf/grf.rf/gntv_or_sync_fifo.mem/goreg_bm.dout_i_reg[72]
INFO: [Physopt 32-662] Processed net U0_ps_ai_peripheral/ZGolo/u_AI_Mate_top/U0_ddr2hp_itcn/U0_dmux4/U3_aw_axi_fifo/w616d64_fifo.U0_w616d64_fifo/U0/inst_fifo_gen/gconvfifo.rf/grf.rf/gntv_or_sync_fifo.mem/dout[73].  Did not re-place instance U0_ps_ai_peripheral/ZGolo/u_AI_Mate_top/U0_ddr2hp_itcn/U0_dmux4/U3_aw_axi_fifo/w616d64_fifo.U0_w616d64_fifo/U0/inst_fifo_gen/gconvfifo.rf/grf.rf/gntv_or_sync_fifo.mem/goreg_bm.dout_i_reg[73]
INFO: [Physopt 32-662] Processed net U0_ps_ai_peripheral/ZGolo/u_AI_Mate_top/U0_ddr2hp_itcn/U0_dmux4/U3_aw_axi_fifo/w616d64_fifo.U0_w616d64_fifo/U0/inst_fifo_gen/gconvfifo.rf/grf.rf/gntv_or_sync_fifo.mem/dout[75].  Did not re-place instance U0_ps_ai_peripheral/ZGolo/u_AI_Mate_top/U0_ddr2hp_itcn/U0_dmux4/U3_aw_axi_fifo/w616d64_fifo.U0_w616d64_fifo/U0/inst_fifo_gen/gconvfifo.rf/grf.rf/gntv_or_sync_fifo.mem/goreg_bm.dout_i_reg[75]
INFO: [Physopt 32-662] Processed net U0_ps_ai_peripheral/frame_to_ps_inst0/frame_read_write_m0/D[10].  Did not re-place instance U0_ps_ai_peripheral/frame_to_ps_inst0/frame_read_write_m0/vout_data_r[10]_i_1
INFO: [Physopt 32-662] Processed net U0_ps_ai_peripheral/frame_to_ps_inst0/frame_read_write_m0/read_buf/U0/inst_fifo_gen/gconvfifo.rf/grf.rf/gntv_or_sync_fifo.mem/gbm.gbmg.gbmga.ngecc.bmg/inst_blk_mem_gen/gnbram.gnativebmg.native_blk_mem_gen/valid.cstr/has_mux_b.B/dout[10].  Did not re-place instance U0_ps_ai_peripheral/frame_to_ps_inst0/frame_read_write_m0/read_buf/U0/inst_fifo_gen/gconvfifo.rf/grf.rf/gntv_or_sync_fifo.mem/gbm.gbmg.gbmga.ngecc.bmg/inst_blk_mem_gen/gnbram.gnativebmg.native_blk_mem_gen/valid.cstr/has_mux_b.B/dout[10]_INST_0
INFO: [Physopt 32-662] Processed net U0_ps_ai_peripheral/frame_to_ps_inst0/frame_read_write_m0/read_buf/U0/inst_fifo_gen/gconvfifo.rf/grf.rf/gntv_or_sync_fifo.mem/gbm.gbmg.gbmga.ngecc.bmg/inst_blk_mem_gen/gnbram.gnativebmg.native_blk_mem_gen/valid.cstr/has_mux_b.B/dout[10]_INST_0_i_8_n_0.  Did not re-place instance U0_ps_ai_peripheral/frame_to_ps_inst0/frame_read_write_m0/read_buf/U0/inst_fifo_gen/gconvfifo.rf/grf.rf/gntv_or_sync_fifo.mem/gbm.gbmg.gbmga.ngecc.bmg/inst_blk_mem_gen/gnbram.gnativebmg.native_blk_mem_gen/valid.cstr/has_mux_b.B/dout[10]_INST_0_i_8
INFO: [Physopt 32-662] Processed net U0_ps_ai_peripheral/frame_to_ps_inst0/video_rect_read_data_m0/Q[10].  Did not re-place instance U0_ps_ai_peripheral/frame_to_ps_inst0/video_rect_read_data_m0/vout_data_r_reg[10]
INFO: [Physopt 32-662] Processed net U0_ps_ai_peripheral/ZGolo/u_AI_Mate_top/U0_ddr2hp_itcn/U0_dmux4/U3_aw_axi_fifo/w616d64_fifo.U0_w616d64_fifo/U0/inst_fifo_gen/gconvfifo.rf/grf.rf/gntv_or_sync_fifo.mem/dout[173].  Did not re-place instance U0_ps_ai_peripheral/ZGolo/u_AI_Mate_top/U0_ddr2hp_itcn/U0_dmux4/U3_aw_axi_fifo/w616d64_fifo.U0_w616d64_fifo/U0/inst_fifo_gen/gconvfifo.rf/grf.rf/gntv_or_sync_fifo.mem/goreg_bm.dout_i_reg[173]
INFO: [Physopt 32-662] Processed net U0_ps_ai_peripheral/ZGolo/u_AI_Mate_top/U0_ddr2hp_itcn/U0_dmux4/U3_aw_axi_fifo/w616d64_fifo.U0_w616d64_fifo/U0/inst_fifo_gen/gconvfifo.rf/grf.rf/gntv_or_sync_fifo.mem/dout[238].  Did not re-place instance U0_ps_ai_peripheral/ZGolo/u_AI_Mate_top/U0_ddr2hp_itcn/U0_dmux4/U3_aw_axi_fifo/w616d64_fifo.U0_w616d64_fifo/U0/inst_fifo_gen/gconvfifo.rf/grf.rf/gntv_or_sync_fifo.mem/goreg_bm.dout_i_reg[238]
INFO: [Physopt 32-662] Processed net U0_ps_ai_peripheral/ZGolo/u_AI_Mate_top/U0_ddr2hp_itcn/U0_dmux4/U3_aw_axi_fifo/w616d64_fifo.U0_w616d64_fifo/U0/inst_fifo_gen/gconvfifo.rf/grf.rf/gntv_or_sync_fifo.mem/dout[243].  Did not re-place instance U0_ps_ai_peripheral/ZGolo/u_AI_Mate_top/U0_ddr2hp_itcn/U0_dmux4/U3_aw_axi_fifo/w616d64_fifo.U0_w616d64_fifo/U0/inst_fifo_gen/gconvfifo.rf/grf.rf/gntv_or_sync_fifo.mem/goreg_bm.dout_i_reg[243]
INFO: [Physopt 32-662] Processed net U0_ps_ai_peripheral/ZGolo/u_AI_Mate_top/U0_ddr2hp_itcn/U0_dmux4/U3_aw_axi_fifo/w616d64_fifo.U0_w616d64_fifo/U0/inst_fifo_gen/gconvfifo.rf/grf.rf/gntv_or_sync_fifo.mem/dout[270].  Did not re-place instance U0_ps_ai_peripheral/ZGolo/u_AI_Mate_top/U0_ddr2hp_itcn/U0_dmux4/U3_aw_axi_fifo/w616d64_fifo.U0_w616d64_fifo/U0/inst_fifo_gen/gconvfifo.rf/grf.rf/gntv_or_sync_fifo.mem/goreg_bm.dout_i_reg[270]
INFO: [Physopt 32-662] Processed net U0_ps_ai_peripheral/ZGolo/u_AI_Mate_top/U0_ddr2hp_itcn/U0_dmux4/U3_aw_axi_fifo/w616d64_fifo.U0_w616d64_fifo/U0/inst_fifo_gen/gconvfifo.rf/grf.rf/gntv_or_sync_fifo.mem/dout[316].  Did not re-place instance U0_ps_ai_peripheral/ZGolo/u_AI_Mate_top/U0_ddr2hp_itcn/U0_dmux4/U3_aw_axi_fifo/w616d64_fifo.U0_w616d64_fifo/U0/inst_fifo_gen/gconvfifo.rf/grf.rf/gntv_or_sync_fifo.mem/goreg_bm.dout_i_reg[316]
INFO: [Physopt 32-662] Processed net U0_ps_ai_peripheral/ZGolo/u_AI_Mate_top/U0_ddr2hp_itcn/U0_dmux4/U3_aw_axi_fifo/w616d64_fifo.U0_w616d64_fifo/U0/inst_fifo_gen/gconvfifo.rf/grf.rf/gntv_or_sync_fifo.mem/dout[321].  Did not re-place instance U0_ps_ai_peripheral/ZGolo/u_AI_Mate_top/U0_ddr2hp_itcn/U0_dmux4/U3_aw_axi_fifo/w616d64_fifo.U0_w616d64_fifo/U0/inst_fifo_gen/gconvfifo.rf/grf.rf/gntv_or_sync_fifo.mem/goreg_bm.dout_i_reg[321]
INFO: [Physopt 32-662] Processed net U0_ps_ai_peripheral/ZGolo/u_AI_Mate_top/U0_ddr2hp_itcn/U0_dmux4/U3_aw_axi_fifo/w616d64_fifo.U0_w616d64_fifo/U0/inst_fifo_gen/gconvfifo.rf/grf.rf/gntv_or_sync_fifo.mem/dout[358].  Did not re-place instance U0_ps_ai_peripheral/ZGolo/u_AI_Mate_top/U0_ddr2hp_itcn/U0_dmux4/U3_aw_axi_fifo/w616d64_fifo.U0_w616d64_fifo/U0/inst_fifo_gen/gconvfifo.rf/grf.rf/gntv_or_sync_fifo.mem/goreg_bm.dout_i_reg[358]
INFO: [Physopt 32-662] Processed net U0_ps_ai_peripheral/ZGolo/u_AI_Mate_top/U0_ddr2hp_itcn/U0_dmux4/U3_aw_axi_fifo/w616d64_fifo.U0_w616d64_fifo/U0/inst_fifo_gen/gconvfifo.rf/grf.rf/gntv_or_sync_fifo.mem/dout[378].  Did not re-place instance U0_ps_ai_peripheral/ZGolo/u_AI_Mate_top/U0_ddr2hp_itcn/U0_dmux4/U3_aw_axi_fifo/w616d64_fifo.U0_w616d64_fifo/U0/inst_fifo_gen/gconvfifo.rf/grf.rf/gntv_or_sync_fifo.mem/goreg_bm.dout_i_reg[378]
INFO: [Physopt 32-662] Processed net U0_ps_ai_peripheral/ZGolo/u_AI_Mate_top/U0_ddr2hp_itcn/U0_dmux4/U3_aw_axi_fifo/w616d64_fifo.U0_w616d64_fifo/U0/inst_fifo_gen/gconvfifo.rf/grf.rf/gntv_or_sync_fifo.mem/dout[379].  Did not re-place instance U0_ps_ai_peripheral/ZGolo/u_AI_Mate_top/U0_ddr2hp_itcn/U0_dmux4/U3_aw_axi_fifo/w616d64_fifo.U0_w616d64_fifo/U0/inst_fifo_gen/gconvfifo.rf/grf.rf/gntv_or_sync_fifo.mem/goreg_bm.dout_i_reg[379]
INFO: [Physopt 32-662] Processed net U0_ps_ai_peripheral/ZGolo/u_AI_Mate_top/U0_ddr2hp_itcn/U0_dmux4/U3_aw_axi_fifo/w616d64_fifo.U0_w616d64_fifo/U0/inst_fifo_gen/gconvfifo.rf/grf.rf/gntv_or_sync_fifo.mem/dout[424].  Did not re-place instance U0_ps_ai_peripheral/ZGolo/u_AI_Mate_top/U0_ddr2hp_itcn/U0_dmux4/U3_aw_axi_fifo/w616d64_fifo.U0_w616d64_fifo/U0/inst_fifo_gen/gconvfifo.rf/grf.rf/gntv_or_sync_fifo.mem/goreg_bm.dout_i_reg[424]
INFO: [Physopt 32-662] Processed net U0_ps_ai_peripheral/ZGolo/u_AI_Mate_top/U0_ddr2hp_itcn/U0_dmux4/U3_aw_axi_fifo/w616d64_fifo.U0_w616d64_fifo/U0/inst_fifo_gen/gconvfifo.rf/grf.rf/gntv_or_sync_fifo.mem/dout[476].  Did not re-place instance U0_ps_ai_peripheral/ZGolo/u_AI_Mate_top/U0_ddr2hp_itcn/U0_dmux4/U3_aw_axi_fifo/w616d64_fifo.U0_w616d64_fifo/U0/inst_fifo_gen/gconvfifo.rf/grf.rf/gntv_or_sync_fifo.mem/goreg_bm.dout_i_reg[476]
INFO: [Physopt 32-662] Processed net U0_ps_ai_peripheral/ZGolo/u_AI_Mate_top/U0_ddr2hp_itcn/U0_dmux4/U3_aw_axi_fifo/w616d64_fifo.U0_w616d64_fifo/U0/inst_fifo_gen/gconvfifo.rf/grf.rf/gntv_or_sync_fifo.mem/dout[479].  Did not re-place instance U0_ps_ai_peripheral/ZGolo/u_AI_Mate_top/U0_ddr2hp_itcn/U0_dmux4/U3_aw_axi_fifo/w616d64_fifo.U0_w616d64_fifo/U0/inst_fifo_gen/gconvfifo.rf/grf.rf/gntv_or_sync_fifo.mem/goreg_bm.dout_i_reg[479]
INFO: [Physopt 32-662] Processed net U0_ps_ai_peripheral/ZGolo/u_AI_Mate_top/U0_ddr2hp_itcn/U0_dmux4/U3_aw_axi_fifo/w616d64_fifo.U0_w616d64_fifo/U0/inst_fifo_gen/gconvfifo.rf/grf.rf/gntv_or_sync_fifo.mem/dout[544].  Did not re-place instance U0_ps_ai_peripheral/ZGolo/u_AI_Mate_top/U0_ddr2hp_itcn/U0_dmux4/U3_aw_axi_fifo/w616d64_fifo.U0_w616d64_fifo/U0/inst_fifo_gen/gconvfifo.rf/grf.rf/gntv_or_sync_fifo.mem/goreg_bm.dout_i_reg[544]
INFO: [Physopt 32-662] Processed net U0_ps_ai_peripheral/ZGolo/u_AI_Mate_top/U0_ddr2hp_itcn/U0_dmux4/U3_aw_axi_fifo/w616d64_fifo.U0_w616d64_fifo/U0/inst_fifo_gen/gconvfifo.rf/grf.rf/gntv_or_sync_fifo.mem/dout[547].  Did not re-place instance U0_ps_ai_peripheral/ZGolo/u_AI_Mate_top/U0_ddr2hp_itcn/U0_dmux4/U3_aw_axi_fifo/w616d64_fifo.U0_w616d64_fifo/U0/inst_fifo_gen/gconvfifo.rf/grf.rf/gntv_or_sync_fifo.mem/goreg_bm.dout_i_reg[547]
INFO: [Physopt 32-662] Processed net U0_ps_ai_peripheral/ZGolo/u_AI_Mate_top/U0_ddr2hp_itcn/U0_dmux4/U3_aw_axi_fifo/w616d64_fifo.U0_w616d64_fifo/U0/inst_fifo_gen/gconvfifo.rf/grf.rf/gntv_or_sync_fifo.mem/dout[553].  Did not re-place instance U0_ps_ai_peripheral/ZGolo/u_AI_Mate_top/U0_ddr2hp_itcn/U0_dmux4/U3_aw_axi_fifo/w616d64_fifo.U0_w616d64_fifo/U0/inst_fifo_gen/gconvfifo.rf/grf.rf/gntv_or_sync_fifo.mem/goreg_bm.dout_i_reg[553]
INFO: [Physopt 32-662] Processed net U0_ps_ai_peripheral/ZGolo/u_AI_Mate_top/U0_ddr2hp_itcn/U0_dmux4/U3_aw_axi_fifo/w616d64_fifo.U0_w616d64_fifo/U0/inst_fifo_gen/gconvfifo.rf/grf.rf/gntv_or_sync_fifo.mem/dout[68].  Did not re-place instance U0_ps_ai_peripheral/ZGolo/u_AI_Mate_top/U0_ddr2hp_itcn/U0_dmux4/U3_aw_axi_fifo/w616d64_fifo.U0_w616d64_fifo/U0/inst_fifo_gen/gconvfifo.rf/grf.rf/gntv_or_sync_fifo.mem/goreg_bm.dout_i_reg[68]
INFO: [Physopt 32-662] Processed net U0_ps_ai_peripheral/frame_to_ps_inst0/frame_read_write_m0/D[7].  Did not re-place instance U0_ps_ai_peripheral/frame_to_ps_inst0/frame_read_write_m0/vout_data_r[7]_i_1
INFO: [Physopt 32-662] Processed net U0_ps_ai_peripheral/frame_to_ps_inst0/frame_read_write_m0/read_buf/U0/inst_fifo_gen/gconvfifo.rf/grf.rf/gntv_or_sync_fifo.mem/gbm.gbmg.gbmga.ngecc.bmg/inst_blk_mem_gen/gnbram.gnativebmg.native_blk_mem_gen/valid.cstr/has_mux_b.B/dout[7].  Did not re-place instance U0_ps_ai_peripheral/frame_to_ps_inst0/frame_read_write_m0/read_buf/U0/inst_fifo_gen/gconvfifo.rf/grf.rf/gntv_or_sync_fifo.mem/gbm.gbmg.gbmga.ngecc.bmg/inst_blk_mem_gen/gnbram.gnativebmg.native_blk_mem_gen/valid.cstr/has_mux_b.B/dout[7]_INST_0
INFO: [Physopt 32-662] Processed net U0_ps_ai_peripheral/frame_to_ps_inst0/frame_read_write_m0/read_buf/U0/inst_fifo_gen/gconvfifo.rf/grf.rf/gntv_or_sync_fifo.mem/gbm.gbmg.gbmga.ngecc.bmg/inst_blk_mem_gen/gnbram.gnativebmg.native_blk_mem_gen/valid.cstr/has_mux_b.B/dout[7]_INST_0_i_8_n_0.  Did not re-place instance U0_ps_ai_peripheral/frame_to_ps_inst0/frame_read_write_m0/read_buf/U0/inst_fifo_gen/gconvfifo.rf/grf.rf/gntv_or_sync_fifo.mem/gbm.gbmg.gbmga.ngecc.bmg/inst_blk_mem_gen/gnbram.gnativebmg.native_blk_mem_gen/valid.cstr/has_mux_b.B/dout[7]_INST_0_i_8
INFO: [Physopt 32-662] Processed net U0_ps_ai_peripheral/frame_to_ps_inst0/video_rect_read_data_m0/Q[7].  Did not re-place instance U0_ps_ai_peripheral/frame_to_ps_inst0/video_rect_read_data_m0/vout_data_r_reg[7]
INFO: [Physopt 32-662] Processed net U0_ps_ai_peripheral/frame_to_ps_inst0/frame_read_write_m0/read_buf/U0/inst_fifo_gen/gconvfifo.rf/grf.rf/gntv_or_sync_fifo.mem/gbm.gbmg.gbmga.ngecc.bmg/inst_blk_mem_gen/gnbram.gnativebmg.native_blk_mem_gen/valid.cstr/has_mux_b.B/dout[15]_INST_0_i_8_n_0.  Did not re-place instance U0_ps_ai_peripheral/frame_to_ps_inst0/frame_read_write_m0/read_buf/U0/inst_fifo_gen/gconvfifo.rf/grf.rf/gntv_or_sync_fifo.mem/gbm.gbmg.gbmga.ngecc.bmg/inst_blk_mem_gen/gnbram.gnativebmg.native_blk_mem_gen/valid.cstr/has_mux_b.B/dout[15]_INST_0_i_8
INFO: [Physopt 32-662] Processed net U_adder_top/U_flicker/dma/no[11].  Did not re-place instance U_adder_top/U_flicker/dma/no_reg[11]
INFO: [Physopt 32-662] Processed net U_adder_top/U_flicker/dma/awvalid1_carry__0_i_7_n_0.  Did not re-place instance U_adder_top/U_flicker/dma/awvalid1_carry__0_i_7
INFO: [Physopt 32-662] Processed net U0_ps_ai_peripheral/ZGolo/u_AI_Mate_top/U0_ddr2hp_itcn/U0_dmux4/U3_aw_axi_fifo/w616d64_fifo.U0_w616d64_fifo/U0/inst_fifo_gen/gconvfifo.rf/grf.rf/gntv_or_sync_fifo.mem/dout[189].  Did not re-place instance U0_ps_ai_peripheral/ZGolo/u_AI_Mate_top/U0_ddr2hp_itcn/U0_dmux4/U3_aw_axi_fifo/w616d64_fifo.U0_w616d64_fifo/U0/inst_fifo_gen/gconvfifo.rf/grf.rf/gntv_or_sync_fifo.mem/goreg_bm.dout_i_reg[189]
INFO: [Physopt 32-662] Processed net U0_ps_ai_peripheral/ZGolo/u_AI_Mate_top/U0_ddr2hp_itcn/U0_dmux4/U3_aw_axi_fifo/w616d64_fifo.U0_w616d64_fifo/U0/inst_fifo_gen/gconvfifo.rf/grf.rf/gntv_or_sync_fifo.mem/dout[200].  Did not re-place instance U0_ps_ai_peripheral/ZGolo/u_AI_Mate_top/U0_ddr2hp_itcn/U0_dmux4/U3_aw_axi_fifo/w616d64_fifo.U0_w616d64_fifo/U0/inst_fifo_gen/gconvfifo.rf/grf.rf/gntv_or_sync_fifo.mem/goreg_bm.dout_i_reg[200]
INFO: [Physopt 32-662] Processed net U0_ps_ai_peripheral/ZGolo/u_AI_Mate_top/U0_ddr2hp_itcn/U0_dmux4/U3_aw_axi_fifo/w616d64_fifo.U0_w616d64_fifo/U0/inst_fifo_gen/gconvfifo.rf/grf.rf/gntv_or_sync_fifo.mem/dout[201].  Did not re-place instance U0_ps_ai_peripheral/ZGolo/u_AI_Mate_top/U0_ddr2hp_itcn/U0_dmux4/U3_aw_axi_fifo/w616d64_fifo.U0_w616d64_fifo/U0/inst_fifo_gen/gconvfifo.rf/grf.rf/gntv_or_sync_fifo.mem/goreg_bm.dout_i_reg[201]
INFO: [Physopt 32-662] Processed net U0_ps_ai_peripheral/ZGolo/u_AI_Mate_top/U0_ddr2hp_itcn/U0_dmux4/U3_aw_axi_fifo/w616d64_fifo.U0_w616d64_fifo/U0/inst_fifo_gen/gconvfifo.rf/grf.rf/gntv_or_sync_fifo.mem/dout[203].  Did not re-place instance U0_ps_ai_peripheral/ZGolo/u_AI_Mate_top/U0_ddr2hp_itcn/U0_dmux4/U3_aw_axi_fifo/w616d64_fifo.U0_w616d64_fifo/U0/inst_fifo_gen/gconvfifo.rf/grf.rf/gntv_or_sync_fifo.mem/goreg_bm.dout_i_reg[203]
INFO: [Physopt 32-662] Processed net U0_ps_ai_peripheral/ZGolo/u_AI_Mate_top/U0_ddr2hp_itcn/U0_dmux4/U3_aw_axi_fifo/w616d64_fifo.U0_w616d64_fifo/U0/inst_fifo_gen/gconvfifo.rf/grf.rf/gntv_or_sync_fifo.mem/dout[214].  Did not re-place instance U0_ps_ai_peripheral/ZGolo/u_AI_Mate_top/U0_ddr2hp_itcn/U0_dmux4/U3_aw_axi_fifo/w616d64_fifo.U0_w616d64_fifo/U0/inst_fifo_gen/gconvfifo.rf/grf.rf/gntv_or_sync_fifo.mem/goreg_bm.dout_i_reg[214]
INFO: [Physopt 32-662] Processed net U0_ps_ai_peripheral/ZGolo/u_AI_Mate_top/U0_ddr2hp_itcn/U0_dmux4/U3_aw_axi_fifo/w616d64_fifo.U0_w616d64_fifo/U0/inst_fifo_gen/gconvfifo.rf/grf.rf/gntv_or_sync_fifo.mem/dout[409].  Did not re-place instance U0_ps_ai_peripheral/ZGolo/u_AI_Mate_top/U0_ddr2hp_itcn/U0_dmux4/U3_aw_axi_fifo/w616d64_fifo.U0_w616d64_fifo/U0/inst_fifo_gen/gconvfifo.rf/grf.rf/gntv_or_sync_fifo.mem/goreg_bm.dout_i_reg[409]
INFO: [Physopt 32-662] Processed net U0_ps_ai_peripheral/ZGolo/u_AI_Mate_top/U0_ddr2hp_itcn/U0_dmux4/U3_aw_axi_fifo/w616d64_fifo.U0_w616d64_fifo/U0/inst_fifo_gen/gconvfifo.rf/grf.rf/gntv_or_sync_fifo.mem/dout[91].  Did not re-place instance U0_ps_ai_peripheral/ZGolo/u_AI_Mate_top/U0_ddr2hp_itcn/U0_dmux4/U3_aw_axi_fifo/w616d64_fifo.U0_w616d64_fifo/U0/inst_fifo_gen/gconvfifo.rf/grf.rf/gntv_or_sync_fifo.mem/goreg_bm.dout_i_reg[91]
INFO: [Physopt 32-662] Processed net U0_ps_ai_peripheral/ZGolo/u_AI_Mate_top/U0_ddr2hp_itcn/U0_dmux4/U3_aw_axi_fifo/w616d64_fifo.U0_w616d64_fifo/U0/inst_fifo_gen/gconvfifo.rf/grf.rf/gntv_or_sync_fifo.mem/dout[96].  Did not re-place instance U0_ps_ai_peripheral/ZGolo/u_AI_Mate_top/U0_ddr2hp_itcn/U0_dmux4/U3_aw_axi_fifo/w616d64_fifo.U0_w616d64_fifo/U0/inst_fifo_gen/gconvfifo.rf/grf.rf/gntv_or_sync_fifo.mem/goreg_bm.dout_i_reg[96]
INFO: [Physopt 32-662] Processed net U0_ps_ai_peripheral/ZGolo/u_AI_Mate_top/U0_ddr2hp_itcn/U0_dmux4/U3_aw_axi_fifo/w616d64_fifo.U0_w616d64_fifo/U0/inst_fifo_gen/gconvfifo.rf/grf.rf/gntv_or_sync_fifo.mem/dout[114].  Did not re-place instance U0_ps_ai_peripheral/ZGolo/u_AI_Mate_top/U0_ddr2hp_itcn/U0_dmux4/U3_aw_axi_fifo/w616d64_fifo.U0_w616d64_fifo/U0/inst_fifo_gen/gconvfifo.rf/grf.rf/gntv_or_sync_fifo.mem/goreg_bm.dout_i_reg[114]
INFO: [Physopt 32-662] Processed net U0_ps_ai_peripheral/ZGolo/u_AI_Mate_top/U0_ddr2hp_itcn/U0_dmux4/U3_aw_axi_fifo/w616d64_fifo.U0_w616d64_fifo/U0/inst_fifo_gen/gconvfifo.rf/grf.rf/gntv_or_sync_fifo.mem/dout[116].  Did not re-place instance U0_ps_ai_peripheral/ZGolo/u_AI_Mate_top/U0_ddr2hp_itcn/U0_dmux4/U3_aw_axi_fifo/w616d64_fifo.U0_w616d64_fifo/U0/inst_fifo_gen/gconvfifo.rf/grf.rf/gntv_or_sync_fifo.mem/goreg_bm.dout_i_reg[116]
INFO: [Physopt 32-662] Processed net U0_ps_ai_peripheral/ZGolo/u_AI_Mate_top/U0_ddr2hp_itcn/U0_dmux4/U3_aw_axi_fifo/w616d64_fifo.U0_w616d64_fifo/U0/inst_fifo_gen/gconvfifo.rf/grf.rf/gntv_or_sync_fifo.mem/dout[196].  Did not re-place instance U0_ps_ai_peripheral/ZGolo/u_AI_Mate_top/U0_ddr2hp_itcn/U0_dmux4/U3_aw_axi_fifo/w616d64_fifo.U0_w616d64_fifo/U0/inst_fifo_gen/gconvfifo.rf/grf.rf/gntv_or_sync_fifo.mem/goreg_bm.dout_i_reg[196]
INFO: [Physopt 32-662] Processed net U0_ps_ai_peripheral/ZGolo/u_AI_Mate_top/U0_ddr2hp_itcn/U0_dmux4/U3_aw_axi_fifo/w616d64_fifo.U0_w616d64_fifo/U0/inst_fifo_gen/gconvfifo.rf/grf.rf/gntv_or_sync_fifo.mem/dout[312].  Did not re-place instance U0_ps_ai_peripheral/ZGolo/u_AI_Mate_top/U0_ddr2hp_itcn/U0_dmux4/U3_aw_axi_fifo/w616d64_fifo.U0_w616d64_fifo/U0/inst_fifo_gen/gconvfifo.rf/grf.rf/gntv_or_sync_fifo.mem/goreg_bm.dout_i_reg[312]
INFO: [Physopt 32-662] Processed net U0_ps_ai_peripheral/ZGolo/u_AI_Mate_top/U0_ddr2hp_itcn/U0_dmux4/U3_aw_axi_fifo/w616d64_fifo.U0_w616d64_fifo/U0/inst_fifo_gen/gconvfifo.rf/grf.rf/gntv_or_sync_fifo.mem/dout[420].  Did not re-place instance U0_ps_ai_peripheral/ZGolo/u_AI_Mate_top/U0_ddr2hp_itcn/U0_dmux4/U3_aw_axi_fifo/w616d64_fifo.U0_w616d64_fifo/U0/inst_fifo_gen/gconvfifo.rf/grf.rf/gntv_or_sync_fifo.mem/goreg_bm.dout_i_reg[420]
INFO: [Physopt 32-662] Processed net U0_ps_ai_peripheral/ZGolo/u_AI_Mate_top/U0_ddr2hp_itcn/U0_dmux4/U3_aw_axi_fifo/w616d64_fifo.U0_w616d64_fifo/U0/inst_fifo_gen/gconvfifo.rf/grf.rf/gntv_or_sync_fifo.mem/dout[428].  Did not re-place instance U0_ps_ai_peripheral/ZGolo/u_AI_Mate_top/U0_ddr2hp_itcn/U0_dmux4/U3_aw_axi_fifo/w616d64_fifo.U0_w616d64_fifo/U0/inst_fifo_gen/gconvfifo.rf/grf.rf/gntv_or_sync_fifo.mem/goreg_bm.dout_i_reg[428]
INFO: [Physopt 32-662] Processed net U0_ps_ai_peripheral/ZGolo/u_AI_Mate_top/U0_ddr2hp_itcn/U0_dmux4/U3_aw_axi_fifo/w616d64_fifo.U0_w616d64_fifo/U0/inst_fifo_gen/gconvfifo.rf/grf.rf/gntv_or_sync_fifo.mem/dout[528].  Did not re-place instance U0_ps_ai_peripheral/ZGolo/u_AI_Mate_top/U0_ddr2hp_itcn/U0_dmux4/U3_aw_axi_fifo/w616d64_fifo.U0_w616d64_fifo/U0/inst_fifo_gen/gconvfifo.rf/grf.rf/gntv_or_sync_fifo.mem/goreg_bm.dout_i_reg[528]
INFO: [Physopt 32-662] Processed net U0_ps_ai_peripheral/ZGolo/u_AI_Mate_top/U0_ddr2hp_itcn/U0_dmux4/U3_aw_axi_fifo/w616d64_fifo.U0_w616d64_fifo/U0/inst_fifo_gen/gconvfifo.rf/grf.rf/gntv_or_sync_fifo.mem/dout[598].  Did not re-place instance U0_ps_ai_peripheral/ZGolo/u_AI_Mate_top/U0_ddr2hp_itcn/U0_dmux4/U3_aw_axi_fifo/w616d64_fifo.U0_w616d64_fifo/U0/inst_fifo_gen/gconvfifo.rf/grf.rf/gntv_or_sync_fifo.mem/goreg_bm.dout_i_reg[598]
INFO: [Physopt 32-662] Processed net U0_ps_ai_peripheral/ZGolo/u_AI_Mate_top/U0_ddr2hp_itcn/U0_dmux4/U3_aw_axi_fifo/w616d64_fifo.U0_w616d64_fifo/U0/inst_fifo_gen/gconvfifo.rf/grf.rf/gntv_or_sync_fifo.mem/dout[411].  Did not re-place instance U0_ps_ai_peripheral/ZGolo/u_AI_Mate_top/U0_ddr2hp_itcn/U0_dmux4/U3_aw_axi_fifo/w616d64_fifo.U0_w616d64_fifo/U0/inst_fifo_gen/gconvfifo.rf/grf.rf/gntv_or_sync_fifo.mem/goreg_bm.dout_i_reg[411]
INFO: [Physopt 32-662] Processed net U0_ps_ai_peripheral/ZGolo/u_AI_Mate_top/U0_ddr2hp_itcn/U0_dmux4/U3_aw_axi_fifo/w616d64_fifo.U0_w616d64_fifo/U0/inst_fifo_gen/gconvfifo.rf/grf.rf/gntv_or_sync_fifo.mem/dout[50].  Did not re-place instance U0_ps_ai_peripheral/ZGolo/u_AI_Mate_top/U0_ddr2hp_itcn/U0_dmux4/U3_aw_axi_fifo/w616d64_fifo.U0_w616d64_fifo/U0/inst_fifo_gen/gconvfifo.rf/grf.rf/gntv_or_sync_fifo.mem/goreg_bm.dout_i_reg[50]
INFO: [Physopt 32-662] Processed net U0_ps_ai_peripheral/ZGolo/u_AI_Mate_top/U0_ddr2hp_itcn/U0_dmux4/U3_aw_axi_fifo/w616d64_fifo.U0_w616d64_fifo/U0/inst_fifo_gen/gconvfifo.rf/grf.rf/gntv_or_sync_fifo.mem/dout[543].  Did not re-place instance U0_ps_ai_peripheral/ZGolo/u_AI_Mate_top/U0_ddr2hp_itcn/U0_dmux4/U3_aw_axi_fifo/w616d64_fifo.U0_w616d64_fifo/U0/inst_fifo_gen/gconvfifo.rf/grf.rf/gntv_or_sync_fifo.mem/goreg_bm.dout_i_reg[543]
INFO: [Physopt 32-662] Processed net U0_ps_ai_peripheral/ZGolo/u_AI_Mate_top/U0_ddr2hp_itcn/U0_dmux4/U3_aw_axi_fifo/w616d64_fifo.U0_w616d64_fifo/U0/inst_fifo_gen/gconvfifo.rf/grf.rf/gntv_or_sync_fifo.mem/dout[607].  Did not re-place instance U0_ps_ai_peripheral/ZGolo/u_AI_Mate_top/U0_ddr2hp_itcn/U0_dmux4/U3_aw_axi_fifo/w616d64_fifo.U0_w616d64_fifo/U0/inst_fifo_gen/gconvfifo.rf/grf.rf/gntv_or_sync_fifo.mem/goreg_bm.dout_i_reg[607]
INFO: [Physopt 32-662] Processed net U0_ps_ai_peripheral/ZGolo/u_AI_Mate_top/U0_ddr2hp_itcn/U0_dmux4/U3_aw_axi_fifo/w616d64_fifo.U0_w616d64_fifo/U0/inst_fifo_gen/gconvfifo.rf/grf.rf/gntv_or_sync_fifo.mem/dout[67].  Did not re-place instance U0_ps_ai_peripheral/ZGolo/u_AI_Mate_top/U0_ddr2hp_itcn/U0_dmux4/U3_aw_axi_fifo/w616d64_fifo.U0_w616d64_fifo/U0/inst_fifo_gen/gconvfifo.rf/grf.rf/gntv_or_sync_fifo.mem/goreg_bm.dout_i_reg[67]
INFO: [Physopt 32-663] Processed net U_adder_top/U_flicker/dma/writes[11].  Re-placed instance U_adder_top/U_flicker/dma/write_count_reg[11]
INFO: [Physopt 32-662] Processed net U0_ps_ai_peripheral/ZGolo/u_AI_Mate_top/ddr_witcn_u0/mna_idfifo_w5_u0/U0/inst_fifo_gen/gconvfifo.rf/grf.rf/gntv_or_sync_fifo.gl0.wr/gwss.gpf.wrpf/diff_pntr_pad[6].  Did not re-place instance U0_ps_ai_peripheral/ZGolo/u_AI_Mate_top/ddr_witcn_u0/mna_idfifo_w5_u0/U0/inst_fifo_gen/gconvfifo.rf/grf.rf/gntv_or_sync_fifo.gl0.wr/gwss.gpf.wrpf/gdiff.gcry_1_sym.diff_pntr_pad_reg[6]
INFO: [Physopt 32-662] Processed net U0_ps_ai_peripheral/frame_to_ps_inst0/frame_read_write_m0/D[2].  Did not re-place instance U0_ps_ai_peripheral/frame_to_ps_inst0/frame_read_write_m0/vout_data_r[2]_i_1
INFO: [Physopt 32-662] Processed net U0_ps_ai_peripheral/frame_to_ps_inst0/frame_read_write_m0/read_buf/U0/inst_fifo_gen/gconvfifo.rf/grf.rf/gntv_or_sync_fifo.mem/gbm.gbmg.gbmga.ngecc.bmg/inst_blk_mem_gen/gnbram.gnativebmg.native_blk_mem_gen/valid.cstr/has_mux_b.B/dout[2].  Did not re-place instance U0_ps_ai_peripheral/frame_to_ps_inst0/frame_read_write_m0/read_buf/U0/inst_fifo_gen/gconvfifo.rf/grf.rf/gntv_or_sync_fifo.mem/gbm.gbmg.gbmga.ngecc.bmg/inst_blk_mem_gen/gnbram.gnativebmg.native_blk_mem_gen/valid.cstr/has_mux_b.B/dout[2]_INST_0
INFO: [Physopt 32-662] Processed net U0_ps_ai_peripheral/frame_to_ps_inst0/video_rect_read_data_m0/Q[2].  Did not re-place instance U0_ps_ai_peripheral/frame_to_ps_inst0/video_rect_read_data_m0/vout_data_r_reg[2]
INFO: [Physopt 32-662] Processed net U0_ps_ai_peripheral/ZGolo/u_AI_Mate_top/ddr_witcn_u0/mna_idfifo_w5_u0/U0/inst_fifo_gen/gconvfifo.rf/grf.rf/gntv_or_sync_fifo.gl0.wr/gwss.gpf.wrpf/diff_pntr_pad[9].  Did not re-place instance U0_ps_ai_peripheral/ZGolo/u_AI_Mate_top/ddr_witcn_u0/mna_idfifo_w5_u0/U0/inst_fifo_gen/gconvfifo.rf/grf.rf/gntv_or_sync_fifo.gl0.wr/gwss.gpf.wrpf/gdiff.gcry_1_sym.diff_pntr_pad_reg[9]
INFO: [Physopt 32-662] Processed net U0_ps_ai_peripheral/frame_to_ps_inst0/frame_read_write_m0/read_buf/U0/inst_fifo_gen/gconvfifo.rf/grf.rf/gntv_or_sync_fifo.mem/gbm.gbmg.gbmga.ngecc.bmg/inst_blk_mem_gen/gnbram.gnativebmg.native_blk_mem_gen/valid.cstr/has_mux_b.B/dout[15]_INST_0_i_5_n_0.  Did not re-place instance U0_ps_ai_peripheral/frame_to_ps_inst0/frame_read_write_m0/read_buf/U0/inst_fifo_gen/gconvfifo.rf/grf.rf/gntv_or_sync_fifo.mem/gbm.gbmg.gbmga.ngecc.bmg/inst_blk_mem_gen/gnbram.gnativebmg.native_blk_mem_gen/valid.cstr/has_mux_b.B/dout[15]_INST_0_i_5
INFO: [Physopt 32-662] Processed net U0_ps_ai_peripheral/ZGolo/u_AI_Mate_top/U0_ddr2hp_itcn/U0_dmux4/U3_aw_axi_fifo/w616d64_fifo.U0_w616d64_fifo/U0/inst_fifo_gen/gconvfifo.rf/grf.rf/gntv_or_sync_fifo.mem/dout[0].  Did not re-place instance U0_ps_ai_peripheral/ZGolo/u_AI_Mate_top/U0_ddr2hp_itcn/U0_dmux4/U3_aw_axi_fifo/w616d64_fifo.U0_w616d64_fifo/U0/inst_fifo_gen/gconvfifo.rf/grf.rf/gntv_or_sync_fifo.mem/goreg_bm.dout_i_reg[0]
INFO: [Physopt 32-662] Processed net U0_ps_ai_peripheral/ZGolo/u_AI_Mate_top/U0_ddr2hp_itcn/U0_dmux4/U3_aw_axi_fifo/w616d64_fifo.U0_w616d64_fifo/U0/inst_fifo_gen/gconvfifo.rf/grf.rf/gntv_or_sync_fifo.mem/dout[232].  Did not re-place instance U0_ps_ai_peripheral/ZGolo/u_AI_Mate_top/U0_ddr2hp_itcn/U0_dmux4/U3_aw_axi_fifo/w616d64_fifo.U0_w616d64_fifo/U0/inst_fifo_gen/gconvfifo.rf/grf.rf/gntv_or_sync_fifo.mem/goreg_bm.dout_i_reg[232]
INFO: [Physopt 32-662] Processed net U0_ps_ai_peripheral/ZGolo/u_AI_Mate_top/U0_ddr2hp_itcn/U0_dmux4/U3_aw_axi_fifo/w616d64_fifo.U0_w616d64_fifo/U0/inst_fifo_gen/gconvfifo.rf/grf.rf/gntv_or_sync_fifo.mem/dout[258].  Did not re-place instance U0_ps_ai_peripheral/ZGolo/u_AI_Mate_top/U0_ddr2hp_itcn/U0_dmux4/U3_aw_axi_fifo/w616d64_fifo.U0_w616d64_fifo/U0/inst_fifo_gen/gconvfifo.rf/grf.rf/gntv_or_sync_fifo.mem/goreg_bm.dout_i_reg[258]
INFO: [Physopt 32-662] Processed net U0_ps_ai_peripheral/ZGolo/u_AI_Mate_top/U0_ddr2hp_itcn/U0_dmux4/U3_aw_axi_fifo/w616d64_fifo.U0_w616d64_fifo/U0/inst_fifo_gen/gconvfifo.rf/grf.rf/gntv_or_sync_fifo.mem/dout[279].  Did not re-place instance U0_ps_ai_peripheral/ZGolo/u_AI_Mate_top/U0_ddr2hp_itcn/U0_dmux4/U3_aw_axi_fifo/w616d64_fifo.U0_w616d64_fifo/U0/inst_fifo_gen/gconvfifo.rf/grf.rf/gntv_or_sync_fifo.mem/goreg_bm.dout_i_reg[279]
INFO: [Physopt 32-662] Processed net U0_ps_ai_peripheral/ZGolo/u_AI_Mate_top/U0_ddr2hp_itcn/U0_dmux4/U3_aw_axi_fifo/w616d64_fifo.U0_w616d64_fifo/U0/inst_fifo_gen/gconvfifo.rf/grf.rf/gntv_or_sync_fifo.mem/dout[310].  Did not re-place instance U0_ps_ai_peripheral/ZGolo/u_AI_Mate_top/U0_ddr2hp_itcn/U0_dmux4/U3_aw_axi_fifo/w616d64_fifo.U0_w616d64_fifo/U0/inst_fifo_gen/gconvfifo.rf/grf.rf/gntv_or_sync_fifo.mem/goreg_bm.dout_i_reg[310]
INFO: [Physopt 32-662] Processed net U0_ps_ai_peripheral/ZGolo/u_AI_Mate_top/U0_ddr2hp_itcn/U0_dmux4/U3_aw_axi_fifo/w616d64_fifo.U0_w616d64_fifo/U0/inst_fifo_gen/gconvfifo.rf/grf.rf/gntv_or_sync_fifo.mem/dout[313].  Did not re-place instance U0_ps_ai_peripheral/ZGolo/u_AI_Mate_top/U0_ddr2hp_itcn/U0_dmux4/U3_aw_axi_fifo/w616d64_fifo.U0_w616d64_fifo/U0/inst_fifo_gen/gconvfifo.rf/grf.rf/gntv_or_sync_fifo.mem/goreg_bm.dout_i_reg[313]
INFO: [Physopt 32-662] Processed net U0_ps_ai_peripheral/ZGolo/u_AI_Mate_top/U0_ddr2hp_itcn/U0_dmux4/U3_aw_axi_fifo/w616d64_fifo.U0_w616d64_fifo/U0/inst_fifo_gen/gconvfifo.rf/grf.rf/gntv_or_sync_fifo.mem/dout[333].  Did not re-place instance U0_ps_ai_peripheral/ZGolo/u_AI_Mate_top/U0_ddr2hp_itcn/U0_dmux4/U3_aw_axi_fifo/w616d64_fifo.U0_w616d64_fifo/U0/inst_fifo_gen/gconvfifo.rf/grf.rf/gntv_or_sync_fifo.mem/goreg_bm.dout_i_reg[333]
INFO: [Physopt 32-662] Processed net U0_ps_ai_peripheral/ZGolo/u_AI_Mate_top/U0_ddr2hp_itcn/U0_dmux4/U3_aw_axi_fifo/w616d64_fifo.U0_w616d64_fifo/U0/inst_fifo_gen/gconvfifo.rf/grf.rf/gntv_or_sync_fifo.mem/dout[347].  Did not re-place instance U0_ps_ai_peripheral/ZGolo/u_AI_Mate_top/U0_ddr2hp_itcn/U0_dmux4/U3_aw_axi_fifo/w616d64_fifo.U0_w616d64_fifo/U0/inst_fifo_gen/gconvfifo.rf/grf.rf/gntv_or_sync_fifo.mem/goreg_bm.dout_i_reg[347]
INFO: [Physopt 32-662] Processed net U0_ps_ai_peripheral/ZGolo/u_AI_Mate_top/U0_ddr2hp_itcn/U0_dmux4/U3_aw_axi_fifo/w616d64_fifo.U0_w616d64_fifo/U0/inst_fifo_gen/gconvfifo.rf/grf.rf/gntv_or_sync_fifo.mem/dout[352].  Did not re-place instance U0_ps_ai_peripheral/ZGolo/u_AI_Mate_top/U0_ddr2hp_itcn/U0_dmux4/U3_aw_axi_fifo/w616d64_fifo.U0_w616d64_fifo/U0/inst_fifo_gen/gconvfifo.rf/grf.rf/gntv_or_sync_fifo.mem/goreg_bm.dout_i_reg[352]
INFO: [Physopt 32-662] Processed net U0_ps_ai_peripheral/ZGolo/u_AI_Mate_top/U0_ddr2hp_itcn/U0_dmux4/U3_aw_axi_fifo/w616d64_fifo.U0_w616d64_fifo/U0/inst_fifo_gen/gconvfifo.rf/grf.rf/gntv_or_sync_fifo.mem/dout[376].  Did not re-place instance U0_ps_ai_peripheral/ZGolo/u_AI_Mate_top/U0_ddr2hp_itcn/U0_dmux4/U3_aw_axi_fifo/w616d64_fifo.U0_w616d64_fifo/U0/inst_fifo_gen/gconvfifo.rf/grf.rf/gntv_or_sync_fifo.mem/goreg_bm.dout_i_reg[376]
INFO: [Physopt 32-662] Processed net U0_ps_ai_peripheral/ZGolo/u_AI_Mate_top/U0_ddr2hp_itcn/U0_dmux4/U3_aw_axi_fifo/w616d64_fifo.U0_w616d64_fifo/U0/inst_fifo_gen/gconvfifo.rf/grf.rf/gntv_or_sync_fifo.mem/dout[466].  Did not re-place instance U0_ps_ai_peripheral/ZGolo/u_AI_Mate_top/U0_ddr2hp_itcn/U0_dmux4/U3_aw_axi_fifo/w616d64_fifo.U0_w616d64_fifo/U0/inst_fifo_gen/gconvfifo.rf/grf.rf/gntv_or_sync_fifo.mem/goreg_bm.dout_i_reg[466]
INFO: [Physopt 32-662] Processed net U0_ps_ai_peripheral/ZGolo/u_AI_Mate_top/U0_ddr2hp_itcn/U0_dmux4/U3_aw_axi_fifo/w616d64_fifo.U0_w616d64_fifo/U0/inst_fifo_gen/gconvfifo.rf/grf.rf/gntv_or_sync_fifo.mem/dout[486].  Did not re-place instance U0_ps_ai_peripheral/ZGolo/u_AI_Mate_top/U0_ddr2hp_itcn/U0_dmux4/U3_aw_axi_fifo/w616d64_fifo.U0_w616d64_fifo/U0/inst_fifo_gen/gconvfifo.rf/grf.rf/gntv_or_sync_fifo.mem/goreg_bm.dout_i_reg[486]
INFO: [Physopt 32-662] Processed net U0_ps_ai_peripheral/ZGolo/u_AI_Mate_top/U0_ddr2hp_itcn/U0_dmux4/U3_aw_axi_fifo/w616d64_fifo.U0_w616d64_fifo/U0/inst_fifo_gen/gconvfifo.rf/grf.rf/gntv_or_sync_fifo.mem/dout[502].  Did not re-place instance U0_ps_ai_peripheral/ZGolo/u_AI_Mate_top/U0_ddr2hp_itcn/U0_dmux4/U3_aw_axi_fifo/w616d64_fifo.U0_w616d64_fifo/U0/inst_fifo_gen/gconvfifo.rf/grf.rf/gntv_or_sync_fifo.mem/goreg_bm.dout_i_reg[502]
INFO: [Physopt 32-662] Processed net U0_ps_ai_peripheral/ZGolo/u_AI_Mate_top/U0_ddr2hp_itcn/U0_dmux4/U3_aw_axi_fifo/w616d64_fifo.U0_w616d64_fifo/U0/inst_fifo_gen/gconvfifo.rf/grf.rf/gntv_or_sync_fifo.mem/dout[518].  Did not re-place instance U0_ps_ai_peripheral/ZGolo/u_AI_Mate_top/U0_ddr2hp_itcn/U0_dmux4/U3_aw_axi_fifo/w616d64_fifo.U0_w616d64_fifo/U0/inst_fifo_gen/gconvfifo.rf/grf.rf/gntv_or_sync_fifo.mem/goreg_bm.dout_i_reg[518]
INFO: [Physopt 32-662] Processed net U0_ps_ai_peripheral/ZGolo/u_AI_Mate_top/U0_ddr2hp_itcn/U0_dmux4/U3_aw_axi_fifo/w616d64_fifo.U0_w616d64_fifo/U0/inst_fifo_gen/gconvfifo.rf/grf.rf/gntv_or_sync_fifo.mem/dout[562].  Did not re-place instance U0_ps_ai_peripheral/ZGolo/u_AI_Mate_top/U0_ddr2hp_itcn/U0_dmux4/U3_aw_axi_fifo/w616d64_fifo.U0_w616d64_fifo/U0/inst_fifo_gen/gconvfifo.rf/grf.rf/gntv_or_sync_fifo.mem/goreg_bm.dout_i_reg[562]
INFO: [Physopt 32-662] Processed net U0_ps_ai_peripheral/ZGolo/u_AI_Mate_top/U0_ddr2hp_itcn/U0_dmux4/U3_aw_axi_fifo/w616d64_fifo.U0_w616d64_fifo/U0/inst_fifo_gen/gconvfifo.rf/grf.rf/gntv_or_sync_fifo.mem/dout[594].  Did not re-place instance U0_ps_ai_peripheral/ZGolo/u_AI_Mate_top/U0_ddr2hp_itcn/U0_dmux4/U3_aw_axi_fifo/w616d64_fifo.U0_w616d64_fifo/U0/inst_fifo_gen/gconvfifo.rf/grf.rf/gntv_or_sync_fifo.mem/goreg_bm.dout_i_reg[594]
INFO: [Physopt 32-662] Processed net U0_ps_ai_peripheral/frame_to_ps_inst0/frame_read_write_m0/D[14].  Did not re-place instance U0_ps_ai_peripheral/frame_to_ps_inst0/frame_read_write_m0/vout_data_r[14]_i_1
INFO: [Physopt 32-662] Processed net U0_ps_ai_peripheral/frame_to_ps_inst0/frame_read_write_m0/read_buf/U0/inst_fifo_gen/gconvfifo.rf/grf.rf/gntv_or_sync_fifo.mem/gbm.gbmg.gbmga.ngecc.bmg/inst_blk_mem_gen/gnbram.gnativebmg.native_blk_mem_gen/valid.cstr/has_mux_b.B/dout[14].  Did not re-place instance U0_ps_ai_peripheral/frame_to_ps_inst0/frame_read_write_m0/read_buf/U0/inst_fifo_gen/gconvfifo.rf/grf.rf/gntv_or_sync_fifo.mem/gbm.gbmg.gbmga.ngecc.bmg/inst_blk_mem_gen/gnbram.gnativebmg.native_blk_mem_gen/valid.cstr/has_mux_b.B/dout[14]_INST_0
INFO: [Physopt 32-662] Processed net U0_ps_ai_peripheral/frame_to_ps_inst0/frame_read_write_m0/read_buf/U0/inst_fifo_gen/gconvfifo.rf/grf.rf/gntv_or_sync_fifo.mem/gbm.gbmg.gbmga.ngecc.bmg/inst_blk_mem_gen/gnbram.gnativebmg.native_blk_mem_gen/valid.cstr/has_mux_b.B/dout[14]_INST_0_i_8_n_0.  Did not re-place instance U0_ps_ai_peripheral/frame_to_ps_inst0/frame_read_write_m0/read_buf/U0/inst_fifo_gen/gconvfifo.rf/grf.rf/gntv_or_sync_fifo.mem/gbm.gbmg.gbmga.ngecc.bmg/inst_blk_mem_gen/gnbram.gnativebmg.native_blk_mem_gen/valid.cstr/has_mux_b.B/dout[14]_INST_0_i_8
INFO: [Physopt 32-662] Processed net U0_ps_ai_peripheral/frame_to_ps_inst0/video_rect_read_data_m0/Q[14].  Did not re-place instance U0_ps_ai_peripheral/frame_to_ps_inst0/video_rect_read_data_m0/vout_data_r_reg[14]
INFO: [Physopt 32-662] Processed net U0_ps_ai_peripheral/ZGolo/s_data[616]_i_1_n_0.  Did not re-place instance U0_ps_ai_peripheral/ZGolo/s_data[616]_i_1
INFO: [Physopt 32-663] Processed net U0_ps_ai_peripheral/mig_ddr3_u0/u_mig_7series_0_mig/u_memc_ui_top_std/u_ui_top/ui_cmd0/app_addr_r10.  Re-placed instance U0_ps_ai_peripheral/mig_ddr3_u0/u_mig_7series_0_mig/u_memc_ui_top_std/u_ui_top/ui_cmd0/app_addr_r1[27]_i_1
INFO: [Physopt 32-662] Processed net U0_ps_ai_peripheral/ZGolo/awaddr[7]_i_1__0_n_0.  Did not re-place instance U0_ps_ai_peripheral/ZGolo/awaddr[7]_i_1__0
INFO: [Physopt 32-663] Processed net U0_ps_ai_peripheral/ZGolo/u_AI_Mate_top/ddr_ww_itf\\.awwaddr[32].  Re-placed instance U0_ps_ai_peripheral/ZGolo/u_avr_brs/u0_ddr64_wrapper_i_1
INFO: [Physopt 32-663] Processed net U0_ps_ai_peripheral/ZGolo/u0_ddr64_wrapper_i_618_n_0.  Re-placed instance U0_ps_ai_peripheral/ZGolo/u0_ddr64_wrapper_i_618
INFO: [Physopt 32-663] Processed net U0_ps_ai_peripheral/ZGolo/u_AI_Mate_top/ddr_rd_itf\\.araddr[32].  Re-placed instance U0_ps_ai_peripheral/ZGolo/u0_ddr64_wrapper_i_689
INFO: [Physopt 32-662] Processed net U0_ps_ai_peripheral/ZGolo/u_AI_Mate_top/u_pspl_split/reg_fifo_u0/full.  Did not re-place instance U0_ps_ai_peripheral/ZGolo/u_AI_Mate_top/u_pspl_split/reg_fifo_u0/full_reg
INFO: [Physopt 32-662] Processed net U0_ps_ai_peripheral/ZGolo/u_AI_Mate_top/u0_ddr64_wrapper/ddr_arreq.  Did not re-place instance U0_ps_ai_peripheral/ZGolo/u_AI_Mate_top/u0_ddr64_wrapper/ddr_rinfo_fifo_u0_i_1
INFO: [Physopt 32-662] Processed net U0_ps_ai_peripheral/ZGolo/u_AI_Mate_top/u0_ddr64_wrapper/ddr_rd_itf\\.arready.  Did not re-place instance U0_ps_ai_peripheral/ZGolo/u_AI_Mate_top/u0_ddr64_wrapper/ddr_rd_itf\\.arready_INST_0
INFO: [Physopt 32-662] Processed net U0_ps_ai_peripheral/ZGolo/full_i_6_n_0.  Did not re-place instance U0_ps_ai_peripheral/ZGolo/full_i_6
INFO: [Physopt 32-662] Processed net U0_ps_ai_peripheral/ZGolo/u_AI_Mate_top/ddr_ritcn_u0/avr_rs_u0/u_avr_frs/s_data_reg_n_0_[64].  Did not re-place instance U0_ps_ai_peripheral/ZGolo/u_AI_Mate_top/ddr_ritcn_u0/avr_rs_u0/u_avr_frs/s_data_reg[64]
INFO: [Physopt 32-663] Processed net U0_ps_ai_peripheral/ZGolo/u0_ddr64_wrapper_i_653_n_0.  Re-placed instance U0_ps_ai_peripheral/ZGolo/u0_ddr64_wrapper_i_653
INFO: [Physopt 32-663] Processed net U0_ps_ai_peripheral/ZGolo/u_AI_Mate_top/ddr_witcn_u0/avr_rs_u0/u_avr_frs/s_data_reg_n_0_[616].  Re-placed instance U0_ps_ai_peripheral/ZGolo/u_AI_Mate_top/ddr_witcn_u0/avr_rs_u0/u_avr_frs/s_data_reg[616]
INFO: [Physopt 32-662] Processed net U0_ps_ai_peripheral/ZGolo/u_AI_Mate_top/ddr_witcn_u0/m_ddr_itf_awwvalid.  Did not re-place instance U0_ps_ai_peripheral/ZGolo/s_valid_i_2__7
INFO: [Physopt 32-663] Processed net U0_ps_ai_peripheral/ZGolo/u_AI_Mate_top/u0_ddr64_wrapper/app_en.  Re-placed instance U0_ps_ai_peripheral/ZGolo/u_AI_Mate_top/u0_ddr64_wrapper/app_en_INST_0
INFO: [Physopt 32-662] Processed net U0_ps_ai_peripheral/ZGolo/full_i_1_n_0.  Did not re-place instance U0_ps_ai_peripheral/ZGolo/full_i_1
INFO: [Physopt 32-662] Processed net U0_ps_ai_peripheral/ZGolo/full_i_3_n_0.  Did not re-place instance U0_ps_ai_peripheral/ZGolo/full_i_3
INFO: [Physopt 32-662] Processed net U0_ps_ai_peripheral/ZGolo/full_i_5_n_0.  Did not re-place instance U0_ps_ai_peripheral/ZGolo/full_i_5
INFO: [Physopt 32-662] Processed net U0_ps_ai_peripheral/ZGolo/u_AI_Mate_top/ddr_witcn_u0/avr_rs_u0/u_avr_frs/s_data_reg_n_0_[106].  Did not re-place instance U0_ps_ai_peripheral/ZGolo/u_AI_Mate_top/ddr_witcn_u0/avr_rs_u0/u_avr_frs/s_data_reg[106]
INFO: [Physopt 32-662] Processed net U0_ps_ai_peripheral/ZGolo/u_AI_Mate_top/ddr_witcn_u0/avr_rs_u0/u_avr_frs/s_data_reg_n_0_[108].  Did not re-place instance U0_ps_ai_peripheral/ZGolo/u_AI_Mate_top/ddr_witcn_u0/avr_rs_u0/u_avr_frs/s_data_reg[108]
INFO: [Physopt 32-662] Processed net U0_ps_ai_peripheral/ZGolo/u_AI_Mate_top/ddr_witcn_u0/avr_rs_u0/u_avr_frs/s_data_reg_n_0_[38].  Did not re-place instance U0_ps_ai_peripheral/ZGolo/u_AI_Mate_top/ddr_witcn_u0/avr_rs_u0/u_avr_frs/s_data_reg[38]
INFO: [Physopt 32-662] Processed net U0_ps_ai_peripheral/ZGolo/u_AI_Mate_top/ddr_witcn_u0/avr_rs_u0/u_avr_frs/s_data_reg_n_0_[50].  Did not re-place instance U0_ps_ai_peripheral/ZGolo/u_AI_Mate_top/ddr_witcn_u0/avr_rs_u0/u_avr_frs/s_data_reg[50]
INFO: [Physopt 32-662] Processed net U0_ps_ai_peripheral/mig_ddr3_u0/u_mig_7series_0_mig/u_memc_ui_top_std/u_ui_top/ui_cmd0/app_addr_r1_reg_n_0_[19].  Did not re-place instance U0_ps_ai_peripheral/mig_ddr3_u0/u_mig_7series_0_mig/u_memc_ui_top_std/u_ui_top/ui_cmd0/app_addr_r1_reg[19]
INFO: [Physopt 32-662] Processed net U0_ps_ai_peripheral/mig_ddr3_u0/u_mig_7series_0_mig/u_memc_ui_top_std/u_ui_top/ui_cmd0/app_addr_r1_reg_n_0_[20].  Did not re-place instance U0_ps_ai_peripheral/mig_ddr3_u0/u_mig_7series_0_mig/u_memc_ui_top_std/u_ui_top/ui_cmd0/app_addr_r1_reg[20]
INFO: [Physopt 32-662] Processed net U0_ps_ai_peripheral/mig_ddr3_u0/u_mig_7series_0_mig/u_memc_ui_top_std/mem_intfc0/ddr_phy_top0/u_ddr_calib_top/oclk_calib.u_ddr_phy_oclkdelay_cal/u_ocd_cntlr/byte_r_reg[2]_0.  Did not re-place instance U0_ps_ai_peripheral/mig_ddr3_u0/u_mig_7series_0_mig/u_memc_ui_top_std/mem_intfc0/ddr_phy_top0/u_ddr_calib_top/oclk_calib.u_ddr_phy_oclkdelay_cal/u_ocd_cntlr/byte_r_reg[2]
INFO: [Physopt 32-662] Processed net U0_ps_ai_peripheral/mig_ddr3_u0/u_mig_7series_0_mig/u_memc_ui_top_std/mem_intfc0/ddr_phy_top0/u_ddr_calib_top/oclk_calib.u_ddr_phy_oclkdelay_cal/u_ocd_cntlr/byte_r[2]_i_2_n_0.  Did not re-place instance U0_ps_ai_peripheral/mig_ddr3_u0/u_mig_7series_0_mig/u_memc_ui_top_std/mem_intfc0/ddr_phy_top0/u_ddr_calib_top/oclk_calib.u_ddr_phy_oclkdelay_cal/u_ocd_cntlr/byte_r[2]_i_2
INFO: [Physopt 32-663] Processed net U0_ps_ai_peripheral/mig_ddr3_u0/u_mig_7series_0_mig/u_memc_ui_top_std/mem_intfc0/ddr_phy_top0/u_ddr_mc_phy_wrapper/u_ddr_mc_phy/ddr_phy_4lanes_1.u_ddr_phy_4lanes/po_counter_read_val_reg[5]_0.  Re-placed instance U0_ps_ai_peripheral/mig_ddr3_u0/u_mig_7series_0_mig/u_memc_ui_top_std/mem_intfc0/ddr_phy_top0/u_ddr_mc_phy_wrapper/u_ddr_mc_phy/ddr_phy_4lanes_1.u_ddr_phy_4lanes/po_rd_wait_r[3]_i_8
INFO: [Physopt 32-663] Processed net U0_ps_ai_peripheral/mig_ddr3_u0/u_mig_7series_0_mig/u_memc_ui_top_std/mem_intfc0/ddr_phy_top0/u_ddr_mc_phy_wrapper/u_ddr_mc_phy/ddr_phy_4lanes_1.u_ddr_phy_4lanes/po_counter_read_val[1].  Re-placed instance U0_ps_ai_peripheral/mig_ddr3_u0/u_mig_7series_0_mig/u_memc_ui_top_std/mem_intfc0/ddr_phy_top0/u_ddr_mc_phy_wrapper/u_ddr_mc_phy/ddr_phy_4lanes_1.u_ddr_phy_4lanes/current_dqs_fine_delay_tap[1]_i_1
INFO: [Physopt 32-662] Processed net U0_ps_ai_peripheral/mig_ddr3_u0/u_mig_7series_0_mig/u_memc_ui_top_std/mem_intfc0/ddr_phy_top0/u_ddr_calib_top/oclk_calib.u_ddr_phy_oclkdelay_cal/u_ocd_cntlr/po_rd_wait_r[3]_i_3_n_0.  Did not re-place instance U0_ps_ai_peripheral/mig_ddr3_u0/u_mig_7series_0_mig/u_memc_ui_top_std/mem_intfc0/ddr_phy_top0/u_ddr_calib_top/oclk_calib.u_ddr_phy_oclkdelay_cal/u_ocd_cntlr/po_rd_wait_r[3]_i_3
INFO: [Physopt 32-662] Processed net U0_ps_ai_peripheral/mig_ddr3_u0/u_mig_7series_0_mig/u_memc_ui_top_std/mem_intfc0/ddr_phy_top0/u_ddr_calib_top/oclk_calib.u_ddr_phy_oclkdelay_cal/u_ocd_cntlr/byte_r[2]_i_1_n_0.  Did not re-place instance U0_ps_ai_peripheral/mig_ddr3_u0/u_mig_7series_0_mig/u_memc_ui_top_std/mem_intfc0/ddr_phy_top0/u_ddr_calib_top/oclk_calib.u_ddr_phy_oclkdelay_cal/u_ocd_cntlr/byte_r[2]_i_1
INFO: [Physopt 32-663] Processed net U0_ps_ai_peripheral/mig_ddr3_u0/u_mig_7series_0_mig/u_memc_ui_top_std/mem_intfc0/ddr_phy_top0/u_ddr_mc_phy_wrapper/u_ddr_mc_phy/ddr_phy_4lanes_1.u_ddr_phy_4lanes/po_counter_read_val_w[1]_2[1].  Re-placed instance U0_ps_ai_peripheral/mig_ddr3_u0/u_mig_7series_0_mig/u_memc_ui_top_std/mem_intfc0/ddr_phy_top0/u_ddr_mc_phy_wrapper/u_ddr_mc_phy/ddr_phy_4lanes_1.u_ddr_phy_4lanes/po_counter_read_val_reg[1]
INFO: [Physopt 32-662] Processed net U_adder_top/U_flicker/dma/no[7].  Did not re-place instance U_adder_top/U_flicker/dma/no_reg[7]
INFO: [Physopt 32-662] Processed net U_adder_top/U_flicker/dma/awvalid1_carry_i_5_n_0.  Did not re-place instance U_adder_top/U_flicker/dma/awvalid1_carry_i_5
INFO: [Physopt 32-662] Processed net U0_ps_ai_peripheral/ZGolo/u_AI_Mate_top/ddr_witcn_u0/mna_idfifo_w5_u0/U0/inst_fifo_gen/gconvfifo.rf/grf.rf/gntv_or_sync_fifo.gl0.wr/gwss.gpf.wrpf/diff_pntr_pad[8].  Did not re-place instance U0_ps_ai_peripheral/ZGolo/u_AI_Mate_top/ddr_witcn_u0/mna_idfifo_w5_u0/U0/inst_fifo_gen/gconvfifo.rf/grf.rf/gntv_or_sync_fifo.gl0.wr/gwss.gpf.wrpf/gdiff.gcry_1_sym.diff_pntr_pad_reg[8]
INFO: [Physopt 32-662] Processed net U0_ps_ai_peripheral/frame_to_ps_inst0/frame_read_write_m0/D[13].  Did not re-place instance U0_ps_ai_peripheral/frame_to_ps_inst0/frame_read_write_m0/vout_data_r[13]_i_1
INFO: [Physopt 32-662] Processed net U0_ps_ai_peripheral/frame_to_ps_inst0/frame_read_write_m0/read_buf/U0/inst_fifo_gen/gconvfifo.rf/grf.rf/gntv_or_sync_fifo.mem/gbm.gbmg.gbmga.ngecc.bmg/inst_blk_mem_gen/gnbram.gnativebmg.native_blk_mem_gen/valid.cstr/has_mux_b.B/dout[13].  Did not re-place instance U0_ps_ai_peripheral/frame_to_ps_inst0/frame_read_write_m0/read_buf/U0/inst_fifo_gen/gconvfifo.rf/grf.rf/gntv_or_sync_fifo.mem/gbm.gbmg.gbmga.ngecc.bmg/inst_blk_mem_gen/gnbram.gnativebmg.native_blk_mem_gen/valid.cstr/has_mux_b.B/dout[13]_INST_0
INFO: [Physopt 32-662] Processed net U0_ps_ai_peripheral/frame_to_ps_inst0/frame_read_write_m0/read_buf/U0/inst_fifo_gen/gconvfifo.rf/grf.rf/gntv_or_sync_fifo.mem/gbm.gbmg.gbmga.ngecc.bmg/inst_blk_mem_gen/gnbram.gnativebmg.native_blk_mem_gen/valid.cstr/has_mux_b.B/dout[13]_INST_0_i_8_n_0.  Did not re-place instance U0_ps_ai_peripheral/frame_to_ps_inst0/frame_read_write_m0/read_buf/U0/inst_fifo_gen/gconvfifo.rf/grf.rf/gntv_or_sync_fifo.mem/gbm.gbmg.gbmga.ngecc.bmg/inst_blk_mem_gen/gnbram.gnativebmg.native_blk_mem_gen/valid.cstr/has_mux_b.B/dout[13]_INST_0_i_8
INFO: [Physopt 32-662] Processed net U0_ps_ai_peripheral/frame_to_ps_inst0/video_rect_read_data_m0/Q[13].  Did not re-place instance U0_ps_ai_peripheral/frame_to_ps_inst0/video_rect_read_data_m0/vout_data_r_reg[13]
INFO: [Physopt 32-662] Processed net U0_ps_ai_peripheral/frame_to_ps_inst0/frame_read_write_m0/D[9].  Did not re-place instance U0_ps_ai_peripheral/frame_to_ps_inst0/frame_read_write_m0/vout_data_r[9]_i_1
INFO: [Physopt 32-662] Processed net U0_ps_ai_peripheral/frame_to_ps_inst0/frame_read_write_m0/read_buf/U0/inst_fifo_gen/gconvfifo.rf/grf.rf/gntv_or_sync_fifo.mem/gbm.gbmg.gbmga.ngecc.bmg/inst_blk_mem_gen/gnbram.gnativebmg.native_blk_mem_gen/valid.cstr/has_mux_b.B/dout[9].  Did not re-place instance U0_ps_ai_peripheral/frame_to_ps_inst0/frame_read_write_m0/read_buf/U0/inst_fifo_gen/gconvfifo.rf/grf.rf/gntv_or_sync_fifo.mem/gbm.gbmg.gbmga.ngecc.bmg/inst_blk_mem_gen/gnbram.gnativebmg.native_blk_mem_gen/valid.cstr/has_mux_b.B/dout[9]_INST_0
INFO: [Physopt 32-662] Processed net U0_ps_ai_peripheral/frame_to_ps_inst0/frame_read_write_m0/read_buf/U0/inst_fifo_gen/gconvfifo.rf/grf.rf/gntv_or_sync_fifo.mem/gbm.gbmg.gbmga.ngecc.bmg/inst_blk_mem_gen/gnbram.gnativebmg.native_blk_mem_gen/valid.cstr/has_mux_b.B/dout[9]_INST_0_i_8_n_0.  Did not re-place instance U0_ps_ai_peripheral/frame_to_ps_inst0/frame_read_write_m0/read_buf/U0/inst_fifo_gen/gconvfifo.rf/grf.rf/gntv_or_sync_fifo.mem/gbm.gbmg.gbmga.ngecc.bmg/inst_blk_mem_gen/gnbram.gnativebmg.native_blk_mem_gen/valid.cstr/has_mux_b.B/dout[9]_INST_0_i_8
INFO: [Physopt 32-662] Processed net U_adder_top/U_flicker/render/render_lane_2u_U0/flicker_render_piudo_U270/flicker_render_pipeline_ap_hmul_4_max_dsp_16_u/U0/i_synth/MULT.OP/EXP/STATE_UP_DELAY/i_pipe/RESULT_REG.NORMAL.exp_op_reg[0].  Did not re-place instance U_adder_top/U_flicker/render/render_lane_2u_U0/flicker_render_piudo_U270/flicker_render_pipeline_ap_hmul_4_max_dsp_16_u/U0/i_synth/MULT.OP/EXP/STATE_UP_DELAY/i_pipe/RESULT_REG.NORMAL.exp_op[0]_i_1
INFO: [Physopt 32-662] Processed net U0_ps_ai_peripheral/frame_to_ps_inst0/video_rect_read_data_m0/Q[9].  Did not re-place instance U0_ps_ai_peripheral/frame_to_ps_inst0/video_rect_read_data_m0/vout_data_r_reg[9]
INFO: [Physopt 32-662] Processed net U_adder_top/U_flicker/render/render_lane_2u_U0/flicker_render_piudo_U270/flicker_render_pipeline_ap_hmul_4_max_dsp_16_u/U0/i_synth/MULT.OP/OP/m_axis_result_tdata[10].  Did not re-place instance U_adder_top/U_flicker/render/render_lane_2u_U0/flicker_render_piudo_U270/flicker_render_pipeline_ap_hmul_4_max_dsp_16_u/U0/i_synth/MULT.OP/OP/RESULT_REG.NORMAL.exp_op_reg[0]
INFO: [Physopt 32-662] Processed net U0_ps_ai_peripheral/frame_to_ps_inst0/frame_read_write_m0/read_buf/U0/inst_fifo_gen/gconvfifo.rf/grf.rf/gntv_or_sync_fifo.mem/gbm.gbmg.gbmga.ngecc.bmg/inst_blk_mem_gen/gnbram.gnativebmg.native_blk_mem_gen/valid.cstr/has_mux_b.B/dout[10]_INST_0_i_5_n_0.  Did not re-place instance U0_ps_ai_peripheral/frame_to_ps_inst0/frame_read_write_m0/read_buf/U0/inst_fifo_gen/gconvfifo.rf/grf.rf/gntv_or_sync_fifo.mem/gbm.gbmg.gbmga.ngecc.bmg/inst_blk_mem_gen/gnbram.gnativebmg.native_blk_mem_gen/valid.cstr/has_mux_b.B/dout[10]_INST_0_i_5
INFO: [Physopt 32-663] Processed net U_adder_top/U_flicker/dma/writes[7].  Re-placed instance U_adder_top/U_flicker/dma/write_count_reg[7]
INFO: [Physopt 32-662] Processed net U_adder_top/U_flicker/dma/awvalid1_carry__0_i_3_n_0.  Did not re-place instance U_adder_top/U_flicker/dma/awvalid1_carry__0_i_3
INFO: [Physopt 32-662] Processed net U0_ps_ai_peripheral/frame_to_ps_inst0/frame_read_write_m0/D[12].  Did not re-place instance U0_ps_ai_peripheral/frame_to_ps_inst0/frame_read_write_m0/vout_data_r[12]_i_1
INFO: [Physopt 32-662] Processed net U0_ps_ai_peripheral/frame_to_ps_inst0/frame_read_write_m0/read_buf/U0/inst_fifo_gen/gconvfifo.rf/grf.rf/gntv_or_sync_fifo.mem/gbm.gbmg.gbmga.ngecc.bmg/inst_blk_mem_gen/gnbram.gnativebmg.native_blk_mem_gen/valid.cstr/has_mux_b.B/dout[12].  Did not re-place instance U0_ps_ai_peripheral/frame_to_ps_inst0/frame_read_write_m0/read_buf/U0/inst_fifo_gen/gconvfifo.rf/grf.rf/gntv_or_sync_fifo.mem/gbm.gbmg.gbmga.ngecc.bmg/inst_blk_mem_gen/gnbram.gnativebmg.native_blk_mem_gen/valid.cstr/has_mux_b.B/dout[12]_INST_0
INFO: [Physopt 32-662] Processed net U0_ps_ai_peripheral/frame_to_ps_inst0/frame_read_write_m0/read_buf/U0/inst_fifo_gen/gconvfifo.rf/grf.rf/gntv_or_sync_fifo.mem/gbm.gbmg.gbmga.ngecc.bmg/inst_blk_mem_gen/gnbram.gnativebmg.native_blk_mem_gen/valid.cstr/has_mux_b.B/dout[12]_INST_0_i_8_n_0.  Did not re-place instance U0_ps_ai_peripheral/frame_to_ps_inst0/frame_read_write_m0/read_buf/U0/inst_fifo_gen/gconvfifo.rf/grf.rf/gntv_or_sync_fifo.mem/gbm.gbmg.gbmga.ngecc.bmg/inst_blk_mem_gen/gnbram.gnativebmg.native_blk_mem_gen/valid.cstr/has_mux_b.B/dout[12]_INST_0_i_8
INFO: [Physopt 32-662] Processed net U0_ps_ai_peripheral/frame_to_ps_inst0/video_rect_read_data_m0/Q[12].  Did not re-place instance U0_ps_ai_peripheral/frame_to_ps_inst0/video_rect_read_data_m0/vout_data_r_reg[12]
INFO: [Physopt 32-662] Processed net U_adder_top/U_flicker/dma/writes[3].  Did not re-place instance U_adder_top/U_flicker/dma/write_count_reg[3]
INFO: [Physopt 32-662] Processed net U_adder_top/U_flicker/dma/awvalid1_carry_i_7_n_0.  Did not re-place instance U_adder_top/U_flicker/dma/awvalid1_carry_i_7
INFO: [Physopt 32-662] Processed net U0_ps_ai_peripheral/frame_to_ps_inst0/frame_read_write_m0/read_buf/U0/inst_fifo_gen/gconvfifo.rf/grf.rf/gntv_or_sync_fifo.mem/gbm.gbmg.gbmga.ngecc.bmg/inst_blk_mem_gen/gnbram.gnativebmg.native_blk_mem_gen/valid.cstr/has_mux_b.B/dout[8]_INST_0_i_7_n_0.  Did not re-place instance U0_ps_ai_peripheral/frame_to_ps_inst0/frame_read_write_m0/read_buf/U0/inst_fifo_gen/gconvfifo.rf/grf.rf/gntv_or_sync_fifo.mem/gbm.gbmg.gbmga.ngecc.bmg/inst_blk_mem_gen/gnbram.gnativebmg.native_blk_mem_gen/valid.cstr/has_mux_b.B/dout[8]_INST_0_i_7
INFO: [Physopt 32-662] Processed net U0_ps_ai_peripheral/frame_to_ps_inst0/frame_read_write_m0/read_buf/U0/inst_fifo_gen/gconvfifo.rf/grf.rf/gntv_or_sync_fifo.mem/gbm.gbmg.gbmga.ngecc.bmg/inst_blk_mem_gen/gnbram.gnativebmg.native_blk_mem_gen/valid.cstr/has_mux_b.B/dout[14]_INST_0_i_7_n_0.  Did not re-place instance U0_ps_ai_peripheral/frame_to_ps_inst0/frame_read_write_m0/read_buf/U0/inst_fifo_gen/gconvfifo.rf/grf.rf/gntv_or_sync_fifo.mem/gbm.gbmg.gbmga.ngecc.bmg/inst_blk_mem_gen/gnbram.gnativebmg.native_blk_mem_gen/valid.cstr/has_mux_b.B/dout[14]_INST_0_i_7
INFO: [Physopt 32-661] Optimized 13 nets.  Re-placed 13 instances.
INFO: [Physopt 32-775] End 1 Pass. Optimized 13 nets or cells. Created 0 new cell, deleted 0 existing cell and moved 13 existing cells
INFO: [Physopt 32-619] Estimated Timing Summary | WNS=-0.201 | TNS=-0.682 |
Netlist sorting complete. Time (s): cpu = 00:00:00 ; elapsed = 00:00:00.122 . Memory (MB): peak = 2673.676 ; gain = 0.000
Phase 8 Placement Based Optimization | Checksum: 1358aab41

Time (s): cpu = 00:01:56 ; elapsed = 00:01:09 . Memory (MB): peak = 2673.676 ; gain = 165.648

Phase 9 MultiInst Placement Optimization
INFO: [Physopt 32-660] Identified 100 candidate nets for placement-based optimization.
INFO: [Physopt 32-662] Processed net U0_ps_ai_peripheral/frame_to_ps_inst0/frame_read_write_m0/frame_fifo_write_m0/FSM_sequential_state[2]_i_3_n_0.  Did not re-place instance U0_ps_ai_peripheral/frame_to_ps_inst0/frame_read_write_m0/frame_fifo_write_m0/FSM_sequential_state[2]_i_3/O
INFO: [Physopt 32-662] Processed net U0_ps_ai_peripheral/frame_to_ps_inst0/frame_read_write_m0/frame_fifo_write_m0/FSM_sequential_state[1]_i_1_n_0.  Did not re-place instance U0_ps_ai_peripheral/frame_to_ps_inst0/frame_read_write_m0/frame_fifo_write_m0/FSM_sequential_state[1]_i_1/O
INFO: [Physopt 32-662] Processed net U0_ps_ai_peripheral/frame_to_ps_inst0/frame_read_write_m0/frame_fifo_write_m0/FSM_sequential_state[2]_i_4_n_0.  Did not re-place instance U0_ps_ai_peripheral/frame_to_ps_inst0/frame_read_write_m0/frame_fifo_write_m0/FSM_sequential_state[2]_i_4/O
INFO: [Physopt 32-662] Processed net U0_ps_ai_peripheral/frame_to_ps_inst0/frame_read_write_m0/wr_wfifo_err_reg_0_repN.  Did not re-place instance U0_ps_ai_peripheral/frame_to_ps_inst0/frame_read_write_m0/wr_wfifo_err_reg_replica/Q
INFO: [Physopt 32-662] Processed net U0_ps_ai_peripheral/frame_to_ps_inst0/frame_read_write_m0/frame_fifo_write_m0/FSM_sequential_state[2]_i_1_n_0.  Did not re-place instance U0_ps_ai_peripheral/frame_to_ps_inst0/frame_read_write_m0/frame_fifo_write_m0/FSM_sequential_state[2]_i_1/O
INFO: [Physopt 32-662] Processed net U0_ps_ai_peripheral/frame_to_ps_inst0/frame_read_write_m0/frame_fifo_write_m0/FSM_sequential_state[0]_i_1_n_0.  Did not re-place instance U0_ps_ai_peripheral/frame_to_ps_inst0/frame_read_write_m0/frame_fifo_write_m0/FSM_sequential_state[0]_i_1/O
INFO: [Physopt 32-662] Processed net U0_ps_ai_peripheral/frame_to_ps_inst0/frame_read_write_m0/D[0].  Did not re-place instance U0_ps_ai_peripheral/frame_to_ps_inst0/frame_read_write_m0/vout_data_r[0]_i_1/O
INFO: [Physopt 32-662] Processed net U0_ps_ai_peripheral/frame_to_ps_inst0/frame_read_write_m0/read_buf/U0/inst_fifo_gen/gconvfifo.rf/grf.rf/gntv_or_sync_fifo.mem/gbm.gbmg.gbmga.ngecc.bmg/inst_blk_mem_gen/gnbram.gnativebmg.native_blk_mem_gen/valid.cstr/has_mux_b.B/dout[0].  Did not re-place instance U0_ps_ai_peripheral/frame_to_ps_inst0/frame_read_write_m0/read_buf/U0/inst_fifo_gen/gconvfifo.rf/grf.rf/gntv_or_sync_fifo.mem/gbm.gbmg.gbmga.ngecc.bmg/inst_blk_mem_gen/gnbram.gnativebmg.native_blk_mem_gen/valid.cstr/has_mux_b.B/dout[0]_INST_0/O
INFO: [Physopt 32-662] Processed net U0_ps_ai_peripheral/frame_to_ps_inst0/frame_read_write_m0/wr_wfifo_err_reg_0.  Did not re-place instance U0_ps_ai_peripheral/frame_to_ps_inst0/frame_read_write_m0/wr_wfifo_err_reg/Q
INFO: [Physopt 32-662] Processed net U0_ps_ai_peripheral/frame_to_ps_inst0/frame_read_write_m0/frame_fifo_write_m0/FSM_sequential_state[1]_i_2_n_0.  Did not re-place instance U0_ps_ai_peripheral/frame_to_ps_inst0/frame_read_write_m0/frame_fifo_write_m0/FSM_sequential_state[1]_i_2/O
INFO: [Physopt 32-661] Optimized 0 net.  Re-placed 0 instance.
INFO: [Physopt 32-775] End 1 Pass. Optimized 0 net or cell. Created 0 new cell, deleted 0 existing cell and moved 0 existing cell
Netlist sorting complete. Time (s): cpu = 00:00:00 ; elapsed = 00:00:00.118 . Memory (MB): peak = 2673.676 ; gain = 0.000
Phase 9 MultiInst Placement Optimization | Checksum: f3c195f4

Time (s): cpu = 00:01:58 ; elapsed = 00:01:11 . Memory (MB): peak = 2673.676 ; gain = 165.648

Phase 10 Rewire
INFO: [Physopt 32-246] Starting Signal Push optimization...
INFO: [Physopt 32-241] No nets found for rewiring () optimization.
INFO: [Physopt 32-232] Optimized 0 net. Created 0 new instance.
INFO: [Physopt 32-775] End 1 Pass. Optimized 0 net or cell. Created 0 new cell, deleted 0 existing cell and moved 0 existing cell
Netlist sorting complete. Time (s): cpu = 00:00:00 ; elapsed = 00:00:00.117 . Memory (MB): peak = 2673.676 ; gain = 0.000
Phase 10 Rewire | Checksum: f3c195f4

Time (s): cpu = 00:01:59 ; elapsed = 00:01:12 . Memory (MB): peak = 2673.676 ; gain = 165.648

Phase 11 Critical Cell Optimization
INFO: [Physopt 32-46] Identified 1 candidate net for critical-cell optimization.
INFO: [Physopt 32-571] Net U0_ps_ai_peripheral/ZGolo/u_AI_Mate_top/U0_ddr2hp_itcn/U0_dmux4/w616d64_fifo.U0_w616d64_fifo_i_2__2_n_0 was not replicated.
INFO: [Physopt 32-232] Optimized 0 net. Created 0 new instance.
INFO: [Physopt 32-775] End 1 Pass. Optimized 0 net or cell. Created 0 new cell, deleted 0 existing cell and moved 0 existing cell
Phase 11 Critical Cell Optimization | Checksum: f3c195f4

Time (s): cpu = 00:02:00 ; elapsed = 00:01:13 . Memory (MB): peak = 2673.676 ; gain = 165.648

Phase 12 Slr Crossing Optimization
Phase 12 Slr Crossing Optimization | Checksum: f3c195f4

Time (s): cpu = 00:02:01 ; elapsed = 00:01:14 . Memory (MB): peak = 2673.676 ; gain = 165.648

Phase 13 Fanout Optimization
INFO: [Physopt 32-64] No nets found for fanout-optimization.
INFO: [Physopt 32-232] Optimized 0 net. Created 0 new instance.
INFO: [Physopt 32-775] End 1 Pass. Optimized 0 net or cell. Created 0 new cell, deleted 0 existing cell and moved 0 existing cell
Phase 13 Fanout Optimization | Checksum: f3c195f4

Time (s): cpu = 00:02:02 ; elapsed = 00:01:15 . Memory (MB): peak = 2673.676 ; gain = 165.648

Phase 14 Placement Based Optimization
INFO: [Physopt 32-660] Identified 250 candidate nets for placement-based optimization.
INFO: [Physopt 32-662] Processed net U0_ps_ai_peripheral/frame_to_ps_inst0/frame_read_write_m0/frame_fifo_write_m0/FSM_sequential_state[2]_i_3_n_0.  Did not re-place instance U0_ps_ai_peripheral/frame_to_ps_inst0/frame_read_write_m0/frame_fifo_write_m0/FSM_sequential_state[2]_i_3
INFO: [Physopt 32-662] Processed net U0_ps_ai_peripheral/frame_to_ps_inst0/frame_read_write_m0/frame_fifo_write_m0/FSM_sequential_state[1]_i_1_n_0.  Did not re-place instance U0_ps_ai_peripheral/frame_to_ps_inst0/frame_read_write_m0/frame_fifo_write_m0/FSM_sequential_state[1]_i_1
INFO: [Physopt 32-662] Processed net U0_ps_ai_peripheral/frame_to_ps_inst0/frame_read_write_m0/frame_fifo_write_m0/FSM_sequential_state[2]_i_4_n_0.  Did not re-place instance U0_ps_ai_peripheral/frame_to_ps_inst0/frame_read_write_m0/frame_fifo_write_m0/FSM_sequential_state[2]_i_4
INFO: [Physopt 32-662] Processed net U0_ps_ai_peripheral/frame_to_ps_inst0/frame_read_write_m0/wr_wfifo_err_reg_0_repN.  Did not re-place instance U0_ps_ai_peripheral/frame_to_ps_inst0/frame_read_write_m0/wr_wfifo_err_reg_replica
INFO: [Physopt 32-662] Processed net U0_ps_ai_peripheral/frame_to_ps_inst0/frame_read_write_m0/frame_fifo_write_m0/state[1].  Did not re-place instance U0_ps_ai_peripheral/frame_to_ps_inst0/frame_read_write_m0/frame_fifo_write_m0/FSM_sequential_state_reg[1]
INFO: [Physopt 32-662] Processed net U0_ps_ai_peripheral/frame_to_ps_inst0/frame_read_write_m0/frame_fifo_write_m0/FSM_sequential_state[2]_i_1_n_0.  Did not re-place instance U0_ps_ai_peripheral/frame_to_ps_inst0/frame_read_write_m0/frame_fifo_write_m0/FSM_sequential_state[2]_i_1
INFO: [Physopt 32-662] Processed net U0_ps_ai_peripheral/frame_to_ps_inst0/frame_read_write_m0/frame_fifo_write_m0/state[2].  Did not re-place instance U0_ps_ai_peripheral/frame_to_ps_inst0/frame_read_write_m0/frame_fifo_write_m0/FSM_sequential_state_reg[2]
INFO: [Physopt 32-662] Processed net U0_ps_ai_peripheral/frame_to_ps_inst0/frame_read_write_m0/frame_fifo_write_m0/FSM_sequential_state[0]_i_1_n_0.  Did not re-place instance U0_ps_ai_peripheral/frame_to_ps_inst0/frame_read_write_m0/frame_fifo_write_m0/FSM_sequential_state[0]_i_1
INFO: [Physopt 32-662] Processed net U0_ps_ai_peripheral/frame_to_ps_inst0/frame_read_write_m0/frame_fifo_write_m0/state[0].  Did not re-place instance U0_ps_ai_peripheral/frame_to_ps_inst0/frame_read_write_m0/frame_fifo_write_m0/FSM_sequential_state_reg[0]
INFO: [Physopt 32-662] Processed net U0_ps_ai_peripheral/frame_to_ps_inst0/frame_read_write_m0/D[0].  Did not re-place instance U0_ps_ai_peripheral/frame_to_ps_inst0/frame_read_write_m0/vout_data_r[0]_i_1
INFO: [Physopt 32-662] Processed net U0_ps_ai_peripheral/frame_to_ps_inst0/frame_read_write_m0/read_buf/U0/inst_fifo_gen/gconvfifo.rf/grf.rf/gntv_or_sync_fifo.mem/gbm.gbmg.gbmga.ngecc.bmg/inst_blk_mem_gen/gnbram.gnativebmg.native_blk_mem_gen/valid.cstr/has_mux_b.B/dout[0].  Did not re-place instance U0_ps_ai_peripheral/frame_to_ps_inst0/frame_read_write_m0/read_buf/U0/inst_fifo_gen/gconvfifo.rf/grf.rf/gntv_or_sync_fifo.mem/gbm.gbmg.gbmga.ngecc.bmg/inst_blk_mem_gen/gnbram.gnativebmg.native_blk_mem_gen/valid.cstr/has_mux_b.B/dout[0]_INST_0
INFO: [Physopt 32-662] Processed net U0_ps_ai_peripheral/frame_to_ps_inst0/video_rect_read_data_m0/Q[0].  Did not re-place instance U0_ps_ai_peripheral/frame_to_ps_inst0/video_rect_read_data_m0/vout_data_r_reg[0]
INFO: [Physopt 32-662] Processed net U0_ps_ai_peripheral/frame_to_ps_inst0/frame_read_write_m0/wr_wfifo_err_reg_0.  Did not re-place instance U0_ps_ai_peripheral/frame_to_ps_inst0/frame_read_write_m0/wr_wfifo_err_reg
INFO: [Physopt 32-662] Processed net U0_ps_ai_peripheral/frame_to_ps_inst0/frame_read_write_m0/frame_fifo_write_m0/FSM_sequential_state[1]_i_2_n_0.  Did not re-place instance U0_ps_ai_peripheral/frame_to_ps_inst0/frame_read_write_m0/frame_fifo_write_m0/FSM_sequential_state[1]_i_2
INFO: [Physopt 32-662] Processed net U0_ps_ai_peripheral/frame_to_ps_inst0/frame_read_write_m0/frame_fifo_write_m0/FSM_sequential_state[2]_i_2__0_n_0.  Did not re-place instance U0_ps_ai_peripheral/frame_to_ps_inst0/frame_read_write_m0/frame_fifo_write_m0/FSM_sequential_state[2]_i_2__0
INFO: [Physopt 32-662] Processed net U0_ps_ai_peripheral/ZGolo/u_AI_Mate_top/U0_ddr2hp_itcn/U0_dmux4/U3_aw_axi_fifo/w616d64_fifo.U0_w616d64_fifo/U0/inst_fifo_gen/gconvfifo.rf/grf.rf/gntv_or_sync_fifo.gl0.rd/gr1.gr1_int.rfwft/E[0].  Did not re-place instance U0_ps_ai_peripheral/ZGolo/u_AI_Mate_top/U0_ddr2hp_itcn/U0_dmux4/U3_aw_axi_fifo/w616d64_fifo.U0_w616d64_fifo/U0/inst_fifo_gen/gconvfifo.rf/grf.rf/gntv_or_sync_fifo.gl0.rd/gr1.gr1_int.rfwft/goreg_bm.dout_i[615]_i_1
INFO: [Physopt 32-662] Processed net U0_ps_ai_peripheral/ZGolo/u_AI_Mate_top/U0_ddr2hp_itcn/U0_dmux4/w616d64_fifo.U0_w616d64_fifo_i_2__2_n_0.  Did not re-place instance U0_ps_ai_peripheral/ZGolo/u_AI_Mate_top/U0_ddr2hp_itcn/U0_dmux4/w616d64_fifo.U0_w616d64_fifo_i_2__2
INFO: [Physopt 32-662] Processed net U0_ps_ai_peripheral/ZGolo/u_AI_Mate_top/U0_ddr2hp_itcn/s3_ddr_ww_itf\\.awwready.  Did not re-place instance U0_ps_ai_peripheral/ZGolo/u_AI_Mate_top/U0_ddr2hp_itcn/U0_dmux4_i_7
INFO: [Physopt 32-662] Processed net U0_ps_ai_peripheral/ZGolo/u_AI_Mate_top/U0_ddr2hp_itcn/U0_dmux4/U3_aw_axi_fifo/w616d64_fifo.U0_w616d64_fifo/U0/inst_fifo_gen/gconvfifo.rf/grf.rf/gntv_or_sync_fifo.mem/dout[489].  Did not re-place instance U0_ps_ai_peripheral/ZGolo/u_AI_Mate_top/U0_ddr2hp_itcn/U0_dmux4/U3_aw_axi_fifo/w616d64_fifo.U0_w616d64_fifo/U0/inst_fifo_gen/gconvfifo.rf/grf.rf/gntv_or_sync_fifo.mem/goreg_bm.dout_i_reg[489]
INFO: [Physopt 32-662] Processed net U0_ps_ai_peripheral/ZGolo/u_AI_Mate_top/U0_ddr2hp_itcn/U0_dmux4/U3_aw_axi_fifo/w616d64_fifo.U0_w616d64_fifo/U0/inst_fifo_gen/gconvfifo.rf/grf.rf/gntv_or_sync_fifo.mem/dout[593].  Did not re-place instance U0_ps_ai_peripheral/ZGolo/u_AI_Mate_top/U0_ddr2hp_itcn/U0_dmux4/U3_aw_axi_fifo/w616d64_fifo.U0_w616d64_fifo/U0/inst_fifo_gen/gconvfifo.rf/grf.rf/gntv_or_sync_fifo.mem/goreg_bm.dout_i_reg[593]
INFO: [Physopt 32-662] Processed net U0_ps_ai_peripheral/ZGolo/u_AI_Mate_top/U0_ddr2hp_itcn/U0_dmux4/U3_aw_axi_fifo/w616d64_fifo.U0_w616d64_fifo/U0/inst_fifo_gen/gconvfifo.rf/grf.rf/gntv_or_sync_fifo.mem/dout[595].  Did not re-place instance U0_ps_ai_peripheral/ZGolo/u_AI_Mate_top/U0_ddr2hp_itcn/U0_dmux4/U3_aw_axi_fifo/w616d64_fifo.U0_w616d64_fifo/U0/inst_fifo_gen/gconvfifo.rf/grf.rf/gntv_or_sync_fifo.mem/goreg_bm.dout_i_reg[595]
INFO: [Physopt 32-662] Processed net U0_ps_ai_peripheral/ZGolo/u_AI_Mate_top/U0_ddr2hp_itcn/U0_dmux4/U3_aw_axi_fifo/w616d64_fifo.U0_w616d64_fifo/U0/inst_fifo_gen/gconvfifo.rf/grf.rf/gntv_or_sync_fifo.mem/dout[108].  Did not re-place instance U0_ps_ai_peripheral/ZGolo/u_AI_Mate_top/U0_ddr2hp_itcn/U0_dmux4/U3_aw_axi_fifo/w616d64_fifo.U0_w616d64_fifo/U0/inst_fifo_gen/gconvfifo.rf/grf.rf/gntv_or_sync_fifo.mem/goreg_bm.dout_i_reg[108]
INFO: [Physopt 32-662] Processed net U0_ps_ai_peripheral/ZGolo/u_AI_Mate_top/U0_ddr2hp_itcn/U0_dmux4/U3_aw_axi_fifo/w616d64_fifo.U0_w616d64_fifo/U0/inst_fifo_gen/gconvfifo.rf/grf.rf/gntv_or_sync_fifo.mem/dout[113].  Did not re-place instance U0_ps_ai_peripheral/ZGolo/u_AI_Mate_top/U0_ddr2hp_itcn/U0_dmux4/U3_aw_axi_fifo/w616d64_fifo.U0_w616d64_fifo/U0/inst_fifo_gen/gconvfifo.rf/grf.rf/gntv_or_sync_fifo.mem/goreg_bm.dout_i_reg[113]
INFO: [Physopt 32-662] Processed net U0_ps_ai_peripheral/ZGolo/u_AI_Mate_top/U0_ddr2hp_itcn/U0_dmux4/U3_aw_axi_fifo/w616d64_fifo.U0_w616d64_fifo/U0/inst_fifo_gen/gconvfifo.rf/grf.rf/gntv_or_sync_fifo.mem/dout[135].  Did not re-place instance U0_ps_ai_peripheral/ZGolo/u_AI_Mate_top/U0_ddr2hp_itcn/U0_dmux4/U3_aw_axi_fifo/w616d64_fifo.U0_w616d64_fifo/U0/inst_fifo_gen/gconvfifo.rf/grf.rf/gntv_or_sync_fifo.mem/goreg_bm.dout_i_reg[135]
INFO: [Physopt 32-662] Processed net U0_ps_ai_peripheral/ZGolo/u_AI_Mate_top/U0_ddr2hp_itcn/U0_dmux4/U3_aw_axi_fifo/w616d64_fifo.U0_w616d64_fifo/U0/inst_fifo_gen/gconvfifo.rf/grf.rf/gntv_or_sync_fifo.mem/dout[209].  Did not re-place instance U0_ps_ai_peripheral/ZGolo/u_AI_Mate_top/U0_ddr2hp_itcn/U0_dmux4/U3_aw_axi_fifo/w616d64_fifo.U0_w616d64_fifo/U0/inst_fifo_gen/gconvfifo.rf/grf.rf/gntv_or_sync_fifo.mem/goreg_bm.dout_i_reg[209]
INFO: [Physopt 32-662] Processed net U0_ps_ai_peripheral/ZGolo/u_AI_Mate_top/U0_ddr2hp_itcn/U0_dmux4/U3_aw_axi_fifo/w616d64_fifo.U0_w616d64_fifo/U0/inst_fifo_gen/gconvfifo.rf/grf.rf/gntv_or_sync_fifo.mem/dout[404].  Did not re-place instance U0_ps_ai_peripheral/ZGolo/u_AI_Mate_top/U0_ddr2hp_itcn/U0_dmux4/U3_aw_axi_fifo/w616d64_fifo.U0_w616d64_fifo/U0/inst_fifo_gen/gconvfifo.rf/grf.rf/gntv_or_sync_fifo.mem/goreg_bm.dout_i_reg[404]
INFO: [Physopt 32-662] Processed net U0_ps_ai_peripheral/ZGolo/u_AI_Mate_top/U0_ddr2hp_itcn/U0_dmux4/U3_aw_axi_fifo/w616d64_fifo.U0_w616d64_fifo/U0/inst_fifo_gen/gconvfifo.rf/grf.rf/gntv_or_sync_fifo.mem/dout[405].  Did not re-place instance U0_ps_ai_peripheral/ZGolo/u_AI_Mate_top/U0_ddr2hp_itcn/U0_dmux4/U3_aw_axi_fifo/w616d64_fifo.U0_w616d64_fifo/U0/inst_fifo_gen/gconvfifo.rf/grf.rf/gntv_or_sync_fifo.mem/goreg_bm.dout_i_reg[405]
INFO: [Physopt 32-662] Processed net U0_ps_ai_peripheral/ZGolo/u_AI_Mate_top/U0_ddr2hp_itcn/U0_dmux4/U3_aw_axi_fifo/w616d64_fifo.U0_w616d64_fifo/U0/inst_fifo_gen/gconvfifo.rf/grf.rf/gntv_or_sync_fifo.mem/dout[87].  Did not re-place instance U0_ps_ai_peripheral/ZGolo/u_AI_Mate_top/U0_ddr2hp_itcn/U0_dmux4/U3_aw_axi_fifo/w616d64_fifo.U0_w616d64_fifo/U0/inst_fifo_gen/gconvfifo.rf/grf.rf/gntv_or_sync_fifo.mem/goreg_bm.dout_i_reg[87]
INFO: [Physopt 32-662] Processed net U0_ps_ai_peripheral/frame_to_ps_inst0/frame_read_write_m0/frame_fifo_write_m0/wr_burst_len[4]_i_1_n_0.  Did not re-place instance U0_ps_ai_peripheral/frame_to_ps_inst0/frame_read_write_m0/frame_fifo_write_m0/wr_burst_len[4]_i_1
INFO: [Physopt 32-662] Processed net U0_ps_ai_peripheral/frame_to_ps_inst0/frame_read_write_m0/frame_fifo_write_m0/wr_burst_len[4]_i_2_n_0.  Did not re-place instance U0_ps_ai_peripheral/frame_to_ps_inst0/frame_read_write_m0/frame_fifo_write_m0/wr_burst_len[4]_i_2
INFO: [Physopt 32-662] Processed net U0_ps_ai_peripheral/frame_to_ps_inst0/frame_read_write_m0/frame_fifo_write_m0/ch0_wr_burst_len[0].  Did not re-place instance U0_ps_ai_peripheral/frame_to_ps_inst0/frame_read_write_m0/frame_fifo_write_m0/wr_burst_len_reg[4]
INFO: [Physopt 32-662] Processed net U0_ps_ai_peripheral/frame_to_ps_inst0/frame_read_write_m0/frame_fifo_write_m0/wr_burst_req_i_1_n_0.  Did not re-place instance U0_ps_ai_peripheral/frame_to_ps_inst0/frame_read_write_m0/frame_fifo_write_m0/wr_burst_req_i_1
INFO: [Physopt 32-662] Processed net U0_ps_ai_peripheral/frame_to_ps_inst0/frame_read_write_m0/frame_fifo_write_m0/wr_burst_req_i_3_n_0.  Did not re-place instance U0_ps_ai_peripheral/frame_to_ps_inst0/frame_read_write_m0/frame_fifo_write_m0/wr_burst_req_i_3
INFO: [Physopt 32-662] Processed net U0_ps_ai_peripheral/frame_to_ps_inst0/frame_read_write_m0/frame_fifo_write_m0/ch0_wr_burst_req.  Did not re-place instance U0_ps_ai_peripheral/frame_to_ps_inst0/frame_read_write_m0/frame_fifo_write_m0/wr_burst_req_reg
INFO: [Physopt 32-662] Processed net U0_ps_ai_peripheral/ZGolo/u_AI_Mate_top/U0_ddr2hp_itcn/U0_dmux4/U3_aw_axi_fifo/w616d64_fifo.U0_w616d64_fifo/U0/inst_fifo_gen/gconvfifo.rf/grf.rf/gntv_or_sync_fifo.mem/dout[265].  Did not re-place instance U0_ps_ai_peripheral/ZGolo/u_AI_Mate_top/U0_ddr2hp_itcn/U0_dmux4/U3_aw_axi_fifo/w616d64_fifo.U0_w616d64_fifo/U0/inst_fifo_gen/gconvfifo.rf/grf.rf/gntv_or_sync_fifo.mem/goreg_bm.dout_i_reg[265]
INFO: [Physopt 32-662] Processed net U0_ps_ai_peripheral/ZGolo/u_AI_Mate_top/U0_ddr2hp_itcn/U0_dmux4/U3_aw_axi_fifo/w616d64_fifo.U0_w616d64_fifo/U0/inst_fifo_gen/gconvfifo.rf/grf.rf/gntv_or_sync_fifo.mem/dout[361].  Did not re-place instance U0_ps_ai_peripheral/ZGolo/u_AI_Mate_top/U0_ddr2hp_itcn/U0_dmux4/U3_aw_axi_fifo/w616d64_fifo.U0_w616d64_fifo/U0/inst_fifo_gen/gconvfifo.rf/grf.rf/gntv_or_sync_fifo.mem/goreg_bm.dout_i_reg[361]
INFO: [Physopt 32-662] Processed net U0_ps_ai_peripheral/ZGolo/u_AI_Mate_top/U0_ddr2hp_itcn/U0_dmux4/U3_aw_axi_fifo/w616d64_fifo.U0_w616d64_fifo/U0/inst_fifo_gen/gconvfifo.rf/grf.rf/gntv_or_sync_fifo.mem/dout[375].  Did not re-place instance U0_ps_ai_peripheral/ZGolo/u_AI_Mate_top/U0_ddr2hp_itcn/U0_dmux4/U3_aw_axi_fifo/w616d64_fifo.U0_w616d64_fifo/U0/inst_fifo_gen/gconvfifo.rf/grf.rf/gntv_or_sync_fifo.mem/goreg_bm.dout_i_reg[375]
INFO: [Physopt 32-662] Processed net U0_ps_ai_peripheral/ZGolo/u_AI_Mate_top/U0_ddr2hp_itcn/U0_dmux4/U3_aw_axi_fifo/w616d64_fifo.U0_w616d64_fifo/U0/inst_fifo_gen/gconvfifo.rf/grf.rf/gntv_or_sync_fifo.mem/dout[106].  Did not re-place instance U0_ps_ai_peripheral/ZGolo/u_AI_Mate_top/U0_ddr2hp_itcn/U0_dmux4/U3_aw_axi_fifo/w616d64_fifo.U0_w616d64_fifo/U0/inst_fifo_gen/gconvfifo.rf/grf.rf/gntv_or_sync_fifo.mem/goreg_bm.dout_i_reg[106]
INFO: [Physopt 32-662] Processed net U0_ps_ai_peripheral/ZGolo/u_AI_Mate_top/U0_ddr2hp_itcn/U0_dmux4/U3_aw_axi_fifo/w616d64_fifo.U0_w616d64_fifo/U0/inst_fifo_gen/gconvfifo.rf/grf.rf/gntv_or_sync_fifo.mem/dout[107].  Did not re-place instance U0_ps_ai_peripheral/ZGolo/u_AI_Mate_top/U0_ddr2hp_itcn/U0_dmux4/U3_aw_axi_fifo/w616d64_fifo.U0_w616d64_fifo/U0/inst_fifo_gen/gconvfifo.rf/grf.rf/gntv_or_sync_fifo.mem/goreg_bm.dout_i_reg[107]
INFO: [Physopt 32-662] Processed net U0_ps_ai_peripheral/ZGolo/u_AI_Mate_top/U0_ddr2hp_itcn/U0_dmux4/U3_aw_axi_fifo/w616d64_fifo.U0_w616d64_fifo/U0/inst_fifo_gen/gconvfifo.rf/grf.rf/gntv_or_sync_fifo.mem/dout[132].  Did not re-place instance U0_ps_ai_peripheral/ZGolo/u_AI_Mate_top/U0_ddr2hp_itcn/U0_dmux4/U3_aw_axi_fifo/w616d64_fifo.U0_w616d64_fifo/U0/inst_fifo_gen/gconvfifo.rf/grf.rf/gntv_or_sync_fifo.mem/goreg_bm.dout_i_reg[132]
INFO: [Physopt 32-662] Processed net U0_ps_ai_peripheral/ZGolo/u_AI_Mate_top/U0_ddr2hp_itcn/U0_dmux4/U3_aw_axi_fifo/w616d64_fifo.U0_w616d64_fifo/U0/inst_fifo_gen/gconvfifo.rf/grf.rf/gntv_or_sync_fifo.mem/dout[133].  Did not re-place instance U0_ps_ai_peripheral/ZGolo/u_AI_Mate_top/U0_ddr2hp_itcn/U0_dmux4/U3_aw_axi_fifo/w616d64_fifo.U0_w616d64_fifo/U0/inst_fifo_gen/gconvfifo.rf/grf.rf/gntv_or_sync_fifo.mem/goreg_bm.dout_i_reg[133]
INFO: [Physopt 32-662] Processed net U0_ps_ai_peripheral/ZGolo/u_AI_Mate_top/U0_ddr2hp_itcn/U0_dmux4/U3_aw_axi_fifo/w616d64_fifo.U0_w616d64_fifo/U0/inst_fifo_gen/gconvfifo.rf/grf.rf/gntv_or_sync_fifo.mem/dout[161].  Did not re-place instance U0_ps_ai_peripheral/ZGolo/u_AI_Mate_top/U0_ddr2hp_itcn/U0_dmux4/U3_aw_axi_fifo/w616d64_fifo.U0_w616d64_fifo/U0/inst_fifo_gen/gconvfifo.rf/grf.rf/gntv_or_sync_fifo.mem/goreg_bm.dout_i_reg[161]
INFO: [Physopt 32-662] Processed net U0_ps_ai_peripheral/ZGolo/u_AI_Mate_top/U0_ddr2hp_itcn/U0_dmux4/U3_aw_axi_fifo/w616d64_fifo.U0_w616d64_fifo/U0/inst_fifo_gen/gconvfifo.rf/grf.rf/gntv_or_sync_fifo.mem/dout[182].  Did not re-place instance U0_ps_ai_peripheral/ZGolo/u_AI_Mate_top/U0_ddr2hp_itcn/U0_dmux4/U3_aw_axi_fifo/w616d64_fifo.U0_w616d64_fifo/U0/inst_fifo_gen/gconvfifo.rf/grf.rf/gntv_or_sync_fifo.mem/goreg_bm.dout_i_reg[182]
INFO: [Physopt 32-662] Processed net U0_ps_ai_peripheral/ZGolo/u_AI_Mate_top/U0_ddr2hp_itcn/U0_dmux4/U3_aw_axi_fifo/w616d64_fifo.U0_w616d64_fifo/U0/inst_fifo_gen/gconvfifo.rf/grf.rf/gntv_or_sync_fifo.mem/dout[111].  Did not re-place instance U0_ps_ai_peripheral/ZGolo/u_AI_Mate_top/U0_ddr2hp_itcn/U0_dmux4/U3_aw_axi_fifo/w616d64_fifo.U0_w616d64_fifo/U0/inst_fifo_gen/gconvfifo.rf/grf.rf/gntv_or_sync_fifo.mem/goreg_bm.dout_i_reg[111]
INFO: [Physopt 32-662] Processed net U0_ps_ai_peripheral/ZGolo/u_AI_Mate_top/U0_ddr2hp_itcn/U0_dmux4/U3_aw_axi_fifo/w616d64_fifo.U0_w616d64_fifo/U0/inst_fifo_gen/gconvfifo.rf/grf.rf/gntv_or_sync_fifo.mem/dout[185].  Did not re-place instance U0_ps_ai_peripheral/ZGolo/u_AI_Mate_top/U0_ddr2hp_itcn/U0_dmux4/U3_aw_axi_fifo/w616d64_fifo.U0_w616d64_fifo/U0/inst_fifo_gen/gconvfifo.rf/grf.rf/gntv_or_sync_fifo.mem/goreg_bm.dout_i_reg[185]
INFO: [Physopt 32-662] Processed net U0_ps_ai_peripheral/ZGolo/u_AI_Mate_top/U0_ddr2hp_itcn/U0_dmux4/U3_aw_axi_fifo/w616d64_fifo.U0_w616d64_fifo/U0/inst_fifo_gen/gconvfifo.rf/grf.rf/gntv_or_sync_fifo.mem/dout[303].  Did not re-place instance U0_ps_ai_peripheral/ZGolo/u_AI_Mate_top/U0_ddr2hp_itcn/U0_dmux4/U3_aw_axi_fifo/w616d64_fifo.U0_w616d64_fifo/U0/inst_fifo_gen/gconvfifo.rf/grf.rf/gntv_or_sync_fifo.mem/goreg_bm.dout_i_reg[303]
INFO: [Physopt 32-662] Processed net U0_ps_ai_peripheral/ZGolo/u_AI_Mate_top/U0_ddr2hp_itcn/U0_dmux4/U3_aw_axi_fifo/w616d64_fifo.U0_w616d64_fifo/U0/inst_fifo_gen/gconvfifo.rf/grf.rf/gntv_or_sync_fifo.mem/dout[374].  Did not re-place instance U0_ps_ai_peripheral/ZGolo/u_AI_Mate_top/U0_ddr2hp_itcn/U0_dmux4/U3_aw_axi_fifo/w616d64_fifo.U0_w616d64_fifo/U0/inst_fifo_gen/gconvfifo.rf/grf.rf/gntv_or_sync_fifo.mem/goreg_bm.dout_i_reg[374]
INFO: [Physopt 32-662] Processed net U0_ps_ai_peripheral/ZGolo/u_AI_Mate_top/U0_ddr2hp_itcn/U0_dmux4/U3_aw_axi_fifo/w616d64_fifo.U0_w616d64_fifo/U0/inst_fifo_gen/gconvfifo.rf/grf.rf/gntv_or_sync_fifo.mem/dout[418].  Did not re-place instance U0_ps_ai_peripheral/ZGolo/u_AI_Mate_top/U0_ddr2hp_itcn/U0_dmux4/U3_aw_axi_fifo/w616d64_fifo.U0_w616d64_fifo/U0/inst_fifo_gen/gconvfifo.rf/grf.rf/gntv_or_sync_fifo.mem/goreg_bm.dout_i_reg[418]
INFO: [Physopt 32-662] Processed net U0_ps_ai_peripheral/ZGolo/u_AI_Mate_top/U0_ddr2hp_itcn/U0_dmux4/U3_aw_axi_fifo/w616d64_fifo.U0_w616d64_fifo/U0/inst_fifo_gen/gconvfifo.rf/grf.rf/gntv_or_sync_fifo.mem/dout[521].  Did not re-place instance U0_ps_ai_peripheral/ZGolo/u_AI_Mate_top/U0_ddr2hp_itcn/U0_dmux4/U3_aw_axi_fifo/w616d64_fifo.U0_w616d64_fifo/U0/inst_fifo_gen/gconvfifo.rf/grf.rf/gntv_or_sync_fifo.mem/goreg_bm.dout_i_reg[521]
INFO: [Physopt 32-662] Processed net U0_ps_ai_peripheral/ZGolo/u_AI_Mate_top/U0_ddr2hp_itcn/U0_dmux4/U3_aw_axi_fifo/w616d64_fifo.U0_w616d64_fifo/U0/inst_fifo_gen/gconvfifo.rf/grf.rf/gntv_or_sync_fifo.mem/dout[84].  Did not re-place instance U0_ps_ai_peripheral/ZGolo/u_AI_Mate_top/U0_ddr2hp_itcn/U0_dmux4/U3_aw_axi_fifo/w616d64_fifo.U0_w616d64_fifo/U0/inst_fifo_gen/gconvfifo.rf/grf.rf/gntv_or_sync_fifo.mem/goreg_bm.dout_i_reg[84]
INFO: [Physopt 32-662] Processed net U0_ps_ai_peripheral/ZGolo/u_AI_Mate_top/U0_ddr2hp_itcn/U0_dmux4/U3_aw_axi_fifo/w616d64_fifo.U0_w616d64_fifo/U0/inst_fifo_gen/gconvfifo.rf/grf.rf/gntv_or_sync_fifo.mem/dout[179].  Did not re-place instance U0_ps_ai_peripheral/ZGolo/u_AI_Mate_top/U0_ddr2hp_itcn/U0_dmux4/U3_aw_axi_fifo/w616d64_fifo.U0_w616d64_fifo/U0/inst_fifo_gen/gconvfifo.rf/grf.rf/gntv_or_sync_fifo.mem/goreg_bm.dout_i_reg[179]
INFO: [Physopt 32-662] Processed net U0_ps_ai_peripheral/ZGolo/u_AI_Mate_top/U0_ddr2hp_itcn/U0_dmux4/U3_aw_axi_fifo/w616d64_fifo.U0_w616d64_fifo/U0/inst_fifo_gen/gconvfifo.rf/grf.rf/gntv_or_sync_fifo.mem/dout[365].  Did not re-place instance U0_ps_ai_peripheral/ZGolo/u_AI_Mate_top/U0_ddr2hp_itcn/U0_dmux4/U3_aw_axi_fifo/w616d64_fifo.U0_w616d64_fifo/U0/inst_fifo_gen/gconvfifo.rf/grf.rf/gntv_or_sync_fifo.mem/goreg_bm.dout_i_reg[365]
INFO: [Physopt 32-662] Processed net U0_ps_ai_peripheral/ZGolo/u_AI_Mate_top/U0_ddr2hp_itcn/U0_dmux4/U3_aw_axi_fifo/w616d64_fifo.U0_w616d64_fifo/U0/inst_fifo_gen/gconvfifo.rf/grf.rf/gntv_or_sync_fifo.mem/dout[534].  Did not re-place instance U0_ps_ai_peripheral/ZGolo/u_AI_Mate_top/U0_ddr2hp_itcn/U0_dmux4/U3_aw_axi_fifo/w616d64_fifo.U0_w616d64_fifo/U0/inst_fifo_gen/gconvfifo.rf/grf.rf/gntv_or_sync_fifo.mem/goreg_bm.dout_i_reg[534]
INFO: [Physopt 32-662] Processed net U0_ps_ai_peripheral/ZGolo/u_AI_Mate_top/U0_ddr2hp_itcn/U0_dmux4/U3_aw_axi_fifo/w616d64_fifo.U0_w616d64_fifo/U0/inst_fifo_gen/gconvfifo.rf/grf.rf/gntv_or_sync_fifo.mem/dout[52].  Did not re-place instance U0_ps_ai_peripheral/ZGolo/u_AI_Mate_top/U0_ddr2hp_itcn/U0_dmux4/U3_aw_axi_fifo/w616d64_fifo.U0_w616d64_fifo/U0/inst_fifo_gen/gconvfifo.rf/grf.rf/gntv_or_sync_fifo.mem/goreg_bm.dout_i_reg[52]
INFO: [Physopt 32-662] Processed net U0_ps_ai_peripheral/ZGolo/u_AI_Mate_top/U0_ddr2hp_itcn/U0_dmux4/U3_aw_axi_fifo/w616d64_fifo.U0_w616d64_fifo/U0/inst_fifo_gen/gconvfifo.rf/grf.rf/gntv_or_sync_fifo.mem/dout[540].  Did not re-place instance U0_ps_ai_peripheral/ZGolo/u_AI_Mate_top/U0_ddr2hp_itcn/U0_dmux4/U3_aw_axi_fifo/w616d64_fifo.U0_w616d64_fifo/U0/inst_fifo_gen/gconvfifo.rf/grf.rf/gntv_or_sync_fifo.mem/goreg_bm.dout_i_reg[540]
INFO: [Physopt 32-662] Processed net U0_ps_ai_peripheral/ZGolo/u_AI_Mate_top/U0_ddr2hp_itcn/U0_dmux4/U3_aw_axi_fifo/w616d64_fifo.U0_w616d64_fifo/U0/inst_fifo_gen/gconvfifo.rf/grf.rf/gntv_or_sync_fifo.mem/dout[542].  Did not re-place instance U0_ps_ai_peripheral/ZGolo/u_AI_Mate_top/U0_ddr2hp_itcn/U0_dmux4/U3_aw_axi_fifo/w616d64_fifo.U0_w616d64_fifo/U0/inst_fifo_gen/gconvfifo.rf/grf.rf/gntv_or_sync_fifo.mem/goreg_bm.dout_i_reg[542]
INFO: [Physopt 32-662] Processed net U0_ps_ai_peripheral/ZGolo/u_AI_Mate_top/U0_ddr2hp_itcn/U0_dmux4/U3_aw_axi_fifo/w616d64_fifo.U0_w616d64_fifo/U0/inst_fifo_gen/gconvfifo.rf/grf.rf/gntv_or_sync_fifo.mem/dout[104].  Did not re-place instance U0_ps_ai_peripheral/ZGolo/u_AI_Mate_top/U0_ddr2hp_itcn/U0_dmux4/U3_aw_axi_fifo/w616d64_fifo.U0_w616d64_fifo/U0/inst_fifo_gen/gconvfifo.rf/grf.rf/gntv_or_sync_fifo.mem/goreg_bm.dout_i_reg[104]
INFO: [Physopt 32-662] Processed net U0_ps_ai_peripheral/ZGolo/u_AI_Mate_top/U0_ddr2hp_itcn/U0_dmux4/U3_aw_axi_fifo/w616d64_fifo.U0_w616d64_fifo/U0/inst_fifo_gen/gconvfifo.rf/grf.rf/gntv_or_sync_fifo.mem/dout[172].  Did not re-place instance U0_ps_ai_peripheral/ZGolo/u_AI_Mate_top/U0_ddr2hp_itcn/U0_dmux4/U3_aw_axi_fifo/w616d64_fifo.U0_w616d64_fifo/U0/inst_fifo_gen/gconvfifo.rf/grf.rf/gntv_or_sync_fifo.mem/goreg_bm.dout_i_reg[172]
INFO: [Physopt 32-662] Processed net U0_ps_ai_peripheral/ZGolo/u_AI_Mate_top/U0_ddr2hp_itcn/U0_dmux4/U3_aw_axi_fifo/w616d64_fifo.U0_w616d64_fifo/U0/inst_fifo_gen/gconvfifo.rf/grf.rf/gntv_or_sync_fifo.mem/dout[215].  Did not re-place instance U0_ps_ai_peripheral/ZGolo/u_AI_Mate_top/U0_ddr2hp_itcn/U0_dmux4/U3_aw_axi_fifo/w616d64_fifo.U0_w616d64_fifo/U0/inst_fifo_gen/gconvfifo.rf/grf.rf/gntv_or_sync_fifo.mem/goreg_bm.dout_i_reg[215]
INFO: [Physopt 32-662] Processed net U0_ps_ai_peripheral/ZGolo/u_AI_Mate_top/U0_ddr2hp_itcn/U0_dmux4/U3_aw_axi_fifo/w616d64_fifo.U0_w616d64_fifo/U0/inst_fifo_gen/gconvfifo.rf/grf.rf/gntv_or_sync_fifo.mem/dout[222].  Did not re-place instance U0_ps_ai_peripheral/ZGolo/u_AI_Mate_top/U0_ddr2hp_itcn/U0_dmux4/U3_aw_axi_fifo/w616d64_fifo.U0_w616d64_fifo/U0/inst_fifo_gen/gconvfifo.rf/grf.rf/gntv_or_sync_fifo.mem/goreg_bm.dout_i_reg[222]
INFO: [Physopt 32-662] Processed net U0_ps_ai_peripheral/ZGolo/u_AI_Mate_top/U0_ddr2hp_itcn/U0_dmux4/U3_aw_axi_fifo/w616d64_fifo.U0_w616d64_fifo/U0/inst_fifo_gen/gconvfifo.rf/grf.rf/gntv_or_sync_fifo.mem/dout[78].  Did not re-place instance U0_ps_ai_peripheral/ZGolo/u_AI_Mate_top/U0_ddr2hp_itcn/U0_dmux4/U3_aw_axi_fifo/w616d64_fifo.U0_w616d64_fifo/U0/inst_fifo_gen/gconvfifo.rf/grf.rf/gntv_or_sync_fifo.mem/goreg_bm.dout_i_reg[78]
INFO: [Physopt 32-662] Processed net U0_ps_ai_peripheral/ZGolo/u_AI_Mate_top/U0_ddr2hp_itcn/U0_dmux4/U3_aw_axi_fifo/w616d64_fifo.U0_w616d64_fifo/U0/inst_fifo_gen/gconvfifo.rf/grf.rf/gntv_or_sync_fifo.mem/dout[82].  Did not re-place instance U0_ps_ai_peripheral/ZGolo/u_AI_Mate_top/U0_ddr2hp_itcn/U0_dmux4/U3_aw_axi_fifo/w616d64_fifo.U0_w616d64_fifo/U0/inst_fifo_gen/gconvfifo.rf/grf.rf/gntv_or_sync_fifo.mem/goreg_bm.dout_i_reg[82]
INFO: [Physopt 32-662] Processed net U0_ps_ai_peripheral/ZGolo/u_AI_Mate_top/ddr_witcn_u0/awfifo_wr.  Did not re-place instance U0_ps_ai_peripheral/ZGolo/mna_idfifo_w5_u0_i_4
INFO: [Physopt 32-662] Processed net U_adder_top/U_flicker/dma/no[5].  Did not re-place instance U_adder_top/U_flicker/dma/no_reg[5]
INFO: [Physopt 32-662] Processed net U_adder_top/legacy/U_adder/U_avr_rs/u_avr_frs/UserCustomOp_0_awwvalid.  Did not re-place instance U_adder_top/legacy/U_adder/U_avr_rs/u_avr_frs/ZGolo_i_547
INFO: [Physopt 32-662] Processed net U_adder_top/U_flicker/dma/output_level_reg[2]_0.  Did not re-place instance U_adder_top/U_flicker/dma/ZGolo_i_583
INFO: [Physopt 32-662] Processed net U0_ps_ai_peripheral/ZGolo/u_AI_Mate_top/ddr_witcn_u0/mna_idfifo_w5_u0/U0/inst_fifo_gen/gconvfifo.rf/grf.rf/gntv_or_sync_fifo.gl0.rd/gr1.gr1_int.rfwft/p_1_out.  Did not re-place instance U0_ps_ai_peripheral/ZGolo/u_AI_Mate_top/ddr_witcn_u0/mna_idfifo_w5_u0/U0/inst_fifo_gen/gconvfifo.rf/grf.rf/gntv_or_sync_fifo.gl0.rd/gr1.gr1_int.rfwft/plusOp_carry_i_1
INFO: [Physopt 32-662] Processed net U_adder_top/U_flicker/dma/awvalid1_carry_i_6_n_0.  Did not re-place instance U_adder_top/U_flicker/dma/awvalid1_carry_i_6
INFO: [Physopt 32-662] Processed net U0_ps_ai_peripheral/ZGolo/u_AI_Mate_top/ddr_witcn_u0/mna_idfifo_w5_u0/U0/inst_fifo_gen/gconvfifo.rf/grf.rf/gntv_or_sync_fifo.gl0.wr/gwss.gpf.wrpf/diff_pntr_pad[10].  Did not re-place instance U0_ps_ai_peripheral/ZGolo/u_AI_Mate_top/ddr_witcn_u0/mna_idfifo_w5_u0/U0/inst_fifo_gen/gconvfifo.rf/grf.rf/gntv_or_sync_fifo.gl0.wr/gwss.gpf.wrpf/gdiff.gcry_1_sym.diff_pntr_pad_reg[10]
INFO: [Physopt 32-662] Processed net U0_ps_ai_peripheral/ZGolo/u_AI_Mate_top/U0_ddr2hp_itcn/U0_dmux4/U3_aw_axi_fifo/w616d64_fifo.U0_w616d64_fifo/U0/inst_fifo_gen/gconvfifo.rf/grf.rf/gntv_or_sync_fifo.mem/dout[156].  Did not re-place instance U0_ps_ai_peripheral/ZGolo/u_AI_Mate_top/U0_ddr2hp_itcn/U0_dmux4/U3_aw_axi_fifo/w616d64_fifo.U0_w616d64_fifo/U0/inst_fifo_gen/gconvfifo.rf/grf.rf/gntv_or_sync_fifo.mem/goreg_bm.dout_i_reg[156]
INFO: [Physopt 32-662] Processed net U0_ps_ai_peripheral/ZGolo/u_AI_Mate_top/U0_ddr2hp_itcn/U0_dmux4/U3_aw_axi_fifo/w616d64_fifo.U0_w616d64_fifo/U0/inst_fifo_gen/gconvfifo.rf/grf.rf/gntv_or_sync_fifo.mem/dout[324].  Did not re-place instance U0_ps_ai_peripheral/ZGolo/u_AI_Mate_top/U0_ddr2hp_itcn/U0_dmux4/U3_aw_axi_fifo/w616d64_fifo.U0_w616d64_fifo/U0/inst_fifo_gen/gconvfifo.rf/grf.rf/gntv_or_sync_fifo.mem/goreg_bm.dout_i_reg[324]
INFO: [Physopt 32-662] Processed net U0_ps_ai_peripheral/ZGolo/u_AI_Mate_top/U0_ddr2hp_itcn/U0_dmux4/U3_aw_axi_fifo/w616d64_fifo.U0_w616d64_fifo/U0/inst_fifo_gen/gconvfifo.rf/grf.rf/gntv_or_sync_fifo.mem/dout[326].  Did not re-place instance U0_ps_ai_peripheral/ZGolo/u_AI_Mate_top/U0_ddr2hp_itcn/U0_dmux4/U3_aw_axi_fifo/w616d64_fifo.U0_w616d64_fifo/U0/inst_fifo_gen/gconvfifo.rf/grf.rf/gntv_or_sync_fifo.mem/goreg_bm.dout_i_reg[326]
INFO: [Physopt 32-662] Processed net U0_ps_ai_peripheral/ZGolo/u_AI_Mate_top/U0_ddr2hp_itcn/U0_dmux4/U3_aw_axi_fifo/w616d64_fifo.U0_w616d64_fifo/U0/inst_fifo_gen/gconvfifo.rf/grf.rf/gntv_or_sync_fifo.mem/dout[338].  Did not re-place instance U0_ps_ai_peripheral/ZGolo/u_AI_Mate_top/U0_ddr2hp_itcn/U0_dmux4/U3_aw_axi_fifo/w616d64_fifo.U0_w616d64_fifo/U0/inst_fifo_gen/gconvfifo.rf/grf.rf/gntv_or_sync_fifo.mem/goreg_bm.dout_i_reg[338]
INFO: [Physopt 32-662] Processed net U0_ps_ai_peripheral/ZGolo/u_AI_Mate_top/U0_ddr2hp_itcn/U0_dmux4/U3_aw_axi_fifo/w616d64_fifo.U0_w616d64_fifo/U0/inst_fifo_gen/gconvfifo.rf/grf.rf/gntv_or_sync_fifo.mem/dout[380].  Did not re-place instance U0_ps_ai_peripheral/ZGolo/u_AI_Mate_top/U0_ddr2hp_itcn/U0_dmux4/U3_aw_axi_fifo/w616d64_fifo.U0_w616d64_fifo/U0/inst_fifo_gen/gconvfifo.rf/grf.rf/gntv_or_sync_fifo.mem/goreg_bm.dout_i_reg[380]
INFO: [Physopt 32-662] Processed net U0_ps_ai_peripheral/ZGolo/u_AI_Mate_top/U0_ddr2hp_itcn/U0_dmux4/U3_aw_axi_fifo/w616d64_fifo.U0_w616d64_fifo/U0/inst_fifo_gen/gconvfifo.rf/grf.rf/gntv_or_sync_fifo.mem/dout[382].  Did not re-place instance U0_ps_ai_peripheral/ZGolo/u_AI_Mate_top/U0_ddr2hp_itcn/U0_dmux4/U3_aw_axi_fifo/w616d64_fifo.U0_w616d64_fifo/U0/inst_fifo_gen/gconvfifo.rf/grf.rf/gntv_or_sync_fifo.mem/goreg_bm.dout_i_reg[382]
INFO: [Physopt 32-662] Processed net U0_ps_ai_peripheral/ZGolo/u_AI_Mate_top/U0_ddr2hp_itcn/U0_dmux4/U3_aw_axi_fifo/w616d64_fifo.U0_w616d64_fifo/U0/inst_fifo_gen/gconvfifo.rf/grf.rf/gntv_or_sync_fifo.mem/dout[390].  Did not re-place instance U0_ps_ai_peripheral/ZGolo/u_AI_Mate_top/U0_ddr2hp_itcn/U0_dmux4/U3_aw_axi_fifo/w616d64_fifo.U0_w616d64_fifo/U0/inst_fifo_gen/gconvfifo.rf/grf.rf/gntv_or_sync_fifo.mem/goreg_bm.dout_i_reg[390]
INFO: [Physopt 32-662] Processed net U0_ps_ai_peripheral/ZGolo/u_AI_Mate_top/U0_ddr2hp_itcn/U0_dmux4/U3_aw_axi_fifo/w616d64_fifo.U0_w616d64_fifo/U0/inst_fifo_gen/gconvfifo.rf/grf.rf/gntv_or_sync_fifo.mem/dout[596].  Did not re-place instance U0_ps_ai_peripheral/ZGolo/u_AI_Mate_top/U0_ddr2hp_itcn/U0_dmux4/U3_aw_axi_fifo/w616d64_fifo.U0_w616d64_fifo/U0/inst_fifo_gen/gconvfifo.rf/grf.rf/gntv_or_sync_fifo.mem/goreg_bm.dout_i_reg[596]
INFO: [Physopt 32-662] Processed net U0_ps_ai_peripheral/frame_to_ps_inst0/frame_read_write_m0/D[8].  Did not re-place instance U0_ps_ai_peripheral/frame_to_ps_inst0/frame_read_write_m0/vout_data_r[8]_i_1
INFO: [Physopt 32-662] Processed net U0_ps_ai_peripheral/frame_to_ps_inst0/frame_read_write_m0/read_buf/U0/inst_fifo_gen/gconvfifo.rf/grf.rf/gntv_or_sync_fifo.mem/gbm.gbmg.gbmga.ngecc.bmg/inst_blk_mem_gen/gnbram.gnativebmg.native_blk_mem_gen/valid.cstr/has_mux_b.B/dout[8].  Did not re-place instance U0_ps_ai_peripheral/frame_to_ps_inst0/frame_read_write_m0/read_buf/U0/inst_fifo_gen/gconvfifo.rf/grf.rf/gntv_or_sync_fifo.mem/gbm.gbmg.gbmga.ngecc.bmg/inst_blk_mem_gen/gnbram.gnativebmg.native_blk_mem_gen/valid.cstr/has_mux_b.B/dout[8]_INST_0
INFO: [Physopt 32-662] Processed net U0_ps_ai_peripheral/frame_to_ps_inst0/frame_read_write_m0/read_buf/U0/inst_fifo_gen/gconvfifo.rf/grf.rf/gntv_or_sync_fifo.mem/gbm.gbmg.gbmga.ngecc.bmg/inst_blk_mem_gen/gnbram.gnativebmg.native_blk_mem_gen/valid.cstr/has_mux_b.B/dout[8]_INST_0_i_8_n_0.  Did not re-place instance U0_ps_ai_peripheral/frame_to_ps_inst0/frame_read_write_m0/read_buf/U0/inst_fifo_gen/gconvfifo.rf/grf.rf/gntv_or_sync_fifo.mem/gbm.gbmg.gbmga.ngecc.bmg/inst_blk_mem_gen/gnbram.gnativebmg.native_blk_mem_gen/valid.cstr/has_mux_b.B/dout[8]_INST_0_i_8
INFO: [Physopt 32-662] Processed net U0_ps_ai_peripheral/frame_to_ps_inst0/video_rect_read_data_m0/Q[8].  Did not re-place instance U0_ps_ai_peripheral/frame_to_ps_inst0/video_rect_read_data_m0/vout_data_r_reg[8]
INFO: [Physopt 32-662] Processed net U0_ps_ai_peripheral/ZGolo/u_AI_Mate_top/U0_ddr2hp_itcn/U0_dmux4/U3_aw_axi_fifo/w616d64_fifo.U0_w616d64_fifo/U0/inst_fifo_gen/gconvfifo.rf/grf.rf/gntv_or_sync_fifo.mem/dout[218].  Did not re-place instance U0_ps_ai_peripheral/ZGolo/u_AI_Mate_top/U0_ddr2hp_itcn/U0_dmux4/U3_aw_axi_fifo/w616d64_fifo.U0_w616d64_fifo/U0/inst_fifo_gen/gconvfifo.rf/grf.rf/gntv_or_sync_fifo.mem/goreg_bm.dout_i_reg[218]
INFO: [Physopt 32-662] Processed net U0_ps_ai_peripheral/ZGolo/u_AI_Mate_top/U0_ddr2hp_itcn/U0_dmux4/U3_aw_axi_fifo/w616d64_fifo.U0_w616d64_fifo/U0/inst_fifo_gen/gconvfifo.rf/grf.rf/gntv_or_sync_fifo.mem/dout[367].  Did not re-place instance U0_ps_ai_peripheral/ZGolo/u_AI_Mate_top/U0_ddr2hp_itcn/U0_dmux4/U3_aw_axi_fifo/w616d64_fifo.U0_w616d64_fifo/U0/inst_fifo_gen/gconvfifo.rf/grf.rf/gntv_or_sync_fifo.mem/goreg_bm.dout_i_reg[367]
INFO: [Physopt 32-662] Processed net U0_ps_ai_peripheral/ZGolo/u_AI_Mate_top/U0_ddr2hp_itcn/U0_dmux4/U3_aw_axi_fifo/w616d64_fifo.U0_w616d64_fifo/U0/inst_fifo_gen/gconvfifo.rf/grf.rf/gntv_or_sync_fifo.mem/dout[433].  Did not re-place instance U0_ps_ai_peripheral/ZGolo/u_AI_Mate_top/U0_ddr2hp_itcn/U0_dmux4/U3_aw_axi_fifo/w616d64_fifo.U0_w616d64_fifo/U0/inst_fifo_gen/gconvfifo.rf/grf.rf/gntv_or_sync_fifo.mem/goreg_bm.dout_i_reg[433]
INFO: [Physopt 32-662] Processed net U0_ps_ai_peripheral/ZGolo/u_AI_Mate_top/U0_ddr2hp_itcn/U0_dmux4/U3_aw_axi_fifo/w616d64_fifo.U0_w616d64_fifo/U0/inst_fifo_gen/gconvfifo.rf/grf.rf/gntv_or_sync_fifo.mem/dout[490].  Did not re-place instance U0_ps_ai_peripheral/ZGolo/u_AI_Mate_top/U0_ddr2hp_itcn/U0_dmux4/U3_aw_axi_fifo/w616d64_fifo.U0_w616d64_fifo/U0/inst_fifo_gen/gconvfifo.rf/grf.rf/gntv_or_sync_fifo.mem/goreg_bm.dout_i_reg[490]
INFO: [Physopt 32-662] Processed net U0_ps_ai_peripheral/frame_to_ps_inst0/level_cross_u0/a1_clk1_d2.  Did not re-place instance U0_ps_ai_peripheral/frame_to_ps_inst0/level_cross_u0/a1_clk1_d2_reg
INFO: [Physopt 32-662] Processed net U0_ps_ai_peripheral/frame_to_ps_inst0/level_cross_u0/a2_clk2_t1.  Did not re-place instance U0_ps_ai_peripheral/frame_to_ps_inst0/level_cross_u0/a2_clk2_t1_reg
INFO: [Physopt 32-662] Processed net U0_ps_ai_peripheral/ZGolo/u_AI_Mate_top/U0_ddr2hp_itcn/U0_dmux4/U3_aw_axi_fifo/w616d64_fifo.U0_w616d64_fifo/U0/inst_fifo_gen/gconvfifo.rf/grf.rf/gntv_or_sync_fifo.mem/dout[415].  Did not re-place instance U0_ps_ai_peripheral/ZGolo/u_AI_Mate_top/U0_ddr2hp_itcn/U0_dmux4/U3_aw_axi_fifo/w616d64_fifo.U0_w616d64_fifo/U0/inst_fifo_gen/gconvfifo.rf/grf.rf/gntv_or_sync_fifo.mem/goreg_bm.dout_i_reg[415]
INFO: [Physopt 32-662] Processed net U0_ps_ai_peripheral/ZGolo/u_AI_Mate_top/U0_ddr2hp_itcn/U0_dmux4/U3_aw_axi_fifo/w616d64_fifo.U0_w616d64_fifo/U0/inst_fifo_gen/gconvfifo.rf/grf.rf/gntv_or_sync_fifo.mem/dout[473].  Did not re-place instance U0_ps_ai_peripheral/ZGolo/u_AI_Mate_top/U0_ddr2hp_itcn/U0_dmux4/U3_aw_axi_fifo/w616d64_fifo.U0_w616d64_fifo/U0/inst_fifo_gen/gconvfifo.rf/grf.rf/gntv_or_sync_fifo.mem/goreg_bm.dout_i_reg[473]
INFO: [Physopt 32-662] Processed net U0_ps_ai_peripheral/ZGolo/u_AI_Mate_top/U0_ddr2hp_itcn/U0_dmux4/U3_aw_axi_fifo/w616d64_fifo.U0_w616d64_fifo/U0/inst_fifo_gen/gconvfifo.rf/grf.rf/gntv_or_sync_fifo.mem/dout[545].  Did not re-place instance U0_ps_ai_peripheral/ZGolo/u_AI_Mate_top/U0_ddr2hp_itcn/U0_dmux4/U3_aw_axi_fifo/w616d64_fifo.U0_w616d64_fifo/U0/inst_fifo_gen/gconvfifo.rf/grf.rf/gntv_or_sync_fifo.mem/goreg_bm.dout_i_reg[545]
INFO: [Physopt 32-662] Processed net U0_ps_ai_peripheral/ZGolo/u_AI_Mate_top/U0_ddr2hp_itcn/U0_dmux4/U3_aw_axi_fifo/w616d64_fifo.U0_w616d64_fifo/U0/inst_fifo_gen/gconvfifo.rf/grf.rf/gntv_or_sync_fifo.mem/dout[591].  Did not re-place instance U0_ps_ai_peripheral/ZGolo/u_AI_Mate_top/U0_ddr2hp_itcn/U0_dmux4/U3_aw_axi_fifo/w616d64_fifo.U0_w616d64_fifo/U0/inst_fifo_gen/gconvfifo.rf/grf.rf/gntv_or_sync_fifo.mem/goreg_bm.dout_i_reg[591]
INFO: [Physopt 32-662] Processed net U_adder_top/U_flicker/dma/awvalid1_carry_i_2_n_0.  Did not re-place instance U_adder_top/U_flicker/dma/awvalid1_carry_i_2
INFO: [Physopt 32-662] Processed net U0_ps_ai_peripheral/frame_to_ps_inst0/frame_read_write_m0/D[15].  Did not re-place instance U0_ps_ai_peripheral/frame_to_ps_inst0/frame_read_write_m0/vout_data_r[15]_i_1
INFO: [Physopt 32-662] Processed net U0_ps_ai_peripheral/frame_to_ps_inst0/frame_read_write_m0/read_buf/U0/inst_fifo_gen/gconvfifo.rf/grf.rf/gntv_or_sync_fifo.mem/gbm.gbmg.gbmga.ngecc.bmg/inst_blk_mem_gen/gnbram.gnativebmg.native_blk_mem_gen/valid.cstr/has_mux_b.B/dout[15].  Did not re-place instance U0_ps_ai_peripheral/frame_to_ps_inst0/frame_read_write_m0/read_buf/U0/inst_fifo_gen/gconvfifo.rf/grf.rf/gntv_or_sync_fifo.mem/gbm.gbmg.gbmga.ngecc.bmg/inst_blk_mem_gen/gnbram.gnativebmg.native_blk_mem_gen/valid.cstr/has_mux_b.B/dout[15]_INST_0
INFO: [Physopt 32-662] Processed net U0_ps_ai_peripheral/frame_to_ps_inst0/frame_read_write_m0/read_buf/U0/inst_fifo_gen/gconvfifo.rf/grf.rf/gntv_or_sync_fifo.mem/gbm.gbmg.gbmga.ngecc.bmg/inst_blk_mem_gen/gnbram.gnativebmg.native_blk_mem_gen/valid.cstr/has_mux_b.B/dout[15]_INST_0_i_7_n_0.  Did not re-place instance U0_ps_ai_peripheral/frame_to_ps_inst0/frame_read_write_m0/read_buf/U0/inst_fifo_gen/gconvfifo.rf/grf.rf/gntv_or_sync_fifo.mem/gbm.gbmg.gbmga.ngecc.bmg/inst_blk_mem_gen/gnbram.gnativebmg.native_blk_mem_gen/valid.cstr/has_mux_b.B/dout[15]_INST_0_i_7
INFO: [Physopt 32-662] Processed net U0_ps_ai_peripheral/frame_to_ps_inst0/video_rect_read_data_m0/Q[15].  Did not re-place instance U0_ps_ai_peripheral/frame_to_ps_inst0/video_rect_read_data_m0/vout_data_r_reg[15]
INFO: [Physopt 32-662] Processed net U_adder_top/U_flicker/render/render_lane_2u_U0/flicker_render_piudo_U270/flicker_render_pipeline_ap_hmul_4_max_dsp_16_u/U0/i_synth/MULT.OP/EXP/STATE_UP_DELAY/i_pipe/RESULT_REG.NORMAL.exp_op_reg[4].  Did not re-place instance U_adder_top/U_flicker/render/render_lane_2u_U0/flicker_render_piudo_U270/flicker_render_pipeline_ap_hmul_4_max_dsp_16_u/U0/i_synth/MULT.OP/EXP/STATE_UP_DELAY/i_pipe/RESULT_REG.NORMAL.exp_op[4]_i_1
INFO: [Physopt 32-662] Processed net U_adder_top/U_flicker/render/render_lane_2u_U0/flicker_render_piudo_U270/flicker_render_pipeline_ap_hmul_4_max_dsp_16_u/U0/i_synth/MULT.OP/OP/m_axis_result_tdata[14].  Did not re-place instance U_adder_top/U_flicker/render/render_lane_2u_U0/flicker_render_piudo_U270/flicker_render_pipeline_ap_hmul_4_max_dsp_16_u/U0/i_synth/MULT.OP/OP/RESULT_REG.NORMAL.exp_op_reg[4]
INFO: [Physopt 32-662] Processed net U0_ps_ai_peripheral/ZGolo/u_AI_Mate_top/U0_ddr2hp_itcn/U0_dmux4/U3_aw_axi_fifo/w616d64_fifo.U0_w616d64_fifo/U0/inst_fifo_gen/gconvfifo.rf/grf.rf/gntv_or_sync_fifo.mem/dout[158].  Did not re-place instance U0_ps_ai_peripheral/ZGolo/u_AI_Mate_top/U0_ddr2hp_itcn/U0_dmux4/U3_aw_axi_fifo/w616d64_fifo.U0_w616d64_fifo/U0/inst_fifo_gen/gconvfifo.rf/grf.rf/gntv_or_sync_fifo.mem/goreg_bm.dout_i_reg[158]
INFO: [Physopt 32-662] Processed net U0_ps_ai_peripheral/ZGolo/u_AI_Mate_top/U0_ddr2hp_itcn/U0_dmux4/U3_aw_axi_fifo/w616d64_fifo.U0_w616d64_fifo/U0/inst_fifo_gen/gconvfifo.rf/grf.rf/gntv_or_sync_fifo.mem/dout[306].  Did not re-place instance U0_ps_ai_peripheral/ZGolo/u_AI_Mate_top/U0_ddr2hp_itcn/U0_dmux4/U3_aw_axi_fifo/w616d64_fifo.U0_w616d64_fifo/U0/inst_fifo_gen/gconvfifo.rf/grf.rf/gntv_or_sync_fifo.mem/goreg_bm.dout_i_reg[306]
INFO: [Physopt 32-662] Processed net U0_ps_ai_peripheral/ZGolo/u_AI_Mate_top/U0_ddr2hp_itcn/U0_dmux4/U3_aw_axi_fifo/w616d64_fifo.U0_w616d64_fifo/U0/inst_fifo_gen/gconvfifo.rf/grf.rf/gntv_or_sync_fifo.mem/dout[402].  Did not re-place instance U0_ps_ai_peripheral/ZGolo/u_AI_Mate_top/U0_ddr2hp_itcn/U0_dmux4/U3_aw_axi_fifo/w616d64_fifo.U0_w616d64_fifo/U0/inst_fifo_gen/gconvfifo.rf/grf.rf/gntv_or_sync_fifo.mem/goreg_bm.dout_i_reg[402]
INFO: [Physopt 32-662] Processed net U0_ps_ai_peripheral/ZGolo/u_AI_Mate_top/U0_ddr2hp_itcn/U0_dmux4/U3_aw_axi_fifo/w616d64_fifo.U0_w616d64_fifo/U0/inst_fifo_gen/gconvfifo.rf/grf.rf/gntv_or_sync_fifo.mem/dout[421].  Did not re-place instance U0_ps_ai_peripheral/ZGolo/u_AI_Mate_top/U0_ddr2hp_itcn/U0_dmux4/U3_aw_axi_fifo/w616d64_fifo.U0_w616d64_fifo/U0/inst_fifo_gen/gconvfifo.rf/grf.rf/gntv_or_sync_fifo.mem/goreg_bm.dout_i_reg[421]
INFO: [Physopt 32-662] Processed net U0_ps_ai_peripheral/ZGolo/u_AI_Mate_top/U0_ddr2hp_itcn/U0_dmux4/U3_aw_axi_fifo/w616d64_fifo.U0_w616d64_fifo/U0/inst_fifo_gen/gconvfifo.rf/grf.rf/gntv_or_sync_fifo.mem/dout[426].  Did not re-place instance U0_ps_ai_peripheral/ZGolo/u_AI_Mate_top/U0_ddr2hp_itcn/U0_dmux4/U3_aw_axi_fifo/w616d64_fifo.U0_w616d64_fifo/U0/inst_fifo_gen/gconvfifo.rf/grf.rf/gntv_or_sync_fifo.mem/goreg_bm.dout_i_reg[426]
INFO: [Physopt 32-662] Processed net U0_ps_ai_peripheral/ZGolo/u_AI_Mate_top/U0_ddr2hp_itcn/U0_dmux4/U3_aw_axi_fifo/w616d64_fifo.U0_w616d64_fifo/U0/inst_fifo_gen/gconvfifo.rf/grf.rf/gntv_or_sync_fifo.mem/dout[485].  Did not re-place instance U0_ps_ai_peripheral/ZGolo/u_AI_Mate_top/U0_ddr2hp_itcn/U0_dmux4/U3_aw_axi_fifo/w616d64_fifo.U0_w616d64_fifo/U0/inst_fifo_gen/gconvfifo.rf/grf.rf/gntv_or_sync_fifo.mem/goreg_bm.dout_i_reg[485]
INFO: [Physopt 32-662] Processed net U0_ps_ai_peripheral/ZGolo/u_AI_Mate_top/U0_ddr2hp_itcn/U0_dmux4/U3_aw_axi_fifo/w616d64_fifo.U0_w616d64_fifo/U0/inst_fifo_gen/gconvfifo.rf/grf.rf/gntv_or_sync_fifo.mem/dout[77].  Did not re-place instance U0_ps_ai_peripheral/ZGolo/u_AI_Mate_top/U0_ddr2hp_itcn/U0_dmux4/U3_aw_axi_fifo/w616d64_fifo.U0_w616d64_fifo/U0/inst_fifo_gen/gconvfifo.rf/grf.rf/gntv_or_sync_fifo.mem/goreg_bm.dout_i_reg[77]
INFO: [Physopt 32-662] Processed net U0_ps_ai_peripheral/ZGolo/u_AI_Mate_top/U0_ddr2hp_itcn/U0_dmux4/U3_aw_axi_fifo/w616d64_fifo.U0_w616d64_fifo/U0/inst_fifo_gen/gconvfifo.rf/grf.rf/gntv_or_sync_fifo.mem/dout[197].  Did not re-place instance U0_ps_ai_peripheral/ZGolo/u_AI_Mate_top/U0_ddr2hp_itcn/U0_dmux4/U3_aw_axi_fifo/w616d64_fifo.U0_w616d64_fifo/U0/inst_fifo_gen/gconvfifo.rf/grf.rf/gntv_or_sync_fifo.mem/goreg_bm.dout_i_reg[197]
INFO: [Physopt 32-662] Processed net U0_ps_ai_peripheral/ZGolo/u_AI_Mate_top/U0_ddr2hp_itcn/U0_dmux4/U3_aw_axi_fifo/w616d64_fifo.U0_w616d64_fifo/U0/inst_fifo_gen/gconvfifo.rf/grf.rf/gntv_or_sync_fifo.mem/dout[278].  Did not re-place instance U0_ps_ai_peripheral/ZGolo/u_AI_Mate_top/U0_ddr2hp_itcn/U0_dmux4/U3_aw_axi_fifo/w616d64_fifo.U0_w616d64_fifo/U0/inst_fifo_gen/gconvfifo.rf/grf.rf/gntv_or_sync_fifo.mem/goreg_bm.dout_i_reg[278]
INFO: [Physopt 32-662] Processed net U0_ps_ai_peripheral/ZGolo/u_AI_Mate_top/U0_ddr2hp_itcn/U0_dmux4/U3_aw_axi_fifo/w616d64_fifo.U0_w616d64_fifo/U0/inst_fifo_gen/gconvfifo.rf/grf.rf/gntv_or_sync_fifo.mem/dout[328].  Did not re-place instance U0_ps_ai_peripheral/ZGolo/u_AI_Mate_top/U0_ddr2hp_itcn/U0_dmux4/U3_aw_axi_fifo/w616d64_fifo.U0_w616d64_fifo/U0/inst_fifo_gen/gconvfifo.rf/grf.rf/gntv_or_sync_fifo.mem/goreg_bm.dout_i_reg[328]
INFO: [Physopt 32-662] Processed net U0_ps_ai_peripheral/ZGolo/u_AI_Mate_top/U0_ddr2hp_itcn/U0_dmux4/U3_aw_axi_fifo/w616d64_fifo.U0_w616d64_fifo/U0/inst_fifo_gen/gconvfifo.rf/grf.rf/gntv_or_sync_fifo.mem/dout[400].  Did not re-place instance U0_ps_ai_peripheral/ZGolo/u_AI_Mate_top/U0_ddr2hp_itcn/U0_dmux4/U3_aw_axi_fifo/w616d64_fifo.U0_w616d64_fifo/U0/inst_fifo_gen/gconvfifo.rf/grf.rf/gntv_or_sync_fifo.mem/goreg_bm.dout_i_reg[400]
INFO: [Physopt 32-662] Processed net U0_ps_ai_peripheral/ZGolo/u_AI_Mate_top/U0_ddr2hp_itcn/U0_dmux4/U3_aw_axi_fifo/w616d64_fifo.U0_w616d64_fifo/U0/inst_fifo_gen/gconvfifo.rf/grf.rf/gntv_or_sync_fifo.mem/dout[410].  Did not re-place instance U0_ps_ai_peripheral/ZGolo/u_AI_Mate_top/U0_ddr2hp_itcn/U0_dmux4/U3_aw_axi_fifo/w616d64_fifo.U0_w616d64_fifo/U0/inst_fifo_gen/gconvfifo.rf/grf.rf/gntv_or_sync_fifo.mem/goreg_bm.dout_i_reg[410]
INFO: [Physopt 32-662] Processed net U0_ps_ai_peripheral/ZGolo/u_AI_Mate_top/U0_ddr2hp_itcn/U0_dmux4/U3_aw_axi_fifo/w616d64_fifo.U0_w616d64_fifo/U0/inst_fifo_gen/gconvfifo.rf/grf.rf/gntv_or_sync_fifo.mem/dout[417].  Did not re-place instance U0_ps_ai_peripheral/ZGolo/u_AI_Mate_top/U0_ddr2hp_itcn/U0_dmux4/U3_aw_axi_fifo/w616d64_fifo.U0_w616d64_fifo/U0/inst_fifo_gen/gconvfifo.rf/grf.rf/gntv_or_sync_fifo.mem/goreg_bm.dout_i_reg[417]
INFO: [Physopt 32-662] Processed net U0_ps_ai_peripheral/ZGolo/u_AI_Mate_top/U0_ddr2hp_itcn/U0_dmux4/U3_aw_axi_fifo/w616d64_fifo.U0_w616d64_fifo/U0/inst_fifo_gen/gconvfifo.rf/grf.rf/gntv_or_sync_fifo.mem/dout[419].  Did not re-place instance U0_ps_ai_peripheral/ZGolo/u_AI_Mate_top/U0_ddr2hp_itcn/U0_dmux4/U3_aw_axi_fifo/w616d64_fifo.U0_w616d64_fifo/U0/inst_fifo_gen/gconvfifo.rf/grf.rf/gntv_or_sync_fifo.mem/goreg_bm.dout_i_reg[419]
INFO: [Physopt 32-662] Processed net U0_ps_ai_peripheral/ZGolo/u_AI_Mate_top/U0_ddr2hp_itcn/U0_dmux4/U3_aw_axi_fifo/w616d64_fifo.U0_w616d64_fifo/U0/inst_fifo_gen/gconvfifo.rf/grf.rf/gntv_or_sync_fifo.mem/dout[100].  Did not re-place instance U0_ps_ai_peripheral/ZGolo/u_AI_Mate_top/U0_ddr2hp_itcn/U0_dmux4/U3_aw_axi_fifo/w616d64_fifo.U0_w616d64_fifo/U0/inst_fifo_gen/gconvfifo.rf/grf.rf/gntv_or_sync_fifo.mem/goreg_bm.dout_i_reg[100]
INFO: [Physopt 32-662] Processed net U0_ps_ai_peripheral/ZGolo/u_AI_Mate_top/U0_ddr2hp_itcn/U0_dmux4/U3_aw_axi_fifo/w616d64_fifo.U0_w616d64_fifo/U0/inst_fifo_gen/gconvfifo.rf/grf.rf/gntv_or_sync_fifo.mem/dout[102].  Did not re-place instance U0_ps_ai_peripheral/ZGolo/u_AI_Mate_top/U0_ddr2hp_itcn/U0_dmux4/U3_aw_axi_fifo/w616d64_fifo.U0_w616d64_fifo/U0/inst_fifo_gen/gconvfifo.rf/grf.rf/gntv_or_sync_fifo.mem/goreg_bm.dout_i_reg[102]
INFO: [Physopt 32-662] Processed net U0_ps_ai_peripheral/ZGolo/u_AI_Mate_top/U0_ddr2hp_itcn/U0_dmux4/U3_aw_axi_fifo/w616d64_fifo.U0_w616d64_fifo/U0/inst_fifo_gen/gconvfifo.rf/grf.rf/gntv_or_sync_fifo.mem/dout[110].  Did not re-place instance U0_ps_ai_peripheral/ZGolo/u_AI_Mate_top/U0_ddr2hp_itcn/U0_dmux4/U3_aw_axi_fifo/w616d64_fifo.U0_w616d64_fifo/U0/inst_fifo_gen/gconvfifo.rf/grf.rf/gntv_or_sync_fifo.mem/goreg_bm.dout_i_reg[110]
INFO: [Physopt 32-662] Processed net U0_ps_ai_peripheral/ZGolo/u_AI_Mate_top/U0_ddr2hp_itcn/U0_dmux4/U3_aw_axi_fifo/w616d64_fifo.U0_w616d64_fifo/U0/inst_fifo_gen/gconvfifo.rf/grf.rf/gntv_or_sync_fifo.mem/dout[199].  Did not re-place instance U0_ps_ai_peripheral/ZGolo/u_AI_Mate_top/U0_ddr2hp_itcn/U0_dmux4/U3_aw_axi_fifo/w616d64_fifo.U0_w616d64_fifo/U0/inst_fifo_gen/gconvfifo.rf/grf.rf/gntv_or_sync_fifo.mem/goreg_bm.dout_i_reg[199]
INFO: [Physopt 32-662] Processed net U0_ps_ai_peripheral/ZGolo/u_AI_Mate_top/U0_ddr2hp_itcn/U0_dmux4/U3_aw_axi_fifo/w616d64_fifo.U0_w616d64_fifo/U0/inst_fifo_gen/gconvfifo.rf/grf.rf/gntv_or_sync_fifo.mem/dout[330].  Did not re-place instance U0_ps_ai_peripheral/ZGolo/u_AI_Mate_top/U0_ddr2hp_itcn/U0_dmux4/U3_aw_axi_fifo/w616d64_fifo.U0_w616d64_fifo/U0/inst_fifo_gen/gconvfifo.rf/grf.rf/gntv_or_sync_fifo.mem/goreg_bm.dout_i_reg[330]
INFO: [Physopt 32-662] Processed net U0_ps_ai_peripheral/ZGolo/u_AI_Mate_top/U0_ddr2hp_itcn/U0_dmux4/U3_aw_axi_fifo/w616d64_fifo.U0_w616d64_fifo/U0/inst_fifo_gen/gconvfifo.rf/grf.rf/gntv_or_sync_fifo.mem/dout[72].  Did not re-place instance U0_ps_ai_peripheral/ZGolo/u_AI_Mate_top/U0_ddr2hp_itcn/U0_dmux4/U3_aw_axi_fifo/w616d64_fifo.U0_w616d64_fifo/U0/inst_fifo_gen/gconvfifo.rf/grf.rf/gntv_or_sync_fifo.mem/goreg_bm.dout_i_reg[72]
INFO: [Physopt 32-662] Processed net U0_ps_ai_peripheral/ZGolo/u_AI_Mate_top/U0_ddr2hp_itcn/U0_dmux4/U3_aw_axi_fifo/w616d64_fifo.U0_w616d64_fifo/U0/inst_fifo_gen/gconvfifo.rf/grf.rf/gntv_or_sync_fifo.mem/dout[73].  Did not re-place instance U0_ps_ai_peripheral/ZGolo/u_AI_Mate_top/U0_ddr2hp_itcn/U0_dmux4/U3_aw_axi_fifo/w616d64_fifo.U0_w616d64_fifo/U0/inst_fifo_gen/gconvfifo.rf/grf.rf/gntv_or_sync_fifo.mem/goreg_bm.dout_i_reg[73]
INFO: [Physopt 32-662] Processed net U0_ps_ai_peripheral/ZGolo/u_AI_Mate_top/U0_ddr2hp_itcn/U0_dmux4/U3_aw_axi_fifo/w616d64_fifo.U0_w616d64_fifo/U0/inst_fifo_gen/gconvfifo.rf/grf.rf/gntv_or_sync_fifo.mem/dout[75].  Did not re-place instance U0_ps_ai_peripheral/ZGolo/u_AI_Mate_top/U0_ddr2hp_itcn/U0_dmux4/U3_aw_axi_fifo/w616d64_fifo.U0_w616d64_fifo/U0/inst_fifo_gen/gconvfifo.rf/grf.rf/gntv_or_sync_fifo.mem/goreg_bm.dout_i_reg[75]
INFO: [Physopt 32-662] Processed net U0_ps_ai_peripheral/frame_to_ps_inst0/frame_read_write_m0/D[10].  Did not re-place instance U0_ps_ai_peripheral/frame_to_ps_inst0/frame_read_write_m0/vout_data_r[10]_i_1
INFO: [Physopt 32-662] Processed net U0_ps_ai_peripheral/frame_to_ps_inst0/frame_read_write_m0/read_buf/U0/inst_fifo_gen/gconvfifo.rf/grf.rf/gntv_or_sync_fifo.mem/gbm.gbmg.gbmga.ngecc.bmg/inst_blk_mem_gen/gnbram.gnativebmg.native_blk_mem_gen/valid.cstr/has_mux_b.B/dout[10].  Did not re-place instance U0_ps_ai_peripheral/frame_to_ps_inst0/frame_read_write_m0/read_buf/U0/inst_fifo_gen/gconvfifo.rf/grf.rf/gntv_or_sync_fifo.mem/gbm.gbmg.gbmga.ngecc.bmg/inst_blk_mem_gen/gnbram.gnativebmg.native_blk_mem_gen/valid.cstr/has_mux_b.B/dout[10]_INST_0
INFO: [Physopt 32-662] Processed net U0_ps_ai_peripheral/frame_to_ps_inst0/frame_read_write_m0/read_buf/U0/inst_fifo_gen/gconvfifo.rf/grf.rf/gntv_or_sync_fifo.mem/gbm.gbmg.gbmga.ngecc.bmg/inst_blk_mem_gen/gnbram.gnativebmg.native_blk_mem_gen/valid.cstr/has_mux_b.B/dout[10]_INST_0_i_8_n_0.  Did not re-place instance U0_ps_ai_peripheral/frame_to_ps_inst0/frame_read_write_m0/read_buf/U0/inst_fifo_gen/gconvfifo.rf/grf.rf/gntv_or_sync_fifo.mem/gbm.gbmg.gbmga.ngecc.bmg/inst_blk_mem_gen/gnbram.gnativebmg.native_blk_mem_gen/valid.cstr/has_mux_b.B/dout[10]_INST_0_i_8
INFO: [Physopt 32-662] Processed net U0_ps_ai_peripheral/frame_to_ps_inst0/video_rect_read_data_m0/Q[10].  Did not re-place instance U0_ps_ai_peripheral/frame_to_ps_inst0/video_rect_read_data_m0/vout_data_r_reg[10]
INFO: [Physopt 32-662] Processed net U0_ps_ai_peripheral/ZGolo/u_AI_Mate_top/U0_ddr2hp_itcn/U0_dmux4/U3_aw_axi_fifo/w616d64_fifo.U0_w616d64_fifo/U0/inst_fifo_gen/gconvfifo.rf/grf.rf/gntv_or_sync_fifo.mem/dout[173].  Did not re-place instance U0_ps_ai_peripheral/ZGolo/u_AI_Mate_top/U0_ddr2hp_itcn/U0_dmux4/U3_aw_axi_fifo/w616d64_fifo.U0_w616d64_fifo/U0/inst_fifo_gen/gconvfifo.rf/grf.rf/gntv_or_sync_fifo.mem/goreg_bm.dout_i_reg[173]
INFO: [Physopt 32-662] Processed net U0_ps_ai_peripheral/ZGolo/u_AI_Mate_top/U0_ddr2hp_itcn/U0_dmux4/U3_aw_axi_fifo/w616d64_fifo.U0_w616d64_fifo/U0/inst_fifo_gen/gconvfifo.rf/grf.rf/gntv_or_sync_fifo.mem/dout[238].  Did not re-place instance U0_ps_ai_peripheral/ZGolo/u_AI_Mate_top/U0_ddr2hp_itcn/U0_dmux4/U3_aw_axi_fifo/w616d64_fifo.U0_w616d64_fifo/U0/inst_fifo_gen/gconvfifo.rf/grf.rf/gntv_or_sync_fifo.mem/goreg_bm.dout_i_reg[238]
INFO: [Physopt 32-662] Processed net U0_ps_ai_peripheral/ZGolo/u_AI_Mate_top/U0_ddr2hp_itcn/U0_dmux4/U3_aw_axi_fifo/w616d64_fifo.U0_w616d64_fifo/U0/inst_fifo_gen/gconvfifo.rf/grf.rf/gntv_or_sync_fifo.mem/dout[243].  Did not re-place instance U0_ps_ai_peripheral/ZGolo/u_AI_Mate_top/U0_ddr2hp_itcn/U0_dmux4/U3_aw_axi_fifo/w616d64_fifo.U0_w616d64_fifo/U0/inst_fifo_gen/gconvfifo.rf/grf.rf/gntv_or_sync_fifo.mem/goreg_bm.dout_i_reg[243]
INFO: [Physopt 32-662] Processed net U0_ps_ai_peripheral/ZGolo/u_AI_Mate_top/U0_ddr2hp_itcn/U0_dmux4/U3_aw_axi_fifo/w616d64_fifo.U0_w616d64_fifo/U0/inst_fifo_gen/gconvfifo.rf/grf.rf/gntv_or_sync_fifo.mem/dout[270].  Did not re-place instance U0_ps_ai_peripheral/ZGolo/u_AI_Mate_top/U0_ddr2hp_itcn/U0_dmux4/U3_aw_axi_fifo/w616d64_fifo.U0_w616d64_fifo/U0/inst_fifo_gen/gconvfifo.rf/grf.rf/gntv_or_sync_fifo.mem/goreg_bm.dout_i_reg[270]
INFO: [Physopt 32-662] Processed net U0_ps_ai_peripheral/ZGolo/u_AI_Mate_top/U0_ddr2hp_itcn/U0_dmux4/U3_aw_axi_fifo/w616d64_fifo.U0_w616d64_fifo/U0/inst_fifo_gen/gconvfifo.rf/grf.rf/gntv_or_sync_fifo.mem/dout[316].  Did not re-place instance U0_ps_ai_peripheral/ZGolo/u_AI_Mate_top/U0_ddr2hp_itcn/U0_dmux4/U3_aw_axi_fifo/w616d64_fifo.U0_w616d64_fifo/U0/inst_fifo_gen/gconvfifo.rf/grf.rf/gntv_or_sync_fifo.mem/goreg_bm.dout_i_reg[316]
INFO: [Physopt 32-662] Processed net U0_ps_ai_peripheral/ZGolo/u_AI_Mate_top/U0_ddr2hp_itcn/U0_dmux4/U3_aw_axi_fifo/w616d64_fifo.U0_w616d64_fifo/U0/inst_fifo_gen/gconvfifo.rf/grf.rf/gntv_or_sync_fifo.mem/dout[321].  Did not re-place instance U0_ps_ai_peripheral/ZGolo/u_AI_Mate_top/U0_ddr2hp_itcn/U0_dmux4/U3_aw_axi_fifo/w616d64_fifo.U0_w616d64_fifo/U0/inst_fifo_gen/gconvfifo.rf/grf.rf/gntv_or_sync_fifo.mem/goreg_bm.dout_i_reg[321]
INFO: [Physopt 32-662] Processed net U0_ps_ai_peripheral/ZGolo/u_AI_Mate_top/U0_ddr2hp_itcn/U0_dmux4/U3_aw_axi_fifo/w616d64_fifo.U0_w616d64_fifo/U0/inst_fifo_gen/gconvfifo.rf/grf.rf/gntv_or_sync_fifo.mem/dout[358].  Did not re-place instance U0_ps_ai_peripheral/ZGolo/u_AI_Mate_top/U0_ddr2hp_itcn/U0_dmux4/U3_aw_axi_fifo/w616d64_fifo.U0_w616d64_fifo/U0/inst_fifo_gen/gconvfifo.rf/grf.rf/gntv_or_sync_fifo.mem/goreg_bm.dout_i_reg[358]
INFO: [Physopt 32-662] Processed net U0_ps_ai_peripheral/ZGolo/u_AI_Mate_top/U0_ddr2hp_itcn/U0_dmux4/U3_aw_axi_fifo/w616d64_fifo.U0_w616d64_fifo/U0/inst_fifo_gen/gconvfifo.rf/grf.rf/gntv_or_sync_fifo.mem/dout[378].  Did not re-place instance U0_ps_ai_peripheral/ZGolo/u_AI_Mate_top/U0_ddr2hp_itcn/U0_dmux4/U3_aw_axi_fifo/w616d64_fifo.U0_w616d64_fifo/U0/inst_fifo_gen/gconvfifo.rf/grf.rf/gntv_or_sync_fifo.mem/goreg_bm.dout_i_reg[378]
INFO: [Physopt 32-662] Processed net U0_ps_ai_peripheral/ZGolo/u_AI_Mate_top/U0_ddr2hp_itcn/U0_dmux4/U3_aw_axi_fifo/w616d64_fifo.U0_w616d64_fifo/U0/inst_fifo_gen/gconvfifo.rf/grf.rf/gntv_or_sync_fifo.mem/dout[379].  Did not re-place instance U0_ps_ai_peripheral/ZGolo/u_AI_Mate_top/U0_ddr2hp_itcn/U0_dmux4/U3_aw_axi_fifo/w616d64_fifo.U0_w616d64_fifo/U0/inst_fifo_gen/gconvfifo.rf/grf.rf/gntv_or_sync_fifo.mem/goreg_bm.dout_i_reg[379]
INFO: [Physopt 32-662] Processed net U0_ps_ai_peripheral/ZGolo/u_AI_Mate_top/U0_ddr2hp_itcn/U0_dmux4/U3_aw_axi_fifo/w616d64_fifo.U0_w616d64_fifo/U0/inst_fifo_gen/gconvfifo.rf/grf.rf/gntv_or_sync_fifo.mem/dout[424].  Did not re-place instance U0_ps_ai_peripheral/ZGolo/u_AI_Mate_top/U0_ddr2hp_itcn/U0_dmux4/U3_aw_axi_fifo/w616d64_fifo.U0_w616d64_fifo/U0/inst_fifo_gen/gconvfifo.rf/grf.rf/gntv_or_sync_fifo.mem/goreg_bm.dout_i_reg[424]
INFO: [Physopt 32-662] Processed net U0_ps_ai_peripheral/ZGolo/u_AI_Mate_top/U0_ddr2hp_itcn/U0_dmux4/U3_aw_axi_fifo/w616d64_fifo.U0_w616d64_fifo/U0/inst_fifo_gen/gconvfifo.rf/grf.rf/gntv_or_sync_fifo.mem/dout[476].  Did not re-place instance U0_ps_ai_peripheral/ZGolo/u_AI_Mate_top/U0_ddr2hp_itcn/U0_dmux4/U3_aw_axi_fifo/w616d64_fifo.U0_w616d64_fifo/U0/inst_fifo_gen/gconvfifo.rf/grf.rf/gntv_or_sync_fifo.mem/goreg_bm.dout_i_reg[476]
INFO: [Physopt 32-662] Processed net U0_ps_ai_peripheral/ZGolo/u_AI_Mate_top/U0_ddr2hp_itcn/U0_dmux4/U3_aw_axi_fifo/w616d64_fifo.U0_w616d64_fifo/U0/inst_fifo_gen/gconvfifo.rf/grf.rf/gntv_or_sync_fifo.mem/dout[479].  Did not re-place instance U0_ps_ai_peripheral/ZGolo/u_AI_Mate_top/U0_ddr2hp_itcn/U0_dmux4/U3_aw_axi_fifo/w616d64_fifo.U0_w616d64_fifo/U0/inst_fifo_gen/gconvfifo.rf/grf.rf/gntv_or_sync_fifo.mem/goreg_bm.dout_i_reg[479]
INFO: [Physopt 32-662] Processed net U0_ps_ai_peripheral/ZGolo/u_AI_Mate_top/U0_ddr2hp_itcn/U0_dmux4/U3_aw_axi_fifo/w616d64_fifo.U0_w616d64_fifo/U0/inst_fifo_gen/gconvfifo.rf/grf.rf/gntv_or_sync_fifo.mem/dout[544].  Did not re-place instance U0_ps_ai_peripheral/ZGolo/u_AI_Mate_top/U0_ddr2hp_itcn/U0_dmux4/U3_aw_axi_fifo/w616d64_fifo.U0_w616d64_fifo/U0/inst_fifo_gen/gconvfifo.rf/grf.rf/gntv_or_sync_fifo.mem/goreg_bm.dout_i_reg[544]
INFO: [Physopt 32-662] Processed net U0_ps_ai_peripheral/ZGolo/u_AI_Mate_top/U0_ddr2hp_itcn/U0_dmux4/U3_aw_axi_fifo/w616d64_fifo.U0_w616d64_fifo/U0/inst_fifo_gen/gconvfifo.rf/grf.rf/gntv_or_sync_fifo.mem/dout[547].  Did not re-place instance U0_ps_ai_peripheral/ZGolo/u_AI_Mate_top/U0_ddr2hp_itcn/U0_dmux4/U3_aw_axi_fifo/w616d64_fifo.U0_w616d64_fifo/U0/inst_fifo_gen/gconvfifo.rf/grf.rf/gntv_or_sync_fifo.mem/goreg_bm.dout_i_reg[547]
INFO: [Physopt 32-662] Processed net U0_ps_ai_peripheral/ZGolo/u_AI_Mate_top/U0_ddr2hp_itcn/U0_dmux4/U3_aw_axi_fifo/w616d64_fifo.U0_w616d64_fifo/U0/inst_fifo_gen/gconvfifo.rf/grf.rf/gntv_or_sync_fifo.mem/dout[553].  Did not re-place instance U0_ps_ai_peripheral/ZGolo/u_AI_Mate_top/U0_ddr2hp_itcn/U0_dmux4/U3_aw_axi_fifo/w616d64_fifo.U0_w616d64_fifo/U0/inst_fifo_gen/gconvfifo.rf/grf.rf/gntv_or_sync_fifo.mem/goreg_bm.dout_i_reg[553]
INFO: [Physopt 32-662] Processed net U0_ps_ai_peripheral/ZGolo/u_AI_Mate_top/U0_ddr2hp_itcn/U0_dmux4/U3_aw_axi_fifo/w616d64_fifo.U0_w616d64_fifo/U0/inst_fifo_gen/gconvfifo.rf/grf.rf/gntv_or_sync_fifo.mem/dout[68].  Did not re-place instance U0_ps_ai_peripheral/ZGolo/u_AI_Mate_top/U0_ddr2hp_itcn/U0_dmux4/U3_aw_axi_fifo/w616d64_fifo.U0_w616d64_fifo/U0/inst_fifo_gen/gconvfifo.rf/grf.rf/gntv_or_sync_fifo.mem/goreg_bm.dout_i_reg[68]
INFO: [Physopt 32-662] Processed net U0_ps_ai_peripheral/frame_to_ps_inst0/frame_read_write_m0/D[7].  Did not re-place instance U0_ps_ai_peripheral/frame_to_ps_inst0/frame_read_write_m0/vout_data_r[7]_i_1
INFO: [Physopt 32-662] Processed net U0_ps_ai_peripheral/frame_to_ps_inst0/frame_read_write_m0/read_buf/U0/inst_fifo_gen/gconvfifo.rf/grf.rf/gntv_or_sync_fifo.mem/gbm.gbmg.gbmga.ngecc.bmg/inst_blk_mem_gen/gnbram.gnativebmg.native_blk_mem_gen/valid.cstr/has_mux_b.B/dout[7].  Did not re-place instance U0_ps_ai_peripheral/frame_to_ps_inst0/frame_read_write_m0/read_buf/U0/inst_fifo_gen/gconvfifo.rf/grf.rf/gntv_or_sync_fifo.mem/gbm.gbmg.gbmga.ngecc.bmg/inst_blk_mem_gen/gnbram.gnativebmg.native_blk_mem_gen/valid.cstr/has_mux_b.B/dout[7]_INST_0
INFO: [Physopt 32-662] Processed net U0_ps_ai_peripheral/frame_to_ps_inst0/frame_read_write_m0/read_buf/U0/inst_fifo_gen/gconvfifo.rf/grf.rf/gntv_or_sync_fifo.mem/gbm.gbmg.gbmga.ngecc.bmg/inst_blk_mem_gen/gnbram.gnativebmg.native_blk_mem_gen/valid.cstr/has_mux_b.B/dout[7]_INST_0_i_8_n_0.  Did not re-place instance U0_ps_ai_peripheral/frame_to_ps_inst0/frame_read_write_m0/read_buf/U0/inst_fifo_gen/gconvfifo.rf/grf.rf/gntv_or_sync_fifo.mem/gbm.gbmg.gbmga.ngecc.bmg/inst_blk_mem_gen/gnbram.gnativebmg.native_blk_mem_gen/valid.cstr/has_mux_b.B/dout[7]_INST_0_i_8
INFO: [Physopt 32-662] Processed net U0_ps_ai_peripheral/frame_to_ps_inst0/video_rect_read_data_m0/Q[7].  Did not re-place instance U0_ps_ai_peripheral/frame_to_ps_inst0/video_rect_read_data_m0/vout_data_r_reg[7]
INFO: [Physopt 32-662] Processed net U0_ps_ai_peripheral/frame_to_ps_inst0/frame_read_write_m0/read_buf/U0/inst_fifo_gen/gconvfifo.rf/grf.rf/gntv_or_sync_fifo.mem/gbm.gbmg.gbmga.ngecc.bmg/inst_blk_mem_gen/gnbram.gnativebmg.native_blk_mem_gen/valid.cstr/has_mux_b.B/dout[15]_INST_0_i_8_n_0.  Did not re-place instance U0_ps_ai_peripheral/frame_to_ps_inst0/frame_read_write_m0/read_buf/U0/inst_fifo_gen/gconvfifo.rf/grf.rf/gntv_or_sync_fifo.mem/gbm.gbmg.gbmga.ngecc.bmg/inst_blk_mem_gen/gnbram.gnativebmg.native_blk_mem_gen/valid.cstr/has_mux_b.B/dout[15]_INST_0_i_8
INFO: [Physopt 32-662] Processed net U_adder_top/U_flicker/dma/no[11].  Did not re-place instance U_adder_top/U_flicker/dma/no_reg[11]
INFO: [Physopt 32-662] Processed net U_adder_top/U_flicker/dma/awvalid1_carry__0_i_7_n_0.  Did not re-place instance U_adder_top/U_flicker/dma/awvalid1_carry__0_i_7
INFO: [Physopt 32-662] Processed net U0_ps_ai_peripheral/ZGolo/u_AI_Mate_top/U0_ddr2hp_itcn/U0_dmux4/U3_aw_axi_fifo/w616d64_fifo.U0_w616d64_fifo/U0/inst_fifo_gen/gconvfifo.rf/grf.rf/gntv_or_sync_fifo.mem/dout[189].  Did not re-place instance U0_ps_ai_peripheral/ZGolo/u_AI_Mate_top/U0_ddr2hp_itcn/U0_dmux4/U3_aw_axi_fifo/w616d64_fifo.U0_w616d64_fifo/U0/inst_fifo_gen/gconvfifo.rf/grf.rf/gntv_or_sync_fifo.mem/goreg_bm.dout_i_reg[189]
INFO: [Physopt 32-662] Processed net U0_ps_ai_peripheral/ZGolo/u_AI_Mate_top/U0_ddr2hp_itcn/U0_dmux4/U3_aw_axi_fifo/w616d64_fifo.U0_w616d64_fifo/U0/inst_fifo_gen/gconvfifo.rf/grf.rf/gntv_or_sync_fifo.mem/dout[200].  Did not re-place instance U0_ps_ai_peripheral/ZGolo/u_AI_Mate_top/U0_ddr2hp_itcn/U0_dmux4/U3_aw_axi_fifo/w616d64_fifo.U0_w616d64_fifo/U0/inst_fifo_gen/gconvfifo.rf/grf.rf/gntv_or_sync_fifo.mem/goreg_bm.dout_i_reg[200]
INFO: [Physopt 32-662] Processed net U0_ps_ai_peripheral/ZGolo/u_AI_Mate_top/U0_ddr2hp_itcn/U0_dmux4/U3_aw_axi_fifo/w616d64_fifo.U0_w616d64_fifo/U0/inst_fifo_gen/gconvfifo.rf/grf.rf/gntv_or_sync_fifo.mem/dout[201].  Did not re-place instance U0_ps_ai_peripheral/ZGolo/u_AI_Mate_top/U0_ddr2hp_itcn/U0_dmux4/U3_aw_axi_fifo/w616d64_fifo.U0_w616d64_fifo/U0/inst_fifo_gen/gconvfifo.rf/grf.rf/gntv_or_sync_fifo.mem/goreg_bm.dout_i_reg[201]
INFO: [Physopt 32-662] Processed net U0_ps_ai_peripheral/ZGolo/u_AI_Mate_top/U0_ddr2hp_itcn/U0_dmux4/U3_aw_axi_fifo/w616d64_fifo.U0_w616d64_fifo/U0/inst_fifo_gen/gconvfifo.rf/grf.rf/gntv_or_sync_fifo.mem/dout[203].  Did not re-place instance U0_ps_ai_peripheral/ZGolo/u_AI_Mate_top/U0_ddr2hp_itcn/U0_dmux4/U3_aw_axi_fifo/w616d64_fifo.U0_w616d64_fifo/U0/inst_fifo_gen/gconvfifo.rf/grf.rf/gntv_or_sync_fifo.mem/goreg_bm.dout_i_reg[203]
INFO: [Physopt 32-662] Processed net U0_ps_ai_peripheral/ZGolo/u_AI_Mate_top/U0_ddr2hp_itcn/U0_dmux4/U3_aw_axi_fifo/w616d64_fifo.U0_w616d64_fifo/U0/inst_fifo_gen/gconvfifo.rf/grf.rf/gntv_or_sync_fifo.mem/dout[214].  Did not re-place instance U0_ps_ai_peripheral/ZGolo/u_AI_Mate_top/U0_ddr2hp_itcn/U0_dmux4/U3_aw_axi_fifo/w616d64_fifo.U0_w616d64_fifo/U0/inst_fifo_gen/gconvfifo.rf/grf.rf/gntv_or_sync_fifo.mem/goreg_bm.dout_i_reg[214]
INFO: [Physopt 32-662] Processed net U0_ps_ai_peripheral/ZGolo/u_AI_Mate_top/U0_ddr2hp_itcn/U0_dmux4/U3_aw_axi_fifo/w616d64_fifo.U0_w616d64_fifo/U0/inst_fifo_gen/gconvfifo.rf/grf.rf/gntv_or_sync_fifo.mem/dout[409].  Did not re-place instance U0_ps_ai_peripheral/ZGolo/u_AI_Mate_top/U0_ddr2hp_itcn/U0_dmux4/U3_aw_axi_fifo/w616d64_fifo.U0_w616d64_fifo/U0/inst_fifo_gen/gconvfifo.rf/grf.rf/gntv_or_sync_fifo.mem/goreg_bm.dout_i_reg[409]
INFO: [Physopt 32-662] Processed net U0_ps_ai_peripheral/ZGolo/u_AI_Mate_top/U0_ddr2hp_itcn/U0_dmux4/U3_aw_axi_fifo/w616d64_fifo.U0_w616d64_fifo/U0/inst_fifo_gen/gconvfifo.rf/grf.rf/gntv_or_sync_fifo.mem/dout[91].  Did not re-place instance U0_ps_ai_peripheral/ZGolo/u_AI_Mate_top/U0_ddr2hp_itcn/U0_dmux4/U3_aw_axi_fifo/w616d64_fifo.U0_w616d64_fifo/U0/inst_fifo_gen/gconvfifo.rf/grf.rf/gntv_or_sync_fifo.mem/goreg_bm.dout_i_reg[91]
INFO: [Physopt 32-662] Processed net U0_ps_ai_peripheral/ZGolo/u_AI_Mate_top/U0_ddr2hp_itcn/U0_dmux4/U3_aw_axi_fifo/w616d64_fifo.U0_w616d64_fifo/U0/inst_fifo_gen/gconvfifo.rf/grf.rf/gntv_or_sync_fifo.mem/dout[96].  Did not re-place instance U0_ps_ai_peripheral/ZGolo/u_AI_Mate_top/U0_ddr2hp_itcn/U0_dmux4/U3_aw_axi_fifo/w616d64_fifo.U0_w616d64_fifo/U0/inst_fifo_gen/gconvfifo.rf/grf.rf/gntv_or_sync_fifo.mem/goreg_bm.dout_i_reg[96]
INFO: [Physopt 32-662] Processed net U0_ps_ai_peripheral/ZGolo/u_AI_Mate_top/U0_ddr2hp_itcn/U0_dmux4/U3_aw_axi_fifo/w616d64_fifo.U0_w616d64_fifo/U0/inst_fifo_gen/gconvfifo.rf/grf.rf/gntv_or_sync_fifo.mem/dout[114].  Did not re-place instance U0_ps_ai_peripheral/ZGolo/u_AI_Mate_top/U0_ddr2hp_itcn/U0_dmux4/U3_aw_axi_fifo/w616d64_fifo.U0_w616d64_fifo/U0/inst_fifo_gen/gconvfifo.rf/grf.rf/gntv_or_sync_fifo.mem/goreg_bm.dout_i_reg[114]
INFO: [Physopt 32-662] Processed net U0_ps_ai_peripheral/ZGolo/u_AI_Mate_top/U0_ddr2hp_itcn/U0_dmux4/U3_aw_axi_fifo/w616d64_fifo.U0_w616d64_fifo/U0/inst_fifo_gen/gconvfifo.rf/grf.rf/gntv_or_sync_fifo.mem/dout[116].  Did not re-place instance U0_ps_ai_peripheral/ZGolo/u_AI_Mate_top/U0_ddr2hp_itcn/U0_dmux4/U3_aw_axi_fifo/w616d64_fifo.U0_w616d64_fifo/U0/inst_fifo_gen/gconvfifo.rf/grf.rf/gntv_or_sync_fifo.mem/goreg_bm.dout_i_reg[116]
INFO: [Physopt 32-662] Processed net U0_ps_ai_peripheral/ZGolo/u_AI_Mate_top/U0_ddr2hp_itcn/U0_dmux4/U3_aw_axi_fifo/w616d64_fifo.U0_w616d64_fifo/U0/inst_fifo_gen/gconvfifo.rf/grf.rf/gntv_or_sync_fifo.mem/dout[196].  Did not re-place instance U0_ps_ai_peripheral/ZGolo/u_AI_Mate_top/U0_ddr2hp_itcn/U0_dmux4/U3_aw_axi_fifo/w616d64_fifo.U0_w616d64_fifo/U0/inst_fifo_gen/gconvfifo.rf/grf.rf/gntv_or_sync_fifo.mem/goreg_bm.dout_i_reg[196]
INFO: [Physopt 32-662] Processed net U0_ps_ai_peripheral/ZGolo/u_AI_Mate_top/U0_ddr2hp_itcn/U0_dmux4/U3_aw_axi_fifo/w616d64_fifo.U0_w616d64_fifo/U0/inst_fifo_gen/gconvfifo.rf/grf.rf/gntv_or_sync_fifo.mem/dout[312].  Did not re-place instance U0_ps_ai_peripheral/ZGolo/u_AI_Mate_top/U0_ddr2hp_itcn/U0_dmux4/U3_aw_axi_fifo/w616d64_fifo.U0_w616d64_fifo/U0/inst_fifo_gen/gconvfifo.rf/grf.rf/gntv_or_sync_fifo.mem/goreg_bm.dout_i_reg[312]
INFO: [Physopt 32-662] Processed net U0_ps_ai_peripheral/ZGolo/u_AI_Mate_top/U0_ddr2hp_itcn/U0_dmux4/U3_aw_axi_fifo/w616d64_fifo.U0_w616d64_fifo/U0/inst_fifo_gen/gconvfifo.rf/grf.rf/gntv_or_sync_fifo.mem/dout[420].  Did not re-place instance U0_ps_ai_peripheral/ZGolo/u_AI_Mate_top/U0_ddr2hp_itcn/U0_dmux4/U3_aw_axi_fifo/w616d64_fifo.U0_w616d64_fifo/U0/inst_fifo_gen/gconvfifo.rf/grf.rf/gntv_or_sync_fifo.mem/goreg_bm.dout_i_reg[420]
INFO: [Physopt 32-662] Processed net U0_ps_ai_peripheral/ZGolo/u_AI_Mate_top/U0_ddr2hp_itcn/U0_dmux4/U3_aw_axi_fifo/w616d64_fifo.U0_w616d64_fifo/U0/inst_fifo_gen/gconvfifo.rf/grf.rf/gntv_or_sync_fifo.mem/dout[428].  Did not re-place instance U0_ps_ai_peripheral/ZGolo/u_AI_Mate_top/U0_ddr2hp_itcn/U0_dmux4/U3_aw_axi_fifo/w616d64_fifo.U0_w616d64_fifo/U0/inst_fifo_gen/gconvfifo.rf/grf.rf/gntv_or_sync_fifo.mem/goreg_bm.dout_i_reg[428]
INFO: [Physopt 32-662] Processed net U0_ps_ai_peripheral/ZGolo/u_AI_Mate_top/U0_ddr2hp_itcn/U0_dmux4/U3_aw_axi_fifo/w616d64_fifo.U0_w616d64_fifo/U0/inst_fifo_gen/gconvfifo.rf/grf.rf/gntv_or_sync_fifo.mem/dout[528].  Did not re-place instance U0_ps_ai_peripheral/ZGolo/u_AI_Mate_top/U0_ddr2hp_itcn/U0_dmux4/U3_aw_axi_fifo/w616d64_fifo.U0_w616d64_fifo/U0/inst_fifo_gen/gconvfifo.rf/grf.rf/gntv_or_sync_fifo.mem/goreg_bm.dout_i_reg[528]
INFO: [Physopt 32-662] Processed net U0_ps_ai_peripheral/ZGolo/u_AI_Mate_top/U0_ddr2hp_itcn/U0_dmux4/U3_aw_axi_fifo/w616d64_fifo.U0_w616d64_fifo/U0/inst_fifo_gen/gconvfifo.rf/grf.rf/gntv_or_sync_fifo.mem/dout[598].  Did not re-place instance U0_ps_ai_peripheral/ZGolo/u_AI_Mate_top/U0_ddr2hp_itcn/U0_dmux4/U3_aw_axi_fifo/w616d64_fifo.U0_w616d64_fifo/U0/inst_fifo_gen/gconvfifo.rf/grf.rf/gntv_or_sync_fifo.mem/goreg_bm.dout_i_reg[598]
INFO: [Physopt 32-662] Processed net U0_ps_ai_peripheral/ZGolo/u_AI_Mate_top/U0_ddr2hp_itcn/U0_dmux4/U3_aw_axi_fifo/w616d64_fifo.U0_w616d64_fifo/U0/inst_fifo_gen/gconvfifo.rf/grf.rf/gntv_or_sync_fifo.mem/dout[411].  Did not re-place instance U0_ps_ai_peripheral/ZGolo/u_AI_Mate_top/U0_ddr2hp_itcn/U0_dmux4/U3_aw_axi_fifo/w616d64_fifo.U0_w616d64_fifo/U0/inst_fifo_gen/gconvfifo.rf/grf.rf/gntv_or_sync_fifo.mem/goreg_bm.dout_i_reg[411]
INFO: [Physopt 32-662] Processed net U0_ps_ai_peripheral/ZGolo/u_AI_Mate_top/U0_ddr2hp_itcn/U0_dmux4/U3_aw_axi_fifo/w616d64_fifo.U0_w616d64_fifo/U0/inst_fifo_gen/gconvfifo.rf/grf.rf/gntv_or_sync_fifo.mem/dout[50].  Did not re-place instance U0_ps_ai_peripheral/ZGolo/u_AI_Mate_top/U0_ddr2hp_itcn/U0_dmux4/U3_aw_axi_fifo/w616d64_fifo.U0_w616d64_fifo/U0/inst_fifo_gen/gconvfifo.rf/grf.rf/gntv_or_sync_fifo.mem/goreg_bm.dout_i_reg[50]
INFO: [Physopt 32-662] Processed net U0_ps_ai_peripheral/ZGolo/u_AI_Mate_top/U0_ddr2hp_itcn/U0_dmux4/U3_aw_axi_fifo/w616d64_fifo.U0_w616d64_fifo/U0/inst_fifo_gen/gconvfifo.rf/grf.rf/gntv_or_sync_fifo.mem/dout[543].  Did not re-place instance U0_ps_ai_peripheral/ZGolo/u_AI_Mate_top/U0_ddr2hp_itcn/U0_dmux4/U3_aw_axi_fifo/w616d64_fifo.U0_w616d64_fifo/U0/inst_fifo_gen/gconvfifo.rf/grf.rf/gntv_or_sync_fifo.mem/goreg_bm.dout_i_reg[543]
INFO: [Physopt 32-662] Processed net U0_ps_ai_peripheral/ZGolo/u_AI_Mate_top/U0_ddr2hp_itcn/U0_dmux4/U3_aw_axi_fifo/w616d64_fifo.U0_w616d64_fifo/U0/inst_fifo_gen/gconvfifo.rf/grf.rf/gntv_or_sync_fifo.mem/dout[607].  Did not re-place instance U0_ps_ai_peripheral/ZGolo/u_AI_Mate_top/U0_ddr2hp_itcn/U0_dmux4/U3_aw_axi_fifo/w616d64_fifo.U0_w616d64_fifo/U0/inst_fifo_gen/gconvfifo.rf/grf.rf/gntv_or_sync_fifo.mem/goreg_bm.dout_i_reg[607]
INFO: [Physopt 32-662] Processed net U0_ps_ai_peripheral/ZGolo/u_AI_Mate_top/U0_ddr2hp_itcn/U0_dmux4/U3_aw_axi_fifo/w616d64_fifo.U0_w616d64_fifo/U0/inst_fifo_gen/gconvfifo.rf/grf.rf/gntv_or_sync_fifo.mem/dout[67].  Did not re-place instance U0_ps_ai_peripheral/ZGolo/u_AI_Mate_top/U0_ddr2hp_itcn/U0_dmux4/U3_aw_axi_fifo/w616d64_fifo.U0_w616d64_fifo/U0/inst_fifo_gen/gconvfifo.rf/grf.rf/gntv_or_sync_fifo.mem/goreg_bm.dout_i_reg[67]
INFO: [Physopt 32-662] Processed net U0_ps_ai_peripheral/ZGolo/u_AI_Mate_top/ddr_witcn_u0/mna_idfifo_w5_u0/U0/inst_fifo_gen/gconvfifo.rf/grf.rf/gntv_or_sync_fifo.gl0.wr/gwss.gpf.wrpf/diff_pntr_pad[6].  Did not re-place instance U0_ps_ai_peripheral/ZGolo/u_AI_Mate_top/ddr_witcn_u0/mna_idfifo_w5_u0/U0/inst_fifo_gen/gconvfifo.rf/grf.rf/gntv_or_sync_fifo.gl0.wr/gwss.gpf.wrpf/gdiff.gcry_1_sym.diff_pntr_pad_reg[6]
INFO: [Physopt 32-662] Processed net U0_ps_ai_peripheral/frame_to_ps_inst0/frame_read_write_m0/D[2].  Did not re-place instance U0_ps_ai_peripheral/frame_to_ps_inst0/frame_read_write_m0/vout_data_r[2]_i_1
INFO: [Physopt 32-662] Processed net U0_ps_ai_peripheral/frame_to_ps_inst0/frame_read_write_m0/read_buf/U0/inst_fifo_gen/gconvfifo.rf/grf.rf/gntv_or_sync_fifo.mem/gbm.gbmg.gbmga.ngecc.bmg/inst_blk_mem_gen/gnbram.gnativebmg.native_blk_mem_gen/valid.cstr/has_mux_b.B/dout[2].  Did not re-place instance U0_ps_ai_peripheral/frame_to_ps_inst0/frame_read_write_m0/read_buf/U0/inst_fifo_gen/gconvfifo.rf/grf.rf/gntv_or_sync_fifo.mem/gbm.gbmg.gbmga.ngecc.bmg/inst_blk_mem_gen/gnbram.gnativebmg.native_blk_mem_gen/valid.cstr/has_mux_b.B/dout[2]_INST_0
INFO: [Physopt 32-662] Processed net U0_ps_ai_peripheral/frame_to_ps_inst0/video_rect_read_data_m0/Q[2].  Did not re-place instance U0_ps_ai_peripheral/frame_to_ps_inst0/video_rect_read_data_m0/vout_data_r_reg[2]
INFO: [Physopt 32-662] Processed net U0_ps_ai_peripheral/ZGolo/u_AI_Mate_top/ddr_witcn_u0/mna_idfifo_w5_u0/U0/inst_fifo_gen/gconvfifo.rf/grf.rf/gntv_or_sync_fifo.gl0.wr/gwss.gpf.wrpf/diff_pntr_pad[9].  Did not re-place instance U0_ps_ai_peripheral/ZGolo/u_AI_Mate_top/ddr_witcn_u0/mna_idfifo_w5_u0/U0/inst_fifo_gen/gconvfifo.rf/grf.rf/gntv_or_sync_fifo.gl0.wr/gwss.gpf.wrpf/gdiff.gcry_1_sym.diff_pntr_pad_reg[9]
INFO: [Physopt 32-662] Processed net U0_ps_ai_peripheral/frame_to_ps_inst0/frame_read_write_m0/read_buf/U0/inst_fifo_gen/gconvfifo.rf/grf.rf/gntv_or_sync_fifo.mem/gbm.gbmg.gbmga.ngecc.bmg/inst_blk_mem_gen/gnbram.gnativebmg.native_blk_mem_gen/valid.cstr/has_mux_b.B/dout[15]_INST_0_i_5_n_0.  Did not re-place instance U0_ps_ai_peripheral/frame_to_ps_inst0/frame_read_write_m0/read_buf/U0/inst_fifo_gen/gconvfifo.rf/grf.rf/gntv_or_sync_fifo.mem/gbm.gbmg.gbmga.ngecc.bmg/inst_blk_mem_gen/gnbram.gnativebmg.native_blk_mem_gen/valid.cstr/has_mux_b.B/dout[15]_INST_0_i_5
INFO: [Physopt 32-662] Processed net U0_ps_ai_peripheral/ZGolo/u_AI_Mate_top/U0_ddr2hp_itcn/U0_dmux4/U3_aw_axi_fifo/w616d64_fifo.U0_w616d64_fifo/U0/inst_fifo_gen/gconvfifo.rf/grf.rf/gntv_or_sync_fifo.mem/dout[0].  Did not re-place instance U0_ps_ai_peripheral/ZGolo/u_AI_Mate_top/U0_ddr2hp_itcn/U0_dmux4/U3_aw_axi_fifo/w616d64_fifo.U0_w616d64_fifo/U0/inst_fifo_gen/gconvfifo.rf/grf.rf/gntv_or_sync_fifo.mem/goreg_bm.dout_i_reg[0]
INFO: [Physopt 32-662] Processed net U0_ps_ai_peripheral/ZGolo/u_AI_Mate_top/U0_ddr2hp_itcn/U0_dmux4/U3_aw_axi_fifo/w616d64_fifo.U0_w616d64_fifo/U0/inst_fifo_gen/gconvfifo.rf/grf.rf/gntv_or_sync_fifo.mem/dout[232].  Did not re-place instance U0_ps_ai_peripheral/ZGolo/u_AI_Mate_top/U0_ddr2hp_itcn/U0_dmux4/U3_aw_axi_fifo/w616d64_fifo.U0_w616d64_fifo/U0/inst_fifo_gen/gconvfifo.rf/grf.rf/gntv_or_sync_fifo.mem/goreg_bm.dout_i_reg[232]
INFO: [Physopt 32-662] Processed net U0_ps_ai_peripheral/ZGolo/u_AI_Mate_top/U0_ddr2hp_itcn/U0_dmux4/U3_aw_axi_fifo/w616d64_fifo.U0_w616d64_fifo/U0/inst_fifo_gen/gconvfifo.rf/grf.rf/gntv_or_sync_fifo.mem/dout[258].  Did not re-place instance U0_ps_ai_peripheral/ZGolo/u_AI_Mate_top/U0_ddr2hp_itcn/U0_dmux4/U3_aw_axi_fifo/w616d64_fifo.U0_w616d64_fifo/U0/inst_fifo_gen/gconvfifo.rf/grf.rf/gntv_or_sync_fifo.mem/goreg_bm.dout_i_reg[258]
INFO: [Physopt 32-662] Processed net U0_ps_ai_peripheral/ZGolo/u_AI_Mate_top/U0_ddr2hp_itcn/U0_dmux4/U3_aw_axi_fifo/w616d64_fifo.U0_w616d64_fifo/U0/inst_fifo_gen/gconvfifo.rf/grf.rf/gntv_or_sync_fifo.mem/dout[279].  Did not re-place instance U0_ps_ai_peripheral/ZGolo/u_AI_Mate_top/U0_ddr2hp_itcn/U0_dmux4/U3_aw_axi_fifo/w616d64_fifo.U0_w616d64_fifo/U0/inst_fifo_gen/gconvfifo.rf/grf.rf/gntv_or_sync_fifo.mem/goreg_bm.dout_i_reg[279]
INFO: [Physopt 32-662] Processed net U0_ps_ai_peripheral/ZGolo/u_AI_Mate_top/U0_ddr2hp_itcn/U0_dmux4/U3_aw_axi_fifo/w616d64_fifo.U0_w616d64_fifo/U0/inst_fifo_gen/gconvfifo.rf/grf.rf/gntv_or_sync_fifo.mem/dout[310].  Did not re-place instance U0_ps_ai_peripheral/ZGolo/u_AI_Mate_top/U0_ddr2hp_itcn/U0_dmux4/U3_aw_axi_fifo/w616d64_fifo.U0_w616d64_fifo/U0/inst_fifo_gen/gconvfifo.rf/grf.rf/gntv_or_sync_fifo.mem/goreg_bm.dout_i_reg[310]
INFO: [Physopt 32-662] Processed net U0_ps_ai_peripheral/ZGolo/u_AI_Mate_top/U0_ddr2hp_itcn/U0_dmux4/U3_aw_axi_fifo/w616d64_fifo.U0_w616d64_fifo/U0/inst_fifo_gen/gconvfifo.rf/grf.rf/gntv_or_sync_fifo.mem/dout[313].  Did not re-place instance U0_ps_ai_peripheral/ZGolo/u_AI_Mate_top/U0_ddr2hp_itcn/U0_dmux4/U3_aw_axi_fifo/w616d64_fifo.U0_w616d64_fifo/U0/inst_fifo_gen/gconvfifo.rf/grf.rf/gntv_or_sync_fifo.mem/goreg_bm.dout_i_reg[313]
INFO: [Physopt 32-662] Processed net U0_ps_ai_peripheral/ZGolo/u_AI_Mate_top/U0_ddr2hp_itcn/U0_dmux4/U3_aw_axi_fifo/w616d64_fifo.U0_w616d64_fifo/U0/inst_fifo_gen/gconvfifo.rf/grf.rf/gntv_or_sync_fifo.mem/dout[333].  Did not re-place instance U0_ps_ai_peripheral/ZGolo/u_AI_Mate_top/U0_ddr2hp_itcn/U0_dmux4/U3_aw_axi_fifo/w616d64_fifo.U0_w616d64_fifo/U0/inst_fifo_gen/gconvfifo.rf/grf.rf/gntv_or_sync_fifo.mem/goreg_bm.dout_i_reg[333]
INFO: [Physopt 32-662] Processed net U0_ps_ai_peripheral/ZGolo/u_AI_Mate_top/U0_ddr2hp_itcn/U0_dmux4/U3_aw_axi_fifo/w616d64_fifo.U0_w616d64_fifo/U0/inst_fifo_gen/gconvfifo.rf/grf.rf/gntv_or_sync_fifo.mem/dout[347].  Did not re-place instance U0_ps_ai_peripheral/ZGolo/u_AI_Mate_top/U0_ddr2hp_itcn/U0_dmux4/U3_aw_axi_fifo/w616d64_fifo.U0_w616d64_fifo/U0/inst_fifo_gen/gconvfifo.rf/grf.rf/gntv_or_sync_fifo.mem/goreg_bm.dout_i_reg[347]
INFO: [Physopt 32-662] Processed net U0_ps_ai_peripheral/ZGolo/u_AI_Mate_top/U0_ddr2hp_itcn/U0_dmux4/U3_aw_axi_fifo/w616d64_fifo.U0_w616d64_fifo/U0/inst_fifo_gen/gconvfifo.rf/grf.rf/gntv_or_sync_fifo.mem/dout[352].  Did not re-place instance U0_ps_ai_peripheral/ZGolo/u_AI_Mate_top/U0_ddr2hp_itcn/U0_dmux4/U3_aw_axi_fifo/w616d64_fifo.U0_w616d64_fifo/U0/inst_fifo_gen/gconvfifo.rf/grf.rf/gntv_or_sync_fifo.mem/goreg_bm.dout_i_reg[352]
INFO: [Physopt 32-662] Processed net U0_ps_ai_peripheral/ZGolo/u_AI_Mate_top/U0_ddr2hp_itcn/U0_dmux4/U3_aw_axi_fifo/w616d64_fifo.U0_w616d64_fifo/U0/inst_fifo_gen/gconvfifo.rf/grf.rf/gntv_or_sync_fifo.mem/dout[376].  Did not re-place instance U0_ps_ai_peripheral/ZGolo/u_AI_Mate_top/U0_ddr2hp_itcn/U0_dmux4/U3_aw_axi_fifo/w616d64_fifo.U0_w616d64_fifo/U0/inst_fifo_gen/gconvfifo.rf/grf.rf/gntv_or_sync_fifo.mem/goreg_bm.dout_i_reg[376]
INFO: [Physopt 32-662] Processed net U0_ps_ai_peripheral/ZGolo/u_AI_Mate_top/U0_ddr2hp_itcn/U0_dmux4/U3_aw_axi_fifo/w616d64_fifo.U0_w616d64_fifo/U0/inst_fifo_gen/gconvfifo.rf/grf.rf/gntv_or_sync_fifo.mem/dout[466].  Did not re-place instance U0_ps_ai_peripheral/ZGolo/u_AI_Mate_top/U0_ddr2hp_itcn/U0_dmux4/U3_aw_axi_fifo/w616d64_fifo.U0_w616d64_fifo/U0/inst_fifo_gen/gconvfifo.rf/grf.rf/gntv_or_sync_fifo.mem/goreg_bm.dout_i_reg[466]
INFO: [Physopt 32-662] Processed net U0_ps_ai_peripheral/ZGolo/u_AI_Mate_top/U0_ddr2hp_itcn/U0_dmux4/U3_aw_axi_fifo/w616d64_fifo.U0_w616d64_fifo/U0/inst_fifo_gen/gconvfifo.rf/grf.rf/gntv_or_sync_fifo.mem/dout[486].  Did not re-place instance U0_ps_ai_peripheral/ZGolo/u_AI_Mate_top/U0_ddr2hp_itcn/U0_dmux4/U3_aw_axi_fifo/w616d64_fifo.U0_w616d64_fifo/U0/inst_fifo_gen/gconvfifo.rf/grf.rf/gntv_or_sync_fifo.mem/goreg_bm.dout_i_reg[486]
INFO: [Physopt 32-662] Processed net U0_ps_ai_peripheral/ZGolo/u_AI_Mate_top/U0_ddr2hp_itcn/U0_dmux4/U3_aw_axi_fifo/w616d64_fifo.U0_w616d64_fifo/U0/inst_fifo_gen/gconvfifo.rf/grf.rf/gntv_or_sync_fifo.mem/dout[502].  Did not re-place instance U0_ps_ai_peripheral/ZGolo/u_AI_Mate_top/U0_ddr2hp_itcn/U0_dmux4/U3_aw_axi_fifo/w616d64_fifo.U0_w616d64_fifo/U0/inst_fifo_gen/gconvfifo.rf/grf.rf/gntv_or_sync_fifo.mem/goreg_bm.dout_i_reg[502]
INFO: [Physopt 32-662] Processed net U0_ps_ai_peripheral/ZGolo/u_AI_Mate_top/U0_ddr2hp_itcn/U0_dmux4/U3_aw_axi_fifo/w616d64_fifo.U0_w616d64_fifo/U0/inst_fifo_gen/gconvfifo.rf/grf.rf/gntv_or_sync_fifo.mem/dout[518].  Did not re-place instance U0_ps_ai_peripheral/ZGolo/u_AI_Mate_top/U0_ddr2hp_itcn/U0_dmux4/U3_aw_axi_fifo/w616d64_fifo.U0_w616d64_fifo/U0/inst_fifo_gen/gconvfifo.rf/grf.rf/gntv_or_sync_fifo.mem/goreg_bm.dout_i_reg[518]
INFO: [Physopt 32-662] Processed net U0_ps_ai_peripheral/ZGolo/u_AI_Mate_top/U0_ddr2hp_itcn/U0_dmux4/U3_aw_axi_fifo/w616d64_fifo.U0_w616d64_fifo/U0/inst_fifo_gen/gconvfifo.rf/grf.rf/gntv_or_sync_fifo.mem/dout[562].  Did not re-place instance U0_ps_ai_peripheral/ZGolo/u_AI_Mate_top/U0_ddr2hp_itcn/U0_dmux4/U3_aw_axi_fifo/w616d64_fifo.U0_w616d64_fifo/U0/inst_fifo_gen/gconvfifo.rf/grf.rf/gntv_or_sync_fifo.mem/goreg_bm.dout_i_reg[562]
INFO: [Physopt 32-662] Processed net U0_ps_ai_peripheral/ZGolo/u_AI_Mate_top/U0_ddr2hp_itcn/U0_dmux4/U3_aw_axi_fifo/w616d64_fifo.U0_w616d64_fifo/U0/inst_fifo_gen/gconvfifo.rf/grf.rf/gntv_or_sync_fifo.mem/dout[594].  Did not re-place instance U0_ps_ai_peripheral/ZGolo/u_AI_Mate_top/U0_ddr2hp_itcn/U0_dmux4/U3_aw_axi_fifo/w616d64_fifo.U0_w616d64_fifo/U0/inst_fifo_gen/gconvfifo.rf/grf.rf/gntv_or_sync_fifo.mem/goreg_bm.dout_i_reg[594]
INFO: [Physopt 32-662] Processed net U0_ps_ai_peripheral/frame_to_ps_inst0/frame_read_write_m0/D[14].  Did not re-place instance U0_ps_ai_peripheral/frame_to_ps_inst0/frame_read_write_m0/vout_data_r[14]_i_1
INFO: [Physopt 32-662] Processed net U0_ps_ai_peripheral/frame_to_ps_inst0/frame_read_write_m0/read_buf/U0/inst_fifo_gen/gconvfifo.rf/grf.rf/gntv_or_sync_fifo.mem/gbm.gbmg.gbmga.ngecc.bmg/inst_blk_mem_gen/gnbram.gnativebmg.native_blk_mem_gen/valid.cstr/has_mux_b.B/dout[14].  Did not re-place instance U0_ps_ai_peripheral/frame_to_ps_inst0/frame_read_write_m0/read_buf/U0/inst_fifo_gen/gconvfifo.rf/grf.rf/gntv_or_sync_fifo.mem/gbm.gbmg.gbmga.ngecc.bmg/inst_blk_mem_gen/gnbram.gnativebmg.native_blk_mem_gen/valid.cstr/has_mux_b.B/dout[14]_INST_0
INFO: [Physopt 32-662] Processed net U0_ps_ai_peripheral/frame_to_ps_inst0/frame_read_write_m0/read_buf/U0/inst_fifo_gen/gconvfifo.rf/grf.rf/gntv_or_sync_fifo.mem/gbm.gbmg.gbmga.ngecc.bmg/inst_blk_mem_gen/gnbram.gnativebmg.native_blk_mem_gen/valid.cstr/has_mux_b.B/dout[14]_INST_0_i_8_n_0.  Did not re-place instance U0_ps_ai_peripheral/frame_to_ps_inst0/frame_read_write_m0/read_buf/U0/inst_fifo_gen/gconvfifo.rf/grf.rf/gntv_or_sync_fifo.mem/gbm.gbmg.gbmga.ngecc.bmg/inst_blk_mem_gen/gnbram.gnativebmg.native_blk_mem_gen/valid.cstr/has_mux_b.B/dout[14]_INST_0_i_8
INFO: [Physopt 32-662] Processed net U0_ps_ai_peripheral/frame_to_ps_inst0/video_rect_read_data_m0/Q[14].  Did not re-place instance U0_ps_ai_peripheral/frame_to_ps_inst0/video_rect_read_data_m0/vout_data_r_reg[14]
INFO: [Physopt 32-662] Processed net U0_ps_ai_peripheral/ZGolo/s_data[616]_i_1_n_0.  Did not re-place instance U0_ps_ai_peripheral/ZGolo/s_data[616]_i_1
INFO: [Physopt 32-662] Processed net U0_ps_ai_peripheral/ZGolo/u_AI_Mate_top/ddr_witcn_u0/m_ddr_itf_awwvalid.  Did not re-place instance U0_ps_ai_peripheral/ZGolo/s_valid_i_2__7
INFO: [Physopt 32-662] Processed net U0_ps_ai_peripheral/ZGolo/u_AI_Mate_top/ddr_witcn_u0/avr_rs_u0/u_avr_frs/s_data_reg_n_0_[106].  Did not re-place instance U0_ps_ai_peripheral/ZGolo/u_AI_Mate_top/ddr_witcn_u0/avr_rs_u0/u_avr_frs/s_data_reg[106]
INFO: [Physopt 32-662] Processed net U0_ps_ai_peripheral/ZGolo/u_AI_Mate_top/ddr_witcn_u0/avr_rs_u0/u_avr_frs/s_data_reg_n_0_[108].  Did not re-place instance U0_ps_ai_peripheral/ZGolo/u_AI_Mate_top/ddr_witcn_u0/avr_rs_u0/u_avr_frs/s_data_reg[108]
INFO: [Physopt 32-662] Processed net U0_ps_ai_peripheral/ZGolo/u_AI_Mate_top/ddr_witcn_u0/avr_rs_u0/u_avr_frs/s_data_reg_n_0_[38].  Did not re-place instance U0_ps_ai_peripheral/ZGolo/u_AI_Mate_top/ddr_witcn_u0/avr_rs_u0/u_avr_frs/s_data_reg[38]
INFO: [Physopt 32-662] Processed net U0_ps_ai_peripheral/ZGolo/u_AI_Mate_top/ddr_witcn_u0/avr_rs_u0/u_avr_frs/s_data_reg_n_0_[50].  Did not re-place instance U0_ps_ai_peripheral/ZGolo/u_AI_Mate_top/ddr_witcn_u0/avr_rs_u0/u_avr_frs/s_data_reg[50]
INFO: [Physopt 32-662] Processed net U_adder_top/U_flicker/dma/no[7].  Did not re-place instance U_adder_top/U_flicker/dma/no_reg[7]
INFO: [Physopt 32-662] Processed net U_adder_top/U_flicker/dma/awvalid1_carry_i_5_n_0.  Did not re-place instance U_adder_top/U_flicker/dma/awvalid1_carry_i_5
INFO: [Physopt 32-662] Processed net U0_ps_ai_peripheral/ZGolo/u_AI_Mate_top/ddr_witcn_u0/mna_idfifo_w5_u0/U0/inst_fifo_gen/gconvfifo.rf/grf.rf/gntv_or_sync_fifo.gl0.wr/gwss.gpf.wrpf/diff_pntr_pad[8].  Did not re-place instance U0_ps_ai_peripheral/ZGolo/u_AI_Mate_top/ddr_witcn_u0/mna_idfifo_w5_u0/U0/inst_fifo_gen/gconvfifo.rf/grf.rf/gntv_or_sync_fifo.gl0.wr/gwss.gpf.wrpf/gdiff.gcry_1_sym.diff_pntr_pad_reg[8]
INFO: [Physopt 32-662] Processed net U0_ps_ai_peripheral/frame_to_ps_inst0/frame_read_write_m0/D[13].  Did not re-place instance U0_ps_ai_peripheral/frame_to_ps_inst0/frame_read_write_m0/vout_data_r[13]_i_1
INFO: [Physopt 32-662] Processed net U0_ps_ai_peripheral/frame_to_ps_inst0/frame_read_write_m0/read_buf/U0/inst_fifo_gen/gconvfifo.rf/grf.rf/gntv_or_sync_fifo.mem/gbm.gbmg.gbmga.ngecc.bmg/inst_blk_mem_gen/gnbram.gnativebmg.native_blk_mem_gen/valid.cstr/has_mux_b.B/dout[13].  Did not re-place instance U0_ps_ai_peripheral/frame_to_ps_inst0/frame_read_write_m0/read_buf/U0/inst_fifo_gen/gconvfifo.rf/grf.rf/gntv_or_sync_fifo.mem/gbm.gbmg.gbmga.ngecc.bmg/inst_blk_mem_gen/gnbram.gnativebmg.native_blk_mem_gen/valid.cstr/has_mux_b.B/dout[13]_INST_0
INFO: [Physopt 32-662] Processed net U0_ps_ai_peripheral/frame_to_ps_inst0/frame_read_write_m0/read_buf/U0/inst_fifo_gen/gconvfifo.rf/grf.rf/gntv_or_sync_fifo.mem/gbm.gbmg.gbmga.ngecc.bmg/inst_blk_mem_gen/gnbram.gnativebmg.native_blk_mem_gen/valid.cstr/has_mux_b.B/dout[13]_INST_0_i_8_n_0.  Did not re-place instance U0_ps_ai_peripheral/frame_to_ps_inst0/frame_read_write_m0/read_buf/U0/inst_fifo_gen/gconvfifo.rf/grf.rf/gntv_or_sync_fifo.mem/gbm.gbmg.gbmga.ngecc.bmg/inst_blk_mem_gen/gnbram.gnativebmg.native_blk_mem_gen/valid.cstr/has_mux_b.B/dout[13]_INST_0_i_8
INFO: [Physopt 32-662] Processed net U0_ps_ai_peripheral/frame_to_ps_inst0/video_rect_read_data_m0/Q[13].  Did not re-place instance U0_ps_ai_peripheral/frame_to_ps_inst0/video_rect_read_data_m0/vout_data_r_reg[13]
INFO: [Physopt 32-662] Processed net U0_ps_ai_peripheral/frame_to_ps_inst0/frame_read_write_m0/D[9].  Did not re-place instance U0_ps_ai_peripheral/frame_to_ps_inst0/frame_read_write_m0/vout_data_r[9]_i_1
INFO: [Physopt 32-662] Processed net U0_ps_ai_peripheral/frame_to_ps_inst0/frame_read_write_m0/read_buf/U0/inst_fifo_gen/gconvfifo.rf/grf.rf/gntv_or_sync_fifo.mem/gbm.gbmg.gbmga.ngecc.bmg/inst_blk_mem_gen/gnbram.gnativebmg.native_blk_mem_gen/valid.cstr/has_mux_b.B/dout[9].  Did not re-place instance U0_ps_ai_peripheral/frame_to_ps_inst0/frame_read_write_m0/read_buf/U0/inst_fifo_gen/gconvfifo.rf/grf.rf/gntv_or_sync_fifo.mem/gbm.gbmg.gbmga.ngecc.bmg/inst_blk_mem_gen/gnbram.gnativebmg.native_blk_mem_gen/valid.cstr/has_mux_b.B/dout[9]_INST_0
INFO: [Physopt 32-662] Processed net U0_ps_ai_peripheral/frame_to_ps_inst0/frame_read_write_m0/read_buf/U0/inst_fifo_gen/gconvfifo.rf/grf.rf/gntv_or_sync_fifo.mem/gbm.gbmg.gbmga.ngecc.bmg/inst_blk_mem_gen/gnbram.gnativebmg.native_blk_mem_gen/valid.cstr/has_mux_b.B/dout[9]_INST_0_i_8_n_0.  Did not re-place instance U0_ps_ai_peripheral/frame_to_ps_inst0/frame_read_write_m0/read_buf/U0/inst_fifo_gen/gconvfifo.rf/grf.rf/gntv_or_sync_fifo.mem/gbm.gbmg.gbmga.ngecc.bmg/inst_blk_mem_gen/gnbram.gnativebmg.native_blk_mem_gen/valid.cstr/has_mux_b.B/dout[9]_INST_0_i_8
INFO: [Physopt 32-662] Processed net U_adder_top/U_flicker/render/render_lane_2u_U0/flicker_render_piudo_U270/flicker_render_pipeline_ap_hmul_4_max_dsp_16_u/U0/i_synth/MULT.OP/EXP/STATE_UP_DELAY/i_pipe/RESULT_REG.NORMAL.exp_op_reg[0].  Did not re-place instance U_adder_top/U_flicker/render/render_lane_2u_U0/flicker_render_piudo_U270/flicker_render_pipeline_ap_hmul_4_max_dsp_16_u/U0/i_synth/MULT.OP/EXP/STATE_UP_DELAY/i_pipe/RESULT_REG.NORMAL.exp_op[0]_i_1
INFO: [Physopt 32-662] Processed net U0_ps_ai_peripheral/frame_to_ps_inst0/video_rect_read_data_m0/Q[9].  Did not re-place instance U0_ps_ai_peripheral/frame_to_ps_inst0/video_rect_read_data_m0/vout_data_r_reg[9]
INFO: [Physopt 32-662] Processed net U_adder_top/U_flicker/render/render_lane_2u_U0/flicker_render_piudo_U270/flicker_render_pipeline_ap_hmul_4_max_dsp_16_u/U0/i_synth/MULT.OP/OP/m_axis_result_tdata[10].  Did not re-place instance U_adder_top/U_flicker/render/render_lane_2u_U0/flicker_render_piudo_U270/flicker_render_pipeline_ap_hmul_4_max_dsp_16_u/U0/i_synth/MULT.OP/OP/RESULT_REG.NORMAL.exp_op_reg[0]
INFO: [Physopt 32-662] Processed net U0_ps_ai_peripheral/frame_to_ps_inst0/frame_read_write_m0/read_buf/U0/inst_fifo_gen/gconvfifo.rf/grf.rf/gntv_or_sync_fifo.mem/gbm.gbmg.gbmga.ngecc.bmg/inst_blk_mem_gen/gnbram.gnativebmg.native_blk_mem_gen/valid.cstr/has_mux_b.B/dout[10]_INST_0_i_5_n_0.  Did not re-place instance U0_ps_ai_peripheral/frame_to_ps_inst0/frame_read_write_m0/read_buf/U0/inst_fifo_gen/gconvfifo.rf/grf.rf/gntv_or_sync_fifo.mem/gbm.gbmg.gbmga.ngecc.bmg/inst_blk_mem_gen/gnbram.gnativebmg.native_blk_mem_gen/valid.cstr/has_mux_b.B/dout[10]_INST_0_i_5
INFO: [Physopt 32-662] Processed net U_adder_top/U_flicker/dma/writes[11].  Did not re-place instance U_adder_top/U_flicker/dma/write_count_reg[11]
INFO: [Physopt 32-662] Processed net U_adder_top/U_flicker/dma/awvalid1_carry__0_i_3_n_0.  Did not re-place instance U_adder_top/U_flicker/dma/awvalid1_carry__0_i_3
INFO: [Physopt 32-662] Processed net U0_ps_ai_peripheral/frame_to_ps_inst0/frame_read_write_m0/D[12].  Did not re-place instance U0_ps_ai_peripheral/frame_to_ps_inst0/frame_read_write_m0/vout_data_r[12]_i_1
INFO: [Physopt 32-662] Processed net U0_ps_ai_peripheral/frame_to_ps_inst0/frame_read_write_m0/read_buf/U0/inst_fifo_gen/gconvfifo.rf/grf.rf/gntv_or_sync_fifo.mem/gbm.gbmg.gbmga.ngecc.bmg/inst_blk_mem_gen/gnbram.gnativebmg.native_blk_mem_gen/valid.cstr/has_mux_b.B/dout[12].  Did not re-place instance U0_ps_ai_peripheral/frame_to_ps_inst0/frame_read_write_m0/read_buf/U0/inst_fifo_gen/gconvfifo.rf/grf.rf/gntv_or_sync_fifo.mem/gbm.gbmg.gbmga.ngecc.bmg/inst_blk_mem_gen/gnbram.gnativebmg.native_blk_mem_gen/valid.cstr/has_mux_b.B/dout[12]_INST_0
INFO: [Physopt 32-662] Processed net U0_ps_ai_peripheral/frame_to_ps_inst0/frame_read_write_m0/read_buf/U0/inst_fifo_gen/gconvfifo.rf/grf.rf/gntv_or_sync_fifo.mem/gbm.gbmg.gbmga.ngecc.bmg/inst_blk_mem_gen/gnbram.gnativebmg.native_blk_mem_gen/valid.cstr/has_mux_b.B/dout[12]_INST_0_i_8_n_0.  Did not re-place instance U0_ps_ai_peripheral/frame_to_ps_inst0/frame_read_write_m0/read_buf/U0/inst_fifo_gen/gconvfifo.rf/grf.rf/gntv_or_sync_fifo.mem/gbm.gbmg.gbmga.ngecc.bmg/inst_blk_mem_gen/gnbram.gnativebmg.native_blk_mem_gen/valid.cstr/has_mux_b.B/dout[12]_INST_0_i_8
INFO: [Physopt 32-662] Processed net U0_ps_ai_peripheral/frame_to_ps_inst0/video_rect_read_data_m0/Q[12].  Did not re-place instance U0_ps_ai_peripheral/frame_to_ps_inst0/video_rect_read_data_m0/vout_data_r_reg[12]
INFO: [Physopt 32-662] Processed net U_adder_top/U_flicker/dma/writes[3].  Did not re-place instance U_adder_top/U_flicker/dma/write_count_reg[3]
INFO: [Physopt 32-662] Processed net U_adder_top/U_flicker/dma/awvalid1_carry_i_7_n_0.  Did not re-place instance U_adder_top/U_flicker/dma/awvalid1_carry_i_7
INFO: [Physopt 32-662] Processed net U0_ps_ai_peripheral/frame_to_ps_inst0/frame_read_write_m0/read_buf/U0/inst_fifo_gen/gconvfifo.rf/grf.rf/gntv_or_sync_fifo.mem/gbm.gbmg.gbmga.ngecc.bmg/inst_blk_mem_gen/gnbram.gnativebmg.native_blk_mem_gen/valid.cstr/has_mux_b.B/dout[8]_INST_0_i_7_n_0.  Did not re-place instance U0_ps_ai_peripheral/frame_to_ps_inst0/frame_read_write_m0/read_buf/U0/inst_fifo_gen/gconvfifo.rf/grf.rf/gntv_or_sync_fifo.mem/gbm.gbmg.gbmga.ngecc.bmg/inst_blk_mem_gen/gnbram.gnativebmg.native_blk_mem_gen/valid.cstr/has_mux_b.B/dout[8]_INST_0_i_7
INFO: [Physopt 32-662] Processed net U0_ps_ai_peripheral/frame_to_ps_inst0/frame_read_write_m0/read_buf/U0/inst_fifo_gen/gconvfifo.rf/grf.rf/gntv_or_sync_fifo.mem/gbm.gbmg.gbmga.ngecc.bmg/inst_blk_mem_gen/gnbram.gnativebmg.native_blk_mem_gen/valid.cstr/has_mux_b.B/dout[14]_INST_0_i_7_n_0.  Did not re-place instance U0_ps_ai_peripheral/frame_to_ps_inst0/frame_read_write_m0/read_buf/U0/inst_fifo_gen/gconvfifo.rf/grf.rf/gntv_or_sync_fifo.mem/gbm.gbmg.gbmga.ngecc.bmg/inst_blk_mem_gen/gnbram.gnativebmg.native_blk_mem_gen/valid.cstr/has_mux_b.B/dout[14]_INST_0_i_7
INFO: [Physopt 32-662] Processed net U0_ps_ai_peripheral/frame_to_ps_inst0/frame_read_write_m0/read_buf/U0/inst_fifo_gen/gconvfifo.rf/grf.rf/gntv_or_sync_fifo.mem/gbm.gbmg.gbmga.ngecc.bmg/inst_blk_mem_gen/gnbram.gnativebmg.native_blk_mem_gen/valid.cstr/has_mux_b.B/dout[10]_INST_0_i_6_n_0.  Did not re-place instance U0_ps_ai_peripheral/frame_to_ps_inst0/frame_read_write_m0/read_buf/U0/inst_fifo_gen/gconvfifo.rf/grf.rf/gntv_or_sync_fifo.mem/gbm.gbmg.gbmga.ngecc.bmg/inst_blk_mem_gen/gnbram.gnativebmg.native_blk_mem_gen/valid.cstr/has_mux_b.B/dout[10]_INST_0_i_6
INFO: [Physopt 32-663] Processed net U_adder_top/U_flicker/render/framed_ctu_U0/prepare_frames_U0/grp_log_generic_fu_142/ap_phi_reg_pp0_iter19_r_exp_lcssa_reg_334[3]_i_20_n_0.  Re-placed instance U_adder_top/U_flicker/render/framed_ctu_U0/prepare_frames_U0/grp_log_generic_fu_142/ap_phi_reg_pp0_iter19_r_exp_lcssa_reg_334[3]_i_20
INFO: [Physopt 32-663] Processed net U_adder_top/U_flicker/render/framed_ctu_U0/prepare_frames_U0/grp_log_generic_fu_142/ap_phi_reg_pp0_iter19_r_exp_lcssa_reg_334[4]_i_4_n_0.  Re-placed instance U_adder_top/U_flicker/render/framed_ctu_U0/prepare_frames_U0/grp_log_generic_fu_142/ap_phi_reg_pp0_iter19_r_exp_lcssa_reg_334[4]_i_4
INFO: [Physopt 32-663] Processed net U_adder_top/U_flicker/render/framed_ctu_U0/prepare_frames_U0/grp_log_generic_fu_142/ap_phi_reg_pp0_iter19_r_exp_lcssa_reg_334[4]_i_13_n_0.  Re-placed instance U_adder_top/U_flicker/render/framed_ctu_U0/prepare_frames_U0/grp_log_generic_fu_142/ap_phi_reg_pp0_iter19_r_exp_lcssa_reg_334[4]_i_13
INFO: [Physopt 32-663] Processed net U_adder_top/U_flicker/render/framed_ctu_U0/prepare_frames_U0/grp_log_generic_fu_142/tmp_187_fu_1145_p3.  Re-placed instance U_adder_top/U_flicker/render/framed_ctu_U0/prepare_frames_U0/grp_log_generic_fu_142/log_base_V_4_reg_1763[21]_i_1
INFO: [Physopt 32-662] Processed net U_adder_top/U_flicker/render/framed_ctu_U0/prepare_frames_U0/grp_log_generic_fu_142/ap_phi_reg_pp0_iter19_r_exp_lcssa_reg_334[3]_i_7_n_0.  Did not re-place instance U_adder_top/U_flicker/render/framed_ctu_U0/prepare_frames_U0/grp_log_generic_fu_142/ap_phi_reg_pp0_iter19_r_exp_lcssa_reg_334[3]_i_7
INFO: [Physopt 32-662] Processed net U_adder_top/U_flicker/render/framed_ctu_U0/prepare_frames_U0/grp_log_generic_fu_142/log_base_V_reg_1758[21].  Did not re-place instance U_adder_top/U_flicker/render/framed_ctu_U0/prepare_frames_U0/grp_log_generic_fu_142/log_base_V_reg_1758_reg[21]
INFO: [Physopt 32-663] Processed net U_adder_top/U_flicker/render/framed_ctu_U0/prepare_frames_U0/grp_log_generic_fu_142/ap_phi_reg_pp0_iter19_r_exp_lcssa_reg_334[4]_i_1_n_0.  Re-placed instance U_adder_top/U_flicker/render/framed_ctu_U0/prepare_frames_U0/grp_log_generic_fu_142/ap_phi_reg_pp0_iter19_r_exp_lcssa_reg_334[4]_i_1
INFO: [Physopt 32-663] Processed net U_adder_top/U_flicker/render/framed_ctu_U0/prepare_frames_U0/grp_log_generic_fu_142/ap_phi_reg_pp0_iter19_r_exp_lcssa_reg_334[4]_i_8_n_0.  Re-placed instance U_adder_top/U_flicker/render/framed_ctu_U0/prepare_frames_U0/grp_log_generic_fu_142/ap_phi_reg_pp0_iter19_r_exp_lcssa_reg_334[4]_i_8
INFO: [Physopt 32-662] Processed net U_adder_top/U_flicker/render/framed_ctu_U0/prepare_frames_U0/grp_log_generic_fu_142/ap_phi_reg_pp0_iter19_r_exp_lcssa_reg_334[4].  Did not re-place instance U_adder_top/U_flicker/render/framed_ctu_U0/prepare_frames_U0/grp_log_generic_fu_142/ap_phi_reg_pp0_iter19_r_exp_lcssa_reg_334_reg[4]
INFO: [Physopt 32-662] Processed net U_adder_top/U_flicker/dma/awvalid1_carry_i_1_n_0.  Did not re-place instance U_adder_top/U_flicker/dma/awvalid1_carry_i_1
INFO: [Physopt 32-662] Processed net U0_ps_ai_peripheral/ZGolo/u_AI_Mate_top/U0_ddr2hp_itcn/U0_dmux4/U3_aw_axi_fifo/w616d64_fifo.U0_w616d64_fifo/U0/inst_fifo_gen/gconvfifo.rf/grf.rf/gntv_or_sync_fifo.gl0.rd/gr1.gr1_int.rfwft/tmp_ram_rd_en.  Did not re-place instance U0_ps_ai_peripheral/ZGolo/u_AI_Mate_top/U0_ddr2hp_itcn/U0_dmux4/U3_aw_axi_fifo/w616d64_fifo.U0_w616d64_fifo/U0/inst_fifo_gen/gconvfifo.rf/grf.rf/gntv_or_sync_fifo.gl0.rd/gr1.gr1_int.rfwft/DEVICE_7SERIES.NO_BMM_INFO.SDP.WIDE_PRIM36_NO_ECC.ram_i_1
INFO: [Physopt 32-662] Processed net U0_ps_ai_peripheral/frame_to_ps_inst0/frame_read_write_m0/D[11].  Did not re-place instance U0_ps_ai_peripheral/frame_to_ps_inst0/frame_read_write_m0/vout_data_r[11]_i_1
INFO: [Physopt 32-662] Processed net U0_ps_ai_peripheral/frame_to_ps_inst0/frame_read_write_m0/read_buf/U0/inst_fifo_gen/gconvfifo.rf/grf.rf/gntv_or_sync_fifo.mem/gbm.gbmg.gbmga.ngecc.bmg/inst_blk_mem_gen/gnbram.gnativebmg.native_blk_mem_gen/valid.cstr/has_mux_b.B/dout[11].  Did not re-place instance U0_ps_ai_peripheral/frame_to_ps_inst0/frame_read_write_m0/read_buf/U0/inst_fifo_gen/gconvfifo.rf/grf.rf/gntv_or_sync_fifo.mem/gbm.gbmg.gbmga.ngecc.bmg/inst_blk_mem_gen/gnbram.gnativebmg.native_blk_mem_gen/valid.cstr/has_mux_b.B/dout[11]_INST_0
INFO: [Physopt 32-662] Processed net U0_ps_ai_peripheral/frame_to_ps_inst0/frame_read_write_m0/read_buf/U0/inst_fifo_gen/gconvfifo.rf/grf.rf/gntv_or_sync_fifo.mem/gbm.gbmg.gbmga.ngecc.bmg/inst_blk_mem_gen/gnbram.gnativebmg.native_blk_mem_gen/valid.cstr/has_mux_b.B/dout[11]_INST_0_i_8_n_0.  Did not re-place instance U0_ps_ai_peripheral/frame_to_ps_inst0/frame_read_write_m0/read_buf/U0/inst_fifo_gen/gconvfifo.rf/grf.rf/gntv_or_sync_fifo.mem/gbm.gbmg.gbmga.ngecc.bmg/inst_blk_mem_gen/gnbram.gnativebmg.native_blk_mem_gen/valid.cstr/has_mux_b.B/dout[11]_INST_0_i_8
INFO: [Physopt 32-662] Processed net U0_ps_ai_peripheral/frame_to_ps_inst0/video_rect_read_data_m0/Q[11].  Did not re-place instance U0_ps_ai_peripheral/frame_to_ps_inst0/video_rect_read_data_m0/vout_data_r_reg[11]
INFO: [Physopt 32-662] Processed net U0_ps_ai_peripheral/ZGolo/u_AI_Mate_top/U0_ddr2hp_itcn/U0_dmux4/U3_aw_axi_fifo/w616d64_fifo.U0_w616d64_fifo/U0/inst_fifo_gen/gconvfifo.rf/grf.rf/gntv_or_sync_fifo.mem/dout[568].  Did not re-place instance U0_ps_ai_peripheral/ZGolo/u_AI_Mate_top/U0_ddr2hp_itcn/U0_dmux4/U3_aw_axi_fifo/w616d64_fifo.U0_w616d64_fifo/U0/inst_fifo_gen/gconvfifo.rf/grf.rf/gntv_or_sync_fifo.mem/goreg_bm.dout_i_reg[568]
INFO: [Physopt 32-662] Processed net U0_ps_ai_peripheral/ZGolo/u_AI_Mate_top/U0_ddr2hp_itcn/U0_dmux4/U3_aw_axi_fifo/w616d64_fifo.U0_w616d64_fifo/U0/inst_fifo_gen/gconvfifo.rf/grf.rf/gntv_or_sync_fifo.mem/dout[56].  Did not re-place instance U0_ps_ai_peripheral/ZGolo/u_AI_Mate_top/U0_ddr2hp_itcn/U0_dmux4/U3_aw_axi_fifo/w616d64_fifo.U0_w616d64_fifo/U0/inst_fifo_gen/gconvfifo.rf/grf.rf/gntv_or_sync_fifo.mem/goreg_bm.dout_i_reg[56]
INFO: [Physopt 32-662] Processed net U0_ps_ai_peripheral/ZGolo/u_AI_Mate_top/U0_ddr2hp_itcn/U0_dmux4/U3_aw_axi_fifo/w616d64_fifo.U0_w616d64_fifo/U0/inst_fifo_gen/gconvfifo.rf/grf.rf/gntv_or_sync_fifo.mem/dout[611].  Did not re-place instance U0_ps_ai_peripheral/ZGolo/u_AI_Mate_top/U0_ddr2hp_itcn/U0_dmux4/U3_aw_axi_fifo/w616d64_fifo.U0_w616d64_fifo/U0/inst_fifo_gen/gconvfifo.rf/grf.rf/gntv_or_sync_fifo.mem/goreg_bm.dout_i_reg[611]
INFO: [Physopt 32-662] Processed net U0_ps_ai_peripheral/ZGolo/u_AI_Mate_top/U0_ddr2hp_itcn/U0_dmux4/U3_aw_axi_fifo/w616d64_fifo.U0_w616d64_fifo/U0/inst_fifo_gen/gconvfifo.rf/grf.rf/gntv_or_sync_fifo.mem/dout[62].  Did not re-place instance U0_ps_ai_peripheral/ZGolo/u_AI_Mate_top/U0_ddr2hp_itcn/U0_dmux4/U3_aw_axi_fifo/w616d64_fifo.U0_w616d64_fifo/U0/inst_fifo_gen/gconvfifo.rf/grf.rf/gntv_or_sync_fifo.mem/goreg_bm.dout_i_reg[62]
INFO: [Physopt 32-662] Processed net U0_ps_ai_peripheral/mig_ddr3_u0/u_mig_7series_0_mig/u_memc_ui_top_std/mem_intfc0/ddr_phy_top0/u_ddr_mc_phy_wrapper/u_ddr_mc_phy/ddr_phy_4lanes_1.u_ddr_phy_4lanes/SR[0].  Did not re-place instance U0_ps_ai_peripheral/mig_ddr3_u0/u_mig_7series_0_mig/u_memc_ui_top_std/mem_intfc0/ddr_phy_top0/u_ddr_mc_phy_wrapper/u_ddr_mc_phy/ddr_phy_4lanes_1.u_ddr_phy_4lanes/A_rst_primitives_reg
INFO: [Physopt 32-663] Processed net U0_ps_ai_peripheral/mig_ddr3_u0/u_mig_7series_0_mig/u_memc_ui_top_std/mem_intfc0/ddr_phy_top0/u_ddr_mc_phy_wrapper/u_ddr_mc_phy/ddr_phy_4lanes_0.u_ddr_phy_4lanes/ddr_byte_lane_C.ddr_byte_lane_C/in0.  Re-placed instance U0_ps_ai_peripheral/mig_ddr3_u0/u_mig_7series_0_mig/u_memc_ui_top_std/mem_intfc0/ddr_phy_top0/u_ddr_mc_phy_wrapper/u_ddr_mc_phy/ddr_phy_4lanes_0.u_ddr_phy_4lanes/ddr_byte_lane_C.ddr_byte_lane_C/pi_phase_locked_all_inferred_i_1
INFO: [Physopt 32-663] Processed net U0_ps_ai_peripheral/mig_ddr3_u0/u_mig_7series_0_mig/u_memc_ui_top_std/mem_intfc0/ddr_phy_top0/u_ddr_mc_phy_wrapper/u_ddr_mc_phy/ddr_phy_4lanes_2.u_ddr_phy_4lanes/ddr_byte_lane_C.ddr_byte_lane_C/A_rst_primitives_reg_2.  Re-placed instance U0_ps_ai_peripheral/mig_ddr3_u0/u_mig_7series_0_mig/u_memc_ui_top_std/mem_intfc0/ddr_phy_top0/u_ddr_mc_phy_wrapper/u_ddr_mc_phy/ddr_phy_4lanes_2.u_ddr_phy_4lanes/ddr_byte_lane_C.ddr_byte_lane_C/pi_phase_locked_all_inferred_i_2
INFO: [Physopt 32-662] Processed net U0_ps_ai_peripheral/mig_ddr3_u0/u_mig_7series_0_mig/u_memc_ui_top_std/mem_intfc0/ddr_phy_top0/u_ddr_calib_top/u_ddr_phy_init/pi_phase_locked_all_r1.  Did not re-place instance U0_ps_ai_peripheral/mig_ddr3_u0/u_mig_7series_0_mig/u_memc_ui_top_std/mem_intfc0/ddr_phy_top0/u_ddr_calib_top/u_ddr_phy_init/pi_phase_locked_all_r1_reg
INFO: [Physopt 32-662] Processed net U_adder_top/U_flicker/dma/no[3].  Did not re-place instance U_adder_top/U_flicker/dma/no_reg[3]
INFO: [Physopt 32-663] Processed net U0_ps_ai_peripheral/ZGolo/u_AI_Mate_top/U0_ddr2hp_itcn/U0_dmux4/U1_aw_axi_fifo/w616d64_fifo.U0_w616d64_fifo/U0/inst_fifo_gen/gconvfifo.rf/grf.rf/gntv_or_sync_fifo.gl0.rd/gr1.gr1_int.rfwft/tmp_ram_rd_en.  Re-placed instance U0_ps_ai_peripheral/ZGolo/u_AI_Mate_top/U0_ddr2hp_itcn/U0_dmux4/U1_aw_axi_fifo/w616d64_fifo.U0_w616d64_fifo/U0/inst_fifo_gen/gconvfifo.rf/grf.rf/gntv_or_sync_fifo.gl0.rd/gr1.gr1_int.rfwft/DEVICE_7SERIES.NO_BMM_INFO.SDP.WIDE_PRIM36_NO_ECC.ram_i_1
INFO: [Physopt 32-661] Optimized 9 nets.  Re-placed 9 instances.
INFO: [Physopt 32-775] End 1 Pass. Optimized 9 nets or cells. Created 0 new cell, deleted 0 existing cell and moved 9 existing cells
INFO: [Physopt 32-619] Estimated Timing Summary | WNS=-0.201 | TNS=-0.682 |
Netlist sorting complete. Time (s): cpu = 00:00:01 ; elapsed = 00:00:00.111 . Memory (MB): peak = 2673.676 ; gain = 0.000
Phase 14 Placement Based Optimization | Checksum: 1608d4da0

Time (s): cpu = 00:02:18 ; elapsed = 00:01:26 . Memory (MB): peak = 2673.676 ; gain = 165.648

Phase 15 MultiInst Placement Optimization
INFO: [Physopt 32-660] Identified 100 candidate nets for placement-based optimization.
INFO: [Physopt 32-662] Processed net U0_ps_ai_peripheral/frame_to_ps_inst0/frame_read_write_m0/frame_fifo_write_m0/FSM_sequential_state[2]_i_3_n_0.  Did not re-place instance U0_ps_ai_peripheral/frame_to_ps_inst0/frame_read_write_m0/frame_fifo_write_m0/FSM_sequential_state[2]_i_3/O
INFO: [Physopt 32-662] Processed net U0_ps_ai_peripheral/frame_to_ps_inst0/frame_read_write_m0/frame_fifo_write_m0/FSM_sequential_state[1]_i_1_n_0.  Did not re-place instance U0_ps_ai_peripheral/frame_to_ps_inst0/frame_read_write_m0/frame_fifo_write_m0/FSM_sequential_state[1]_i_1/O
INFO: [Physopt 32-662] Processed net U0_ps_ai_peripheral/frame_to_ps_inst0/frame_read_write_m0/frame_fifo_write_m0/FSM_sequential_state[2]_i_4_n_0.  Did not re-place instance U0_ps_ai_peripheral/frame_to_ps_inst0/frame_read_write_m0/frame_fifo_write_m0/FSM_sequential_state[2]_i_4/O
INFO: [Physopt 32-662] Processed net U0_ps_ai_peripheral/frame_to_ps_inst0/frame_read_write_m0/wr_wfifo_err_reg_0_repN.  Did not re-place instance U0_ps_ai_peripheral/frame_to_ps_inst0/frame_read_write_m0/wr_wfifo_err_reg_replica/Q
INFO: [Physopt 32-662] Processed net U0_ps_ai_peripheral/frame_to_ps_inst0/frame_read_write_m0/frame_fifo_write_m0/FSM_sequential_state[2]_i_1_n_0.  Did not re-place instance U0_ps_ai_peripheral/frame_to_ps_inst0/frame_read_write_m0/frame_fifo_write_m0/FSM_sequential_state[2]_i_1/O
INFO: [Physopt 32-662] Processed net U0_ps_ai_peripheral/frame_to_ps_inst0/frame_read_write_m0/frame_fifo_write_m0/FSM_sequential_state[0]_i_1_n_0.  Did not re-place instance U0_ps_ai_peripheral/frame_to_ps_inst0/frame_read_write_m0/frame_fifo_write_m0/FSM_sequential_state[0]_i_1/O
INFO: [Physopt 32-662] Processed net U0_ps_ai_peripheral/frame_to_ps_inst0/frame_read_write_m0/D[0].  Did not re-place instance U0_ps_ai_peripheral/frame_to_ps_inst0/frame_read_write_m0/vout_data_r[0]_i_1/O
INFO: [Physopt 32-662] Processed net U0_ps_ai_peripheral/frame_to_ps_inst0/frame_read_write_m0/read_buf/U0/inst_fifo_gen/gconvfifo.rf/grf.rf/gntv_or_sync_fifo.mem/gbm.gbmg.gbmga.ngecc.bmg/inst_blk_mem_gen/gnbram.gnativebmg.native_blk_mem_gen/valid.cstr/has_mux_b.B/dout[0].  Did not re-place instance U0_ps_ai_peripheral/frame_to_ps_inst0/frame_read_write_m0/read_buf/U0/inst_fifo_gen/gconvfifo.rf/grf.rf/gntv_or_sync_fifo.mem/gbm.gbmg.gbmga.ngecc.bmg/inst_blk_mem_gen/gnbram.gnativebmg.native_blk_mem_gen/valid.cstr/has_mux_b.B/dout[0]_INST_0/O
INFO: [Physopt 32-662] Processed net U0_ps_ai_peripheral/frame_to_ps_inst0/frame_read_write_m0/wr_wfifo_err_reg_0.  Did not re-place instance U0_ps_ai_peripheral/frame_to_ps_inst0/frame_read_write_m0/wr_wfifo_err_reg/Q
INFO: [Physopt 32-662] Processed net U0_ps_ai_peripheral/frame_to_ps_inst0/frame_read_write_m0/frame_fifo_write_m0/FSM_sequential_state[1]_i_2_n_0.  Did not re-place instance U0_ps_ai_peripheral/frame_to_ps_inst0/frame_read_write_m0/frame_fifo_write_m0/FSM_sequential_state[1]_i_2/O
INFO: [Physopt 32-661] Optimized 0 net.  Re-placed 0 instance.
INFO: [Physopt 32-775] End 1 Pass. Optimized 0 net or cell. Created 0 new cell, deleted 0 existing cell and moved 0 existing cell
Netlist sorting complete. Time (s): cpu = 00:00:00 ; elapsed = 00:00:00.110 . Memory (MB): peak = 2673.676 ; gain = 0.000
Phase 15 MultiInst Placement Optimization | Checksum: 181a5974a

Time (s): cpu = 00:02:20 ; elapsed = 00:01:28 . Memory (MB): peak = 2673.676 ; gain = 165.648

Phase 16 Rewire
INFO: [Physopt 32-246] Starting Signal Push optimization...
INFO: [Physopt 32-241] No nets found for rewiring () optimization.
INFO: [Physopt 32-232] Optimized 0 net. Created 0 new instance.
INFO: [Physopt 32-775] End 1 Pass. Optimized 0 net or cell. Created 0 new cell, deleted 0 existing cell and moved 0 existing cell
Netlist sorting complete. Time (s): cpu = 00:00:00 ; elapsed = 00:00:00.116 . Memory (MB): peak = 2673.676 ; gain = 0.000
Phase 16 Rewire | Checksum: 181a5974a

Time (s): cpu = 00:02:21 ; elapsed = 00:01:29 . Memory (MB): peak = 2673.676 ; gain = 165.648

Phase 17 Critical Cell Optimization
INFO: [Physopt 32-68] No nets found for critical-cell optimization.
INFO: [Physopt 32-232] Optimized 0 net. Created 0 new instance.
INFO: [Physopt 32-775] End 1 Pass. Optimized 0 net or cell. Created 0 new cell, deleted 0 existing cell and moved 0 existing cell
Phase 17 Critical Cell Optimization | Checksum: 181a5974a

Time (s): cpu = 00:02:22 ; elapsed = 00:01:29 . Memory (MB): peak = 2673.676 ; gain = 165.648

Phase 18 DSP Register Optimization
INFO: [Physopt 32-456] No candidate cells for DSP register optimization found in the design.
INFO: [Physopt 32-775] End 1 Pass. Optimized 0 net or cell. Created 0 new cell, deleted 0 existing cell and moved 0 existing cell
Phase 18 DSP Register Optimization | Checksum: 181a5974a

Time (s): cpu = 00:02:22 ; elapsed = 00:01:30 . Memory (MB): peak = 2673.676 ; gain = 165.648

Phase 19 BRAM Register Optimization
INFO: [Physopt 32-614] Property 'READ_WIDTH_B' on BRAM cell 'U0_ps_ai_peripheral/mig_ddr3_u0/u_mig_7series_0_mig/u_memc_ui_top_std/mem_intfc0/ddr_phy_top0/u_ddr_calib_top/ddr_phy_prbs_rdlvl_gen.u_ddr_phy_prbs_rdlvl/dec_cnt_reg' Port 'B' is 0. Skip BRAM Register Optimization on the port
INFO: [Physopt 32-614] Property 'READ_WIDTH_B' on BRAM cell 'U_adder_top/U_flicker/render/render_lane_0u_U0/grp_evaluate_group_0u_s_fu_446/exp_bits_3_U/evaluate_group_0uCeG_rom_U/q0_reg_0' Port 'B' is 0. Skip BRAM Register Optimization on the port
INFO: [Physopt 32-614] Property 'READ_WIDTH_B' on BRAM cell 'U_adder_top/U_flicker/render/render_lane_0u_U0/grp_evaluate_group_0u_s_fu_446/exp_bits_3_U/evaluate_group_0uCeG_rom_U/q0_reg_1' Port 'B' is 0. Skip BRAM Register Optimization on the port
INFO: [Physopt 32-614] Property 'READ_WIDTH_B' on BRAM cell 'U_adder_top/U_flicker/render/render_lane_0u_U0/grp_evaluate_group_0u_s_fu_446/exp_bits_3_U/evaluate_group_0uCeG_rom_U/q0_reg_2' Port 'B' is 0. Skip BRAM Register Optimization on the port
INFO: [Physopt 32-614] Property 'READ_WIDTH_B' on BRAM cell 'U_adder_top/U_flicker/render/render_lane_0u_U0/grp_evaluate_group_0u_s_fu_446/exp_bits_3_U/evaluate_group_0uCeG_rom_U/q0_reg_3' Port 'B' is 0. Skip BRAM Register Optimization on the port
INFO: [Physopt 32-614] Property 'READ_WIDTH_B' on BRAM cell 'U_adder_top/U_flicker/render/render_lane_0u_U0/grp_evaluate_group_0u_s_fu_446/exp_bits_3_U/evaluate_group_0uCeG_rom_U/q0_reg_4' Port 'B' is 0. Skip BRAM Register Optimization on the port
INFO: [Physopt 32-614] Property 'READ_WIDTH_B' on BRAM cell 'U_adder_top/U_flicker/render/render_lane_0u_U0/grp_evaluate_group_0u_s_fu_446/exp_bits_3_U/evaluate_group_0uCeG_rom_U/q0_reg_5' Port 'B' is 0. Skip BRAM Register Optimization on the port
INFO: [Physopt 32-614] Property 'READ_WIDTH_B' on BRAM cell 'U_adder_top/U_flicker/render/render_lane_0u_U0/grp_evaluate_group_0u_s_fu_446/exp_bits_3_U/evaluate_group_0uCeG_rom_U/q0_reg_6' Port 'B' is 0. Skip BRAM Register Optimization on the port
INFO: [Physopt 32-614] Property 'READ_WIDTH_B' on BRAM cell 'U_adder_top/U_flicker/render/render_lane_1u_U0/grp_evaluate_group_1u_s_fu_448/exp_bits_2_U/evaluate_group_0uCeG_rom_U/q0_reg_0' Port 'B' is 0. Skip BRAM Register Optimization on the port
INFO: [Physopt 32-614] Property 'READ_WIDTH_B' on BRAM cell 'U_adder_top/U_flicker/render/render_lane_1u_U0/grp_evaluate_group_1u_s_fu_448/exp_bits_2_U/evaluate_group_0uCeG_rom_U/q0_reg_1' Port 'B' is 0. Skip BRAM Register Optimization on the port
INFO: [Physopt 32-614] Property 'READ_WIDTH_B' on BRAM cell 'U_adder_top/U_flicker/render/render_lane_1u_U0/grp_evaluate_group_1u_s_fu_448/exp_bits_2_U/evaluate_group_0uCeG_rom_U/q0_reg_2' Port 'B' is 0. Skip BRAM Register Optimization on the port
INFO: [Physopt 32-614] Property 'READ_WIDTH_B' on BRAM cell 'U_adder_top/U_flicker/render/render_lane_1u_U0/grp_evaluate_group_1u_s_fu_448/exp_bits_2_U/evaluate_group_0uCeG_rom_U/q0_reg_3' Port 'B' is 0. Skip BRAM Register Optimization on the port
INFO: [Physopt 32-614] Property 'READ_WIDTH_B' on BRAM cell 'U_adder_top/U_flicker/render/render_lane_1u_U0/grp_evaluate_group_1u_s_fu_448/exp_bits_2_U/evaluate_group_0uCeG_rom_U/q0_reg_4' Port 'B' is 0. Skip BRAM Register Optimization on the port
INFO: [Physopt 32-614] Property 'READ_WIDTH_B' on BRAM cell 'U_adder_top/U_flicker/render/render_lane_1u_U0/grp_evaluate_group_1u_s_fu_448/exp_bits_2_U/evaluate_group_0uCeG_rom_U/q0_reg_5' Port 'B' is 0. Skip BRAM Register Optimization on the port
INFO: [Physopt 32-614] Property 'READ_WIDTH_B' on BRAM cell 'U_adder_top/U_flicker/render/render_lane_1u_U0/grp_evaluate_group_1u_s_fu_448/exp_bits_2_U/evaluate_group_0uCeG_rom_U/q0_reg_6' Port 'B' is 0. Skip BRAM Register Optimization on the port
INFO: [Physopt 32-614] Property 'READ_WIDTH_B' on BRAM cell 'U_adder_top/U_flicker/render/render_lane_2u_U0/grp_evaluate_group_2u_s_fu_454/exp_bits_1_U/evaluate_group_0uCeG_rom_U/q0_reg_0' Port 'B' is 0. Skip BRAM Register Optimization on the port
INFO: [Physopt 32-614] Property 'READ_WIDTH_B' on BRAM cell 'U_adder_top/U_flicker/render/render_lane_2u_U0/grp_evaluate_group_2u_s_fu_454/exp_bits_1_U/evaluate_group_0uCeG_rom_U/q0_reg_1' Port 'B' is 0. Skip BRAM Register Optimization on the port
INFO: [Physopt 32-614] Property 'READ_WIDTH_B' on BRAM cell 'U_adder_top/U_flicker/render/render_lane_2u_U0/grp_evaluate_group_2u_s_fu_454/exp_bits_1_U/evaluate_group_0uCeG_rom_U/q0_reg_2' Port 'B' is 0. Skip BRAM Register Optimization on the port
INFO: [Physopt 32-614] Property 'READ_WIDTH_B' on BRAM cell 'U_adder_top/U_flicker/render/render_lane_2u_U0/grp_evaluate_group_2u_s_fu_454/exp_bits_1_U/evaluate_group_0uCeG_rom_U/q0_reg_3' Port 'B' is 0. Skip BRAM Register Optimization on the port
INFO: [Physopt 32-614] Property 'READ_WIDTH_B' on BRAM cell 'U_adder_top/U_flicker/render/render_lane_2u_U0/grp_evaluate_group_2u_s_fu_454/exp_bits_1_U/evaluate_group_0uCeG_rom_U/q0_reg_4' Port 'B' is 0. Skip BRAM Register Optimization on the port
INFO: [Physopt 32-614] Property 'READ_WIDTH_B' on BRAM cell 'U_adder_top/U_flicker/render/render_lane_2u_U0/grp_evaluate_group_2u_s_fu_454/exp_bits_1_U/evaluate_group_0uCeG_rom_U/q0_reg_5' Port 'B' is 0. Skip BRAM Register Optimization on the port
INFO: [Physopt 32-614] Property 'READ_WIDTH_B' on BRAM cell 'U_adder_top/U_flicker/render/render_lane_2u_U0/grp_evaluate_group_2u_s_fu_454/exp_bits_1_U/evaluate_group_0uCeG_rom_U/q0_reg_6' Port 'B' is 0. Skip BRAM Register Optimization on the port
INFO: [Physopt 32-614] Property 'READ_WIDTH_B' on BRAM cell 'U_adder_top/U_flicker/render/render_lane_3u_U0/grp_evaluate_group_3u_s_fu_456/exp_bits_U/evaluate_group_0uCeG_rom_U/q0_reg_0' Port 'B' is 0. Skip BRAM Register Optimization on the port
INFO: [Physopt 32-614] Property 'READ_WIDTH_B' on BRAM cell 'U_adder_top/U_flicker/render/render_lane_3u_U0/grp_evaluate_group_3u_s_fu_456/exp_bits_U/evaluate_group_0uCeG_rom_U/q0_reg_1' Port 'B' is 0. Skip BRAM Register Optimization on the port
INFO: [Physopt 32-614] Property 'READ_WIDTH_B' on BRAM cell 'U_adder_top/U_flicker/render/render_lane_3u_U0/grp_evaluate_group_3u_s_fu_456/exp_bits_U/evaluate_group_0uCeG_rom_U/q0_reg_2' Port 'B' is 0. Skip BRAM Register Optimization on the port
INFO: [Physopt 32-614] Property 'READ_WIDTH_B' on BRAM cell 'U_adder_top/U_flicker/render/render_lane_3u_U0/grp_evaluate_group_3u_s_fu_456/exp_bits_U/evaluate_group_0uCeG_rom_U/q0_reg_3' Port 'B' is 0. Skip BRAM Register Optimization on the port
INFO: [Physopt 32-614] Property 'READ_WIDTH_B' on BRAM cell 'U_adder_top/U_flicker/render/render_lane_3u_U0/grp_evaluate_group_3u_s_fu_456/exp_bits_U/evaluate_group_0uCeG_rom_U/q0_reg_4' Port 'B' is 0. Skip BRAM Register Optimization on the port
INFO: [Physopt 32-614] Property 'READ_WIDTH_B' on BRAM cell 'U_adder_top/U_flicker/render/render_lane_3u_U0/grp_evaluate_group_3u_s_fu_456/exp_bits_U/evaluate_group_0uCeG_rom_U/q0_reg_5' Port 'B' is 0. Skip BRAM Register Optimization on the port
INFO: [Physopt 32-614] Property 'READ_WIDTH_B' on BRAM cell 'U_adder_top/U_flicker/render/render_lane_3u_U0/grp_evaluate_group_3u_s_fu_456/exp_bits_U/evaluate_group_0uCeG_rom_U/q0_reg_6' Port 'B' is 0. Skip BRAM Register Optimization on the port
INFO: [Physopt 32-526] No candidate cells for BRAM register optimization found in the design
INFO: [Physopt 32-775] End 1 Pass. Optimized 0 net or cell. Created 0 new cell, deleted 0 existing cell and moved 0 existing cell
Phase 19 BRAM Register Optimization | Checksum: 181a5974a

Time (s): cpu = 00:02:23 ; elapsed = 00:01:31 . Memory (MB): peak = 2673.676 ; gain = 165.648

Phase 20 URAM Register Optimization
INFO: [Physopt 32-846] No candidate cells for URAM register optimization found in the design
INFO: [Physopt 32-775] End 1 Pass. Optimized 0 net or cell. Created 0 new cell, deleted 0 existing cell and moved 0 existing cell
Phase 20 URAM Register Optimization | Checksum: 181a5974a

Time (s): cpu = 00:02:23 ; elapsed = 00:01:31 . Memory (MB): peak = 2673.676 ; gain = 165.648

Phase 21 Shift Register Optimization
INFO: [Physopt 32-677] No candidate cells for Shift Register optimization found in the design
INFO: [Physopt 32-775] End 1 Pass. Optimized 0 net or cell. Created 0 new cell, deleted 0 existing cell and moved 0 existing cell
Phase 21 Shift Register Optimization | Checksum: 181a5974a

Time (s): cpu = 00:02:24 ; elapsed = 00:01:32 . Memory (MB): peak = 2673.676 ; gain = 165.648

Phase 22 DSP Register Optimization
INFO: [Physopt 32-456] No candidate cells for DSP register optimization found in the design.
INFO: [Physopt 32-775] End 1 Pass. Optimized 0 net or cell. Created 0 new cell, deleted 0 existing cell and moved 0 existing cell
Phase 22 DSP Register Optimization | Checksum: 181a5974a

Time (s): cpu = 00:02:24 ; elapsed = 00:01:32 . Memory (MB): peak = 2673.676 ; gain = 165.648

Phase 23 BRAM Register Optimization
INFO: [Physopt 32-614] Property 'READ_WIDTH_B' on BRAM cell 'U0_ps_ai_peripheral/mig_ddr3_u0/u_mig_7series_0_mig/u_memc_ui_top_std/mem_intfc0/ddr_phy_top0/u_ddr_calib_top/ddr_phy_prbs_rdlvl_gen.u_ddr_phy_prbs_rdlvl/dec_cnt_reg' Port 'B' is 0. Skip BRAM Register Optimization on the port
INFO: [Physopt 32-614] Property 'READ_WIDTH_B' on BRAM cell 'U_adder_top/U_flicker/render/render_lane_0u_U0/grp_evaluate_group_0u_s_fu_446/exp_bits_3_U/evaluate_group_0uCeG_rom_U/q0_reg_0' Port 'B' is 0. Skip BRAM Register Optimization on the port
INFO: [Physopt 32-614] Property 'READ_WIDTH_B' on BRAM cell 'U_adder_top/U_flicker/render/render_lane_0u_U0/grp_evaluate_group_0u_s_fu_446/exp_bits_3_U/evaluate_group_0uCeG_rom_U/q0_reg_1' Port 'B' is 0. Skip BRAM Register Optimization on the port
INFO: [Physopt 32-614] Property 'READ_WIDTH_B' on BRAM cell 'U_adder_top/U_flicker/render/render_lane_0u_U0/grp_evaluate_group_0u_s_fu_446/exp_bits_3_U/evaluate_group_0uCeG_rom_U/q0_reg_2' Port 'B' is 0. Skip BRAM Register Optimization on the port
INFO: [Physopt 32-614] Property 'READ_WIDTH_B' on BRAM cell 'U_adder_top/U_flicker/render/render_lane_0u_U0/grp_evaluate_group_0u_s_fu_446/exp_bits_3_U/evaluate_group_0uCeG_rom_U/q0_reg_3' Port 'B' is 0. Skip BRAM Register Optimization on the port
INFO: [Physopt 32-614] Property 'READ_WIDTH_B' on BRAM cell 'U_adder_top/U_flicker/render/render_lane_0u_U0/grp_evaluate_group_0u_s_fu_446/exp_bits_3_U/evaluate_group_0uCeG_rom_U/q0_reg_4' Port 'B' is 0. Skip BRAM Register Optimization on the port
INFO: [Physopt 32-614] Property 'READ_WIDTH_B' on BRAM cell 'U_adder_top/U_flicker/render/render_lane_0u_U0/grp_evaluate_group_0u_s_fu_446/exp_bits_3_U/evaluate_group_0uCeG_rom_U/q0_reg_5' Port 'B' is 0. Skip BRAM Register Optimization on the port
INFO: [Physopt 32-614] Property 'READ_WIDTH_B' on BRAM cell 'U_adder_top/U_flicker/render/render_lane_0u_U0/grp_evaluate_group_0u_s_fu_446/exp_bits_3_U/evaluate_group_0uCeG_rom_U/q0_reg_6' Port 'B' is 0. Skip BRAM Register Optimization on the port
INFO: [Physopt 32-614] Property 'READ_WIDTH_B' on BRAM cell 'U_adder_top/U_flicker/render/render_lane_1u_U0/grp_evaluate_group_1u_s_fu_448/exp_bits_2_U/evaluate_group_0uCeG_rom_U/q0_reg_0' Port 'B' is 0. Skip BRAM Register Optimization on the port
INFO: [Physopt 32-614] Property 'READ_WIDTH_B' on BRAM cell 'U_adder_top/U_flicker/render/render_lane_1u_U0/grp_evaluate_group_1u_s_fu_448/exp_bits_2_U/evaluate_group_0uCeG_rom_U/q0_reg_1' Port 'B' is 0. Skip BRAM Register Optimization on the port
INFO: [Physopt 32-614] Property 'READ_WIDTH_B' on BRAM cell 'U_adder_top/U_flicker/render/render_lane_1u_U0/grp_evaluate_group_1u_s_fu_448/exp_bits_2_U/evaluate_group_0uCeG_rom_U/q0_reg_2' Port 'B' is 0. Skip BRAM Register Optimization on the port
INFO: [Physopt 32-614] Property 'READ_WIDTH_B' on BRAM cell 'U_adder_top/U_flicker/render/render_lane_1u_U0/grp_evaluate_group_1u_s_fu_448/exp_bits_2_U/evaluate_group_0uCeG_rom_U/q0_reg_3' Port 'B' is 0. Skip BRAM Register Optimization on the port
INFO: [Physopt 32-614] Property 'READ_WIDTH_B' on BRAM cell 'U_adder_top/U_flicker/render/render_lane_1u_U0/grp_evaluate_group_1u_s_fu_448/exp_bits_2_U/evaluate_group_0uCeG_rom_U/q0_reg_4' Port 'B' is 0. Skip BRAM Register Optimization on the port
INFO: [Physopt 32-614] Property 'READ_WIDTH_B' on BRAM cell 'U_adder_top/U_flicker/render/render_lane_1u_U0/grp_evaluate_group_1u_s_fu_448/exp_bits_2_U/evaluate_group_0uCeG_rom_U/q0_reg_5' Port 'B' is 0. Skip BRAM Register Optimization on the port
INFO: [Physopt 32-614] Property 'READ_WIDTH_B' on BRAM cell 'U_adder_top/U_flicker/render/render_lane_1u_U0/grp_evaluate_group_1u_s_fu_448/exp_bits_2_U/evaluate_group_0uCeG_rom_U/q0_reg_6' Port 'B' is 0. Skip BRAM Register Optimization on the port
INFO: [Physopt 32-614] Property 'READ_WIDTH_B' on BRAM cell 'U_adder_top/U_flicker/render/render_lane_2u_U0/grp_evaluate_group_2u_s_fu_454/exp_bits_1_U/evaluate_group_0uCeG_rom_U/q0_reg_0' Port 'B' is 0. Skip BRAM Register Optimization on the port
INFO: [Physopt 32-614] Property 'READ_WIDTH_B' on BRAM cell 'U_adder_top/U_flicker/render/render_lane_2u_U0/grp_evaluate_group_2u_s_fu_454/exp_bits_1_U/evaluate_group_0uCeG_rom_U/q0_reg_1' Port 'B' is 0. Skip BRAM Register Optimization on the port
INFO: [Physopt 32-614] Property 'READ_WIDTH_B' on BRAM cell 'U_adder_top/U_flicker/render/render_lane_2u_U0/grp_evaluate_group_2u_s_fu_454/exp_bits_1_U/evaluate_group_0uCeG_rom_U/q0_reg_2' Port 'B' is 0. Skip BRAM Register Optimization on the port
INFO: [Physopt 32-614] Property 'READ_WIDTH_B' on BRAM cell 'U_adder_top/U_flicker/render/render_lane_2u_U0/grp_evaluate_group_2u_s_fu_454/exp_bits_1_U/evaluate_group_0uCeG_rom_U/q0_reg_3' Port 'B' is 0. Skip BRAM Register Optimization on the port
INFO: [Physopt 32-614] Property 'READ_WIDTH_B' on BRAM cell 'U_adder_top/U_flicker/render/render_lane_2u_U0/grp_evaluate_group_2u_s_fu_454/exp_bits_1_U/evaluate_group_0uCeG_rom_U/q0_reg_4' Port 'B' is 0. Skip BRAM Register Optimization on the port
INFO: [Physopt 32-614] Property 'READ_WIDTH_B' on BRAM cell 'U_adder_top/U_flicker/render/render_lane_2u_U0/grp_evaluate_group_2u_s_fu_454/exp_bits_1_U/evaluate_group_0uCeG_rom_U/q0_reg_5' Port 'B' is 0. Skip BRAM Register Optimization on the port
INFO: [Physopt 32-614] Property 'READ_WIDTH_B' on BRAM cell 'U_adder_top/U_flicker/render/render_lane_2u_U0/grp_evaluate_group_2u_s_fu_454/exp_bits_1_U/evaluate_group_0uCeG_rom_U/q0_reg_6' Port 'B' is 0. Skip BRAM Register Optimization on the port
INFO: [Physopt 32-614] Property 'READ_WIDTH_B' on BRAM cell 'U_adder_top/U_flicker/render/render_lane_3u_U0/grp_evaluate_group_3u_s_fu_456/exp_bits_U/evaluate_group_0uCeG_rom_U/q0_reg_0' Port 'B' is 0. Skip BRAM Register Optimization on the port
INFO: [Physopt 32-614] Property 'READ_WIDTH_B' on BRAM cell 'U_adder_top/U_flicker/render/render_lane_3u_U0/grp_evaluate_group_3u_s_fu_456/exp_bits_U/evaluate_group_0uCeG_rom_U/q0_reg_1' Port 'B' is 0. Skip BRAM Register Optimization on the port
INFO: [Physopt 32-614] Property 'READ_WIDTH_B' on BRAM cell 'U_adder_top/U_flicker/render/render_lane_3u_U0/grp_evaluate_group_3u_s_fu_456/exp_bits_U/evaluate_group_0uCeG_rom_U/q0_reg_2' Port 'B' is 0. Skip BRAM Register Optimization on the port
INFO: [Physopt 32-614] Property 'READ_WIDTH_B' on BRAM cell 'U_adder_top/U_flicker/render/render_lane_3u_U0/grp_evaluate_group_3u_s_fu_456/exp_bits_U/evaluate_group_0uCeG_rom_U/q0_reg_3' Port 'B' is 0. Skip BRAM Register Optimization on the port
INFO: [Physopt 32-614] Property 'READ_WIDTH_B' on BRAM cell 'U_adder_top/U_flicker/render/render_lane_3u_U0/grp_evaluate_group_3u_s_fu_456/exp_bits_U/evaluate_group_0uCeG_rom_U/q0_reg_4' Port 'B' is 0. Skip BRAM Register Optimization on the port
INFO: [Physopt 32-614] Property 'READ_WIDTH_B' on BRAM cell 'U_adder_top/U_flicker/render/render_lane_3u_U0/grp_evaluate_group_3u_s_fu_456/exp_bits_U/evaluate_group_0uCeG_rom_U/q0_reg_5' Port 'B' is 0. Skip BRAM Register Optimization on the port
INFO: [Physopt 32-614] Property 'READ_WIDTH_B' on BRAM cell 'U_adder_top/U_flicker/render/render_lane_3u_U0/grp_evaluate_group_3u_s_fu_456/exp_bits_U/evaluate_group_0uCeG_rom_U/q0_reg_6' Port 'B' is 0. Skip BRAM Register Optimization on the port
INFO: [Physopt 32-526] No candidate cells for BRAM register optimization found in the design
INFO: [Physopt 32-775] End 1 Pass. Optimized 0 net or cell. Created 0 new cell, deleted 0 existing cell and moved 0 existing cell
Phase 23 BRAM Register Optimization | Checksum: 181a5974a

Time (s): cpu = 00:02:25 ; elapsed = 00:01:33 . Memory (MB): peak = 2673.676 ; gain = 165.648

Phase 24 URAM Register Optimization
INFO: [Physopt 32-846] No candidate cells for URAM register optimization found in the design
INFO: [Physopt 32-775] End 1 Pass. Optimized 0 net or cell. Created 0 new cell, deleted 0 existing cell and moved 0 existing cell
Phase 24 URAM Register Optimization | Checksum: 181a5974a

Time (s): cpu = 00:02:25 ; elapsed = 00:01:34 . Memory (MB): peak = 2673.676 ; gain = 165.648

Phase 25 Shift Register Optimization
INFO: [Physopt 32-677] No candidate cells for Shift Register optimization found in the design
INFO: [Physopt 32-775] End 1 Pass. Optimized 0 net or cell. Created 0 new cell, deleted 0 existing cell and moved 0 existing cell
Phase 25 Shift Register Optimization | Checksum: 181a5974a

Time (s): cpu = 00:02:26 ; elapsed = 00:01:34 . Memory (MB): peak = 2673.676 ; gain = 165.648

Phase 26 Critical Pin Optimization
INFO: [Physopt 32-606] Identified 7 candidate nets for critical-pin optimization.
INFO: [Physopt 32-608] Optimized 3 nets.  Swapped 49 pins.
INFO: [Physopt 32-775] End 1 Pass. Optimized 3 nets or cells. Created 0 new cell, deleted 0 existing cell and moved 49 existing cells
INFO: [Physopt 32-619] Estimated Timing Summary | WNS=-0.097 | TNS=-0.097 |
Netlist sorting complete. Time (s): cpu = 00:00:00 ; elapsed = 00:00:00.112 . Memory (MB): peak = 2673.676 ; gain = 0.000
Phase 26 Critical Pin Optimization | Checksum: 181a5974a

Time (s): cpu = 00:02:27 ; elapsed = 00:01:35 . Memory (MB): peak = 2673.676 ; gain = 165.648

Phase 27 Very High Fanout Optimization
WARNING: [Physopt 32-894] Found a constraint with the -through option on pin U0_ps_ai_peripheral/ZGolo/u_AI_Mate_top/buyi_icore_post_top_u0/icore_post_top_u0/post_read_u0/sync_fifo_u0/U0/inst_fifo_gen/gconvfifo.rf/grf.rf/rstblk/ngwrdrst.grst.g7serrst.gnsckt_wrst.rst_wr_reg2_inst/src_arst or the net immediately connecting to the pin. This constraint will block optimizations for this and all downstream leaf pins.
INFO: [Physopt 32-712] Optimization is not feasible on net r_dmux[0] due to MARK_DEBUG attribute.
INFO: [Physopt 32-712] Optimization is not feasible on net r_dmux[1] due to MARK_DEBUG attribute.
INFO: [Physopt 32-76] Pass 1. Identified 84 candidate nets for fanout optimization.
INFO: [Physopt 32-572] Net U0_ps_ai_peripheral/ZGolo/s_data[616]_i_1_n_0 was not replicated.
Resolution: phys_opt_design can be forced to replicate a net driver using the option -force_replication_on_nets <list of net objects>.
INFO: [Physopt 32-572] Net U0_ps_ai_peripheral/mig_ddr3_u0/u_mig_7series_0_mig/u_memc_ui_top_std/mem_intfc0/mc0/col_mach0/rd_buf_indx.rd_buf_indx_r_reg[3] was not replicated.
Resolution: phys_opt_design can be forced to replicate a net driver using the option -force_replication_on_nets <list of net objects>.
INFO: [Physopt 32-572] Net U0_ps_ai_peripheral/ZGolo/u_AI_Mate_top/buyi_icore_post_top_u0/u_avr_brs/valid_tmp00__2_n_0 was not replicated.
Resolution: phys_opt_design can be forced to replicate a net driver using the option -force_replication_on_nets <list of net objects>.
INFO: [Physopt 32-81] Processed net U0_ps_ai_peripheral/ZGolo/payload_tmp0[543]_i_1_n_0. Replicated 2 times.
INFO: [Physopt 32-81] Processed net U_adder_top/U_flicker/render/framed_ctu_U0/test_frames_U0/flicker_render_piudo_U82/E[0]. Replicated 2 times.
INFO: [Physopt 32-81] Processed net U0_ps_ai_peripheral/ZGolo/w2n_reg[511]_i_1_n_0. Replicated 1 times.
INFO: [Physopt 32-572] Net U0_ps_ai_peripheral/ZGolo/s_data[615]_i_3_n_0 was not replicated.
Resolution: phys_opt_design can be forced to replicate a net driver using the option -force_replication_on_nets <list of net objects>.
INFO: [Physopt 32-81] Processed net U0_ps_ai_peripheral/ZGolo/u_AI_Mate_top/image_make_top_u0/imk_30T.U0_aw_dwc/U0_n2w_bwc_serdes/n2w_nack_here. Replicated 4 times.
INFO: [Physopt 32-572] Net U0_ps_ai_peripheral/ZGolo/u_AI_Mate_top/rs_cascade_gen[0].avr_rs_u/u_avr_brs/valid_tmp00_inferred__1/i__n_0 was not replicated.
Resolution: phys_opt_design can be forced to replicate a net driver using the option -force_replication_on_nets <list of net objects>.
INFO: [Physopt 32-572] Net U_adder_top/U_flicker/regs/active_reg_0 was not replicated.
Resolution: phys_opt_design can be forced to replicate a net driver using the option -force_replication_on_nets <list of net objects>.
INFO: [Physopt 32-572] Net U0_ps_ai_peripheral/ZGolo/u_AI_Mate_top/U0_ddr2hp_itcn/U3_n2w_bwc_r/n2w_nack_here was not replicated.
Resolution: phys_opt_design can be forced to replicate a net driver using the option -force_replication_on_nets <list of net objects>.
INFO: [Physopt 32-572] Net U_adder_top/U_flicker/render/gather_U0/p_Result_s_reg_5320 was not replicated.
Resolution: phys_opt_design can be forced to replicate a net driver using the option -force_replication_on_nets <list of net objects>.
INFO: [Physopt 32-81] Processed net U_adder_top/U_flicker/render/framed_ctu_U0/test_frames_U0/flicker_render_pivdy_U87/aclken. Replicated 5 times.
INFO: [Physopt 32-81] Processed net U0_ps_ai_peripheral/ZGolo/u_AI_Mate_top/ddr_clk_rst. Replicated 4 times.
INFO: [Physopt 32-81] Processed net U_adder_top/U_flicker/render/render_lane_0u_U0/flicker_render_pixdS_U174/ce_r. Replicated 2 times.
INFO: [Physopt 32-81] Processed net U_adder_top/U_flicker/render/render_lane_1u_U0/flicker_render_pixdS_U223/ce_r. Replicated 1 times.
INFO: [Physopt 32-81] Processed net U_adder_top/U_flicker/render/render_lane_2u_U0/flicker_render_pixdS_U268/ce_r. Replicated 3 times.
INFO: [Physopt 32-81] Processed net U_adder_top/U_flicker/render/render_lane_3u_U0/flicker_render_pixdS_U313/ce_r. Replicated 3 times.
INFO: [Physopt 32-572] Net U0_ps_ai_peripheral/ZGolo/u_AI_Mate_top/u0_ddr64_wrapper/ddr_rdata_fifo_u0/U0/inst_fifo_gen/gconvfifo.rf/grf.rf/gntv_or_sync_fifo.gl0.rd/rpntr/Q[2] was not replicated.
Resolution: phys_opt_design can be forced to replicate a net driver using the option -force_replication_on_nets <list of net objects>.
INFO: [Physopt 32-572] Net U0_ps_ai_peripheral/ZGolo/u_AI_Mate_top/u0_ddr64_wrapper/ddr_rdata_fifo_u0/U0/inst_fifo_gen/gconvfifo.rf/grf.rf/gntv_or_sync_fifo.gl0.rd/rpntr/Q[4] was not replicated.
Resolution: phys_opt_design can be forced to replicate a net driver using the option -force_replication_on_nets <list of net objects>.
INFO: [Physopt 32-81] Processed net U0_ps_ai_peripheral/ZGolo/u_AI_Mate_top/buyi_icore_post_top_u0/icore_post_top_u0/rst. Replicated 8 times.
WARNING: [Physopt 32-894] Found a constraint with the -through option on pin U0_ps_ai_peripheral/ZGolo/u_AI_Mate_top/buyi_icore_post_top_u0/icore_post_top_u0/post_read_u0/sync_fifo_u0/U0/inst_fifo_gen/gconvfifo.rf/grf.rf/rstblk/ngwrdrst.grst.g7serrst.gnsckt_wrst.rst_wr_reg2_inst/src_arst or the net immediately connecting to the pin. This constraint will block optimizations for this and all downstream leaf pins.
INFO: [Physopt 32-81] Processed net U0_ps_ai_peripheral/ZGolo/u_AI_Mate_top/image_make_top_u0/imk_30T.U0_aw_dwc/U0_avr_w2n/w2n_wack. Replicated 5 times.
INFO: [Physopt 32-572] Net U0_ps_ai_peripheral/ZGolo/w2n_reg[1535]_i_1_n_0 was not replicated.
Resolution: phys_opt_design can be forced to replicate a net driver using the option -force_replication_on_nets <list of net objects>.
INFO: [Physopt 32-81] Processed net U0_ps_ai_peripheral/ZGolo/s_data[609]_i_1_n_0. Replicated 1 times.
INFO: [Physopt 32-81] Processed net U0_ps_ai_peripheral/ZGolo/u_AI_Mate_top/U0_ddr2hp_itcn/w2n_reg[511]_i_1__1_n_0. Replicated 1 times.
INFO: [Physopt 32-81] Processed net U0_ps_ai_peripheral/ZGolo/u_AI_Mate_top/U0_ddr2hp_itcn/w2n_reg[511]_i_1__0_n_0. Replicated 1 times.
INFO: [Physopt 32-572] Net U0_ps_ai_peripheral/ZGolo/s_data[511]_i_1__1_n_0 was not replicated.
Resolution: phys_opt_design can be forced to replicate a net driver using the option -force_replication_on_nets <list of net objects>.
INFO: [Physopt 32-81] Processed net U0_ps_ai_peripheral/ZGolo/s_data[511]_i_1_n_0. Replicated 1 times.
INFO: [Physopt 32-572] Net U_adder_top/U_flicker/render/framed_ctu_U0/prepare_frames_U0/grp_log_generic_fu_142/flicker_render_pisc4_U45/flicker_render_pisc4_DSP48_3_U/ap_block_pp0_stage0_11001 was not replicated.
Resolution: phys_opt_design can be forced to replicate a net driver using the option -force_replication_on_nets <list of net objects>.
INFO: [Physopt 32-572] Net U_adder_top/U_flicker/render/framed_ctu_U0/prepare_frames_U0/grp_log_generic_fu_142/flicker_render_pisc4_U45/flicker_render_pisc4_DSP48_3_U/ap_CS_fsm_reg[1] was not replicated.
Resolution: phys_opt_design can be forced to replicate a net driver using the option -force_replication_on_nets <list of net objects>.
INFO: [Physopt 32-81] Processed net U0_ps_ai_peripheral/ZGolo/s_valid_i_2__8_n_0. Replicated 9 times.
INFO: [Physopt 32-572] Net U0_ps_ai_peripheral/ZGolo/s_data[582]_i_1_n_0 was not replicated.
Resolution: phys_opt_design can be forced to replicate a net driver using the option -force_replication_on_nets <list of net objects>.
INFO: [Physopt 32-572] Net U0_ps_ai_peripheral/ZGolo/u_AI_Mate_top/U0_ddr2hp_itcn/U0_n2w_bwc_r/n2w_nack_here was not replicated.
Resolution: phys_opt_design can be forced to replicate a net driver using the option -force_replication_on_nets <list of net objects>.
INFO: [Physopt 32-572] Net U0_ps_ai_peripheral/ZGolo/s_data[543]_i_1_n_0 was not replicated.
Resolution: phys_opt_design can be forced to replicate a net driver using the option -force_replication_on_nets <list of net objects>.
INFO: [Physopt 32-572] Net U0_ps_ai_peripheral/ZGolo/s_data[582]_i_1__0_n_0 was not replicated.
Resolution: phys_opt_design can be forced to replicate a net driver using the option -force_replication_on_nets <list of net objects>.
INFO: [Physopt 32-572] Net U0_ps_ai_peripheral/ZGolo/u_AI_Mate_top/u_avr_brs/valid_tmp00_n_0 was not replicated.
Resolution: phys_opt_design can be forced to replicate a net driver using the option -force_replication_on_nets <list of net objects>.
INFO: [Physopt 32-572] Net U_adder_top/U_flicker/render/gather_U0/tmp_V_14_reg_4740 was not replicated.
Resolution: phys_opt_design can be forced to replicate a net driver using the option -force_replication_on_nets <list of net objects>.
INFO: [Physopt 32-81] Processed net U0_ps_ai_peripheral/ZGolo/u_AI_Mate_top/U0_ddr2hp_itcn/U2_n2w_bwc_r/n2w_nack_here. Replicated 1 times.
INFO: [Physopt 32-572] Net U0_ps_ai_peripheral/ZGolo/u_AI_Mate_top/rs_cascade_gen[0].avr_rs_u/u_avr_brs/valid_tmp00_n_0 was not replicated.
Resolution: phys_opt_design can be forced to replicate a net driver using the option -force_replication_on_nets <list of net objects>.
INFO: [Physopt 32-81] Processed net U0_ps_ai_peripheral/ZGolo/s_data[582]_i_1__2_n_0. Replicated 1 times.
INFO: [Physopt 32-81] Processed net U0_ps_ai_peripheral/ZGolo/s_data[582]_i_1__1_n_0. Replicated 1 times.
INFO: [Physopt 32-81] Processed net U0_ps_ai_peripheral/ZGolo/u_AI_Mate_top/avr_rs_u0/u_avr_brs/valid_tmp00_n_0. Replicated 1 times.
INFO: [Physopt 32-81] Processed net U0_ps_ai_peripheral/ZGolo/u_AI_Mate_top/buyi_icore_post_top_u0/u_avr_brs/valid_tmp00_n_0. Replicated 1 times.
INFO: [Physopt 32-81] Processed net U0_ps_ai_peripheral/ZGolo/u_AI_Mate_top/U0_ddr2hp_itcn/U1_n2w_bwc_r/n2w_nack_here. Replicated 1 times.
INFO: [Physopt 32-81] Processed net U0_ps_ai_peripheral/ZGolo/u_AI_Mate_top/buyi_icore_post_top_u0/u_avr_brs/valid_tmp00__0_n_0. Replicated 1 times.
INFO: [Physopt 32-81] Processed net U0_ps_ai_peripheral/ZGolo/s_data[615]_i_1_n_0. Replicated 1 times.
INFO: [Physopt 32-232] Optimized 25 nets. Created 61 new instances.
INFO: [Physopt 32-775] End 1 Pass. Optimized 25 nets or cells. Created 61 new cells, deleted 0 existing cell and moved 0 existing cell
INFO: [Physopt 32-619] Estimated Timing Summary | WNS=-0.097 | TNS=-0.097 |
Netlist sorting complete. Time (s): cpu = 00:00:00 ; elapsed = 00:00:00.461 . Memory (MB): peak = 2703.738 ; gain = 0.000
Phase 27 Very High Fanout Optimization | Checksum: 233e3ff81

Time (s): cpu = 00:03:20 ; elapsed = 00:02:10 . Memory (MB): peak = 2703.738 ; gain = 195.711

Phase 28 Placement Based Optimization
INFO: [Physopt 32-660] Identified 250 candidate nets for placement-based optimization.
INFO: [Physopt 32-662] Processed net U0_ps_ai_peripheral/frame_to_ps_inst0/frame_read_write_m0/wr_wfifo_err_reg_0.  Did not re-place instance U0_ps_ai_peripheral/frame_to_ps_inst0/frame_read_write_m0/wr_wfifo_err_reg
INFO: [Physopt 32-662] Processed net U0_ps_ai_peripheral/frame_to_ps_inst0/frame_read_write_m0/frame_fifo_write_m0/FSM_sequential_state[1]_i_1_n_0.  Did not re-place instance U0_ps_ai_peripheral/frame_to_ps_inst0/frame_read_write_m0/frame_fifo_write_m0/FSM_sequential_state[1]_i_1
INFO: [Physopt 32-662] Processed net U0_ps_ai_peripheral/frame_to_ps_inst0/frame_read_write_m0/frame_fifo_write_m0/FSM_sequential_state[1]_i_2_n_0.  Did not re-place instance U0_ps_ai_peripheral/frame_to_ps_inst0/frame_read_write_m0/frame_fifo_write_m0/FSM_sequential_state[1]_i_2
INFO: [Physopt 32-662] Processed net U0_ps_ai_peripheral/frame_to_ps_inst0/frame_read_write_m0/frame_fifo_write_m0/state[1].  Did not re-place instance U0_ps_ai_peripheral/frame_to_ps_inst0/frame_read_write_m0/frame_fifo_write_m0/FSM_sequential_state_reg[1]
INFO: [Physopt 32-662] Processed net U0_ps_ai_peripheral/frame_to_ps_inst0/frame_read_write_m0/frame_fifo_write_m0/FSM_sequential_state[2]_i_1_n_0.  Did not re-place instance U0_ps_ai_peripheral/frame_to_ps_inst0/frame_read_write_m0/frame_fifo_write_m0/FSM_sequential_state[2]_i_1
INFO: [Physopt 32-662] Processed net U0_ps_ai_peripheral/frame_to_ps_inst0/frame_read_write_m0/frame_fifo_write_m0/FSM_sequential_state[2]_i_2__0_n_0.  Did not re-place instance U0_ps_ai_peripheral/frame_to_ps_inst0/frame_read_write_m0/frame_fifo_write_m0/FSM_sequential_state[2]_i_2__0
INFO: [Physopt 32-662] Processed net U0_ps_ai_peripheral/frame_to_ps_inst0/frame_read_write_m0/frame_fifo_write_m0/state[2].  Did not re-place instance U0_ps_ai_peripheral/frame_to_ps_inst0/frame_read_write_m0/frame_fifo_write_m0/FSM_sequential_state_reg[2]
INFO: [Physopt 32-662] Processed net U0_ps_ai_peripheral/ZGolo/u_AI_Mate_top/U0_ddr2hp_itcn/U0_dmux4/U3_aw_axi_fifo/w616d64_fifo.U0_w616d64_fifo/U0/inst_fifo_gen/gconvfifo.rf/grf.rf/gntv_or_sync_fifo.gl0.rd/gr1.gr1_int.rfwft/E[0].  Did not re-place instance U0_ps_ai_peripheral/ZGolo/u_AI_Mate_top/U0_ddr2hp_itcn/U0_dmux4/U3_aw_axi_fifo/w616d64_fifo.U0_w616d64_fifo/U0/inst_fifo_gen/gconvfifo.rf/grf.rf/gntv_or_sync_fifo.gl0.rd/gr1.gr1_int.rfwft/goreg_bm.dout_i[615]_i_1
INFO: [Physopt 32-662] Processed net U0_ps_ai_peripheral/ZGolo/u_AI_Mate_top/U0_ddr2hp_itcn/U0_dmux4/w616d64_fifo.U0_w616d64_fifo_i_2__2_n_0.  Did not re-place instance U0_ps_ai_peripheral/ZGolo/u_AI_Mate_top/U0_ddr2hp_itcn/U0_dmux4/w616d64_fifo.U0_w616d64_fifo_i_2__2
INFO: [Physopt 32-662] Processed net U0_ps_ai_peripheral/ZGolo/u_AI_Mate_top/U0_ddr2hp_itcn/s3_ddr_ww_itf\\.awwready.  Did not re-place instance U0_ps_ai_peripheral/ZGolo/u_AI_Mate_top/U0_ddr2hp_itcn/U0_dmux4_i_7
INFO: [Physopt 32-662] Processed net U0_ps_ai_peripheral/ZGolo/u_AI_Mate_top/U0_ddr2hp_itcn/U0_dmux4/U3_aw_axi_fifo/w616d64_fifo.U0_w616d64_fifo/U0/inst_fifo_gen/gconvfifo.rf/grf.rf/gntv_or_sync_fifo.mem/dout[489].  Did not re-place instance U0_ps_ai_peripheral/ZGolo/u_AI_Mate_top/U0_ddr2hp_itcn/U0_dmux4/U3_aw_axi_fifo/w616d64_fifo.U0_w616d64_fifo/U0/inst_fifo_gen/gconvfifo.rf/grf.rf/gntv_or_sync_fifo.mem/goreg_bm.dout_i_reg[489]
INFO: [Physopt 32-662] Processed net U0_ps_ai_peripheral/ZGolo/u_AI_Mate_top/U0_ddr2hp_itcn/U0_dmux4/U3_aw_axi_fifo/w616d64_fifo.U0_w616d64_fifo/U0/inst_fifo_gen/gconvfifo.rf/grf.rf/gntv_or_sync_fifo.mem/dout[593].  Did not re-place instance U0_ps_ai_peripheral/ZGolo/u_AI_Mate_top/U0_ddr2hp_itcn/U0_dmux4/U3_aw_axi_fifo/w616d64_fifo.U0_w616d64_fifo/U0/inst_fifo_gen/gconvfifo.rf/grf.rf/gntv_or_sync_fifo.mem/goreg_bm.dout_i_reg[593]
INFO: [Physopt 32-662] Processed net U0_ps_ai_peripheral/ZGolo/u_AI_Mate_top/U0_ddr2hp_itcn/U0_dmux4/U3_aw_axi_fifo/w616d64_fifo.U0_w616d64_fifo/U0/inst_fifo_gen/gconvfifo.rf/grf.rf/gntv_or_sync_fifo.mem/dout[595].  Did not re-place instance U0_ps_ai_peripheral/ZGolo/u_AI_Mate_top/U0_ddr2hp_itcn/U0_dmux4/U3_aw_axi_fifo/w616d64_fifo.U0_w616d64_fifo/U0/inst_fifo_gen/gconvfifo.rf/grf.rf/gntv_or_sync_fifo.mem/goreg_bm.dout_i_reg[595]
INFO: [Physopt 32-662] Processed net U0_ps_ai_peripheral/ZGolo/u_AI_Mate_top/U0_ddr2hp_itcn/U0_dmux4/U3_aw_axi_fifo/w616d64_fifo.U0_w616d64_fifo/U0/inst_fifo_gen/gconvfifo.rf/grf.rf/gntv_or_sync_fifo.mem/dout[108].  Did not re-place instance U0_ps_ai_peripheral/ZGolo/u_AI_Mate_top/U0_ddr2hp_itcn/U0_dmux4/U3_aw_axi_fifo/w616d64_fifo.U0_w616d64_fifo/U0/inst_fifo_gen/gconvfifo.rf/grf.rf/gntv_or_sync_fifo.mem/goreg_bm.dout_i_reg[108]
INFO: [Physopt 32-662] Processed net U0_ps_ai_peripheral/ZGolo/u_AI_Mate_top/U0_ddr2hp_itcn/U0_dmux4/U3_aw_axi_fifo/w616d64_fifo.U0_w616d64_fifo/U0/inst_fifo_gen/gconvfifo.rf/grf.rf/gntv_or_sync_fifo.mem/dout[113].  Did not re-place instance U0_ps_ai_peripheral/ZGolo/u_AI_Mate_top/U0_ddr2hp_itcn/U0_dmux4/U3_aw_axi_fifo/w616d64_fifo.U0_w616d64_fifo/U0/inst_fifo_gen/gconvfifo.rf/grf.rf/gntv_or_sync_fifo.mem/goreg_bm.dout_i_reg[113]
INFO: [Physopt 32-662] Processed net U0_ps_ai_peripheral/ZGolo/u_AI_Mate_top/U0_ddr2hp_itcn/U0_dmux4/U3_aw_axi_fifo/w616d64_fifo.U0_w616d64_fifo/U0/inst_fifo_gen/gconvfifo.rf/grf.rf/gntv_or_sync_fifo.mem/dout[135].  Did not re-place instance U0_ps_ai_peripheral/ZGolo/u_AI_Mate_top/U0_ddr2hp_itcn/U0_dmux4/U3_aw_axi_fifo/w616d64_fifo.U0_w616d64_fifo/U0/inst_fifo_gen/gconvfifo.rf/grf.rf/gntv_or_sync_fifo.mem/goreg_bm.dout_i_reg[135]
INFO: [Physopt 32-662] Processed net U0_ps_ai_peripheral/ZGolo/u_AI_Mate_top/U0_ddr2hp_itcn/U0_dmux4/U3_aw_axi_fifo/w616d64_fifo.U0_w616d64_fifo/U0/inst_fifo_gen/gconvfifo.rf/grf.rf/gntv_or_sync_fifo.mem/dout[209].  Did not re-place instance U0_ps_ai_peripheral/ZGolo/u_AI_Mate_top/U0_ddr2hp_itcn/U0_dmux4/U3_aw_axi_fifo/w616d64_fifo.U0_w616d64_fifo/U0/inst_fifo_gen/gconvfifo.rf/grf.rf/gntv_or_sync_fifo.mem/goreg_bm.dout_i_reg[209]
INFO: [Physopt 32-662] Processed net U0_ps_ai_peripheral/ZGolo/u_AI_Mate_top/U0_ddr2hp_itcn/U0_dmux4/U3_aw_axi_fifo/w616d64_fifo.U0_w616d64_fifo/U0/inst_fifo_gen/gconvfifo.rf/grf.rf/gntv_or_sync_fifo.mem/dout[404].  Did not re-place instance U0_ps_ai_peripheral/ZGolo/u_AI_Mate_top/U0_ddr2hp_itcn/U0_dmux4/U3_aw_axi_fifo/w616d64_fifo.U0_w616d64_fifo/U0/inst_fifo_gen/gconvfifo.rf/grf.rf/gntv_or_sync_fifo.mem/goreg_bm.dout_i_reg[404]
INFO: [Physopt 32-662] Processed net U0_ps_ai_peripheral/ZGolo/u_AI_Mate_top/U0_ddr2hp_itcn/U0_dmux4/U3_aw_axi_fifo/w616d64_fifo.U0_w616d64_fifo/U0/inst_fifo_gen/gconvfifo.rf/grf.rf/gntv_or_sync_fifo.mem/dout[405].  Did not re-place instance U0_ps_ai_peripheral/ZGolo/u_AI_Mate_top/U0_ddr2hp_itcn/U0_dmux4/U3_aw_axi_fifo/w616d64_fifo.U0_w616d64_fifo/U0/inst_fifo_gen/gconvfifo.rf/grf.rf/gntv_or_sync_fifo.mem/goreg_bm.dout_i_reg[405]
INFO: [Physopt 32-662] Processed net U0_ps_ai_peripheral/ZGolo/u_AI_Mate_top/U0_ddr2hp_itcn/U0_dmux4/U3_aw_axi_fifo/w616d64_fifo.U0_w616d64_fifo/U0/inst_fifo_gen/gconvfifo.rf/grf.rf/gntv_or_sync_fifo.mem/dout[87].  Did not re-place instance U0_ps_ai_peripheral/ZGolo/u_AI_Mate_top/U0_ddr2hp_itcn/U0_dmux4/U3_aw_axi_fifo/w616d64_fifo.U0_w616d64_fifo/U0/inst_fifo_gen/gconvfifo.rf/grf.rf/gntv_or_sync_fifo.mem/goreg_bm.dout_i_reg[87]
INFO: [Physopt 32-662] Processed net U0_ps_ai_peripheral/frame_to_ps_inst0/frame_read_write_m0/frame_fifo_write_m0/wr_burst_len[4]_i_1_n_0.  Did not re-place instance U0_ps_ai_peripheral/frame_to_ps_inst0/frame_read_write_m0/frame_fifo_write_m0/wr_burst_len[4]_i_1
INFO: [Physopt 32-662] Processed net U0_ps_ai_peripheral/frame_to_ps_inst0/frame_read_write_m0/frame_fifo_write_m0/wr_burst_len[4]_i_2_n_0.  Did not re-place instance U0_ps_ai_peripheral/frame_to_ps_inst0/frame_read_write_m0/frame_fifo_write_m0/wr_burst_len[4]_i_2
INFO: [Physopt 32-662] Processed net U0_ps_ai_peripheral/frame_to_ps_inst0/frame_read_write_m0/frame_fifo_write_m0/ch0_wr_burst_len[0].  Did not re-place instance U0_ps_ai_peripheral/frame_to_ps_inst0/frame_read_write_m0/frame_fifo_write_m0/wr_burst_len_reg[4]
INFO: [Physopt 32-662] Processed net U0_ps_ai_peripheral/frame_to_ps_inst0/frame_read_write_m0/D[0].  Did not re-place instance U0_ps_ai_peripheral/frame_to_ps_inst0/frame_read_write_m0/vout_data_r[0]_i_1
INFO: [Physopt 32-662] Processed net U0_ps_ai_peripheral/frame_to_ps_inst0/frame_read_write_m0/read_buf/U0/inst_fifo_gen/gconvfifo.rf/grf.rf/gntv_or_sync_fifo.mem/gbm.gbmg.gbmga.ngecc.bmg/inst_blk_mem_gen/gnbram.gnativebmg.native_blk_mem_gen/valid.cstr/has_mux_b.B/dout[0].  Did not re-place instance U0_ps_ai_peripheral/frame_to_ps_inst0/frame_read_write_m0/read_buf/U0/inst_fifo_gen/gconvfifo.rf/grf.rf/gntv_or_sync_fifo.mem/gbm.gbmg.gbmga.ngecc.bmg/inst_blk_mem_gen/gnbram.gnativebmg.native_blk_mem_gen/valid.cstr/has_mux_b.B/dout[0]_INST_0
INFO: [Physopt 32-662] Processed net U0_ps_ai_peripheral/frame_to_ps_inst0/video_rect_read_data_m0/Q[0].  Did not re-place instance U0_ps_ai_peripheral/frame_to_ps_inst0/video_rect_read_data_m0/vout_data_r_reg[0]
INFO: [Physopt 32-662] Processed net U0_ps_ai_peripheral/frame_to_ps_inst0/frame_read_write_m0/frame_fifo_write_m0/wr_burst_req_i_1_n_0.  Did not re-place instance U0_ps_ai_peripheral/frame_to_ps_inst0/frame_read_write_m0/frame_fifo_write_m0/wr_burst_req_i_1
INFO: [Physopt 32-662] Processed net U0_ps_ai_peripheral/frame_to_ps_inst0/frame_read_write_m0/frame_fifo_write_m0/wr_burst_req_i_3_n_0.  Did not re-place instance U0_ps_ai_peripheral/frame_to_ps_inst0/frame_read_write_m0/frame_fifo_write_m0/wr_burst_req_i_3
INFO: [Physopt 32-662] Processed net U0_ps_ai_peripheral/frame_to_ps_inst0/frame_read_write_m0/frame_fifo_write_m0/ch0_wr_burst_req.  Did not re-place instance U0_ps_ai_peripheral/frame_to_ps_inst0/frame_read_write_m0/frame_fifo_write_m0/wr_burst_req_reg
INFO: [Physopt 32-662] Processed net U0_ps_ai_peripheral/ZGolo/u_AI_Mate_top/U0_ddr2hp_itcn/U0_dmux4/U3_aw_axi_fifo/w616d64_fifo.U0_w616d64_fifo/U0/inst_fifo_gen/gconvfifo.rf/grf.rf/gntv_or_sync_fifo.mem/dout[265].  Did not re-place instance U0_ps_ai_peripheral/ZGolo/u_AI_Mate_top/U0_ddr2hp_itcn/U0_dmux4/U3_aw_axi_fifo/w616d64_fifo.U0_w616d64_fifo/U0/inst_fifo_gen/gconvfifo.rf/grf.rf/gntv_or_sync_fifo.mem/goreg_bm.dout_i_reg[265]
INFO: [Physopt 32-662] Processed net U0_ps_ai_peripheral/ZGolo/u_AI_Mate_top/U0_ddr2hp_itcn/U0_dmux4/U3_aw_axi_fifo/w616d64_fifo.U0_w616d64_fifo/U0/inst_fifo_gen/gconvfifo.rf/grf.rf/gntv_or_sync_fifo.mem/dout[361].  Did not re-place instance U0_ps_ai_peripheral/ZGolo/u_AI_Mate_top/U0_ddr2hp_itcn/U0_dmux4/U3_aw_axi_fifo/w616d64_fifo.U0_w616d64_fifo/U0/inst_fifo_gen/gconvfifo.rf/grf.rf/gntv_or_sync_fifo.mem/goreg_bm.dout_i_reg[361]
INFO: [Physopt 32-662] Processed net U0_ps_ai_peripheral/ZGolo/u_AI_Mate_top/U0_ddr2hp_itcn/U0_dmux4/U3_aw_axi_fifo/w616d64_fifo.U0_w616d64_fifo/U0/inst_fifo_gen/gconvfifo.rf/grf.rf/gntv_or_sync_fifo.mem/dout[375].  Did not re-place instance U0_ps_ai_peripheral/ZGolo/u_AI_Mate_top/U0_ddr2hp_itcn/U0_dmux4/U3_aw_axi_fifo/w616d64_fifo.U0_w616d64_fifo/U0/inst_fifo_gen/gconvfifo.rf/grf.rf/gntv_or_sync_fifo.mem/goreg_bm.dout_i_reg[375]
INFO: [Physopt 32-662] Processed net U0_ps_ai_peripheral/ZGolo/u_AI_Mate_top/U0_ddr2hp_itcn/U0_dmux4/U3_aw_axi_fifo/w616d64_fifo.U0_w616d64_fifo/U0/inst_fifo_gen/gconvfifo.rf/grf.rf/gntv_or_sync_fifo.mem/dout[106].  Did not re-place instance U0_ps_ai_peripheral/ZGolo/u_AI_Mate_top/U0_ddr2hp_itcn/U0_dmux4/U3_aw_axi_fifo/w616d64_fifo.U0_w616d64_fifo/U0/inst_fifo_gen/gconvfifo.rf/grf.rf/gntv_or_sync_fifo.mem/goreg_bm.dout_i_reg[106]
INFO: [Physopt 32-662] Processed net U0_ps_ai_peripheral/ZGolo/u_AI_Mate_top/U0_ddr2hp_itcn/U0_dmux4/U3_aw_axi_fifo/w616d64_fifo.U0_w616d64_fifo/U0/inst_fifo_gen/gconvfifo.rf/grf.rf/gntv_or_sync_fifo.mem/dout[107].  Did not re-place instance U0_ps_ai_peripheral/ZGolo/u_AI_Mate_top/U0_ddr2hp_itcn/U0_dmux4/U3_aw_axi_fifo/w616d64_fifo.U0_w616d64_fifo/U0/inst_fifo_gen/gconvfifo.rf/grf.rf/gntv_or_sync_fifo.mem/goreg_bm.dout_i_reg[107]
INFO: [Physopt 32-662] Processed net U0_ps_ai_peripheral/ZGolo/u_AI_Mate_top/U0_ddr2hp_itcn/U0_dmux4/U3_aw_axi_fifo/w616d64_fifo.U0_w616d64_fifo/U0/inst_fifo_gen/gconvfifo.rf/grf.rf/gntv_or_sync_fifo.mem/dout[132].  Did not re-place instance U0_ps_ai_peripheral/ZGolo/u_AI_Mate_top/U0_ddr2hp_itcn/U0_dmux4/U3_aw_axi_fifo/w616d64_fifo.U0_w616d64_fifo/U0/inst_fifo_gen/gconvfifo.rf/grf.rf/gntv_or_sync_fifo.mem/goreg_bm.dout_i_reg[132]
INFO: [Physopt 32-662] Processed net U0_ps_ai_peripheral/ZGolo/u_AI_Mate_top/U0_ddr2hp_itcn/U0_dmux4/U3_aw_axi_fifo/w616d64_fifo.U0_w616d64_fifo/U0/inst_fifo_gen/gconvfifo.rf/grf.rf/gntv_or_sync_fifo.mem/dout[133].  Did not re-place instance U0_ps_ai_peripheral/ZGolo/u_AI_Mate_top/U0_ddr2hp_itcn/U0_dmux4/U3_aw_axi_fifo/w616d64_fifo.U0_w616d64_fifo/U0/inst_fifo_gen/gconvfifo.rf/grf.rf/gntv_or_sync_fifo.mem/goreg_bm.dout_i_reg[133]
INFO: [Physopt 32-662] Processed net U0_ps_ai_peripheral/ZGolo/u_AI_Mate_top/U0_ddr2hp_itcn/U0_dmux4/U3_aw_axi_fifo/w616d64_fifo.U0_w616d64_fifo/U0/inst_fifo_gen/gconvfifo.rf/grf.rf/gntv_or_sync_fifo.mem/dout[161].  Did not re-place instance U0_ps_ai_peripheral/ZGolo/u_AI_Mate_top/U0_ddr2hp_itcn/U0_dmux4/U3_aw_axi_fifo/w616d64_fifo.U0_w616d64_fifo/U0/inst_fifo_gen/gconvfifo.rf/grf.rf/gntv_or_sync_fifo.mem/goreg_bm.dout_i_reg[161]
INFO: [Physopt 32-662] Processed net U0_ps_ai_peripheral/ZGolo/u_AI_Mate_top/U0_ddr2hp_itcn/U0_dmux4/U3_aw_axi_fifo/w616d64_fifo.U0_w616d64_fifo/U0/inst_fifo_gen/gconvfifo.rf/grf.rf/gntv_or_sync_fifo.mem/dout[182].  Did not re-place instance U0_ps_ai_peripheral/ZGolo/u_AI_Mate_top/U0_ddr2hp_itcn/U0_dmux4/U3_aw_axi_fifo/w616d64_fifo.U0_w616d64_fifo/U0/inst_fifo_gen/gconvfifo.rf/grf.rf/gntv_or_sync_fifo.mem/goreg_bm.dout_i_reg[182]
INFO: [Physopt 32-662] Processed net U0_ps_ai_peripheral/ZGolo/u_AI_Mate_top/U0_ddr2hp_itcn/U0_dmux4/U3_aw_axi_fifo/w616d64_fifo.U0_w616d64_fifo/U0/inst_fifo_gen/gconvfifo.rf/grf.rf/gntv_or_sync_fifo.mem/dout[111].  Did not re-place instance U0_ps_ai_peripheral/ZGolo/u_AI_Mate_top/U0_ddr2hp_itcn/U0_dmux4/U3_aw_axi_fifo/w616d64_fifo.U0_w616d64_fifo/U0/inst_fifo_gen/gconvfifo.rf/grf.rf/gntv_or_sync_fifo.mem/goreg_bm.dout_i_reg[111]
INFO: [Physopt 32-662] Processed net U0_ps_ai_peripheral/ZGolo/u_AI_Mate_top/U0_ddr2hp_itcn/U0_dmux4/U3_aw_axi_fifo/w616d64_fifo.U0_w616d64_fifo/U0/inst_fifo_gen/gconvfifo.rf/grf.rf/gntv_or_sync_fifo.mem/dout[185].  Did not re-place instance U0_ps_ai_peripheral/ZGolo/u_AI_Mate_top/U0_ddr2hp_itcn/U0_dmux4/U3_aw_axi_fifo/w616d64_fifo.U0_w616d64_fifo/U0/inst_fifo_gen/gconvfifo.rf/grf.rf/gntv_or_sync_fifo.mem/goreg_bm.dout_i_reg[185]
INFO: [Physopt 32-662] Processed net U0_ps_ai_peripheral/ZGolo/u_AI_Mate_top/U0_ddr2hp_itcn/U0_dmux4/U3_aw_axi_fifo/w616d64_fifo.U0_w616d64_fifo/U0/inst_fifo_gen/gconvfifo.rf/grf.rf/gntv_or_sync_fifo.mem/dout[303].  Did not re-place instance U0_ps_ai_peripheral/ZGolo/u_AI_Mate_top/U0_ddr2hp_itcn/U0_dmux4/U3_aw_axi_fifo/w616d64_fifo.U0_w616d64_fifo/U0/inst_fifo_gen/gconvfifo.rf/grf.rf/gntv_or_sync_fifo.mem/goreg_bm.dout_i_reg[303]
INFO: [Physopt 32-662] Processed net U0_ps_ai_peripheral/ZGolo/u_AI_Mate_top/U0_ddr2hp_itcn/U0_dmux4/U3_aw_axi_fifo/w616d64_fifo.U0_w616d64_fifo/U0/inst_fifo_gen/gconvfifo.rf/grf.rf/gntv_or_sync_fifo.mem/dout[374].  Did not re-place instance U0_ps_ai_peripheral/ZGolo/u_AI_Mate_top/U0_ddr2hp_itcn/U0_dmux4/U3_aw_axi_fifo/w616d64_fifo.U0_w616d64_fifo/U0/inst_fifo_gen/gconvfifo.rf/grf.rf/gntv_or_sync_fifo.mem/goreg_bm.dout_i_reg[374]
INFO: [Physopt 32-662] Processed net U0_ps_ai_peripheral/ZGolo/u_AI_Mate_top/U0_ddr2hp_itcn/U0_dmux4/U3_aw_axi_fifo/w616d64_fifo.U0_w616d64_fifo/U0/inst_fifo_gen/gconvfifo.rf/grf.rf/gntv_or_sync_fifo.mem/dout[418].  Did not re-place instance U0_ps_ai_peripheral/ZGolo/u_AI_Mate_top/U0_ddr2hp_itcn/U0_dmux4/U3_aw_axi_fifo/w616d64_fifo.U0_w616d64_fifo/U0/inst_fifo_gen/gconvfifo.rf/grf.rf/gntv_or_sync_fifo.mem/goreg_bm.dout_i_reg[418]
INFO: [Physopt 32-662] Processed net U0_ps_ai_peripheral/ZGolo/u_AI_Mate_top/U0_ddr2hp_itcn/U0_dmux4/U3_aw_axi_fifo/w616d64_fifo.U0_w616d64_fifo/U0/inst_fifo_gen/gconvfifo.rf/grf.rf/gntv_or_sync_fifo.mem/dout[521].  Did not re-place instance U0_ps_ai_peripheral/ZGolo/u_AI_Mate_top/U0_ddr2hp_itcn/U0_dmux4/U3_aw_axi_fifo/w616d64_fifo.U0_w616d64_fifo/U0/inst_fifo_gen/gconvfifo.rf/grf.rf/gntv_or_sync_fifo.mem/goreg_bm.dout_i_reg[521]
INFO: [Physopt 32-662] Processed net U0_ps_ai_peripheral/ZGolo/u_AI_Mate_top/U0_ddr2hp_itcn/U0_dmux4/U3_aw_axi_fifo/w616d64_fifo.U0_w616d64_fifo/U0/inst_fifo_gen/gconvfifo.rf/grf.rf/gntv_or_sync_fifo.mem/dout[84].  Did not re-place instance U0_ps_ai_peripheral/ZGolo/u_AI_Mate_top/U0_ddr2hp_itcn/U0_dmux4/U3_aw_axi_fifo/w616d64_fifo.U0_w616d64_fifo/U0/inst_fifo_gen/gconvfifo.rf/grf.rf/gntv_or_sync_fifo.mem/goreg_bm.dout_i_reg[84]
INFO: [Physopt 32-662] Processed net U0_ps_ai_peripheral/frame_to_ps_inst0/frame_read_write_m0/frame_fifo_write_m0/FSM_sequential_state[2]_i_3_n_0.  Did not re-place instance U0_ps_ai_peripheral/frame_to_ps_inst0/frame_read_write_m0/frame_fifo_write_m0/FSM_sequential_state[2]_i_3
INFO: [Physopt 32-662] Processed net U0_ps_ai_peripheral/frame_to_ps_inst0/frame_read_write_m0/frame_fifo_write_m0/FSM_sequential_state[2]_i_4_n_0.  Did not re-place instance U0_ps_ai_peripheral/frame_to_ps_inst0/frame_read_write_m0/frame_fifo_write_m0/FSM_sequential_state[2]_i_4
INFO: [Physopt 32-662] Processed net U0_ps_ai_peripheral/frame_to_ps_inst0/frame_read_write_m0/wr_wfifo_err_reg_0_repN.  Did not re-place instance U0_ps_ai_peripheral/frame_to_ps_inst0/frame_read_write_m0/wr_wfifo_err_reg_replica
INFO: [Physopt 32-662] Processed net U0_ps_ai_peripheral/frame_to_ps_inst0/frame_read_write_m0/frame_fifo_write_m0/FSM_sequential_state[0]_i_1_n_0.  Did not re-place instance U0_ps_ai_peripheral/frame_to_ps_inst0/frame_read_write_m0/frame_fifo_write_m0/FSM_sequential_state[0]_i_1
INFO: [Physopt 32-662] Processed net U0_ps_ai_peripheral/frame_to_ps_inst0/frame_read_write_m0/frame_fifo_write_m0/state[0].  Did not re-place instance U0_ps_ai_peripheral/frame_to_ps_inst0/frame_read_write_m0/frame_fifo_write_m0/FSM_sequential_state_reg[0]
INFO: [Physopt 32-662] Processed net U0_ps_ai_peripheral/ZGolo/u_AI_Mate_top/U0_ddr2hp_itcn/U0_dmux4/U3_aw_axi_fifo/w616d64_fifo.U0_w616d64_fifo/U0/inst_fifo_gen/gconvfifo.rf/grf.rf/gntv_or_sync_fifo.mem/dout[179].  Did not re-place instance U0_ps_ai_peripheral/ZGolo/u_AI_Mate_top/U0_ddr2hp_itcn/U0_dmux4/U3_aw_axi_fifo/w616d64_fifo.U0_w616d64_fifo/U0/inst_fifo_gen/gconvfifo.rf/grf.rf/gntv_or_sync_fifo.mem/goreg_bm.dout_i_reg[179]
INFO: [Physopt 32-662] Processed net U0_ps_ai_peripheral/ZGolo/u_AI_Mate_top/U0_ddr2hp_itcn/U0_dmux4/U3_aw_axi_fifo/w616d64_fifo.U0_w616d64_fifo/U0/inst_fifo_gen/gconvfifo.rf/grf.rf/gntv_or_sync_fifo.mem/dout[365].  Did not re-place instance U0_ps_ai_peripheral/ZGolo/u_AI_Mate_top/U0_ddr2hp_itcn/U0_dmux4/U3_aw_axi_fifo/w616d64_fifo.U0_w616d64_fifo/U0/inst_fifo_gen/gconvfifo.rf/grf.rf/gntv_or_sync_fifo.mem/goreg_bm.dout_i_reg[365]
INFO: [Physopt 32-662] Processed net U0_ps_ai_peripheral/ZGolo/u_AI_Mate_top/U0_ddr2hp_itcn/U0_dmux4/U3_aw_axi_fifo/w616d64_fifo.U0_w616d64_fifo/U0/inst_fifo_gen/gconvfifo.rf/grf.rf/gntv_or_sync_fifo.mem/dout[534].  Did not re-place instance U0_ps_ai_peripheral/ZGolo/u_AI_Mate_top/U0_ddr2hp_itcn/U0_dmux4/U3_aw_axi_fifo/w616d64_fifo.U0_w616d64_fifo/U0/inst_fifo_gen/gconvfifo.rf/grf.rf/gntv_or_sync_fifo.mem/goreg_bm.dout_i_reg[534]
INFO: [Physopt 32-662] Processed net U0_ps_ai_peripheral/ZGolo/u_AI_Mate_top/U0_ddr2hp_itcn/U0_dmux4/U3_aw_axi_fifo/w616d64_fifo.U0_w616d64_fifo/U0/inst_fifo_gen/gconvfifo.rf/grf.rf/gntv_or_sync_fifo.mem/dout[52].  Did not re-place instance U0_ps_ai_peripheral/ZGolo/u_AI_Mate_top/U0_ddr2hp_itcn/U0_dmux4/U3_aw_axi_fifo/w616d64_fifo.U0_w616d64_fifo/U0/inst_fifo_gen/gconvfifo.rf/grf.rf/gntv_or_sync_fifo.mem/goreg_bm.dout_i_reg[52]
INFO: [Physopt 32-662] Processed net U0_ps_ai_peripheral/ZGolo/u_AI_Mate_top/U0_ddr2hp_itcn/U0_dmux4/U3_aw_axi_fifo/w616d64_fifo.U0_w616d64_fifo/U0/inst_fifo_gen/gconvfifo.rf/grf.rf/gntv_or_sync_fifo.mem/dout[540].  Did not re-place instance U0_ps_ai_peripheral/ZGolo/u_AI_Mate_top/U0_ddr2hp_itcn/U0_dmux4/U3_aw_axi_fifo/w616d64_fifo.U0_w616d64_fifo/U0/inst_fifo_gen/gconvfifo.rf/grf.rf/gntv_or_sync_fifo.mem/goreg_bm.dout_i_reg[540]
INFO: [Physopt 32-662] Processed net U0_ps_ai_peripheral/ZGolo/u_AI_Mate_top/U0_ddr2hp_itcn/U0_dmux4/U3_aw_axi_fifo/w616d64_fifo.U0_w616d64_fifo/U0/inst_fifo_gen/gconvfifo.rf/grf.rf/gntv_or_sync_fifo.mem/dout[542].  Did not re-place instance U0_ps_ai_peripheral/ZGolo/u_AI_Mate_top/U0_ddr2hp_itcn/U0_dmux4/U3_aw_axi_fifo/w616d64_fifo.U0_w616d64_fifo/U0/inst_fifo_gen/gconvfifo.rf/grf.rf/gntv_or_sync_fifo.mem/goreg_bm.dout_i_reg[542]
INFO: [Physopt 32-662] Processed net U0_ps_ai_peripheral/ZGolo/u_AI_Mate_top/U0_ddr2hp_itcn/U0_dmux4/U3_aw_axi_fifo/w616d64_fifo.U0_w616d64_fifo/U0/inst_fifo_gen/gconvfifo.rf/grf.rf/gntv_or_sync_fifo.mem/dout[104].  Did not re-place instance U0_ps_ai_peripheral/ZGolo/u_AI_Mate_top/U0_ddr2hp_itcn/U0_dmux4/U3_aw_axi_fifo/w616d64_fifo.U0_w616d64_fifo/U0/inst_fifo_gen/gconvfifo.rf/grf.rf/gntv_or_sync_fifo.mem/goreg_bm.dout_i_reg[104]
INFO: [Physopt 32-662] Processed net U0_ps_ai_peripheral/ZGolo/u_AI_Mate_top/U0_ddr2hp_itcn/U0_dmux4/U3_aw_axi_fifo/w616d64_fifo.U0_w616d64_fifo/U0/inst_fifo_gen/gconvfifo.rf/grf.rf/gntv_or_sync_fifo.mem/dout[172].  Did not re-place instance U0_ps_ai_peripheral/ZGolo/u_AI_Mate_top/U0_ddr2hp_itcn/U0_dmux4/U3_aw_axi_fifo/w616d64_fifo.U0_w616d64_fifo/U0/inst_fifo_gen/gconvfifo.rf/grf.rf/gntv_or_sync_fifo.mem/goreg_bm.dout_i_reg[172]
INFO: [Physopt 32-662] Processed net U0_ps_ai_peripheral/ZGolo/u_AI_Mate_top/U0_ddr2hp_itcn/U0_dmux4/U3_aw_axi_fifo/w616d64_fifo.U0_w616d64_fifo/U0/inst_fifo_gen/gconvfifo.rf/grf.rf/gntv_or_sync_fifo.mem/dout[215].  Did not re-place instance U0_ps_ai_peripheral/ZGolo/u_AI_Mate_top/U0_ddr2hp_itcn/U0_dmux4/U3_aw_axi_fifo/w616d64_fifo.U0_w616d64_fifo/U0/inst_fifo_gen/gconvfifo.rf/grf.rf/gntv_or_sync_fifo.mem/goreg_bm.dout_i_reg[215]
INFO: [Physopt 32-662] Processed net U0_ps_ai_peripheral/ZGolo/u_AI_Mate_top/U0_ddr2hp_itcn/U0_dmux4/U3_aw_axi_fifo/w616d64_fifo.U0_w616d64_fifo/U0/inst_fifo_gen/gconvfifo.rf/grf.rf/gntv_or_sync_fifo.mem/dout[222].  Did not re-place instance U0_ps_ai_peripheral/ZGolo/u_AI_Mate_top/U0_ddr2hp_itcn/U0_dmux4/U3_aw_axi_fifo/w616d64_fifo.U0_w616d64_fifo/U0/inst_fifo_gen/gconvfifo.rf/grf.rf/gntv_or_sync_fifo.mem/goreg_bm.dout_i_reg[222]
INFO: [Physopt 32-662] Processed net U0_ps_ai_peripheral/ZGolo/u_AI_Mate_top/U0_ddr2hp_itcn/U0_dmux4/U3_aw_axi_fifo/w616d64_fifo.U0_w616d64_fifo/U0/inst_fifo_gen/gconvfifo.rf/grf.rf/gntv_or_sync_fifo.mem/dout[78].  Did not re-place instance U0_ps_ai_peripheral/ZGolo/u_AI_Mate_top/U0_ddr2hp_itcn/U0_dmux4/U3_aw_axi_fifo/w616d64_fifo.U0_w616d64_fifo/U0/inst_fifo_gen/gconvfifo.rf/grf.rf/gntv_or_sync_fifo.mem/goreg_bm.dout_i_reg[78]
INFO: [Physopt 32-662] Processed net U0_ps_ai_peripheral/ZGolo/u_AI_Mate_top/U0_ddr2hp_itcn/U0_dmux4/U3_aw_axi_fifo/w616d64_fifo.U0_w616d64_fifo/U0/inst_fifo_gen/gconvfifo.rf/grf.rf/gntv_or_sync_fifo.mem/dout[82].  Did not re-place instance U0_ps_ai_peripheral/ZGolo/u_AI_Mate_top/U0_ddr2hp_itcn/U0_dmux4/U3_aw_axi_fifo/w616d64_fifo.U0_w616d64_fifo/U0/inst_fifo_gen/gconvfifo.rf/grf.rf/gntv_or_sync_fifo.mem/goreg_bm.dout_i_reg[82]
INFO: [Physopt 32-662] Processed net U0_ps_ai_peripheral/ZGolo/u_AI_Mate_top/ddr_witcn_u0/awfifo_wr.  Did not re-place instance U0_ps_ai_peripheral/ZGolo/mna_idfifo_w5_u0_i_4
INFO: [Physopt 32-662] Processed net U_adder_top/U_flicker/dma/no[5].  Did not re-place instance U_adder_top/U_flicker/dma/no_reg[5]
INFO: [Physopt 32-662] Processed net U_adder_top/legacy/U_adder/U_avr_rs/u_avr_frs/UserCustomOp_0_awwvalid.  Did not re-place instance U_adder_top/legacy/U_adder/U_avr_rs/u_avr_frs/ZGolo_i_547
INFO: [Physopt 32-662] Processed net U_adder_top/U_flicker/dma/output_level_reg[2]_0.  Did not re-place instance U_adder_top/U_flicker/dma/ZGolo_i_583
INFO: [Physopt 32-662] Processed net U0_ps_ai_peripheral/ZGolo/u_AI_Mate_top/ddr_witcn_u0/mna_idfifo_w5_u0/U0/inst_fifo_gen/gconvfifo.rf/grf.rf/gntv_or_sync_fifo.gl0.rd/gr1.gr1_int.rfwft/p_1_out.  Did not re-place instance U0_ps_ai_peripheral/ZGolo/u_AI_Mate_top/ddr_witcn_u0/mna_idfifo_w5_u0/U0/inst_fifo_gen/gconvfifo.rf/grf.rf/gntv_or_sync_fifo.gl0.rd/gr1.gr1_int.rfwft/plusOp_carry_i_1
INFO: [Physopt 32-662] Processed net U_adder_top/U_flicker/dma/awvalid1_carry_i_6_n_0.  Did not re-place instance U_adder_top/U_flicker/dma/awvalid1_carry_i_6
INFO: [Physopt 32-662] Processed net U0_ps_ai_peripheral/ZGolo/u_AI_Mate_top/ddr_witcn_u0/mna_idfifo_w5_u0/U0/inst_fifo_gen/gconvfifo.rf/grf.rf/gntv_or_sync_fifo.gl0.wr/gwss.gpf.wrpf/diff_pntr_pad[10].  Did not re-place instance U0_ps_ai_peripheral/ZGolo/u_AI_Mate_top/ddr_witcn_u0/mna_idfifo_w5_u0/U0/inst_fifo_gen/gconvfifo.rf/grf.rf/gntv_or_sync_fifo.gl0.wr/gwss.gpf.wrpf/gdiff.gcry_1_sym.diff_pntr_pad_reg[10]
INFO: [Physopt 32-662] Processed net U0_ps_ai_peripheral/ZGolo/u_AI_Mate_top/U0_ddr2hp_itcn/U0_dmux4/U3_aw_axi_fifo/w616d64_fifo.U0_w616d64_fifo/U0/inst_fifo_gen/gconvfifo.rf/grf.rf/gntv_or_sync_fifo.mem/dout[156].  Did not re-place instance U0_ps_ai_peripheral/ZGolo/u_AI_Mate_top/U0_ddr2hp_itcn/U0_dmux4/U3_aw_axi_fifo/w616d64_fifo.U0_w616d64_fifo/U0/inst_fifo_gen/gconvfifo.rf/grf.rf/gntv_or_sync_fifo.mem/goreg_bm.dout_i_reg[156]
INFO: [Physopt 32-662] Processed net U0_ps_ai_peripheral/ZGolo/u_AI_Mate_top/U0_ddr2hp_itcn/U0_dmux4/U3_aw_axi_fifo/w616d64_fifo.U0_w616d64_fifo/U0/inst_fifo_gen/gconvfifo.rf/grf.rf/gntv_or_sync_fifo.mem/dout[324].  Did not re-place instance U0_ps_ai_peripheral/ZGolo/u_AI_Mate_top/U0_ddr2hp_itcn/U0_dmux4/U3_aw_axi_fifo/w616d64_fifo.U0_w616d64_fifo/U0/inst_fifo_gen/gconvfifo.rf/grf.rf/gntv_or_sync_fifo.mem/goreg_bm.dout_i_reg[324]
INFO: [Physopt 32-662] Processed net U0_ps_ai_peripheral/ZGolo/u_AI_Mate_top/U0_ddr2hp_itcn/U0_dmux4/U3_aw_axi_fifo/w616d64_fifo.U0_w616d64_fifo/U0/inst_fifo_gen/gconvfifo.rf/grf.rf/gntv_or_sync_fifo.mem/dout[326].  Did not re-place instance U0_ps_ai_peripheral/ZGolo/u_AI_Mate_top/U0_ddr2hp_itcn/U0_dmux4/U3_aw_axi_fifo/w616d64_fifo.U0_w616d64_fifo/U0/inst_fifo_gen/gconvfifo.rf/grf.rf/gntv_or_sync_fifo.mem/goreg_bm.dout_i_reg[326]
INFO: [Physopt 32-662] Processed net U0_ps_ai_peripheral/ZGolo/u_AI_Mate_top/U0_ddr2hp_itcn/U0_dmux4/U3_aw_axi_fifo/w616d64_fifo.U0_w616d64_fifo/U0/inst_fifo_gen/gconvfifo.rf/grf.rf/gntv_or_sync_fifo.mem/dout[338].  Did not re-place instance U0_ps_ai_peripheral/ZGolo/u_AI_Mate_top/U0_ddr2hp_itcn/U0_dmux4/U3_aw_axi_fifo/w616d64_fifo.U0_w616d64_fifo/U0/inst_fifo_gen/gconvfifo.rf/grf.rf/gntv_or_sync_fifo.mem/goreg_bm.dout_i_reg[338]
INFO: [Physopt 32-662] Processed net U0_ps_ai_peripheral/ZGolo/u_AI_Mate_top/U0_ddr2hp_itcn/U0_dmux4/U3_aw_axi_fifo/w616d64_fifo.U0_w616d64_fifo/U0/inst_fifo_gen/gconvfifo.rf/grf.rf/gntv_or_sync_fifo.mem/dout[380].  Did not re-place instance U0_ps_ai_peripheral/ZGolo/u_AI_Mate_top/U0_ddr2hp_itcn/U0_dmux4/U3_aw_axi_fifo/w616d64_fifo.U0_w616d64_fifo/U0/inst_fifo_gen/gconvfifo.rf/grf.rf/gntv_or_sync_fifo.mem/goreg_bm.dout_i_reg[380]
INFO: [Physopt 32-662] Processed net U0_ps_ai_peripheral/ZGolo/u_AI_Mate_top/U0_ddr2hp_itcn/U0_dmux4/U3_aw_axi_fifo/w616d64_fifo.U0_w616d64_fifo/U0/inst_fifo_gen/gconvfifo.rf/grf.rf/gntv_or_sync_fifo.mem/dout[382].  Did not re-place instance U0_ps_ai_peripheral/ZGolo/u_AI_Mate_top/U0_ddr2hp_itcn/U0_dmux4/U3_aw_axi_fifo/w616d64_fifo.U0_w616d64_fifo/U0/inst_fifo_gen/gconvfifo.rf/grf.rf/gntv_or_sync_fifo.mem/goreg_bm.dout_i_reg[382]
INFO: [Physopt 32-662] Processed net U0_ps_ai_peripheral/ZGolo/u_AI_Mate_top/U0_ddr2hp_itcn/U0_dmux4/U3_aw_axi_fifo/w616d64_fifo.U0_w616d64_fifo/U0/inst_fifo_gen/gconvfifo.rf/grf.rf/gntv_or_sync_fifo.mem/dout[390].  Did not re-place instance U0_ps_ai_peripheral/ZGolo/u_AI_Mate_top/U0_ddr2hp_itcn/U0_dmux4/U3_aw_axi_fifo/w616d64_fifo.U0_w616d64_fifo/U0/inst_fifo_gen/gconvfifo.rf/grf.rf/gntv_or_sync_fifo.mem/goreg_bm.dout_i_reg[390]
INFO: [Physopt 32-662] Processed net U0_ps_ai_peripheral/ZGolo/u_AI_Mate_top/U0_ddr2hp_itcn/U0_dmux4/U3_aw_axi_fifo/w616d64_fifo.U0_w616d64_fifo/U0/inst_fifo_gen/gconvfifo.rf/grf.rf/gntv_or_sync_fifo.mem/dout[596].  Did not re-place instance U0_ps_ai_peripheral/ZGolo/u_AI_Mate_top/U0_ddr2hp_itcn/U0_dmux4/U3_aw_axi_fifo/w616d64_fifo.U0_w616d64_fifo/U0/inst_fifo_gen/gconvfifo.rf/grf.rf/gntv_or_sync_fifo.mem/goreg_bm.dout_i_reg[596]
INFO: [Physopt 32-662] Processed net U0_ps_ai_peripheral/frame_to_ps_inst0/frame_read_write_m0/D[8].  Did not re-place instance U0_ps_ai_peripheral/frame_to_ps_inst0/frame_read_write_m0/vout_data_r[8]_i_1
INFO: [Physopt 32-662] Processed net U0_ps_ai_peripheral/frame_to_ps_inst0/frame_read_write_m0/read_buf/U0/inst_fifo_gen/gconvfifo.rf/grf.rf/gntv_or_sync_fifo.mem/gbm.gbmg.gbmga.ngecc.bmg/inst_blk_mem_gen/gnbram.gnativebmg.native_blk_mem_gen/valid.cstr/has_mux_b.B/dout[8].  Did not re-place instance U0_ps_ai_peripheral/frame_to_ps_inst0/frame_read_write_m0/read_buf/U0/inst_fifo_gen/gconvfifo.rf/grf.rf/gntv_or_sync_fifo.mem/gbm.gbmg.gbmga.ngecc.bmg/inst_blk_mem_gen/gnbram.gnativebmg.native_blk_mem_gen/valid.cstr/has_mux_b.B/dout[8]_INST_0
INFO: [Physopt 32-662] Processed net U0_ps_ai_peripheral/frame_to_ps_inst0/frame_read_write_m0/read_buf/U0/inst_fifo_gen/gconvfifo.rf/grf.rf/gntv_or_sync_fifo.mem/gbm.gbmg.gbmga.ngecc.bmg/inst_blk_mem_gen/gnbram.gnativebmg.native_blk_mem_gen/valid.cstr/has_mux_b.B/dout[8]_INST_0_i_8_n_0.  Did not re-place instance U0_ps_ai_peripheral/frame_to_ps_inst0/frame_read_write_m0/read_buf/U0/inst_fifo_gen/gconvfifo.rf/grf.rf/gntv_or_sync_fifo.mem/gbm.gbmg.gbmga.ngecc.bmg/inst_blk_mem_gen/gnbram.gnativebmg.native_blk_mem_gen/valid.cstr/has_mux_b.B/dout[8]_INST_0_i_8
INFO: [Physopt 32-662] Processed net U0_ps_ai_peripheral/frame_to_ps_inst0/video_rect_read_data_m0/Q[8].  Did not re-place instance U0_ps_ai_peripheral/frame_to_ps_inst0/video_rect_read_data_m0/vout_data_r_reg[8]
INFO: [Physopt 32-662] Processed net U0_ps_ai_peripheral/ZGolo/u_AI_Mate_top/U0_ddr2hp_itcn/U0_dmux4/U3_aw_axi_fifo/w616d64_fifo.U0_w616d64_fifo/U0/inst_fifo_gen/gconvfifo.rf/grf.rf/gntv_or_sync_fifo.mem/dout[218].  Did not re-place instance U0_ps_ai_peripheral/ZGolo/u_AI_Mate_top/U0_ddr2hp_itcn/U0_dmux4/U3_aw_axi_fifo/w616d64_fifo.U0_w616d64_fifo/U0/inst_fifo_gen/gconvfifo.rf/grf.rf/gntv_or_sync_fifo.mem/goreg_bm.dout_i_reg[218]
INFO: [Physopt 32-662] Processed net U0_ps_ai_peripheral/ZGolo/u_AI_Mate_top/U0_ddr2hp_itcn/U0_dmux4/U3_aw_axi_fifo/w616d64_fifo.U0_w616d64_fifo/U0/inst_fifo_gen/gconvfifo.rf/grf.rf/gntv_or_sync_fifo.mem/dout[367].  Did not re-place instance U0_ps_ai_peripheral/ZGolo/u_AI_Mate_top/U0_ddr2hp_itcn/U0_dmux4/U3_aw_axi_fifo/w616d64_fifo.U0_w616d64_fifo/U0/inst_fifo_gen/gconvfifo.rf/grf.rf/gntv_or_sync_fifo.mem/goreg_bm.dout_i_reg[367]
INFO: [Physopt 32-662] Processed net U0_ps_ai_peripheral/ZGolo/u_AI_Mate_top/U0_ddr2hp_itcn/U0_dmux4/U3_aw_axi_fifo/w616d64_fifo.U0_w616d64_fifo/U0/inst_fifo_gen/gconvfifo.rf/grf.rf/gntv_or_sync_fifo.mem/dout[433].  Did not re-place instance U0_ps_ai_peripheral/ZGolo/u_AI_Mate_top/U0_ddr2hp_itcn/U0_dmux4/U3_aw_axi_fifo/w616d64_fifo.U0_w616d64_fifo/U0/inst_fifo_gen/gconvfifo.rf/grf.rf/gntv_or_sync_fifo.mem/goreg_bm.dout_i_reg[433]
INFO: [Physopt 32-662] Processed net U0_ps_ai_peripheral/ZGolo/u_AI_Mate_top/U0_ddr2hp_itcn/U0_dmux4/U3_aw_axi_fifo/w616d64_fifo.U0_w616d64_fifo/U0/inst_fifo_gen/gconvfifo.rf/grf.rf/gntv_or_sync_fifo.mem/dout[490].  Did not re-place instance U0_ps_ai_peripheral/ZGolo/u_AI_Mate_top/U0_ddr2hp_itcn/U0_dmux4/U3_aw_axi_fifo/w616d64_fifo.U0_w616d64_fifo/U0/inst_fifo_gen/gconvfifo.rf/grf.rf/gntv_or_sync_fifo.mem/goreg_bm.dout_i_reg[490]
INFO: [Physopt 32-662] Processed net U0_ps_ai_peripheral/frame_to_ps_inst0/level_cross_u0/a1_clk1_d2.  Did not re-place instance U0_ps_ai_peripheral/frame_to_ps_inst0/level_cross_u0/a1_clk1_d2_reg
INFO: [Physopt 32-662] Processed net U0_ps_ai_peripheral/frame_to_ps_inst0/level_cross_u0/a2_clk2_t1.  Did not re-place instance U0_ps_ai_peripheral/frame_to_ps_inst0/level_cross_u0/a2_clk2_t1_reg
INFO: [Physopt 32-662] Processed net U0_ps_ai_peripheral/ZGolo/u_AI_Mate_top/U0_ddr2hp_itcn/U0_dmux4/U3_aw_axi_fifo/w616d64_fifo.U0_w616d64_fifo/U0/inst_fifo_gen/gconvfifo.rf/grf.rf/gntv_or_sync_fifo.mem/dout[415].  Did not re-place instance U0_ps_ai_peripheral/ZGolo/u_AI_Mate_top/U0_ddr2hp_itcn/U0_dmux4/U3_aw_axi_fifo/w616d64_fifo.U0_w616d64_fifo/U0/inst_fifo_gen/gconvfifo.rf/grf.rf/gntv_or_sync_fifo.mem/goreg_bm.dout_i_reg[415]
INFO: [Physopt 32-662] Processed net U0_ps_ai_peripheral/ZGolo/u_AI_Mate_top/U0_ddr2hp_itcn/U0_dmux4/U3_aw_axi_fifo/w616d64_fifo.U0_w616d64_fifo/U0/inst_fifo_gen/gconvfifo.rf/grf.rf/gntv_or_sync_fifo.mem/dout[473].  Did not re-place instance U0_ps_ai_peripheral/ZGolo/u_AI_Mate_top/U0_ddr2hp_itcn/U0_dmux4/U3_aw_axi_fifo/w616d64_fifo.U0_w616d64_fifo/U0/inst_fifo_gen/gconvfifo.rf/grf.rf/gntv_or_sync_fifo.mem/goreg_bm.dout_i_reg[473]
INFO: [Physopt 32-662] Processed net U0_ps_ai_peripheral/ZGolo/u_AI_Mate_top/U0_ddr2hp_itcn/U0_dmux4/U3_aw_axi_fifo/w616d64_fifo.U0_w616d64_fifo/U0/inst_fifo_gen/gconvfifo.rf/grf.rf/gntv_or_sync_fifo.mem/dout[545].  Did not re-place instance U0_ps_ai_peripheral/ZGolo/u_AI_Mate_top/U0_ddr2hp_itcn/U0_dmux4/U3_aw_axi_fifo/w616d64_fifo.U0_w616d64_fifo/U0/inst_fifo_gen/gconvfifo.rf/grf.rf/gntv_or_sync_fifo.mem/goreg_bm.dout_i_reg[545]
INFO: [Physopt 32-662] Processed net U0_ps_ai_peripheral/ZGolo/u_AI_Mate_top/U0_ddr2hp_itcn/U0_dmux4/U3_aw_axi_fifo/w616d64_fifo.U0_w616d64_fifo/U0/inst_fifo_gen/gconvfifo.rf/grf.rf/gntv_or_sync_fifo.mem/dout[591].  Did not re-place instance U0_ps_ai_peripheral/ZGolo/u_AI_Mate_top/U0_ddr2hp_itcn/U0_dmux4/U3_aw_axi_fifo/w616d64_fifo.U0_w616d64_fifo/U0/inst_fifo_gen/gconvfifo.rf/grf.rf/gntv_or_sync_fifo.mem/goreg_bm.dout_i_reg[591]
INFO: [Physopt 32-662] Processed net U_adder_top/U_flicker/dma/awvalid1_carry_i_2_n_0.  Did not re-place instance U_adder_top/U_flicker/dma/awvalid1_carry_i_2
INFO: [Physopt 32-662] Processed net U0_ps_ai_peripheral/frame_to_ps_inst0/frame_read_write_m0/D[15].  Did not re-place instance U0_ps_ai_peripheral/frame_to_ps_inst0/frame_read_write_m0/vout_data_r[15]_i_1
INFO: [Physopt 32-662] Processed net U0_ps_ai_peripheral/frame_to_ps_inst0/frame_read_write_m0/read_buf/U0/inst_fifo_gen/gconvfifo.rf/grf.rf/gntv_or_sync_fifo.mem/gbm.gbmg.gbmga.ngecc.bmg/inst_blk_mem_gen/gnbram.gnativebmg.native_blk_mem_gen/valid.cstr/has_mux_b.B/dout[15].  Did not re-place instance U0_ps_ai_peripheral/frame_to_ps_inst0/frame_read_write_m0/read_buf/U0/inst_fifo_gen/gconvfifo.rf/grf.rf/gntv_or_sync_fifo.mem/gbm.gbmg.gbmga.ngecc.bmg/inst_blk_mem_gen/gnbram.gnativebmg.native_blk_mem_gen/valid.cstr/has_mux_b.B/dout[15]_INST_0
INFO: [Physopt 32-662] Processed net U0_ps_ai_peripheral/frame_to_ps_inst0/frame_read_write_m0/read_buf/U0/inst_fifo_gen/gconvfifo.rf/grf.rf/gntv_or_sync_fifo.mem/gbm.gbmg.gbmga.ngecc.bmg/inst_blk_mem_gen/gnbram.gnativebmg.native_blk_mem_gen/valid.cstr/has_mux_b.B/dout[15]_INST_0_i_7_n_0.  Did not re-place instance U0_ps_ai_peripheral/frame_to_ps_inst0/frame_read_write_m0/read_buf/U0/inst_fifo_gen/gconvfifo.rf/grf.rf/gntv_or_sync_fifo.mem/gbm.gbmg.gbmga.ngecc.bmg/inst_blk_mem_gen/gnbram.gnativebmg.native_blk_mem_gen/valid.cstr/has_mux_b.B/dout[15]_INST_0_i_7
INFO: [Physopt 32-662] Processed net U0_ps_ai_peripheral/frame_to_ps_inst0/video_rect_read_data_m0/Q[15].  Did not re-place instance U0_ps_ai_peripheral/frame_to_ps_inst0/video_rect_read_data_m0/vout_data_r_reg[15]
INFO: [Physopt 32-662] Processed net U_adder_top/U_flicker/render/render_lane_2u_U0/flicker_render_piudo_U270/flicker_render_pipeline_ap_hmul_4_max_dsp_16_u/U0/i_synth/MULT.OP/EXP/STATE_UP_DELAY/i_pipe/RESULT_REG.NORMAL.exp_op_reg[4].  Did not re-place instance U_adder_top/U_flicker/render/render_lane_2u_U0/flicker_render_piudo_U270/flicker_render_pipeline_ap_hmul_4_max_dsp_16_u/U0/i_synth/MULT.OP/EXP/STATE_UP_DELAY/i_pipe/RESULT_REG.NORMAL.exp_op[4]_i_1
INFO: [Physopt 32-662] Processed net U_adder_top/U_flicker/render/render_lane_2u_U0/flicker_render_piudo_U270/flicker_render_pipeline_ap_hmul_4_max_dsp_16_u/U0/i_synth/MULT.OP/OP/m_axis_result_tdata[14].  Did not re-place instance U_adder_top/U_flicker/render/render_lane_2u_U0/flicker_render_piudo_U270/flicker_render_pipeline_ap_hmul_4_max_dsp_16_u/U0/i_synth/MULT.OP/OP/RESULT_REG.NORMAL.exp_op_reg[4]
INFO: [Physopt 32-662] Processed net U0_ps_ai_peripheral/ZGolo/u_AI_Mate_top/U0_ddr2hp_itcn/U0_dmux4/U3_aw_axi_fifo/w616d64_fifo.U0_w616d64_fifo/U0/inst_fifo_gen/gconvfifo.rf/grf.rf/gntv_or_sync_fifo.mem/dout[158].  Did not re-place instance U0_ps_ai_peripheral/ZGolo/u_AI_Mate_top/U0_ddr2hp_itcn/U0_dmux4/U3_aw_axi_fifo/w616d64_fifo.U0_w616d64_fifo/U0/inst_fifo_gen/gconvfifo.rf/grf.rf/gntv_or_sync_fifo.mem/goreg_bm.dout_i_reg[158]
INFO: [Physopt 32-662] Processed net U0_ps_ai_peripheral/ZGolo/u_AI_Mate_top/U0_ddr2hp_itcn/U0_dmux4/U3_aw_axi_fifo/w616d64_fifo.U0_w616d64_fifo/U0/inst_fifo_gen/gconvfifo.rf/grf.rf/gntv_or_sync_fifo.mem/dout[306].  Did not re-place instance U0_ps_ai_peripheral/ZGolo/u_AI_Mate_top/U0_ddr2hp_itcn/U0_dmux4/U3_aw_axi_fifo/w616d64_fifo.U0_w616d64_fifo/U0/inst_fifo_gen/gconvfifo.rf/grf.rf/gntv_or_sync_fifo.mem/goreg_bm.dout_i_reg[306]
INFO: [Physopt 32-662] Processed net U0_ps_ai_peripheral/ZGolo/u_AI_Mate_top/U0_ddr2hp_itcn/U0_dmux4/U3_aw_axi_fifo/w616d64_fifo.U0_w616d64_fifo/U0/inst_fifo_gen/gconvfifo.rf/grf.rf/gntv_or_sync_fifo.mem/dout[402].  Did not re-place instance U0_ps_ai_peripheral/ZGolo/u_AI_Mate_top/U0_ddr2hp_itcn/U0_dmux4/U3_aw_axi_fifo/w616d64_fifo.U0_w616d64_fifo/U0/inst_fifo_gen/gconvfifo.rf/grf.rf/gntv_or_sync_fifo.mem/goreg_bm.dout_i_reg[402]
INFO: [Physopt 32-662] Processed net U0_ps_ai_peripheral/ZGolo/u_AI_Mate_top/U0_ddr2hp_itcn/U0_dmux4/U3_aw_axi_fifo/w616d64_fifo.U0_w616d64_fifo/U0/inst_fifo_gen/gconvfifo.rf/grf.rf/gntv_or_sync_fifo.mem/dout[421].  Did not re-place instance U0_ps_ai_peripheral/ZGolo/u_AI_Mate_top/U0_ddr2hp_itcn/U0_dmux4/U3_aw_axi_fifo/w616d64_fifo.U0_w616d64_fifo/U0/inst_fifo_gen/gconvfifo.rf/grf.rf/gntv_or_sync_fifo.mem/goreg_bm.dout_i_reg[421]
INFO: [Physopt 32-662] Processed net U0_ps_ai_peripheral/ZGolo/u_AI_Mate_top/U0_ddr2hp_itcn/U0_dmux4/U3_aw_axi_fifo/w616d64_fifo.U0_w616d64_fifo/U0/inst_fifo_gen/gconvfifo.rf/grf.rf/gntv_or_sync_fifo.mem/dout[426].  Did not re-place instance U0_ps_ai_peripheral/ZGolo/u_AI_Mate_top/U0_ddr2hp_itcn/U0_dmux4/U3_aw_axi_fifo/w616d64_fifo.U0_w616d64_fifo/U0/inst_fifo_gen/gconvfifo.rf/grf.rf/gntv_or_sync_fifo.mem/goreg_bm.dout_i_reg[426]
INFO: [Physopt 32-662] Processed net U0_ps_ai_peripheral/ZGolo/u_AI_Mate_top/U0_ddr2hp_itcn/U0_dmux4/U3_aw_axi_fifo/w616d64_fifo.U0_w616d64_fifo/U0/inst_fifo_gen/gconvfifo.rf/grf.rf/gntv_or_sync_fifo.mem/dout[485].  Did not re-place instance U0_ps_ai_peripheral/ZGolo/u_AI_Mate_top/U0_ddr2hp_itcn/U0_dmux4/U3_aw_axi_fifo/w616d64_fifo.U0_w616d64_fifo/U0/inst_fifo_gen/gconvfifo.rf/grf.rf/gntv_or_sync_fifo.mem/goreg_bm.dout_i_reg[485]
INFO: [Physopt 32-662] Processed net U0_ps_ai_peripheral/ZGolo/u_AI_Mate_top/U0_ddr2hp_itcn/U0_dmux4/U3_aw_axi_fifo/w616d64_fifo.U0_w616d64_fifo/U0/inst_fifo_gen/gconvfifo.rf/grf.rf/gntv_or_sync_fifo.mem/dout[77].  Did not re-place instance U0_ps_ai_peripheral/ZGolo/u_AI_Mate_top/U0_ddr2hp_itcn/U0_dmux4/U3_aw_axi_fifo/w616d64_fifo.U0_w616d64_fifo/U0/inst_fifo_gen/gconvfifo.rf/grf.rf/gntv_or_sync_fifo.mem/goreg_bm.dout_i_reg[77]
INFO: [Physopt 32-662] Processed net U0_ps_ai_peripheral/ZGolo/u_AI_Mate_top/U0_ddr2hp_itcn/U0_dmux4/U3_aw_axi_fifo/w616d64_fifo.U0_w616d64_fifo/U0/inst_fifo_gen/gconvfifo.rf/grf.rf/gntv_or_sync_fifo.mem/dout[197].  Did not re-place instance U0_ps_ai_peripheral/ZGolo/u_AI_Mate_top/U0_ddr2hp_itcn/U0_dmux4/U3_aw_axi_fifo/w616d64_fifo.U0_w616d64_fifo/U0/inst_fifo_gen/gconvfifo.rf/grf.rf/gntv_or_sync_fifo.mem/goreg_bm.dout_i_reg[197]
INFO: [Physopt 32-662] Processed net U0_ps_ai_peripheral/ZGolo/u_AI_Mate_top/U0_ddr2hp_itcn/U0_dmux4/U3_aw_axi_fifo/w616d64_fifo.U0_w616d64_fifo/U0/inst_fifo_gen/gconvfifo.rf/grf.rf/gntv_or_sync_fifo.mem/dout[278].  Did not re-place instance U0_ps_ai_peripheral/ZGolo/u_AI_Mate_top/U0_ddr2hp_itcn/U0_dmux4/U3_aw_axi_fifo/w616d64_fifo.U0_w616d64_fifo/U0/inst_fifo_gen/gconvfifo.rf/grf.rf/gntv_or_sync_fifo.mem/goreg_bm.dout_i_reg[278]
INFO: [Physopt 32-662] Processed net U0_ps_ai_peripheral/ZGolo/u_AI_Mate_top/U0_ddr2hp_itcn/U0_dmux4/U3_aw_axi_fifo/w616d64_fifo.U0_w616d64_fifo/U0/inst_fifo_gen/gconvfifo.rf/grf.rf/gntv_or_sync_fifo.mem/dout[328].  Did not re-place instance U0_ps_ai_peripheral/ZGolo/u_AI_Mate_top/U0_ddr2hp_itcn/U0_dmux4/U3_aw_axi_fifo/w616d64_fifo.U0_w616d64_fifo/U0/inst_fifo_gen/gconvfifo.rf/grf.rf/gntv_or_sync_fifo.mem/goreg_bm.dout_i_reg[328]
INFO: [Physopt 32-662] Processed net U0_ps_ai_peripheral/ZGolo/u_AI_Mate_top/U0_ddr2hp_itcn/U0_dmux4/U3_aw_axi_fifo/w616d64_fifo.U0_w616d64_fifo/U0/inst_fifo_gen/gconvfifo.rf/grf.rf/gntv_or_sync_fifo.mem/dout[400].  Did not re-place instance U0_ps_ai_peripheral/ZGolo/u_AI_Mate_top/U0_ddr2hp_itcn/U0_dmux4/U3_aw_axi_fifo/w616d64_fifo.U0_w616d64_fifo/U0/inst_fifo_gen/gconvfifo.rf/grf.rf/gntv_or_sync_fifo.mem/goreg_bm.dout_i_reg[400]
INFO: [Physopt 32-662] Processed net U0_ps_ai_peripheral/ZGolo/u_AI_Mate_top/U0_ddr2hp_itcn/U0_dmux4/U3_aw_axi_fifo/w616d64_fifo.U0_w616d64_fifo/U0/inst_fifo_gen/gconvfifo.rf/grf.rf/gntv_or_sync_fifo.mem/dout[410].  Did not re-place instance U0_ps_ai_peripheral/ZGolo/u_AI_Mate_top/U0_ddr2hp_itcn/U0_dmux4/U3_aw_axi_fifo/w616d64_fifo.U0_w616d64_fifo/U0/inst_fifo_gen/gconvfifo.rf/grf.rf/gntv_or_sync_fifo.mem/goreg_bm.dout_i_reg[410]
INFO: [Physopt 32-662] Processed net U0_ps_ai_peripheral/ZGolo/u_AI_Mate_top/U0_ddr2hp_itcn/U0_dmux4/U3_aw_axi_fifo/w616d64_fifo.U0_w616d64_fifo/U0/inst_fifo_gen/gconvfifo.rf/grf.rf/gntv_or_sync_fifo.mem/dout[417].  Did not re-place instance U0_ps_ai_peripheral/ZGolo/u_AI_Mate_top/U0_ddr2hp_itcn/U0_dmux4/U3_aw_axi_fifo/w616d64_fifo.U0_w616d64_fifo/U0/inst_fifo_gen/gconvfifo.rf/grf.rf/gntv_or_sync_fifo.mem/goreg_bm.dout_i_reg[417]
INFO: [Physopt 32-662] Processed net U0_ps_ai_peripheral/ZGolo/u_AI_Mate_top/U0_ddr2hp_itcn/U0_dmux4/U3_aw_axi_fifo/w616d64_fifo.U0_w616d64_fifo/U0/inst_fifo_gen/gconvfifo.rf/grf.rf/gntv_or_sync_fifo.mem/dout[419].  Did not re-place instance U0_ps_ai_peripheral/ZGolo/u_AI_Mate_top/U0_ddr2hp_itcn/U0_dmux4/U3_aw_axi_fifo/w616d64_fifo.U0_w616d64_fifo/U0/inst_fifo_gen/gconvfifo.rf/grf.rf/gntv_or_sync_fifo.mem/goreg_bm.dout_i_reg[419]
INFO: [Physopt 32-662] Processed net U0_ps_ai_peripheral/ZGolo/u_AI_Mate_top/U0_ddr2hp_itcn/U0_dmux4/U3_aw_axi_fifo/w616d64_fifo.U0_w616d64_fifo/U0/inst_fifo_gen/gconvfifo.rf/grf.rf/gntv_or_sync_fifo.mem/dout[100].  Did not re-place instance U0_ps_ai_peripheral/ZGolo/u_AI_Mate_top/U0_ddr2hp_itcn/U0_dmux4/U3_aw_axi_fifo/w616d64_fifo.U0_w616d64_fifo/U0/inst_fifo_gen/gconvfifo.rf/grf.rf/gntv_or_sync_fifo.mem/goreg_bm.dout_i_reg[100]
INFO: [Physopt 32-662] Processed net U0_ps_ai_peripheral/ZGolo/u_AI_Mate_top/U0_ddr2hp_itcn/U0_dmux4/U3_aw_axi_fifo/w616d64_fifo.U0_w616d64_fifo/U0/inst_fifo_gen/gconvfifo.rf/grf.rf/gntv_or_sync_fifo.mem/dout[102].  Did not re-place instance U0_ps_ai_peripheral/ZGolo/u_AI_Mate_top/U0_ddr2hp_itcn/U0_dmux4/U3_aw_axi_fifo/w616d64_fifo.U0_w616d64_fifo/U0/inst_fifo_gen/gconvfifo.rf/grf.rf/gntv_or_sync_fifo.mem/goreg_bm.dout_i_reg[102]
INFO: [Physopt 32-662] Processed net U0_ps_ai_peripheral/ZGolo/u_AI_Mate_top/U0_ddr2hp_itcn/U0_dmux4/U3_aw_axi_fifo/w616d64_fifo.U0_w616d64_fifo/U0/inst_fifo_gen/gconvfifo.rf/grf.rf/gntv_or_sync_fifo.mem/dout[110].  Did not re-place instance U0_ps_ai_peripheral/ZGolo/u_AI_Mate_top/U0_ddr2hp_itcn/U0_dmux4/U3_aw_axi_fifo/w616d64_fifo.U0_w616d64_fifo/U0/inst_fifo_gen/gconvfifo.rf/grf.rf/gntv_or_sync_fifo.mem/goreg_bm.dout_i_reg[110]
INFO: [Physopt 32-662] Processed net U0_ps_ai_peripheral/ZGolo/u_AI_Mate_top/U0_ddr2hp_itcn/U0_dmux4/U3_aw_axi_fifo/w616d64_fifo.U0_w616d64_fifo/U0/inst_fifo_gen/gconvfifo.rf/grf.rf/gntv_or_sync_fifo.mem/dout[199].  Did not re-place instance U0_ps_ai_peripheral/ZGolo/u_AI_Mate_top/U0_ddr2hp_itcn/U0_dmux4/U3_aw_axi_fifo/w616d64_fifo.U0_w616d64_fifo/U0/inst_fifo_gen/gconvfifo.rf/grf.rf/gntv_or_sync_fifo.mem/goreg_bm.dout_i_reg[199]
INFO: [Physopt 32-662] Processed net U0_ps_ai_peripheral/ZGolo/u_AI_Mate_top/U0_ddr2hp_itcn/U0_dmux4/U3_aw_axi_fifo/w616d64_fifo.U0_w616d64_fifo/U0/inst_fifo_gen/gconvfifo.rf/grf.rf/gntv_or_sync_fifo.mem/dout[330].  Did not re-place instance U0_ps_ai_peripheral/ZGolo/u_AI_Mate_top/U0_ddr2hp_itcn/U0_dmux4/U3_aw_axi_fifo/w616d64_fifo.U0_w616d64_fifo/U0/inst_fifo_gen/gconvfifo.rf/grf.rf/gntv_or_sync_fifo.mem/goreg_bm.dout_i_reg[330]
INFO: [Physopt 32-662] Processed net U0_ps_ai_peripheral/ZGolo/u_AI_Mate_top/U0_ddr2hp_itcn/U0_dmux4/U3_aw_axi_fifo/w616d64_fifo.U0_w616d64_fifo/U0/inst_fifo_gen/gconvfifo.rf/grf.rf/gntv_or_sync_fifo.mem/dout[72].  Did not re-place instance U0_ps_ai_peripheral/ZGolo/u_AI_Mate_top/U0_ddr2hp_itcn/U0_dmux4/U3_aw_axi_fifo/w616d64_fifo.U0_w616d64_fifo/U0/inst_fifo_gen/gconvfifo.rf/grf.rf/gntv_or_sync_fifo.mem/goreg_bm.dout_i_reg[72]
INFO: [Physopt 32-662] Processed net U0_ps_ai_peripheral/ZGolo/u_AI_Mate_top/U0_ddr2hp_itcn/U0_dmux4/U3_aw_axi_fifo/w616d64_fifo.U0_w616d64_fifo/U0/inst_fifo_gen/gconvfifo.rf/grf.rf/gntv_or_sync_fifo.mem/dout[73].  Did not re-place instance U0_ps_ai_peripheral/ZGolo/u_AI_Mate_top/U0_ddr2hp_itcn/U0_dmux4/U3_aw_axi_fifo/w616d64_fifo.U0_w616d64_fifo/U0/inst_fifo_gen/gconvfifo.rf/grf.rf/gntv_or_sync_fifo.mem/goreg_bm.dout_i_reg[73]
INFO: [Physopt 32-662] Processed net U0_ps_ai_peripheral/ZGolo/u_AI_Mate_top/U0_ddr2hp_itcn/U0_dmux4/U3_aw_axi_fifo/w616d64_fifo.U0_w616d64_fifo/U0/inst_fifo_gen/gconvfifo.rf/grf.rf/gntv_or_sync_fifo.mem/dout[75].  Did not re-place instance U0_ps_ai_peripheral/ZGolo/u_AI_Mate_top/U0_ddr2hp_itcn/U0_dmux4/U3_aw_axi_fifo/w616d64_fifo.U0_w616d64_fifo/U0/inst_fifo_gen/gconvfifo.rf/grf.rf/gntv_or_sync_fifo.mem/goreg_bm.dout_i_reg[75]
INFO: [Physopt 32-662] Processed net U0_ps_ai_peripheral/frame_to_ps_inst0/frame_read_write_m0/D[10].  Did not re-place instance U0_ps_ai_peripheral/frame_to_ps_inst0/frame_read_write_m0/vout_data_r[10]_i_1
INFO: [Physopt 32-662] Processed net U0_ps_ai_peripheral/frame_to_ps_inst0/frame_read_write_m0/read_buf/U0/inst_fifo_gen/gconvfifo.rf/grf.rf/gntv_or_sync_fifo.mem/gbm.gbmg.gbmga.ngecc.bmg/inst_blk_mem_gen/gnbram.gnativebmg.native_blk_mem_gen/valid.cstr/has_mux_b.B/dout[10].  Did not re-place instance U0_ps_ai_peripheral/frame_to_ps_inst0/frame_read_write_m0/read_buf/U0/inst_fifo_gen/gconvfifo.rf/grf.rf/gntv_or_sync_fifo.mem/gbm.gbmg.gbmga.ngecc.bmg/inst_blk_mem_gen/gnbram.gnativebmg.native_blk_mem_gen/valid.cstr/has_mux_b.B/dout[10]_INST_0
INFO: [Physopt 32-662] Processed net U0_ps_ai_peripheral/frame_to_ps_inst0/frame_read_write_m0/read_buf/U0/inst_fifo_gen/gconvfifo.rf/grf.rf/gntv_or_sync_fifo.mem/gbm.gbmg.gbmga.ngecc.bmg/inst_blk_mem_gen/gnbram.gnativebmg.native_blk_mem_gen/valid.cstr/has_mux_b.B/dout[10]_INST_0_i_8_n_0.  Did not re-place instance U0_ps_ai_peripheral/frame_to_ps_inst0/frame_read_write_m0/read_buf/U0/inst_fifo_gen/gconvfifo.rf/grf.rf/gntv_or_sync_fifo.mem/gbm.gbmg.gbmga.ngecc.bmg/inst_blk_mem_gen/gnbram.gnativebmg.native_blk_mem_gen/valid.cstr/has_mux_b.B/dout[10]_INST_0_i_8
INFO: [Physopt 32-662] Processed net U0_ps_ai_peripheral/frame_to_ps_inst0/video_rect_read_data_m0/Q[10].  Did not re-place instance U0_ps_ai_peripheral/frame_to_ps_inst0/video_rect_read_data_m0/vout_data_r_reg[10]
INFO: [Physopt 32-662] Processed net U0_ps_ai_peripheral/ZGolo/u_AI_Mate_top/U0_ddr2hp_itcn/U0_dmux4/U3_aw_axi_fifo/w616d64_fifo.U0_w616d64_fifo/U0/inst_fifo_gen/gconvfifo.rf/grf.rf/gntv_or_sync_fifo.mem/dout[173].  Did not re-place instance U0_ps_ai_peripheral/ZGolo/u_AI_Mate_top/U0_ddr2hp_itcn/U0_dmux4/U3_aw_axi_fifo/w616d64_fifo.U0_w616d64_fifo/U0/inst_fifo_gen/gconvfifo.rf/grf.rf/gntv_or_sync_fifo.mem/goreg_bm.dout_i_reg[173]
INFO: [Physopt 32-662] Processed net U0_ps_ai_peripheral/ZGolo/u_AI_Mate_top/U0_ddr2hp_itcn/U0_dmux4/U3_aw_axi_fifo/w616d64_fifo.U0_w616d64_fifo/U0/inst_fifo_gen/gconvfifo.rf/grf.rf/gntv_or_sync_fifo.mem/dout[238].  Did not re-place instance U0_ps_ai_peripheral/ZGolo/u_AI_Mate_top/U0_ddr2hp_itcn/U0_dmux4/U3_aw_axi_fifo/w616d64_fifo.U0_w616d64_fifo/U0/inst_fifo_gen/gconvfifo.rf/grf.rf/gntv_or_sync_fifo.mem/goreg_bm.dout_i_reg[238]
INFO: [Physopt 32-662] Processed net U0_ps_ai_peripheral/ZGolo/u_AI_Mate_top/U0_ddr2hp_itcn/U0_dmux4/U3_aw_axi_fifo/w616d64_fifo.U0_w616d64_fifo/U0/inst_fifo_gen/gconvfifo.rf/grf.rf/gntv_or_sync_fifo.mem/dout[243].  Did not re-place instance U0_ps_ai_peripheral/ZGolo/u_AI_Mate_top/U0_ddr2hp_itcn/U0_dmux4/U3_aw_axi_fifo/w616d64_fifo.U0_w616d64_fifo/U0/inst_fifo_gen/gconvfifo.rf/grf.rf/gntv_or_sync_fifo.mem/goreg_bm.dout_i_reg[243]
INFO: [Physopt 32-662] Processed net U0_ps_ai_peripheral/ZGolo/u_AI_Mate_top/U0_ddr2hp_itcn/U0_dmux4/U3_aw_axi_fifo/w616d64_fifo.U0_w616d64_fifo/U0/inst_fifo_gen/gconvfifo.rf/grf.rf/gntv_or_sync_fifo.mem/dout[270].  Did not re-place instance U0_ps_ai_peripheral/ZGolo/u_AI_Mate_top/U0_ddr2hp_itcn/U0_dmux4/U3_aw_axi_fifo/w616d64_fifo.U0_w616d64_fifo/U0/inst_fifo_gen/gconvfifo.rf/grf.rf/gntv_or_sync_fifo.mem/goreg_bm.dout_i_reg[270]
INFO: [Physopt 32-662] Processed net U0_ps_ai_peripheral/ZGolo/u_AI_Mate_top/U0_ddr2hp_itcn/U0_dmux4/U3_aw_axi_fifo/w616d64_fifo.U0_w616d64_fifo/U0/inst_fifo_gen/gconvfifo.rf/grf.rf/gntv_or_sync_fifo.mem/dout[316].  Did not re-place instance U0_ps_ai_peripheral/ZGolo/u_AI_Mate_top/U0_ddr2hp_itcn/U0_dmux4/U3_aw_axi_fifo/w616d64_fifo.U0_w616d64_fifo/U0/inst_fifo_gen/gconvfifo.rf/grf.rf/gntv_or_sync_fifo.mem/goreg_bm.dout_i_reg[316]
INFO: [Physopt 32-662] Processed net U0_ps_ai_peripheral/ZGolo/u_AI_Mate_top/U0_ddr2hp_itcn/U0_dmux4/U3_aw_axi_fifo/w616d64_fifo.U0_w616d64_fifo/U0/inst_fifo_gen/gconvfifo.rf/grf.rf/gntv_or_sync_fifo.mem/dout[321].  Did not re-place instance U0_ps_ai_peripheral/ZGolo/u_AI_Mate_top/U0_ddr2hp_itcn/U0_dmux4/U3_aw_axi_fifo/w616d64_fifo.U0_w616d64_fifo/U0/inst_fifo_gen/gconvfifo.rf/grf.rf/gntv_or_sync_fifo.mem/goreg_bm.dout_i_reg[321]
INFO: [Physopt 32-662] Processed net U0_ps_ai_peripheral/ZGolo/u_AI_Mate_top/U0_ddr2hp_itcn/U0_dmux4/U3_aw_axi_fifo/w616d64_fifo.U0_w616d64_fifo/U0/inst_fifo_gen/gconvfifo.rf/grf.rf/gntv_or_sync_fifo.mem/dout[358].  Did not re-place instance U0_ps_ai_peripheral/ZGolo/u_AI_Mate_top/U0_ddr2hp_itcn/U0_dmux4/U3_aw_axi_fifo/w616d64_fifo.U0_w616d64_fifo/U0/inst_fifo_gen/gconvfifo.rf/grf.rf/gntv_or_sync_fifo.mem/goreg_bm.dout_i_reg[358]
INFO: [Physopt 32-662] Processed net U0_ps_ai_peripheral/ZGolo/u_AI_Mate_top/U0_ddr2hp_itcn/U0_dmux4/U3_aw_axi_fifo/w616d64_fifo.U0_w616d64_fifo/U0/inst_fifo_gen/gconvfifo.rf/grf.rf/gntv_or_sync_fifo.mem/dout[378].  Did not re-place instance U0_ps_ai_peripheral/ZGolo/u_AI_Mate_top/U0_ddr2hp_itcn/U0_dmux4/U3_aw_axi_fifo/w616d64_fifo.U0_w616d64_fifo/U0/inst_fifo_gen/gconvfifo.rf/grf.rf/gntv_or_sync_fifo.mem/goreg_bm.dout_i_reg[378]
INFO: [Physopt 32-662] Processed net U0_ps_ai_peripheral/ZGolo/u_AI_Mate_top/U0_ddr2hp_itcn/U0_dmux4/U3_aw_axi_fifo/w616d64_fifo.U0_w616d64_fifo/U0/inst_fifo_gen/gconvfifo.rf/grf.rf/gntv_or_sync_fifo.mem/dout[379].  Did not re-place instance U0_ps_ai_peripheral/ZGolo/u_AI_Mate_top/U0_ddr2hp_itcn/U0_dmux4/U3_aw_axi_fifo/w616d64_fifo.U0_w616d64_fifo/U0/inst_fifo_gen/gconvfifo.rf/grf.rf/gntv_or_sync_fifo.mem/goreg_bm.dout_i_reg[379]
INFO: [Physopt 32-662] Processed net U0_ps_ai_peripheral/ZGolo/u_AI_Mate_top/U0_ddr2hp_itcn/U0_dmux4/U3_aw_axi_fifo/w616d64_fifo.U0_w616d64_fifo/U0/inst_fifo_gen/gconvfifo.rf/grf.rf/gntv_or_sync_fifo.mem/dout[424].  Did not re-place instance U0_ps_ai_peripheral/ZGolo/u_AI_Mate_top/U0_ddr2hp_itcn/U0_dmux4/U3_aw_axi_fifo/w616d64_fifo.U0_w616d64_fifo/U0/inst_fifo_gen/gconvfifo.rf/grf.rf/gntv_or_sync_fifo.mem/goreg_bm.dout_i_reg[424]
INFO: [Physopt 32-662] Processed net U0_ps_ai_peripheral/ZGolo/u_AI_Mate_top/U0_ddr2hp_itcn/U0_dmux4/U3_aw_axi_fifo/w616d64_fifo.U0_w616d64_fifo/U0/inst_fifo_gen/gconvfifo.rf/grf.rf/gntv_or_sync_fifo.mem/dout[476].  Did not re-place instance U0_ps_ai_peripheral/ZGolo/u_AI_Mate_top/U0_ddr2hp_itcn/U0_dmux4/U3_aw_axi_fifo/w616d64_fifo.U0_w616d64_fifo/U0/inst_fifo_gen/gconvfifo.rf/grf.rf/gntv_or_sync_fifo.mem/goreg_bm.dout_i_reg[476]
INFO: [Physopt 32-662] Processed net U0_ps_ai_peripheral/ZGolo/u_AI_Mate_top/U0_ddr2hp_itcn/U0_dmux4/U3_aw_axi_fifo/w616d64_fifo.U0_w616d64_fifo/U0/inst_fifo_gen/gconvfifo.rf/grf.rf/gntv_or_sync_fifo.mem/dout[479].  Did not re-place instance U0_ps_ai_peripheral/ZGolo/u_AI_Mate_top/U0_ddr2hp_itcn/U0_dmux4/U3_aw_axi_fifo/w616d64_fifo.U0_w616d64_fifo/U0/inst_fifo_gen/gconvfifo.rf/grf.rf/gntv_or_sync_fifo.mem/goreg_bm.dout_i_reg[479]
INFO: [Physopt 32-662] Processed net U0_ps_ai_peripheral/ZGolo/u_AI_Mate_top/U0_ddr2hp_itcn/U0_dmux4/U3_aw_axi_fifo/w616d64_fifo.U0_w616d64_fifo/U0/inst_fifo_gen/gconvfifo.rf/grf.rf/gntv_or_sync_fifo.mem/dout[544].  Did not re-place instance U0_ps_ai_peripheral/ZGolo/u_AI_Mate_top/U0_ddr2hp_itcn/U0_dmux4/U3_aw_axi_fifo/w616d64_fifo.U0_w616d64_fifo/U0/inst_fifo_gen/gconvfifo.rf/grf.rf/gntv_or_sync_fifo.mem/goreg_bm.dout_i_reg[544]
INFO: [Physopt 32-662] Processed net U0_ps_ai_peripheral/ZGolo/u_AI_Mate_top/U0_ddr2hp_itcn/U0_dmux4/U3_aw_axi_fifo/w616d64_fifo.U0_w616d64_fifo/U0/inst_fifo_gen/gconvfifo.rf/grf.rf/gntv_or_sync_fifo.mem/dout[547].  Did not re-place instance U0_ps_ai_peripheral/ZGolo/u_AI_Mate_top/U0_ddr2hp_itcn/U0_dmux4/U3_aw_axi_fifo/w616d64_fifo.U0_w616d64_fifo/U0/inst_fifo_gen/gconvfifo.rf/grf.rf/gntv_or_sync_fifo.mem/goreg_bm.dout_i_reg[547]
INFO: [Physopt 32-662] Processed net U0_ps_ai_peripheral/ZGolo/u_AI_Mate_top/U0_ddr2hp_itcn/U0_dmux4/U3_aw_axi_fifo/w616d64_fifo.U0_w616d64_fifo/U0/inst_fifo_gen/gconvfifo.rf/grf.rf/gntv_or_sync_fifo.mem/dout[553].  Did not re-place instance U0_ps_ai_peripheral/ZGolo/u_AI_Mate_top/U0_ddr2hp_itcn/U0_dmux4/U3_aw_axi_fifo/w616d64_fifo.U0_w616d64_fifo/U0/inst_fifo_gen/gconvfifo.rf/grf.rf/gntv_or_sync_fifo.mem/goreg_bm.dout_i_reg[553]
INFO: [Physopt 32-662] Processed net U0_ps_ai_peripheral/ZGolo/u_AI_Mate_top/U0_ddr2hp_itcn/U0_dmux4/U3_aw_axi_fifo/w616d64_fifo.U0_w616d64_fifo/U0/inst_fifo_gen/gconvfifo.rf/grf.rf/gntv_or_sync_fifo.mem/dout[68].  Did not re-place instance U0_ps_ai_peripheral/ZGolo/u_AI_Mate_top/U0_ddr2hp_itcn/U0_dmux4/U3_aw_axi_fifo/w616d64_fifo.U0_w616d64_fifo/U0/inst_fifo_gen/gconvfifo.rf/grf.rf/gntv_or_sync_fifo.mem/goreg_bm.dout_i_reg[68]
INFO: [Physopt 32-662] Processed net U0_ps_ai_peripheral/frame_to_ps_inst0/frame_read_write_m0/D[7].  Did not re-place instance U0_ps_ai_peripheral/frame_to_ps_inst0/frame_read_write_m0/vout_data_r[7]_i_1
INFO: [Physopt 32-662] Processed net U0_ps_ai_peripheral/frame_to_ps_inst0/frame_read_write_m0/read_buf/U0/inst_fifo_gen/gconvfifo.rf/grf.rf/gntv_or_sync_fifo.mem/gbm.gbmg.gbmga.ngecc.bmg/inst_blk_mem_gen/gnbram.gnativebmg.native_blk_mem_gen/valid.cstr/has_mux_b.B/dout[7].  Did not re-place instance U0_ps_ai_peripheral/frame_to_ps_inst0/frame_read_write_m0/read_buf/U0/inst_fifo_gen/gconvfifo.rf/grf.rf/gntv_or_sync_fifo.mem/gbm.gbmg.gbmga.ngecc.bmg/inst_blk_mem_gen/gnbram.gnativebmg.native_blk_mem_gen/valid.cstr/has_mux_b.B/dout[7]_INST_0
INFO: [Physopt 32-662] Processed net U0_ps_ai_peripheral/frame_to_ps_inst0/frame_read_write_m0/read_buf/U0/inst_fifo_gen/gconvfifo.rf/grf.rf/gntv_or_sync_fifo.mem/gbm.gbmg.gbmga.ngecc.bmg/inst_blk_mem_gen/gnbram.gnativebmg.native_blk_mem_gen/valid.cstr/has_mux_b.B/dout[7]_INST_0_i_8_n_0.  Did not re-place instance U0_ps_ai_peripheral/frame_to_ps_inst0/frame_read_write_m0/read_buf/U0/inst_fifo_gen/gconvfifo.rf/grf.rf/gntv_or_sync_fifo.mem/gbm.gbmg.gbmga.ngecc.bmg/inst_blk_mem_gen/gnbram.gnativebmg.native_blk_mem_gen/valid.cstr/has_mux_b.B/dout[7]_INST_0_i_8
INFO: [Physopt 32-662] Processed net U0_ps_ai_peripheral/frame_to_ps_inst0/video_rect_read_data_m0/Q[7].  Did not re-place instance U0_ps_ai_peripheral/frame_to_ps_inst0/video_rect_read_data_m0/vout_data_r_reg[7]
INFO: [Physopt 32-662] Processed net U0_ps_ai_peripheral/frame_to_ps_inst0/frame_read_write_m0/read_buf/U0/inst_fifo_gen/gconvfifo.rf/grf.rf/gntv_or_sync_fifo.mem/gbm.gbmg.gbmga.ngecc.bmg/inst_blk_mem_gen/gnbram.gnativebmg.native_blk_mem_gen/valid.cstr/has_mux_b.B/dout[15]_INST_0_i_8_n_0.  Did not re-place instance U0_ps_ai_peripheral/frame_to_ps_inst0/frame_read_write_m0/read_buf/U0/inst_fifo_gen/gconvfifo.rf/grf.rf/gntv_or_sync_fifo.mem/gbm.gbmg.gbmga.ngecc.bmg/inst_blk_mem_gen/gnbram.gnativebmg.native_blk_mem_gen/valid.cstr/has_mux_b.B/dout[15]_INST_0_i_8
INFO: [Physopt 32-662] Processed net U_adder_top/U_flicker/dma/no[11].  Did not re-place instance U_adder_top/U_flicker/dma/no_reg[11]
INFO: [Physopt 32-662] Processed net U_adder_top/U_flicker/dma/awvalid1_carry__0_i_7_n_0.  Did not re-place instance U_adder_top/U_flicker/dma/awvalid1_carry__0_i_7
INFO: [Physopt 32-662] Processed net U0_ps_ai_peripheral/ZGolo/u_AI_Mate_top/U0_ddr2hp_itcn/U0_dmux4/U3_aw_axi_fifo/w616d64_fifo.U0_w616d64_fifo/U0/inst_fifo_gen/gconvfifo.rf/grf.rf/gntv_or_sync_fifo.mem/dout[189].  Did not re-place instance U0_ps_ai_peripheral/ZGolo/u_AI_Mate_top/U0_ddr2hp_itcn/U0_dmux4/U3_aw_axi_fifo/w616d64_fifo.U0_w616d64_fifo/U0/inst_fifo_gen/gconvfifo.rf/grf.rf/gntv_or_sync_fifo.mem/goreg_bm.dout_i_reg[189]
INFO: [Physopt 32-662] Processed net U0_ps_ai_peripheral/ZGolo/u_AI_Mate_top/U0_ddr2hp_itcn/U0_dmux4/U3_aw_axi_fifo/w616d64_fifo.U0_w616d64_fifo/U0/inst_fifo_gen/gconvfifo.rf/grf.rf/gntv_or_sync_fifo.mem/dout[200].  Did not re-place instance U0_ps_ai_peripheral/ZGolo/u_AI_Mate_top/U0_ddr2hp_itcn/U0_dmux4/U3_aw_axi_fifo/w616d64_fifo.U0_w616d64_fifo/U0/inst_fifo_gen/gconvfifo.rf/grf.rf/gntv_or_sync_fifo.mem/goreg_bm.dout_i_reg[200]
INFO: [Physopt 32-662] Processed net U0_ps_ai_peripheral/ZGolo/u_AI_Mate_top/U0_ddr2hp_itcn/U0_dmux4/U3_aw_axi_fifo/w616d64_fifo.U0_w616d64_fifo/U0/inst_fifo_gen/gconvfifo.rf/grf.rf/gntv_or_sync_fifo.mem/dout[201].  Did not re-place instance U0_ps_ai_peripheral/ZGolo/u_AI_Mate_top/U0_ddr2hp_itcn/U0_dmux4/U3_aw_axi_fifo/w616d64_fifo.U0_w616d64_fifo/U0/inst_fifo_gen/gconvfifo.rf/grf.rf/gntv_or_sync_fifo.mem/goreg_bm.dout_i_reg[201]
INFO: [Physopt 32-662] Processed net U0_ps_ai_peripheral/ZGolo/u_AI_Mate_top/U0_ddr2hp_itcn/U0_dmux4/U3_aw_axi_fifo/w616d64_fifo.U0_w616d64_fifo/U0/inst_fifo_gen/gconvfifo.rf/grf.rf/gntv_or_sync_fifo.mem/dout[203].  Did not re-place instance U0_ps_ai_peripheral/ZGolo/u_AI_Mate_top/U0_ddr2hp_itcn/U0_dmux4/U3_aw_axi_fifo/w616d64_fifo.U0_w616d64_fifo/U0/inst_fifo_gen/gconvfifo.rf/grf.rf/gntv_or_sync_fifo.mem/goreg_bm.dout_i_reg[203]
INFO: [Physopt 32-662] Processed net U0_ps_ai_peripheral/ZGolo/u_AI_Mate_top/U0_ddr2hp_itcn/U0_dmux4/U3_aw_axi_fifo/w616d64_fifo.U0_w616d64_fifo/U0/inst_fifo_gen/gconvfifo.rf/grf.rf/gntv_or_sync_fifo.mem/dout[214].  Did not re-place instance U0_ps_ai_peripheral/ZGolo/u_AI_Mate_top/U0_ddr2hp_itcn/U0_dmux4/U3_aw_axi_fifo/w616d64_fifo.U0_w616d64_fifo/U0/inst_fifo_gen/gconvfifo.rf/grf.rf/gntv_or_sync_fifo.mem/goreg_bm.dout_i_reg[214]
INFO: [Physopt 32-662] Processed net U0_ps_ai_peripheral/ZGolo/u_AI_Mate_top/U0_ddr2hp_itcn/U0_dmux4/U3_aw_axi_fifo/w616d64_fifo.U0_w616d64_fifo/U0/inst_fifo_gen/gconvfifo.rf/grf.rf/gntv_or_sync_fifo.mem/dout[409].  Did not re-place instance U0_ps_ai_peripheral/ZGolo/u_AI_Mate_top/U0_ddr2hp_itcn/U0_dmux4/U3_aw_axi_fifo/w616d64_fifo.U0_w616d64_fifo/U0/inst_fifo_gen/gconvfifo.rf/grf.rf/gntv_or_sync_fifo.mem/goreg_bm.dout_i_reg[409]
INFO: [Physopt 32-662] Processed net U0_ps_ai_peripheral/ZGolo/u_AI_Mate_top/U0_ddr2hp_itcn/U0_dmux4/U3_aw_axi_fifo/w616d64_fifo.U0_w616d64_fifo/U0/inst_fifo_gen/gconvfifo.rf/grf.rf/gntv_or_sync_fifo.mem/dout[91].  Did not re-place instance U0_ps_ai_peripheral/ZGolo/u_AI_Mate_top/U0_ddr2hp_itcn/U0_dmux4/U3_aw_axi_fifo/w616d64_fifo.U0_w616d64_fifo/U0/inst_fifo_gen/gconvfifo.rf/grf.rf/gntv_or_sync_fifo.mem/goreg_bm.dout_i_reg[91]
INFO: [Physopt 32-662] Processed net U0_ps_ai_peripheral/ZGolo/u_AI_Mate_top/U0_ddr2hp_itcn/U0_dmux4/U3_aw_axi_fifo/w616d64_fifo.U0_w616d64_fifo/U0/inst_fifo_gen/gconvfifo.rf/grf.rf/gntv_or_sync_fifo.mem/dout[96].  Did not re-place instance U0_ps_ai_peripheral/ZGolo/u_AI_Mate_top/U0_ddr2hp_itcn/U0_dmux4/U3_aw_axi_fifo/w616d64_fifo.U0_w616d64_fifo/U0/inst_fifo_gen/gconvfifo.rf/grf.rf/gntv_or_sync_fifo.mem/goreg_bm.dout_i_reg[96]
INFO: [Physopt 32-662] Processed net U0_ps_ai_peripheral/ZGolo/u_AI_Mate_top/U0_ddr2hp_itcn/U0_dmux4/U3_aw_axi_fifo/w616d64_fifo.U0_w616d64_fifo/U0/inst_fifo_gen/gconvfifo.rf/grf.rf/gntv_or_sync_fifo.mem/dout[114].  Did not re-place instance U0_ps_ai_peripheral/ZGolo/u_AI_Mate_top/U0_ddr2hp_itcn/U0_dmux4/U3_aw_axi_fifo/w616d64_fifo.U0_w616d64_fifo/U0/inst_fifo_gen/gconvfifo.rf/grf.rf/gntv_or_sync_fifo.mem/goreg_bm.dout_i_reg[114]
INFO: [Physopt 32-662] Processed net U0_ps_ai_peripheral/ZGolo/u_AI_Mate_top/U0_ddr2hp_itcn/U0_dmux4/U3_aw_axi_fifo/w616d64_fifo.U0_w616d64_fifo/U0/inst_fifo_gen/gconvfifo.rf/grf.rf/gntv_or_sync_fifo.mem/dout[116].  Did not re-place instance U0_ps_ai_peripheral/ZGolo/u_AI_Mate_top/U0_ddr2hp_itcn/U0_dmux4/U3_aw_axi_fifo/w616d64_fifo.U0_w616d64_fifo/U0/inst_fifo_gen/gconvfifo.rf/grf.rf/gntv_or_sync_fifo.mem/goreg_bm.dout_i_reg[116]
INFO: [Physopt 32-662] Processed net U0_ps_ai_peripheral/ZGolo/u_AI_Mate_top/U0_ddr2hp_itcn/U0_dmux4/U3_aw_axi_fifo/w616d64_fifo.U0_w616d64_fifo/U0/inst_fifo_gen/gconvfifo.rf/grf.rf/gntv_or_sync_fifo.mem/dout[196].  Did not re-place instance U0_ps_ai_peripheral/ZGolo/u_AI_Mate_top/U0_ddr2hp_itcn/U0_dmux4/U3_aw_axi_fifo/w616d64_fifo.U0_w616d64_fifo/U0/inst_fifo_gen/gconvfifo.rf/grf.rf/gntv_or_sync_fifo.mem/goreg_bm.dout_i_reg[196]
INFO: [Physopt 32-662] Processed net U0_ps_ai_peripheral/ZGolo/u_AI_Mate_top/U0_ddr2hp_itcn/U0_dmux4/U3_aw_axi_fifo/w616d64_fifo.U0_w616d64_fifo/U0/inst_fifo_gen/gconvfifo.rf/grf.rf/gntv_or_sync_fifo.mem/dout[312].  Did not re-place instance U0_ps_ai_peripheral/ZGolo/u_AI_Mate_top/U0_ddr2hp_itcn/U0_dmux4/U3_aw_axi_fifo/w616d64_fifo.U0_w616d64_fifo/U0/inst_fifo_gen/gconvfifo.rf/grf.rf/gntv_or_sync_fifo.mem/goreg_bm.dout_i_reg[312]
INFO: [Physopt 32-662] Processed net U0_ps_ai_peripheral/ZGolo/u_AI_Mate_top/U0_ddr2hp_itcn/U0_dmux4/U3_aw_axi_fifo/w616d64_fifo.U0_w616d64_fifo/U0/inst_fifo_gen/gconvfifo.rf/grf.rf/gntv_or_sync_fifo.mem/dout[420].  Did not re-place instance U0_ps_ai_peripheral/ZGolo/u_AI_Mate_top/U0_ddr2hp_itcn/U0_dmux4/U3_aw_axi_fifo/w616d64_fifo.U0_w616d64_fifo/U0/inst_fifo_gen/gconvfifo.rf/grf.rf/gntv_or_sync_fifo.mem/goreg_bm.dout_i_reg[420]
INFO: [Physopt 32-662] Processed net U0_ps_ai_peripheral/ZGolo/u_AI_Mate_top/U0_ddr2hp_itcn/U0_dmux4/U3_aw_axi_fifo/w616d64_fifo.U0_w616d64_fifo/U0/inst_fifo_gen/gconvfifo.rf/grf.rf/gntv_or_sync_fifo.mem/dout[428].  Did not re-place instance U0_ps_ai_peripheral/ZGolo/u_AI_Mate_top/U0_ddr2hp_itcn/U0_dmux4/U3_aw_axi_fifo/w616d64_fifo.U0_w616d64_fifo/U0/inst_fifo_gen/gconvfifo.rf/grf.rf/gntv_or_sync_fifo.mem/goreg_bm.dout_i_reg[428]
INFO: [Physopt 32-662] Processed net U0_ps_ai_peripheral/ZGolo/u_AI_Mate_top/U0_ddr2hp_itcn/U0_dmux4/U3_aw_axi_fifo/w616d64_fifo.U0_w616d64_fifo/U0/inst_fifo_gen/gconvfifo.rf/grf.rf/gntv_or_sync_fifo.mem/dout[528].  Did not re-place instance U0_ps_ai_peripheral/ZGolo/u_AI_Mate_top/U0_ddr2hp_itcn/U0_dmux4/U3_aw_axi_fifo/w616d64_fifo.U0_w616d64_fifo/U0/inst_fifo_gen/gconvfifo.rf/grf.rf/gntv_or_sync_fifo.mem/goreg_bm.dout_i_reg[528]
INFO: [Physopt 32-662] Processed net U0_ps_ai_peripheral/ZGolo/u_AI_Mate_top/U0_ddr2hp_itcn/U0_dmux4/U3_aw_axi_fifo/w616d64_fifo.U0_w616d64_fifo/U0/inst_fifo_gen/gconvfifo.rf/grf.rf/gntv_or_sync_fifo.mem/dout[598].  Did not re-place instance U0_ps_ai_peripheral/ZGolo/u_AI_Mate_top/U0_ddr2hp_itcn/U0_dmux4/U3_aw_axi_fifo/w616d64_fifo.U0_w616d64_fifo/U0/inst_fifo_gen/gconvfifo.rf/grf.rf/gntv_or_sync_fifo.mem/goreg_bm.dout_i_reg[598]
INFO: [Physopt 32-662] Processed net U0_ps_ai_peripheral/ZGolo/u_AI_Mate_top/U0_ddr2hp_itcn/U0_dmux4/U3_aw_axi_fifo/w616d64_fifo.U0_w616d64_fifo/U0/inst_fifo_gen/gconvfifo.rf/grf.rf/gntv_or_sync_fifo.mem/dout[411].  Did not re-place instance U0_ps_ai_peripheral/ZGolo/u_AI_Mate_top/U0_ddr2hp_itcn/U0_dmux4/U3_aw_axi_fifo/w616d64_fifo.U0_w616d64_fifo/U0/inst_fifo_gen/gconvfifo.rf/grf.rf/gntv_or_sync_fifo.mem/goreg_bm.dout_i_reg[411]
INFO: [Physopt 32-662] Processed net U0_ps_ai_peripheral/ZGolo/u_AI_Mate_top/U0_ddr2hp_itcn/U0_dmux4/U3_aw_axi_fifo/w616d64_fifo.U0_w616d64_fifo/U0/inst_fifo_gen/gconvfifo.rf/grf.rf/gntv_or_sync_fifo.mem/dout[50].  Did not re-place instance U0_ps_ai_peripheral/ZGolo/u_AI_Mate_top/U0_ddr2hp_itcn/U0_dmux4/U3_aw_axi_fifo/w616d64_fifo.U0_w616d64_fifo/U0/inst_fifo_gen/gconvfifo.rf/grf.rf/gntv_or_sync_fifo.mem/goreg_bm.dout_i_reg[50]
INFO: [Physopt 32-662] Processed net U0_ps_ai_peripheral/ZGolo/u_AI_Mate_top/U0_ddr2hp_itcn/U0_dmux4/U3_aw_axi_fifo/w616d64_fifo.U0_w616d64_fifo/U0/inst_fifo_gen/gconvfifo.rf/grf.rf/gntv_or_sync_fifo.mem/dout[543].  Did not re-place instance U0_ps_ai_peripheral/ZGolo/u_AI_Mate_top/U0_ddr2hp_itcn/U0_dmux4/U3_aw_axi_fifo/w616d64_fifo.U0_w616d64_fifo/U0/inst_fifo_gen/gconvfifo.rf/grf.rf/gntv_or_sync_fifo.mem/goreg_bm.dout_i_reg[543]
INFO: [Physopt 32-662] Processed net U0_ps_ai_peripheral/ZGolo/u_AI_Mate_top/U0_ddr2hp_itcn/U0_dmux4/U3_aw_axi_fifo/w616d64_fifo.U0_w616d64_fifo/U0/inst_fifo_gen/gconvfifo.rf/grf.rf/gntv_or_sync_fifo.mem/dout[607].  Did not re-place instance U0_ps_ai_peripheral/ZGolo/u_AI_Mate_top/U0_ddr2hp_itcn/U0_dmux4/U3_aw_axi_fifo/w616d64_fifo.U0_w616d64_fifo/U0/inst_fifo_gen/gconvfifo.rf/grf.rf/gntv_or_sync_fifo.mem/goreg_bm.dout_i_reg[607]
INFO: [Physopt 32-662] Processed net U0_ps_ai_peripheral/ZGolo/u_AI_Mate_top/U0_ddr2hp_itcn/U0_dmux4/U3_aw_axi_fifo/w616d64_fifo.U0_w616d64_fifo/U0/inst_fifo_gen/gconvfifo.rf/grf.rf/gntv_or_sync_fifo.mem/dout[67].  Did not re-place instance U0_ps_ai_peripheral/ZGolo/u_AI_Mate_top/U0_ddr2hp_itcn/U0_dmux4/U3_aw_axi_fifo/w616d64_fifo.U0_w616d64_fifo/U0/inst_fifo_gen/gconvfifo.rf/grf.rf/gntv_or_sync_fifo.mem/goreg_bm.dout_i_reg[67]
INFO: [Physopt 32-662] Processed net U0_ps_ai_peripheral/ZGolo/u_AI_Mate_top/ddr_witcn_u0/mna_idfifo_w5_u0/U0/inst_fifo_gen/gconvfifo.rf/grf.rf/gntv_or_sync_fifo.gl0.wr/gwss.gpf.wrpf/diff_pntr_pad[6].  Did not re-place instance U0_ps_ai_peripheral/ZGolo/u_AI_Mate_top/ddr_witcn_u0/mna_idfifo_w5_u0/U0/inst_fifo_gen/gconvfifo.rf/grf.rf/gntv_or_sync_fifo.gl0.wr/gwss.gpf.wrpf/gdiff.gcry_1_sym.diff_pntr_pad_reg[6]
INFO: [Physopt 32-662] Processed net U0_ps_ai_peripheral/frame_to_ps_inst0/frame_read_write_m0/D[2].  Did not re-place instance U0_ps_ai_peripheral/frame_to_ps_inst0/frame_read_write_m0/vout_data_r[2]_i_1
INFO: [Physopt 32-662] Processed net U0_ps_ai_peripheral/frame_to_ps_inst0/frame_read_write_m0/read_buf/U0/inst_fifo_gen/gconvfifo.rf/grf.rf/gntv_or_sync_fifo.mem/gbm.gbmg.gbmga.ngecc.bmg/inst_blk_mem_gen/gnbram.gnativebmg.native_blk_mem_gen/valid.cstr/has_mux_b.B/dout[2].  Did not re-place instance U0_ps_ai_peripheral/frame_to_ps_inst0/frame_read_write_m0/read_buf/U0/inst_fifo_gen/gconvfifo.rf/grf.rf/gntv_or_sync_fifo.mem/gbm.gbmg.gbmga.ngecc.bmg/inst_blk_mem_gen/gnbram.gnativebmg.native_blk_mem_gen/valid.cstr/has_mux_b.B/dout[2]_INST_0
INFO: [Physopt 32-662] Processed net U0_ps_ai_peripheral/frame_to_ps_inst0/video_rect_read_data_m0/Q[2].  Did not re-place instance U0_ps_ai_peripheral/frame_to_ps_inst0/video_rect_read_data_m0/vout_data_r_reg[2]
INFO: [Physopt 32-662] Processed net U0_ps_ai_peripheral/ZGolo/u_AI_Mate_top/ddr_witcn_u0/mna_idfifo_w5_u0/U0/inst_fifo_gen/gconvfifo.rf/grf.rf/gntv_or_sync_fifo.gl0.wr/gwss.gpf.wrpf/diff_pntr_pad[9].  Did not re-place instance U0_ps_ai_peripheral/ZGolo/u_AI_Mate_top/ddr_witcn_u0/mna_idfifo_w5_u0/U0/inst_fifo_gen/gconvfifo.rf/grf.rf/gntv_or_sync_fifo.gl0.wr/gwss.gpf.wrpf/gdiff.gcry_1_sym.diff_pntr_pad_reg[9]
INFO: [Physopt 32-662] Processed net U0_ps_ai_peripheral/frame_to_ps_inst0/frame_read_write_m0/read_buf/U0/inst_fifo_gen/gconvfifo.rf/grf.rf/gntv_or_sync_fifo.mem/gbm.gbmg.gbmga.ngecc.bmg/inst_blk_mem_gen/gnbram.gnativebmg.native_blk_mem_gen/valid.cstr/has_mux_b.B/dout[15]_INST_0_i_5_n_0.  Did not re-place instance U0_ps_ai_peripheral/frame_to_ps_inst0/frame_read_write_m0/read_buf/U0/inst_fifo_gen/gconvfifo.rf/grf.rf/gntv_or_sync_fifo.mem/gbm.gbmg.gbmga.ngecc.bmg/inst_blk_mem_gen/gnbram.gnativebmg.native_blk_mem_gen/valid.cstr/has_mux_b.B/dout[15]_INST_0_i_5
INFO: [Physopt 32-662] Processed net U0_ps_ai_peripheral/ZGolo/u_AI_Mate_top/U0_ddr2hp_itcn/U0_dmux4/U3_aw_axi_fifo/w616d64_fifo.U0_w616d64_fifo/U0/inst_fifo_gen/gconvfifo.rf/grf.rf/gntv_or_sync_fifo.mem/dout[0].  Did not re-place instance U0_ps_ai_peripheral/ZGolo/u_AI_Mate_top/U0_ddr2hp_itcn/U0_dmux4/U3_aw_axi_fifo/w616d64_fifo.U0_w616d64_fifo/U0/inst_fifo_gen/gconvfifo.rf/grf.rf/gntv_or_sync_fifo.mem/goreg_bm.dout_i_reg[0]
INFO: [Physopt 32-662] Processed net U0_ps_ai_peripheral/ZGolo/u_AI_Mate_top/U0_ddr2hp_itcn/U0_dmux4/U3_aw_axi_fifo/w616d64_fifo.U0_w616d64_fifo/U0/inst_fifo_gen/gconvfifo.rf/grf.rf/gntv_or_sync_fifo.mem/dout[232].  Did not re-place instance U0_ps_ai_peripheral/ZGolo/u_AI_Mate_top/U0_ddr2hp_itcn/U0_dmux4/U3_aw_axi_fifo/w616d64_fifo.U0_w616d64_fifo/U0/inst_fifo_gen/gconvfifo.rf/grf.rf/gntv_or_sync_fifo.mem/goreg_bm.dout_i_reg[232]
INFO: [Physopt 32-662] Processed net U0_ps_ai_peripheral/ZGolo/u_AI_Mate_top/U0_ddr2hp_itcn/U0_dmux4/U3_aw_axi_fifo/w616d64_fifo.U0_w616d64_fifo/U0/inst_fifo_gen/gconvfifo.rf/grf.rf/gntv_or_sync_fifo.mem/dout[258].  Did not re-place instance U0_ps_ai_peripheral/ZGolo/u_AI_Mate_top/U0_ddr2hp_itcn/U0_dmux4/U3_aw_axi_fifo/w616d64_fifo.U0_w616d64_fifo/U0/inst_fifo_gen/gconvfifo.rf/grf.rf/gntv_or_sync_fifo.mem/goreg_bm.dout_i_reg[258]
INFO: [Physopt 32-662] Processed net U0_ps_ai_peripheral/ZGolo/u_AI_Mate_top/U0_ddr2hp_itcn/U0_dmux4/U3_aw_axi_fifo/w616d64_fifo.U0_w616d64_fifo/U0/inst_fifo_gen/gconvfifo.rf/grf.rf/gntv_or_sync_fifo.mem/dout[279].  Did not re-place instance U0_ps_ai_peripheral/ZGolo/u_AI_Mate_top/U0_ddr2hp_itcn/U0_dmux4/U3_aw_axi_fifo/w616d64_fifo.U0_w616d64_fifo/U0/inst_fifo_gen/gconvfifo.rf/grf.rf/gntv_or_sync_fifo.mem/goreg_bm.dout_i_reg[279]
INFO: [Physopt 32-662] Processed net U0_ps_ai_peripheral/ZGolo/u_AI_Mate_top/U0_ddr2hp_itcn/U0_dmux4/U3_aw_axi_fifo/w616d64_fifo.U0_w616d64_fifo/U0/inst_fifo_gen/gconvfifo.rf/grf.rf/gntv_or_sync_fifo.mem/dout[310].  Did not re-place instance U0_ps_ai_peripheral/ZGolo/u_AI_Mate_top/U0_ddr2hp_itcn/U0_dmux4/U3_aw_axi_fifo/w616d64_fifo.U0_w616d64_fifo/U0/inst_fifo_gen/gconvfifo.rf/grf.rf/gntv_or_sync_fifo.mem/goreg_bm.dout_i_reg[310]
INFO: [Physopt 32-662] Processed net U0_ps_ai_peripheral/ZGolo/u_AI_Mate_top/U0_ddr2hp_itcn/U0_dmux4/U3_aw_axi_fifo/w616d64_fifo.U0_w616d64_fifo/U0/inst_fifo_gen/gconvfifo.rf/grf.rf/gntv_or_sync_fifo.mem/dout[313].  Did not re-place instance U0_ps_ai_peripheral/ZGolo/u_AI_Mate_top/U0_ddr2hp_itcn/U0_dmux4/U3_aw_axi_fifo/w616d64_fifo.U0_w616d64_fifo/U0/inst_fifo_gen/gconvfifo.rf/grf.rf/gntv_or_sync_fifo.mem/goreg_bm.dout_i_reg[313]
INFO: [Physopt 32-662] Processed net U0_ps_ai_peripheral/ZGolo/u_AI_Mate_top/U0_ddr2hp_itcn/U0_dmux4/U3_aw_axi_fifo/w616d64_fifo.U0_w616d64_fifo/U0/inst_fifo_gen/gconvfifo.rf/grf.rf/gntv_or_sync_fifo.mem/dout[333].  Did not re-place instance U0_ps_ai_peripheral/ZGolo/u_AI_Mate_top/U0_ddr2hp_itcn/U0_dmux4/U3_aw_axi_fifo/w616d64_fifo.U0_w616d64_fifo/U0/inst_fifo_gen/gconvfifo.rf/grf.rf/gntv_or_sync_fifo.mem/goreg_bm.dout_i_reg[333]
INFO: [Physopt 32-662] Processed net U0_ps_ai_peripheral/ZGolo/u_AI_Mate_top/U0_ddr2hp_itcn/U0_dmux4/U3_aw_axi_fifo/w616d64_fifo.U0_w616d64_fifo/U0/inst_fifo_gen/gconvfifo.rf/grf.rf/gntv_or_sync_fifo.mem/dout[347].  Did not re-place instance U0_ps_ai_peripheral/ZGolo/u_AI_Mate_top/U0_ddr2hp_itcn/U0_dmux4/U3_aw_axi_fifo/w616d64_fifo.U0_w616d64_fifo/U0/inst_fifo_gen/gconvfifo.rf/grf.rf/gntv_or_sync_fifo.mem/goreg_bm.dout_i_reg[347]
INFO: [Physopt 32-662] Processed net U0_ps_ai_peripheral/ZGolo/u_AI_Mate_top/U0_ddr2hp_itcn/U0_dmux4/U3_aw_axi_fifo/w616d64_fifo.U0_w616d64_fifo/U0/inst_fifo_gen/gconvfifo.rf/grf.rf/gntv_or_sync_fifo.mem/dout[352].  Did not re-place instance U0_ps_ai_peripheral/ZGolo/u_AI_Mate_top/U0_ddr2hp_itcn/U0_dmux4/U3_aw_axi_fifo/w616d64_fifo.U0_w616d64_fifo/U0/inst_fifo_gen/gconvfifo.rf/grf.rf/gntv_or_sync_fifo.mem/goreg_bm.dout_i_reg[352]
INFO: [Physopt 32-662] Processed net U0_ps_ai_peripheral/ZGolo/u_AI_Mate_top/U0_ddr2hp_itcn/U0_dmux4/U3_aw_axi_fifo/w616d64_fifo.U0_w616d64_fifo/U0/inst_fifo_gen/gconvfifo.rf/grf.rf/gntv_or_sync_fifo.mem/dout[376].  Did not re-place instance U0_ps_ai_peripheral/ZGolo/u_AI_Mate_top/U0_ddr2hp_itcn/U0_dmux4/U3_aw_axi_fifo/w616d64_fifo.U0_w616d64_fifo/U0/inst_fifo_gen/gconvfifo.rf/grf.rf/gntv_or_sync_fifo.mem/goreg_bm.dout_i_reg[376]
INFO: [Physopt 32-662] Processed net U0_ps_ai_peripheral/ZGolo/u_AI_Mate_top/U0_ddr2hp_itcn/U0_dmux4/U3_aw_axi_fifo/w616d64_fifo.U0_w616d64_fifo/U0/inst_fifo_gen/gconvfifo.rf/grf.rf/gntv_or_sync_fifo.mem/dout[466].  Did not re-place instance U0_ps_ai_peripheral/ZGolo/u_AI_Mate_top/U0_ddr2hp_itcn/U0_dmux4/U3_aw_axi_fifo/w616d64_fifo.U0_w616d64_fifo/U0/inst_fifo_gen/gconvfifo.rf/grf.rf/gntv_or_sync_fifo.mem/goreg_bm.dout_i_reg[466]
INFO: [Physopt 32-662] Processed net U0_ps_ai_peripheral/ZGolo/u_AI_Mate_top/U0_ddr2hp_itcn/U0_dmux4/U3_aw_axi_fifo/w616d64_fifo.U0_w616d64_fifo/U0/inst_fifo_gen/gconvfifo.rf/grf.rf/gntv_or_sync_fifo.mem/dout[486].  Did not re-place instance U0_ps_ai_peripheral/ZGolo/u_AI_Mate_top/U0_ddr2hp_itcn/U0_dmux4/U3_aw_axi_fifo/w616d64_fifo.U0_w616d64_fifo/U0/inst_fifo_gen/gconvfifo.rf/grf.rf/gntv_or_sync_fifo.mem/goreg_bm.dout_i_reg[486]
INFO: [Physopt 32-662] Processed net U0_ps_ai_peripheral/ZGolo/u_AI_Mate_top/U0_ddr2hp_itcn/U0_dmux4/U3_aw_axi_fifo/w616d64_fifo.U0_w616d64_fifo/U0/inst_fifo_gen/gconvfifo.rf/grf.rf/gntv_or_sync_fifo.mem/dout[502].  Did not re-place instance U0_ps_ai_peripheral/ZGolo/u_AI_Mate_top/U0_ddr2hp_itcn/U0_dmux4/U3_aw_axi_fifo/w616d64_fifo.U0_w616d64_fifo/U0/inst_fifo_gen/gconvfifo.rf/grf.rf/gntv_or_sync_fifo.mem/goreg_bm.dout_i_reg[502]
INFO: [Physopt 32-662] Processed net U0_ps_ai_peripheral/ZGolo/u_AI_Mate_top/U0_ddr2hp_itcn/U0_dmux4/U3_aw_axi_fifo/w616d64_fifo.U0_w616d64_fifo/U0/inst_fifo_gen/gconvfifo.rf/grf.rf/gntv_or_sync_fifo.mem/dout[518].  Did not re-place instance U0_ps_ai_peripheral/ZGolo/u_AI_Mate_top/U0_ddr2hp_itcn/U0_dmux4/U3_aw_axi_fifo/w616d64_fifo.U0_w616d64_fifo/U0/inst_fifo_gen/gconvfifo.rf/grf.rf/gntv_or_sync_fifo.mem/goreg_bm.dout_i_reg[518]
INFO: [Physopt 32-662] Processed net U0_ps_ai_peripheral/ZGolo/u_AI_Mate_top/U0_ddr2hp_itcn/U0_dmux4/U3_aw_axi_fifo/w616d64_fifo.U0_w616d64_fifo/U0/inst_fifo_gen/gconvfifo.rf/grf.rf/gntv_or_sync_fifo.mem/dout[562].  Did not re-place instance U0_ps_ai_peripheral/ZGolo/u_AI_Mate_top/U0_ddr2hp_itcn/U0_dmux4/U3_aw_axi_fifo/w616d64_fifo.U0_w616d64_fifo/U0/inst_fifo_gen/gconvfifo.rf/grf.rf/gntv_or_sync_fifo.mem/goreg_bm.dout_i_reg[562]
INFO: [Physopt 32-662] Processed net U0_ps_ai_peripheral/ZGolo/u_AI_Mate_top/U0_ddr2hp_itcn/U0_dmux4/U3_aw_axi_fifo/w616d64_fifo.U0_w616d64_fifo/U0/inst_fifo_gen/gconvfifo.rf/grf.rf/gntv_or_sync_fifo.mem/dout[594].  Did not re-place instance U0_ps_ai_peripheral/ZGolo/u_AI_Mate_top/U0_ddr2hp_itcn/U0_dmux4/U3_aw_axi_fifo/w616d64_fifo.U0_w616d64_fifo/U0/inst_fifo_gen/gconvfifo.rf/grf.rf/gntv_or_sync_fifo.mem/goreg_bm.dout_i_reg[594]
INFO: [Physopt 32-662] Processed net U0_ps_ai_peripheral/frame_to_ps_inst0/frame_read_write_m0/D[14].  Did not re-place instance U0_ps_ai_peripheral/frame_to_ps_inst0/frame_read_write_m0/vout_data_r[14]_i_1
INFO: [Physopt 32-662] Processed net U0_ps_ai_peripheral/frame_to_ps_inst0/frame_read_write_m0/read_buf/U0/inst_fifo_gen/gconvfifo.rf/grf.rf/gntv_or_sync_fifo.mem/gbm.gbmg.gbmga.ngecc.bmg/inst_blk_mem_gen/gnbram.gnativebmg.native_blk_mem_gen/valid.cstr/has_mux_b.B/dout[14].  Did not re-place instance U0_ps_ai_peripheral/frame_to_ps_inst0/frame_read_write_m0/read_buf/U0/inst_fifo_gen/gconvfifo.rf/grf.rf/gntv_or_sync_fifo.mem/gbm.gbmg.gbmga.ngecc.bmg/inst_blk_mem_gen/gnbram.gnativebmg.native_blk_mem_gen/valid.cstr/has_mux_b.B/dout[14]_INST_0
INFO: [Physopt 32-662] Processed net U0_ps_ai_peripheral/frame_to_ps_inst0/frame_read_write_m0/read_buf/U0/inst_fifo_gen/gconvfifo.rf/grf.rf/gntv_or_sync_fifo.mem/gbm.gbmg.gbmga.ngecc.bmg/inst_blk_mem_gen/gnbram.gnativebmg.native_blk_mem_gen/valid.cstr/has_mux_b.B/dout[14]_INST_0_i_8_n_0.  Did not re-place instance U0_ps_ai_peripheral/frame_to_ps_inst0/frame_read_write_m0/read_buf/U0/inst_fifo_gen/gconvfifo.rf/grf.rf/gntv_or_sync_fifo.mem/gbm.gbmg.gbmga.ngecc.bmg/inst_blk_mem_gen/gnbram.gnativebmg.native_blk_mem_gen/valid.cstr/has_mux_b.B/dout[14]_INST_0_i_8
INFO: [Physopt 32-662] Processed net U0_ps_ai_peripheral/frame_to_ps_inst0/video_rect_read_data_m0/Q[14].  Did not re-place instance U0_ps_ai_peripheral/frame_to_ps_inst0/video_rect_read_data_m0/vout_data_r_reg[14]
INFO: [Physopt 32-662] Processed net U0_ps_ai_peripheral/ZGolo/s_data[616]_i_1_n_0.  Did not re-place instance U0_ps_ai_peripheral/ZGolo/s_data[616]_i_1
INFO: [Physopt 32-662] Processed net U0_ps_ai_peripheral/ZGolo/u_AI_Mate_top/ddr_witcn_u0/m_ddr_itf_awwvalid.  Did not re-place instance U0_ps_ai_peripheral/ZGolo/s_valid_i_2__7
INFO: [Physopt 32-662] Processed net U0_ps_ai_peripheral/ZGolo/u_AI_Mate_top/ddr_witcn_u0/avr_rs_u0/u_avr_frs/s_data_reg_n_0_[106].  Did not re-place instance U0_ps_ai_peripheral/ZGolo/u_AI_Mate_top/ddr_witcn_u0/avr_rs_u0/u_avr_frs/s_data_reg[106]
INFO: [Physopt 32-662] Processed net U0_ps_ai_peripheral/ZGolo/u_AI_Mate_top/ddr_witcn_u0/avr_rs_u0/u_avr_frs/s_data_reg_n_0_[108].  Did not re-place instance U0_ps_ai_peripheral/ZGolo/u_AI_Mate_top/ddr_witcn_u0/avr_rs_u0/u_avr_frs/s_data_reg[108]
INFO: [Physopt 32-662] Processed net U0_ps_ai_peripheral/ZGolo/u_AI_Mate_top/ddr_witcn_u0/avr_rs_u0/u_avr_frs/s_data_reg_n_0_[38].  Did not re-place instance U0_ps_ai_peripheral/ZGolo/u_AI_Mate_top/ddr_witcn_u0/avr_rs_u0/u_avr_frs/s_data_reg[38]
INFO: [Physopt 32-662] Processed net U0_ps_ai_peripheral/ZGolo/u_AI_Mate_top/ddr_witcn_u0/avr_rs_u0/u_avr_frs/s_data_reg_n_0_[50].  Did not re-place instance U0_ps_ai_peripheral/ZGolo/u_AI_Mate_top/ddr_witcn_u0/avr_rs_u0/u_avr_frs/s_data_reg[50]
INFO: [Physopt 32-662] Processed net U_adder_top/U_flicker/dma/no[7].  Did not re-place instance U_adder_top/U_flicker/dma/no_reg[7]
INFO: [Physopt 32-662] Processed net U_adder_top/U_flicker/dma/awvalid1_carry_i_5_n_0.  Did not re-place instance U_adder_top/U_flicker/dma/awvalid1_carry_i_5
INFO: [Physopt 32-662] Processed net U0_ps_ai_peripheral/ZGolo/u_AI_Mate_top/ddr_witcn_u0/mna_idfifo_w5_u0/U0/inst_fifo_gen/gconvfifo.rf/grf.rf/gntv_or_sync_fifo.gl0.wr/gwss.gpf.wrpf/diff_pntr_pad[8].  Did not re-place instance U0_ps_ai_peripheral/ZGolo/u_AI_Mate_top/ddr_witcn_u0/mna_idfifo_w5_u0/U0/inst_fifo_gen/gconvfifo.rf/grf.rf/gntv_or_sync_fifo.gl0.wr/gwss.gpf.wrpf/gdiff.gcry_1_sym.diff_pntr_pad_reg[8]
INFO: [Physopt 32-662] Processed net U0_ps_ai_peripheral/frame_to_ps_inst0/frame_read_write_m0/D[13].  Did not re-place instance U0_ps_ai_peripheral/frame_to_ps_inst0/frame_read_write_m0/vout_data_r[13]_i_1
INFO: [Physopt 32-662] Processed net U0_ps_ai_peripheral/frame_to_ps_inst0/frame_read_write_m0/read_buf/U0/inst_fifo_gen/gconvfifo.rf/grf.rf/gntv_or_sync_fifo.mem/gbm.gbmg.gbmga.ngecc.bmg/inst_blk_mem_gen/gnbram.gnativebmg.native_blk_mem_gen/valid.cstr/has_mux_b.B/dout[13].  Did not re-place instance U0_ps_ai_peripheral/frame_to_ps_inst0/frame_read_write_m0/read_buf/U0/inst_fifo_gen/gconvfifo.rf/grf.rf/gntv_or_sync_fifo.mem/gbm.gbmg.gbmga.ngecc.bmg/inst_blk_mem_gen/gnbram.gnativebmg.native_blk_mem_gen/valid.cstr/has_mux_b.B/dout[13]_INST_0
INFO: [Physopt 32-662] Processed net U0_ps_ai_peripheral/frame_to_ps_inst0/frame_read_write_m0/read_buf/U0/inst_fifo_gen/gconvfifo.rf/grf.rf/gntv_or_sync_fifo.mem/gbm.gbmg.gbmga.ngecc.bmg/inst_blk_mem_gen/gnbram.gnativebmg.native_blk_mem_gen/valid.cstr/has_mux_b.B/dout[13]_INST_0_i_8_n_0.  Did not re-place instance U0_ps_ai_peripheral/frame_to_ps_inst0/frame_read_write_m0/read_buf/U0/inst_fifo_gen/gconvfifo.rf/grf.rf/gntv_or_sync_fifo.mem/gbm.gbmg.gbmga.ngecc.bmg/inst_blk_mem_gen/gnbram.gnativebmg.native_blk_mem_gen/valid.cstr/has_mux_b.B/dout[13]_INST_0_i_8
INFO: [Physopt 32-662] Processed net U0_ps_ai_peripheral/frame_to_ps_inst0/video_rect_read_data_m0/Q[13].  Did not re-place instance U0_ps_ai_peripheral/frame_to_ps_inst0/video_rect_read_data_m0/vout_data_r_reg[13]
INFO: [Physopt 32-662] Processed net U0_ps_ai_peripheral/frame_to_ps_inst0/frame_read_write_m0/D[9].  Did not re-place instance U0_ps_ai_peripheral/frame_to_ps_inst0/frame_read_write_m0/vout_data_r[9]_i_1
INFO: [Physopt 32-662] Processed net U0_ps_ai_peripheral/frame_to_ps_inst0/frame_read_write_m0/read_buf/U0/inst_fifo_gen/gconvfifo.rf/grf.rf/gntv_or_sync_fifo.mem/gbm.gbmg.gbmga.ngecc.bmg/inst_blk_mem_gen/gnbram.gnativebmg.native_blk_mem_gen/valid.cstr/has_mux_b.B/dout[9].  Did not re-place instance U0_ps_ai_peripheral/frame_to_ps_inst0/frame_read_write_m0/read_buf/U0/inst_fifo_gen/gconvfifo.rf/grf.rf/gntv_or_sync_fifo.mem/gbm.gbmg.gbmga.ngecc.bmg/inst_blk_mem_gen/gnbram.gnativebmg.native_blk_mem_gen/valid.cstr/has_mux_b.B/dout[9]_INST_0
INFO: [Physopt 32-662] Processed net U0_ps_ai_peripheral/frame_to_ps_inst0/frame_read_write_m0/read_buf/U0/inst_fifo_gen/gconvfifo.rf/grf.rf/gntv_or_sync_fifo.mem/gbm.gbmg.gbmga.ngecc.bmg/inst_blk_mem_gen/gnbram.gnativebmg.native_blk_mem_gen/valid.cstr/has_mux_b.B/dout[9]_INST_0_i_8_n_0.  Did not re-place instance U0_ps_ai_peripheral/frame_to_ps_inst0/frame_read_write_m0/read_buf/U0/inst_fifo_gen/gconvfifo.rf/grf.rf/gntv_or_sync_fifo.mem/gbm.gbmg.gbmga.ngecc.bmg/inst_blk_mem_gen/gnbram.gnativebmg.native_blk_mem_gen/valid.cstr/has_mux_b.B/dout[9]_INST_0_i_8
INFO: [Physopt 32-662] Processed net U_adder_top/U_flicker/render/render_lane_2u_U0/flicker_render_piudo_U270/flicker_render_pipeline_ap_hmul_4_max_dsp_16_u/U0/i_synth/MULT.OP/EXP/STATE_UP_DELAY/i_pipe/RESULT_REG.NORMAL.exp_op_reg[0].  Did not re-place instance U_adder_top/U_flicker/render/render_lane_2u_U0/flicker_render_piudo_U270/flicker_render_pipeline_ap_hmul_4_max_dsp_16_u/U0/i_synth/MULT.OP/EXP/STATE_UP_DELAY/i_pipe/RESULT_REG.NORMAL.exp_op[0]_i_1
INFO: [Physopt 32-662] Processed net U0_ps_ai_peripheral/frame_to_ps_inst0/video_rect_read_data_m0/Q[9].  Did not re-place instance U0_ps_ai_peripheral/frame_to_ps_inst0/video_rect_read_data_m0/vout_data_r_reg[9]
INFO: [Physopt 32-662] Processed net U_adder_top/U_flicker/render/render_lane_2u_U0/flicker_render_piudo_U270/flicker_render_pipeline_ap_hmul_4_max_dsp_16_u/U0/i_synth/MULT.OP/OP/m_axis_result_tdata[10].  Did not re-place instance U_adder_top/U_flicker/render/render_lane_2u_U0/flicker_render_piudo_U270/flicker_render_pipeline_ap_hmul_4_max_dsp_16_u/U0/i_synth/MULT.OP/OP/RESULT_REG.NORMAL.exp_op_reg[0]
INFO: [Physopt 32-662] Processed net U0_ps_ai_peripheral/frame_to_ps_inst0/frame_read_write_m0/read_buf/U0/inst_fifo_gen/gconvfifo.rf/grf.rf/gntv_or_sync_fifo.mem/gbm.gbmg.gbmga.ngecc.bmg/inst_blk_mem_gen/gnbram.gnativebmg.native_blk_mem_gen/valid.cstr/has_mux_b.B/dout[10]_INST_0_i_5_n_0.  Did not re-place instance U0_ps_ai_peripheral/frame_to_ps_inst0/frame_read_write_m0/read_buf/U0/inst_fifo_gen/gconvfifo.rf/grf.rf/gntv_or_sync_fifo.mem/gbm.gbmg.gbmga.ngecc.bmg/inst_blk_mem_gen/gnbram.gnativebmg.native_blk_mem_gen/valid.cstr/has_mux_b.B/dout[10]_INST_0_i_5
INFO: [Physopt 32-662] Processed net U_adder_top/U_flicker/dma/writes[11].  Did not re-place instance U_adder_top/U_flicker/dma/write_count_reg[11]
INFO: [Physopt 32-662] Processed net U_adder_top/U_flicker/dma/awvalid1_carry__0_i_3_n_0.  Did not re-place instance U_adder_top/U_flicker/dma/awvalid1_carry__0_i_3
INFO: [Physopt 32-662] Processed net U0_ps_ai_peripheral/frame_to_ps_inst0/frame_read_write_m0/D[12].  Did not re-place instance U0_ps_ai_peripheral/frame_to_ps_inst0/frame_read_write_m0/vout_data_r[12]_i_1
INFO: [Physopt 32-662] Processed net U0_ps_ai_peripheral/frame_to_ps_inst0/frame_read_write_m0/read_buf/U0/inst_fifo_gen/gconvfifo.rf/grf.rf/gntv_or_sync_fifo.mem/gbm.gbmg.gbmga.ngecc.bmg/inst_blk_mem_gen/gnbram.gnativebmg.native_blk_mem_gen/valid.cstr/has_mux_b.B/dout[12].  Did not re-place instance U0_ps_ai_peripheral/frame_to_ps_inst0/frame_read_write_m0/read_buf/U0/inst_fifo_gen/gconvfifo.rf/grf.rf/gntv_or_sync_fifo.mem/gbm.gbmg.gbmga.ngecc.bmg/inst_blk_mem_gen/gnbram.gnativebmg.native_blk_mem_gen/valid.cstr/has_mux_b.B/dout[12]_INST_0
INFO: [Physopt 32-662] Processed net U0_ps_ai_peripheral/frame_to_ps_inst0/frame_read_write_m0/read_buf/U0/inst_fifo_gen/gconvfifo.rf/grf.rf/gntv_or_sync_fifo.mem/gbm.gbmg.gbmga.ngecc.bmg/inst_blk_mem_gen/gnbram.gnativebmg.native_blk_mem_gen/valid.cstr/has_mux_b.B/dout[12]_INST_0_i_8_n_0.  Did not re-place instance U0_ps_ai_peripheral/frame_to_ps_inst0/frame_read_write_m0/read_buf/U0/inst_fifo_gen/gconvfifo.rf/grf.rf/gntv_or_sync_fifo.mem/gbm.gbmg.gbmga.ngecc.bmg/inst_blk_mem_gen/gnbram.gnativebmg.native_blk_mem_gen/valid.cstr/has_mux_b.B/dout[12]_INST_0_i_8
INFO: [Physopt 32-662] Processed net U0_ps_ai_peripheral/frame_to_ps_inst0/video_rect_read_data_m0/Q[12].  Did not re-place instance U0_ps_ai_peripheral/frame_to_ps_inst0/video_rect_read_data_m0/vout_data_r_reg[12]
INFO: [Physopt 32-662] Processed net U_adder_top/U_flicker/dma/writes[3].  Did not re-place instance U_adder_top/U_flicker/dma/write_count_reg[3]
INFO: [Physopt 32-662] Processed net U_adder_top/U_flicker/dma/awvalid1_carry_i_7_n_0.  Did not re-place instance U_adder_top/U_flicker/dma/awvalid1_carry_i_7
INFO: [Physopt 32-662] Processed net U0_ps_ai_peripheral/frame_to_ps_inst0/frame_read_write_m0/read_buf/U0/inst_fifo_gen/gconvfifo.rf/grf.rf/gntv_or_sync_fifo.mem/gbm.gbmg.gbmga.ngecc.bmg/inst_blk_mem_gen/gnbram.gnativebmg.native_blk_mem_gen/valid.cstr/has_mux_b.B/dout[8]_INST_0_i_7_n_0.  Did not re-place instance U0_ps_ai_peripheral/frame_to_ps_inst0/frame_read_write_m0/read_buf/U0/inst_fifo_gen/gconvfifo.rf/grf.rf/gntv_or_sync_fifo.mem/gbm.gbmg.gbmga.ngecc.bmg/inst_blk_mem_gen/gnbram.gnativebmg.native_blk_mem_gen/valid.cstr/has_mux_b.B/dout[8]_INST_0_i_7
INFO: [Physopt 32-662] Processed net U0_ps_ai_peripheral/frame_to_ps_inst0/frame_read_write_m0/read_buf/U0/inst_fifo_gen/gconvfifo.rf/grf.rf/gntv_or_sync_fifo.mem/gbm.gbmg.gbmga.ngecc.bmg/inst_blk_mem_gen/gnbram.gnativebmg.native_blk_mem_gen/valid.cstr/has_mux_b.B/dout[14]_INST_0_i_7_n_0.  Did not re-place instance U0_ps_ai_peripheral/frame_to_ps_inst0/frame_read_write_m0/read_buf/U0/inst_fifo_gen/gconvfifo.rf/grf.rf/gntv_or_sync_fifo.mem/gbm.gbmg.gbmga.ngecc.bmg/inst_blk_mem_gen/gnbram.gnativebmg.native_blk_mem_gen/valid.cstr/has_mux_b.B/dout[14]_INST_0_i_7
INFO: [Physopt 32-662] Processed net U0_ps_ai_peripheral/frame_to_ps_inst0/frame_read_write_m0/read_buf/U0/inst_fifo_gen/gconvfifo.rf/grf.rf/gntv_or_sync_fifo.mem/gbm.gbmg.gbmga.ngecc.bmg/inst_blk_mem_gen/gnbram.gnativebmg.native_blk_mem_gen/valid.cstr/has_mux_b.B/dout[10]_INST_0_i_6_n_0.  Did not re-place instance U0_ps_ai_peripheral/frame_to_ps_inst0/frame_read_write_m0/read_buf/U0/inst_fifo_gen/gconvfifo.rf/grf.rf/gntv_or_sync_fifo.mem/gbm.gbmg.gbmga.ngecc.bmg/inst_blk_mem_gen/gnbram.gnativebmg.native_blk_mem_gen/valid.cstr/has_mux_b.B/dout[10]_INST_0_i_6
INFO: [Physopt 32-662] Processed net U_adder_top/U_flicker/dma/awvalid1_carry_i_1_n_0.  Did not re-place instance U_adder_top/U_flicker/dma/awvalid1_carry_i_1
INFO: [Physopt 32-662] Processed net U0_ps_ai_peripheral/ZGolo/u_AI_Mate_top/U0_ddr2hp_itcn/U0_dmux4/U3_aw_axi_fifo/w616d64_fifo.U0_w616d64_fifo/U0/inst_fifo_gen/gconvfifo.rf/grf.rf/gntv_or_sync_fifo.gl0.rd/gr1.gr1_int.rfwft/tmp_ram_rd_en.  Did not re-place instance U0_ps_ai_peripheral/ZGolo/u_AI_Mate_top/U0_ddr2hp_itcn/U0_dmux4/U3_aw_axi_fifo/w616d64_fifo.U0_w616d64_fifo/U0/inst_fifo_gen/gconvfifo.rf/grf.rf/gntv_or_sync_fifo.gl0.rd/gr1.gr1_int.rfwft/DEVICE_7SERIES.NO_BMM_INFO.SDP.WIDE_PRIM36_NO_ECC.ram_i_1
INFO: [Physopt 32-662] Processed net U0_ps_ai_peripheral/frame_to_ps_inst0/frame_read_write_m0/D[11].  Did not re-place instance U0_ps_ai_peripheral/frame_to_ps_inst0/frame_read_write_m0/vout_data_r[11]_i_1
INFO: [Physopt 32-662] Processed net U0_ps_ai_peripheral/frame_to_ps_inst0/frame_read_write_m0/read_buf/U0/inst_fifo_gen/gconvfifo.rf/grf.rf/gntv_or_sync_fifo.mem/gbm.gbmg.gbmga.ngecc.bmg/inst_blk_mem_gen/gnbram.gnativebmg.native_blk_mem_gen/valid.cstr/has_mux_b.B/dout[11].  Did not re-place instance U0_ps_ai_peripheral/frame_to_ps_inst0/frame_read_write_m0/read_buf/U0/inst_fifo_gen/gconvfifo.rf/grf.rf/gntv_or_sync_fifo.mem/gbm.gbmg.gbmga.ngecc.bmg/inst_blk_mem_gen/gnbram.gnativebmg.native_blk_mem_gen/valid.cstr/has_mux_b.B/dout[11]_INST_0
INFO: [Physopt 32-662] Processed net U0_ps_ai_peripheral/frame_to_ps_inst0/frame_read_write_m0/read_buf/U0/inst_fifo_gen/gconvfifo.rf/grf.rf/gntv_or_sync_fifo.mem/gbm.gbmg.gbmga.ngecc.bmg/inst_blk_mem_gen/gnbram.gnativebmg.native_blk_mem_gen/valid.cstr/has_mux_b.B/dout[11]_INST_0_i_8_n_0.  Did not re-place instance U0_ps_ai_peripheral/frame_to_ps_inst0/frame_read_write_m0/read_buf/U0/inst_fifo_gen/gconvfifo.rf/grf.rf/gntv_or_sync_fifo.mem/gbm.gbmg.gbmga.ngecc.bmg/inst_blk_mem_gen/gnbram.gnativebmg.native_blk_mem_gen/valid.cstr/has_mux_b.B/dout[11]_INST_0_i_8
INFO: [Physopt 32-662] Processed net U0_ps_ai_peripheral/frame_to_ps_inst0/video_rect_read_data_m0/Q[11].  Did not re-place instance U0_ps_ai_peripheral/frame_to_ps_inst0/video_rect_read_data_m0/vout_data_r_reg[11]
INFO: [Physopt 32-662] Processed net U0_ps_ai_peripheral/ZGolo/u_AI_Mate_top/U0_ddr2hp_itcn/U0_dmux4/U3_aw_axi_fifo/w616d64_fifo.U0_w616d64_fifo/U0/inst_fifo_gen/gconvfifo.rf/grf.rf/gntv_or_sync_fifo.mem/dout[568].  Did not re-place instance U0_ps_ai_peripheral/ZGolo/u_AI_Mate_top/U0_ddr2hp_itcn/U0_dmux4/U3_aw_axi_fifo/w616d64_fifo.U0_w616d64_fifo/U0/inst_fifo_gen/gconvfifo.rf/grf.rf/gntv_or_sync_fifo.mem/goreg_bm.dout_i_reg[568]
INFO: [Physopt 32-662] Processed net U0_ps_ai_peripheral/ZGolo/u_AI_Mate_top/U0_ddr2hp_itcn/U0_dmux4/U3_aw_axi_fifo/w616d64_fifo.U0_w616d64_fifo/U0/inst_fifo_gen/gconvfifo.rf/grf.rf/gntv_or_sync_fifo.mem/dout[56].  Did not re-place instance U0_ps_ai_peripheral/ZGolo/u_AI_Mate_top/U0_ddr2hp_itcn/U0_dmux4/U3_aw_axi_fifo/w616d64_fifo.U0_w616d64_fifo/U0/inst_fifo_gen/gconvfifo.rf/grf.rf/gntv_or_sync_fifo.mem/goreg_bm.dout_i_reg[56]
INFO: [Physopt 32-662] Processed net U0_ps_ai_peripheral/ZGolo/u_AI_Mate_top/U0_ddr2hp_itcn/U0_dmux4/U3_aw_axi_fifo/w616d64_fifo.U0_w616d64_fifo/U0/inst_fifo_gen/gconvfifo.rf/grf.rf/gntv_or_sync_fifo.mem/dout[611].  Did not re-place instance U0_ps_ai_peripheral/ZGolo/u_AI_Mate_top/U0_ddr2hp_itcn/U0_dmux4/U3_aw_axi_fifo/w616d64_fifo.U0_w616d64_fifo/U0/inst_fifo_gen/gconvfifo.rf/grf.rf/gntv_or_sync_fifo.mem/goreg_bm.dout_i_reg[611]
INFO: [Physopt 32-662] Processed net U0_ps_ai_peripheral/ZGolo/u_AI_Mate_top/U0_ddr2hp_itcn/U0_dmux4/U3_aw_axi_fifo/w616d64_fifo.U0_w616d64_fifo/U0/inst_fifo_gen/gconvfifo.rf/grf.rf/gntv_or_sync_fifo.mem/dout[62].  Did not re-place instance U0_ps_ai_peripheral/ZGolo/u_AI_Mate_top/U0_ddr2hp_itcn/U0_dmux4/U3_aw_axi_fifo/w616d64_fifo.U0_w616d64_fifo/U0/inst_fifo_gen/gconvfifo.rf/grf.rf/gntv_or_sync_fifo.mem/goreg_bm.dout_i_reg[62]
INFO: [Physopt 32-662] Processed net U_adder_top/U_flicker/dma/no[3].  Did not re-place instance U_adder_top/U_flicker/dma/no_reg[3]
INFO: [Physopt 32-662] Processed net U0_ps_ai_peripheral/ZGolo/u_AI_Mate_top/U0_ddr2hp_itcn/U0_dmux4/U3_aw_axi_fifo/w616d64_fifo.U0_w616d64_fifo/U0/inst_fifo_gen/gconvfifo.rf/grf.rf/gntv_or_sync_fifo.mem/dout[191].  Did not re-place instance U0_ps_ai_peripheral/ZGolo/u_AI_Mate_top/U0_ddr2hp_itcn/U0_dmux4/U3_aw_axi_fifo/w616d64_fifo.U0_w616d64_fifo/U0/inst_fifo_gen/gconvfifo.rf/grf.rf/gntv_or_sync_fifo.mem/goreg_bm.dout_i_reg[191]
INFO: [Physopt 32-662] Processed net U0_ps_ai_peripheral/ZGolo/u_AI_Mate_top/U0_ddr2hp_itcn/U0_dmux4/U3_aw_axi_fifo/w616d64_fifo.U0_w616d64_fifo/U0/inst_fifo_gen/gconvfifo.rf/grf.rf/gntv_or_sync_fifo.mem/dout[403].  Did not re-place instance U0_ps_ai_peripheral/ZGolo/u_AI_Mate_top/U0_ddr2hp_itcn/U0_dmux4/U3_aw_axi_fifo/w616d64_fifo.U0_w616d64_fifo/U0/inst_fifo_gen/gconvfifo.rf/grf.rf/gntv_or_sync_fifo.mem/goreg_bm.dout_i_reg[403]
INFO: [Physopt 32-662] Processed net U0_ps_ai_peripheral/ZGolo/u_AI_Mate_top/U0_ddr2hp_itcn/U0_dmux4/U3_aw_axi_fifo/w616d64_fifo.U0_w616d64_fifo/U0/inst_fifo_gen/gconvfifo.rf/grf.rf/gntv_or_sync_fifo.mem/dout[412].  Did not re-place instance U0_ps_ai_peripheral/ZGolo/u_AI_Mate_top/U0_ddr2hp_itcn/U0_dmux4/U3_aw_axi_fifo/w616d64_fifo.U0_w616d64_fifo/U0/inst_fifo_gen/gconvfifo.rf/grf.rf/gntv_or_sync_fifo.mem/goreg_bm.dout_i_reg[412]
INFO: [Physopt 32-662] Processed net U0_ps_ai_peripheral/ZGolo/u_AI_Mate_top/U0_ddr2hp_itcn/U0_dmux4/U3_aw_axi_fifo/w616d64_fifo.U0_w616d64_fifo/U0/inst_fifo_gen/gconvfifo.rf/grf.rf/gntv_or_sync_fifo.mem/dout[413].  Did not re-place instance U0_ps_ai_peripheral/ZGolo/u_AI_Mate_top/U0_ddr2hp_itcn/U0_dmux4/U3_aw_axi_fifo/w616d64_fifo.U0_w616d64_fifo/U0/inst_fifo_gen/gconvfifo.rf/grf.rf/gntv_or_sync_fifo.mem/goreg_bm.dout_i_reg[413]
INFO: [Physopt 32-662] Processed net U0_ps_ai_peripheral/ZGolo/u_AI_Mate_top/U0_ddr2hp_itcn/U0_dmux4/U3_aw_axi_fifo/w616d64_fifo.U0_w616d64_fifo/U0/inst_fifo_gen/gconvfifo.rf/grf.rf/gntv_or_sync_fifo.mem/dout[471].  Did not re-place instance U0_ps_ai_peripheral/ZGolo/u_AI_Mate_top/U0_ddr2hp_itcn/U0_dmux4/U3_aw_axi_fifo/w616d64_fifo.U0_w616d64_fifo/U0/inst_fifo_gen/gconvfifo.rf/grf.rf/gntv_or_sync_fifo.mem/goreg_bm.dout_i_reg[471]
INFO: [Physopt 32-662] Processed net U0_ps_ai_peripheral/ZGolo/u_AI_Mate_top/U0_ddr2hp_itcn/U0_dmux4/U3_aw_axi_fifo/w616d64_fifo.U0_w616d64_fifo/U0/inst_fifo_gen/gconvfifo.rf/grf.rf/gntv_or_sync_fifo.mem/dout[482].  Did not re-place instance U0_ps_ai_peripheral/ZGolo/u_AI_Mate_top/U0_ddr2hp_itcn/U0_dmux4/U3_aw_axi_fifo/w616d64_fifo.U0_w616d64_fifo/U0/inst_fifo_gen/gconvfifo.rf/grf.rf/gntv_or_sync_fifo.mem/goreg_bm.dout_i_reg[482]
INFO: [Physopt 32-662] Processed net U0_ps_ai_peripheral/ZGolo/u_AI_Mate_top/U0_ddr2hp_itcn/U0_dmux4/U3_aw_axi_fifo/w616d64_fifo.U0_w616d64_fifo/U0/inst_fifo_gen/gconvfifo.rf/grf.rf/gntv_or_sync_fifo.mem/dout[483].  Did not re-place instance U0_ps_ai_peripheral/ZGolo/u_AI_Mate_top/U0_ddr2hp_itcn/U0_dmux4/U3_aw_axi_fifo/w616d64_fifo.U0_w616d64_fifo/U0/inst_fifo_gen/gconvfifo.rf/grf.rf/gntv_or_sync_fifo.mem/goreg_bm.dout_i_reg[483]
INFO: [Physopt 32-662] Processed net U0_ps_ai_peripheral/ZGolo/u_AI_Mate_top/U0_ddr2hp_itcn/U0_dmux4/U3_aw_axi_fifo/w616d64_fifo.U0_w616d64_fifo/U0/inst_fifo_gen/gconvfifo.rf/grf.rf/gntv_or_sync_fifo.mem/dout[527].  Did not re-place instance U0_ps_ai_peripheral/ZGolo/u_AI_Mate_top/U0_ddr2hp_itcn/U0_dmux4/U3_aw_axi_fifo/w616d64_fifo.U0_w616d64_fifo/U0/inst_fifo_gen/gconvfifo.rf/grf.rf/gntv_or_sync_fifo.mem/goreg_bm.dout_i_reg[527]
INFO: [Physopt 32-663] Processed net U0_ps_ai_peripheral/ZGolo/u_AI_Mate_top/ddr_witcn_u0/awfifo_rd.  Re-placed instance U0_ps_ai_peripheral/ZGolo/mna_idfifo_w5_u0_i_5
INFO: [Physopt 32-662] Processed net U0_ps_ai_peripheral/ZGolo/u_AI_Mate_top/ddr_witcn_u0/mna_idfifo_w5_u0/U0/inst_fifo_gen/gconvfifo.rf/grf.rf/gntv_or_sync_fifo.gl0.rd/gr1.gr1_int.rfwft/ram_empty_fb_i_reg[0].  Did not re-place instance U0_ps_ai_peripheral/ZGolo/u_AI_Mate_top/ddr_witcn_u0/mna_idfifo_w5_u0/U0/inst_fifo_gen/gconvfifo.rf/grf.rf/gntv_or_sync_fifo.gl0.rd/gr1.gr1_int.rfwft/gc0.count_d1[9]_i_1
INFO: [Physopt 32-663] Processed net U0_ps_ai_peripheral/ZGolo/ready_d1_i_1__12_n_0.  Re-placed instance U0_ps_ai_peripheral/ZGolo/ready_d1_i_1__12
INFO: [Physopt 32-662] Processed net U0_ps_ai_peripheral/ZGolo/u_AI_Mate_top/ddr_witcn_u0/mna_idfifo_w5_u0/U0/inst_fifo_gen/gconvfifo.rf/grf.rf/gntv_or_sync_fifo.gl0.wr/gwss.wsts/c1/ram_full_comb.  Did not re-place instance U0_ps_ai_peripheral/ZGolo/u_AI_Mate_top/ddr_witcn_u0/mna_idfifo_w5_u0/U0/inst_fifo_gen/gconvfifo.rf/grf.rf/gntv_or_sync_fifo.gl0.wr/gwss.wsts/c1/ram_full_fb_i_i_1
INFO: [Physopt 32-663] Processed net U0_ps_ai_peripheral/ZGolo/u_AI_Mate_top/ddr_witcn_u0/mna_idfifo_w5_u0/U0/inst_fifo_gen/gconvfifo.rf/grf.rf/gntv_or_sync_fifo.gl0.wr/gwss.wsts/ram_full_i.  Re-placed instance U0_ps_ai_peripheral/ZGolo/u_AI_Mate_top/ddr_witcn_u0/mna_idfifo_w5_u0/U0/inst_fifo_gen/gconvfifo.rf/grf.rf/gntv_or_sync_fifo.gl0.wr/gwss.wsts/ram_full_i_reg
INFO: [Physopt 32-663] Processed net U_adder_top/U_flicker/dma/writes[16].  Re-placed instance U_adder_top/U_flicker/dma/write_count_reg[16]
INFO: [Physopt 32-661] Optimized 4 nets.  Re-placed 4 instances.
INFO: [Physopt 32-775] End 1 Pass. Optimized 4 nets or cells. Created 0 new cell, deleted 0 existing cell and moved 4 existing cells
INFO: [Physopt 32-619] Estimated Timing Summary | WNS=-0.097 | TNS=-0.097 |
Netlist sorting complete. Time (s): cpu = 00:00:00 ; elapsed = 00:00:00.072 . Memory (MB): peak = 2703.738 ; gain = 0.000
Phase 28 Placement Based Optimization | Checksum: 1cbb04442

Time (s): cpu = 00:03:30 ; elapsed = 00:02:16 . Memory (MB): peak = 2703.738 ; gain = 195.711

Phase 29 MultiInst Placement Optimization
INFO: [Physopt 32-660] Identified 100 candidate nets for placement-based optimization.
INFO: [Physopt 32-662] Processed net U0_ps_ai_peripheral/frame_to_ps_inst0/frame_read_write_m0/wr_wfifo_err_reg_0.  Did not re-place instance U0_ps_ai_peripheral/frame_to_ps_inst0/frame_read_write_m0/wr_wfifo_err_reg/Q
INFO: [Physopt 32-662] Processed net U0_ps_ai_peripheral/frame_to_ps_inst0/frame_read_write_m0/frame_fifo_write_m0/FSM_sequential_state[1]_i_1_n_0.  Did not re-place instance U0_ps_ai_peripheral/frame_to_ps_inst0/frame_read_write_m0/frame_fifo_write_m0/FSM_sequential_state[1]_i_1/O
INFO: [Physopt 32-662] Processed net U0_ps_ai_peripheral/frame_to_ps_inst0/frame_read_write_m0/frame_fifo_write_m0/FSM_sequential_state[1]_i_2_n_0.  Did not re-place instance U0_ps_ai_peripheral/frame_to_ps_inst0/frame_read_write_m0/frame_fifo_write_m0/FSM_sequential_state[1]_i_2/O
INFO: [Physopt 32-661] Optimized 0 net.  Re-placed 0 instance.
INFO: [Physopt 32-775] End 1 Pass. Optimized 0 net or cell. Created 0 new cell, deleted 0 existing cell and moved 0 existing cell
Netlist sorting complete. Time (s): cpu = 00:00:00 ; elapsed = 00:00:00.069 . Memory (MB): peak = 2703.738 ; gain = 0.000
Phase 29 MultiInst Placement Optimization | Checksum: 1ff3b975b

Time (s): cpu = 00:03:31 ; elapsed = 00:02:17 . Memory (MB): peak = 2703.738 ; gain = 195.711

Phase 30 Critical Path Optimization
INFO: [Physopt 32-619] Estimated Timing Summary | WNS=-0.097 | TNS=-0.097 |
INFO: [Physopt 32-702] Processed net U0_ps_ai_peripheral/frame_to_ps_inst0/frame_read_write_m0/frame_fifo_write_m0/state[1]. Optimizations did not improve timing on the net.
INFO: [Physopt 32-662] Processed net U0_ps_ai_peripheral/frame_to_ps_inst0/frame_read_write_m0/wr_wfifo_err_reg_0.  Did not re-place instance U0_ps_ai_peripheral/frame_to_ps_inst0/frame_read_write_m0/wr_wfifo_err_reg
INFO: [Physopt 32-662] Processed net U0_ps_ai_peripheral/frame_to_ps_inst0/frame_read_write_m0/wr_wfifo_err_reg_0.  Did not re-place instance U0_ps_ai_peripheral/frame_to_ps_inst0/frame_read_write_m0/wr_wfifo_err_reg/Q
INFO: [Physopt 32-571] Net U0_ps_ai_peripheral/frame_to_ps_inst0/frame_read_write_m0/wr_wfifo_err_reg_0 was not replicated.
INFO: [Physopt 32-702] Processed net U0_ps_ai_peripheral/frame_to_ps_inst0/frame_read_write_m0/wr_wfifo_err_reg_0. Optimizations did not improve timing on the net.
INFO: [Physopt 32-662] Processed net U0_ps_ai_peripheral/frame_to_ps_inst0/frame_read_write_m0/frame_fifo_write_m0/FSM_sequential_state[1]_i_2_n_0.  Did not re-place instance U0_ps_ai_peripheral/frame_to_ps_inst0/frame_read_write_m0/frame_fifo_write_m0/FSM_sequential_state[1]_i_2
INFO: [Physopt 32-662] Processed net U0_ps_ai_peripheral/frame_to_ps_inst0/frame_read_write_m0/frame_fifo_write_m0/FSM_sequential_state[1]_i_2_n_0.  Did not re-place instance U0_ps_ai_peripheral/frame_to_ps_inst0/frame_read_write_m0/frame_fifo_write_m0/FSM_sequential_state[1]_i_2/O
INFO: [Physopt 32-735] Processed net U0_ps_ai_peripheral/frame_to_ps_inst0/frame_read_write_m0/frame_fifo_write_m0/FSM_sequential_state[1]_i_2_n_0. Optimization improves timing on the net.
INFO: [Physopt 32-619] Estimated Timing Summary | WNS=0.006 | TNS=0.000 |
INFO: [Physopt 32-619] Estimated Timing Summary | WNS=0.006 | TNS=0.000 |
Phase 30 Critical Path Optimization | Checksum: 1ff3b975b

Time (s): cpu = 00:03:33 ; elapsed = 00:02:18 . Memory (MB): peak = 2703.738 ; gain = 195.711

Phase 31 Critical Path Optimization
INFO: [Physopt 32-619] Estimated Timing Summary | WNS=0.006 | TNS=0.000 |
INFO: [Physopt 32-619] Estimated Timing Summary | WNS=0.006 | TNS=0.000 |
Phase 31 Critical Path Optimization | Checksum: 1ff3b975b

Time (s): cpu = 00:03:33 ; elapsed = 00:02:18 . Memory (MB): peak = 2703.738 ; gain = 195.711

Phase 32 BRAM Enable Optimization
Phase 32 BRAM Enable Optimization | Checksum: 1ff3b975b

Time (s): cpu = 00:03:34 ; elapsed = 00:02:19 . Memory (MB): peak = 2703.738 ; gain = 195.711

Phase 33 Hold Fix Optimization
INFO: [Physopt 32-668] Estimated Timing Summary | WNS=0.006 | TNS=0.000 | WHS=-3.576 | THS=-265.257 |
WARNING: [Designutils 20-3303] unexpected site type 'IOPAD' in HDPYFinalizeIO
WARNING: [Designutils 20-3303] unexpected site type 'IOPAD' in HDPYFinalizeIO
WARNING: [Designutils 20-3303] unexpected site type 'IOPAD' in HDPYFinalizeIO
WARNING: [Designutils 20-3303] unexpected site type 'IOPAD' in HDPYFinalizeIO
WARNING: [Designutils 20-3303] unexpected site type 'IOPAD' in HDPYFinalizeIO
WARNING: [Designutils 20-3303] unexpected site type 'IOPAD' in HDPYFinalizeIO
WARNING: [Designutils 20-3303] unexpected site type 'IOPAD' in HDPYFinalizeIO
WARNING: [Designutils 20-3303] unexpected site type 'IOPAD' in HDPYFinalizeIO
WARNING: [Designutils 20-3303] unexpected site type 'IOPAD' in HDPYFinalizeIO
WARNING: [Designutils 20-3303] unexpected site type 'IOPAD' in HDPYFinalizeIO
WARNING: [Designutils 20-3303] unexpected site type 'IOPAD' in HDPYFinalizeIO
WARNING: [Designutils 20-3303] unexpected site type 'IOPAD' in HDPYFinalizeIO
WARNING: [Designutils 20-3303] unexpected site type 'IOPAD' in HDPYFinalizeIO
WARNING: [Designutils 20-3303] unexpected site type 'IOPAD' in HDPYFinalizeIO
WARNING: [Designutils 20-3303] unexpected site type 'IOPAD' in HDPYFinalizeIO
WARNING: [Designutils 20-3303] unexpected site type 'IOPAD' in HDPYFinalizeIO
WARNING: [Designutils 20-3303] unexpected site type 'IOPAD' in HDPYFinalizeIO
WARNING: [Designutils 20-3303] unexpected site type 'IOPAD' in HDPYFinalizeIO
WARNING: [Designutils 20-3303] unexpected site type 'IOPAD' in HDPYFinalizeIO
WARNING: [Designutils 20-3303] unexpected site type 'IOPAD' in HDPYFinalizeIO
WARNING: [Designutils 20-3303] unexpected site type 'IOPAD' in HDPYFinalizeIO
WARNING: [Designutils 20-3303] unexpected site type 'IOPAD' in HDPYFinalizeIO
WARNING: [Designutils 20-3303] unexpected site type 'IOPAD' in HDPYFinalizeIO
WARNING: [Designutils 20-3303] unexpected site type 'IOPAD' in HDPYFinalizeIO
WARNING: [Designutils 20-3303] unexpected site type 'IOPAD' in HDPYFinalizeIO
WARNING: [Designutils 20-3303] unexpected site type 'IOPAD' in HDPYFinalizeIO
WARNING: [Designutils 20-3303] unexpected site type 'IOPAD' in HDPYFinalizeIO
WARNING: [Designutils 20-3303] unexpected site type 'IOPAD' in HDPYFinalizeIO
WARNING: [Designutils 20-3303] unexpected site type 'IOPAD' in HDPYFinalizeIO
WARNING: [Designutils 20-3303] unexpected site type 'IOPAD' in HDPYFinalizeIO
WARNING: [Designutils 20-3303] unexpected site type 'IOPAD' in HDPYFinalizeIO
WARNING: [Designutils 20-3303] unexpected site type 'IOPAD' in HDPYFinalizeIO
WARNING: [Designutils 20-3303] unexpected site type 'IOPAD' in HDPYFinalizeIO
WARNING: [Designutils 20-3303] unexpected site type 'IOPAD' in HDPYFinalizeIO
WARNING: [Designutils 20-3303] unexpected site type 'IOPAD' in HDPYFinalizeIO
WARNING: [Designutils 20-3303] unexpected site type 'IOPAD' in HDPYFinalizeIO
WARNING: [Designutils 20-3303] unexpected site type 'IOPAD' in HDPYFinalizeIO
WARNING: [Designutils 20-3303] unexpected site type 'IOPAD' in HDPYFinalizeIO
WARNING: [Designutils 20-3303] unexpected site type 'IOPAD' in HDPYFinalizeIO
WARNING: [Designutils 20-3303] unexpected site type 'IOPAD' in HDPYFinalizeIO
WARNING: [Designutils 20-3303] unexpected site type 'IOPAD' in HDPYFinalizeIO
WARNING: [Designutils 20-3303] unexpected site type 'IOPAD' in HDPYFinalizeIO
WARNING: [Designutils 20-3303] unexpected site type 'IOPAD' in HDPYFinalizeIO
WARNING: [Designutils 20-3303] unexpected site type 'IOPAD' in HDPYFinalizeIO
WARNING: [Designutils 20-3303] unexpected site type 'IOPAD' in HDPYFinalizeIO
WARNING: [Designutils 20-3303] unexpected site type 'IOPAD' in HDPYFinalizeIO
WARNING: [Designutils 20-3303] unexpected site type 'IOPAD' in HDPYFinalizeIO
WARNING: [Designutils 20-3303] unexpected site type 'IOPAD' in HDPYFinalizeIO
WARNING: [Designutils 20-3303] unexpected site type 'IOPAD' in HDPYFinalizeIO
WARNING: [Designutils 20-3303] unexpected site type 'IOPAD' in HDPYFinalizeIO
WARNING: [Designutils 20-3303] unexpected site type 'IOPAD' in HDPYFinalizeIO
WARNING: [Designutils 20-3303] unexpected site type 'IOPAD' in HDPYFinalizeIO
WARNING: [Designutils 20-3303] unexpected site type 'IOPAD' in HDPYFinalizeIO
WARNING: [Designutils 20-3303] unexpected site type 'IOPAD' in HDPYFinalizeIO
WARNING: [Designutils 20-3303] unexpected site type 'IOPAD' in HDPYFinalizeIO
WARNING: [Designutils 20-3303] unexpected site type 'IOPAD' in HDPYFinalizeIO
WARNING: [Designutils 20-3303] unexpected site type 'IOPAD' in HDPYFinalizeIO
WARNING: [Designutils 20-3303] unexpected site type 'IOPAD' in HDPYFinalizeIO
WARNING: [Designutils 20-3303] unexpected site type 'IOPAD' in HDPYFinalizeIO
WARNING: [Designutils 20-3303] unexpected site type 'IOPAD' in HDPYFinalizeIO
WARNING: [Designutils 20-3303] unexpected site type 'IOPAD' in HDPYFinalizeIO
WARNING: [Designutils 20-3303] unexpected site type 'IOPAD' in HDPYFinalizeIO
WARNING: [Designutils 20-3303] unexpected site type 'IOPAD' in HDPYFinalizeIO
WARNING: [Designutils 20-3303] unexpected site type 'IOPAD' in HDPYFinalizeIO
WARNING: [Designutils 20-3303] unexpected site type 'IOPAD' in HDPYFinalizeIO
WARNING: [Designutils 20-3303] unexpected site type 'IOPAD' in HDPYFinalizeIO
WARNING: [Designutils 20-3303] unexpected site type 'IOPAD' in HDPYFinalizeIO
WARNING: [Designutils 20-3303] unexpected site type 'IOPAD' in HDPYFinalizeIO
WARNING: [Designutils 20-3303] unexpected site type 'IOPAD' in HDPYFinalizeIO
WARNING: [Designutils 20-3303] unexpected site type 'IOPAD' in HDPYFinalizeIO
WARNING: [Designutils 20-3303] unexpected site type 'IOPAD' in HDPYFinalizeIO
WARNING: [Designutils 20-3303] unexpected site type 'IOPAD' in HDPYFinalizeIO
WARNING: [Designutils 20-3303] unexpected site type 'IOPAD' in HDPYFinalizeIO
WARNING: [Designutils 20-3303] unexpected site type 'IOPAD' in HDPYFinalizeIO
WARNING: [Designutils 20-3303] unexpected site type 'IOPAD' in HDPYFinalizeIO
WARNING: [Designutils 20-3303] unexpected site type 'IOPAD' in HDPYFinalizeIO
WARNING: [Designutils 20-3303] unexpected site type 'IOPAD' in HDPYFinalizeIO
WARNING: [Designutils 20-3303] unexpected site type 'IOPAD' in HDPYFinalizeIO
WARNING: [Designutils 20-3303] unexpected site type 'IOPAD' in HDPYFinalizeIO
WARNING: [Designutils 20-3303] unexpected site type 'IOPAD' in HDPYFinalizeIO
WARNING: [Designutils 20-3303] unexpected site type 'IOPAD' in HDPYFinalizeIO
WARNING: [Designutils 20-3303] unexpected site type 'IOPAD' in HDPYFinalizeIO
WARNING: [Designutils 20-3303] unexpected site type 'IOPAD' in HDPYFinalizeIO
WARNING: [Designutils 20-3303] unexpected site type 'IOPAD' in HDPYFinalizeIO
WARNING: [Designutils 20-3303] unexpected site type 'IOPAD' in HDPYFinalizeIO
WARNING: [Designutils 20-3303] unexpected site type 'IOPAD' in HDPYFinalizeIO
WARNING: [Designutils 20-3303] unexpected site type 'IOPAD' in HDPYFinalizeIO
WARNING: [Designutils 20-3303] unexpected site type 'IOPAD' in HDPYFinalizeIO
WARNING: [Designutils 20-3303] unexpected site type 'IOPAD' in HDPYFinalizeIO
WARNING: [Designutils 20-3303] unexpected site type 'IOPAD' in HDPYFinalizeIO
WARNING: [Designutils 20-3303] unexpected site type 'IOPAD' in HDPYFinalizeIO
WARNING: [Designutils 20-3303] unexpected site type 'IOPAD' in HDPYFinalizeIO
WARNING: [Designutils 20-3303] unexpected site type 'IOPAD' in HDPYFinalizeIO
WARNING: [Designutils 20-3303] unexpected site type 'IOPAD' in HDPYFinalizeIO
WARNING: [Designutils 20-3303] unexpected site type 'IOPAD' in HDPYFinalizeIO
WARNING: [Designutils 20-3303] unexpected site type 'IOPAD' in HDPYFinalizeIO
WARNING: [Designutils 20-3303] unexpected site type 'IOPAD' in HDPYFinalizeIO
WARNING: [Designutils 20-3303] unexpected site type 'IOPAD' in HDPYFinalizeIO
WARNING: [Designutils 20-3303] unexpected site type 'IOPAD' in HDPYFinalizeIO
WARNING: [Designutils 20-3303] unexpected site type 'IOPAD' in HDPYFinalizeIO
INFO: [Common 17-14] Message 'Designutils 20-3303' appears 100 times and further instances of the messages will be disabled. Use the Tcl command set_msg_config to change the current settings.
INFO: [Physopt 32-45] Identified 112 candidate nets for hold slack optimization.
INFO: [Physopt 32-234] Optimized 44 nets. Inserted 0 new ZHOLD_DELAYs. Calibrated 0 existing ZHOLD_DELAYs. Inserted 26 buffers.

INFO: [Physopt 32-668] Estimated Timing Summary | WNS=0.006 | TNS=0.000 | WHS=-0.553 | THS=-121.526 |
Phase 33 Hold Fix Optimization | Checksum: 165b29006

Time (s): cpu = 00:03:46 ; elapsed = 00:02:27 . Memory (MB): peak = 2755.770 ; gain = 247.742
Netlist sorting complete. Time (s): cpu = 00:00:00 ; elapsed = 00:00:00.136 . Memory (MB): peak = 2755.770 ; gain = 0.000
INFO: [Physopt 32-669] Post Physical Optimization Timing Summary | WNS=0.006 | TNS=0.000 | WHS=-0.553 | THS=-121.526 |

Summary of Physical Synthesis Optimizations
============================================


--------------------------------------------------------------------------------------------------------------------------------------------------------------------
|  Optimization          |  WNS Gain (ns)  |  TNS Gain (ns)  |  Added Cells  |  Removed Cells  |  Optimized Cells/Nets  |  Dont Touch  |  Iterations  |  Elapsed   |
--------------------------------------------------------------------------------------------------------------------------------------------------------------------
|  Fanout                |          0.000  |          0.000  |           27  |              0  |                    10  |           7  |           3  |  00:00:12  |
|  Placement Based       |          0.000  |          0.210  |            0  |              0  |                    85  |           0  |           4  |  00:00:39  |
|  MultiInst Placement   |          0.000  |          0.086  |            0  |              0  |                     1  |           0  |           4  |  00:00:04  |
|  Rewire                |          0.000  |          0.000  |            0  |              0  |                     0  |           0  |           3  |  00:00:01  |
|  Critical Cell         |          0.035  |          0.105  |            1  |              0  |                     1  |           2  |           3  |  00:00:02  |
|  Slr Crossing          |          0.000  |          0.000  |            0  |              0  |                     0  |           0  |           1  |  00:00:00  |
|  DSP Register          |          0.000  |          0.000  |            0  |              0  |                     0  |           0  |           2  |  00:00:00  |
|  BRAM Register         |          0.000  |          0.000  |            0  |              0  |                     0  |           0  |           2  |  00:00:00  |
|  URAM Register         |          0.000  |          0.000  |            0  |              0  |                     0  |           0  |           2  |  00:00:00  |
|  Shift Register        |          0.000  |          0.000  |            0  |              0  |                     0  |           0  |           2  |  00:00:00  |
|  Critical Pin          |          0.104  |          0.584  |            0  |              0  |                     3  |           0  |           1  |  00:00:00  |
|  Very High Fanout      |          0.000  |          0.000  |           61  |              0  |                    25  |          13  |           1  |  00:00:35  |
|  BRAM Enable           |          0.000  |          0.000  |            0  |              0  |                     0  |           0  |           1  |  00:00:01  |
|  Critical Path         |          0.103  |          0.097  |            0  |              0  |                     1  |           0  |           2  |  00:00:01  |
|  Total                 |          0.242  |          1.083  |           89  |              0  |                   126  |          22  |          31  |  00:01:35  |
--------------------------------------------------------------------------------------------------------------------------------------------------------------------


Summary of Hold Fix Optimizations
=================================


--------------------------------------------------------------------------------------------------------------------------------------------------------------
|  Optimization               |  WHS Gain (ns)  |  THS Gain (ns)  |  Added LUTs  |  Added FFs  |  Optimized Nets  |  Dont Touch  |  Iterations  |  Elapsed   |
--------------------------------------------------------------------------------------------------------------------------------------------------------------
|  LUT1 and ZHOLD Insertion   |          3.024  |        143.731  |          26  |          0  |              44  |           0  |           1  |  00:00:03  |
|  Total                      |          3.024  |        143.731  |          26  |          0  |              44  |           0  |           1  |  00:00:03  |
--------------------------------------------------------------------------------------------------------------------------------------------------------------


Netlist sorting complete. Time (s): cpu = 00:00:00 ; elapsed = 00:00:00.063 . Memory (MB): peak = 2755.770 ; gain = 0.000
Ending Physical Synthesis Task | Checksum: ce6a5e7a

Time (s): cpu = 00:03:46 ; elapsed = 00:02:28 . Memory (MB): peak = 2755.770 ; gain = 247.742
INFO: [Common 17-83] Releasing license: Implementation
1267 Infos, 102 Warnings, 0 Critical Warnings and 0 Errors encountered.
phys_opt_design completed successfully
phys_opt_design: Time (s): cpu = 00:04:42 ; elapsed = 00:03:01 . Memory (MB): peak = 2755.770 ; gain = 268.676
# write_checkpoint [file join $out before_route.dcp]
Netlist sorting complete. Time (s): cpu = 00:00:00 ; elapsed = 00:00:00.063 . Memory (MB): peak = 2755.770 ; gain = 0.000
INFO: [Timing 38-480] Writing timing data to binary archive.
Writing placer database...
Netlist sorting complete. Time (s): cpu = 00:00:00 ; elapsed = 00:00:00.075 . Memory (MB): peak = 2817.605 ; gain = 0.000
Writing XDEF routing.
Writing XDEF routing logical nets.
Writing XDEF routing special nets.
Write XDEF Complete: Time (s): cpu = 00:00:19 ; elapsed = 00:00:06 . Memory (MB): peak = 2835.680 ; gain = 79.910
INFO: [Common 17-1381] The checkpoint 'D:/ADProjects/FPGA43DGS/examples/3dgs_flicker_hw/build/resource_shared_spread_route_20260930/before_route.dcp' has been generated.
write_checkpoint: Time (s): cpu = 00:00:38 ; elapsed = 00:00:26 . Memory (MB): peak = 2835.680 ; gain = 79.910
# route_design -directive NoTimingRelaxation
Command: route_design -directive NoTimingRelaxation
Attempting to get a license for feature 'Implementation' and/or device 'xc7z030'
INFO: [Common 17-349] Got license for feature 'Implementation' and/or device 'xc7z030'
INFO: [DRC 23-27] Running DRC with 2 threads
INFO: [Vivado_Tcl 4-198] DRC finished with 0 Errors
INFO: [Vivado_Tcl 4-199] Please refer to the DRC report (report_drc) for more information.
Running DRC as a precondition to command route_design
INFO: [DRC 23-27] Running DRC with 2 threads
WARNING: [Designutils 20-3303] unexpected site type 'IOPAD' in HDPYFinalizeIO
WARNING: [Designutils 20-3303] unexpected site type 'IOPAD' in HDPYFinalizeIO
WARNING: [Designutils 20-3303] unexpected site type 'IOPAD' in HDPYFinalizeIO
WARNING: [Designutils 20-3303] unexpected site type 'IOPAD' in HDPYFinalizeIO
WARNING: [Designutils 20-3303] unexpected site type 'IOPAD' in HDPYFinalizeIO
WARNING: [Designutils 20-3303] unexpected site type 'IOPAD' in HDPYFinalizeIO
WARNING: [Designutils 20-3303] unexpected site type 'IOPAD' in HDPYFinalizeIO
WARNING: [Designutils 20-3303] unexpected site type 'IOPAD' in HDPYFinalizeIO
WARNING: [Designutils 20-3303] unexpected site type 'IOPAD' in HDPYFinalizeIO
WARNING: [Designutils 20-3303] unexpected site type 'IOPAD' in HDPYFinalizeIO
WARNING: [Designutils 20-3303] unexpected site type 'IOPAD' in HDPYFinalizeIO
WARNING: [Designutils 20-3303] unexpected site type 'IOPAD' in HDPYFinalizeIO
WARNING: [Designutils 20-3303] unexpected site type 'IOPAD' in HDPYFinalizeIO
WARNING: [Designutils 20-3303] unexpected site type 'IOPAD' in HDPYFinalizeIO
WARNING: [Designutils 20-3303] unexpected site type 'IOPAD' in HDPYFinalizeIO
WARNING: [Designutils 20-3303] unexpected site type 'IOPAD' in HDPYFinalizeIO
WARNING: [Designutils 20-3303] unexpected site type 'IOPAD' in HDPYFinalizeIO
WARNING: [Designutils 20-3303] unexpected site type 'IOPAD' in HDPYFinalizeIO
WARNING: [Designutils 20-3303] unexpected site type 'IOPAD' in HDPYFinalizeIO
WARNING: [Designutils 20-3303] unexpected site type 'IOPAD' in HDPYFinalizeIO
WARNING: [Designutils 20-3303] unexpected site type 'IOPAD' in HDPYFinalizeIO
WARNING: [Designutils 20-3303] unexpected site type 'IOPAD' in HDPYFinalizeIO
WARNING: [Designutils 20-3303] unexpected site type 'IOPAD' in HDPYFinalizeIO
WARNING: [Designutils 20-3303] unexpected site type 'IOPAD' in HDPYFinalizeIO
WARNING: [Designutils 20-3303] unexpected site type 'IOPAD' in HDPYFinalizeIO
WARNING: [Designutils 20-3303] unexpected site type 'IOPAD' in HDPYFinalizeIO
WARNING: [Designutils 20-3303] unexpected site type 'IOPAD' in HDPYFinalizeIO
WARNING: [Designutils 20-3303] unexpected site type 'IOPAD' in HDPYFinalizeIO
WARNING: [Designutils 20-3303] unexpected site type 'IOPAD' in HDPYFinalizeIO
WARNING: [Designutils 20-3303] unexpected site type 'IOPAD' in HDPYFinalizeIO
WARNING: [Designutils 20-3303] unexpected site type 'IOPAD' in HDPYFinalizeIO
WARNING: [Designutils 20-3303] unexpected site type 'IOPAD' in HDPYFinalizeIO
WARNING: [Designutils 20-3303] unexpected site type 'IOPAD' in HDPYFinalizeIO
WARNING: [Designutils 20-3303] unexpected site type 'IOPAD' in HDPYFinalizeIO
WARNING: [Designutils 20-3303] unexpected site type 'IOPAD' in HDPYFinalizeIO
WARNING: [Designutils 20-3303] unexpected site type 'IOPAD' in HDPYFinalizeIO
WARNING: [Designutils 20-3303] unexpected site type 'IOPAD' in HDPYFinalizeIO
WARNING: [Designutils 20-3303] unexpected site type 'IOPAD' in HDPYFinalizeIO
WARNING: [Designutils 20-3303] unexpected site type 'IOPAD' in HDPYFinalizeIO
WARNING: [Designutils 20-3303] unexpected site type 'IOPAD' in HDPYFinalizeIO
WARNING: [Designutils 20-3303] unexpected site type 'IOPAD' in HDPYFinalizeIO
WARNING: [Designutils 20-3303] unexpected site type 'IOPAD' in HDPYFinalizeIO
WARNING: [Designutils 20-3303] unexpected site type 'IOPAD' in HDPYFinalizeIO
WARNING: [Designutils 20-3303] unexpected site type 'IOPAD' in HDPYFinalizeIO
WARNING: [Designutils 20-3303] unexpected site type 'IOPAD' in HDPYFinalizeIO
WARNING: [Designutils 20-3303] unexpected site type 'IOPAD' in HDPYFinalizeIO
WARNING: [Designutils 20-3303] unexpected site type 'IOPAD' in HDPYFinalizeIO
WARNING: [Designutils 20-3303] unexpected site type 'IOPAD' in HDPYFinalizeIO
WARNING: [Designutils 20-3303] unexpected site type 'IOPAD' in HDPYFinalizeIO
WARNING: [Designutils 20-3303] unexpected site type 'IOPAD' in HDPYFinalizeIO
WARNING: [Designutils 20-3303] unexpected site type 'IOPAD' in HDPYFinalizeIO
WARNING: [Designutils 20-3303] unexpected site type 'IOPAD' in HDPYFinalizeIO
WARNING: [Designutils 20-3303] unexpected site type 'IOPAD' in HDPYFinalizeIO
WARNING: [Designutils 20-3303] unexpected site type 'IOPAD' in HDPYFinalizeIO
WARNING: [Designutils 20-3303] unexpected site type 'IOPAD' in HDPYFinalizeIO
WARNING: [Designutils 20-3303] unexpected site type 'IOPAD' in HDPYFinalizeIO
WARNING: [Designutils 20-3303] unexpected site type 'IOPAD' in HDPYFinalizeIO
WARNING: [Designutils 20-3303] unexpected site type 'IOPAD' in HDPYFinalizeIO
WARNING: [Designutils 20-3303] unexpected site type 'IOPAD' in HDPYFinalizeIO
WARNING: [Designutils 20-3303] unexpected site type 'IOPAD' in HDPYFinalizeIO
WARNING: [Designutils 20-3303] unexpected site type 'IOPAD' in HDPYFinalizeIO
WARNING: [Designutils 20-3303] unexpected site type 'IOPAD' in HDPYFinalizeIO
WARNING: [Designutils 20-3303] unexpected site type 'IOPAD' in HDPYFinalizeIO
WARNING: [Designutils 20-3303] unexpected site type 'IOPAD' in HDPYFinalizeIO
WARNING: [Designutils 20-3303] unexpected site type 'IOPAD' in HDPYFinalizeIO
WARNING: [Designutils 20-3303] unexpected site type 'IOPAD' in HDPYFinalizeIO
WARNING: [Designutils 20-3303] unexpected site type 'IOPAD' in HDPYFinalizeIO
WARNING: [Designutils 20-3303] unexpected site type 'IOPAD' in HDPYFinalizeIO
WARNING: [Designutils 20-3303] unexpected site type 'IOPAD' in HDPYFinalizeIO
WARNING: [Designutils 20-3303] unexpected site type 'IOPAD' in HDPYFinalizeIO
WARNING: [Designutils 20-3303] unexpected site type 'IOPAD' in HDPYFinalizeIO
WARNING: [Designutils 20-3303] unexpected site type 'IOPAD' in HDPYFinalizeIO
WARNING: [Designutils 20-3303] unexpected site type 'IOPAD' in HDPYFinalizeIO
WARNING: [Designutils 20-3303] unexpected site type 'IOPAD' in HDPYFinalizeIO
WARNING: [Designutils 20-3303] unexpected site type 'IOPAD' in HDPYFinalizeIO
WARNING: [Designutils 20-3303] unexpected site type 'IOPAD' in HDPYFinalizeIO
WARNING: [Designutils 20-3303] unexpected site type 'IOPAD' in HDPYFinalizeIO
WARNING: [Designutils 20-3303] unexpected site type 'IOPAD' in HDPYFinalizeIO
WARNING: [Designutils 20-3303] unexpected site type 'IOPAD' in HDPYFinalizeIO
WARNING: [Designutils 20-3303] unexpected site type 'IOPAD' in HDPYFinalizeIO
WARNING: [Designutils 20-3303] unexpected site type 'IOPAD' in HDPYFinalizeIO
WARNING: [Designutils 20-3303] unexpected site type 'IOPAD' in HDPYFinalizeIO
WARNING: [Designutils 20-3303] unexpected site type 'IOPAD' in HDPYFinalizeIO
WARNING: [Designutils 20-3303] unexpected site type 'IOPAD' in HDPYFinalizeIO
WARNING: [Designutils 20-3303] unexpected site type 'IOPAD' in HDPYFinalizeIO
WARNING: [Designutils 20-3303] unexpected site type 'IOPAD' in HDPYFinalizeIO
WARNING: [Designutils 20-3303] unexpected site type 'IOPAD' in HDPYFinalizeIO
WARNING: [Designutils 20-3303] unexpected site type 'IOPAD' in HDPYFinalizeIO
WARNING: [Designutils 20-3303] unexpected site type 'IOPAD' in HDPYFinalizeIO
WARNING: [Designutils 20-3303] unexpected site type 'IOPAD' in HDPYFinalizeIO
WARNING: [Designutils 20-3303] unexpected site type 'IOPAD' in HDPYFinalizeIO
WARNING: [Designutils 20-3303] unexpected site type 'IOPAD' in HDPYFinalizeIO
WARNING: [Designutils 20-3303] unexpected site type 'IOPAD' in HDPYFinalizeIO
WARNING: [Designutils 20-3303] unexpected site type 'IOPAD' in HDPYFinalizeIO
WARNING: [Designutils 20-3303] unexpected site type 'IOPAD' in HDPYFinalizeIO
WARNING: [Designutils 20-3303] unexpected site type 'IOPAD' in HDPYFinalizeIO
WARNING: [Designutils 20-3303] unexpected site type 'IOPAD' in HDPYFinalizeIO
WARNING: [Designutils 20-3303] unexpected site type 'IOPAD' in HDPYFinalizeIO
WARNING: [Designutils 20-3303] unexpected site type 'IOPAD' in HDPYFinalizeIO
WARNING: [Designutils 20-3303] unexpected site type 'IOPAD' in HDPYFinalizeIO
INFO: [Common 17-14] Message 'Designutils 20-3303' appears 100 times and further instances of the messages will be disabled. Use the Tcl command set_msg_config to change the current settings.
GCIO site IOB_X0Y22
GCIO site IOB_X0Y24
GCIO site IOB_X0Y26
GCIO site IOB_X0Y28
GCIO site IOB_X0Y72
GCIO site IOB_X0Y74
GCIO site IOB_X0Y76
GCIO site IOB_X0Y78
GCIO site IOB_X1Y72
GCIO site IOB_X1Y74
GCIO site IOB_X1Y76
GCIO site IOB_X1Y78
GCIO site IOB_X1Y122
GCIO site IOB_X1Y124
GCIO site IOB_X1Y126
GCIO site IOB_X1Y128
GCIO site IOB_X1Y172
GCIO site IOB_X1Y174
GCIO site IOB_X1Y176
GCIO site IOB_X1Y178
WARNING: [DRC PLCK-23] Clock Placer Checks: Sub-optimal placement for a clock-capable IO pin and MMCM pair. 
Resolution: A dedicated routing path between the two can be used if: (a) The clock-capable IO (CCIO) is placed on a CCIO capable site (b) The MMCM is placed in the same clock region as the CCIO pin. If the IOB is driving multiple MMCMs, all MMCMs must be placed in the same clock region, one clock region above or one clock region below the IOB. Both the above conditions must be met at the same time, else it may lead to longer and less predictable clock insertion delays.
 This is normally an ERROR but the CLOCK_DEDICATED_ROUTE constraint is set to FALSE allowing your design to continue. The use of this override is highly discouraged as it may lead to very poor timing results. It is recommended that this error condition be corrected in the design.

	U0_ps_ai_peripheral/mig_ddr3_u0/u_mig_7series_0_mig/u_ddr3_clk_ibuf/diff_input_clk.u_ibufg_sys_clk (IBUFDS.O) is locked to IOB_X1Y124
	U0_ps_ai_peripheral/mig_ddr3_u0/u_mig_7series_0_mig/u_iodelay_ctrl/clk_ref_mmcm_gen.mmcm_i (MMCME2_ADV.CLKIN1) is provisionally placed by clockplacer on MMCME2_ADV_X1Y1
INFO: [Vivado_Tcl 4-198] DRC finished with 0 Errors, 1 Warnings
INFO: [Vivado_Tcl 4-199] Please refer to the DRC report (report_drc) for more information.


Starting Routing Task
INFO: [Route 35-270] Using Router directive 'NoTimingRelaxation'.
INFO: [Route 35-254] Multithreading enabled for route_design using a maximum of 2 CPUs
Checksum: PlaceDB: 7139ef5f ConstDB: 0 ShapeSum: 4c47244d RouteDB: 0

Phase 1 Build RT Design
Phase 1 Build RT Design | Checksum: 92fd40e8

Time (s): cpu = 00:00:48 ; elapsed = 00:00:28 . Memory (MB): peak = 3031.438 ; gain = 34.941
Post Restoration Checksum: NetGraph: 52a305f5 NumContArr: 405a3af3 Constraints: 0 Timing: 0

Phase 2 Router Initialization

Phase 2.1 Create Timer
Phase 2.1 Create Timer | Checksum: 92fd40e8

Time (s): cpu = 00:00:49 ; elapsed = 00:00:28 . Memory (MB): peak = 3031.438 ; gain = 34.941

Phase 2.2 Fix Topology Constraints
Phase 2.2 Fix Topology Constraints | Checksum: 92fd40e8

Time (s): cpu = 00:00:50 ; elapsed = 00:00:29 . Memory (MB): peak = 3031.438 ; gain = 34.941

Phase 2.3 Pre Route Cleanup
Phase 2.3 Pre Route Cleanup | Checksum: 92fd40e8

Time (s): cpu = 00:00:50 ; elapsed = 00:00:30 . Memory (MB): peak = 3031.438 ; gain = 34.941
 Number of Nodes with overlaps = 0

Phase 2.4 Update Timing
Phase 2.4 Update Timing | Checksum: 12142ec0d

Time (s): cpu = 00:01:29 ; elapsed = 00:00:55 . Memory (MB): peak = 3280.152 ; gain = 283.656
INFO: [Route 35-416] Intermediate Timing Summary | WNS=-0.109 | TNS=-0.288 | WHS=-1.158 | THS=-7340.714|


Phase 2.5 Update Timing for Bus Skew

Phase 2.5.1 Update Timing
Phase 2.5.1 Update Timing | Checksum: 1ba8f0467

Time (s): cpu = 00:01:57 ; elapsed = 00:01:13 . Memory (MB): peak = 4413.422 ; gain = 1416.926
INFO: [Route 35-416] Intermediate Timing Summary | WNS=-0.109 | TNS=-0.283 | WHS=N/A    | THS=N/A    |

Phase 2.5 Update Timing for Bus Skew | Checksum: 1bf6181ac

Time (s): cpu = 00:01:58 ; elapsed = 00:01:14 . Memory (MB): peak = 4413.422 ; gain = 1416.926
Phase 2 Router Initialization | Checksum: 1fb876b8f

Time (s): cpu = 00:01:58 ; elapsed = 00:01:14 . Memory (MB): peak = 4413.422 ; gain = 1416.926

Phase 3 Initial Routing
Phase 3 Initial Routing | Checksum: 2242e8b3c

Time (s): cpu = 00:02:56 ; elapsed = 00:01:45 . Memory (MB): peak = 4413.422 ; gain = 1416.926

Phase 4 Rip-up And Reroute

Phase 4.1 Global Iteration 0

Phase 4.1.1 Update Timing
Phase 4.1.1 Update Timing | Checksum: 2218e8246

Time (s): cpu = 00:03:01 ; elapsed = 00:01:49 . Memory (MB): peak = 4413.422 ; gain = 1416.926
WARNING: [Route 35-447] Congestion is preventing the router from routing all nets. The router will prioritize the successful completion of routing all nets over timing optimizations.
Phase 4.1 Global Iteration 0 | Checksum: 248807f71

Time (s): cpu = 00:03:22 ; elapsed = 00:02:02 . Memory (MB): peak = 4433.703 ; gain = 1437.207

Phase 4.2 Global Iteration 1
