Copyright 1986-2018 Xilinx, Inc. All Rights Reserved.
------------------------------------------------------------------------------------------------------------------------------------------------------------------------------------------------------------------
| Tool Version : Vivado v.2018.3 (win64) Build 2405991 Thu Dec  6 23:38:27 MST 2018
| Date         : Wed Sep 30 16:17:06 2026
| Host         : cysc-0286 running 64-bit major release  (build 9200)
| Command      : report_timing -from [get_clocks clk_pll_i] -to [get_clocks clk_pll_i] -max_paths 20 -file D:/ADProjects/FPGA43DGS/examples/3dgs_flicker_hw/build/rom_post_route_20260930/after/domain_200mhz.rpt
| Design       : ai7030_edif_top
| Device       : 7z030-ffg676
| Speed File   : -2  PRODUCTION 1.11 2025-11-03
------------------------------------------------------------------------------------------------------------------------------------------------------------------------------------------------------------------

Timing Report

Slack (MET) :             0.034ns  (required time - arrival time)
  Source:                 U0_ps_ai_peripheral/frame_to_ps_inst0/video_rect_read_data_m0/read_en_r_reg/C
                            (rising edge-triggered cell FDCE clocked by clk_pll_i  {rise@0.000ns fall@2.500ns period=5.000ns})
  Destination:            U0_ps_ai_peripheral/frame_to_ps_inst0/frame_read_write_m0/read_buf/U0/inst_fifo_gen/gconvfifo.rf/grf.rf/gntv_or_sync_fifo.mem/gbm.gbmg.gbmga.ngecc.bmg/inst_blk_mem_gen/gnbram.gnativebmg.native_blk_mem_gen/valid.cstr/ramloop[53].ram.r/prim_noinit.ram/DEVICE_7SERIES.NO_BMM_INFO.SDP.SIMPLE_PRIM36.ram/ENBWREN
                            (rising edge-triggered cell RAMB36E1 clocked by clk_pll_i  {rise@0.000ns fall@2.500ns period=5.000ns})
  Path Group:             clk_pll_i
  Path Type:              Setup (Max at Slow Process Corner)
  Requirement:            5.000ns  (clk_pll_i rise@5.000ns - clk_pll_i rise@0.000ns)
  Data Path Delay:        4.520ns  (logic 0.345ns (7.634%)  route 4.175ns (92.366%))
  Logic Levels:           2  (LUT4=1 LUT6=1)
  Clock Path Skew:        -0.066ns (DCD - SCD + CPR)
    Destination Clock Delay (DCD):    5.967ns = ( 10.967 - 5.000 ) 
    Source Clock Delay      (SCD):    6.466ns
    Clock Pessimism Removal (CPR):    0.432ns
  Clock Uncertainty:      0.052ns  ((TSJ^2 + DJ^2)^1/2) / 2 + PE
    Total System Jitter     (TSJ):    0.071ns
    Discrete Jitter          (DJ):    0.077ns
    Phase Error              (PE):    0.000ns

    Pin Reuse     Location             Delay type                Incr(ns)  Path(ns)    Netlist Resource(s)
  ---------------------------------------------------------------------------------    -------------------
                                       (clock clk_pll_i rise edge)
                                                                    0.000     0.000 r  
                  C8                                                0.000     0.000 r  sys_clk_p (IN)
                                       net (fo=0)                   0.000     0.000    U0_ps_ai_peripheral/mig_ddr3_u0/u_mig_7series_0_mig/u_ddr3_clk_ibuf/sys_clk_p
                  C8                                                                r  U0_ps_ai_peripheral/mig_ddr3_u0/u_mig_7series_0_mig/u_ddr3_clk_ibuf/diff_input_clk.u_ibufg_sys_clk/I
                  C8                   IBUFDS (Prop_ibufds_I_O)     0.855     0.855 r  U0_ps_ai_peripheral/mig_ddr3_u0/u_mig_7series_0_mig/u_ddr3_clk_ibuf/diff_input_clk.u_ibufg_sys_clk/O
                                       net (fo=3, routed)           1.098     1.953    U0_ps_ai_peripheral/mig_ddr3_u0/u_mig_7series_0_mig/u_ddr3_infrastructure/out
                  PLLE2_ADV_X1Y2                                                    r  U0_ps_ai_peripheral/mig_ddr3_u0/u_mig_7series_0_mig/u_ddr3_infrastructure/plle2_i/CLKIN1
                  PLLE2_ADV_X1Y2       PLLE2_ADV (Prop_plle2_adv_CLKIN1_CLKOUT3)
                                                                    0.077     2.030 r  U0_ps_ai_peripheral/mig_ddr3_u0/u_mig_7series_0_mig/u_ddr3_infrastructure/plle2_i/CLKOUT3
                                       net (fo=1, routed)           1.145     3.175    U0_ps_ai_peripheral/mig_ddr3_u0/u_mig_7series_0_mig/u_ddr3_infrastructure/pll_clk3_out
                  BUFHCE_X1Y24                                                      r  U0_ps_ai_peripheral/mig_ddr3_u0/u_mig_7series_0_mig/u_ddr3_infrastructure/u_bufh_pll_clk3/I
                  BUFHCE_X1Y24         BUFH (Prop_bufh_I_O)         0.103     3.278 r  U0_ps_ai_peripheral/mig_ddr3_u0/u_mig_7series_0_mig/u_ddr3_infrastructure/u_bufh_pll_clk3/O
                                       net (fo=1, routed)           0.779     4.057    U0_ps_ai_peripheral/mig_ddr3_u0/u_mig_7series_0_mig/u_ddr3_infrastructure/pll_clk3
                  MMCME2_ADV_X1Y2                                                   r  U0_ps_ai_peripheral/mig_ddr3_u0/u_mig_7series_0_mig/u_ddr3_infrastructure/gen_mmcm.mmcm_i/CLKIN1
                  MMCME2_ADV_X1Y2      MMCME2_ADV (Prop_mmcme2_adv_CLKIN1_CLKFBOUT)
                                                                   -2.933     1.124 r  U0_ps_ai_peripheral/mig_ddr3_u0/u_mig_7series_0_mig/u_ddr3_infrastructure/gen_mmcm.mmcm_i/CLKFBOUT
                                       net (fo=1, routed)           1.442     2.566    U0_ps_ai_peripheral/mig_ddr3_u0/u_mig_7series_0_mig/u_ddr3_infrastructure/clk_pll_i
                  BUFGCTRL_X0Y16                                                    r  U0_ps_ai_peripheral/mig_ddr3_u0/u_mig_7series_0_mig/u_ddr3_infrastructure/u_bufg_clkdiv0/I
                  BUFGCTRL_X0Y16       BUFG (Prop_bufg_I_O)         0.093     2.659 r  U0_ps_ai_peripheral/mig_ddr3_u0/u_mig_7series_0_mig/u_ddr3_infrastructure/u_bufg_clkdiv0/O
                                       net (fo=103920, routed)      1.702     4.360    rx_sdi_inst/SDI0/SDI/ui_clk
                  SLICE_X108Y38                                                     r  rx_sdi_inst/SDI0/SDI/cam_clk_inferred_i_1/I1
                  SLICE_X108Y38        LUT3 (Prop_lut3_I1_O)        0.043     4.403 r  rx_sdi_inst/SDI0/SDI/cam_clk_inferred_i_1/O
                                       net (fo=1681, routed)        2.063     6.466    U0_ps_ai_peripheral/frame_to_ps_inst0/video_rect_read_data_m0/CLK
                  SLICE_X22Y14         FDCE                                         r  U0_ps_ai_peripheral/frame_to_ps_inst0/video_rect_read_data_m0/read_en_r_reg/C
  ---------------------------------------------------------------------------------    -------------------
    Placement     SLICE_X22Y14         FDCE (Prop_fdce_C_Q)         0.259     6.725 r  U0_ps_ai_peripheral/frame_to_ps_inst0/video_rect_read_data_m0/read_en_r_reg/Q
                                       net (fo=12, routed)          1.664     8.389    U0_ps_ai_peripheral/frame_to_ps_inst0/frame_read_write_m0/read_buf/U0/inst_fifo_gen/gconvfifo.rf/grf.rf/gntv_or_sync_fifo.gl0.rd/rpntr/rd_en
    Placement     SLICE_X93Y31                                                      r  U0_ps_ai_peripheral/frame_to_ps_inst0/frame_read_write_m0/read_buf/U0/inst_fifo_gen/gconvfifo.rf/grf.rf/gntv_or_sync_fifo.gl0.rd/rpntr/DEVICE_7SERIES.NO_BMM_INFO.SDP.SIMPLE_PRIM36.ram_i_4__0/I2
    Placement     SLICE_X93Y31         LUT4 (Prop_lut4_I2_O)        0.043     8.432 r  U0_ps_ai_peripheral/frame_to_ps_inst0/frame_read_write_m0/read_buf/U0/inst_fifo_gen/gconvfifo.rf/grf.rf/gntv_or_sync_fifo.gl0.rd/rpntr/DEVICE_7SERIES.NO_BMM_INFO.SDP.SIMPLE_PRIM36.ram_i_4__0/O
                                       net (fo=15, routed)          1.774    10.206    U0_ps_ai_peripheral/frame_to_ps_inst0/frame_read_write_m0/read_buf/U0/inst_fifo_gen/gconvfifo.rf/grf.rf/gntv_or_sync_fifo.gl0.rd/rpntr/DEVICE_7SERIES.NO_BMM_INFO.SDP.SIMPLE_PRIM36.ram_i_4__0_n_0
    Placement     SLICE_X8Y6                                                        r  U0_ps_ai_peripheral/frame_to_ps_inst0/frame_read_write_m0/read_buf/U0/inst_fifo_gen/gconvfifo.rf/grf.rf/gntv_or_sync_fifo.gl0.rd/rpntr/DEVICE_7SERIES.NO_BMM_INFO.SDP.SIMPLE_PRIM36.ram_i_2__27/I4
    Placement     SLICE_X8Y6           LUT6 (Prop_lut6_I4_O)        0.043    10.249 r  U0_ps_ai_peripheral/frame_to_ps_inst0/frame_read_write_m0/read_buf/U0/inst_fifo_gen/gconvfifo.rf/grf.rf/gntv_or_sync_fifo.gl0.rd/rpntr/DEVICE_7SERIES.NO_BMM_INFO.SDP.SIMPLE_PRIM36.ram_i_2__27/O
                                       net (fo=1, routed)           0.736    10.986    U0_ps_ai_peripheral/frame_to_ps_inst0/frame_read_write_m0/read_buf/U0/inst_fifo_gen/gconvfifo.rf/grf.rf/gntv_or_sync_fifo.mem/gbm.gbmg.gbmga.ngecc.bmg/inst_blk_mem_gen/gnbram.gnativebmg.native_blk_mem_gen/valid.cstr/ramloop[53].ram.r/prim_noinit.ram/ENB_I_57
    Placement     RAMB36_X0Y1          RAMB36E1                                     r  U0_ps_ai_peripheral/frame_to_ps_inst0/frame_read_write_m0/read_buf/U0/inst_fifo_gen/gconvfifo.rf/grf.rf/gntv_or_sync_fifo.mem/gbm.gbmg.gbmga.ngecc.bmg/inst_blk_mem_gen/gnbram.gnativebmg.native_blk_mem_gen/valid.cstr/ramloop[53].ram.r/prim_noinit.ram/DEVICE_7SERIES.NO_BMM_INFO.SDP.SIMPLE_PRIM36.ram/ENBWREN
  ---------------------------------------------------------------------------------    -------------------

                                       (clock clk_pll_i rise edge)
                                                                    5.000     5.000 r  
                  C8                                                0.000     5.000 r  sys_clk_p (IN)
                                       net (fo=0)                   0.000     5.000    U0_ps_ai_peripheral/mig_ddr3_u0/u_mig_7series_0_mig/u_ddr3_clk_ibuf/sys_clk_p
                  C8                                                                r  U0_ps_ai_peripheral/mig_ddr3_u0/u_mig_7series_0_mig/u_ddr3_clk_ibuf/diff_input_clk.u_ibufg_sys_clk/I
                  C8                   IBUFDS (Prop_ibufds_I_O)     0.758     5.758 r  U0_ps_ai_peripheral/mig_ddr3_u0/u_mig_7series_0_mig/u_ddr3_clk_ibuf/diff_input_clk.u_ibufg_sys_clk/O
                                       net (fo=3, routed)           1.001     6.759    U0_ps_ai_peripheral/mig_ddr3_u0/u_mig_7series_0_mig/u_ddr3_infrastructure/out
                  PLLE2_ADV_X1Y2                                                    r  U0_ps_ai_peripheral/mig_ddr3_u0/u_mig_7series_0_mig/u_ddr3_infrastructure/plle2_i/CLKIN1
                  PLLE2_ADV_X1Y2       PLLE2_ADV (Prop_plle2_adv_CLKIN1_CLKOUT3)
                                                                    0.073     6.832 r  U0_ps_ai_peripheral/mig_ddr3_u0/u_mig_7series_0_mig/u_ddr3_infrastructure/plle2_i/CLKOUT3
                                       net (fo=1, routed)           1.033     7.865    U0_ps_ai_peripheral/mig_ddr3_u0/u_mig_7series_0_mig/u_ddr3_infrastructure/pll_clk3_out
                  BUFHCE_X1Y24                                                      r  U0_ps_ai_peripheral/mig_ddr3_u0/u_mig_7series_0_mig/u_ddr3_infrastructure/u_bufh_pll_clk3/I
                  BUFHCE_X1Y24         BUFH (Prop_bufh_I_O)         0.066     7.931 r  U0_ps_ai_peripheral/mig_ddr3_u0/u_mig_7series_0_mig/u_ddr3_infrastructure/u_bufh_pll_clk3/O
                                       net (fo=1, routed)           0.710     8.641    U0_ps_ai_peripheral/mig_ddr3_u0/u_mig_7series_0_mig/u_ddr3_infrastructure/pll_clk3
                  MMCME2_ADV_X1Y2                                                   r  U0_ps_ai_peripheral/mig_ddr3_u0/u_mig_7series_0_mig/u_ddr3_infrastructure/gen_mmcm.mmcm_i/CLKIN1
                  MMCME2_ADV_X1Y2      MMCME2_ADV (Prop_mmcme2_adv_CLKIN1_CLKFBOUT)
                                                                   -2.652     5.989 r  U0_ps_ai_peripheral/mig_ddr3_u0/u_mig_7series_0_mig/u_ddr3_infrastructure/gen_mmcm.mmcm_i/CLKFBOUT
                                       net (fo=1, routed)           1.333     7.322    U0_ps_ai_peripheral/mig_ddr3_u0/u_mig_7series_0_mig/u_ddr3_infrastructure/clk_pll_i
                  BUFGCTRL_X0Y16                                                    r  U0_ps_ai_peripheral/mig_ddr3_u0/u_mig_7series_0_mig/u_ddr3_infrastructure/u_bufg_clkdiv0/I
                  BUFGCTRL_X0Y16       BUFG (Prop_bufg_I_O)         0.083     7.405 r  U0_ps_ai_peripheral/mig_ddr3_u0/u_mig_7series_0_mig/u_ddr3_infrastructure/u_bufg_clkdiv0/O
                                       net (fo=103920, routed)      1.530     8.935    rx_sdi_inst/SDI0/SDI/ui_clk
                  SLICE_X108Y38                                                     r  rx_sdi_inst/SDI0/SDI/cam_clk_inferred_i_1/I1
                  SLICE_X108Y38        LUT3 (Prop_lut3_I1_O)        0.036     8.971 r  rx_sdi_inst/SDI0/SDI/cam_clk_inferred_i_1/O
                                       net (fo=1681, routed)        1.996    10.967    U0_ps_ai_peripheral/frame_to_ps_inst0/frame_read_write_m0/read_buf/U0/inst_fifo_gen/gconvfifo.rf/grf.rf/gntv_or_sync_fifo.mem/gbm.gbmg.gbmga.ngecc.bmg/inst_blk_mem_gen/gnbram.gnativebmg.native_blk_mem_gen/valid.cstr/ramloop[53].ram.r/prim_noinit.ram/rd_clk
                  RAMB36_X0Y1          RAMB36E1                                     r  U0_ps_ai_peripheral/frame_to_ps_inst0/frame_read_write_m0/read_buf/U0/inst_fifo_gen/gconvfifo.rf/grf.rf/gntv_or_sync_fifo.mem/gbm.gbmg.gbmga.ngecc.bmg/inst_blk_mem_gen/gnbram.gnativebmg.native_blk_mem_gen/valid.cstr/ramloop[53].ram.r/prim_noinit.ram/DEVICE_7SERIES.NO_BMM_INFO.SDP.SIMPLE_PRIM36.ram/CLKBWRCLK
                                       clock pessimism              0.432    11.400    
                                       clock uncertainty           -0.052    11.347    
                  RAMB36_X0Y1          RAMB36E1 (Setup_ramb36e1_CLKBWRCLK_ENBWREN)
                                                                   -0.328    11.019    U0_ps_ai_peripheral/frame_to_ps_inst0/frame_read_write_m0/read_buf/U0/inst_fifo_gen/gconvfifo.rf/grf.rf/gntv_or_sync_fifo.mem/gbm.gbmg.gbmga.ngecc.bmg/inst_blk_mem_gen/gnbram.gnativebmg.native_blk_mem_gen/valid.cstr/ramloop[53].ram.r/prim_noinit.ram/DEVICE_7SERIES.NO_BMM_INFO.SDP.SIMPLE_PRIM36.ram
  ---------------------------------------------------------------------------------
                                       required time                         11.019    
                                       arrival time                         -10.986    
  ---------------------------------------------------------------------------------
                                       slack                                  0.034    

Slack (MET) :             0.045ns  (required time - arrival time)
  Source:                 U0_ps_ai_peripheral/frame_to_ps_inst0/frame_read_write_m0/wr_wfifo_err_reg/C
                            (rising edge-triggered cell FDCE clocked by clk_pll_i  {rise@0.000ns fall@2.500ns period=5.000ns})
  Destination:            U0_ps_ai_peripheral/frame_to_ps_inst0/frame_read_write_m0/frame_fifo_write_m0/FSM_sequential_state_reg[2]/D
                            (rising edge-triggered cell FDCE clocked by clk_pll_i  {rise@0.000ns fall@2.500ns period=5.000ns})
  Path Group:             clk_pll_i
  Path Type:              Setup (Max at Slow Process Corner)
  Requirement:            5.000ns  (clk_pll_i rise@5.000ns - clk_pll_i rise@0.000ns)
  Data Path Delay:        1.055ns  (logic 0.414ns (39.257%)  route 0.641ns (60.743%))
  Logic Levels:           3  (LUT3=1 LUT6=2)
  Clock Path Skew:        -3.881ns (DCD - SCD + CPR)
    Destination Clock Delay (DCD):    3.611ns = ( 8.611 - 5.000 ) 
    Source Clock Delay      (SCD):    7.746ns
    Clock Pessimism Removal (CPR):    0.253ns
  Clock Uncertainty:      0.052ns  ((TSJ^2 + DJ^2)^1/2) / 2 + PE
    Total System Jitter     (TSJ):    0.071ns
    Discrete Jitter          (DJ):    0.077ns
    Phase Error              (PE):    0.000ns

    Pin Reuse     Location             Delay type                Incr(ns)  Path(ns)    Netlist Resource(s)
  ---------------------------------------------------------------------------------    -------------------
                                       (clock clk_pll_i rise edge)
                                                                    0.000     0.000 r  
                  C8                                                0.000     0.000 r  sys_clk_p (IN)
                                       net (fo=0)                   0.000     0.000    U0_ps_ai_peripheral/mig_ddr3_u0/u_mig_7series_0_mig/u_ddr3_clk_ibuf/sys_clk_p
                  C8                                                                r  U0_ps_ai_peripheral/mig_ddr3_u0/u_mig_7series_0_mig/u_ddr3_clk_ibuf/diff_input_clk.u_ibufg_sys_clk/I
                  C8                   IBUFDS (Prop_ibufds_I_O)     0.855     0.855 r  U0_ps_ai_peripheral/mig_ddr3_u0/u_mig_7series_0_mig/u_ddr3_clk_ibuf/diff_input_clk.u_ibufg_sys_clk/O
                                       net (fo=3, routed)           1.098     1.953    U0_ps_ai_peripheral/mig_ddr3_u0/u_mig_7series_0_mig/u_ddr3_infrastructure/out
                  PLLE2_ADV_X1Y2                                                    r  U0_ps_ai_peripheral/mig_ddr3_u0/u_mig_7series_0_mig/u_ddr3_infrastructure/plle2_i/CLKIN1
                  PLLE2_ADV_X1Y2       PLLE2_ADV (Prop_plle2_adv_CLKIN1_CLKOUT3)
                                                                    0.077     2.030 r  U0_ps_ai_peripheral/mig_ddr3_u0/u_mig_7series_0_mig/u_ddr3_infrastructure/plle2_i/CLKOUT3
                                       net (fo=1, routed)           1.145     3.175    U0_ps_ai_peripheral/mig_ddr3_u0/u_mig_7series_0_mig/u_ddr3_infrastructure/pll_clk3_out
                  BUFHCE_X1Y24                                                      r  U0_ps_ai_peripheral/mig_ddr3_u0/u_mig_7series_0_mig/u_ddr3_infrastructure/u_bufh_pll_clk3/I
                  BUFHCE_X1Y24         BUFH (Prop_bufh_I_O)         0.103     3.278 r  U0_ps_ai_peripheral/mig_ddr3_u0/u_mig_7series_0_mig/u_ddr3_infrastructure/u_bufh_pll_clk3/O
                                       net (fo=1, routed)           0.779     4.057    U0_ps_ai_peripheral/mig_ddr3_u0/u_mig_7series_0_mig/u_ddr3_infrastructure/pll_clk3
                  MMCME2_ADV_X1Y2                                                   r  U0_ps_ai_peripheral/mig_ddr3_u0/u_mig_7series_0_mig/u_ddr3_infrastructure/gen_mmcm.mmcm_i/CLKIN1
                  MMCME2_ADV_X1Y2      MMCME2_ADV (Prop_mmcme2_adv_CLKIN1_CLKFBOUT)
                                                                   -2.933     1.124 r  U0_ps_ai_peripheral/mig_ddr3_u0/u_mig_7series_0_mig/u_ddr3_infrastructure/gen_mmcm.mmcm_i/CLKFBOUT
                                       net (fo=1, routed)           1.442     2.566    U0_ps_ai_peripheral/mig_ddr3_u0/u_mig_7series_0_mig/u_ddr3_infrastructure/clk_pll_i
                  BUFGCTRL_X0Y16                                                    r  U0_ps_ai_peripheral/mig_ddr3_u0/u_mig_7series_0_mig/u_ddr3_infrastructure/u_bufg_clkdiv0/I
                  BUFGCTRL_X0Y16       BUFG (Prop_bufg_I_O)         0.093     2.659 r  U0_ps_ai_peripheral/mig_ddr3_u0/u_mig_7series_0_mig/u_ddr3_infrastructure/u_bufg_clkdiv0/O
                                       net (fo=103920, routed)      1.702     4.360    rx_sdi_inst/SDI0/SDI/ui_clk
                  SLICE_X108Y38                                                     r  rx_sdi_inst/SDI0/SDI/cam_clk_inferred_i_1/I1
                  SLICE_X108Y38        LUT3 (Prop_lut3_I1_O)        0.043     4.403 r  rx_sdi_inst/SDI0/SDI/cam_clk_inferred_i_1/O
                                       net (fo=1681, routed)        3.343     7.746    U0_ps_ai_peripheral/frame_to_ps_inst0/frame_read_write_m0/CLK
                  SLICE_X61Y195        FDCE                                         r  U0_ps_ai_peripheral/frame_to_ps_inst0/frame_read_write_m0/wr_wfifo_err_reg/C
  ---------------------------------------------------------------------------------    -------------------
    Placement     SLICE_X61Y195        FDCE (Prop_fdce_C_Q)         0.204     7.950 r  U0_ps_ai_peripheral/frame_to_ps_inst0/frame_read_write_m0/wr_wfifo_err_reg/Q
                                       net (fo=8, routed)           0.258     8.209    U0_ps_ai_peripheral/frame_to_ps_inst0/frame_read_write_m0/frame_fifo_write_m0/wr_burst_len_reg[4]_0
    Placement     SLICE_X61Y195                                                     r  U0_ps_ai_peripheral/frame_to_ps_inst0/frame_read_write_m0/frame_fifo_write_m0/FSM_sequential_state[2]_i_4/I0
    Routing       SLICE_X61Y195        LUT6 (Prop_lut6_I0_O)        0.124     8.333 r  U0_ps_ai_peripheral/frame_to_ps_inst0/frame_read_write_m0/frame_fifo_write_m0/FSM_sequential_state[2]_i_4/O
                                       net (fo=1, routed)           0.099     8.431    U0_ps_ai_peripheral/frame_to_ps_inst0/frame_read_write_m0/frame_fifo_write_m0/FSM_sequential_state[2]_i_4_n_0
    Routing       SLICE_X61Y195                                                     r  U0_ps_ai_peripheral/frame_to_ps_inst0/frame_read_write_m0/frame_fifo_write_m0/FSM_sequential_state[2]_i_3/I4
    Placement     SLICE_X61Y195        LUT6 (Prop_lut6_I4_O)        0.043     8.474 r  U0_ps_ai_peripheral/frame_to_ps_inst0/frame_read_write_m0/frame_fifo_write_m0/FSM_sequential_state[2]_i_3/O
                                       net (fo=3, routed)           0.283     8.758    U0_ps_ai_peripheral/frame_to_ps_inst0/frame_read_write_m0/frame_fifo_write_m0/FSM_sequential_state[2]_i_3_n_0
    Placement     SLICE_X60Y195                                                     r  U0_ps_ai_peripheral/frame_to_ps_inst0/frame_read_write_m0/frame_fifo_write_m0/FSM_sequential_state[2]_i_1/I1
    Routing       SLICE_X60Y195        LUT3 (Prop_lut3_I1_O)        0.043     8.801 r  U0_ps_ai_peripheral/frame_to_ps_inst0/frame_read_write_m0/frame_fifo_write_m0/FSM_sequential_state[2]_i_1/O
                                       net (fo=1, routed)           0.000     8.801    U0_ps_ai_peripheral/frame_to_ps_inst0/frame_read_write_m0/frame_fifo_write_m0/FSM_sequential_state[2]_i_1_n_0
    Routing       SLICE_X60Y195        FDCE                                         r  U0_ps_ai_peripheral/frame_to_ps_inst0/frame_read_write_m0/frame_fifo_write_m0/FSM_sequential_state_reg[2]/D
  ---------------------------------------------------------------------------------    -------------------

                                       (clock clk_pll_i rise edge)
                                                                    5.000     5.000 r  
                  C8                                                0.000     5.000 r  sys_clk_p (IN)
                                       net (fo=0)                   0.000     5.000    U0_ps_ai_peripheral/mig_ddr3_u0/u_mig_7series_0_mig/u_ddr3_clk_ibuf/sys_clk_p
                  C8                                                                r  U0_ps_ai_peripheral/mig_ddr3_u0/u_mig_7series_0_mig/u_ddr3_clk_ibuf/diff_input_clk.u_ibufg_sys_clk/I
                  C8                   IBUFDS (Prop_ibufds_I_O)     0.758     5.758 r  U0_ps_ai_peripheral/mig_ddr3_u0/u_mig_7series_0_mig/u_ddr3_clk_ibuf/diff_input_clk.u_ibufg_sys_clk/O
                                       net (fo=3, routed)           1.001     6.759    U0_ps_ai_peripheral/mig_ddr3_u0/u_mig_7series_0_mig/u_ddr3_infrastructure/out
                  PLLE2_ADV_X1Y2                                                    r  U0_ps_ai_peripheral/mig_ddr3_u0/u_mig_7series_0_mig/u_ddr3_infrastructure/plle2_i/CLKIN1
                  PLLE2_ADV_X1Y2       PLLE2_ADV (Prop_plle2_adv_CLKIN1_CLKOUT3)
                                                                    0.073     6.832 r  U0_ps_ai_peripheral/mig_ddr3_u0/u_mig_7series_0_mig/u_ddr3_infrastructure/plle2_i/CLKOUT3
                                       net (fo=1, routed)           1.033     7.865    U0_ps_ai_peripheral/mig_ddr3_u0/u_mig_7series_0_mig/u_ddr3_infrastructure/pll_clk3_out
                  BUFHCE_X1Y24                                                      r  U0_ps_ai_peripheral/mig_ddr3_u0/u_mig_7series_0_mig/u_ddr3_infrastructure/u_bufh_pll_clk3/I
                  BUFHCE_X1Y24         BUFH (Prop_bufh_I_O)         0.066     7.931 r  U0_ps_ai_peripheral/mig_ddr3_u0/u_mig_7series_0_mig/u_ddr3_infrastructure/u_bufh_pll_clk3/O
                                       net (fo=1, routed)           0.710     8.641    U0_ps_ai_peripheral/mig_ddr3_u0/u_mig_7series_0_mig/u_ddr3_infrastructure/pll_clk3
                  MMCME2_ADV_X1Y2                                                   r  U0_ps_ai_peripheral/mig_ddr3_u0/u_mig_7series_0_mig/u_ddr3_infrastructure/gen_mmcm.mmcm_i/CLKIN1
                  MMCME2_ADV_X1Y2      MMCME2_ADV (Prop_mmcme2_adv_CLKIN1_CLKFBOUT)
                                                                   -2.652     5.989 r  U0_ps_ai_peripheral/mig_ddr3_u0/u_mig_7series_0_mig/u_ddr3_infrastructure/gen_mmcm.mmcm_i/CLKFBOUT
                                       net (fo=1, routed)           1.333     7.322    U0_ps_ai_peripheral/mig_ddr3_u0/u_mig_7series_0_mig/u_ddr3_infrastructure/clk_pll_i
                  BUFGCTRL_X0Y16                                                    r  U0_ps_ai_peripheral/mig_ddr3_u0/u_mig_7series_0_mig/u_ddr3_infrastructure/u_bufg_clkdiv0/I
                  BUFGCTRL_X0Y16       BUFG (Prop_bufg_I_O)         0.083     7.405 r  U0_ps_ai_peripheral/mig_ddr3_u0/u_mig_7series_0_mig/u_ddr3_infrastructure/u_bufg_clkdiv0/O
                                       net (fo=103920, routed)      1.206     8.611    U0_ps_ai_peripheral/frame_to_ps_inst0/frame_read_write_m0/frame_fifo_write_m0/ui_clk
                  SLICE_X60Y195        FDCE                                         r  U0_ps_ai_peripheral/frame_to_ps_inst0/frame_read_write_m0/frame_fifo_write_m0/FSM_sequential_state_reg[2]/C
                                       clock pessimism              0.253     8.865    
                                       clock uncertainty           -0.052     8.812    
                  SLICE_X60Y195        FDCE (Setup_fdce_C_D)        0.033     8.845    U0_ps_ai_peripheral/frame_to_ps_inst0/frame_read_write_m0/frame_fifo_write_m0/FSM_sequential_state_reg[2]
  ---------------------------------------------------------------------------------
                                       required time                          8.845    
                                       arrival time                          -8.801    
  ---------------------------------------------------------------------------------
                                       slack                                  0.045    

Slack (MET) :             0.049ns  (required time - arrival time)
  Source:                 U0_ps_ai_peripheral/frame_to_ps_inst0/frame_read_write_m0/wr_wfifo_err_reg/C
                            (rising edge-triggered cell FDCE clocked by clk_pll_i  {rise@0.000ns fall@2.500ns period=5.000ns})
  Destination:            U0_ps_ai_peripheral/frame_to_ps_inst0/frame_read_write_m0/frame_fifo_write_m0/FSM_sequential_state_reg[1]/D
                            (rising edge-triggered cell FDCE clocked by clk_pll_i  {rise@0.000ns fall@2.500ns period=5.000ns})
  Path Group:             clk_pll_i
  Path Type:              Setup (Max at Slow Process Corner)
  Requirement:            5.000ns  (clk_pll_i rise@5.000ns - clk_pll_i rise@0.000ns)
  Data Path Delay:        1.051ns  (logic 0.414ns (39.394%)  route 0.637ns (60.606%))
  Logic Levels:           3  (LUT3=1 LUT6=2)
  Clock Path Skew:        -3.881ns (DCD - SCD + CPR)
    Destination Clock Delay (DCD):    3.611ns = ( 8.611 - 5.000 ) 
    Source Clock Delay      (SCD):    7.746ns
    Clock Pessimism Removal (CPR):    0.253ns
  Clock Uncertainty:      0.052ns  ((TSJ^2 + DJ^2)^1/2) / 2 + PE
    Total System Jitter     (TSJ):    0.071ns
    Discrete Jitter          (DJ):    0.077ns
    Phase Error              (PE):    0.000ns

    Pin Reuse     Location             Delay type                Incr(ns)  Path(ns)    Netlist Resource(s)
  ---------------------------------------------------------------------------------    -------------------
                                       (clock clk_pll_i rise edge)
                                                                    0.000     0.000 r  
                  C8                                                0.000     0.000 r  sys_clk_p (IN)
                                       net (fo=0)                   0.000     0.000    U0_ps_ai_peripheral/mig_ddr3_u0/u_mig_7series_0_mig/u_ddr3_clk_ibuf/sys_clk_p
                  C8                                                                r  U0_ps_ai_peripheral/mig_ddr3_u0/u_mig_7series_0_mig/u_ddr3_clk_ibuf/diff_input_clk.u_ibufg_sys_clk/I
                  C8                   IBUFDS (Prop_ibufds_I_O)     0.855     0.855 r  U0_ps_ai_peripheral/mig_ddr3_u0/u_mig_7series_0_mig/u_ddr3_clk_ibuf/diff_input_clk.u_ibufg_sys_clk/O
                                       net (fo=3, routed)           1.098     1.953    U0_ps_ai_peripheral/mig_ddr3_u0/u_mig_7series_0_mig/u_ddr3_infrastructure/out
                  PLLE2_ADV_X1Y2                                                    r  U0_ps_ai_peripheral/mig_ddr3_u0/u_mig_7series_0_mig/u_ddr3_infrastructure/plle2_i/CLKIN1
                  PLLE2_ADV_X1Y2       PLLE2_ADV (Prop_plle2_adv_CLKIN1_CLKOUT3)
                                                                    0.077     2.030 r  U0_ps_ai_peripheral/mig_ddr3_u0/u_mig_7series_0_mig/u_ddr3_infrastructure/plle2_i/CLKOUT3
                                       net (fo=1, routed)           1.145     3.175    U0_ps_ai_peripheral/mig_ddr3_u0/u_mig_7series_0_mig/u_ddr3_infrastructure/pll_clk3_out
                  BUFHCE_X1Y24                                                      r  U0_ps_ai_peripheral/mig_ddr3_u0/u_mig_7series_0_mig/u_ddr3_infrastructure/u_bufh_pll_clk3/I
                  BUFHCE_X1Y24         BUFH (Prop_bufh_I_O)         0.103     3.278 r  U0_ps_ai_peripheral/mig_ddr3_u0/u_mig_7series_0_mig/u_ddr3_infrastructure/u_bufh_pll_clk3/O
                                       net (fo=1, routed)           0.779     4.057    U0_ps_ai_peripheral/mig_ddr3_u0/u_mig_7series_0_mig/u_ddr3_infrastructure/pll_clk3
                  MMCME2_ADV_X1Y2                                                   r  U0_ps_ai_peripheral/mig_ddr3_u0/u_mig_7series_0_mig/u_ddr3_infrastructure/gen_mmcm.mmcm_i/CLKIN1
                  MMCME2_ADV_X1Y2      MMCME2_ADV (Prop_mmcme2_adv_CLKIN1_CLKFBOUT)
                                                                   -2.933     1.124 r  U0_ps_ai_peripheral/mig_ddr3_u0/u_mig_7series_0_mig/u_ddr3_infrastructure/gen_mmcm.mmcm_i/CLKFBOUT
                                       net (fo=1, routed)           1.442     2.566    U0_ps_ai_peripheral/mig_ddr3_u0/u_mig_7series_0_mig/u_ddr3_infrastructure/clk_pll_i
                  BUFGCTRL_X0Y16                                                    r  U0_ps_ai_peripheral/mig_ddr3_u0/u_mig_7series_0_mig/u_ddr3_infrastructure/u_bufg_clkdiv0/I
                  BUFGCTRL_X0Y16       BUFG (Prop_bufg_I_O)         0.093     2.659 r  U0_ps_ai_peripheral/mig_ddr3_u0/u_mig_7series_0_mig/u_ddr3_infrastructure/u_bufg_clkdiv0/O
                                       net (fo=103920, routed)      1.702     4.360    rx_sdi_inst/SDI0/SDI/ui_clk
                  SLICE_X108Y38                                                     r  rx_sdi_inst/SDI0/SDI/cam_clk_inferred_i_1/I1
                  SLICE_X108Y38        LUT3 (Prop_lut3_I1_O)        0.043     4.403 r  rx_sdi_inst/SDI0/SDI/cam_clk_inferred_i_1/O
                                       net (fo=1681, routed)        3.343     7.746    U0_ps_ai_peripheral/frame_to_ps_inst0/frame_read_write_m0/CLK
                  SLICE_X61Y195        FDCE                                         r  U0_ps_ai_peripheral/frame_to_ps_inst0/frame_read_write_m0/wr_wfifo_err_reg/C
  ---------------------------------------------------------------------------------    -------------------
    Placement     SLICE_X61Y195        FDCE (Prop_fdce_C_Q)         0.204     7.950 r  U0_ps_ai_peripheral/frame_to_ps_inst0/frame_read_write_m0/wr_wfifo_err_reg/Q
                                       net (fo=8, routed)           0.258     8.209    U0_ps_ai_peripheral/frame_to_ps_inst0/frame_read_write_m0/frame_fifo_write_m0/wr_burst_len_reg[4]_0
    Placement     SLICE_X61Y195                                                     r  U0_ps_ai_peripheral/frame_to_ps_inst0/frame_read_write_m0/frame_fifo_write_m0/FSM_sequential_state[2]_i_4/I0
    Routing       SLICE_X61Y195        LUT6 (Prop_lut6_I0_O)        0.124     8.333 r  U0_ps_ai_peripheral/frame_to_ps_inst0/frame_read_write_m0/frame_fifo_write_m0/FSM_sequential_state[2]_i_4/O
                                       net (fo=1, routed)           0.099     8.431    U0_ps_ai_peripheral/frame_to_ps_inst0/frame_read_write_m0/frame_fifo_write_m0/FSM_sequential_state[2]_i_4_n_0
    Routing       SLICE_X61Y195                                                     r  U0_ps_ai_peripheral/frame_to_ps_inst0/frame_read_write_m0/frame_fifo_write_m0/FSM_sequential_state[2]_i_3/I4
    Placement     SLICE_X61Y195        LUT6 (Prop_lut6_I4_O)        0.043     8.474 r  U0_ps_ai_peripheral/frame_to_ps_inst0/frame_read_write_m0/frame_fifo_write_m0/FSM_sequential_state[2]_i_3/O
                                       net (fo=3, routed)           0.280     8.754    U0_ps_ai_peripheral/frame_to_ps_inst0/frame_read_write_m0/frame_fifo_write_m0/FSM_sequential_state[2]_i_3_n_0
    Placement     SLICE_X60Y195                                                     r  U0_ps_ai_peripheral/frame_to_ps_inst0/frame_read_write_m0/frame_fifo_write_m0/FSM_sequential_state[1]_i_1/I1
    Routing       SLICE_X60Y195        LUT3 (Prop_lut3_I1_O)        0.043     8.797 r  U0_ps_ai_peripheral/frame_to_ps_inst0/frame_read_write_m0/frame_fifo_write_m0/FSM_sequential_state[1]_i_1/O
                                       net (fo=1, routed)           0.000     8.797    U0_ps_ai_peripheral/frame_to_ps_inst0/frame_read_write_m0/frame_fifo_write_m0/FSM_sequential_state[1]_i_1_n_0
    Routing       SLICE_X60Y195        FDCE                                         r  U0_ps_ai_peripheral/frame_to_ps_inst0/frame_read_write_m0/frame_fifo_write_m0/FSM_sequential_state_reg[1]/D
  ---------------------------------------------------------------------------------    -------------------

                                       (clock clk_pll_i rise edge)
                                                                    5.000     5.000 r  
                  C8                                                0.000     5.000 r  sys_clk_p (IN)
                                       net (fo=0)                   0.000     5.000    U0_ps_ai_peripheral/mig_ddr3_u0/u_mig_7series_0_mig/u_ddr3_clk_ibuf/sys_clk_p
                  C8                                                                r  U0_ps_ai_peripheral/mig_ddr3_u0/u_mig_7series_0_mig/u_ddr3_clk_ibuf/diff_input_clk.u_ibufg_sys_clk/I
                  C8                   IBUFDS (Prop_ibufds_I_O)     0.758     5.758 r  U0_ps_ai_peripheral/mig_ddr3_u0/u_mig_7series_0_mig/u_ddr3_clk_ibuf/diff_input_clk.u_ibufg_sys_clk/O
                                       net (fo=3, routed)           1.001     6.759    U0_ps_ai_peripheral/mig_ddr3_u0/u_mig_7series_0_mig/u_ddr3_infrastructure/out
                  PLLE2_ADV_X1Y2                                                    r  U0_ps_ai_peripheral/mig_ddr3_u0/u_mig_7series_0_mig/u_ddr3_infrastructure/plle2_i/CLKIN1
                  PLLE2_ADV_X1Y2       PLLE2_ADV (Prop_plle2_adv_CLKIN1_CLKOUT3)
                                                                    0.073     6.832 r  U0_ps_ai_peripheral/mig_ddr3_u0/u_mig_7series_0_mig/u_ddr3_infrastructure/plle2_i/CLKOUT3
                                       net (fo=1, routed)           1.033     7.865    U0_ps_ai_peripheral/mig_ddr3_u0/u_mig_7series_0_mig/u_ddr3_infrastructure/pll_clk3_out
                  BUFHCE_X1Y24                                                      r  U0_ps_ai_peripheral/mig_ddr3_u0/u_mig_7series_0_mig/u_ddr3_infrastructure/u_bufh_pll_clk3/I
                  BUFHCE_X1Y24         BUFH (Prop_bufh_I_O)         0.066     7.931 r  U0_ps_ai_peripheral/mig_ddr3_u0/u_mig_7series_0_mig/u_ddr3_infrastructure/u_bufh_pll_clk3/O
                                       net (fo=1, routed)           0.710     8.641    U0_ps_ai_peripheral/mig_ddr3_u0/u_mig_7series_0_mig/u_ddr3_infrastructure/pll_clk3
                  MMCME2_ADV_X1Y2                                                   r  U0_ps_ai_peripheral/mig_ddr3_u0/u_mig_7series_0_mig/u_ddr3_infrastructure/gen_mmcm.mmcm_i/CLKIN1
                  MMCME2_ADV_X1Y2      MMCME2_ADV (Prop_mmcme2_adv_CLKIN1_CLKFBOUT)
                                                                   -2.652     5.989 r  U0_ps_ai_peripheral/mig_ddr3_u0/u_mig_7series_0_mig/u_ddr3_infrastructure/gen_mmcm.mmcm_i/CLKFBOUT
                                       net (fo=1, routed)           1.333     7.322    U0_ps_ai_peripheral/mig_ddr3_u0/u_mig_7series_0_mig/u_ddr3_infrastructure/clk_pll_i
                  BUFGCTRL_X0Y16                                                    r  U0_ps_ai_peripheral/mig_ddr3_u0/u_mig_7series_0_mig/u_ddr3_infrastructure/u_bufg_clkdiv0/I
                  BUFGCTRL_X0Y16       BUFG (Prop_bufg_I_O)         0.083     7.405 r  U0_ps_ai_peripheral/mig_ddr3_u0/u_mig_7series_0_mig/u_ddr3_infrastructure/u_bufg_clkdiv0/O
                                       net (fo=103920, routed)      1.206     8.611    U0_ps_ai_peripheral/frame_to_ps_inst0/frame_read_write_m0/frame_fifo_write_m0/ui_clk
                  SLICE_X60Y195        FDCE                                         r  U0_ps_ai_peripheral/frame_to_ps_inst0/frame_read_write_m0/frame_fifo_write_m0/FSM_sequential_state_reg[1]/C
                                       clock pessimism              0.253     8.865    
                                       clock uncertainty           -0.052     8.812    
                  SLICE_X60Y195        FDCE (Setup_fdce_C_D)        0.034     8.846    U0_ps_ai_peripheral/frame_to_ps_inst0/frame_read_write_m0/frame_fifo_write_m0/FSM_sequential_state_reg[1]
  ---------------------------------------------------------------------------------
                                       required time                          8.846    
                                       arrival time                          -8.797    
  ---------------------------------------------------------------------------------
                                       slack                                  0.049    

Slack (MET) :             0.081ns  (required time - arrival time)
  Source:                 U0_ps_ai_peripheral/frame_to_ps_inst0/frame_read_write_m0/wr_wfifo_err_reg/C
                            (rising edge-triggered cell FDCE clocked by clk_pll_i  {rise@0.000ns fall@2.500ns period=5.000ns})
  Destination:            U0_ps_ai_peripheral/frame_to_ps_inst0/frame_read_write_m0/frame_fifo_write_m0/FSM_sequential_state_reg[0]/D
                            (rising edge-triggered cell FDCE clocked by clk_pll_i  {rise@0.000ns fall@2.500ns period=5.000ns})
  Path Group:             clk_pll_i
  Path Type:              Setup (Max at Slow Process Corner)
  Requirement:            5.000ns  (clk_pll_i rise@5.000ns - clk_pll_i rise@0.000ns)
  Data Path Delay:        1.019ns  (logic 0.414ns (40.631%)  route 0.605ns (59.369%))
  Logic Levels:           3  (LUT6=3)
  Clock Path Skew:        -3.881ns (DCD - SCD + CPR)
    Destination Clock Delay (DCD):    3.611ns = ( 8.611 - 5.000 ) 
    Source Clock Delay      (SCD):    7.746ns
    Clock Pessimism Removal (CPR):    0.253ns
  Clock Uncertainty:      0.052ns  ((TSJ^2 + DJ^2)^1/2) / 2 + PE
    Total System Jitter     (TSJ):    0.071ns
    Discrete Jitter          (DJ):    0.077ns
    Phase Error              (PE):    0.000ns

    Pin Reuse     Location             Delay type                Incr(ns)  Path(ns)    Netlist Resource(s)
  ---------------------------------------------------------------------------------    -------------------
                                       (clock clk_pll_i rise edge)
                                                                    0.000     0.000 r  
                  C8                                                0.000     0.000 r  sys_clk_p (IN)
                                       net (fo=0)                   0.000     0.000    U0_ps_ai_peripheral/mig_ddr3_u0/u_mig_7series_0_mig/u_ddr3_clk_ibuf/sys_clk_p
                  C8                                                                r  U0_ps_ai_peripheral/mig_ddr3_u0/u_mig_7series_0_mig/u_ddr3_clk_ibuf/diff_input_clk.u_ibufg_sys_clk/I
                  C8                   IBUFDS (Prop_ibufds_I_O)     0.855     0.855 r  U0_ps_ai_peripheral/mig_ddr3_u0/u_mig_7series_0_mig/u_ddr3_clk_ibuf/diff_input_clk.u_ibufg_sys_clk/O
                                       net (fo=3, routed)           1.098     1.953    U0_ps_ai_peripheral/mig_ddr3_u0/u_mig_7series_0_mig/u_ddr3_infrastructure/out
                  PLLE2_ADV_X1Y2                                                    r  U0_ps_ai_peripheral/mig_ddr3_u0/u_mig_7series_0_mig/u_ddr3_infrastructure/plle2_i/CLKIN1
                  PLLE2_ADV_X1Y2       PLLE2_ADV (Prop_plle2_adv_CLKIN1_CLKOUT3)
                                                                    0.077     2.030 r  U0_ps_ai_peripheral/mig_ddr3_u0/u_mig_7series_0_mig/u_ddr3_infrastructure/plle2_i/CLKOUT3
                                       net (fo=1, routed)           1.145     3.175    U0_ps_ai_peripheral/mig_ddr3_u0/u_mig_7series_0_mig/u_ddr3_infrastructure/pll_clk3_out
                  BUFHCE_X1Y24                                                      r  U0_ps_ai_peripheral/mig_ddr3_u0/u_mig_7series_0_mig/u_ddr3_infrastructure/u_bufh_pll_clk3/I
                  BUFHCE_X1Y24         BUFH (Prop_bufh_I_O)         0.103     3.278 r  U0_ps_ai_peripheral/mig_ddr3_u0/u_mig_7series_0_mig/u_ddr3_infrastructure/u_bufh_pll_clk3/O
                                       net (fo=1, routed)           0.779     4.057    U0_ps_ai_peripheral/mig_ddr3_u0/u_mig_7series_0_mig/u_ddr3_infrastructure/pll_clk3
                  MMCME2_ADV_X1Y2                                                   r  U0_ps_ai_peripheral/mig_ddr3_u0/u_mig_7series_0_mig/u_ddr3_infrastructure/gen_mmcm.mmcm_i/CLKIN1
                  MMCME2_ADV_X1Y2      MMCME2_ADV (Prop_mmcme2_adv_CLKIN1_CLKFBOUT)
                                                                   -2.933     1.124 r  U0_ps_ai_peripheral/mig_ddr3_u0/u_mig_7series_0_mig/u_ddr3_infrastructure/gen_mmcm.mmcm_i/CLKFBOUT
                                       net (fo=1, routed)           1.442     2.566    U0_ps_ai_peripheral/mig_ddr3_u0/u_mig_7series_0_mig/u_ddr3_infrastructure/clk_pll_i
                  BUFGCTRL_X0Y16                                                    r  U0_ps_ai_peripheral/mig_ddr3_u0/u_mig_7series_0_mig/u_ddr3_infrastructure/u_bufg_clkdiv0/I
                  BUFGCTRL_X0Y16       BUFG (Prop_bufg_I_O)         0.093     2.659 r  U0_ps_ai_peripheral/mig_ddr3_u0/u_mig_7series_0_mig/u_ddr3_infrastructure/u_bufg_clkdiv0/O
                                       net (fo=103920, routed)      1.702     4.360    rx_sdi_inst/SDI0/SDI/ui_clk
                  SLICE_X108Y38                                                     r  rx_sdi_inst/SDI0/SDI/cam_clk_inferred_i_1/I1
                  SLICE_X108Y38        LUT3 (Prop_lut3_I1_O)        0.043     4.403 r  rx_sdi_inst/SDI0/SDI/cam_clk_inferred_i_1/O
                                       net (fo=1681, routed)        3.343     7.746    U0_ps_ai_peripheral/frame_to_ps_inst0/frame_read_write_m0/CLK
                  SLICE_X61Y195        FDCE                                         r  U0_ps_ai_peripheral/frame_to_ps_inst0/frame_read_write_m0/wr_wfifo_err_reg/C
  ---------------------------------------------------------------------------------    -------------------
    Placement     SLICE_X61Y195        FDCE (Prop_fdce_C_Q)         0.204     7.950 r  U0_ps_ai_peripheral/frame_to_ps_inst0/frame_read_write_m0/wr_wfifo_err_reg/Q
                                       net (fo=8, routed)           0.258     8.209    U0_ps_ai_peripheral/frame_to_ps_inst0/frame_read_write_m0/frame_fifo_write_m0/wr_burst_len_reg[4]_0
    Placement     SLICE_X61Y195                                                     r  U0_ps_ai_peripheral/frame_to_ps_inst0/frame_read_write_m0/frame_fifo_write_m0/FSM_sequential_state[2]_i_4/I0
    Routing       SLICE_X61Y195        LUT6 (Prop_lut6_I0_O)        0.124     8.333 r  U0_ps_ai_peripheral/frame_to_ps_inst0/frame_read_write_m0/frame_fifo_write_m0/FSM_sequential_state[2]_i_4/O
                                       net (fo=1, routed)           0.099     8.431    U0_ps_ai_peripheral/frame_to_ps_inst0/frame_read_write_m0/frame_fifo_write_m0/FSM_sequential_state[2]_i_4_n_0
    Routing       SLICE_X61Y195                                                     r  U0_ps_ai_peripheral/frame_to_ps_inst0/frame_read_write_m0/frame_fifo_write_m0/FSM_sequential_state[2]_i_3/I4
    Placement     SLICE_X61Y195        LUT6 (Prop_lut6_I4_O)        0.043     8.474 r  U0_ps_ai_peripheral/frame_to_ps_inst0/frame_read_write_m0/frame_fifo_write_m0/FSM_sequential_state[2]_i_3/O
                                       net (fo=3, routed)           0.248     8.722    U0_ps_ai_peripheral/frame_to_ps_inst0/frame_read_write_m0/frame_fifo_write_m0/FSM_sequential_state[2]_i_3_n_0
    Placement     SLICE_X60Y195                                                     r  U0_ps_ai_peripheral/frame_to_ps_inst0/frame_read_write_m0/frame_fifo_write_m0/FSM_sequential_state[0]_i_1/I4
    Routing       SLICE_X60Y195        LUT6 (Prop_lut6_I4_O)        0.043     8.765 r  U0_ps_ai_peripheral/frame_to_ps_inst0/frame_read_write_m0/frame_fifo_write_m0/FSM_sequential_state[0]_i_1/O
                                       net (fo=1, routed)           0.000     8.765    U0_ps_ai_peripheral/frame_to_ps_inst0/frame_read_write_m0/frame_fifo_write_m0/FSM_sequential_state[0]_i_1_n_0
    Routing       SLICE_X60Y195        FDCE                                         r  U0_ps_ai_peripheral/frame_to_ps_inst0/frame_read_write_m0/frame_fifo_write_m0/FSM_sequential_state_reg[0]/D
  ---------------------------------------------------------------------------------    -------------------

                                       (clock clk_pll_i rise edge)
                                                                    5.000     5.000 r  
                  C8                                                0.000     5.000 r  sys_clk_p (IN)
                                       net (fo=0)                   0.000     5.000    U0_ps_ai_peripheral/mig_ddr3_u0/u_mig_7series_0_mig/u_ddr3_clk_ibuf/sys_clk_p
                  C8                                                                r  U0_ps_ai_peripheral/mig_ddr3_u0/u_mig_7series_0_mig/u_ddr3_clk_ibuf/diff_input_clk.u_ibufg_sys_clk/I
                  C8                   IBUFDS (Prop_ibufds_I_O)     0.758     5.758 r  U0_ps_ai_peripheral/mig_ddr3_u0/u_mig_7series_0_mig/u_ddr3_clk_ibuf/diff_input_clk.u_ibufg_sys_clk/O
                                       net (fo=3, routed)           1.001     6.759    U0_ps_ai_peripheral/mig_ddr3_u0/u_mig_7series_0_mig/u_ddr3_infrastructure/out
                  PLLE2_ADV_X1Y2                                                    r  U0_ps_ai_peripheral/mig_ddr3_u0/u_mig_7series_0_mig/u_ddr3_infrastructure/plle2_i/CLKIN1
                  PLLE2_ADV_X1Y2       PLLE2_ADV (Prop_plle2_adv_CLKIN1_CLKOUT3)
                                                                    0.073     6.832 r  U0_ps_ai_peripheral/mig_ddr3_u0/u_mig_7series_0_mig/u_ddr3_infrastructure/plle2_i/CLKOUT3
                                       net (fo=1, routed)           1.033     7.865    U0_ps_ai_peripheral/mig_ddr3_u0/u_mig_7series_0_mig/u_ddr3_infrastructure/pll_clk3_out
                  BUFHCE_X1Y24                                                      r  U0_ps_ai_peripheral/mig_ddr3_u0/u_mig_7series_0_mig/u_ddr3_infrastructure/u_bufh_pll_clk3/I
                  BUFHCE_X1Y24         BUFH (Prop_bufh_I_O)         0.066     7.931 r  U0_ps_ai_peripheral/mig_ddr3_u0/u_mig_7series_0_mig/u_ddr3_infrastructure/u_bufh_pll_clk3/O
                                       net (fo=1, routed)           0.710     8.641    U0_ps_ai_peripheral/mig_ddr3_u0/u_mig_7series_0_mig/u_ddr3_infrastructure/pll_clk3
                  MMCME2_ADV_X1Y2                                                   r  U0_ps_ai_peripheral/mig_ddr3_u0/u_mig_7series_0_mig/u_ddr3_infrastructure/gen_mmcm.mmcm_i/CLKIN1
                  MMCME2_ADV_X1Y2      MMCME2_ADV (Prop_mmcme2_adv_CLKIN1_CLKFBOUT)
                                                                   -2.652     5.989 r  U0_ps_ai_peripheral/mig_ddr3_u0/u_mig_7series_0_mig/u_ddr3_infrastructure/gen_mmcm.mmcm_i/CLKFBOUT
                                       net (fo=1, routed)           1.333     7.322    U0_ps_ai_peripheral/mig_ddr3_u0/u_mig_7series_0_mig/u_ddr3_infrastructure/clk_pll_i
                  BUFGCTRL_X0Y16                                                    r  U0_ps_ai_peripheral/mig_ddr3_u0/u_mig_7series_0_mig/u_ddr3_infrastructure/u_bufg_clkdiv0/I
                  BUFGCTRL_X0Y16       BUFG (Prop_bufg_I_O)         0.083     7.405 r  U0_ps_ai_peripheral/mig_ddr3_u0/u_mig_7series_0_mig/u_ddr3_infrastructure/u_bufg_clkdiv0/O
                                       net (fo=103920, routed)      1.206     8.611    U0_ps_ai_peripheral/frame_to_ps_inst0/frame_read_write_m0/frame_fifo_write_m0/ui_clk
                  SLICE_X60Y195        FDCE                                         r  U0_ps_ai_peripheral/frame_to_ps_inst0/frame_read_write_m0/frame_fifo_write_m0/FSM_sequential_state_reg[0]/C
                                       clock pessimism              0.253     8.865    
                                       clock uncertainty           -0.052     8.812    
                  SLICE_X60Y195        FDCE (Setup_fdce_C_D)        0.034     8.846    U0_ps_ai_peripheral/frame_to_ps_inst0/frame_read_write_m0/frame_fifo_write_m0/FSM_sequential_state_reg[0]
  ---------------------------------------------------------------------------------
                                       required time                          8.846    
                                       arrival time                          -8.765    
  ---------------------------------------------------------------------------------
                                       slack                                  0.081    

Slack (MET) :             0.132ns  (required time - arrival time)
  Source:                 U0_ps_ai_peripheral/frame_to_ps_inst0/frame_read_write_m0/read_buf/U0/inst_fifo_gen/gconvfifo.rf/grf.rf/gntv_or_sync_fifo.gl0.rd/rpntr/gc0.count_d1_reg[10]/C
                            (rising edge-triggered cell FDRE clocked by clk_pll_i  {rise@0.000ns fall@2.500ns period=5.000ns})
  Destination:            U0_ps_ai_peripheral/frame_to_ps_inst0/frame_read_write_m0/read_buf/U0/inst_fifo_gen/gconvfifo.rf/grf.rf/gntv_or_sync_fifo.mem/gbm.gbmg.gbmga.ngecc.bmg/inst_blk_mem_gen/gnbram.gnativebmg.native_blk_mem_gen/valid.cstr/ramloop[0].ram.r/prim_noinit.ram/DEVICE_7SERIES.NO_BMM_INFO.SDP.SIMPLE_PRIM36.ram/ADDRBWRADDR[10]
                            (rising edge-triggered cell RAMB36E1 clocked by clk_pll_i  {rise@0.000ns fall@2.500ns period=5.000ns})
  Path Group:             clk_pll_i
  Path Type:              Setup (Max at Slow Process Corner)
  Requirement:            5.000ns  (clk_pll_i rise@5.000ns - clk_pll_i rise@0.000ns)
  Data Path Delay:        3.621ns  (logic 0.223ns (6.159%)  route 3.398ns (93.841%))
  Logic Levels:           0  
  Clock Path Skew:        -0.779ns (DCD - SCD + CPR)
    Destination Clock Delay (DCD):    4.802ns = ( 9.802 - 5.000 ) 
    Source Clock Delay      (SCD):    6.031ns
    Clock Pessimism Removal (CPR):    0.450ns
  Clock Uncertainty:      0.052ns  ((TSJ^2 + DJ^2)^1/2) / 2 + PE
    Total System Jitter     (TSJ):    0.071ns
    Discrete Jitter          (DJ):    0.077ns
    Phase Error              (PE):    0.000ns

    Pin Reuse     Location             Delay type                Incr(ns)  Path(ns)    Netlist Resource(s)
  ---------------------------------------------------------------------------------    -------------------
                                       (clock clk_pll_i rise edge)
                                                                    0.000     0.000 r  
                  C8                                                0.000     0.000 r  sys_clk_p (IN)
                                       net (fo=0)                   0.000     0.000    U0_ps_ai_peripheral/mig_ddr3_u0/u_mig_7series_0_mig/u_ddr3_clk_ibuf/sys_clk_p
                  C8                                                                r  U0_ps_ai_peripheral/mig_ddr3_u0/u_mig_7series_0_mig/u_ddr3_clk_ibuf/diff_input_clk.u_ibufg_sys_clk/I
                  C8                   IBUFDS (Prop_ibufds_I_O)     0.855     0.855 r  U0_ps_ai_peripheral/mig_ddr3_u0/u_mig_7series_0_mig/u_ddr3_clk_ibuf/diff_input_clk.u_ibufg_sys_clk/O
                                       net (fo=3, routed)           1.098     1.953    U0_ps_ai_peripheral/mig_ddr3_u0/u_mig_7series_0_mig/u_ddr3_infrastructure/out
                  PLLE2_ADV_X1Y2                                                    r  U0_ps_ai_peripheral/mig_ddr3_u0/u_mig_7series_0_mig/u_ddr3_infrastructure/plle2_i/CLKIN1
                  PLLE2_ADV_X1Y2       PLLE2_ADV (Prop_plle2_adv_CLKIN1_CLKOUT3)
                                                                    0.077     2.030 r  U0_ps_ai_peripheral/mig_ddr3_u0/u_mig_7series_0_mig/u_ddr3_infrastructure/plle2_i/CLKOUT3
                                       net (fo=1, routed)           1.145     3.175    U0_ps_ai_peripheral/mig_ddr3_u0/u_mig_7series_0_mig/u_ddr3_infrastructure/pll_clk3_out
                  BUFHCE_X1Y24                                                      r  U0_ps_ai_peripheral/mig_ddr3_u0/u_mig_7series_0_mig/u_ddr3_infrastructure/u_bufh_pll_clk3/I
                  BUFHCE_X1Y24         BUFH (Prop_bufh_I_O)         0.103     3.278 r  U0_ps_ai_peripheral/mig_ddr3_u0/u_mig_7series_0_mig/u_ddr3_infrastructure/u_bufh_pll_clk3/O
                                       net (fo=1, routed)           0.779     4.057    U0_ps_ai_peripheral/mig_ddr3_u0/u_mig_7series_0_mig/u_ddr3_infrastructure/pll_clk3
                  MMCME2_ADV_X1Y2                                                   r  U0_ps_ai_peripheral/mig_ddr3_u0/u_mig_7series_0_mig/u_ddr3_infrastructure/gen_mmcm.mmcm_i/CLKIN1
                  MMCME2_ADV_X1Y2      MMCME2_ADV (Prop_mmcme2_adv_CLKIN1_CLKFBOUT)
                                                                   -2.933     1.124 r  U0_ps_ai_peripheral/mig_ddr3_u0/u_mig_7series_0_mig/u_ddr3_infrastructure/gen_mmcm.mmcm_i/CLKFBOUT
                                       net (fo=1, routed)           1.442     2.566    U0_ps_ai_peripheral/mig_ddr3_u0/u_mig_7series_0_mig/u_ddr3_infrastructure/clk_pll_i
                  BUFGCTRL_X0Y16                                                    r  U0_ps_ai_peripheral/mig_ddr3_u0/u_mig_7series_0_mig/u_ddr3_infrastructure/u_bufg_clkdiv0/I
                  BUFGCTRL_X0Y16       BUFG (Prop_bufg_I_O)         0.093     2.659 r  U0_ps_ai_peripheral/mig_ddr3_u0/u_mig_7series_0_mig/u_ddr3_infrastructure/u_bufg_clkdiv0/O
                                       net (fo=103920, routed)      1.702     4.360    rx_sdi_inst/SDI0/SDI/ui_clk
                  SLICE_X108Y38                                                     r  rx_sdi_inst/SDI0/SDI/cam_clk_inferred_i_1/I1
                  SLICE_X108Y38        LUT3 (Prop_lut3_I1_O)        0.043     4.403 r  rx_sdi_inst/SDI0/SDI/cam_clk_inferred_i_1/O
                                       net (fo=1681, routed)        1.628     6.031    U0_ps_ai_peripheral/frame_to_ps_inst0/frame_read_write_m0/read_buf/U0/inst_fifo_gen/gconvfifo.rf/grf.rf/gntv_or_sync_fifo.gl0.rd/rpntr/rd_clk
                  SLICE_X51Y14         FDRE                                         r  U0_ps_ai_peripheral/frame_to_ps_inst0/frame_read_write_m0/read_buf/U0/inst_fifo_gen/gconvfifo.rf/grf.rf/gntv_or_sync_fifo.gl0.rd/rpntr/gc0.count_d1_reg[10]/C
  ---------------------------------------------------------------------------------    -------------------
    Placement     SLICE_X51Y14         FDRE (Prop_fdre_C_Q)         0.223     6.254 r  U0_ps_ai_peripheral/frame_to_ps_inst0/frame_read_write_m0/read_buf/U0/inst_fifo_gen/gconvfifo.rf/grf.rf/gntv_or_sync_fifo.gl0.rd/rpntr/gc0.count_d1_reg[10]/Q
                                       net (fo=27, routed)          3.398     9.652    U0_ps_ai_peripheral/frame_to_ps_inst0/frame_read_write_m0/read_buf/U0/inst_fifo_gen/gconvfifo.rf/grf.rf/gntv_or_sync_fifo.mem/gbm.gbmg.gbmga.ngecc.bmg/inst_blk_mem_gen/gnbram.gnativebmg.native_blk_mem_gen/valid.cstr/ramloop[0].ram.r/prim_noinit.ram/DEVICE_7SERIES.NO_BMM_INFO.SDP.SIMPLE_PRIM36.ram_1[10]
    Placement     RAMB36_X5Y11         RAMB36E1                                     r  U0_ps_ai_peripheral/frame_to_ps_inst0/frame_read_write_m0/read_buf/U0/inst_fifo_gen/gconvfifo.rf/grf.rf/gntv_or_sync_fifo.mem/gbm.gbmg.gbmga.ngecc.bmg/inst_blk_mem_gen/gnbram.gnativebmg.native_blk_mem_gen/valid.cstr/ramloop[0].ram.r/prim_noinit.ram/DEVICE_7SERIES.NO_BMM_INFO.SDP.SIMPLE_PRIM36.ram/ADDRBWRADDR[10]
  ---------------------------------------------------------------------------------    -------------------

                                       (clock clk_pll_i rise edge)
                                                                    5.000     5.000 r  
                  C8                                                0.000     5.000 r  sys_clk_p (IN)
                                       net (fo=0)                   0.000     5.000    U0_ps_ai_peripheral/mig_ddr3_u0/u_mig_7series_0_mig/u_ddr3_clk_ibuf/sys_clk_p
                  C8                                                                r  U0_ps_ai_peripheral/mig_ddr3_u0/u_mig_7series_0_mig/u_ddr3_clk_ibuf/diff_input_clk.u_ibufg_sys_clk/I
                  C8                   IBUFDS (Prop_ibufds_I_O)     0.758     5.758 r  U0_ps_ai_peripheral/mig_ddr3_u0/u_mig_7series_0_mig/u_ddr3_clk_ibuf/diff_input_clk.u_ibufg_sys_clk/O
                                       net (fo=3, routed)           1.001     6.759    U0_ps_ai_peripheral/mig_ddr3_u0/u_mig_7series_0_mig/u_ddr3_infrastructure/out
                  PLLE2_ADV_X1Y2                                                    r  U0_ps_ai_peripheral/mig_ddr3_u0/u_mig_7series_0_mig/u_ddr3_infrastructure/plle2_i/CLKIN1
                  PLLE2_ADV_X1Y2       PLLE2_ADV (Prop_plle2_adv_CLKIN1_CLKOUT3)
                                                                    0.073     6.832 r  U0_ps_ai_peripheral/mig_ddr3_u0/u_mig_7series_0_mig/u_ddr3_infrastructure/plle2_i/CLKOUT3
                                       net (fo=1, routed)           1.033     7.865    U0_ps_ai_peripheral/mig_ddr3_u0/u_mig_7series_0_mig/u_ddr3_infrastructure/pll_clk3_out
                  BUFHCE_X1Y24                                                      r  U0_ps_ai_peripheral/mig_ddr3_u0/u_mig_7series_0_mig/u_ddr3_infrastructure/u_bufh_pll_clk3/I
                  BUFHCE_X1Y24         BUFH (Prop_bufh_I_O)         0.066     7.931 r  U0_ps_ai_peripheral/mig_ddr3_u0/u_mig_7series_0_mig/u_ddr3_infrastructure/u_bufh_pll_clk3/O
                                       net (fo=1, routed)           0.710     8.641    U0_ps_ai_peripheral/mig_ddr3_u0/u_mig_7series_0_mig/u_ddr3_infrastructure/pll_clk3
                  MMCME2_ADV_X1Y2                                                   r  U0_ps_ai_peripheral/mig_ddr3_u0/u_mig_7series_0_mig/u_ddr3_infrastructure/gen_mmcm.mmcm_i/CLKIN1
                  MMCME2_ADV_X1Y2      MMCME2_ADV (Prop_mmcme2_adv_CLKIN1_CLKFBOUT)
                                                                   -2.652     5.989 r  U0_ps_ai_peripheral/mig_ddr3_u0/u_mig_7series_0_mig/u_ddr3_infrastructure/gen_mmcm.mmcm_i/CLKFBOUT
                                       net (fo=1, routed)           1.333     7.322    U0_ps_ai_peripheral/mig_ddr3_u0/u_mig_7series_0_mig/u_ddr3_infrastructure/clk_pll_i
                  BUFGCTRL_X0Y16                                                    r  U0_ps_ai_peripheral/mig_ddr3_u0/u_mig_7series_0_mig/u_ddr3_infrastructure/u_bufg_clkdiv0/I
                  BUFGCTRL_X0Y16       BUFG (Prop_bufg_I_O)         0.083     7.405 r  U0_ps_ai_peripheral/mig_ddr3_u0/u_mig_7series_0_mig/u_ddr3_infrastructure/u_bufg_clkdiv0/O
                                       net (fo=103920, routed)      1.530     8.935    rx_sdi_inst/SDI0/SDI/ui_clk
                  SLICE_X108Y38                                                     r  rx_sdi_inst/SDI0/SDI/cam_clk_inferred_i_1/I1
                  SLICE_X108Y38        LUT3 (Prop_lut3_I1_O)        0.036     8.971 r  rx_sdi_inst/SDI0/SDI/cam_clk_inferred_i_1/O
                                       net (fo=1681, routed)        0.831     9.802    U0_ps_ai_peripheral/frame_to_ps_inst0/frame_read_write_m0/read_buf/U0/inst_fifo_gen/gconvfifo.rf/grf.rf/gntv_or_sync_fifo.mem/gbm.gbmg.gbmga.ngecc.bmg/inst_blk_mem_gen/gnbram.gnativebmg.native_blk_mem_gen/valid.cstr/ramloop[0].ram.r/prim_noinit.ram/rd_clk
                  RAMB36_X5Y11         RAMB36E1                                     r  U0_ps_ai_peripheral/frame_to_ps_inst0/frame_read_write_m0/read_buf/U0/inst_fifo_gen/gconvfifo.rf/grf.rf/gntv_or_sync_fifo.mem/gbm.gbmg.gbmga.ngecc.bmg/inst_blk_mem_gen/gnbram.gnativebmg.native_blk_mem_gen/valid.cstr/ramloop[0].ram.r/prim_noinit.ram/DEVICE_7SERIES.NO_BMM_INFO.SDP.SIMPLE_PRIM36.ram/CLKBWRCLK
                                       clock pessimism              0.450    10.252    
                                       clock uncertainty           -0.052    10.200    
                  RAMB36_X5Y11         RAMB36E1 (Setup_ramb36e1_CLKBWRCLK_ADDRBWRADDR[10])
                                                                   -0.416     9.784    U0_ps_ai_peripheral/frame_to_ps_inst0/frame_read_write_m0/read_buf/U0/inst_fifo_gen/gconvfifo.rf/grf.rf/gntv_or_sync_fifo.mem/gbm.gbmg.gbmga.ngecc.bmg/inst_blk_mem_gen/gnbram.gnativebmg.native_blk_mem_gen/valid.cstr/ramloop[0].ram.r/prim_noinit.ram/DEVICE_7SERIES.NO_BMM_INFO.SDP.SIMPLE_PRIM36.ram
  ---------------------------------------------------------------------------------
                                       required time                          9.784    
                                       arrival time                          -9.652    
  ---------------------------------------------------------------------------------
                                       slack                                  0.132    

Slack (MET) :             0.145ns  (required time - arrival time)
  Source:                 U0_ps_ai_peripheral/frame_to_ps_inst0/video_rect_read_data_m0/read_en_r_reg/C
                            (rising edge-triggered cell FDCE clocked by clk_pll_i  {rise@0.000ns fall@2.500ns period=5.000ns})
  Destination:            U0_ps_ai_peripheral/frame_to_ps_inst0/frame_read_write_m0/read_buf/U0/inst_fifo_gen/gconvfifo.rf/grf.rf/gntv_or_sync_fifo.mem/gbm.gbmg.gbmga.ngecc.bmg/inst_blk_mem_gen/gnbram.gnativebmg.native_blk_mem_gen/valid.cstr/ramloop[1].ram.r/prim_noinit.ram/DEVICE_7SERIES.NO_BMM_INFO.SDP.SIMPLE_PRIM36.ram/ENBWREN
                            (rising edge-triggered cell RAMB36E1 clocked by clk_pll_i  {rise@0.000ns fall@2.500ns period=5.000ns})
  Path Group:             clk_pll_i
  Path Type:              Setup (Max at Slow Process Corner)
  Requirement:            5.000ns  (clk_pll_i rise@5.000ns - clk_pll_i rise@0.000ns)
  Data Path Delay:        3.322ns  (logic 0.345ns (10.386%)  route 2.977ns (89.614%))
  Logic Levels:           2  (LUT3=1 LUT4=1)
  Clock Path Skew:        -1.153ns (DCD - SCD + CPR)
    Destination Clock Delay (DCD):    4.863ns = ( 9.863 - 5.000 ) 
    Source Clock Delay      (SCD):    6.466ns
    Clock Pessimism Removal (CPR):    0.450ns
  Clock Uncertainty:      0.052ns  ((TSJ^2 + DJ^2)^1/2) / 2 + PE
    Total System Jitter     (TSJ):    0.071ns
    Discrete Jitter          (DJ):    0.077ns
    Phase Error              (PE):    0.000ns

    Pin Reuse     Location             Delay type                Incr(ns)  Path(ns)    Netlist Resource(s)
  ---------------------------------------------------------------------------------    -------------------
                                       (clock clk_pll_i rise edge)
                                                                    0.000     0.000 r  
                  C8                                                0.000     0.000 r  sys_clk_p (IN)
                                       net (fo=0)                   0.000     0.000    U0_ps_ai_peripheral/mig_ddr3_u0/u_mig_7series_0_mig/u_ddr3_clk_ibuf/sys_clk_p
                  C8                                                                r  U0_ps_ai_peripheral/mig_ddr3_u0/u_mig_7series_0_mig/u_ddr3_clk_ibuf/diff_input_clk.u_ibufg_sys_clk/I
                  C8                   IBUFDS (Prop_ibufds_I_O)     0.855     0.855 r  U0_ps_ai_peripheral/mig_ddr3_u0/u_mig_7series_0_mig/u_ddr3_clk_ibuf/diff_input_clk.u_ibufg_sys_clk/O
                                       net (fo=3, routed)           1.098     1.953    U0_ps_ai_peripheral/mig_ddr3_u0/u_mig_7series_0_mig/u_ddr3_infrastructure/out
                  PLLE2_ADV_X1Y2                                                    r  U0_ps_ai_peripheral/mig_ddr3_u0/u_mig_7series_0_mig/u_ddr3_infrastructure/plle2_i/CLKIN1
                  PLLE2_ADV_X1Y2       PLLE2_ADV (Prop_plle2_adv_CLKIN1_CLKOUT3)
                                                                    0.077     2.030 r  U0_ps_ai_peripheral/mig_ddr3_u0/u_mig_7series_0_mig/u_ddr3_infrastructure/plle2_i/CLKOUT3
                                       net (fo=1, routed)           1.145     3.175    U0_ps_ai_peripheral/mig_ddr3_u0/u_mig_7series_0_mig/u_ddr3_infrastructure/pll_clk3_out
                  BUFHCE_X1Y24                                                      r  U0_ps_ai_peripheral/mig_ddr3_u0/u_mig_7series_0_mig/u_ddr3_infrastructure/u_bufh_pll_clk3/I
                  BUFHCE_X1Y24         BUFH (Prop_bufh_I_O)         0.103     3.278 r  U0_ps_ai_peripheral/mig_ddr3_u0/u_mig_7series_0_mig/u_ddr3_infrastructure/u_bufh_pll_clk3/O
                                       net (fo=1, routed)           0.779     4.057    U0_ps_ai_peripheral/mig_ddr3_u0/u_mig_7series_0_mig/u_ddr3_infrastructure/pll_clk3
                  MMCME2_ADV_X1Y2                                                   r  U0_ps_ai_peripheral/mig_ddr3_u0/u_mig_7series_0_mig/u_ddr3_infrastructure/gen_mmcm.mmcm_i/CLKIN1
                  MMCME2_ADV_X1Y2      MMCME2_ADV (Prop_mmcme2_adv_CLKIN1_CLKFBOUT)
                                                                   -2.933     1.124 r  U0_ps_ai_peripheral/mig_ddr3_u0/u_mig_7series_0_mig/u_ddr3_infrastructure/gen_mmcm.mmcm_i/CLKFBOUT
                                       net (fo=1, routed)           1.442     2.566    U0_ps_ai_peripheral/mig_ddr3_u0/u_mig_7series_0_mig/u_ddr3_infrastructure/clk_pll_i
                  BUFGCTRL_X0Y16                                                    r  U0_ps_ai_peripheral/mig_ddr3_u0/u_mig_7series_0_mig/u_ddr3_infrastructure/u_bufg_clkdiv0/I
                  BUFGCTRL_X0Y16       BUFG (Prop_bufg_I_O)         0.093     2.659 r  U0_ps_ai_peripheral/mig_ddr3_u0/u_mig_7series_0_mig/u_ddr3_infrastructure/u_bufg_clkdiv0/O
                                       net (fo=103920, routed)      1.702     4.360    rx_sdi_inst/SDI0/SDI/ui_clk
                  SLICE_X108Y38                                                     r  rx_sdi_inst/SDI0/SDI/cam_clk_inferred_i_1/I1
                  SLICE_X108Y38        LUT3 (Prop_lut3_I1_O)        0.043     4.403 r  rx_sdi_inst/SDI0/SDI/cam_clk_inferred_i_1/O
                                       net (fo=1681, routed)        2.063     6.466    U0_ps_ai_peripheral/frame_to_ps_inst0/video_rect_read_data_m0/CLK
                  SLICE_X22Y14         FDCE                                         r  U0_ps_ai_peripheral/frame_to_ps_inst0/video_rect_read_data_m0/read_en_r_reg/C
  ---------------------------------------------------------------------------------    -------------------
    Placement     SLICE_X22Y14         FDCE (Prop_fdce_C_Q)         0.259     6.725 f  U0_ps_ai_peripheral/frame_to_ps_inst0/video_rect_read_data_m0/read_en_r_reg/Q
                                       net (fo=12, routed)          1.617     8.342    U0_ps_ai_peripheral/frame_to_ps_inst0/frame_read_write_m0/read_buf/U0/inst_fifo_gen/gconvfifo.rf/grf.rf/gntv_or_sync_fifo.gl0.rd/gras.rsts/rd_en
    Placement     SLICE_X72Y44                                                      f  U0_ps_ai_peripheral/frame_to_ps_inst0/frame_read_write_m0/read_buf/U0/inst_fifo_gen/gconvfifo.rf/grf.rf/gntv_or_sync_fifo.gl0.rd/gras.rsts/no_softecc_sel_reg.ce_pri.sel_pipe[4]_i_1/I1
    Placement     SLICE_X72Y44         LUT3 (Prop_lut3_I1_O)        0.043     8.385 f  U0_ps_ai_peripheral/frame_to_ps_inst0/frame_read_write_m0/read_buf/U0/inst_fifo_gen/gconvfifo.rf/grf.rf/gntv_or_sync_fifo.gl0.rd/gras.rsts/no_softecc_sel_reg.ce_pri.sel_pipe[4]_i_1/O
                                       net (fo=33, routed)          0.997     9.382    U0_ps_ai_peripheral/frame_to_ps_inst0/frame_read_write_m0/read_buf/U0/inst_fifo_gen/gconvfifo.rf/grf.rf/gntv_or_sync_fifo.mem/gbm.gbmg.gbmga.ngecc.bmg/inst_blk_mem_gen/gnbram.gnativebmg.native_blk_mem_gen/valid.cstr/ramloop[1].ram.r/prim_noinit.ram/pwropt
    Placement     SLICE_X89Y62                                                      f  U0_ps_ai_peripheral/frame_to_ps_inst0/frame_read_write_m0/read_buf/U0/inst_fifo_gen/gconvfifo.rf/grf.rf/gntv_or_sync_fifo.mem/gbm.gbmg.gbmga.ngecc.bmg/inst_blk_mem_gen/gnbram.gnativebmg.native_blk_mem_gen/valid.cstr/ramloop[1].ram.r/prim_noinit.ram/DEVICE_7SERIES.NO_BMM_INFO.SDP.SIMPLE_PRIM36.ram_ENBWREN_cooolgate_en_gate_133/I2
    Placement     SLICE_X89Y62         LUT4 (Prop_lut4_I2_O)        0.043     9.425 r  U0_ps_ai_peripheral/frame_to_ps_inst0/frame_read_write_m0/read_buf/U0/inst_fifo_gen/gconvfifo.rf/grf.rf/gntv_or_sync_fifo.mem/gbm.gbmg.gbmga.ngecc.bmg/inst_blk_mem_gen/gnbram.gnativebmg.native_blk_mem_gen/valid.cstr/ramloop[1].ram.r/prim_noinit.ram/DEVICE_7SERIES.NO_BMM_INFO.SDP.SIMPLE_PRIM36.ram_ENBWREN_cooolgate_en_gate_133/O
                                       net (fo=1, routed)           0.363     9.788    U0_ps_ai_peripheral/frame_to_ps_inst0/frame_read_write_m0/read_buf/U0/inst_fifo_gen/gconvfifo.rf/grf.rf/gntv_or_sync_fifo.mem/gbm.gbmg.gbmga.ngecc.bmg/inst_blk_mem_gen/gnbram.gnativebmg.native_blk_mem_gen/valid.cstr/ramloop[1].ram.r/prim_noinit.ram/DEVICE_7SERIES.NO_BMM_INFO.SDP.SIMPLE_PRIM36.ram_ENBWREN_cooolgate_en_sig_83
    Placement     RAMB36_X5Y12         RAMB36E1                                     r  U0_ps_ai_peripheral/frame_to_ps_inst0/frame_read_write_m0/read_buf/U0/inst_fifo_gen/gconvfifo.rf/grf.rf/gntv_or_sync_fifo.mem/gbm.gbmg.gbmga.ngecc.bmg/inst_blk_mem_gen/gnbram.gnativebmg.native_blk_mem_gen/valid.cstr/ramloop[1].ram.r/prim_noinit.ram/DEVICE_7SERIES.NO_BMM_INFO.SDP.SIMPLE_PRIM36.ram/ENBWREN
  ---------------------------------------------------------------------------------    -------------------

                                       (clock clk_pll_i rise edge)
                                                                    5.000     5.000 r  
                  C8                                                0.000     5.000 r  sys_clk_p (IN)
                                       net (fo=0)                   0.000     5.000    U0_ps_ai_peripheral/mig_ddr3_u0/u_mig_7series_0_mig/u_ddr3_clk_ibuf/sys_clk_p
                  C8                                                                r  U0_ps_ai_peripheral/mig_ddr3_u0/u_mig_7series_0_mig/u_ddr3_clk_ibuf/diff_input_clk.u_ibufg_sys_clk/I
                  C8                   IBUFDS (Prop_ibufds_I_O)     0.758     5.758 r  U0_ps_ai_peripheral/mig_ddr3_u0/u_mig_7series_0_mig/u_ddr3_clk_ibuf/diff_input_clk.u_ibufg_sys_clk/O
                                       net (fo=3, routed)           1.001     6.759    U0_ps_ai_peripheral/mig_ddr3_u0/u_mig_7series_0_mig/u_ddr3_infrastructure/out
                  PLLE2_ADV_X1Y2                                                    r  U0_ps_ai_peripheral/mig_ddr3_u0/u_mig_7series_0_mig/u_ddr3_infrastructure/plle2_i/CLKIN1
                  PLLE2_ADV_X1Y2       PLLE2_ADV (Prop_plle2_adv_CLKIN1_CLKOUT3)
                                                                    0.073     6.832 r  U0_ps_ai_peripheral/mig_ddr3_u0/u_mig_7series_0_mig/u_ddr3_infrastructure/plle2_i/CLKOUT3
                                       net (fo=1, routed)           1.033     7.865    U0_ps_ai_peripheral/mig_ddr3_u0/u_mig_7series_0_mig/u_ddr3_infrastructure/pll_clk3_out
                  BUFHCE_X1Y24                                                      r  U0_ps_ai_peripheral/mig_ddr3_u0/u_mig_7series_0_mig/u_ddr3_infrastructure/u_bufh_pll_clk3/I
                  BUFHCE_X1Y24         BUFH (Prop_bufh_I_O)         0.066     7.931 r  U0_ps_ai_peripheral/mig_ddr3_u0/u_mig_7series_0_mig/u_ddr3_infrastructure/u_bufh_pll_clk3/O
                                       net (fo=1, routed)           0.710     8.641    U0_ps_ai_peripheral/mig_ddr3_u0/u_mig_7series_0_mig/u_ddr3_infrastructure/pll_clk3
                  MMCME2_ADV_X1Y2                                                   r  U0_ps_ai_peripheral/mig_ddr3_u0/u_mig_7series_0_mig/u_ddr3_infrastructure/gen_mmcm.mmcm_i/CLKIN1
                  MMCME2_ADV_X1Y2      MMCME2_ADV (Prop_mmcme2_adv_CLKIN1_CLKFBOUT)
                                                                   -2.652     5.989 r  U0_ps_ai_peripheral/mig_ddr3_u0/u_mig_7series_0_mig/u_ddr3_infrastructure/gen_mmcm.mmcm_i/CLKFBOUT
                                       net (fo=1, routed)           1.333     7.322    U0_ps_ai_peripheral/mig_ddr3_u0/u_mig_7series_0_mig/u_ddr3_infrastructure/clk_pll_i
                  BUFGCTRL_X0Y16                                                    r  U0_ps_ai_peripheral/mig_ddr3_u0/u_mig_7series_0_mig/u_ddr3_infrastructure/u_bufg_clkdiv0/I
                  BUFGCTRL_X0Y16       BUFG (Prop_bufg_I_O)         0.083     7.405 r  U0_ps_ai_peripheral/mig_ddr3_u0/u_mig_7series_0_mig/u_ddr3_infrastructure/u_bufg_clkdiv0/O
                                       net (fo=103920, routed)      1.530     8.935    rx_sdi_inst/SDI0/SDI/ui_clk
                  SLICE_X108Y38                                                     r  rx_sdi_inst/SDI0/SDI/cam_clk_inferred_i_1/I1
                  SLICE_X108Y38        LUT3 (Prop_lut3_I1_O)        0.036     8.971 r  rx_sdi_inst/SDI0/SDI/cam_clk_inferred_i_1/O
                                       net (fo=1681, routed)        0.892     9.863    U0_ps_ai_peripheral/frame_to_ps_inst0/frame_read_write_m0/read_buf/U0/inst_fifo_gen/gconvfifo.rf/grf.rf/gntv_or_sync_fifo.mem/gbm.gbmg.gbmga.ngecc.bmg/inst_blk_mem_gen/gnbram.gnativebmg.native_blk_mem_gen/valid.cstr/ramloop[1].ram.r/prim_noinit.ram/rd_clk
                  RAMB36_X5Y12         RAMB36E1                                     r  U0_ps_ai_peripheral/frame_to_ps_inst0/frame_read_write_m0/read_buf/U0/inst_fifo_gen/gconvfifo.rf/grf.rf/gntv_or_sync_fifo.mem/gbm.gbmg.gbmga.ngecc.bmg/inst_blk_mem_gen/gnbram.gnativebmg.native_blk_mem_gen/valid.cstr/ramloop[1].ram.r/prim_noinit.ram/DEVICE_7SERIES.NO_BMM_INFO.SDP.SIMPLE_PRIM36.ram/CLKBWRCLK
                                       clock pessimism              0.450    10.313    
                                       clock uncertainty           -0.052    10.261    
                  RAMB36_X5Y12         RAMB36E1 (Setup_ramb36e1_CLKBWRCLK_ENBWREN)
                                                                   -0.328     9.933    U0_ps_ai_peripheral/frame_to_ps_inst0/frame_read_write_m0/read_buf/U0/inst_fifo_gen/gconvfifo.rf/grf.rf/gntv_or_sync_fifo.mem/gbm.gbmg.gbmga.ngecc.bmg/inst_blk_mem_gen/gnbram.gnativebmg.native_blk_mem_gen/valid.cstr/ramloop[1].ram.r/prim_noinit.ram/DEVICE_7SERIES.NO_BMM_INFO.SDP.SIMPLE_PRIM36.ram
  ---------------------------------------------------------------------------------
                                       required time                          9.933    
                                       arrival time                          -9.788    
  ---------------------------------------------------------------------------------
                                       slack                                  0.145    

Slack (MET) :             0.149ns  (required time - arrival time)
  Source:                 U0_ps_ai_peripheral/frame_to_ps_inst0/video_rect_read_data_m0/read_en_r_reg/C
                            (rising edge-triggered cell FDCE clocked by clk_pll_i  {rise@0.000ns fall@2.500ns period=5.000ns})
  Destination:            U0_ps_ai_peripheral/frame_to_ps_inst0/frame_read_write_m0/read_buf/U0/inst_fifo_gen/gconvfifo.rf/grf.rf/gntv_or_sync_fifo.mem/gbm.gbmg.gbmga.ngecc.bmg/inst_blk_mem_gen/gnbram.gnativebmg.native_blk_mem_gen/valid.cstr/ramloop[0].ram.r/prim_noinit.ram/DEVICE_7SERIES.NO_BMM_INFO.SDP.SIMPLE_PRIM36.ram/ENBWREN
                            (rising edge-triggered cell RAMB36E1 clocked by clk_pll_i  {rise@0.000ns fall@2.500ns period=5.000ns})
  Path Group:             clk_pll_i
  Path Type:              Setup (Max at Slow Process Corner)
  Requirement:            5.000ns  (clk_pll_i rise@5.000ns - clk_pll_i rise@0.000ns)
  Data Path Delay:        3.257ns  (logic 0.345ns (10.591%)  route 2.912ns (89.409%))
  Logic Levels:           2  (LUT3=1 LUT4=1)
  Clock Path Skew:        -1.214ns (DCD - SCD + CPR)
    Destination Clock Delay (DCD):    4.802ns = ( 9.802 - 5.000 ) 
    Source Clock Delay      (SCD):    6.466ns
    Clock Pessimism Removal (CPR):    0.450ns
  Clock Uncertainty:      0.052ns  ((TSJ^2 + DJ^2)^1/2) / 2 + PE
    Total System Jitter     (TSJ):    0.071ns
    Discrete Jitter          (DJ):    0.077ns
    Phase Error              (PE):    0.000ns

    Pin Reuse     Location             Delay type                Incr(ns)  Path(ns)    Netlist Resource(s)
  ---------------------------------------------------------------------------------    -------------------
                                       (clock clk_pll_i rise edge)
                                                                    0.000     0.000 r  
                  C8                                                0.000     0.000 r  sys_clk_p (IN)
                                       net (fo=0)                   0.000     0.000    U0_ps_ai_peripheral/mig_ddr3_u0/u_mig_7series_0_mig/u_ddr3_clk_ibuf/sys_clk_p
                  C8                                                                r  U0_ps_ai_peripheral/mig_ddr3_u0/u_mig_7series_0_mig/u_ddr3_clk_ibuf/diff_input_clk.u_ibufg_sys_clk/I
                  C8                   IBUFDS (Prop_ibufds_I_O)     0.855     0.855 r  U0_ps_ai_peripheral/mig_ddr3_u0/u_mig_7series_0_mig/u_ddr3_clk_ibuf/diff_input_clk.u_ibufg_sys_clk/O
                                       net (fo=3, routed)           1.098     1.953    U0_ps_ai_peripheral/mig_ddr3_u0/u_mig_7series_0_mig/u_ddr3_infrastructure/out
                  PLLE2_ADV_X1Y2                                                    r  U0_ps_ai_peripheral/mig_ddr3_u0/u_mig_7series_0_mig/u_ddr3_infrastructure/plle2_i/CLKIN1
                  PLLE2_ADV_X1Y2       PLLE2_ADV (Prop_plle2_adv_CLKIN1_CLKOUT3)
                                                                    0.077     2.030 r  U0_ps_ai_peripheral/mig_ddr3_u0/u_mig_7series_0_mig/u_ddr3_infrastructure/plle2_i/CLKOUT3
                                       net (fo=1, routed)           1.145     3.175    U0_ps_ai_peripheral/mig_ddr3_u0/u_mig_7series_0_mig/u_ddr3_infrastructure/pll_clk3_out
                  BUFHCE_X1Y24                                                      r  U0_ps_ai_peripheral/mig_ddr3_u0/u_mig_7series_0_mig/u_ddr3_infrastructure/u_bufh_pll_clk3/I
                  BUFHCE_X1Y24         BUFH (Prop_bufh_I_O)         0.103     3.278 r  U0_ps_ai_peripheral/mig_ddr3_u0/u_mig_7series_0_mig/u_ddr3_infrastructure/u_bufh_pll_clk3/O
                                       net (fo=1, routed)           0.779     4.057    U0_ps_ai_peripheral/mig_ddr3_u0/u_mig_7series_0_mig/u_ddr3_infrastructure/pll_clk3
                  MMCME2_ADV_X1Y2                                                   r  U0_ps_ai_peripheral/mig_ddr3_u0/u_mig_7series_0_mig/u_ddr3_infrastructure/gen_mmcm.mmcm_i/CLKIN1
                  MMCME2_ADV_X1Y2      MMCME2_ADV (Prop_mmcme2_adv_CLKIN1_CLKFBOUT)
                                                                   -2.933     1.124 r  U0_ps_ai_peripheral/mig_ddr3_u0/u_mig_7series_0_mig/u_ddr3_infrastructure/gen_mmcm.mmcm_i/CLKFBOUT
                                       net (fo=1, routed)           1.442     2.566    U0_ps_ai_peripheral/mig_ddr3_u0/u_mig_7series_0_mig/u_ddr3_infrastructure/clk_pll_i
                  BUFGCTRL_X0Y16                                                    r  U0_ps_ai_peripheral/mig_ddr3_u0/u_mig_7series_0_mig/u_ddr3_infrastructure/u_bufg_clkdiv0/I
                  BUFGCTRL_X0Y16       BUFG (Prop_bufg_I_O)         0.093     2.659 r  U0_ps_ai_peripheral/mig_ddr3_u0/u_mig_7series_0_mig/u_ddr3_infrastructure/u_bufg_clkdiv0/O
                                       net (fo=103920, routed)      1.702     4.360    rx_sdi_inst/SDI0/SDI/ui_clk
                  SLICE_X108Y38                                                     r  rx_sdi_inst/SDI0/SDI/cam_clk_inferred_i_1/I1
                  SLICE_X108Y38        LUT3 (Prop_lut3_I1_O)        0.043     4.403 r  rx_sdi_inst/SDI0/SDI/cam_clk_inferred_i_1/O
                                       net (fo=1681, routed)        2.063     6.466    U0_ps_ai_peripheral/frame_to_ps_inst0/video_rect_read_data_m0/CLK
                  SLICE_X22Y14         FDCE                                         r  U0_ps_ai_peripheral/frame_to_ps_inst0/video_rect_read_data_m0/read_en_r_reg/C
  ---------------------------------------------------------------------------------    -------------------
    Placement     SLICE_X22Y14         FDCE (Prop_fdce_C_Q)         0.259     6.725 f  U0_ps_ai_peripheral/frame_to_ps_inst0/video_rect_read_data_m0/read_en_r_reg/Q
                                       net (fo=12, routed)          1.617     8.342    U0_ps_ai_peripheral/frame_to_ps_inst0/frame_read_write_m0/read_buf/U0/inst_fifo_gen/gconvfifo.rf/grf.rf/gntv_or_sync_fifo.gl0.rd/gras.rsts/rd_en
    Placement     SLICE_X72Y44                                                      f  U0_ps_ai_peripheral/frame_to_ps_inst0/frame_read_write_m0/read_buf/U0/inst_fifo_gen/gconvfifo.rf/grf.rf/gntv_or_sync_fifo.gl0.rd/gras.rsts/no_softecc_sel_reg.ce_pri.sel_pipe[4]_i_1/I1
    Placement     SLICE_X72Y44         LUT3 (Prop_lut3_I1_O)        0.043     8.385 f  U0_ps_ai_peripheral/frame_to_ps_inst0/frame_read_write_m0/read_buf/U0/inst_fifo_gen/gconvfifo.rf/grf.rf/gntv_or_sync_fifo.gl0.rd/gras.rsts/no_softecc_sel_reg.ce_pri.sel_pipe[4]_i_1/O
                                       net (fo=33, routed)          0.884     9.269    U0_ps_ai_peripheral/frame_to_ps_inst0/frame_read_write_m0/read_buf/U0/inst_fifo_gen/gconvfifo.rf/grf.rf/gntv_or_sync_fifo.mem/gbm.gbmg.gbmga.ngecc.bmg/inst_blk_mem_gen/gnbram.gnativebmg.native_blk_mem_gen/valid.cstr/ramloop[0].ram.r/prim_noinit.ram/pwropt
    Placement     SLICE_X93Y55                                                      f  U0_ps_ai_peripheral/frame_to_ps_inst0/frame_read_write_m0/read_buf/U0/inst_fifo_gen/gconvfifo.rf/grf.rf/gntv_or_sync_fifo.mem/gbm.gbmg.gbmga.ngecc.bmg/inst_blk_mem_gen/gnbram.gnativebmg.native_blk_mem_gen/valid.cstr/ramloop[0].ram.r/prim_noinit.ram/DEVICE_7SERIES.NO_BMM_INFO.SDP.SIMPLE_PRIM36.ram_ENBWREN_cooolgate_en_gate_87/I2
    Placement     SLICE_X93Y55         LUT4 (Prop_lut4_I2_O)        0.043     9.312 r  U0_ps_ai_peripheral/frame_to_ps_inst0/frame_read_write_m0/read_buf/U0/inst_fifo_gen/gconvfifo.rf/grf.rf/gntv_or_sync_fifo.mem/gbm.gbmg.gbmga.ngecc.bmg/inst_blk_mem_gen/gnbram.gnativebmg.native_blk_mem_gen/valid.cstr/ramloop[0].ram.r/prim_noinit.ram/DEVICE_7SERIES.NO_BMM_INFO.SDP.SIMPLE_PRIM36.ram_ENBWREN_cooolgate_en_gate_87/O
                                       net (fo=1, routed)           0.412     9.723    U0_ps_ai_peripheral/frame_to_ps_inst0/frame_read_write_m0/read_buf/U0/inst_fifo_gen/gconvfifo.rf/grf.rf/gntv_or_sync_fifo.mem/gbm.gbmg.gbmga.ngecc.bmg/inst_blk_mem_gen/gnbram.gnativebmg.native_blk_mem_gen/valid.cstr/ramloop[0].ram.r/prim_noinit.ram/DEVICE_7SERIES.NO_BMM_INFO.SDP.SIMPLE_PRIM36.ram_ENBWREN_cooolgate_en_sig_60
    Placement     RAMB36_X5Y11         RAMB36E1                                     r  U0_ps_ai_peripheral/frame_to_ps_inst0/frame_read_write_m0/read_buf/U0/inst_fifo_gen/gconvfifo.rf/grf.rf/gntv_or_sync_fifo.mem/gbm.gbmg.gbmga.ngecc.bmg/inst_blk_mem_gen/gnbram.gnativebmg.native_blk_mem_gen/valid.cstr/ramloop[0].ram.r/prim_noinit.ram/DEVICE_7SERIES.NO_BMM_INFO.SDP.SIMPLE_PRIM36.ram/ENBWREN
  ---------------------------------------------------------------------------------    -------------------

                                       (clock clk_pll_i rise edge)
                                                                    5.000     5.000 r  
                  C8                                                0.000     5.000 r  sys_clk_p (IN)
                                       net (fo=0)                   0.000     5.000    U0_ps_ai_peripheral/mig_ddr3_u0/u_mig_7series_0_mig/u_ddr3_clk_ibuf/sys_clk_p
                  C8                                                                r  U0_ps_ai_peripheral/mig_ddr3_u0/u_mig_7series_0_mig/u_ddr3_clk_ibuf/diff_input_clk.u_ibufg_sys_clk/I
                  C8                   IBUFDS (Prop_ibufds_I_O)     0.758     5.758 r  U0_ps_ai_peripheral/mig_ddr3_u0/u_mig_7series_0_mig/u_ddr3_clk_ibuf/diff_input_clk.u_ibufg_sys_clk/O
                                       net (fo=3, routed)           1.001     6.759    U0_ps_ai_peripheral/mig_ddr3_u0/u_mig_7series_0_mig/u_ddr3_infrastructure/out
                  PLLE2_ADV_X1Y2                                                    r  U0_ps_ai_peripheral/mig_ddr3_u0/u_mig_7series_0_mig/u_ddr3_infrastructure/plle2_i/CLKIN1
                  PLLE2_ADV_X1Y2       PLLE2_ADV (Prop_plle2_adv_CLKIN1_CLKOUT3)
                                                                    0.073     6.832 r  U0_ps_ai_peripheral/mig_ddr3_u0/u_mig_7series_0_mig/u_ddr3_infrastructure/plle2_i/CLKOUT3
                                       net (fo=1, routed)           1.033     7.865    U0_ps_ai_peripheral/mig_ddr3_u0/u_mig_7series_0_mig/u_ddr3_infrastructure/pll_clk3_out
                  BUFHCE_X1Y24                                                      r  U0_ps_ai_peripheral/mig_ddr3_u0/u_mig_7series_0_mig/u_ddr3_infrastructure/u_bufh_pll_clk3/I
                  BUFHCE_X1Y24         BUFH (Prop_bufh_I_O)         0.066     7.931 r  U0_ps_ai_peripheral/mig_ddr3_u0/u_mig_7series_0_mig/u_ddr3_infrastructure/u_bufh_pll_clk3/O
                                       net (fo=1, routed)           0.710     8.641    U0_ps_ai_peripheral/mig_ddr3_u0/u_mig_7series_0_mig/u_ddr3_infrastructure/pll_clk3
                  MMCME2_ADV_X1Y2                                                   r  U0_ps_ai_peripheral/mig_ddr3_u0/u_mig_7series_0_mig/u_ddr3_infrastructure/gen_mmcm.mmcm_i/CLKIN1
                  MMCME2_ADV_X1Y2      MMCME2_ADV (Prop_mmcme2_adv_CLKIN1_CLKFBOUT)
                                                                   -2.652     5.989 r  U0_ps_ai_peripheral/mig_ddr3_u0/u_mig_7series_0_mig/u_ddr3_infrastructure/gen_mmcm.mmcm_i/CLKFBOUT
                                       net (fo=1, routed)           1.333     7.322    U0_ps_ai_peripheral/mig_ddr3_u0/u_mig_7series_0_mig/u_ddr3_infrastructure/clk_pll_i
                  BUFGCTRL_X0Y16                                                    r  U0_ps_ai_peripheral/mig_ddr3_u0/u_mig_7series_0_mig/u_ddr3_infrastructure/u_bufg_clkdiv0/I
                  BUFGCTRL_X0Y16       BUFG (Prop_bufg_I_O)         0.083     7.405 r  U0_ps_ai_peripheral/mig_ddr3_u0/u_mig_7series_0_mig/u_ddr3_infrastructure/u_bufg_clkdiv0/O
                                       net (fo=103920, routed)      1.530     8.935    rx_sdi_inst/SDI0/SDI/ui_clk
                  SLICE_X108Y38                                                     r  rx_sdi_inst/SDI0/SDI/cam_clk_inferred_i_1/I1
                  SLICE_X108Y38        LUT3 (Prop_lut3_I1_O)        0.036     8.971 r  rx_sdi_inst/SDI0/SDI/cam_clk_inferred_i_1/O
                                       net (fo=1681, routed)        0.831     9.802    U0_ps_ai_peripheral/frame_to_ps_inst0/frame_read_write_m0/read_buf/U0/inst_fifo_gen/gconvfifo.rf/grf.rf/gntv_or_sync_fifo.mem/gbm.gbmg.gbmga.ngecc.bmg/inst_blk_mem_gen/gnbram.gnativebmg.native_blk_mem_gen/valid.cstr/ramloop[0].ram.r/prim_noinit.ram/rd_clk
                  RAMB36_X5Y11         RAMB36E1                                     r  U0_ps_ai_peripheral/frame_to_ps_inst0/frame_read_write_m0/read_buf/U0/inst_fifo_gen/gconvfifo.rf/grf.rf/gntv_or_sync_fifo.mem/gbm.gbmg.gbmga.ngecc.bmg/inst_blk_mem_gen/gnbram.gnativebmg.native_blk_mem_gen/valid.cstr/ramloop[0].ram.r/prim_noinit.ram/DEVICE_7SERIES.NO_BMM_INFO.SDP.SIMPLE_PRIM36.ram/CLKBWRCLK
                                       clock pessimism              0.450    10.252    
                                       clock uncertainty           -0.052    10.200    
                  RAMB36_X5Y11         RAMB36E1 (Setup_ramb36e1_CLKBWRCLK_ENBWREN)
                                                                   -0.328     9.872    U0_ps_ai_peripheral/frame_to_ps_inst0/frame_read_write_m0/read_buf/U0/inst_fifo_gen/gconvfifo.rf/grf.rf/gntv_or_sync_fifo.mem/gbm.gbmg.gbmga.ngecc.bmg/inst_blk_mem_gen/gnbram.gnativebmg.native_blk_mem_gen/valid.cstr/ramloop[0].ram.r/prim_noinit.ram/DEVICE_7SERIES.NO_BMM_INFO.SDP.SIMPLE_PRIM36.ram
  ---------------------------------------------------------------------------------
                                       required time                          9.872    
                                       arrival time                          -9.723    
  ---------------------------------------------------------------------------------
                                       slack                                  0.149    

Slack (MET) :             0.156ns  (required time - arrival time)
  Source:                 U0_ps_ai_peripheral/frame_to_ps_inst0/video_rect_read_data_m0/read_en_r_reg/C
                            (rising edge-triggered cell FDCE clocked by clk_pll_i  {rise@0.000ns fall@2.500ns period=5.000ns})
  Destination:            U0_ps_ai_peripheral/frame_to_ps_inst0/frame_read_write_m0/read_buf/U0/inst_fifo_gen/gconvfifo.rf/grf.rf/gntv_or_sync_fifo.mem/gbm.gbmg.gbmga.ngecc.bmg/inst_blk_mem_gen/gnbram.gnativebmg.native_blk_mem_gen/valid.cstr/ramloop[46].ram.r/prim_noinit.ram/DEVICE_7SERIES.NO_BMM_INFO.SDP.SIMPLE_PRIM36.ram/ENBWREN
                            (rising edge-triggered cell RAMB36E1 clocked by clk_pll_i  {rise@0.000ns fall@2.500ns period=5.000ns})
  Path Group:             clk_pll_i
  Path Type:              Setup (Max at Slow Process Corner)
  Requirement:            5.000ns  (clk_pll_i rise@5.000ns - clk_pll_i rise@0.000ns)
  Data Path Delay:        4.286ns  (logic 0.345ns (8.049%)  route 3.941ns (91.951%))
  Logic Levels:           2  (LUT4=1 LUT6=1)
  Clock Path Skew:        -0.178ns (DCD - SCD + CPR)
    Destination Clock Delay (DCD):    5.856ns = ( 10.856 - 5.000 ) 
    Source Clock Delay      (SCD):    6.466ns
    Clock Pessimism Removal (CPR):    0.432ns
  Clock Uncertainty:      0.052ns  ((TSJ^2 + DJ^2)^1/2) / 2 + PE
    Total System Jitter     (TSJ):    0.071ns
    Discrete Jitter          (DJ):    0.077ns
    Phase Error              (PE):    0.000ns

    Pin Reuse     Location             Delay type                Incr(ns)  Path(ns)    Netlist Resource(s)
  ---------------------------------------------------------------------------------    -------------------
                                       (clock clk_pll_i rise edge)
                                                                    0.000     0.000 r  
                  C8                                                0.000     0.000 r  sys_clk_p (IN)
                                       net (fo=0)                   0.000     0.000    U0_ps_ai_peripheral/mig_ddr3_u0/u_mig_7series_0_mig/u_ddr3_clk_ibuf/sys_clk_p
                  C8                                                                r  U0_ps_ai_peripheral/mig_ddr3_u0/u_mig_7series_0_mig/u_ddr3_clk_ibuf/diff_input_clk.u_ibufg_sys_clk/I
                  C8                   IBUFDS (Prop_ibufds_I_O)     0.855     0.855 r  U0_ps_ai_peripheral/mig_ddr3_u0/u_mig_7series_0_mig/u_ddr3_clk_ibuf/diff_input_clk.u_ibufg_sys_clk/O
                                       net (fo=3, routed)           1.098     1.953    U0_ps_ai_peripheral/mig_ddr3_u0/u_mig_7series_0_mig/u_ddr3_infrastructure/out
                  PLLE2_ADV_X1Y2                                                    r  U0_ps_ai_peripheral/mig_ddr3_u0/u_mig_7series_0_mig/u_ddr3_infrastructure/plle2_i/CLKIN1
                  PLLE2_ADV_X1Y2       PLLE2_ADV (Prop_plle2_adv_CLKIN1_CLKOUT3)
                                                                    0.077     2.030 r  U0_ps_ai_peripheral/mig_ddr3_u0/u_mig_7series_0_mig/u_ddr3_infrastructure/plle2_i/CLKOUT3
                                       net (fo=1, routed)           1.145     3.175    U0_ps_ai_peripheral/mig_ddr3_u0/u_mig_7series_0_mig/u_ddr3_infrastructure/pll_clk3_out
                  BUFHCE_X1Y24                                                      r  U0_ps_ai_peripheral/mig_ddr3_u0/u_mig_7series_0_mig/u_ddr3_infrastructure/u_bufh_pll_clk3/I
                  BUFHCE_X1Y24         BUFH (Prop_bufh_I_O)         0.103     3.278 r  U0_ps_ai_peripheral/mig_ddr3_u0/u_mig_7series_0_mig/u_ddr3_infrastructure/u_bufh_pll_clk3/O
                                       net (fo=1, routed)           0.779     4.057    U0_ps_ai_peripheral/mig_ddr3_u0/u_mig_7series_0_mig/u_ddr3_infrastructure/pll_clk3
                  MMCME2_ADV_X1Y2                                                   r  U0_ps_ai_peripheral/mig_ddr3_u0/u_mig_7series_0_mig/u_ddr3_infrastructure/gen_mmcm.mmcm_i/CLKIN1
                  MMCME2_ADV_X1Y2      MMCME2_ADV (Prop_mmcme2_adv_CLKIN1_CLKFBOUT)
                                                                   -2.933     1.124 r  U0_ps_ai_peripheral/mig_ddr3_u0/u_mig_7series_0_mig/u_ddr3_infrastructure/gen_mmcm.mmcm_i/CLKFBOUT
                                       net (fo=1, routed)           1.442     2.566    U0_ps_ai_peripheral/mig_ddr3_u0/u_mig_7series_0_mig/u_ddr3_infrastructure/clk_pll_i
                  BUFGCTRL_X0Y16                                                    r  U0_ps_ai_peripheral/mig_ddr3_u0/u_mig_7series_0_mig/u_ddr3_infrastructure/u_bufg_clkdiv0/I
                  BUFGCTRL_X0Y16       BUFG (Prop_bufg_I_O)         0.093     2.659 r  U0_ps_ai_peripheral/mig_ddr3_u0/u_mig_7series_0_mig/u_ddr3_infrastructure/u_bufg_clkdiv0/O
                                       net (fo=103920, routed)      1.702     4.360    rx_sdi_inst/SDI0/SDI/ui_clk
                  SLICE_X108Y38                                                     r  rx_sdi_inst/SDI0/SDI/cam_clk_inferred_i_1/I1
                  SLICE_X108Y38        LUT3 (Prop_lut3_I1_O)        0.043     4.403 r  rx_sdi_inst/SDI0/SDI/cam_clk_inferred_i_1/O
                                       net (fo=1681, routed)        2.063     6.466    U0_ps_ai_peripheral/frame_to_ps_inst0/video_rect_read_data_m0/CLK
                  SLICE_X22Y14         FDCE                                         r  U0_ps_ai_peripheral/frame_to_ps_inst0/video_rect_read_data_m0/read_en_r_reg/C
  ---------------------------------------------------------------------------------    -------------------
    Placement     SLICE_X22Y14         FDCE (Prop_fdce_C_Q)         0.259     6.725 r  U0_ps_ai_peripheral/frame_to_ps_inst0/video_rect_read_data_m0/read_en_r_reg/Q
                                       net (fo=12, routed)          1.664     8.389    U0_ps_ai_peripheral/frame_to_ps_inst0/frame_read_write_m0/read_buf/U0/inst_fifo_gen/gconvfifo.rf/grf.rf/gntv_or_sync_fifo.gl0.rd/rpntr/rd_en
    Placement     SLICE_X93Y31                                                      r  U0_ps_ai_peripheral/frame_to_ps_inst0/frame_read_write_m0/read_buf/U0/inst_fifo_gen/gconvfifo.rf/grf.rf/gntv_or_sync_fifo.gl0.rd/rpntr/DEVICE_7SERIES.NO_BMM_INFO.SDP.SIMPLE_PRIM36.ram_i_4__0/I2
    Placement     SLICE_X93Y31         LUT4 (Prop_lut4_I2_O)        0.043     8.432 r  U0_ps_ai_peripheral/frame_to_ps_inst0/frame_read_write_m0/read_buf/U0/inst_fifo_gen/gconvfifo.rf/grf.rf/gntv_or_sync_fifo.gl0.rd/rpntr/DEVICE_7SERIES.NO_BMM_INFO.SDP.SIMPLE_PRIM36.ram_i_4__0/O
                                       net (fo=15, routed)          1.491     9.923    U0_ps_ai_peripheral/frame_to_ps_inst0/frame_read_write_m0/read_buf/U0/inst_fifo_gen/gconvfifo.rf/grf.rf/gntv_or_sync_fifo.gl0.rd/rpntr/DEVICE_7SERIES.NO_BMM_INFO.SDP.SIMPLE_PRIM36.ram_i_4__0_n_0
    Placement     SLICE_X13Y31                                                      r  U0_ps_ai_peripheral/frame_to_ps_inst0/frame_read_write_m0/read_buf/U0/inst_fifo_gen/gconvfifo.rf/grf.rf/gntv_or_sync_fifo.gl0.rd/rpntr/DEVICE_7SERIES.NO_BMM_INFO.SDP.SIMPLE_PRIM36.ram_i_2__25/I4
    Placement     SLICE_X13Y31         LUT6 (Prop_lut6_I4_O)        0.043     9.966 r  U0_ps_ai_peripheral/frame_to_ps_inst0/frame_read_write_m0/read_buf/U0/inst_fifo_gen/gconvfifo.rf/grf.rf/gntv_or_sync_fifo.gl0.rd/rpntr/DEVICE_7SERIES.NO_BMM_INFO.SDP.SIMPLE_PRIM36.ram_i_2__25/O
                                       net (fo=1, routed)           0.786    10.752    U0_ps_ai_peripheral/frame_to_ps_inst0/frame_read_write_m0/read_buf/U0/inst_fifo_gen/gconvfifo.rf/grf.rf/gntv_or_sync_fifo.mem/gbm.gbmg.gbmga.ngecc.bmg/inst_blk_mem_gen/gnbram.gnativebmg.native_blk_mem_gen/valid.cstr/ramloop[46].ram.r/prim_noinit.ram/ENB_I_43
    Placement     RAMB36_X0Y6          RAMB36E1                                     r  U0_ps_ai_peripheral/frame_to_ps_inst0/frame_read_write_m0/read_buf/U0/inst_fifo_gen/gconvfifo.rf/grf.rf/gntv_or_sync_fifo.mem/gbm.gbmg.gbmga.ngecc.bmg/inst_blk_mem_gen/gnbram.gnativebmg.native_blk_mem_gen/valid.cstr/ramloop[46].ram.r/prim_noinit.ram/DEVICE_7SERIES.NO_BMM_INFO.SDP.SIMPLE_PRIM36.ram/ENBWREN
  ---------------------------------------------------------------------------------    -------------------

                                       (clock clk_pll_i rise edge)
                                                                    5.000     5.000 r  
                  C8                                                0.000     5.000 r  sys_clk_p (IN)
                                       net (fo=0)                   0.000     5.000    U0_ps_ai_peripheral/mig_ddr3_u0/u_mig_7series_0_mig/u_ddr3_clk_ibuf/sys_clk_p
                  C8                                                                r  U0_ps_ai_peripheral/mig_ddr3_u0/u_mig_7series_0_mig/u_ddr3_clk_ibuf/diff_input_clk.u_ibufg_sys_clk/I
                  C8                   IBUFDS (Prop_ibufds_I_O)     0.758     5.758 r  U0_ps_ai_peripheral/mig_ddr3_u0/u_mig_7series_0_mig/u_ddr3_clk_ibuf/diff_input_clk.u_ibufg_sys_clk/O
                                       net (fo=3, routed)           1.001     6.759    U0_ps_ai_peripheral/mig_ddr3_u0/u_mig_7series_0_mig/u_ddr3_infrastructure/out
                  PLLE2_ADV_X1Y2                                                    r  U0_ps_ai_peripheral/mig_ddr3_u0/u_mig_7series_0_mig/u_ddr3_infrastructure/plle2_i/CLKIN1
                  PLLE2_ADV_X1Y2       PLLE2_ADV (Prop_plle2_adv_CLKIN1_CLKOUT3)
                                                                    0.073     6.832 r  U0_ps_ai_peripheral/mig_ddr3_u0/u_mig_7series_0_mig/u_ddr3_infrastructure/plle2_i/CLKOUT3
                                       net (fo=1, routed)           1.033     7.865    U0_ps_ai_peripheral/mig_ddr3_u0/u_mig_7series_0_mig/u_ddr3_infrastructure/pll_clk3_out
                  BUFHCE_X1Y24                                                      r  U0_ps_ai_peripheral/mig_ddr3_u0/u_mig_7series_0_mig/u_ddr3_infrastructure/u_bufh_pll_clk3/I
                  BUFHCE_X1Y24         BUFH (Prop_bufh_I_O)         0.066     7.931 r  U0_ps_ai_peripheral/mig_ddr3_u0/u_mig_7series_0_mig/u_ddr3_infrastructure/u_bufh_pll_clk3/O
                                       net (fo=1, routed)           0.710     8.641    U0_ps_ai_peripheral/mig_ddr3_u0/u_mig_7series_0_mig/u_ddr3_infrastructure/pll_clk3
                  MMCME2_ADV_X1Y2                                                   r  U0_ps_ai_peripheral/mig_ddr3_u0/u_mig_7series_0_mig/u_ddr3_infrastructure/gen_mmcm.mmcm_i/CLKIN1
                  MMCME2_ADV_X1Y2      MMCME2_ADV (Prop_mmcme2_adv_CLKIN1_CLKFBOUT)
                                                                   -2.652     5.989 r  U0_ps_ai_peripheral/mig_ddr3_u0/u_mig_7series_0_mig/u_ddr3_infrastructure/gen_mmcm.mmcm_i/CLKFBOUT
                                       net (fo=1, routed)           1.333     7.322    U0_ps_ai_peripheral/mig_ddr3_u0/u_mig_7series_0_mig/u_ddr3_infrastructure/clk_pll_i
                  BUFGCTRL_X0Y16                                                    r  U0_ps_ai_peripheral/mig_ddr3_u0/u_mig_7series_0_mig/u_ddr3_infrastructure/u_bufg_clkdiv0/I
                  BUFGCTRL_X0Y16       BUFG (Prop_bufg_I_O)         0.083     7.405 r  U0_ps_ai_peripheral/mig_ddr3_u0/u_mig_7series_0_mig/u_ddr3_infrastructure/u_bufg_clkdiv0/O
                                       net (fo=103920, routed)      1.530     8.935    rx_sdi_inst/SDI0/SDI/ui_clk
                  SLICE_X108Y38                                                     r  rx_sdi_inst/SDI0/SDI/cam_clk_inferred_i_1/I1
                  SLICE_X108Y38        LUT3 (Prop_lut3_I1_O)        0.036     8.971 r  rx_sdi_inst/SDI0/SDI/cam_clk_inferred_i_1/O
                                       net (fo=1681, routed)        1.885    10.856    U0_ps_ai_peripheral/frame_to_ps_inst0/frame_read_write_m0/read_buf/U0/inst_fifo_gen/gconvfifo.rf/grf.rf/gntv_or_sync_fifo.mem/gbm.gbmg.gbmga.ngecc.bmg/inst_blk_mem_gen/gnbram.gnativebmg.native_blk_mem_gen/valid.cstr/ramloop[46].ram.r/prim_noinit.ram/rd_clk
                  RAMB36_X0Y6          RAMB36E1                                     r  U0_ps_ai_peripheral/frame_to_ps_inst0/frame_read_write_m0/read_buf/U0/inst_fifo_gen/gconvfifo.rf/grf.rf/gntv_or_sync_fifo.mem/gbm.gbmg.gbmga.ngecc.bmg/inst_blk_mem_gen/gnbram.gnativebmg.native_blk_mem_gen/valid.cstr/ramloop[46].ram.r/prim_noinit.ram/DEVICE_7SERIES.NO_BMM_INFO.SDP.SIMPLE_PRIM36.ram/CLKBWRCLK
                                       clock pessimism              0.432    11.288    
                                       clock uncertainty           -0.052    11.236    
                  RAMB36_X0Y6          RAMB36E1 (Setup_ramb36e1_CLKBWRCLK_ENBWREN)
                                                                   -0.328    10.908    U0_ps_ai_peripheral/frame_to_ps_inst0/frame_read_write_m0/read_buf/U0/inst_fifo_gen/gconvfifo.rf/grf.rf/gntv_or_sync_fifo.mem/gbm.gbmg.gbmga.ngecc.bmg/inst_blk_mem_gen/gnbram.gnativebmg.native_blk_mem_gen/valid.cstr/ramloop[46].ram.r/prim_noinit.ram/DEVICE_7SERIES.NO_BMM_INFO.SDP.SIMPLE_PRIM36.ram
  ---------------------------------------------------------------------------------
                                       required time                         10.908    
                                       arrival time                         -10.752    
  ---------------------------------------------------------------------------------
                                       slack                                  0.156    

Slack (MET) :             0.169ns  (required time - arrival time)
  Source:                 U0_ps_ai_peripheral/frame_to_ps_inst0/video_rect_read_data_m0/read_en_r_reg/C
                            (rising edge-triggered cell FDCE clocked by clk_pll_i  {rise@0.000ns fall@2.500ns period=5.000ns})
  Destination:            U0_ps_ai_peripheral/frame_to_ps_inst0/frame_read_write_m0/read_buf/U0/inst_fifo_gen/gconvfifo.rf/grf.rf/gntv_or_sync_fifo.mem/gbm.gbmg.gbmga.ngecc.bmg/inst_blk_mem_gen/gnbram.gnativebmg.native_blk_mem_gen/valid.cstr/ramloop[49].ram.r/prim_noinit.ram/DEVICE_7SERIES.NO_BMM_INFO.SDP.SIMPLE_PRIM36.ram/ENBWREN
                            (rising edge-triggered cell RAMB36E1 clocked by clk_pll_i  {rise@0.000ns fall@2.500ns period=5.000ns})
  Path Group:             clk_pll_i
  Path Type:              Setup (Max at Slow Process Corner)
  Requirement:            5.000ns  (clk_pll_i rise@5.000ns - clk_pll_i rise@0.000ns)
  Data Path Delay:        4.105ns  (logic 0.345ns (8.404%)  route 3.760ns (91.596%))
  Logic Levels:           2  (LUT4=1 LUT6=1)
  Clock Path Skew:        -0.345ns (DCD - SCD + CPR)
    Destination Clock Delay (DCD):    5.688ns = ( 10.688 - 5.000 ) 
    Source Clock Delay      (SCD):    6.466ns
    Clock Pessimism Removal (CPR):    0.432ns
  Clock Uncertainty:      0.052ns  ((TSJ^2 + DJ^2)^1/2) / 2 + PE
    Total System Jitter     (TSJ):    0.071ns
    Discrete Jitter          (DJ):    0.077ns
    Phase Error              (PE):    0.000ns

    Pin Reuse     Location             Delay type                Incr(ns)  Path(ns)    Netlist Resource(s)
  ---------------------------------------------------------------------------------    -------------------
                                       (clock clk_pll_i rise edge)
                                                                    0.000     0.000 r  
                  C8                                                0.000     0.000 r  sys_clk_p (IN)
                                       net (fo=0)                   0.000     0.000    U0_ps_ai_peripheral/mig_ddr3_u0/u_mig_7series_0_mig/u_ddr3_clk_ibuf/sys_clk_p
                  C8                                                                r  U0_ps_ai_peripheral/mig_ddr3_u0/u_mig_7series_0_mig/u_ddr3_clk_ibuf/diff_input_clk.u_ibufg_sys_clk/I
                  C8                   IBUFDS (Prop_ibufds_I_O)     0.855     0.855 r  U0_ps_ai_peripheral/mig_ddr3_u0/u_mig_7series_0_mig/u_ddr3_clk_ibuf/diff_input_clk.u_ibufg_sys_clk/O
                                       net (fo=3, routed)           1.098     1.953    U0_ps_ai_peripheral/mig_ddr3_u0/u_mig_7series_0_mig/u_ddr3_infrastructure/out
                  PLLE2_ADV_X1Y2                                                    r  U0_ps_ai_peripheral/mig_ddr3_u0/u_mig_7series_0_mig/u_ddr3_infrastructure/plle2_i/CLKIN1
                  PLLE2_ADV_X1Y2       PLLE2_ADV (Prop_plle2_adv_CLKIN1_CLKOUT3)
                                                                    0.077     2.030 r  U0_ps_ai_peripheral/mig_ddr3_u0/u_mig_7series_0_mig/u_ddr3_infrastructure/plle2_i/CLKOUT3
                                       net (fo=1, routed)           1.145     3.175    U0_ps_ai_peripheral/mig_ddr3_u0/u_mig_7series_0_mig/u_ddr3_infrastructure/pll_clk3_out
                  BUFHCE_X1Y24                                                      r  U0_ps_ai_peripheral/mig_ddr3_u0/u_mig_7series_0_mig/u_ddr3_infrastructure/u_bufh_pll_clk3/I
                  BUFHCE_X1Y24         BUFH (Prop_bufh_I_O)         0.103     3.278 r  U0_ps_ai_peripheral/mig_ddr3_u0/u_mig_7series_0_mig/u_ddr3_infrastructure/u_bufh_pll_clk3/O
                                       net (fo=1, routed)           0.779     4.057    U0_ps_ai_peripheral/mig_ddr3_u0/u_mig_7series_0_mig/u_ddr3_infrastructure/pll_clk3
                  MMCME2_ADV_X1Y2                                                   r  U0_ps_ai_peripheral/mig_ddr3_u0/u_mig_7series_0_mig/u_ddr3_infrastructure/gen_mmcm.mmcm_i/CLKIN1
                  MMCME2_ADV_X1Y2      MMCME2_ADV (Prop_mmcme2_adv_CLKIN1_CLKFBOUT)
                                                                   -2.933     1.124 r  U0_ps_ai_peripheral/mig_ddr3_u0/u_mig_7series_0_mig/u_ddr3_infrastructure/gen_mmcm.mmcm_i/CLKFBOUT
                                       net (fo=1, routed)           1.442     2.566    U0_ps_ai_peripheral/mig_ddr3_u0/u_mig_7series_0_mig/u_ddr3_infrastructure/clk_pll_i
                  BUFGCTRL_X0Y16                                                    r  U0_ps_ai_peripheral/mig_ddr3_u0/u_mig_7series_0_mig/u_ddr3_infrastructure/u_bufg_clkdiv0/I
                  BUFGCTRL_X0Y16       BUFG (Prop_bufg_I_O)         0.093     2.659 r  U0_ps_ai_peripheral/mig_ddr3_u0/u_mig_7series_0_mig/u_ddr3_infrastructure/u_bufg_clkdiv0/O
                                       net (fo=103920, routed)      1.702     4.360    rx_sdi_inst/SDI0/SDI/ui_clk
                  SLICE_X108Y38                                                     r  rx_sdi_inst/SDI0/SDI/cam_clk_inferred_i_1/I1
                  SLICE_X108Y38        LUT3 (Prop_lut3_I1_O)        0.043     4.403 r  rx_sdi_inst/SDI0/SDI/cam_clk_inferred_i_1/O
                                       net (fo=1681, routed)        2.063     6.466    U0_ps_ai_peripheral/frame_to_ps_inst0/video_rect_read_data_m0/CLK
                  SLICE_X22Y14         FDCE                                         r  U0_ps_ai_peripheral/frame_to_ps_inst0/video_rect_read_data_m0/read_en_r_reg/C
  ---------------------------------------------------------------------------------    -------------------
    Placement     SLICE_X22Y14         FDCE (Prop_fdce_C_Q)         0.259     6.725 r  U0_ps_ai_peripheral/frame_to_ps_inst0/video_rect_read_data_m0/read_en_r_reg/Q
                                       net (fo=12, routed)          1.664     8.389    U0_ps_ai_peripheral/frame_to_ps_inst0/frame_read_write_m0/read_buf/U0/inst_fifo_gen/gconvfifo.rf/grf.rf/gntv_or_sync_fifo.gl0.rd/rpntr/rd_en
    Placement     SLICE_X93Y31                                                      r  U0_ps_ai_peripheral/frame_to_ps_inst0/frame_read_write_m0/read_buf/U0/inst_fifo_gen/gconvfifo.rf/grf.rf/gntv_or_sync_fifo.gl0.rd/rpntr/DEVICE_7SERIES.NO_BMM_INFO.SDP.SIMPLE_PRIM36.ram_i_4__0/I2
    Placement     SLICE_X93Y31         LUT4 (Prop_lut4_I2_O)        0.043     8.432 r  U0_ps_ai_peripheral/frame_to_ps_inst0/frame_read_write_m0/read_buf/U0/inst_fifo_gen/gconvfifo.rf/grf.rf/gntv_or_sync_fifo.gl0.rd/rpntr/DEVICE_7SERIES.NO_BMM_INFO.SDP.SIMPLE_PRIM36.ram_i_4__0/O
                                       net (fo=15, routed)          1.607    10.039    U0_ps_ai_peripheral/frame_to_ps_inst0/frame_read_write_m0/read_buf/U0/inst_fifo_gen/gconvfifo.rf/grf.rf/gntv_or_sync_fifo.gl0.rd/rpntr/DEVICE_7SERIES.NO_BMM_INFO.SDP.SIMPLE_PRIM36.ram_i_4__0_n_0
    Placement     SLICE_X22Y22                                                      r  U0_ps_ai_peripheral/frame_to_ps_inst0/frame_read_write_m0/read_buf/U0/inst_fifo_gen/gconvfifo.rf/grf.rf/gntv_or_sync_fifo.gl0.rd/rpntr/DEVICE_7SERIES.NO_BMM_INFO.SDP.SIMPLE_PRIM36.ram_i_2__28/I4
    Placement     SLICE_X22Y22         LUT6 (Prop_lut6_I4_O)        0.043    10.082 r  U0_ps_ai_peripheral/frame_to_ps_inst0/frame_read_write_m0/read_buf/U0/inst_fifo_gen/gconvfifo.rf/grf.rf/gntv_or_sync_fifo.gl0.rd/rpntr/DEVICE_7SERIES.NO_BMM_INFO.SDP.SIMPLE_PRIM36.ram_i_2__28/O
                                       net (fo=1, routed)           0.489    10.571    U0_ps_ai_peripheral/frame_to_ps_inst0/frame_read_write_m0/read_buf/U0/inst_fifo_gen/gconvfifo.rf/grf.rf/gntv_or_sync_fifo.mem/gbm.gbmg.gbmga.ngecc.bmg/inst_blk_mem_gen/gnbram.gnativebmg.native_blk_mem_gen/valid.cstr/ramloop[49].ram.r/prim_noinit.ram/ENB_I_49
    Placement     RAMB36_X1Y4          RAMB36E1                                     r  U0_ps_ai_peripheral/frame_to_ps_inst0/frame_read_write_m0/read_buf/U0/inst_fifo_gen/gconvfifo.rf/grf.rf/gntv_or_sync_fifo.mem/gbm.gbmg.gbmga.ngecc.bmg/inst_blk_mem_gen/gnbram.gnativebmg.native_blk_mem_gen/valid.cstr/ramloop[49].ram.r/prim_noinit.ram/DEVICE_7SERIES.NO_BMM_INFO.SDP.SIMPLE_PRIM36.ram/ENBWREN
  ---------------------------------------------------------------------------------    -------------------

                                       (clock clk_pll_i rise edge)
                                                                    5.000     5.000 r  
                  C8                                                0.000     5.000 r  sys_clk_p (IN)
                                       net (fo=0)                   0.000     5.000    U0_ps_ai_peripheral/mig_ddr3_u0/u_mig_7series_0_mig/u_ddr3_clk_ibuf/sys_clk_p
                  C8                                                                r  U0_ps_ai_peripheral/mig_ddr3_u0/u_mig_7series_0_mig/u_ddr3_clk_ibuf/diff_input_clk.u_ibufg_sys_clk/I
                  C8                   IBUFDS (Prop_ibufds_I_O)     0.758     5.758 r  U0_ps_ai_peripheral/mig_ddr3_u0/u_mig_7series_0_mig/u_ddr3_clk_ibuf/diff_input_clk.u_ibufg_sys_clk/O
                                       net (fo=3, routed)           1.001     6.759    U0_ps_ai_peripheral/mig_ddr3_u0/u_mig_7series_0_mig/u_ddr3_infrastructure/out
                  PLLE2_ADV_X1Y2                                                    r  U0_ps_ai_peripheral/mig_ddr3_u0/u_mig_7series_0_mig/u_ddr3_infrastructure/plle2_i/CLKIN1
                  PLLE2_ADV_X1Y2       PLLE2_ADV (Prop_plle2_adv_CLKIN1_CLKOUT3)
                                                                    0.073     6.832 r  U0_ps_ai_peripheral/mig_ddr3_u0/u_mig_7series_0_mig/u_ddr3_infrastructure/plle2_i/CLKOUT3
                                       net (fo=1, routed)           1.033     7.865    U0_ps_ai_peripheral/mig_ddr3_u0/u_mig_7series_0_mig/u_ddr3_infrastructure/pll_clk3_out
                  BUFHCE_X1Y24                                                      r  U0_ps_ai_peripheral/mig_ddr3_u0/u_mig_7series_0_mig/u_ddr3_infrastructure/u_bufh_pll_clk3/I
                  BUFHCE_X1Y24         BUFH (Prop_bufh_I_O)         0.066     7.931 r  U0_ps_ai_peripheral/mig_ddr3_u0/u_mig_7series_0_mig/u_ddr3_infrastructure/u_bufh_pll_clk3/O
                                       net (fo=1, routed)           0.710     8.641    U0_ps_ai_peripheral/mig_ddr3_u0/u_mig_7series_0_mig/u_ddr3_infrastructure/pll_clk3
                  MMCME2_ADV_X1Y2                                                   r  U0_ps_ai_peripheral/mig_ddr3_u0/u_mig_7series_0_mig/u_ddr3_infrastructure/gen_mmcm.mmcm_i/CLKIN1
                  MMCME2_ADV_X1Y2      MMCME2_ADV (Prop_mmcme2_adv_CLKIN1_CLKFBOUT)
                                                                   -2.652     5.989 r  U0_ps_ai_peripheral/mig_ddr3_u0/u_mig_7series_0_mig/u_ddr3_infrastructure/gen_mmcm.mmcm_i/CLKFBOUT
                                       net (fo=1, routed)           1.333     7.322    U0_ps_ai_peripheral/mig_ddr3_u0/u_mig_7series_0_mig/u_ddr3_infrastructure/clk_pll_i
                  BUFGCTRL_X0Y16                                                    r  U0_ps_ai_peripheral/mig_ddr3_u0/u_mig_7series_0_mig/u_ddr3_infrastructure/u_bufg_clkdiv0/I
                  BUFGCTRL_X0Y16       BUFG (Prop_bufg_I_O)         0.083     7.405 r  U0_ps_ai_peripheral/mig_ddr3_u0/u_mig_7series_0_mig/u_ddr3_infrastructure/u_bufg_clkdiv0/O
                                       net (fo=103920, routed)      1.530     8.935    rx_sdi_inst/SDI0/SDI/ui_clk
                  SLICE_X108Y38                                                     r  rx_sdi_inst/SDI0/SDI/cam_clk_inferred_i_1/I1
                  SLICE_X108Y38        LUT3 (Prop_lut3_I1_O)        0.036     8.971 r  rx_sdi_inst/SDI0/SDI/cam_clk_inferred_i_1/O
                                       net (fo=1681, routed)        1.717    10.688    U0_ps_ai_peripheral/frame_to_ps_inst0/frame_read_write_m0/read_buf/U0/inst_fifo_gen/gconvfifo.rf/grf.rf/gntv_or_sync_fifo.mem/gbm.gbmg.gbmga.ngecc.bmg/inst_blk_mem_gen/gnbram.gnativebmg.native_blk_mem_gen/valid.cstr/ramloop[49].ram.r/prim_noinit.ram/rd_clk
                  RAMB36_X1Y4          RAMB36E1                                     r  U0_ps_ai_peripheral/frame_to_ps_inst0/frame_read_write_m0/read_buf/U0/inst_fifo_gen/gconvfifo.rf/grf.rf/gntv_or_sync_fifo.mem/gbm.gbmg.gbmga.ngecc.bmg/inst_blk_mem_gen/gnbram.gnativebmg.native_blk_mem_gen/valid.cstr/ramloop[49].ram.r/prim_noinit.ram/DEVICE_7SERIES.NO_BMM_INFO.SDP.SIMPLE_PRIM36.ram/CLKBWRCLK
                                       clock pessimism              0.432    11.121    
                                       clock uncertainty           -0.052    11.068    
                  RAMB36_X1Y4          RAMB36E1 (Setup_ramb36e1_CLKBWRCLK_ENBWREN)
                                                                   -0.328    10.740    U0_ps_ai_peripheral/frame_to_ps_inst0/frame_read_write_m0/read_buf/U0/inst_fifo_gen/gconvfifo.rf/grf.rf/gntv_or_sync_fifo.mem/gbm.gbmg.gbmga.ngecc.bmg/inst_blk_mem_gen/gnbram.gnativebmg.native_blk_mem_gen/valid.cstr/ramloop[49].ram.r/prim_noinit.ram/DEVICE_7SERIES.NO_BMM_INFO.SDP.SIMPLE_PRIM36.ram
  ---------------------------------------------------------------------------------
                                       required time                         10.740    
                                       arrival time                         -10.571    
  ---------------------------------------------------------------------------------
                                       slack                                  0.169    

Slack (MET) :             0.173ns  (required time - arrival time)
  Source:                 U0_ps_ai_peripheral/frame_to_ps_inst0/video_rect_read_data_m0/read_en_r_reg/C
                            (rising edge-triggered cell FDCE clocked by clk_pll_i  {rise@0.000ns fall@2.500ns period=5.000ns})
  Destination:            U0_ps_ai_peripheral/frame_to_ps_inst0/frame_read_write_m0/read_buf/U0/inst_fifo_gen/gconvfifo.rf/grf.rf/gntv_or_sync_fifo.mem/gbm.gbmg.gbmga.ngecc.bmg/inst_blk_mem_gen/gnbram.gnativebmg.native_blk_mem_gen/valid.cstr/ramloop[47].ram.r/prim_noinit.ram/DEVICE_7SERIES.NO_BMM_INFO.SDP.SIMPLE_PRIM36.ram/ENBWREN
                            (rising edge-triggered cell RAMB36E1 clocked by clk_pll_i  {rise@0.000ns fall@2.500ns period=5.000ns})
  Path Group:             clk_pll_i
  Path Type:              Setup (Max at Slow Process Corner)
  Requirement:            5.000ns  (clk_pll_i rise@5.000ns - clk_pll_i rise@0.000ns)
  Data Path Delay:        3.967ns  (logic 0.345ns (8.698%)  route 3.622ns (91.302%))
  Logic Levels:           2  (LUT4=1 LUT6=1)
  Clock Path Skew:        -0.480ns (DCD - SCD + CPR)
    Destination Clock Delay (DCD):    5.554ns = ( 10.554 - 5.000 ) 
    Source Clock Delay      (SCD):    6.466ns
    Clock Pessimism Removal (CPR):    0.432ns
  Clock Uncertainty:      0.052ns  ((TSJ^2 + DJ^2)^1/2) / 2 + PE
    Total System Jitter     (TSJ):    0.071ns
    Discrete Jitter          (DJ):    0.077ns
    Phase Error              (PE):    0.000ns

    Pin Reuse     Location             Delay type                Incr(ns)  Path(ns)    Netlist Resource(s)
  ---------------------------------------------------------------------------------    -------------------
                                       (clock clk_pll_i rise edge)
                                                                    0.000     0.000 r  
                  C8                                                0.000     0.000 r  sys_clk_p (IN)
                                       net (fo=0)                   0.000     0.000    U0_ps_ai_peripheral/mig_ddr3_u0/u_mig_7series_0_mig/u_ddr3_clk_ibuf/sys_clk_p
                  C8                                                                r  U0_ps_ai_peripheral/mig_ddr3_u0/u_mig_7series_0_mig/u_ddr3_clk_ibuf/diff_input_clk.u_ibufg_sys_clk/I
                  C8                   IBUFDS (Prop_ibufds_I_O)     0.855     0.855 r  U0_ps_ai_peripheral/mig_ddr3_u0/u_mig_7series_0_mig/u_ddr3_clk_ibuf/diff_input_clk.u_ibufg_sys_clk/O
                                       net (fo=3, routed)           1.098     1.953    U0_ps_ai_peripheral/mig_ddr3_u0/u_mig_7series_0_mig/u_ddr3_infrastructure/out
                  PLLE2_ADV_X1Y2                                                    r  U0_ps_ai_peripheral/mig_ddr3_u0/u_mig_7series_0_mig/u_ddr3_infrastructure/plle2_i/CLKIN1
                  PLLE2_ADV_X1Y2       PLLE2_ADV (Prop_plle2_adv_CLKIN1_CLKOUT3)
                                                                    0.077     2.030 r  U0_ps_ai_peripheral/mig_ddr3_u0/u_mig_7series_0_mig/u_ddr3_infrastructure/plle2_i/CLKOUT3
                                       net (fo=1, routed)           1.145     3.175    U0_ps_ai_peripheral/mig_ddr3_u0/u_mig_7series_0_mig/u_ddr3_infrastructure/pll_clk3_out
                  BUFHCE_X1Y24                                                      r  U0_ps_ai_peripheral/mig_ddr3_u0/u_mig_7series_0_mig/u_ddr3_infrastructure/u_bufh_pll_clk3/I
                  BUFHCE_X1Y24         BUFH (Prop_bufh_I_O)         0.103     3.278 r  U0_ps_ai_peripheral/mig_ddr3_u0/u_mig_7series_0_mig/u_ddr3_infrastructure/u_bufh_pll_clk3/O
                                       net (fo=1, routed)           0.779     4.057    U0_ps_ai_peripheral/mig_ddr3_u0/u_mig_7series_0_mig/u_ddr3_infrastructure/pll_clk3
                  MMCME2_ADV_X1Y2                                                   r  U0_ps_ai_peripheral/mig_ddr3_u0/u_mig_7series_0_mig/u_ddr3_infrastructure/gen_mmcm.mmcm_i/CLKIN1
                  MMCME2_ADV_X1Y2      MMCME2_ADV (Prop_mmcme2_adv_CLKIN1_CLKFBOUT)
                                                                   -2.933     1.124 r  U0_ps_ai_peripheral/mig_ddr3_u0/u_mig_7series_0_mig/u_ddr3_infrastructure/gen_mmcm.mmcm_i/CLKFBOUT
                                       net (fo=1, routed)           1.442     2.566    U0_ps_ai_peripheral/mig_ddr3_u0/u_mig_7series_0_mig/u_ddr3_infrastructure/clk_pll_i
                  BUFGCTRL_X0Y16                                                    r  U0_ps_ai_peripheral/mig_ddr3_u0/u_mig_7series_0_mig/u_ddr3_infrastructure/u_bufg_clkdiv0/I
                  BUFGCTRL_X0Y16       BUFG (Prop_bufg_I_O)         0.093     2.659 r  U0_ps_ai_peripheral/mig_ddr3_u0/u_mig_7series_0_mig/u_ddr3_infrastructure/u_bufg_clkdiv0/O
                                       net (fo=103920, routed)      1.702     4.360    rx_sdi_inst/SDI0/SDI/ui_clk
                  SLICE_X108Y38                                                     r  rx_sdi_inst/SDI0/SDI/cam_clk_inferred_i_1/I1
                  SLICE_X108Y38        LUT3 (Prop_lut3_I1_O)        0.043     4.403 r  rx_sdi_inst/SDI0/SDI/cam_clk_inferred_i_1/O
                                       net (fo=1681, routed)        2.063     6.466    U0_ps_ai_peripheral/frame_to_ps_inst0/video_rect_read_data_m0/CLK
                  SLICE_X22Y14         FDCE                                         r  U0_ps_ai_peripheral/frame_to_ps_inst0/video_rect_read_data_m0/read_en_r_reg/C
  ---------------------------------------------------------------------------------    -------------------
    Placement     SLICE_X22Y14         FDCE (Prop_fdce_C_Q)         0.259     6.725 r  U0_ps_ai_peripheral/frame_to_ps_inst0/video_rect_read_data_m0/read_en_r_reg/Q
                                       net (fo=12, routed)          1.664     8.389    U0_ps_ai_peripheral/frame_to_ps_inst0/frame_read_write_m0/read_buf/U0/inst_fifo_gen/gconvfifo.rf/grf.rf/gntv_or_sync_fifo.gl0.rd/rpntr/rd_en
    Placement     SLICE_X93Y31                                                      r  U0_ps_ai_peripheral/frame_to_ps_inst0/frame_read_write_m0/read_buf/U0/inst_fifo_gen/gconvfifo.rf/grf.rf/gntv_or_sync_fifo.gl0.rd/rpntr/DEVICE_7SERIES.NO_BMM_INFO.SDP.SIMPLE_PRIM36.ram_i_4__0/I2
    Placement     SLICE_X93Y31         LUT4 (Prop_lut4_I2_O)        0.043     8.432 r  U0_ps_ai_peripheral/frame_to_ps_inst0/frame_read_write_m0/read_buf/U0/inst_fifo_gen/gconvfifo.rf/grf.rf/gntv_or_sync_fifo.gl0.rd/rpntr/DEVICE_7SERIES.NO_BMM_INFO.SDP.SIMPLE_PRIM36.ram_i_4__0/O
                                       net (fo=15, routed)          1.352     9.784    U0_ps_ai_peripheral/frame_to_ps_inst0/frame_read_write_m0/read_buf/U0/inst_fifo_gen/gconvfifo.rf/grf.rf/gntv_or_sync_fifo.gl0.rd/rpntr/DEVICE_7SERIES.NO_BMM_INFO.SDP.SIMPLE_PRIM36.ram_i_4__0_n_0
    Placement     SLICE_X33Y17                                                      r  U0_ps_ai_peripheral/frame_to_ps_inst0/frame_read_write_m0/read_buf/U0/inst_fifo_gen/gconvfifo.rf/grf.rf/gntv_or_sync_fifo.gl0.rd/rpntr/DEVICE_7SERIES.NO_BMM_INFO.SDP.SIMPLE_PRIM36.ram_i_2__3/I2
    Placement     SLICE_X33Y17         LUT6 (Prop_lut6_I2_O)        0.043     9.827 r  U0_ps_ai_peripheral/frame_to_ps_inst0/frame_read_write_m0/read_buf/U0/inst_fifo_gen/gconvfifo.rf/grf.rf/gntv_or_sync_fifo.gl0.rd/rpntr/DEVICE_7SERIES.NO_BMM_INFO.SDP.SIMPLE_PRIM36.ram_i_2__3/O
                                       net (fo=1, routed)           0.605    10.433    U0_ps_ai_peripheral/frame_to_ps_inst0/frame_read_write_m0/read_buf/U0/inst_fifo_gen/gconvfifo.rf/grf.rf/gntv_or_sync_fifo.mem/gbm.gbmg.gbmga.ngecc.bmg/inst_blk_mem_gen/gnbram.gnativebmg.native_blk_mem_gen/valid.cstr/ramloop[47].ram.r/prim_noinit.ram/ENB_I_45
    Placement     RAMB36_X2Y3          RAMB36E1                                     r  U0_ps_ai_peripheral/frame_to_ps_inst0/frame_read_write_m0/read_buf/U0/inst_fifo_gen/gconvfifo.rf/grf.rf/gntv_or_sync_fifo.mem/gbm.gbmg.gbmga.ngecc.bmg/inst_blk_mem_gen/gnbram.gnativebmg.native_blk_mem_gen/valid.cstr/ramloop[47].ram.r/prim_noinit.ram/DEVICE_7SERIES.NO_BMM_INFO.SDP.SIMPLE_PRIM36.ram/ENBWREN
  ---------------------------------------------------------------------------------    -------------------

                                       (clock clk_pll_i rise edge)
                                                                    5.000     5.000 r  
                  C8                                                0.000     5.000 r  sys_clk_p (IN)
                                       net (fo=0)                   0.000     5.000    U0_ps_ai_peripheral/mig_ddr3_u0/u_mig_7series_0_mig/u_ddr3_clk_ibuf/sys_clk_p
                  C8                                                                r  U0_ps_ai_peripheral/mig_ddr3_u0/u_mig_7series_0_mig/u_ddr3_clk_ibuf/diff_input_clk.u_ibufg_sys_clk/I
                  C8                   IBUFDS (Prop_ibufds_I_O)     0.758     5.758 r  U0_ps_ai_peripheral/mig_ddr3_u0/u_mig_7series_0_mig/u_ddr3_clk_ibuf/diff_input_clk.u_ibufg_sys_clk/O
                                       net (fo=3, routed)           1.001     6.759    U0_ps_ai_peripheral/mig_ddr3_u0/u_mig_7series_0_mig/u_ddr3_infrastructure/out
                  PLLE2_ADV_X1Y2                                                    r  U0_ps_ai_peripheral/mig_ddr3_u0/u_mig_7series_0_mig/u_ddr3_infrastructure/plle2_i/CLKIN1
                  PLLE2_ADV_X1Y2       PLLE2_ADV (Prop_plle2_adv_CLKIN1_CLKOUT3)
                                                                    0.073     6.832 r  U0_ps_ai_peripheral/mig_ddr3_u0/u_mig_7series_0_mig/u_ddr3_infrastructure/plle2_i/CLKOUT3
                                       net (fo=1, routed)           1.033     7.865    U0_ps_ai_peripheral/mig_ddr3_u0/u_mig_7series_0_mig/u_ddr3_infrastructure/pll_clk3_out
                  BUFHCE_X1Y24                                                      r  U0_ps_ai_peripheral/mig_ddr3_u0/u_mig_7series_0_mig/u_ddr3_infrastructure/u_bufh_pll_clk3/I
                  BUFHCE_X1Y24         BUFH (Prop_bufh_I_O)         0.066     7.931 r  U0_ps_ai_peripheral/mig_ddr3_u0/u_mig_7series_0_mig/u_ddr3_infrastructure/u_bufh_pll_clk3/O
                                       net (fo=1, routed)           0.710     8.641    U0_ps_ai_peripheral/mig_ddr3_u0/u_mig_7series_0_mig/u_ddr3_infrastructure/pll_clk3
                  MMCME2_ADV_X1Y2                                                   r  U0_ps_ai_peripheral/mig_ddr3_u0/u_mig_7series_0_mig/u_ddr3_infrastructure/gen_mmcm.mmcm_i/CLKIN1
                  MMCME2_ADV_X1Y2      MMCME2_ADV (Prop_mmcme2_adv_CLKIN1_CLKFBOUT)
                                                                   -2.652     5.989 r  U0_ps_ai_peripheral/mig_ddr3_u0/u_mig_7series_0_mig/u_ddr3_infrastructure/gen_mmcm.mmcm_i/CLKFBOUT
                                       net (fo=1, routed)           1.333     7.322    U0_ps_ai_peripheral/mig_ddr3_u0/u_mig_7series_0_mig/u_ddr3_infrastructure/clk_pll_i
                  BUFGCTRL_X0Y16                                                    r  U0_ps_ai_peripheral/mig_ddr3_u0/u_mig_7series_0_mig/u_ddr3_infrastructure/u_bufg_clkdiv0/I
                  BUFGCTRL_X0Y16       BUFG (Prop_bufg_I_O)         0.083     7.405 r  U0_ps_ai_peripheral/mig_ddr3_u0/u_mig_7series_0_mig/u_ddr3_infrastructure/u_bufg_clkdiv0/O
                                       net (fo=103920, routed)      1.530     8.935    rx_sdi_inst/SDI0/SDI/ui_clk
                  SLICE_X108Y38                                                     r  rx_sdi_inst/SDI0/SDI/cam_clk_inferred_i_1/I1
                  SLICE_X108Y38        LUT3 (Prop_lut3_I1_O)        0.036     8.971 r  rx_sdi_inst/SDI0/SDI/cam_clk_inferred_i_1/O
                                       net (fo=1681, routed)        1.583    10.554    U0_ps_ai_peripheral/frame_to_ps_inst0/frame_read_write_m0/read_buf/U0/inst_fifo_gen/gconvfifo.rf/grf.rf/gntv_or_sync_fifo.mem/gbm.gbmg.gbmga.ngecc.bmg/inst_blk_mem_gen/gnbram.gnativebmg.native_blk_mem_gen/valid.cstr/ramloop[47].ram.r/prim_noinit.ram/rd_clk
                  RAMB36_X2Y3          RAMB36E1                                     r  U0_ps_ai_peripheral/frame_to_ps_inst0/frame_read_write_m0/read_buf/U0/inst_fifo_gen/gconvfifo.rf/grf.rf/gntv_or_sync_fifo.mem/gbm.gbmg.gbmga.ngecc.bmg/inst_blk_mem_gen/gnbram.gnativebmg.native_blk_mem_gen/valid.cstr/ramloop[47].ram.r/prim_noinit.ram/DEVICE_7SERIES.NO_BMM_INFO.SDP.SIMPLE_PRIM36.ram/CLKBWRCLK
                                       clock pessimism              0.432    10.986    
                                       clock uncertainty           -0.052    10.934    
                  RAMB36_X2Y3          RAMB36E1 (Setup_ramb36e1_CLKBWRCLK_ENBWREN)
                                                                   -0.328    10.606    U0_ps_ai_peripheral/frame_to_ps_inst0/frame_read_write_m0/read_buf/U0/inst_fifo_gen/gconvfifo.rf/grf.rf/gntv_or_sync_fifo.mem/gbm.gbmg.gbmga.ngecc.bmg/inst_blk_mem_gen/gnbram.gnativebmg.native_blk_mem_gen/valid.cstr/ramloop[47].ram.r/prim_noinit.ram/DEVICE_7SERIES.NO_BMM_INFO.SDP.SIMPLE_PRIM36.ram
  ---------------------------------------------------------------------------------
                                       required time                         10.606    
                                       arrival time                         -10.433    
  ---------------------------------------------------------------------------------
                                       slack                                  0.173    

Slack (MET) :             0.175ns  (required time - arrival time)
  Source:                 U0_ps_ai_peripheral/frame_to_ps_inst0/frame_read_write_m0/wr_wfifo_err_reg/C
                            (rising edge-triggered cell FDCE clocked by clk_pll_i  {rise@0.000ns fall@2.500ns period=5.000ns})
  Destination:            U0_ps_ai_peripheral/frame_to_ps_inst0/frame_read_write_m0/frame_fifo_write_m0/wr_burst_req_reg/D
                            (rising edge-triggered cell FDCE clocked by clk_pll_i  {rise@0.000ns fall@2.500ns period=5.000ns})
  Path Group:             clk_pll_i
  Path Type:              Setup (Max at Slow Process Corner)
  Requirement:            5.000ns  (clk_pll_i rise@5.000ns - clk_pll_i rise@0.000ns)
  Data Path Delay:        0.931ns  (logic 0.371ns (39.865%)  route 0.560ns (60.135%))
  Logic Levels:           2  (LUT5=1 LUT6=1)
  Clock Path Skew:        -3.876ns (DCD - SCD + CPR)
    Destination Clock Delay (DCD):    3.616ns = ( 8.616 - 5.000 ) 
    Source Clock Delay      (SCD):    7.746ns
    Clock Pessimism Removal (CPR):    0.253ns
  Clock Uncertainty:      0.052ns  ((TSJ^2 + DJ^2)^1/2) / 2 + PE
    Total System Jitter     (TSJ):    0.071ns
    Discrete Jitter          (DJ):    0.077ns
    Phase Error              (PE):    0.000ns

    Pin Reuse     Location             Delay type                Incr(ns)  Path(ns)    Netlist Resource(s)
  ---------------------------------------------------------------------------------    -------------------
                                       (clock clk_pll_i rise edge)
                                                                    0.000     0.000 r  
                  C8                                                0.000     0.000 r  sys_clk_p (IN)
                                       net (fo=0)                   0.000     0.000    U0_ps_ai_peripheral/mig_ddr3_u0/u_mig_7series_0_mig/u_ddr3_clk_ibuf/sys_clk_p
                  C8                                                                r  U0_ps_ai_peripheral/mig_ddr3_u0/u_mig_7series_0_mig/u_ddr3_clk_ibuf/diff_input_clk.u_ibufg_sys_clk/I
                  C8                   IBUFDS (Prop_ibufds_I_O)     0.855     0.855 r  U0_ps_ai_peripheral/mig_ddr3_u0/u_mig_7series_0_mig/u_ddr3_clk_ibuf/diff_input_clk.u_ibufg_sys_clk/O
                                       net (fo=3, routed)           1.098     1.953    U0_ps_ai_peripheral/mig_ddr3_u0/u_mig_7series_0_mig/u_ddr3_infrastructure/out
                  PLLE2_ADV_X1Y2                                                    r  U0_ps_ai_peripheral/mig_ddr3_u0/u_mig_7series_0_mig/u_ddr3_infrastructure/plle2_i/CLKIN1
                  PLLE2_ADV_X1Y2       PLLE2_ADV (Prop_plle2_adv_CLKIN1_CLKOUT3)
                                                                    0.077     2.030 r  U0_ps_ai_peripheral/mig_ddr3_u0/u_mig_7series_0_mig/u_ddr3_infrastructure/plle2_i/CLKOUT3
                                       net (fo=1, routed)           1.145     3.175    U0_ps_ai_peripheral/mig_ddr3_u0/u_mig_7series_0_mig/u_ddr3_infrastructure/pll_clk3_out
                  BUFHCE_X1Y24                                                      r  U0_ps_ai_peripheral/mig_ddr3_u0/u_mig_7series_0_mig/u_ddr3_infrastructure/u_bufh_pll_clk3/I
                  BUFHCE_X1Y24         BUFH (Prop_bufh_I_O)         0.103     3.278 r  U0_ps_ai_peripheral/mig_ddr3_u0/u_mig_7series_0_mig/u_ddr3_infrastructure/u_bufh_pll_clk3/O
                                       net (fo=1, routed)           0.779     4.057    U0_ps_ai_peripheral/mig_ddr3_u0/u_mig_7series_0_mig/u_ddr3_infrastructure/pll_clk3
                  MMCME2_ADV_X1Y2                                                   r  U0_ps_ai_peripheral/mig_ddr3_u0/u_mig_7series_0_mig/u_ddr3_infrastructure/gen_mmcm.mmcm_i/CLKIN1
                  MMCME2_ADV_X1Y2      MMCME2_ADV (Prop_mmcme2_adv_CLKIN1_CLKFBOUT)
                                                                   -2.933     1.124 r  U0_ps_ai_peripheral/mig_ddr3_u0/u_mig_7series_0_mig/u_ddr3_infrastructure/gen_mmcm.mmcm_i/CLKFBOUT
                                       net (fo=1, routed)           1.442     2.566    U0_ps_ai_peripheral/mig_ddr3_u0/u_mig_7series_0_mig/u_ddr3_infrastructure/clk_pll_i
                  BUFGCTRL_X0Y16                                                    r  U0_ps_ai_peripheral/mig_ddr3_u0/u_mig_7series_0_mig/u_ddr3_infrastructure/u_bufg_clkdiv0/I
                  BUFGCTRL_X0Y16       BUFG (Prop_bufg_I_O)         0.093     2.659 r  U0_ps_ai_peripheral/mig_ddr3_u0/u_mig_7series_0_mig/u_ddr3_infrastructure/u_bufg_clkdiv0/O
                                       net (fo=103920, routed)      1.702     4.360    rx_sdi_inst/SDI0/SDI/ui_clk
                  SLICE_X108Y38                                                     r  rx_sdi_inst/SDI0/SDI/cam_clk_inferred_i_1/I1
                  SLICE_X108Y38        LUT3 (Prop_lut3_I1_O)        0.043     4.403 r  rx_sdi_inst/SDI0/SDI/cam_clk_inferred_i_1/O
                                       net (fo=1681, routed)        3.343     7.746    U0_ps_ai_peripheral/frame_to_ps_inst0/frame_read_write_m0/CLK
                  SLICE_X61Y195        FDCE                                         r  U0_ps_ai_peripheral/frame_to_ps_inst0/frame_read_write_m0/wr_wfifo_err_reg/C
  ---------------------------------------------------------------------------------    -------------------
    Placement     SLICE_X61Y195        FDCE (Prop_fdce_C_Q)         0.204     7.950 f  U0_ps_ai_peripheral/frame_to_ps_inst0/frame_read_write_m0/wr_wfifo_err_reg/Q
                                       net (fo=8, routed)           0.363     8.314    U0_ps_ai_peripheral/frame_to_ps_inst0/frame_read_write_m0/frame_fifo_write_m0/wr_burst_len_reg[4]_0
    Placement     SLICE_X69Y195                                                     f  U0_ps_ai_peripheral/frame_to_ps_inst0/frame_read_write_m0/frame_fifo_write_m0/wr_burst_req_i_3/I2
    Placement     SLICE_X69Y195        LUT5 (Prop_lut5_I2_O)        0.124     8.438 r  U0_ps_ai_peripheral/frame_to_ps_inst0/frame_read_write_m0/frame_fifo_write_m0/wr_burst_req_i_3/O
                                       net (fo=1, routed)           0.196     8.634    U0_ps_ai_peripheral/frame_to_ps_inst0/frame_read_write_m0/frame_fifo_write_m0/wr_burst_req_i_3_n_0
    Placement     SLICE_X71Y196                                                     r  U0_ps_ai_peripheral/frame_to_ps_inst0/frame_read_write_m0/frame_fifo_write_m0/wr_burst_req_i_1/I4
    Routing       SLICE_X71Y196        LUT6 (Prop_lut6_I4_O)        0.043     8.677 r  U0_ps_ai_peripheral/frame_to_ps_inst0/frame_read_write_m0/frame_fifo_write_m0/wr_burst_req_i_1/O
                                       net (fo=1, routed)           0.000     8.677    U0_ps_ai_peripheral/frame_to_ps_inst0/frame_read_write_m0/frame_fifo_write_m0/wr_burst_req_i_1_n_0
    Routing       SLICE_X71Y196        FDCE                                         r  U0_ps_ai_peripheral/frame_to_ps_inst0/frame_read_write_m0/frame_fifo_write_m0/wr_burst_req_reg/D
  ---------------------------------------------------------------------------------    -------------------

                                       (clock clk_pll_i rise edge)
                                                                    5.000     5.000 r  
                  C8                                                0.000     5.000 r  sys_clk_p (IN)
                                       net (fo=0)                   0.000     5.000    U0_ps_ai_peripheral/mig_ddr3_u0/u_mig_7series_0_mig/u_ddr3_clk_ibuf/sys_clk_p
                  C8                                                                r  U0_ps_ai_peripheral/mig_ddr3_u0/u_mig_7series_0_mig/u_ddr3_clk_ibuf/diff_input_clk.u_ibufg_sys_clk/I
                  C8                   IBUFDS (Prop_ibufds_I_O)     0.758     5.758 r  U0_ps_ai_peripheral/mig_ddr3_u0/u_mig_7series_0_mig/u_ddr3_clk_ibuf/diff_input_clk.u_ibufg_sys_clk/O
                                       net (fo=3, routed)           1.001     6.759    U0_ps_ai_peripheral/mig_ddr3_u0/u_mig_7series_0_mig/u_ddr3_infrastructure/out
                  PLLE2_ADV_X1Y2                                                    r  U0_ps_ai_peripheral/mig_ddr3_u0/u_mig_7series_0_mig/u_ddr3_infrastructure/plle2_i/CLKIN1
                  PLLE2_ADV_X1Y2       PLLE2_ADV (Prop_plle2_adv_CLKIN1_CLKOUT3)
                                                                    0.073     6.832 r  U0_ps_ai_peripheral/mig_ddr3_u0/u_mig_7series_0_mig/u_ddr3_infrastructure/plle2_i/CLKOUT3
                                       net (fo=1, routed)           1.033     7.865    U0_ps_ai_peripheral/mig_ddr3_u0/u_mig_7series_0_mig/u_ddr3_infrastructure/pll_clk3_out
                  BUFHCE_X1Y24                                                      r  U0_ps_ai_peripheral/mig_ddr3_u0/u_mig_7series_0_mig/u_ddr3_infrastructure/u_bufh_pll_clk3/I
                  BUFHCE_X1Y24         BUFH (Prop_bufh_I_O)         0.066     7.931 r  U0_ps_ai_peripheral/mig_ddr3_u0/u_mig_7series_0_mig/u_ddr3_infrastructure/u_bufh_pll_clk3/O
                                       net (fo=1, routed)           0.710     8.641    U0_ps_ai_peripheral/mig_ddr3_u0/u_mig_7series_0_mig/u_ddr3_infrastructure/pll_clk3
                  MMCME2_ADV_X1Y2                                                   r  U0_ps_ai_peripheral/mig_ddr3_u0/u_mig_7series_0_mig/u_ddr3_infrastructure/gen_mmcm.mmcm_i/CLKIN1
                  MMCME2_ADV_X1Y2      MMCME2_ADV (Prop_mmcme2_adv_CLKIN1_CLKFBOUT)
                                                                   -2.652     5.989 r  U0_ps_ai_peripheral/mig_ddr3_u0/u_mig_7series_0_mig/u_ddr3_infrastructure/gen_mmcm.mmcm_i/CLKFBOUT
                                       net (fo=1, routed)           1.333     7.322    U0_ps_ai_peripheral/mig_ddr3_u0/u_mig_7series_0_mig/u_ddr3_infrastructure/clk_pll_i
                  BUFGCTRL_X0Y16                                                    r  U0_ps_ai_peripheral/mig_ddr3_u0/u_mig_7series_0_mig/u_ddr3_infrastructure/u_bufg_clkdiv0/I
                  BUFGCTRL_X0Y16       BUFG (Prop_bufg_I_O)         0.083     7.405 r  U0_ps_ai_peripheral/mig_ddr3_u0/u_mig_7series_0_mig/u_ddr3_infrastructure/u_bufg_clkdiv0/O
                                       net (fo=103920, routed)      1.211     8.616    U0_ps_ai_peripheral/frame_to_ps_inst0/frame_read_write_m0/frame_fifo_write_m0/ui_clk
                  SLICE_X71Y196        FDCE                                         r  U0_ps_ai_peripheral/frame_to_ps_inst0/frame_read_write_m0/frame_fifo_write_m0/wr_burst_req_reg/C
                                       clock pessimism              0.253     8.870    
                                       clock uncertainty           -0.052     8.817    
                  SLICE_X71Y196        FDCE (Setup_fdce_C_D)        0.034     8.851    U0_ps_ai_peripheral/frame_to_ps_inst0/frame_read_write_m0/frame_fifo_write_m0/wr_burst_req_reg
  ---------------------------------------------------------------------------------
                                       required time                          8.851    
                                       arrival time                          -8.677    
  ---------------------------------------------------------------------------------
                                       slack                                  0.175    

Slack (MET) :             0.186ns  (required time - arrival time)
  Source:                 U0_ps_ai_peripheral/frame_to_ps_inst0/frame_read_write_m0/wr_wfifo_err_reg/C
                            (rising edge-triggered cell FDCE clocked by clk_pll_i  {rise@0.000ns fall@2.500ns period=5.000ns})
  Destination:            U0_ps_ai_peripheral/frame_to_ps_inst0/frame_read_write_m0/write_buf/U0/inst_fifo_gen/gconvfifo.rf/grf.rf/gntv_or_sync_fifo.mem/gbm.gbmg.gbmga.ngecc.bmg/inst_blk_mem_gen/gnbram.gnativebmg.native_blk_mem_gen/valid.cstr/ramloop[3].ram.r/prim_noinit.ram/DEVICE_7SERIES.NO_BMM_INFO.SDP.SIMPLE_PRIM36.ram/ENARDEN
                            (rising edge-triggered cell RAMB36E1 clocked by clk_pll_i  {rise@0.000ns fall@2.500ns period=5.000ns})
  Path Group:             clk_pll_i
  Path Type:              Setup (Max at Slow Process Corner)
  Requirement:            5.000ns  (clk_pll_i rise@5.000ns - clk_pll_i rise@0.000ns)
  Data Path Delay:        3.095ns  (logic 0.466ns (15.058%)  route 2.629ns (84.942%))
  Logic Levels:           2  (LUT2=1 LUT4=1)
  Clock Path Skew:        -1.339ns (DCD - SCD + CPR)
    Destination Clock Delay (DCD):    5.919ns = ( 10.919 - 5.000 ) 
    Source Clock Delay      (SCD):    7.746ns
    Clock Pessimism Removal (CPR):    0.488ns
  Clock Uncertainty:      0.052ns  ((TSJ^2 + DJ^2)^1/2) / 2 + PE
    Total System Jitter     (TSJ):    0.071ns
    Discrete Jitter          (DJ):    0.077ns
    Phase Error              (PE):    0.000ns

    Pin Reuse     Location             Delay type                Incr(ns)  Path(ns)    Netlist Resource(s)
  ---------------------------------------------------------------------------------    -------------------
                                       (clock clk_pll_i rise edge)
                                                                    0.000     0.000 r  
                  C8                                                0.000     0.000 r  sys_clk_p (IN)
                                       net (fo=0)                   0.000     0.000    U0_ps_ai_peripheral/mig_ddr3_u0/u_mig_7series_0_mig/u_ddr3_clk_ibuf/sys_clk_p
                  C8                                                                r  U0_ps_ai_peripheral/mig_ddr3_u0/u_mig_7series_0_mig/u_ddr3_clk_ibuf/diff_input_clk.u_ibufg_sys_clk/I
                  C8                   IBUFDS (Prop_ibufds_I_O)     0.855     0.855 r  U0_ps_ai_peripheral/mig_ddr3_u0/u_mig_7series_0_mig/u_ddr3_clk_ibuf/diff_input_clk.u_ibufg_sys_clk/O
                                       net (fo=3, routed)           1.098     1.953    U0_ps_ai_peripheral/mig_ddr3_u0/u_mig_7series_0_mig/u_ddr3_infrastructure/out
                  PLLE2_ADV_X1Y2                                                    r  U0_ps_ai_peripheral/mig_ddr3_u0/u_mig_7series_0_mig/u_ddr3_infrastructure/plle2_i/CLKIN1
                  PLLE2_ADV_X1Y2       PLLE2_ADV (Prop_plle2_adv_CLKIN1_CLKOUT3)
                                                                    0.077     2.030 r  U0_ps_ai_peripheral/mig_ddr3_u0/u_mig_7series_0_mig/u_ddr3_infrastructure/plle2_i/CLKOUT3
                                       net (fo=1, routed)           1.145     3.175    U0_ps_ai_peripheral/mig_ddr3_u0/u_mig_7series_0_mig/u_ddr3_infrastructure/pll_clk3_out
                  BUFHCE_X1Y24                                                      r  U0_ps_ai_peripheral/mig_ddr3_u0/u_mig_7series_0_mig/u_ddr3_infrastructure/u_bufh_pll_clk3/I
                  BUFHCE_X1Y24         BUFH (Prop_bufh_I_O)         0.103     3.278 r  U0_ps_ai_peripheral/mig_ddr3_u0/u_mig_7series_0_mig/u_ddr3_infrastructure/u_bufh_pll_clk3/O
                                       net (fo=1, routed)           0.779     4.057    U0_ps_ai_peripheral/mig_ddr3_u0/u_mig_7series_0_mig/u_ddr3_infrastructure/pll_clk3
                  MMCME2_ADV_X1Y2                                                   r  U0_ps_ai_peripheral/mig_ddr3_u0/u_mig_7series_0_mig/u_ddr3_infrastructure/gen_mmcm.mmcm_i/CLKIN1
                  MMCME2_ADV_X1Y2      MMCME2_ADV (Prop_mmcme2_adv_CLKIN1_CLKFBOUT)
                                                                   -2.933     1.124 r  U0_ps_ai_peripheral/mig_ddr3_u0/u_mig_7series_0_mig/u_ddr3_infrastructure/gen_mmcm.mmcm_i/CLKFBOUT
                                       net (fo=1, routed)           1.442     2.566    U0_ps_ai_peripheral/mig_ddr3_u0/u_mig_7series_0_mig/u_ddr3_infrastructure/clk_pll_i
                  BUFGCTRL_X0Y16                                                    r  U0_ps_ai_peripheral/mig_ddr3_u0/u_mig_7series_0_mig/u_ddr3_infrastructure/u_bufg_clkdiv0/I
                  BUFGCTRL_X0Y16       BUFG (Prop_bufg_I_O)         0.093     2.659 r  U0_ps_ai_peripheral/mig_ddr3_u0/u_mig_7series_0_mig/u_ddr3_infrastructure/u_bufg_clkdiv0/O
                                       net (fo=103920, routed)      1.702     4.360    rx_sdi_inst/SDI0/SDI/ui_clk
                  SLICE_X108Y38                                                     r  rx_sdi_inst/SDI0/SDI/cam_clk_inferred_i_1/I1
                  SLICE_X108Y38        LUT3 (Prop_lut3_I1_O)        0.043     4.403 r  rx_sdi_inst/SDI0/SDI/cam_clk_inferred_i_1/O
                                       net (fo=1681, routed)        3.343     7.746    U0_ps_ai_peripheral/frame_to_ps_inst0/frame_read_write_m0/CLK
                  SLICE_X61Y195        FDCE                                         r  U0_ps_ai_peripheral/frame_to_ps_inst0/frame_read_write_m0/wr_wfifo_err_reg/C
  ---------------------------------------------------------------------------------    -------------------
    Placement     SLICE_X61Y195        FDCE (Prop_fdce_C_Q)         0.204     7.950 f  U0_ps_ai_peripheral/frame_to_ps_inst0/frame_read_write_m0/wr_wfifo_err_reg/Q
                                       net (fo=8, routed)           0.651     8.601    U0_ps_ai_peripheral/frame_to_ps_inst0/rgb888_2_yuv422_u0/wr_wfifo_err
    Placement     SLICE_X90Y195                                                     f  U0_ps_ai_peripheral/frame_to_ps_inst0/rgb888_2_yuv422_u0/write_buf_i_17/I3
    Placement     SLICE_X90Y195        LUT4 (Prop_lut4_I3_O)        0.128     8.729 r  U0_ps_ai_peripheral/frame_to_ps_inst0/rgb888_2_yuv422_u0/write_buf_i_17/O
                                       net (fo=7, routed)           0.928     9.657    U0_ps_ai_peripheral/frame_to_ps_inst0/frame_read_write_m0/write_buf/U0/inst_fifo_gen/gconvfifo.rf/grf.rf/gntv_or_sync_fifo.gl0.wr/gwas.wsts/wr_en
    Placement     SLICE_X97Y186                                                     r  U0_ps_ai_peripheral/frame_to_ps_inst0/frame_read_write_m0/write_buf/U0/inst_fifo_gen/gconvfifo.rf/grf.rf/gntv_or_sync_fifo.gl0.wr/gwas.wsts/DEVICE_7SERIES.NO_BMM_INFO.SDP.SIMPLE_PRIM18.ram_i_4/I0
    Placement     SLICE_X97Y186        LUT2 (Prop_lut2_I0_O)        0.134     9.791 r  U0_ps_ai_peripheral/frame_to_ps_inst0/frame_read_write_m0/write_buf/U0/inst_fifo_gen/gconvfifo.rf/grf.rf/gntv_or_sync_fifo.gl0.wr/gwas.wsts/DEVICE_7SERIES.NO_BMM_INFO.SDP.SIMPLE_PRIM18.ram_i_4/O
                                       net (fo=50, routed)          1.050    10.841    U0_ps_ai_peripheral/frame_to_ps_inst0/frame_read_write_m0/write_buf/U0/inst_fifo_gen/gconvfifo.rf/grf.rf/gntv_or_sync_fifo.mem/gbm.gbmg.gbmga.ngecc.bmg/inst_blk_mem_gen/gnbram.gnativebmg.native_blk_mem_gen/valid.cstr/ramloop[3].ram.r/prim_noinit.ram/p_20_out
    Placement     RAMB36_X5Y33         RAMB36E1                                     r  U0_ps_ai_peripheral/frame_to_ps_inst0/frame_read_write_m0/write_buf/U0/inst_fifo_gen/gconvfifo.rf/grf.rf/gntv_or_sync_fifo.mem/gbm.gbmg.gbmga.ngecc.bmg/inst_blk_mem_gen/gnbram.gnativebmg.native_blk_mem_gen/valid.cstr/ramloop[3].ram.r/prim_noinit.ram/DEVICE_7SERIES.NO_BMM_INFO.SDP.SIMPLE_PRIM36.ram/ENARDEN
  ---------------------------------------------------------------------------------    -------------------

                                       (clock clk_pll_i rise edge)
                                                                    5.000     5.000 r  
                  C8                                                0.000     5.000 r  sys_clk_p (IN)
                                       net (fo=0)                   0.000     5.000    U0_ps_ai_peripheral/mig_ddr3_u0/u_mig_7series_0_mig/u_ddr3_clk_ibuf/sys_clk_p
                  C8                                                                r  U0_ps_ai_peripheral/mig_ddr3_u0/u_mig_7series_0_mig/u_ddr3_clk_ibuf/diff_input_clk.u_ibufg_sys_clk/I
                  C8                   IBUFDS (Prop_ibufds_I_O)     0.758     5.758 r  U0_ps_ai_peripheral/mig_ddr3_u0/u_mig_7series_0_mig/u_ddr3_clk_ibuf/diff_input_clk.u_ibufg_sys_clk/O
                                       net (fo=3, routed)           1.001     6.759    U0_ps_ai_peripheral/mig_ddr3_u0/u_mig_7series_0_mig/u_ddr3_infrastructure/out
                  PLLE2_ADV_X1Y2                                                    r  U0_ps_ai_peripheral/mig_ddr3_u0/u_mig_7series_0_mig/u_ddr3_infrastructure/plle2_i/CLKIN1
                  PLLE2_ADV_X1Y2       PLLE2_ADV (Prop_plle2_adv_CLKIN1_CLKOUT3)
                                                                    0.073     6.832 r  U0_ps_ai_peripheral/mig_ddr3_u0/u_mig_7series_0_mig/u_ddr3_infrastructure/plle2_i/CLKOUT3
                                       net (fo=1, routed)           1.033     7.865    U0_ps_ai_peripheral/mig_ddr3_u0/u_mig_7series_0_mig/u_ddr3_infrastructure/pll_clk3_out
                  BUFHCE_X1Y24                                                      r  U0_ps_ai_peripheral/mig_ddr3_u0/u_mig_7series_0_mig/u_ddr3_infrastructure/u_bufh_pll_clk3/I
                  BUFHCE_X1Y24         BUFH (Prop_bufh_I_O)         0.066     7.931 r  U0_ps_ai_peripheral/mig_ddr3_u0/u_mig_7series_0_mig/u_ddr3_infrastructure/u_bufh_pll_clk3/O
                                       net (fo=1, routed)           0.710     8.641    U0_ps_ai_peripheral/mig_ddr3_u0/u_mig_7series_0_mig/u_ddr3_infrastructure/pll_clk3
                  MMCME2_ADV_X1Y2                                                   r  U0_ps_ai_peripheral/mig_ddr3_u0/u_mig_7series_0_mig/u_ddr3_infrastructure/gen_mmcm.mmcm_i/CLKIN1
                  MMCME2_ADV_X1Y2      MMCME2_ADV (Prop_mmcme2_adv_CLKIN1_CLKFBOUT)
                                                                   -2.652     5.989 r  U0_ps_ai_peripheral/mig_ddr3_u0/u_mig_7series_0_mig/u_ddr3_infrastructure/gen_mmcm.mmcm_i/CLKFBOUT
                                       net (fo=1, routed)           1.333     7.322    U0_ps_ai_peripheral/mig_ddr3_u0/u_mig_7series_0_mig/u_ddr3_infrastructure/clk_pll_i
                  BUFGCTRL_X0Y16                                                    r  U0_ps_ai_peripheral/mig_ddr3_u0/u_mig_7series_0_mig/u_ddr3_infrastructure/u_bufg_clkdiv0/I
                  BUFGCTRL_X0Y16       BUFG (Prop_bufg_I_O)         0.083     7.405 r  U0_ps_ai_peripheral/mig_ddr3_u0/u_mig_7series_0_mig/u_ddr3_infrastructure/u_bufg_clkdiv0/O
                                       net (fo=103920, routed)      1.530     8.935    rx_sdi_inst/SDI0/SDI/ui_clk
                  SLICE_X108Y38                                                     r  rx_sdi_inst/SDI0/SDI/cam_clk_inferred_i_1/I1
                  SLICE_X108Y38        LUT3 (Prop_lut3_I1_O)        0.036     8.971 r  rx_sdi_inst/SDI0/SDI/cam_clk_inferred_i_1/O
                                       net (fo=1681, routed)        1.948    10.919    U0_ps_ai_peripheral/frame_to_ps_inst0/frame_read_write_m0/write_buf/U0/inst_fifo_gen/gconvfifo.rf/grf.rf/gntv_or_sync_fifo.mem/gbm.gbmg.gbmga.ngecc.bmg/inst_blk_mem_gen/gnbram.gnativebmg.native_blk_mem_gen/valid.cstr/ramloop[3].ram.r/prim_noinit.ram/wr_clk
                  RAMB36_X5Y33         RAMB36E1                                     r  U0_ps_ai_peripheral/frame_to_ps_inst0/frame_read_write_m0/write_buf/U0/inst_fifo_gen/gconvfifo.rf/grf.rf/gntv_or_sync_fifo.mem/gbm.gbmg.gbmga.ngecc.bmg/inst_blk_mem_gen/gnbram.gnativebmg.native_blk_mem_gen/valid.cstr/ramloop[3].ram.r/prim_noinit.ram/DEVICE_7SERIES.NO_BMM_INFO.SDP.SIMPLE_PRIM36.ram/CLKARDCLK
                                       clock pessimism              0.488    11.407    
                                       clock uncertainty           -0.052    11.355    
                  RAMB36_X5Y33         RAMB36E1 (Setup_ramb36e1_CLKARDCLK_ENARDEN)
                                                                   -0.328    11.027    U0_ps_ai_peripheral/frame_to_ps_inst0/frame_read_write_m0/write_buf/U0/inst_fifo_gen/gconvfifo.rf/grf.rf/gntv_or_sync_fifo.mem/gbm.gbmg.gbmga.ngecc.bmg/inst_blk_mem_gen/gnbram.gnativebmg.native_blk_mem_gen/valid.cstr/ramloop[3].ram.r/prim_noinit.ram/DEVICE_7SERIES.NO_BMM_INFO.SDP.SIMPLE_PRIM36.ram
  ---------------------------------------------------------------------------------
                                       required time                         11.027    
                                       arrival time                         -10.841    
  ---------------------------------------------------------------------------------
                                       slack                                  0.186    

Slack (MET) :             0.191ns  (required time - arrival time)
  Source:                 U0_ps_ai_peripheral/frame_to_ps_inst0/video_rect_read_data_m0/read_en_r_reg/C
                            (rising edge-triggered cell FDCE clocked by clk_pll_i  {rise@0.000ns fall@2.500ns period=5.000ns})
  Destination:            U0_ps_ai_peripheral/frame_to_ps_inst0/frame_read_write_m0/read_buf/U0/inst_fifo_gen/gconvfifo.rf/grf.rf/gntv_or_sync_fifo.mem/gbm.gbmg.gbmga.ngecc.bmg/inst_blk_mem_gen/gnbram.gnativebmg.native_blk_mem_gen/valid.cstr/ramloop[55].ram.r/prim_noinit.ram/DEVICE_7SERIES.NO_BMM_INFO.SDP.SIMPLE_PRIM36.ram/ENBWREN
                            (rising edge-triggered cell RAMB36E1 clocked by clk_pll_i  {rise@0.000ns fall@2.500ns period=5.000ns})
  Path Group:             clk_pll_i
  Path Type:              Setup (Max at Slow Process Corner)
  Requirement:            5.000ns  (clk_pll_i rise@5.000ns - clk_pll_i rise@0.000ns)
  Data Path Delay:        4.495ns  (logic 0.345ns (7.675%)  route 4.150ns (92.325%))
  Logic Levels:           2  (LUT4=1 LUT6=1)
  Clock Path Skew:        0.067ns (DCD - SCD + CPR)
    Destination Clock Delay (DCD):    5.877ns = ( 10.877 - 5.000 ) 
    Source Clock Delay      (SCD):    6.466ns
    Clock Pessimism Removal (CPR):    0.655ns
  Clock Uncertainty:      0.052ns  ((TSJ^2 + DJ^2)^1/2) / 2 + PE
    Total System Jitter     (TSJ):    0.071ns
    Discrete Jitter          (DJ):    0.077ns
    Phase Error              (PE):    0.000ns

    Pin Reuse     Location             Delay type                Incr(ns)  Path(ns)    Netlist Resource(s)
  ---------------------------------------------------------------------------------    -------------------
                                       (clock clk_pll_i rise edge)
                                                                    0.000     0.000 r  
                  C8                                                0.000     0.000 r  sys_clk_p (IN)
                                       net (fo=0)                   0.000     0.000    U0_ps_ai_peripheral/mig_ddr3_u0/u_mig_7series_0_mig/u_ddr3_clk_ibuf/sys_clk_p
                  C8                                                                r  U0_ps_ai_peripheral/mig_ddr3_u0/u_mig_7series_0_mig/u_ddr3_clk_ibuf/diff_input_clk.u_ibufg_sys_clk/I
                  C8                   IBUFDS (Prop_ibufds_I_O)     0.855     0.855 r  U0_ps_ai_peripheral/mig_ddr3_u0/u_mig_7series_0_mig/u_ddr3_clk_ibuf/diff_input_clk.u_ibufg_sys_clk/O
                                       net (fo=3, routed)           1.098     1.953    U0_ps_ai_peripheral/mig_ddr3_u0/u_mig_7series_0_mig/u_ddr3_infrastructure/out
                  PLLE2_ADV_X1Y2                                                    r  U0_ps_ai_peripheral/mig_ddr3_u0/u_mig_7series_0_mig/u_ddr3_infrastructure/plle2_i/CLKIN1
                  PLLE2_ADV_X1Y2       PLLE2_ADV (Prop_plle2_adv_CLKIN1_CLKOUT3)
                                                                    0.077     2.030 r  U0_ps_ai_peripheral/mig_ddr3_u0/u_mig_7series_0_mig/u_ddr3_infrastructure/plle2_i/CLKOUT3
                                       net (fo=1, routed)           1.145     3.175    U0_ps_ai_peripheral/mig_ddr3_u0/u_mig_7series_0_mig/u_ddr3_infrastructure/pll_clk3_out
                  BUFHCE_X1Y24                                                      r  U0_ps_ai_peripheral/mig_ddr3_u0/u_mig_7series_0_mig/u_ddr3_infrastructure/u_bufh_pll_clk3/I
                  BUFHCE_X1Y24         BUFH (Prop_bufh_I_O)         0.103     3.278 r  U0_ps_ai_peripheral/mig_ddr3_u0/u_mig_7series_0_mig/u_ddr3_infrastructure/u_bufh_pll_clk3/O
                                       net (fo=1, routed)           0.779     4.057    U0_ps_ai_peripheral/mig_ddr3_u0/u_mig_7series_0_mig/u_ddr3_infrastructure/pll_clk3
                  MMCME2_ADV_X1Y2                                                   r  U0_ps_ai_peripheral/mig_ddr3_u0/u_mig_7series_0_mig/u_ddr3_infrastructure/gen_mmcm.mmcm_i/CLKIN1
                  MMCME2_ADV_X1Y2      MMCME2_ADV (Prop_mmcme2_adv_CLKIN1_CLKFBOUT)
                                                                   -2.933     1.124 r  U0_ps_ai_peripheral/mig_ddr3_u0/u_mig_7series_0_mig/u_ddr3_infrastructure/gen_mmcm.mmcm_i/CLKFBOUT
                                       net (fo=1, routed)           1.442     2.566    U0_ps_ai_peripheral/mig_ddr3_u0/u_mig_7series_0_mig/u_ddr3_infrastructure/clk_pll_i
                  BUFGCTRL_X0Y16                                                    r  U0_ps_ai_peripheral/mig_ddr3_u0/u_mig_7series_0_mig/u_ddr3_infrastructure/u_bufg_clkdiv0/I
                  BUFGCTRL_X0Y16       BUFG (Prop_bufg_I_O)         0.093     2.659 r  U0_ps_ai_peripheral/mig_ddr3_u0/u_mig_7series_0_mig/u_ddr3_infrastructure/u_bufg_clkdiv0/O
                                       net (fo=103920, routed)      1.702     4.360    rx_sdi_inst/SDI0/SDI/ui_clk
                  SLICE_X108Y38                                                     r  rx_sdi_inst/SDI0/SDI/cam_clk_inferred_i_1/I1
                  SLICE_X108Y38        LUT3 (Prop_lut3_I1_O)        0.043     4.403 r  rx_sdi_inst/SDI0/SDI/cam_clk_inferred_i_1/O
                                       net (fo=1681, routed)        2.063     6.466    U0_ps_ai_peripheral/frame_to_ps_inst0/video_rect_read_data_m0/CLK
                  SLICE_X22Y14         FDCE                                         r  U0_ps_ai_peripheral/frame_to_ps_inst0/video_rect_read_data_m0/read_en_r_reg/C
  ---------------------------------------------------------------------------------    -------------------
    Placement     SLICE_X22Y14         FDCE (Prop_fdce_C_Q)         0.259     6.725 r  U0_ps_ai_peripheral/frame_to_ps_inst0/video_rect_read_data_m0/read_en_r_reg/Q
                                       net (fo=12, routed)          1.664     8.389    U0_ps_ai_peripheral/frame_to_ps_inst0/frame_read_write_m0/read_buf/U0/inst_fifo_gen/gconvfifo.rf/grf.rf/gntv_or_sync_fifo.gl0.rd/rpntr/rd_en
    Placement     SLICE_X93Y31                                                      r  U0_ps_ai_peripheral/frame_to_ps_inst0/frame_read_write_m0/read_buf/U0/inst_fifo_gen/gconvfifo.rf/grf.rf/gntv_or_sync_fifo.gl0.rd/rpntr/DEVICE_7SERIES.NO_BMM_INFO.SDP.SIMPLE_PRIM36.ram_i_4__0/I2
    Placement     SLICE_X93Y31         LUT4 (Prop_lut4_I2_O)        0.043     8.432 r  U0_ps_ai_peripheral/frame_to_ps_inst0/frame_read_write_m0/read_buf/U0/inst_fifo_gen/gconvfifo.rf/grf.rf/gntv_or_sync_fifo.gl0.rd/rpntr/DEVICE_7SERIES.NO_BMM_INFO.SDP.SIMPLE_PRIM36.ram_i_4__0/O
                                       net (fo=15, routed)          1.697    10.129    U0_ps_ai_peripheral/frame_to_ps_inst0/frame_read_write_m0/read_buf/U0/inst_fifo_gen/gconvfifo.rf/grf.rf/gntv_or_sync_fifo.gl0.rd/rpntr/DEVICE_7SERIES.NO_BMM_INFO.SDP.SIMPLE_PRIM36.ram_i_4__0_n_0
    Placement     SLICE_X21Y12                                                      r  U0_ps_ai_peripheral/frame_to_ps_inst0/frame_read_write_m0/read_buf/U0/inst_fifo_gen/gconvfifo.rf/grf.rf/gntv_or_sync_fifo.gl0.rd/rpntr/DEVICE_7SERIES.NO_BMM_INFO.SDP.SIMPLE_PRIM36.ram_i_2__1/I2
    Placement     SLICE_X21Y12         LUT6 (Prop_lut6_I2_O)        0.043    10.172 r  U0_ps_ai_peripheral/frame_to_ps_inst0/frame_read_write_m0/read_buf/U0/inst_fifo_gen/gconvfifo.rf/grf.rf/gntv_or_sync_fifo.gl0.rd/rpntr/DEVICE_7SERIES.NO_BMM_INFO.SDP.SIMPLE_PRIM36.ram_i_2__1/O
                                       net (fo=1, routed)           0.789    10.961    U0_ps_ai_peripheral/frame_to_ps_inst0/frame_read_write_m0/read_buf/U0/inst_fifo_gen/gconvfifo.rf/grf.rf/gntv_or_sync_fifo.mem/gbm.gbmg.gbmga.ngecc.bmg/inst_blk_mem_gen/gnbram.gnativebmg.native_blk_mem_gen/valid.cstr/ramloop[55].ram.r/prim_noinit.ram/ENB_I_61
    Placement     RAMB36_X1Y2          RAMB36E1                                     r  U0_ps_ai_peripheral/frame_to_ps_inst0/frame_read_write_m0/read_buf/U0/inst_fifo_gen/gconvfifo.rf/grf.rf/gntv_or_sync_fifo.mem/gbm.gbmg.gbmga.ngecc.bmg/inst_blk_mem_gen/gnbram.gnativebmg.native_blk_mem_gen/valid.cstr/ramloop[55].ram.r/prim_noinit.ram/DEVICE_7SERIES.NO_BMM_INFO.SDP.SIMPLE_PRIM36.ram/ENBWREN
  ---------------------------------------------------------------------------------    -------------------

                                       (clock clk_pll_i rise edge)
                                                                    5.000     5.000 r  
                  C8                                                0.000     5.000 r  sys_clk_p (IN)
                                       net (fo=0)                   0.000     5.000    U0_ps_ai_peripheral/mig_ddr3_u0/u_mig_7series_0_mig/u_ddr3_clk_ibuf/sys_clk_p
                  C8                                                                r  U0_ps_ai_peripheral/mig_ddr3_u0/u_mig_7series_0_mig/u_ddr3_clk_ibuf/diff_input_clk.u_ibufg_sys_clk/I
                  C8                   IBUFDS (Prop_ibufds_I_O)     0.758     5.758 r  U0_ps_ai_peripheral/mig_ddr3_u0/u_mig_7series_0_mig/u_ddr3_clk_ibuf/diff_input_clk.u_ibufg_sys_clk/O
                                       net (fo=3, routed)           1.001     6.759    U0_ps_ai_peripheral/mig_ddr3_u0/u_mig_7series_0_mig/u_ddr3_infrastructure/out
                  PLLE2_ADV_X1Y2                                                    r  U0_ps_ai_peripheral/mig_ddr3_u0/u_mig_7series_0_mig/u_ddr3_infrastructure/plle2_i/CLKIN1
                  PLLE2_ADV_X1Y2       PLLE2_ADV (Prop_plle2_adv_CLKIN1_CLKOUT3)
                                                                    0.073     6.832 r  U0_ps_ai_peripheral/mig_ddr3_u0/u_mig_7series_0_mig/u_ddr3_infrastructure/plle2_i/CLKOUT3
                                       net (fo=1, routed)           1.033     7.865    U0_ps_ai_peripheral/mig_ddr3_u0/u_mig_7series_0_mig/u_ddr3_infrastructure/pll_clk3_out
                  BUFHCE_X1Y24                                                      r  U0_ps_ai_peripheral/mig_ddr3_u0/u_mig_7series_0_mig/u_ddr3_infrastructure/u_bufh_pll_clk3/I
                  BUFHCE_X1Y24         BUFH (Prop_bufh_I_O)         0.066     7.931 r  U0_ps_ai_peripheral/mig_ddr3_u0/u_mig_7series_0_mig/u_ddr3_infrastructure/u_bufh_pll_clk3/O
                                       net (fo=1, routed)           0.710     8.641    U0_ps_ai_peripheral/mig_ddr3_u0/u_mig_7series_0_mig/u_ddr3_infrastructure/pll_clk3
                  MMCME2_ADV_X1Y2                                                   r  U0_ps_ai_peripheral/mig_ddr3_u0/u_mig_7series_0_mig/u_ddr3_infrastructure/gen_mmcm.mmcm_i/CLKIN1
                  MMCME2_ADV_X1Y2      MMCME2_ADV (Prop_mmcme2_adv_CLKIN1_CLKFBOUT)
                                                                   -2.652     5.989 r  U0_ps_ai_peripheral/mig_ddr3_u0/u_mig_7series_0_mig/u_ddr3_infrastructure/gen_mmcm.mmcm_i/CLKFBOUT
                                       net (fo=1, routed)           1.333     7.322    U0_ps_ai_peripheral/mig_ddr3_u0/u_mig_7series_0_mig/u_ddr3_infrastructure/clk_pll_i
                  BUFGCTRL_X0Y16                                                    r  U0_ps_ai_peripheral/mig_ddr3_u0/u_mig_7series_0_mig/u_ddr3_infrastructure/u_bufg_clkdiv0/I
                  BUFGCTRL_X0Y16       BUFG (Prop_bufg_I_O)         0.083     7.405 r  U0_ps_ai_peripheral/mig_ddr3_u0/u_mig_7series_0_mig/u_ddr3_infrastructure/u_bufg_clkdiv0/O
                                       net (fo=103920, routed)      1.530     8.935    rx_sdi_inst/SDI0/SDI/ui_clk
                  SLICE_X108Y38                                                     r  rx_sdi_inst/SDI0/SDI/cam_clk_inferred_i_1/I1
                  SLICE_X108Y38        LUT3 (Prop_lut3_I1_O)        0.036     8.971 r  rx_sdi_inst/SDI0/SDI/cam_clk_inferred_i_1/O
                                       net (fo=1681, routed)        1.906    10.877    U0_ps_ai_peripheral/frame_to_ps_inst0/frame_read_write_m0/read_buf/U0/inst_fifo_gen/gconvfifo.rf/grf.rf/gntv_or_sync_fifo.mem/gbm.gbmg.gbmga.ngecc.bmg/inst_blk_mem_gen/gnbram.gnativebmg.native_blk_mem_gen/valid.cstr/ramloop[55].ram.r/prim_noinit.ram/rd_clk
                  RAMB36_X1Y2          RAMB36E1                                     r  U0_ps_ai_peripheral/frame_to_ps_inst0/frame_read_write_m0/read_buf/U0/inst_fifo_gen/gconvfifo.rf/grf.rf/gntv_or_sync_fifo.mem/gbm.gbmg.gbmga.ngecc.bmg/inst_blk_mem_gen/gnbram.gnativebmg.native_blk_mem_gen/valid.cstr/ramloop[55].ram.r/prim_noinit.ram/DEVICE_7SERIES.NO_BMM_INFO.SDP.SIMPLE_PRIM36.ram/CLKBWRCLK
                                       clock pessimism              0.655    11.533    
                                       clock uncertainty           -0.052    11.480    
                  RAMB36_X1Y2          RAMB36E1 (Setup_ramb36e1_CLKBWRCLK_ENBWREN)
                                                                   -0.328    11.152    U0_ps_ai_peripheral/frame_to_ps_inst0/frame_read_write_m0/read_buf/U0/inst_fifo_gen/gconvfifo.rf/grf.rf/gntv_or_sync_fifo.mem/gbm.gbmg.gbmga.ngecc.bmg/inst_blk_mem_gen/gnbram.gnativebmg.native_blk_mem_gen/valid.cstr/ramloop[55].ram.r/prim_noinit.ram/DEVICE_7SERIES.NO_BMM_INFO.SDP.SIMPLE_PRIM36.ram
  ---------------------------------------------------------------------------------
                                       required time                         11.152    
                                       arrival time                         -10.961    
  ---------------------------------------------------------------------------------
                                       slack                                  0.191    

Slack (MET) :             0.193ns  (required time - arrival time)
  Source:                 U0_ps_ai_peripheral/a2sync_reset_cam0_clk/reset_2d_reg/C
                            (rising edge-triggered cell FDPE clocked by clk_pll_i  {rise@0.000ns fall@2.500ns period=5.000ns})
  Destination:            U0_ps_ai_peripheral/frame_trans_inst0/cmos_resize_24bit_u0/dvp_data_d2_reg[11]/CLR
                            (recovery check against rising-edge clock clk_pll_i  {rise@0.000ns fall@2.500ns period=5.000ns})
  Path Group:             **async_default**
  Path Type:              Recovery (Max at Slow Process Corner)
  Requirement:            5.000ns  (clk_pll_i rise@5.000ns - clk_pll_i rise@0.000ns)
  Data Path Delay:        4.268ns  (logic 0.223ns (5.225%)  route 4.045ns (94.775%))
  Logic Levels:           0  
  Clock Path Skew:        -0.275ns (DCD - SCD + CPR)
    Destination Clock Delay (DCD):    6.052ns = ( 11.052 - 5.000 ) 
    Source Clock Delay      (SCD):    6.816ns
    Clock Pessimism Removal (CPR):    0.488ns
  Clock Uncertainty:      0.052ns  ((TSJ^2 + DJ^2)^1/2) / 2 + PE
    Total System Jitter     (TSJ):    0.071ns
    Discrete Jitter          (DJ):    0.077ns
    Phase Error              (PE):    0.000ns

    Pin Reuse     Location             Delay type                Incr(ns)  Path(ns)    Netlist Resource(s)
  ---------------------------------------------------------------------------------    -------------------
                                       (clock clk_pll_i rise edge)
                                                                    0.000     0.000 r  
                  C8                                                0.000     0.000 r  sys_clk_p (IN)
                                       net (fo=0)                   0.000     0.000    U0_ps_ai_peripheral/mig_ddr3_u0/u_mig_7series_0_mig/u_ddr3_clk_ibuf/sys_clk_p
                  C8                                                                r  U0_ps_ai_peripheral/mig_ddr3_u0/u_mig_7series_0_mig/u_ddr3_clk_ibuf/diff_input_clk.u_ibufg_sys_clk/I
                  C8                   IBUFDS (Prop_ibufds_I_O)     0.855     0.855 r  U0_ps_ai_peripheral/mig_ddr3_u0/u_mig_7series_0_mig/u_ddr3_clk_ibuf/diff_input_clk.u_ibufg_sys_clk/O
                                       net (fo=3, routed)           1.098     1.953    U0_ps_ai_peripheral/mig_ddr3_u0/u_mig_7series_0_mig/u_ddr3_infrastructure/out
                  PLLE2_ADV_X1Y2                                                    r  U0_ps_ai_peripheral/mig_ddr3_u0/u_mig_7series_0_mig/u_ddr3_infrastructure/plle2_i/CLKIN1
                  PLLE2_ADV_X1Y2       PLLE2_ADV (Prop_plle2_adv_CLKIN1_CLKOUT3)
                                                                    0.077     2.030 r  U0_ps_ai_peripheral/mig_ddr3_u0/u_mig_7series_0_mig/u_ddr3_infrastructure/plle2_i/CLKOUT3
                                       net (fo=1, routed)           1.145     3.175    U0_ps_ai_peripheral/mig_ddr3_u0/u_mig_7series_0_mig/u_ddr3_infrastructure/pll_clk3_out
                  BUFHCE_X1Y24                                                      r  U0_ps_ai_peripheral/mig_ddr3_u0/u_mig_7series_0_mig/u_ddr3_infrastructure/u_bufh_pll_clk3/I
                  BUFHCE_X1Y24         BUFH (Prop_bufh_I_O)         0.103     3.278 r  U0_ps_ai_peripheral/mig_ddr3_u0/u_mig_7series_0_mig/u_ddr3_infrastructure/u_bufh_pll_clk3/O
                                       net (fo=1, routed)           0.779     4.057    U0_ps_ai_peripheral/mig_ddr3_u0/u_mig_7series_0_mig/u_ddr3_infrastructure/pll_clk3
                  MMCME2_ADV_X1Y2                                                   r  U0_ps_ai_peripheral/mig_ddr3_u0/u_mig_7series_0_mig/u_ddr3_infrastructure/gen_mmcm.mmcm_i/CLKIN1
                  MMCME2_ADV_X1Y2      MMCME2_ADV (Prop_mmcme2_adv_CLKIN1_CLKFBOUT)
                                                                   -2.933     1.124 r  U0_ps_ai_peripheral/mig_ddr3_u0/u_mig_7series_0_mig/u_ddr3_infrastructure/gen_mmcm.mmcm_i/CLKFBOUT
                                       net (fo=1, routed)           1.442     2.566    U0_ps_ai_peripheral/mig_ddr3_u0/u_mig_7series_0_mig/u_ddr3_infrastructure/clk_pll_i
                  BUFGCTRL_X0Y16                                                    r  U0_ps_ai_peripheral/mig_ddr3_u0/u_mig_7series_0_mig/u_ddr3_infrastructure/u_bufg_clkdiv0/I
                  BUFGCTRL_X0Y16       BUFG (Prop_bufg_I_O)         0.093     2.659 r  U0_ps_ai_peripheral/mig_ddr3_u0/u_mig_7series_0_mig/u_ddr3_infrastructure/u_bufg_clkdiv0/O
                                       net (fo=103920, routed)      1.702     4.360    rx_sdi_inst/SDI0/SDI/ui_clk
                  SLICE_X108Y38                                                     r  rx_sdi_inst/SDI0/SDI/cam_clk_inferred_i_1/I1
                  SLICE_X108Y38        LUT3 (Prop_lut3_I1_O)        0.043     4.403 r  rx_sdi_inst/SDI0/SDI/cam_clk_inferred_i_1/O
                                       net (fo=1681, routed)        2.412     6.816    U0_ps_ai_peripheral/a2sync_reset_cam0_clk/CLK
                  SLICE_X15Y95         FDPE                                         r  U0_ps_ai_peripheral/a2sync_reset_cam0_clk/reset_2d_reg/C
  ---------------------------------------------------------------------------------    -------------------
    Placement     SLICE_X15Y95         FDPE (Prop_fdpe_C_Q)         0.223     7.039 f  U0_ps_ai_peripheral/a2sync_reset_cam0_clk/reset_2d_reg/Q
                                       net (fo=758, routed)         4.045    11.084    U0_ps_ai_peripheral/frame_trans_inst0/cmos_resize_24bit_u0/reset_cmos1_pclk
    Placement     SLICE_X103Y190       FDCE                                         f  U0_ps_ai_peripheral/frame_trans_inst0/cmos_resize_24bit_u0/dvp_data_d2_reg[11]/CLR
  ---------------------------------------------------------------------------------    -------------------

                                       (clock clk_pll_i rise edge)
                                                                    5.000     5.000 r  
                  C8                                                0.000     5.000 r  sys_clk_p (IN)
                                       net (fo=0)                   0.000     5.000    U0_ps_ai_peripheral/mig_ddr3_u0/u_mig_7series_0_mig/u_ddr3_clk_ibuf/sys_clk_p
                  C8                                                                r  U0_ps_ai_peripheral/mig_ddr3_u0/u_mig_7series_0_mig/u_ddr3_clk_ibuf/diff_input_clk.u_ibufg_sys_clk/I
                  C8                   IBUFDS (Prop_ibufds_I_O)     0.758     5.758 r  U0_ps_ai_peripheral/mig_ddr3_u0/u_mig_7series_0_mig/u_ddr3_clk_ibuf/diff_input_clk.u_ibufg_sys_clk/O
                                       net (fo=3, routed)           1.001     6.759    U0_ps_ai_peripheral/mig_ddr3_u0/u_mig_7series_0_mig/u_ddr3_infrastructure/out
                  PLLE2_ADV_X1Y2                                                    r  U0_ps_ai_peripheral/mig_ddr3_u0/u_mig_7series_0_mig/u_ddr3_infrastructure/plle2_i/CLKIN1
                  PLLE2_ADV_X1Y2       PLLE2_ADV (Prop_plle2_adv_CLKIN1_CLKOUT3)
                                                                    0.073     6.832 r  U0_ps_ai_peripheral/mig_ddr3_u0/u_mig_7series_0_mig/u_ddr3_infrastructure/plle2_i/CLKOUT3
                                       net (fo=1, routed)           1.033     7.865    U0_ps_ai_peripheral/mig_ddr3_u0/u_mig_7series_0_mig/u_ddr3_infrastructure/pll_clk3_out
                  BUFHCE_X1Y24                                                      r  U0_ps_ai_peripheral/mig_ddr3_u0/u_mig_7series_0_mig/u_ddr3_infrastructure/u_bufh_pll_clk3/I
                  BUFHCE_X1Y24         BUFH (Prop_bufh_I_O)         0.066     7.931 r  U0_ps_ai_peripheral/mig_ddr3_u0/u_mig_7series_0_mig/u_ddr3_infrastructure/u_bufh_pll_clk3/O
                                       net (fo=1, routed)           0.710     8.641    U0_ps_ai_peripheral/mig_ddr3_u0/u_mig_7series_0_mig/u_ddr3_infrastructure/pll_clk3
                  MMCME2_ADV_X1Y2                                                   r  U0_ps_ai_peripheral/mig_ddr3_u0/u_mig_7series_0_mig/u_ddr3_infrastructure/gen_mmcm.mmcm_i/CLKIN1
                  MMCME2_ADV_X1Y2      MMCME2_ADV (Prop_mmcme2_adv_CLKIN1_CLKFBOUT)
                                                                   -2.652     5.989 r  U0_ps_ai_peripheral/mig_ddr3_u0/u_mig_7series_0_mig/u_ddr3_infrastructure/gen_mmcm.mmcm_i/CLKFBOUT
                                       net (fo=1, routed)           1.333     7.322    U0_ps_ai_peripheral/mig_ddr3_u0/u_mig_7series_0_mig/u_ddr3_infrastructure/clk_pll_i
                  BUFGCTRL_X0Y16                                                    r  U0_ps_ai_peripheral/mig_ddr3_u0/u_mig_7series_0_mig/u_ddr3_infrastructure/u_bufg_clkdiv0/I
                  BUFGCTRL_X0Y16       BUFG (Prop_bufg_I_O)         0.083     7.405 r  U0_ps_ai_peripheral/mig_ddr3_u0/u_mig_7series_0_mig/u_ddr3_infrastructure/u_bufg_clkdiv0/O
                                       net (fo=103920, routed)      1.530     8.935    rx_sdi_inst/SDI0/SDI/ui_clk
                  SLICE_X108Y38                                                     r  rx_sdi_inst/SDI0/SDI/cam_clk_inferred_i_1/I1
                  SLICE_X108Y38        LUT3 (Prop_lut3_I1_O)        0.036     8.971 r  rx_sdi_inst/SDI0/SDI/cam_clk_inferred_i_1/O
                                       net (fo=1681, routed)        2.081    11.052    U0_ps_ai_peripheral/frame_trans_inst0/cmos_resize_24bit_u0/cmos1_pclk
                  SLICE_X103Y190       FDCE                                         r  U0_ps_ai_peripheral/frame_trans_inst0/cmos_resize_24bit_u0/dvp_data_d2_reg[11]/C
                                       clock pessimism              0.488    11.541    
                                       clock uncertainty           -0.052    11.488    
                  SLICE_X103Y190       FDCE (Recov_fdce_C_CLR)     -0.212    11.276    U0_ps_ai_peripheral/frame_trans_inst0/cmos_resize_24bit_u0/dvp_data_d2_reg[11]
  ---------------------------------------------------------------------------------
                                       required time                         11.276    
                                       arrival time                         -11.084    
  ---------------------------------------------------------------------------------
                                       slack                                  0.193    

Slack (MET) :             0.193ns  (required time - arrival time)
  Source:                 U0_ps_ai_peripheral/a2sync_reset_cam0_clk/reset_2d_reg/C
                            (rising edge-triggered cell FDPE clocked by clk_pll_i  {rise@0.000ns fall@2.500ns period=5.000ns})
  Destination:            U0_ps_ai_peripheral/frame_trans_inst0/cmos_resize_24bit_u0/dvp_data_d2_reg[14]/CLR
                            (recovery check against rising-edge clock clk_pll_i  {rise@0.000ns fall@2.500ns period=5.000ns})
  Path Group:             **async_default**
  Path Type:              Recovery (Max at Slow Process Corner)
  Requirement:            5.000ns  (clk_pll_i rise@5.000ns - clk_pll_i rise@0.000ns)
  Data Path Delay:        4.268ns  (logic 0.223ns (5.225%)  route 4.045ns (94.775%))
  Logic Levels:           0  
  Clock Path Skew:        -0.275ns (DCD - SCD + CPR)
    Destination Clock Delay (DCD):    6.052ns = ( 11.052 - 5.000 ) 
    Source Clock Delay      (SCD):    6.816ns
    Clock Pessimism Removal (CPR):    0.488ns
  Clock Uncertainty:      0.052ns  ((TSJ^2 + DJ^2)^1/2) / 2 + PE
    Total System Jitter     (TSJ):    0.071ns
    Discrete Jitter          (DJ):    0.077ns
    Phase Error              (PE):    0.000ns

    Pin Reuse     Location             Delay type                Incr(ns)  Path(ns)    Netlist Resource(s)
  ---------------------------------------------------------------------------------    -------------------
                                       (clock clk_pll_i rise edge)
                                                                    0.000     0.000 r  
                  C8                                                0.000     0.000 r  sys_clk_p (IN)
                                       net (fo=0)                   0.000     0.000    U0_ps_ai_peripheral/mig_ddr3_u0/u_mig_7series_0_mig/u_ddr3_clk_ibuf/sys_clk_p
                  C8                                                                r  U0_ps_ai_peripheral/mig_ddr3_u0/u_mig_7series_0_mig/u_ddr3_clk_ibuf/diff_input_clk.u_ibufg_sys_clk/I
                  C8                   IBUFDS (Prop_ibufds_I_O)     0.855     0.855 r  U0_ps_ai_peripheral/mig_ddr3_u0/u_mig_7series_0_mig/u_ddr3_clk_ibuf/diff_input_clk.u_ibufg_sys_clk/O
                                       net (fo=3, routed)           1.098     1.953    U0_ps_ai_peripheral/mig_ddr3_u0/u_mig_7series_0_mig/u_ddr3_infrastructure/out
                  PLLE2_ADV_X1Y2                                                    r  U0_ps_ai_peripheral/mig_ddr3_u0/u_mig_7series_0_mig/u_ddr3_infrastructure/plle2_i/CLKIN1
                  PLLE2_ADV_X1Y2       PLLE2_ADV (Prop_plle2_adv_CLKIN1_CLKOUT3)
                                                                    0.077     2.030 r  U0_ps_ai_peripheral/mig_ddr3_u0/u_mig_7series_0_mig/u_ddr3_infrastructure/plle2_i/CLKOUT3
                                       net (fo=1, routed)           1.145     3.175    U0_ps_ai_peripheral/mig_ddr3_u0/u_mig_7series_0_mig/u_ddr3_infrastructure/pll_clk3_out
                  BUFHCE_X1Y24                                                      r  U0_ps_ai_peripheral/mig_ddr3_u0/u_mig_7series_0_mig/u_ddr3_infrastructure/u_bufh_pll_clk3/I
                  BUFHCE_X1Y24         BUFH (Prop_bufh_I_O)         0.103     3.278 r  U0_ps_ai_peripheral/mig_ddr3_u0/u_mig_7series_0_mig/u_ddr3_infrastructure/u_bufh_pll_clk3/O
                                       net (fo=1, routed)           0.779     4.057    U0_ps_ai_peripheral/mig_ddr3_u0/u_mig_7series_0_mig/u_ddr3_infrastructure/pll_clk3
                  MMCME2_ADV_X1Y2                                                   r  U0_ps_ai_peripheral/mig_ddr3_u0/u_mig_7series_0_mig/u_ddr3_infrastructure/gen_mmcm.mmcm_i/CLKIN1
                  MMCME2_ADV_X1Y2      MMCME2_ADV (Prop_mmcme2_adv_CLKIN1_CLKFBOUT)
                                                                   -2.933     1.124 r  U0_ps_ai_peripheral/mig_ddr3_u0/u_mig_7series_0_mig/u_ddr3_infrastructure/gen_mmcm.mmcm_i/CLKFBOUT
                                       net (fo=1, routed)           1.442     2.566    U0_ps_ai_peripheral/mig_ddr3_u0/u_mig_7series_0_mig/u_ddr3_infrastructure/clk_pll_i
                  BUFGCTRL_X0Y16                                                    r  U0_ps_ai_peripheral/mig_ddr3_u0/u_mig_7series_0_mig/u_ddr3_infrastructure/u_bufg_clkdiv0/I
                  BUFGCTRL_X0Y16       BUFG (Prop_bufg_I_O)         0.093     2.659 r  U0_ps_ai_peripheral/mig_ddr3_u0/u_mig_7series_0_mig/u_ddr3_infrastructure/u_bufg_clkdiv0/O
                                       net (fo=103920, routed)      1.702     4.360    rx_sdi_inst/SDI0/SDI/ui_clk
                  SLICE_X108Y38                                                     r  rx_sdi_inst/SDI0/SDI/cam_clk_inferred_i_1/I1
                  SLICE_X108Y38        LUT3 (Prop_lut3_I1_O)        0.043     4.403 r  rx_sdi_inst/SDI0/SDI/cam_clk_inferred_i_1/O
                                       net (fo=1681, routed)        2.412     6.816    U0_ps_ai_peripheral/a2sync_reset_cam0_clk/CLK
                  SLICE_X15Y95         FDPE                                         r  U0_ps_ai_peripheral/a2sync_reset_cam0_clk/reset_2d_reg/C
  ---------------------------------------------------------------------------------    -------------------
    Placement     SLICE_X15Y95         FDPE (Prop_fdpe_C_Q)         0.223     7.039 f  U0_ps_ai_peripheral/a2sync_reset_cam0_clk/reset_2d_reg/Q
                                       net (fo=758, routed)         4.045    11.084    U0_ps_ai_peripheral/frame_trans_inst0/cmos_resize_24bit_u0/reset_cmos1_pclk
    Placement     SLICE_X103Y190       FDCE                                         f  U0_ps_ai_peripheral/frame_trans_inst0/cmos_resize_24bit_u0/dvp_data_d2_reg[14]/CLR
  ---------------------------------------------------------------------------------    -------------------

                                       (clock clk_pll_i rise edge)
                                                                    5.000     5.000 r  
                  C8                                                0.000     5.000 r  sys_clk_p (IN)
                                       net (fo=0)                   0.000     5.000    U0_ps_ai_peripheral/mig_ddr3_u0/u_mig_7series_0_mig/u_ddr3_clk_ibuf/sys_clk_p
                  C8                                                                r  U0_ps_ai_peripheral/mig_ddr3_u0/u_mig_7series_0_mig/u_ddr3_clk_ibuf/diff_input_clk.u_ibufg_sys_clk/I
                  C8                   IBUFDS (Prop_ibufds_I_O)     0.758     5.758 r  U0_ps_ai_peripheral/mig_ddr3_u0/u_mig_7series_0_mig/u_ddr3_clk_ibuf/diff_input_clk.u_ibufg_sys_clk/O
                                       net (fo=3, routed)           1.001     6.759    U0_ps_ai_peripheral/mig_ddr3_u0/u_mig_7series_0_mig/u_ddr3_infrastructure/out
                  PLLE2_ADV_X1Y2                                                    r  U0_ps_ai_peripheral/mig_ddr3_u0/u_mig_7series_0_mig/u_ddr3_infrastructure/plle2_i/CLKIN1
                  PLLE2_ADV_X1Y2       PLLE2_ADV (Prop_plle2_adv_CLKIN1_CLKOUT3)
                                                                    0.073     6.832 r  U0_ps_ai_peripheral/mig_ddr3_u0/u_mig_7series_0_mig/u_ddr3_infrastructure/plle2_i/CLKOUT3
                                       net (fo=1, routed)           1.033     7.865    U0_ps_ai_peripheral/mig_ddr3_u0/u_mig_7series_0_mig/u_ddr3_infrastructure/pll_clk3_out
                  BUFHCE_X1Y24                                                      r  U0_ps_ai_peripheral/mig_ddr3_u0/u_mig_7series_0_mig/u_ddr3_infrastructure/u_bufh_pll_clk3/I
                  BUFHCE_X1Y24         BUFH (Prop_bufh_I_O)         0.066     7.931 r  U0_ps_ai_peripheral/mig_ddr3_u0/u_mig_7series_0_mig/u_ddr3_infrastructure/u_bufh_pll_clk3/O
                                       net (fo=1, routed)           0.710     8.641    U0_ps_ai_peripheral/mig_ddr3_u0/u_mig_7series_0_mig/u_ddr3_infrastructure/pll_clk3
                  MMCME2_ADV_X1Y2                                                   r  U0_ps_ai_peripheral/mig_ddr3_u0/u_mig_7series_0_mig/u_ddr3_infrastructure/gen_mmcm.mmcm_i/CLKIN1
                  MMCME2_ADV_X1Y2      MMCME2_ADV (Prop_mmcme2_adv_CLKIN1_CLKFBOUT)
                                                                   -2.652     5.989 r  U0_ps_ai_peripheral/mig_ddr3_u0/u_mig_7series_0_mig/u_ddr3_infrastructure/gen_mmcm.mmcm_i/CLKFBOUT
                                       net (fo=1, routed)           1.333     7.322    U0_ps_ai_peripheral/mig_ddr3_u0/u_mig_7series_0_mig/u_ddr3_infrastructure/clk_pll_i
                  BUFGCTRL_X0Y16                                                    r  U0_ps_ai_peripheral/mig_ddr3_u0/u_mig_7series_0_mig/u_ddr3_infrastructure/u_bufg_clkdiv0/I
                  BUFGCTRL_X0Y16       BUFG (Prop_bufg_I_O)         0.083     7.405 r  U0_ps_ai_peripheral/mig_ddr3_u0/u_mig_7series_0_mig/u_ddr3_infrastructure/u_bufg_clkdiv0/O
                                       net (fo=103920, routed)      1.530     8.935    rx_sdi_inst/SDI0/SDI/ui_clk
                  SLICE_X108Y38                                                     r  rx_sdi_inst/SDI0/SDI/cam_clk_inferred_i_1/I1
                  SLICE_X108Y38        LUT3 (Prop_lut3_I1_O)        0.036     8.971 r  rx_sdi_inst/SDI0/SDI/cam_clk_inferred_i_1/O
                                       net (fo=1681, routed)        2.081    11.052    U0_ps_ai_peripheral/frame_trans_inst0/cmos_resize_24bit_u0/cmos1_pclk
                  SLICE_X103Y190       FDCE                                         r  U0_ps_ai_peripheral/frame_trans_inst0/cmos_resize_24bit_u0/dvp_data_d2_reg[14]/C
                                       clock pessimism              0.488    11.541    
                                       clock uncertainty           -0.052    11.488    
                  SLICE_X103Y190       FDCE (Recov_fdce_C_CLR)     -0.212    11.276    U0_ps_ai_peripheral/frame_trans_inst0/cmos_resize_24bit_u0/dvp_data_d2_reg[14]
  ---------------------------------------------------------------------------------
                                       required time                         11.276    
                                       arrival time                         -11.084    
  ---------------------------------------------------------------------------------
                                       slack                                  0.193    

Slack (MET) :             0.193ns  (required time - arrival time)
  Source:                 U0_ps_ai_peripheral/a2sync_reset_cam0_clk/reset_2d_reg/C
                            (rising edge-triggered cell FDPE clocked by clk_pll_i  {rise@0.000ns fall@2.500ns period=5.000ns})
  Destination:            U0_ps_ai_peripheral/frame_trans_inst0/cmos_resize_24bit_u0/dvp_data_d2_reg[16]/CLR
                            (recovery check against rising-edge clock clk_pll_i  {rise@0.000ns fall@2.500ns period=5.000ns})
  Path Group:             **async_default**
  Path Type:              Recovery (Max at Slow Process Corner)
  Requirement:            5.000ns  (clk_pll_i rise@5.000ns - clk_pll_i rise@0.000ns)
  Data Path Delay:        4.268ns  (logic 0.223ns (5.225%)  route 4.045ns (94.775%))
  Logic Levels:           0  
  Clock Path Skew:        -0.275ns (DCD - SCD + CPR)
    Destination Clock Delay (DCD):    6.052ns = ( 11.052 - 5.000 ) 
    Source Clock Delay      (SCD):    6.816ns
    Clock Pessimism Removal (CPR):    0.488ns
  Clock Uncertainty:      0.052ns  ((TSJ^2 + DJ^2)^1/2) / 2 + PE
    Total System Jitter     (TSJ):    0.071ns
    Discrete Jitter          (DJ):    0.077ns
    Phase Error              (PE):    0.000ns

    Pin Reuse     Location             Delay type                Incr(ns)  Path(ns)    Netlist Resource(s)
  ---------------------------------------------------------------------------------    -------------------
                                       (clock clk_pll_i rise edge)
                                                                    0.000     0.000 r  
                  C8                                                0.000     0.000 r  sys_clk_p (IN)
                                       net (fo=0)                   0.000     0.000    U0_ps_ai_peripheral/mig_ddr3_u0/u_mig_7series_0_mig/u_ddr3_clk_ibuf/sys_clk_p
                  C8                                                                r  U0_ps_ai_peripheral/mig_ddr3_u0/u_mig_7series_0_mig/u_ddr3_clk_ibuf/diff_input_clk.u_ibufg_sys_clk/I
                  C8                   IBUFDS (Prop_ibufds_I_O)     0.855     0.855 r  U0_ps_ai_peripheral/mig_ddr3_u0/u_mig_7series_0_mig/u_ddr3_clk_ibuf/diff_input_clk.u_ibufg_sys_clk/O
                                       net (fo=3, routed)           1.098     1.953    U0_ps_ai_peripheral/mig_ddr3_u0/u_mig_7series_0_mig/u_ddr3_infrastructure/out
                  PLLE2_ADV_X1Y2                                                    r  U0_ps_ai_peripheral/mig_ddr3_u0/u_mig_7series_0_mig/u_ddr3_infrastructure/plle2_i/CLKIN1
                  PLLE2_ADV_X1Y2       PLLE2_ADV (Prop_plle2_adv_CLKIN1_CLKOUT3)
                                                                    0.077     2.030 r  U0_ps_ai_peripheral/mig_ddr3_u0/u_mig_7series_0_mig/u_ddr3_infrastructure/plle2_i/CLKOUT3
                                       net (fo=1, routed)           1.145     3.175    U0_ps_ai_peripheral/mig_ddr3_u0/u_mig_7series_0_mig/u_ddr3_infrastructure/pll_clk3_out
                  BUFHCE_X1Y24                                                      r  U0_ps_ai_peripheral/mig_ddr3_u0/u_mig_7series_0_mig/u_ddr3_infrastructure/u_bufh_pll_clk3/I
                  BUFHCE_X1Y24         BUFH (Prop_bufh_I_O)         0.103     3.278 r  U0_ps_ai_peripheral/mig_ddr3_u0/u_mig_7series_0_mig/u_ddr3_infrastructure/u_bufh_pll_clk3/O
                                       net (fo=1, routed)           0.779     4.057    U0_ps_ai_peripheral/mig_ddr3_u0/u_mig_7series_0_mig/u_ddr3_infrastructure/pll_clk3
                  MMCME2_ADV_X1Y2                                                   r  U0_ps_ai_peripheral/mig_ddr3_u0/u_mig_7series_0_mig/u_ddr3_infrastructure/gen_mmcm.mmcm_i/CLKIN1
                  MMCME2_ADV_X1Y2      MMCME2_ADV (Prop_mmcme2_adv_CLKIN1_CLKFBOUT)
                                                                   -2.933     1.124 r  U0_ps_ai_peripheral/mig_ddr3_u0/u_mig_7series_0_mig/u_ddr3_infrastructure/gen_mmcm.mmcm_i/CLKFBOUT
                                       net (fo=1, routed)           1.442     2.566    U0_ps_ai_peripheral/mig_ddr3_u0/u_mig_7series_0_mig/u_ddr3_infrastructure/clk_pll_i
                  BUFGCTRL_X0Y16                                                    r  U0_ps_ai_peripheral/mig_ddr3_u0/u_mig_7series_0_mig/u_ddr3_infrastructure/u_bufg_clkdiv0/I
                  BUFGCTRL_X0Y16       BUFG (Prop_bufg_I_O)         0.093     2.659 r  U0_ps_ai_peripheral/mig_ddr3_u0/u_mig_7series_0_mig/u_ddr3_infrastructure/u_bufg_clkdiv0/O
                                       net (fo=103920, routed)      1.702     4.360    rx_sdi_inst/SDI0/SDI/ui_clk
                  SLICE_X108Y38                                                     r  rx_sdi_inst/SDI0/SDI/cam_clk_inferred_i_1/I1
                  SLICE_X108Y38        LUT3 (Prop_lut3_I1_O)        0.043     4.403 r  rx_sdi_inst/SDI0/SDI/cam_clk_inferred_i_1/O
                                       net (fo=1681, routed)        2.412     6.816    U0_ps_ai_peripheral/a2sync_reset_cam0_clk/CLK
                  SLICE_X15Y95         FDPE                                         r  U0_ps_ai_peripheral/a2sync_reset_cam0_clk/reset_2d_reg/C
  ---------------------------------------------------------------------------------    -------------------
    Placement     SLICE_X15Y95         FDPE (Prop_fdpe_C_Q)         0.223     7.039 f  U0_ps_ai_peripheral/a2sync_reset_cam0_clk/reset_2d_reg/Q
                                       net (fo=758, routed)         4.045    11.084    U0_ps_ai_peripheral/frame_trans_inst0/cmos_resize_24bit_u0/reset_cmos1_pclk
    Placement     SLICE_X103Y190       FDCE                                         f  U0_ps_ai_peripheral/frame_trans_inst0/cmos_resize_24bit_u0/dvp_data_d2_reg[16]/CLR
  ---------------------------------------------------------------------------------    -------------------

                                       (clock clk_pll_i rise edge)
                                                                    5.000     5.000 r  
                  C8                                                0.000     5.000 r  sys_clk_p (IN)
                                       net (fo=0)                   0.000     5.000    U0_ps_ai_peripheral/mig_ddr3_u0/u_mig_7series_0_mig/u_ddr3_clk_ibuf/sys_clk_p
                  C8                                                                r  U0_ps_ai_peripheral/mig_ddr3_u0/u_mig_7series_0_mig/u_ddr3_clk_ibuf/diff_input_clk.u_ibufg_sys_clk/I
                  C8                   IBUFDS (Prop_ibufds_I_O)     0.758     5.758 r  U0_ps_ai_peripheral/mig_ddr3_u0/u_mig_7series_0_mig/u_ddr3_clk_ibuf/diff_input_clk.u_ibufg_sys_clk/O
                                       net (fo=3, routed)           1.001     6.759    U0_ps_ai_peripheral/mig_ddr3_u0/u_mig_7series_0_mig/u_ddr3_infrastructure/out
                  PLLE2_ADV_X1Y2                                                    r  U0_ps_ai_peripheral/mig_ddr3_u0/u_mig_7series_0_mig/u_ddr3_infrastructure/plle2_i/CLKIN1
                  PLLE2_ADV_X1Y2       PLLE2_ADV (Prop_plle2_adv_CLKIN1_CLKOUT3)
                                                                    0.073     6.832 r  U0_ps_ai_peripheral/mig_ddr3_u0/u_mig_7series_0_mig/u_ddr3_infrastructure/plle2_i/CLKOUT3
                                       net (fo=1, routed)           1.033     7.865    U0_ps_ai_peripheral/mig_ddr3_u0/u_mig_7series_0_mig/u_ddr3_infrastructure/pll_clk3_out
                  BUFHCE_X1Y24                                                      r  U0_ps_ai_peripheral/mig_ddr3_u0/u_mig_7series_0_mig/u_ddr3_infrastructure/u_bufh_pll_clk3/I
                  BUFHCE_X1Y24         BUFH (Prop_bufh_I_O)         0.066     7.931 r  U0_ps_ai_peripheral/mig_ddr3_u0/u_mig_7series_0_mig/u_ddr3_infrastructure/u_bufh_pll_clk3/O
                                       net (fo=1, routed)           0.710     8.641    U0_ps_ai_peripheral/mig_ddr3_u0/u_mig_7series_0_mig/u_ddr3_infrastructure/pll_clk3
                  MMCME2_ADV_X1Y2                                                   r  U0_ps_ai_peripheral/mig_ddr3_u0/u_mig_7series_0_mig/u_ddr3_infrastructure/gen_mmcm.mmcm_i/CLKIN1
                  MMCME2_ADV_X1Y2      MMCME2_ADV (Prop_mmcme2_adv_CLKIN1_CLKFBOUT)
                                                                   -2.652     5.989 r  U0_ps_ai_peripheral/mig_ddr3_u0/u_mig_7series_0_mig/u_ddr3_infrastructure/gen_mmcm.mmcm_i/CLKFBOUT
                                       net (fo=1, routed)           1.333     7.322    U0_ps_ai_peripheral/mig_ddr3_u0/u_mig_7series_0_mig/u_ddr3_infrastructure/clk_pll_i
                  BUFGCTRL_X0Y16                                                    r  U0_ps_ai_peripheral/mig_ddr3_u0/u_mig_7series_0_mig/u_ddr3_infrastructure/u_bufg_clkdiv0/I
                  BUFGCTRL_X0Y16       BUFG (Prop_bufg_I_O)         0.083     7.405 r  U0_ps_ai_peripheral/mig_ddr3_u0/u_mig_7series_0_mig/u_ddr3_infrastructure/u_bufg_clkdiv0/O
                                       net (fo=103920, routed)      1.530     8.935    rx_sdi_inst/SDI0/SDI/ui_clk
                  SLICE_X108Y38                                                     r  rx_sdi_inst/SDI0/SDI/cam_clk_inferred_i_1/I1
                  SLICE_X108Y38        LUT3 (Prop_lut3_I1_O)        0.036     8.971 r  rx_sdi_inst/SDI0/SDI/cam_clk_inferred_i_1/O
                                       net (fo=1681, routed)        2.081    11.052    U0_ps_ai_peripheral/frame_trans_inst0/cmos_resize_24bit_u0/cmos1_pclk
                  SLICE_X103Y190       FDCE                                         r  U0_ps_ai_peripheral/frame_trans_inst0/cmos_resize_24bit_u0/dvp_data_d2_reg[16]/C
                                       clock pessimism              0.488    11.541    
                                       clock uncertainty           -0.052    11.488    
                  SLICE_X103Y190       FDCE (Recov_fdce_C_CLR)     -0.212    11.276    U0_ps_ai_peripheral/frame_trans_inst0/cmos_resize_24bit_u0/dvp_data_d2_reg[16]
  ---------------------------------------------------------------------------------
                                       required time                         11.276    
                                       arrival time                         -11.084    
  ---------------------------------------------------------------------------------
                                       slack                                  0.193    

Slack (MET) :             0.200ns  (required time - arrival time)
  Source:                 U0_ps_ai_peripheral/frame_to_ps_inst0/frame_read_write_m0/wr_wfifo_err_reg/C
                            (rising edge-triggered cell FDCE clocked by clk_pll_i  {rise@0.000ns fall@2.500ns period=5.000ns})
  Destination:            U0_ps_ai_peripheral/frame_to_ps_inst0/frame_read_write_m0/write_buf/U0/inst_fifo_gen/gconvfifo.rf/grf.rf/gntv_or_sync_fifo.mem/gbm.gbmg.gbmga.ngecc.bmg/inst_blk_mem_gen/gnbram.gnativebmg.native_blk_mem_gen/valid.cstr/ramloop[7].ram.r/prim_noinit.ram/DEVICE_7SERIES.NO_BMM_INFO.SDP.SIMPLE_PRIM36.ram/WEA[0]
                            (rising edge-triggered cell RAMB36E1 clocked by clk_pll_i  {rise@0.000ns fall@2.500ns period=5.000ns})
  Path Group:             clk_pll_i
  Path Type:              Setup (Max at Slow Process Corner)
  Requirement:            5.000ns  (clk_pll_i rise@5.000ns - clk_pll_i rise@0.000ns)
  Data Path Delay:        3.080ns  (logic 0.466ns (15.130%)  route 2.614ns (84.870%))
  Logic Levels:           2  (LUT2=1 LUT4=1)
  Clock Path Skew:        -1.263ns (DCD - SCD + CPR)
    Destination Clock Delay (DCD):    5.994ns = ( 10.994 - 5.000 ) 
    Source Clock Delay      (SCD):    7.746ns
    Clock Pessimism Removal (CPR):    0.488ns
  Clock Uncertainty:      0.052ns  ((TSJ^2 + DJ^2)^1/2) / 2 + PE
    Total System Jitter     (TSJ):    0.071ns
    Discrete Jitter          (DJ):    0.077ns
    Phase Error              (PE):    0.000ns

    Pin Reuse     Location             Delay type                Incr(ns)  Path(ns)    Netlist Resource(s)
  ---------------------------------------------------------------------------------    -------------------
                                       (clock clk_pll_i rise edge)
                                                                    0.000     0.000 r  
                  C8                                                0.000     0.000 r  sys_clk_p (IN)
                                       net (fo=0)                   0.000     0.000    U0_ps_ai_peripheral/mig_ddr3_u0/u_mig_7series_0_mig/u_ddr3_clk_ibuf/sys_clk_p
                  C8                                                                r  U0_ps_ai_peripheral/mig_ddr3_u0/u_mig_7series_0_mig/u_ddr3_clk_ibuf/diff_input_clk.u_ibufg_sys_clk/I
                  C8                   IBUFDS (Prop_ibufds_I_O)     0.855     0.855 r  U0_ps_ai_peripheral/mig_ddr3_u0/u_mig_7series_0_mig/u_ddr3_clk_ibuf/diff_input_clk.u_ibufg_sys_clk/O
                                       net (fo=3, routed)           1.098     1.953    U0_ps_ai_peripheral/mig_ddr3_u0/u_mig_7series_0_mig/u_ddr3_infrastructure/out
                  PLLE2_ADV_X1Y2                                                    r  U0_ps_ai_peripheral/mig_ddr3_u0/u_mig_7series_0_mig/u_ddr3_infrastructure/plle2_i/CLKIN1
                  PLLE2_ADV_X1Y2       PLLE2_ADV (Prop_plle2_adv_CLKIN1_CLKOUT3)
                                                                    0.077     2.030 r  U0_ps_ai_peripheral/mig_ddr3_u0/u_mig_7series_0_mig/u_ddr3_infrastructure/plle2_i/CLKOUT3
                                       net (fo=1, routed)           1.145     3.175    U0_ps_ai_peripheral/mig_ddr3_u0/u_mig_7series_0_mig/u_ddr3_infrastructure/pll_clk3_out
                  BUFHCE_X1Y24                                                      r  U0_ps_ai_peripheral/mig_ddr3_u0/u_mig_7series_0_mig/u_ddr3_infrastructure/u_bufh_pll_clk3/I
                  BUFHCE_X1Y24         BUFH (Prop_bufh_I_O)         0.103     3.278 r  U0_ps_ai_peripheral/mig_ddr3_u0/u_mig_7series_0_mig/u_ddr3_infrastructure/u_bufh_pll_clk3/O
                                       net (fo=1, routed)           0.779     4.057    U0_ps_ai_peripheral/mig_ddr3_u0/u_mig_7series_0_mig/u_ddr3_infrastructure/pll_clk3
                  MMCME2_ADV_X1Y2                                                   r  U0_ps_ai_peripheral/mig_ddr3_u0/u_mig_7series_0_mig/u_ddr3_infrastructure/gen_mmcm.mmcm_i/CLKIN1
                  MMCME2_ADV_X1Y2      MMCME2_ADV (Prop_mmcme2_adv_CLKIN1_CLKFBOUT)
                                                                   -2.933     1.124 r  U0_ps_ai_peripheral/mig_ddr3_u0/u_mig_7series_0_mig/u_ddr3_infrastructure/gen_mmcm.mmcm_i/CLKFBOUT
                                       net (fo=1, routed)           1.442     2.566    U0_ps_ai_peripheral/mig_ddr3_u0/u_mig_7series_0_mig/u_ddr3_infrastructure/clk_pll_i
                  BUFGCTRL_X0Y16                                                    r  U0_ps_ai_peripheral/mig_ddr3_u0/u_mig_7series_0_mig/u_ddr3_infrastructure/u_bufg_clkdiv0/I
                  BUFGCTRL_X0Y16       BUFG (Prop_bufg_I_O)         0.093     2.659 r  U0_ps_ai_peripheral/mig_ddr3_u0/u_mig_7series_0_mig/u_ddr3_infrastructure/u_bufg_clkdiv0/O
                                       net (fo=103920, routed)      1.702     4.360    rx_sdi_inst/SDI0/SDI/ui_clk
                  SLICE_X108Y38                                                     r  rx_sdi_inst/SDI0/SDI/cam_clk_inferred_i_1/I1
                  SLICE_X108Y38        LUT3 (Prop_lut3_I1_O)        0.043     4.403 r  rx_sdi_inst/SDI0/SDI/cam_clk_inferred_i_1/O
                                       net (fo=1681, routed)        3.343     7.746    U0_ps_ai_peripheral/frame_to_ps_inst0/frame_read_write_m0/CLK
                  SLICE_X61Y195        FDCE                                         r  U0_ps_ai_peripheral/frame_to_ps_inst0/frame_read_write_m0/wr_wfifo_err_reg/C
  ---------------------------------------------------------------------------------    -------------------
    Placement     SLICE_X61Y195        FDCE (Prop_fdce_C_Q)         0.204     7.950 f  U0_ps_ai_peripheral/frame_to_ps_inst0/frame_read_write_m0/wr_wfifo_err_reg/Q
                                       net (fo=8, routed)           0.651     8.601    U0_ps_ai_peripheral/frame_to_ps_inst0/rgb888_2_yuv422_u0/wr_wfifo_err
    Placement     SLICE_X90Y195                                                     f  U0_ps_ai_peripheral/frame_to_ps_inst0/rgb888_2_yuv422_u0/write_buf_i_17/I3
    Placement     SLICE_X90Y195        LUT4 (Prop_lut4_I3_O)        0.128     8.729 r  U0_ps_ai_peripheral/frame_to_ps_inst0/rgb888_2_yuv422_u0/write_buf_i_17/O
                                       net (fo=7, routed)           0.928     9.657    U0_ps_ai_peripheral/frame_to_ps_inst0/frame_read_write_m0/write_buf/U0/inst_fifo_gen/gconvfifo.rf/grf.rf/gntv_or_sync_fifo.gl0.wr/gwas.wsts/wr_en
    Placement     SLICE_X97Y186                                                     r  U0_ps_ai_peripheral/frame_to_ps_inst0/frame_read_write_m0/write_buf/U0/inst_fifo_gen/gconvfifo.rf/grf.rf/gntv_or_sync_fifo.gl0.wr/gwas.wsts/DEVICE_7SERIES.NO_BMM_INFO.SDP.SIMPLE_PRIM18.ram_i_4/I0
    Placement     SLICE_X97Y186        LUT2 (Prop_lut2_I0_O)        0.134     9.791 r  U0_ps_ai_peripheral/frame_to_ps_inst0/frame_read_write_m0/write_buf/U0/inst_fifo_gen/gconvfifo.rf/grf.rf/gntv_or_sync_fifo.gl0.wr/gwas.wsts/DEVICE_7SERIES.NO_BMM_INFO.SDP.SIMPLE_PRIM18.ram_i_4/O
                                       net (fo=50, routed)          1.035    10.826    U0_ps_ai_peripheral/frame_to_ps_inst0/frame_read_write_m0/write_buf/U0/inst_fifo_gen/gconvfifo.rf/grf.rf/gntv_or_sync_fifo.mem/gbm.gbmg.gbmga.ngecc.bmg/inst_blk_mem_gen/gnbram.gnativebmg.native_blk_mem_gen/valid.cstr/ramloop[7].ram.r/prim_noinit.ram/p_20_out
    Placement     RAMB36_X7Y35         RAMB36E1                                     r  U0_ps_ai_peripheral/frame_to_ps_inst0/frame_read_write_m0/write_buf/U0/inst_fifo_gen/gconvfifo.rf/grf.rf/gntv_or_sync_fifo.mem/gbm.gbmg.gbmga.ngecc.bmg/inst_blk_mem_gen/gnbram.gnativebmg.native_blk_mem_gen/valid.cstr/ramloop[7].ram.r/prim_noinit.ram/DEVICE_7SERIES.NO_BMM_INFO.SDP.SIMPLE_PRIM36.ram/WEA[0]
  ---------------------------------------------------------------------------------    -------------------

                                       (clock clk_pll_i rise edge)
                                                                    5.000     5.000 r  
                  C8                                                0.000     5.000 r  sys_clk_p (IN)
                                       net (fo=0)                   0.000     5.000    U0_ps_ai_peripheral/mig_ddr3_u0/u_mig_7series_0_mig/u_ddr3_clk_ibuf/sys_clk_p
                  C8                                                                r  U0_ps_ai_peripheral/mig_ddr3_u0/u_mig_7series_0_mig/u_ddr3_clk_ibuf/diff_input_clk.u_ibufg_sys_clk/I
                  C8                   IBUFDS (Prop_ibufds_I_O)     0.758     5.758 r  U0_ps_ai_peripheral/mig_ddr3_u0/u_mig_7series_0_mig/u_ddr3_clk_ibuf/diff_input_clk.u_ibufg_sys_clk/O
                                       net (fo=3, routed)           1.001     6.759    U0_ps_ai_peripheral/mig_ddr3_u0/u_mig_7series_0_mig/u_ddr3_infrastructure/out
                  PLLE2_ADV_X1Y2                                                    r  U0_ps_ai_peripheral/mig_ddr3_u0/u_mig_7series_0_mig/u_ddr3_infrastructure/plle2_i/CLKIN1
                  PLLE2_ADV_X1Y2       PLLE2_ADV (Prop_plle2_adv_CLKIN1_CLKOUT3)
                                                                    0.073     6.832 r  U0_ps_ai_peripheral/mig_ddr3_u0/u_mig_7series_0_mig/u_ddr3_infrastructure/plle2_i/CLKOUT3
                                       net (fo=1, routed)           1.033     7.865    U0_ps_ai_peripheral/mig_ddr3_u0/u_mig_7series_0_mig/u_ddr3_infrastructure/pll_clk3_out
                  BUFHCE_X1Y24                                                      r  U0_ps_ai_peripheral/mig_ddr3_u0/u_mig_7series_0_mig/u_ddr3_infrastructure/u_bufh_pll_clk3/I
                  BUFHCE_X1Y24         BUFH (Prop_bufh_I_O)         0.066     7.931 r  U0_ps_ai_peripheral/mig_ddr3_u0/u_mig_7series_0_mig/u_ddr3_infrastructure/u_bufh_pll_clk3/O
                                       net (fo=1, routed)           0.710     8.641    U0_ps_ai_peripheral/mig_ddr3_u0/u_mig_7series_0_mig/u_ddr3_infrastructure/pll_clk3
                  MMCME2_ADV_X1Y2                                                   r  U0_ps_ai_peripheral/mig_ddr3_u0/u_mig_7series_0_mig/u_ddr3_infrastructure/gen_mmcm.mmcm_i/CLKIN1
                  MMCME2_ADV_X1Y2      MMCME2_ADV (Prop_mmcme2_adv_CLKIN1_CLKFBOUT)
                                                                   -2.652     5.989 r  U0_ps_ai_peripheral/mig_ddr3_u0/u_mig_7series_0_mig/u_ddr3_infrastructure/gen_mmcm.mmcm_i/CLKFBOUT
                                       net (fo=1, routed)           1.333     7.322    U0_ps_ai_peripheral/mig_ddr3_u0/u_mig_7series_0_mig/u_ddr3_infrastructure/clk_pll_i
                  BUFGCTRL_X0Y16                                                    r  U0_ps_ai_peripheral/mig_ddr3_u0/u_mig_7series_0_mig/u_ddr3_infrastructure/u_bufg_clkdiv0/I
                  BUFGCTRL_X0Y16       BUFG (Prop_bufg_I_O)         0.083     7.405 r  U0_ps_ai_peripheral/mig_ddr3_u0/u_mig_7series_0_mig/u_ddr3_infrastructure/u_bufg_clkdiv0/O
                                       net (fo=103920, routed)      1.530     8.935    rx_sdi_inst/SDI0/SDI/ui_clk
                  SLICE_X108Y38                                                     r  rx_sdi_inst/SDI0/SDI/cam_clk_inferred_i_1/I1
                  SLICE_X108Y38        LUT3 (Prop_lut3_I1_O)        0.036     8.971 r  rx_sdi_inst/SDI0/SDI/cam_clk_inferred_i_1/O
                                       net (fo=1681, routed)        2.023    10.994    U0_ps_ai_peripheral/frame_to_ps_inst0/frame_read_write_m0/write_buf/U0/inst_fifo_gen/gconvfifo.rf/grf.rf/gntv_or_sync_fifo.mem/gbm.gbmg.gbmga.ngecc.bmg/inst_blk_mem_gen/gnbram.gnativebmg.native_blk_mem_gen/valid.cstr/ramloop[7].ram.r/prim_noinit.ram/wr_clk
                  RAMB36_X7Y35         RAMB36E1                                     r  U0_ps_ai_peripheral/frame_to_ps_inst0/frame_read_write_m0/write_buf/U0/inst_fifo_gen/gconvfifo.rf/grf.rf/gntv_or_sync_fifo.mem/gbm.gbmg.gbmga.ngecc.bmg/inst_blk_mem_gen/gnbram.gnativebmg.native_blk_mem_gen/valid.cstr/ramloop[7].ram.r/prim_noinit.ram/DEVICE_7SERIES.NO_BMM_INFO.SDP.SIMPLE_PRIM36.ram/CLKARDCLK
                                       clock pessimism              0.488    11.483    
                                       clock uncertainty           -0.052    11.430    
                  RAMB36_X7Y35         RAMB36E1 (Setup_ramb36e1_CLKARDCLK_WEA[0])
                                                                   -0.404    11.026    U0_ps_ai_peripheral/frame_to_ps_inst0/frame_read_write_m0/write_buf/U0/inst_fifo_gen/gconvfifo.rf/grf.rf/gntv_or_sync_fifo.mem/gbm.gbmg.gbmga.ngecc.bmg/inst_blk_mem_gen/gnbram.gnativebmg.native_blk_mem_gen/valid.cstr/ramloop[7].ram.r/prim_noinit.ram/DEVICE_7SERIES.NO_BMM_INFO.SDP.SIMPLE_PRIM36.ram
  ---------------------------------------------------------------------------------
                                       required time                         11.026    
                                       arrival time                         -10.826    
  ---------------------------------------------------------------------------------
                                       slack                                  0.200    

Slack (MET) :             0.201ns  (required time - arrival time)
  Source:                 U0_ps_ai_peripheral/frame_to_ps_inst0/frame_read_write_m0/wr_wfifo_err_reg/C
                            (rising edge-triggered cell FDCE clocked by clk_pll_i  {rise@0.000ns fall@2.500ns period=5.000ns})
  Destination:            U0_ps_ai_peripheral/frame_to_ps_inst0/frame_read_write_m0/frame_fifo_write_m0/wr_burst_len_reg[4]/D
                            (rising edge-triggered cell FDCE clocked by clk_pll_i  {rise@0.000ns fall@2.500ns period=5.000ns})
  Path Group:             clk_pll_i
  Path Type:              Setup (Max at Slow Process Corner)
  Requirement:            5.000ns  (clk_pll_i rise@5.000ns - clk_pll_i rise@0.000ns)
  Data Path Delay:        0.899ns  (logic 0.328ns (36.481%)  route 0.571ns (63.518%))
  Logic Levels:           1  (LUT6=1)
  Clock Path Skew:        -3.881ns (DCD - SCD + CPR)
    Destination Clock Delay (DCD):    3.611ns = ( 8.611 - 5.000 ) 
    Source Clock Delay      (SCD):    7.746ns
    Clock Pessimism Removal (CPR):    0.253ns
  Clock Uncertainty:      0.052ns  ((TSJ^2 + DJ^2)^1/2) / 2 + PE
    Total System Jitter     (TSJ):    0.071ns
    Discrete Jitter          (DJ):    0.077ns
    Phase Error              (PE):    0.000ns

    Pin Reuse     Location             Delay type                Incr(ns)  Path(ns)    Netlist Resource(s)
  ---------------------------------------------------------------------------------    -------------------
                                       (clock clk_pll_i rise edge)
                                                                    0.000     0.000 r  
                  C8                                                0.000     0.000 r  sys_clk_p (IN)
                                       net (fo=0)                   0.000     0.000    U0_ps_ai_peripheral/mig_ddr3_u0/u_mig_7series_0_mig/u_ddr3_clk_ibuf/sys_clk_p
                  C8                                                                r  U0_ps_ai_peripheral/mig_ddr3_u0/u_mig_7series_0_mig/u_ddr3_clk_ibuf/diff_input_clk.u_ibufg_sys_clk/I
                  C8                   IBUFDS (Prop_ibufds_I_O)     0.855     0.855 r  U0_ps_ai_peripheral/mig_ddr3_u0/u_mig_7series_0_mig/u_ddr3_clk_ibuf/diff_input_clk.u_ibufg_sys_clk/O
                                       net (fo=3, routed)           1.098     1.953    U0_ps_ai_peripheral/mig_ddr3_u0/u_mig_7series_0_mig/u_ddr3_infrastructure/out
                  PLLE2_ADV_X1Y2                                                    r  U0_ps_ai_peripheral/mig_ddr3_u0/u_mig_7series_0_mig/u_ddr3_infrastructure/plle2_i/CLKIN1
                  PLLE2_ADV_X1Y2       PLLE2_ADV (Prop_plle2_adv_CLKIN1_CLKOUT3)
                                                                    0.077     2.030 r  U0_ps_ai_peripheral/mig_ddr3_u0/u_mig_7series_0_mig/u_ddr3_infrastructure/plle2_i/CLKOUT3
                                       net (fo=1, routed)           1.145     3.175    U0_ps_ai_peripheral/mig_ddr3_u0/u_mig_7series_0_mig/u_ddr3_infrastructure/pll_clk3_out
                  BUFHCE_X1Y24                                                      r  U0_ps_ai_peripheral/mig_ddr3_u0/u_mig_7series_0_mig/u_ddr3_infrastructure/u_bufh_pll_clk3/I
                  BUFHCE_X1Y24         BUFH (Prop_bufh_I_O)         0.103     3.278 r  U0_ps_ai_peripheral/mig_ddr3_u0/u_mig_7series_0_mig/u_ddr3_infrastructure/u_bufh_pll_clk3/O
                                       net (fo=1, routed)           0.779     4.057    U0_ps_ai_peripheral/mig_ddr3_u0/u_mig_7series_0_mig/u_ddr3_infrastructure/pll_clk3
                  MMCME2_ADV_X1Y2                                                   r  U0_ps_ai_peripheral/mig_ddr3_u0/u_mig_7series_0_mig/u_ddr3_infrastructure/gen_mmcm.mmcm_i/CLKIN1
                  MMCME2_ADV_X1Y2      MMCME2_ADV (Prop_mmcme2_adv_CLKIN1_CLKFBOUT)
                                                                   -2.933     1.124 r  U0_ps_ai_peripheral/mig_ddr3_u0/u_mig_7series_0_mig/u_ddr3_infrastructure/gen_mmcm.mmcm_i/CLKFBOUT
                                       net (fo=1, routed)           1.442     2.566    U0_ps_ai_peripheral/mig_ddr3_u0/u_mig_7series_0_mig/u_ddr3_infrastructure/clk_pll_i
                  BUFGCTRL_X0Y16                                                    r  U0_ps_ai_peripheral/mig_ddr3_u0/u_mig_7series_0_mig/u_ddr3_infrastructure/u_bufg_clkdiv0/I
                  BUFGCTRL_X0Y16       BUFG (Prop_bufg_I_O)         0.093     2.659 r  U0_ps_ai_peripheral/mig_ddr3_u0/u_mig_7series_0_mig/u_ddr3_infrastructure/u_bufg_clkdiv0/O
                                       net (fo=103920, routed)      1.702     4.360    rx_sdi_inst/SDI0/SDI/ui_clk
                  SLICE_X108Y38                                                     r  rx_sdi_inst/SDI0/SDI/cam_clk_inferred_i_1/I1
                  SLICE_X108Y38        LUT3 (Prop_lut3_I1_O)        0.043     4.403 r  rx_sdi_inst/SDI0/SDI/cam_clk_inferred_i_1/O
                                       net (fo=1681, routed)        3.343     7.746    U0_ps_ai_peripheral/frame_to_ps_inst0/frame_read_write_m0/CLK
                  SLICE_X61Y195        FDCE                                         r  U0_ps_ai_peripheral/frame_to_ps_inst0/frame_read_write_m0/wr_wfifo_err_reg/C
  ---------------------------------------------------------------------------------    -------------------
    Placement     SLICE_X61Y195        FDCE (Prop_fdce_C_Q)         0.204     7.950 f  U0_ps_ai_peripheral/frame_to_ps_inst0/frame_read_write_m0/wr_wfifo_err_reg/Q
                                       net (fo=8, routed)           0.571     8.521    U0_ps_ai_peripheral/frame_to_ps_inst0/frame_read_write_m0/frame_fifo_write_m0/wr_burst_len_reg[4]_0
    Moved         SLICE_X53Y199                                                     f  U0_ps_ai_peripheral/frame_to_ps_inst0/frame_read_write_m0/frame_fifo_write_m0/wr_burst_len[4]_i_1_rewire/I0
    Moved         SLICE_X53Y199        LUT6 (Prop_lut6_I0_O)        0.124     8.645 r  U0_ps_ai_peripheral/frame_to_ps_inst0/frame_read_write_m0/frame_fifo_write_m0/wr_burst_len[4]_i_1_rewire/O
                                       net (fo=1, routed)           0.000     8.645    U0_ps_ai_peripheral/frame_to_ps_inst0/frame_read_write_m0/frame_fifo_write_m0/wr_burst_len[4]_i_1_n_0
    Routing       SLICE_X53Y199        FDCE                                         r  U0_ps_ai_peripheral/frame_to_ps_inst0/frame_read_write_m0/frame_fifo_write_m0/wr_burst_len_reg[4]/D
  ---------------------------------------------------------------------------------    -------------------

                                       (clock clk_pll_i rise edge)
                                                                    5.000     5.000 r  
                  C8                                                0.000     5.000 r  sys_clk_p (IN)
                                       net (fo=0)                   0.000     5.000    U0_ps_ai_peripheral/mig_ddr3_u0/u_mig_7series_0_mig/u_ddr3_clk_ibuf/sys_clk_p
                  C8                                                                r  U0_ps_ai_peripheral/mig_ddr3_u0/u_mig_7series_0_mig/u_ddr3_clk_ibuf/diff_input_clk.u_ibufg_sys_clk/I
                  C8                   IBUFDS (Prop_ibufds_I_O)     0.758     5.758 r  U0_ps_ai_peripheral/mig_ddr3_u0/u_mig_7series_0_mig/u_ddr3_clk_ibuf/diff_input_clk.u_ibufg_sys_clk/O
                                       net (fo=3, routed)           1.001     6.759    U0_ps_ai_peripheral/mig_ddr3_u0/u_mig_7series_0_mig/u_ddr3_infrastructure/out
                  PLLE2_ADV_X1Y2                                                    r  U0_ps_ai_peripheral/mig_ddr3_u0/u_mig_7series_0_mig/u_ddr3_infrastructure/plle2_i/CLKIN1
                  PLLE2_ADV_X1Y2       PLLE2_ADV (Prop_plle2_adv_CLKIN1_CLKOUT3)
                                                                    0.073     6.832 r  U0_ps_ai_peripheral/mig_ddr3_u0/u_mig_7series_0_mig/u_ddr3_infrastructure/plle2_i/CLKOUT3
                                       net (fo=1, routed)           1.033     7.865    U0_ps_ai_peripheral/mig_ddr3_u0/u_mig_7series_0_mig/u_ddr3_infrastructure/pll_clk3_out
                  BUFHCE_X1Y24                                                      r  U0_ps_ai_peripheral/mig_ddr3_u0/u_mig_7series_0_mig/u_ddr3_infrastructure/u_bufh_pll_clk3/I
                  BUFHCE_X1Y24         BUFH (Prop_bufh_I_O)         0.066     7.931 r  U0_ps_ai_peripheral/mig_ddr3_u0/u_mig_7series_0_mig/u_ddr3_infrastructure/u_bufh_pll_clk3/O
                                       net (fo=1, routed)           0.710     8.641    U0_ps_ai_peripheral/mig_ddr3_u0/u_mig_7series_0_mig/u_ddr3_infrastructure/pll_clk3
                  MMCME2_ADV_X1Y2                                                   r  U0_ps_ai_peripheral/mig_ddr3_u0/u_mig_7series_0_mig/u_ddr3_infrastructure/gen_mmcm.mmcm_i/CLKIN1
                  MMCME2_ADV_X1Y2      MMCME2_ADV (Prop_mmcme2_adv_CLKIN1_CLKFBOUT)
                                                                   -2.652     5.989 r  U0_ps_ai_peripheral/mig_ddr3_u0/u_mig_7series_0_mig/u_ddr3_infrastructure/gen_mmcm.mmcm_i/CLKFBOUT
                                       net (fo=1, routed)           1.333     7.322    U0_ps_ai_peripheral/mig_ddr3_u0/u_mig_7series_0_mig/u_ddr3_infrastructure/clk_pll_i
                  BUFGCTRL_X0Y16                                                    r  U0_ps_ai_peripheral/mig_ddr3_u0/u_mig_7series_0_mig/u_ddr3_infrastructure/u_bufg_clkdiv0/I
                  BUFGCTRL_X0Y16       BUFG (Prop_bufg_I_O)         0.083     7.405 r  U0_ps_ai_peripheral/mig_ddr3_u0/u_mig_7series_0_mig/u_ddr3_infrastructure/u_bufg_clkdiv0/O
                                       net (fo=103920, routed)      1.206     8.611    U0_ps_ai_peripheral/frame_to_ps_inst0/frame_read_write_m0/frame_fifo_write_m0/ui_clk
                  SLICE_X53Y199        FDCE                                         r  U0_ps_ai_peripheral/frame_to_ps_inst0/frame_read_write_m0/frame_fifo_write_m0/wr_burst_len_reg[4]/C
                                       clock pessimism              0.253     8.865    
                                       clock uncertainty           -0.052     8.812    
                  SLICE_X53Y199        FDCE (Setup_fdce_C_D)        0.034     8.846    U0_ps_ai_peripheral/frame_to_ps_inst0/frame_read_write_m0/frame_fifo_write_m0/wr_burst_len_reg[4]
  ---------------------------------------------------------------------------------
                                       required time                          8.846    
                                       arrival time                          -8.645    
  ---------------------------------------------------------------------------------
                                       slack                                  0.201    

Slack (MET) :             0.203ns  (required time - arrival time)
  Source:                 U0_ps_ai_peripheral/frame_to_ps_inst0/video_rect_read_data_m0/read_en_r_reg/C
                            (rising edge-triggered cell FDCE clocked by clk_pll_i  {rise@0.000ns fall@2.500ns period=5.000ns})
  Destination:            U0_ps_ai_peripheral/frame_to_ps_inst0/frame_read_write_m0/read_buf/U0/inst_fifo_gen/gconvfifo.rf/grf.rf/gntv_or_sync_fifo.mem/gbm.gbmg.gbmga.ngecc.bmg/inst_blk_mem_gen/gnbram.gnativebmg.native_blk_mem_gen/valid.cstr/ramloop[50].ram.r/prim_noinit.ram/DEVICE_7SERIES.NO_BMM_INFO.SDP.SIMPLE_PRIM36.ram/ENBWREN
                            (rising edge-triggered cell RAMB36E1 clocked by clk_pll_i  {rise@0.000ns fall@2.500ns period=5.000ns})
  Path Group:             clk_pll_i
  Path Type:              Setup (Max at Slow Process Corner)
  Requirement:            5.000ns  (clk_pll_i rise@5.000ns - clk_pll_i rise@0.000ns)
  Data Path Delay:        4.321ns  (logic 0.345ns (7.985%)  route 3.976ns (92.015%))
  Logic Levels:           2  (LUT4=1 LUT6=1)
  Clock Path Skew:        -0.096ns (DCD - SCD + CPR)
    Destination Clock Delay (DCD):    5.787ns = ( 10.787 - 5.000 ) 
    Source Clock Delay      (SCD):    6.466ns
    Clock Pessimism Removal (CPR):    0.582ns
  Clock Uncertainty:      0.052ns  ((TSJ^2 + DJ^2)^1/2) / 2 + PE
    Total System Jitter     (TSJ):    0.071ns
    Discrete Jitter          (DJ):    0.077ns
    Phase Error              (PE):    0.000ns

    Pin Reuse     Location             Delay type                Incr(ns)  Path(ns)    Netlist Resource(s)
  ---------------------------------------------------------------------------------    -------------------
                                       (clock clk_pll_i rise edge)
                                                                    0.000     0.000 r  
                  C8                                                0.000     0.000 r  sys_clk_p (IN)
                                       net (fo=0)                   0.000     0.000    U0_ps_ai_peripheral/mig_ddr3_u0/u_mig_7series_0_mig/u_ddr3_clk_ibuf/sys_clk_p
                  C8                                                                r  U0_ps_ai_peripheral/mig_ddr3_u0/u_mig_7series_0_mig/u_ddr3_clk_ibuf/diff_input_clk.u_ibufg_sys_clk/I
                  C8                   IBUFDS (Prop_ibufds_I_O)     0.855     0.855 r  U0_ps_ai_peripheral/mig_ddr3_u0/u_mig_7series_0_mig/u_ddr3_clk_ibuf/diff_input_clk.u_ibufg_sys_clk/O
                                       net (fo=3, routed)           1.098     1.953    U0_ps_ai_peripheral/mig_ddr3_u0/u_mig_7series_0_mig/u_ddr3_infrastructure/out
                  PLLE2_ADV_X1Y2                                                    r  U0_ps_ai_peripheral/mig_ddr3_u0/u_mig_7series_0_mig/u_ddr3_infrastructure/plle2_i/CLKIN1
                  PLLE2_ADV_X1Y2       PLLE2_ADV (Prop_plle2_adv_CLKIN1_CLKOUT3)
                                                                    0.077     2.030 r  U0_ps_ai_peripheral/mig_ddr3_u0/u_mig_7series_0_mig/u_ddr3_infrastructure/plle2_i/CLKOUT3
                                       net (fo=1, routed)           1.145     3.175    U0_ps_ai_peripheral/mig_ddr3_u0/u_mig_7series_0_mig/u_ddr3_infrastructure/pll_clk3_out
                  BUFHCE_X1Y24                                                      r  U0_ps_ai_peripheral/mig_ddr3_u0/u_mig_7series_0_mig/u_ddr3_infrastructure/u_bufh_pll_clk3/I
                  BUFHCE_X1Y24         BUFH (Prop_bufh_I_O)         0.103     3.278 r  U0_ps_ai_peripheral/mig_ddr3_u0/u_mig_7series_0_mig/u_ddr3_infrastructure/u_bufh_pll_clk3/O
                                       net (fo=1, routed)           0.779     4.057    U0_ps_ai_peripheral/mig_ddr3_u0/u_mig_7series_0_mig/u_ddr3_infrastructure/pll_clk3
                  MMCME2_ADV_X1Y2                                                   r  U0_ps_ai_peripheral/mig_ddr3_u0/u_mig_7series_0_mig/u_ddr3_infrastructure/gen_mmcm.mmcm_i/CLKIN1
                  MMCME2_ADV_X1Y2      MMCME2_ADV (Prop_mmcme2_adv_CLKIN1_CLKFBOUT)
                                                                   -2.933     1.124 r  U0_ps_ai_peripheral/mig_ddr3_u0/u_mig_7series_0_mig/u_ddr3_infrastructure/gen_mmcm.mmcm_i/CLKFBOUT
                                       net (fo=1, routed)           1.442     2.566    U0_ps_ai_peripheral/mig_ddr3_u0/u_mig_7series_0_mig/u_ddr3_infrastructure/clk_pll_i
                  BUFGCTRL_X0Y16                                                    r  U0_ps_ai_peripheral/mig_ddr3_u0/u_mig_7series_0_mig/u_ddr3_infrastructure/u_bufg_clkdiv0/I
                  BUFGCTRL_X0Y16       BUFG (Prop_bufg_I_O)         0.093     2.659 r  U0_ps_ai_peripheral/mig_ddr3_u0/u_mig_7series_0_mig/u_ddr3_infrastructure/u_bufg_clkdiv0/O
                                       net (fo=103920, routed)      1.702     4.360    rx_sdi_inst/SDI0/SDI/ui_clk
                  SLICE_X108Y38                                                     r  rx_sdi_inst/SDI0/SDI/cam_clk_inferred_i_1/I1
                  SLICE_X108Y38        LUT3 (Prop_lut3_I1_O)        0.043     4.403 r  rx_sdi_inst/SDI0/SDI/cam_clk_inferred_i_1/O
                                       net (fo=1681, routed)        2.063     6.466    U0_ps_ai_peripheral/frame_to_ps_inst0/video_rect_read_data_m0/CLK
                  SLICE_X22Y14         FDCE                                         r  U0_ps_ai_peripheral/frame_to_ps_inst0/video_rect_read_data_m0/read_en_r_reg/C
  ---------------------------------------------------------------------------------    -------------------
    Placement     SLICE_X22Y14         FDCE (Prop_fdce_C_Q)         0.259     6.725 r  U0_ps_ai_peripheral/frame_to_ps_inst0/video_rect_read_data_m0/read_en_r_reg/Q
                                       net (fo=12, routed)          1.664     8.389    U0_ps_ai_peripheral/frame_to_ps_inst0/frame_read_write_m0/read_buf/U0/inst_fifo_gen/gconvfifo.rf/grf.rf/gntv_or_sync_fifo.gl0.rd/rpntr/rd_en
    Placement     SLICE_X93Y31                                                      r  U0_ps_ai_peripheral/frame_to_ps_inst0/frame_read_write_m0/read_buf/U0/inst_fifo_gen/gconvfifo.rf/grf.rf/gntv_or_sync_fifo.gl0.rd/rpntr/DEVICE_7SERIES.NO_BMM_INFO.SDP.SIMPLE_PRIM36.ram_i_4__0/I2
    Placement     SLICE_X93Y31         LUT4 (Prop_lut4_I2_O)        0.043     8.432 r  U0_ps_ai_peripheral/frame_to_ps_inst0/frame_read_write_m0/read_buf/U0/inst_fifo_gen/gconvfifo.rf/grf.rf/gntv_or_sync_fifo.gl0.rd/rpntr/DEVICE_7SERIES.NO_BMM_INFO.SDP.SIMPLE_PRIM36.ram_i_4__0/O
                                       net (fo=15, routed)          1.631    10.063    U0_ps_ai_peripheral/frame_to_ps_inst0/frame_read_write_m0/read_buf/U0/inst_fifo_gen/gconvfifo.rf/grf.rf/gntv_or_sync_fifo.gl0.rd/rpntr/DEVICE_7SERIES.NO_BMM_INFO.SDP.SIMPLE_PRIM36.ram_i_4__0_n_0
    Placement     SLICE_X24Y8                                                       r  U0_ps_ai_peripheral/frame_to_ps_inst0/frame_read_write_m0/read_buf/U0/inst_fifo_gen/gconvfifo.rf/grf.rf/gntv_or_sync_fifo.gl0.rd/rpntr/DEVICE_7SERIES.NO_BMM_INFO.SDP.SIMPLE_PRIM36.ram_i_2__24/I4
    Placement     SLICE_X24Y8          LUT6 (Prop_lut6_I4_O)        0.043    10.106 r  U0_ps_ai_peripheral/frame_to_ps_inst0/frame_read_write_m0/read_buf/U0/inst_fifo_gen/gconvfifo.rf/grf.rf/gntv_or_sync_fifo.gl0.rd/rpntr/DEVICE_7SERIES.NO_BMM_INFO.SDP.SIMPLE_PRIM36.ram_i_2__24/O
                                       net (fo=1, routed)           0.681    10.787    U0_ps_ai_peripheral/frame_to_ps_inst0/frame_read_write_m0/read_buf/U0/inst_fifo_gen/gconvfifo.rf/grf.rf/gntv_or_sync_fifo.mem/gbm.gbmg.gbmga.ngecc.bmg/inst_blk_mem_gen/gnbram.gnativebmg.native_blk_mem_gen/valid.cstr/ramloop[50].ram.r/prim_noinit.ram/ENB_I_51
    Placement     RAMB36_X1Y1          RAMB36E1                                     r  U0_ps_ai_peripheral/frame_to_ps_inst0/frame_read_write_m0/read_buf/U0/inst_fifo_gen/gconvfifo.rf/grf.rf/gntv_or_sync_fifo.mem/gbm.gbmg.gbmga.ngecc.bmg/inst_blk_mem_gen/gnbram.gnativebmg.native_blk_mem_gen/valid.cstr/ramloop[50].ram.r/prim_noinit.ram/DEVICE_7SERIES.NO_BMM_INFO.SDP.SIMPLE_PRIM36.ram/ENBWREN
  ---------------------------------------------------------------------------------    -------------------

                                       (clock clk_pll_i rise edge)
                                                                    5.000     5.000 r  
                  C8                                                0.000     5.000 r  sys_clk_p (IN)
                                       net (fo=0)                   0.000     5.000    U0_ps_ai_peripheral/mig_ddr3_u0/u_mig_7series_0_mig/u_ddr3_clk_ibuf/sys_clk_p
                  C8                                                                r  U0_ps_ai_peripheral/mig_ddr3_u0/u_mig_7series_0_mig/u_ddr3_clk_ibuf/diff_input_clk.u_ibufg_sys_clk/I
                  C8                   IBUFDS (Prop_ibufds_I_O)     0.758     5.758 r  U0_ps_ai_peripheral/mig_ddr3_u0/u_mig_7series_0_mig/u_ddr3_clk_ibuf/diff_input_clk.u_ibufg_sys_clk/O
                                       net (fo=3, routed)           1.001     6.759    U0_ps_ai_peripheral/mig_ddr3_u0/u_mig_7series_0_mig/u_ddr3_infrastructure/out
                  PLLE2_ADV_X1Y2                                                    r  U0_ps_ai_peripheral/mig_ddr3_u0/u_mig_7series_0_mig/u_ddr3_infrastructure/plle2_i/CLKIN1
                  PLLE2_ADV_X1Y2       PLLE2_ADV (Prop_plle2_adv_CLKIN1_CLKOUT3)
                                                                    0.073     6.832 r  U0_ps_ai_peripheral/mig_ddr3_u0/u_mig_7series_0_mig/u_ddr3_infrastructure/plle2_i/CLKOUT3
                                       net (fo=1, routed)           1.033     7.865    U0_ps_ai_peripheral/mig_ddr3_u0/u_mig_7series_0_mig/u_ddr3_infrastructure/pll_clk3_out
                  BUFHCE_X1Y24                                                      r  U0_ps_ai_peripheral/mig_ddr3_u0/u_mig_7series_0_mig/u_ddr3_infrastructure/u_bufh_pll_clk3/I
                  BUFHCE_X1Y24         BUFH (Prop_bufh_I_O)         0.066     7.931 r  U0_ps_ai_peripheral/mig_ddr3_u0/u_mig_7series_0_mig/u_ddr3_infrastructure/u_bufh_pll_clk3/O
                                       net (fo=1, routed)           0.710     8.641    U0_ps_ai_peripheral/mig_ddr3_u0/u_mig_7series_0_mig/u_ddr3_infrastructure/pll_clk3
                  MMCME2_ADV_X1Y2                                                   r  U0_ps_ai_peripheral/mig_ddr3_u0/u_mig_7series_0_mig/u_ddr3_infrastructure/gen_mmcm.mmcm_i/CLKIN1
                  MMCME2_ADV_X1Y2      MMCME2_ADV (Prop_mmcme2_adv_CLKIN1_CLKFBOUT)
                                                                   -2.652     5.989 r  U0_ps_ai_peripheral/mig_ddr3_u0/u_mig_7series_0_mig/u_ddr3_infrastructure/gen_mmcm.mmcm_i/CLKFBOUT
                                       net (fo=1, routed)           1.333     7.322    U0_ps_ai_peripheral/mig_ddr3_u0/u_mig_7series_0_mig/u_ddr3_infrastructure/clk_pll_i
                  BUFGCTRL_X0Y16                                                    r  U0_ps_ai_peripheral/mig_ddr3_u0/u_mig_7series_0_mig/u_ddr3_infrastructure/u_bufg_clkdiv0/I
                  BUFGCTRL_X0Y16       BUFG (Prop_bufg_I_O)         0.083     7.405 r  U0_ps_ai_peripheral/mig_ddr3_u0/u_mig_7series_0_mig/u_ddr3_infrastructure/u_bufg_clkdiv0/O
                                       net (fo=103920, routed)      1.530     8.935    rx_sdi_inst/SDI0/SDI/ui_clk
                  SLICE_X108Y38                                                     r  rx_sdi_inst/SDI0/SDI/cam_clk_inferred_i_1/I1
                  SLICE_X108Y38        LUT3 (Prop_lut3_I1_O)        0.036     8.971 r  rx_sdi_inst/SDI0/SDI/cam_clk_inferred_i_1/O
                                       net (fo=1681, routed)        1.816    10.787    U0_ps_ai_peripheral/frame_to_ps_inst0/frame_read_write_m0/read_buf/U0/inst_fifo_gen/gconvfifo.rf/grf.rf/gntv_or_sync_fifo.mem/gbm.gbmg.gbmga.ngecc.bmg/inst_blk_mem_gen/gnbram.gnativebmg.native_blk_mem_gen/valid.cstr/ramloop[50].ram.r/prim_noinit.ram/rd_clk
                  RAMB36_X1Y1          RAMB36E1                                     r  U0_ps_ai_peripheral/frame_to_ps_inst0/frame_read_write_m0/read_buf/U0/inst_fifo_gen/gconvfifo.rf/grf.rf/gntv_or_sync_fifo.mem/gbm.gbmg.gbmga.ngecc.bmg/inst_blk_mem_gen/gnbram.gnativebmg.native_blk_mem_gen/valid.cstr/ramloop[50].ram.r/prim_noinit.ram/DEVICE_7SERIES.NO_BMM_INFO.SDP.SIMPLE_PRIM36.ram/CLKBWRCLK
                                       clock pessimism              0.582    11.370    
                                       clock uncertainty           -0.052    11.317    
                  RAMB36_X1Y1          RAMB36E1 (Setup_ramb36e1_CLKBWRCLK_ENBWREN)
                                                                   -0.328    10.989    U0_ps_ai_peripheral/frame_to_ps_inst0/frame_read_write_m0/read_buf/U0/inst_fifo_gen/gconvfifo.rf/grf.rf/gntv_or_sync_fifo.mem/gbm.gbmg.gbmga.ngecc.bmg/inst_blk_mem_gen/gnbram.gnativebmg.native_blk_mem_gen/valid.cstr/ramloop[50].ram.r/prim_noinit.ram/DEVICE_7SERIES.NO_BMM_INFO.SDP.SIMPLE_PRIM36.ram
  ---------------------------------------------------------------------------------
                                       required time                         10.989    
                                       arrival time                         -10.787    
  ---------------------------------------------------------------------------------
                                       slack                                  0.203    

Slack (MET) :             0.206ns  (required time - arrival time)
  Source:                 U0_ps_ai_peripheral/a2sync_reset_cam0_clk/reset_2d_reg/C
                            (rising edge-triggered cell FDPE clocked by clk_pll_i  {rise@0.000ns fall@2.500ns period=5.000ns})
  Destination:            U0_ps_ai_peripheral/frame_to_ps_inst0/rgb888_2_yuv422_u0/v_reg[0]/R
                            (rising edge-triggered cell FDRE clocked by clk_pll_i  {rise@0.000ns fall@2.500ns period=5.000ns})
  Path Group:             clk_pll_i
  Path Type:              Setup (Max at Slow Process Corner)
  Requirement:            5.000ns  (clk_pll_i rise@5.000ns - clk_pll_i rise@0.000ns)
  Data Path Delay:        3.939ns  (logic 0.272ns (6.905%)  route 3.667ns (93.095%))
  Logic Levels:           1  (LUT2=1)
  Clock Path Skew:        -0.428ns (DCD - SCD + CPR)
    Destination Clock Delay (DCD):    5.899ns = ( 10.899 - 5.000 ) 
    Source Clock Delay      (SCD):    6.816ns
    Clock Pessimism Removal (CPR):    0.488ns
  Clock Uncertainty:      0.052ns  ((TSJ^2 + DJ^2)^1/2) / 2 + PE
    Total System Jitter     (TSJ):    0.071ns
    Discrete Jitter          (DJ):    0.077ns
    Phase Error              (PE):    0.000ns

    Pin Reuse     Location             Delay type                Incr(ns)  Path(ns)    Netlist Resource(s)
  ---------------------------------------------------------------------------------    -------------------
                                       (clock clk_pll_i rise edge)
                                                                    0.000     0.000 r  
                  C8                                                0.000     0.000 r  sys_clk_p (IN)
                                       net (fo=0)                   0.000     0.000    U0_ps_ai_peripheral/mig_ddr3_u0/u_mig_7series_0_mig/u_ddr3_clk_ibuf/sys_clk_p
                  C8                                                                r  U0_ps_ai_peripheral/mig_ddr3_u0/u_mig_7series_0_mig/u_ddr3_clk_ibuf/diff_input_clk.u_ibufg_sys_clk/I
                  C8                   IBUFDS (Prop_ibufds_I_O)     0.855     0.855 r  U0_ps_ai_peripheral/mig_ddr3_u0/u_mig_7series_0_mig/u_ddr3_clk_ibuf/diff_input_clk.u_ibufg_sys_clk/O
                                       net (fo=3, routed)           1.098     1.953    U0_ps_ai_peripheral/mig_ddr3_u0/u_mig_7series_0_mig/u_ddr3_infrastructure/out
                  PLLE2_ADV_X1Y2                                                    r  U0_ps_ai_peripheral/mig_ddr3_u0/u_mig_7series_0_mig/u_ddr3_infrastructure/plle2_i/CLKIN1
                  PLLE2_ADV_X1Y2       PLLE2_ADV (Prop_plle2_adv_CLKIN1_CLKOUT3)
                                                                    0.077     2.030 r  U0_ps_ai_peripheral/mig_ddr3_u0/u_mig_7series_0_mig/u_ddr3_infrastructure/plle2_i/CLKOUT3
                                       net (fo=1, routed)           1.145     3.175    U0_ps_ai_peripheral/mig_ddr3_u0/u_mig_7series_0_mig/u_ddr3_infrastructure/pll_clk3_out
                  BUFHCE_X1Y24                                                      r  U0_ps_ai_peripheral/mig_ddr3_u0/u_mig_7series_0_mig/u_ddr3_infrastructure/u_bufh_pll_clk3/I
                  BUFHCE_X1Y24         BUFH (Prop_bufh_I_O)         0.103     3.278 r  U0_ps_ai_peripheral/mig_ddr3_u0/u_mig_7series_0_mig/u_ddr3_infrastructure/u_bufh_pll_clk3/O
                                       net (fo=1, routed)           0.779     4.057    U0_ps_ai_peripheral/mig_ddr3_u0/u_mig_7series_0_mig/u_ddr3_infrastructure/pll_clk3
                  MMCME2_ADV_X1Y2                                                   r  U0_ps_ai_peripheral/mig_ddr3_u0/u_mig_7series_0_mig/u_ddr3_infrastructure/gen_mmcm.mmcm_i/CLKIN1
                  MMCME2_ADV_X1Y2      MMCME2_ADV (Prop_mmcme2_adv_CLKIN1_CLKFBOUT)
                                                                   -2.933     1.124 r  U0_ps_ai_peripheral/mig_ddr3_u0/u_mig_7series_0_mig/u_ddr3_infrastructure/gen_mmcm.mmcm_i/CLKFBOUT
                                       net (fo=1, routed)           1.442     2.566    U0_ps_ai_peripheral/mig_ddr3_u0/u_mig_7series_0_mig/u_ddr3_infrastructure/clk_pll_i
                  BUFGCTRL_X0Y16                                                    r  U0_ps_ai_peripheral/mig_ddr3_u0/u_mig_7series_0_mig/u_ddr3_infrastructure/u_bufg_clkdiv0/I
                  BUFGCTRL_X0Y16       BUFG (Prop_bufg_I_O)         0.093     2.659 r  U0_ps_ai_peripheral/mig_ddr3_u0/u_mig_7series_0_mig/u_ddr3_infrastructure/u_bufg_clkdiv0/O
                                       net (fo=103920, routed)      1.702     4.360    rx_sdi_inst/SDI0/SDI/ui_clk
                  SLICE_X108Y38                                                     r  rx_sdi_inst/SDI0/SDI/cam_clk_inferred_i_1/I1
                  SLICE_X108Y38        LUT3 (Prop_lut3_I1_O)        0.043     4.403 r  rx_sdi_inst/SDI0/SDI/cam_clk_inferred_i_1/O
                                       net (fo=1681, routed)        2.412     6.816    U0_ps_ai_peripheral/a2sync_reset_cam0_clk/CLK
                  SLICE_X15Y95         FDPE                                         r  U0_ps_ai_peripheral/a2sync_reset_cam0_clk/reset_2d_reg/C
  ---------------------------------------------------------------------------------    -------------------
    Placement     SLICE_X15Y95         FDPE (Prop_fdpe_C_Q)         0.223     7.039 r  U0_ps_ai_peripheral/a2sync_reset_cam0_clk/reset_2d_reg/Q
                                       net (fo=758, routed)         2.892     9.931    U0_ps_ai_peripheral/a2sync_reset_cam0_clk/SR[0]
    Placement     SLICE_X87Y187                                                     r  U0_ps_ai_peripheral/a2sync_reset_cam0_clk/v[7]_i_1/I0
    Placement     SLICE_X87Y187        LUT2 (Prop_lut2_I0_O)        0.049     9.980 r  U0_ps_ai_peripheral/a2sync_reset_cam0_clk/v[7]_i_1/O
                                       net (fo=8, routed)           0.775    10.755    U0_ps_ai_peripheral/frame_to_ps_inst0/rgb888_2_yuv422_u0/v_reg[0]_0[0]
    Placement     SLICE_X100Y177       FDRE                                         r  U0_ps_ai_peripheral/frame_to_ps_inst0/rgb888_2_yuv422_u0/v_reg[0]/R
  ---------------------------------------------------------------------------------    -------------------

                                       (clock clk_pll_i rise edge)
                                                                    5.000     5.000 r  
                  C8                                                0.000     5.000 r  sys_clk_p (IN)
                                       net (fo=0)                   0.000     5.000    U0_ps_ai_peripheral/mig_ddr3_u0/u_mig_7series_0_mig/u_ddr3_clk_ibuf/sys_clk_p
                  C8                                                                r  U0_ps_ai_peripheral/mig_ddr3_u0/u_mig_7series_0_mig/u_ddr3_clk_ibuf/diff_input_clk.u_ibufg_sys_clk/I
                  C8                   IBUFDS (Prop_ibufds_I_O)     0.758     5.758 r  U0_ps_ai_peripheral/mig_ddr3_u0/u_mig_7series_0_mig/u_ddr3_clk_ibuf/diff_input_clk.u_ibufg_sys_clk/O
                                       net (fo=3, routed)           1.001     6.759    U0_ps_ai_peripheral/mig_ddr3_u0/u_mig_7series_0_mig/u_ddr3_infrastructure/out
                  PLLE2_ADV_X1Y2                                                    r  U0_ps_ai_peripheral/mig_ddr3_u0/u_mig_7series_0_mig/u_ddr3_infrastructure/plle2_i/CLKIN1
                  PLLE2_ADV_X1Y2       PLLE2_ADV (Prop_plle2_adv_CLKIN1_CLKOUT3)
                                                                    0.073     6.832 r  U0_ps_ai_peripheral/mig_ddr3_u0/u_mig_7series_0_mig/u_ddr3_infrastructure/plle2_i/CLKOUT3
                                       net (fo=1, routed)           1.033     7.865    U0_ps_ai_peripheral/mig_ddr3_u0/u_mig_7series_0_mig/u_ddr3_infrastructure/pll_clk3_out
                  BUFHCE_X1Y24                                                      r  U0_ps_ai_peripheral/mig_ddr3_u0/u_mig_7series_0_mig/u_ddr3_infrastructure/u_bufh_pll_clk3/I
                  BUFHCE_X1Y24         BUFH (Prop_bufh_I_O)         0.066     7.931 r  U0_ps_ai_peripheral/mig_ddr3_u0/u_mig_7series_0_mig/u_ddr3_infrastructure/u_bufh_pll_clk3/O
                                       net (fo=1, routed)           0.710     8.641    U0_ps_ai_peripheral/mig_ddr3_u0/u_mig_7series_0_mig/u_ddr3_infrastructure/pll_clk3
                  MMCME2_ADV_X1Y2                                                   r  U0_ps_ai_peripheral/mig_ddr3_u0/u_mig_7series_0_mig/u_ddr3_infrastructure/gen_mmcm.mmcm_i/CLKIN1
                  MMCME2_ADV_X1Y2      MMCME2_ADV (Prop_mmcme2_adv_CLKIN1_CLKFBOUT)
                                                                   -2.652     5.989 r  U0_ps_ai_peripheral/mig_ddr3_u0/u_mig_7series_0_mig/u_ddr3_infrastructure/gen_mmcm.mmcm_i/CLKFBOUT
                                       net (fo=1, routed)           1.333     7.322    U0_ps_ai_peripheral/mig_ddr3_u0/u_mig_7series_0_mig/u_ddr3_infrastructure/clk_pll_i
                  BUFGCTRL_X0Y16                                                    r  U0_ps_ai_peripheral/mig_ddr3_u0/u_mig_7series_0_mig/u_ddr3_infrastructure/u_bufg_clkdiv0/I
                  BUFGCTRL_X0Y16       BUFG (Prop_bufg_I_O)         0.083     7.405 r  U0_ps_ai_peripheral/mig_ddr3_u0/u_mig_7series_0_mig/u_ddr3_infrastructure/u_bufg_clkdiv0/O
                                       net (fo=103920, routed)      1.530     8.935    rx_sdi_inst/SDI0/SDI/ui_clk
                  SLICE_X108Y38                                                     r  rx_sdi_inst/SDI0/SDI/cam_clk_inferred_i_1/I1
                  SLICE_X108Y38        LUT3 (Prop_lut3_I1_O)        0.036     8.971 r  rx_sdi_inst/SDI0/SDI/cam_clk_inferred_i_1/O
                                       net (fo=1681, routed)        1.928    10.899    U0_ps_ai_peripheral/frame_to_ps_inst0/rgb888_2_yuv422_u0/CLK
                  SLICE_X100Y177       FDRE                                         r  U0_ps_ai_peripheral/frame_to_ps_inst0/rgb888_2_yuv422_u0/v_reg[0]/C
                                       clock pessimism              0.488    11.387    
                                       clock uncertainty           -0.052    11.335    
                  SLICE_X100Y177       FDRE (Setup_fdre_C_R)       -0.374    10.961    U0_ps_ai_peripheral/frame_to_ps_inst0/rgb888_2_yuv422_u0/v_reg[0]
  ---------------------------------------------------------------------------------
                                       required time                         10.961    
                                       arrival time                         -10.755    
  ---------------------------------------------------------------------------------
                                       slack                                  0.206    




