Copyright 1986-2018 Xilinx, Inc. All Rights Reserved.
---------------------------------------------------------------------------------------------------------------------------------------------------------------------------------------------------------------------------------------------------------------
| Tool Version : Vivado v.2018.3 (win64) Build 2405991 Thu Dec  6 23:38:27 MST 2018
| Date         : Wed Sep 30 16:17:05 2026
| Host         : cysc-0286 running 64-bit major release  (build 9200)
| Command      : report_timing -delay_type min -through [get_pins -hier -filter {NAME =~ U_adder_top/U_flicker/* && DIRECTION == OUT}] -max_paths 20 -file D:/ADProjects/FPGA43DGS/examples/3dgs_flicker_hw/build/rom_post_route_20260930/after/render_min.rpt
| Design       : ai7030_edif_top
| Device       : 7z030-ffg676
| Speed File   : -2  PRODUCTION 1.11 2025-11-03
---------------------------------------------------------------------------------------------------------------------------------------------------------------------------------------------------------------------------------------------------------------

Timing Report

Slack (MET) :             0.050ns  (arrival time - required time)
  Source:                 U_adder_top/U_flicker/render/render_lane_3u_U0/grp_evaluate_mini_3u_s_fu_573/my_reg_756_reg[11]/C
                            (rising edge-triggered cell FDRE clocked by clk_pll_i  {rise@0.000ns fall@2.500ns period=5.000ns})
  Destination:            U_adder_top/U_flicker/render/render_lane_3u_U0/grp_evaluate_mini_3u_s_fu_573/flicker_render_piyd2_U282/din0_buf1_reg[11]/D
                            (rising edge-triggered cell FDRE clocked by clk_pll_i  {rise@0.000ns fall@2.500ns period=5.000ns})
  Path Group:             clk_pll_i
  Path Type:              Hold (Min at Fast Process Corner)
  Requirement:            0.000ns  (clk_pll_i rise@0.000ns - clk_pll_i rise@0.000ns)
  Data Path Delay:        0.237ns  (logic 0.100ns (42.169%)  route 0.137ns (57.831%))
  Logic Levels:           0  
  Clock Path Skew:        0.140ns (DCD - SCD - CPR)
    Destination Clock Delay (DCD):    2.013ns
    Source Clock Delay      (SCD):    1.704ns
    Clock Pessimism Removal (CPR):    0.168ns

    Pin Reuse     Location             Delay type                Incr(ns)  Path(ns)    Netlist Resource(s)
  ---------------------------------------------------------------------------------    -------------------
                                       (clock clk_pll_i rise edge)
                                                                    0.000     0.000 r  
                  C8                                                0.000     0.000 r  sys_clk_p (IN)
                                       net (fo=0)                   0.000     0.000    U0_ps_ai_peripheral/mig_ddr3_u0/u_mig_7series_0_mig/u_ddr3_clk_ibuf/sys_clk_p
                  C8                                                                r  U0_ps_ai_peripheral/mig_ddr3_u0/u_mig_7series_0_mig/u_ddr3_clk_ibuf/diff_input_clk.u_ibufg_sys_clk/I
                  C8                   IBUFDS (Prop_ibufds_I_O)     0.390     0.390 r  U0_ps_ai_peripheral/mig_ddr3_u0/u_mig_7series_0_mig/u_ddr3_clk_ibuf/diff_input_clk.u_ibufg_sys_clk/O
                                       net (fo=3, routed)           0.503     0.893    U0_ps_ai_peripheral/mig_ddr3_u0/u_mig_7series_0_mig/u_ddr3_infrastructure/out
                  PLLE2_ADV_X1Y2                                                    r  U0_ps_ai_peripheral/mig_ddr3_u0/u_mig_7series_0_mig/u_ddr3_infrastructure/plle2_i/CLKIN1
                  PLLE2_ADV_X1Y2       PLLE2_ADV (Prop_plle2_adv_CLKIN1_CLKOUT3)
                                                                    0.050     0.943 r  U0_ps_ai_peripheral/mig_ddr3_u0/u_mig_7series_0_mig/u_ddr3_infrastructure/plle2_i/CLKOUT3
                                       net (fo=1, routed)           0.378     1.321    U0_ps_ai_peripheral/mig_ddr3_u0/u_mig_7series_0_mig/u_ddr3_infrastructure/pll_clk3_out
                  BUFHCE_X1Y24                                                      r  U0_ps_ai_peripheral/mig_ddr3_u0/u_mig_7series_0_mig/u_ddr3_infrastructure/u_bufh_pll_clk3/I
                  BUFHCE_X1Y24         BUFH (Prop_bufh_I_O)         0.023     1.344 r  U0_ps_ai_peripheral/mig_ddr3_u0/u_mig_7series_0_mig/u_ddr3_infrastructure/u_bufh_pll_clk3/O
                                       net (fo=1, routed)           0.343     1.687    U0_ps_ai_peripheral/mig_ddr3_u0/u_mig_7series_0_mig/u_ddr3_infrastructure/pll_clk3
                  MMCME2_ADV_X1Y2                                                   r  U0_ps_ai_peripheral/mig_ddr3_u0/u_mig_7series_0_mig/u_ddr3_infrastructure/gen_mmcm.mmcm_i/CLKIN1
                  MMCME2_ADV_X1Y2      MMCME2_ADV (Prop_mmcme2_adv_CLKIN1_CLKFBOUT)
                                                                   -1.165     0.522 r  U0_ps_ai_peripheral/mig_ddr3_u0/u_mig_7series_0_mig/u_ddr3_infrastructure/gen_mmcm.mmcm_i/CLKFBOUT
                                       net (fo=1, routed)           0.559     1.081    U0_ps_ai_peripheral/mig_ddr3_u0/u_mig_7series_0_mig/u_ddr3_infrastructure/clk_pll_i
                  BUFGCTRL_X0Y16                                                    r  U0_ps_ai_peripheral/mig_ddr3_u0/u_mig_7series_0_mig/u_ddr3_infrastructure/u_bufg_clkdiv0/I
                  BUFGCTRL_X0Y16       BUFG (Prop_bufg_I_O)         0.026     1.107 r  U0_ps_ai_peripheral/mig_ddr3_u0/u_mig_7series_0_mig/u_ddr3_infrastructure/u_bufg_clkdiv0/O
                                       net (fo=103920, routed)      0.597     1.704    U_adder_top/U_flicker/render/render_lane_3u_U0/grp_evaluate_mini_3u_s_fu_573/ui_clk
                  SLICE_X61Y49         FDRE                                         r  U_adder_top/U_flicker/render/render_lane_3u_U0/grp_evaluate_mini_3u_s_fu_573/my_reg_756_reg[11]/C
  ---------------------------------------------------------------------------------    -------------------
    Placement     SLICE_X61Y49         FDRE (Prop_fdre_C_Q)         0.100     1.804 r  U_adder_top/U_flicker/render/render_lane_3u_U0/grp_evaluate_mini_3u_s_fu_573/my_reg_756_reg[11]/Q
                                       net (fo=1, routed)           0.137     1.942    U_adder_top/U_flicker/render/render_lane_3u_U0/grp_evaluate_mini_3u_s_fu_573/flicker_render_piyd2_U282/Q[11]
    Placement     SLICE_X61Y50         FDRE                                         r  U_adder_top/U_flicker/render/render_lane_3u_U0/grp_evaluate_mini_3u_s_fu_573/flicker_render_piyd2_U282/din0_buf1_reg[11]/D
  ---------------------------------------------------------------------------------    -------------------

                                       (clock clk_pll_i rise edge)
                                                                    0.000     0.000 r  
                  C8                                                0.000     0.000 r  sys_clk_p (IN)
                                       net (fo=0)                   0.000     0.000    U0_ps_ai_peripheral/mig_ddr3_u0/u_mig_7series_0_mig/u_ddr3_clk_ibuf/sys_clk_p
                  C8                                                                r  U0_ps_ai_peripheral/mig_ddr3_u0/u_mig_7series_0_mig/u_ddr3_clk_ibuf/diff_input_clk.u_ibufg_sys_clk/I
                  C8                   IBUFDS (Prop_ibufds_I_O)     0.469     0.469 r  U0_ps_ai_peripheral/mig_ddr3_u0/u_mig_7series_0_mig/u_ddr3_clk_ibuf/diff_input_clk.u_ibufg_sys_clk/O
                                       net (fo=3, routed)           0.554     1.023    U0_ps_ai_peripheral/mig_ddr3_u0/u_mig_7series_0_mig/u_ddr3_infrastructure/out
                  PLLE2_ADV_X1Y2                                                    r  U0_ps_ai_peripheral/mig_ddr3_u0/u_mig_7series_0_mig/u_ddr3_infrastructure/plle2_i/CLKIN1
                  PLLE2_ADV_X1Y2       PLLE2_ADV (Prop_plle2_adv_CLKIN1_CLKOUT3)
                                                                    0.053     1.076 r  U0_ps_ai_peripheral/mig_ddr3_u0/u_mig_7series_0_mig/u_ddr3_infrastructure/plle2_i/CLKOUT3
                                       net (fo=1, routed)           0.437     1.513    U0_ps_ai_peripheral/mig_ddr3_u0/u_mig_7series_0_mig/u_ddr3_infrastructure/pll_clk3_out
                  BUFHCE_X1Y24                                                      r  U0_ps_ai_peripheral/mig_ddr3_u0/u_mig_7series_0_mig/u_ddr3_infrastructure/u_bufh_pll_clk3/I
                  BUFHCE_X1Y24         BUFH (Prop_bufh_I_O)         0.045     1.558 r  U0_ps_ai_peripheral/mig_ddr3_u0/u_mig_7series_0_mig/u_ddr3_infrastructure/u_bufh_pll_clk3/O
                                       net (fo=1, routed)           0.506     2.064    U0_ps_ai_peripheral/mig_ddr3_u0/u_mig_7series_0_mig/u_ddr3_infrastructure/pll_clk3
                  MMCME2_ADV_X1Y2                                                   r  U0_ps_ai_peripheral/mig_ddr3_u0/u_mig_7series_0_mig/u_ddr3_infrastructure/gen_mmcm.mmcm_i/CLKIN1
                  MMCME2_ADV_X1Y2      MMCME2_ADV (Prop_mmcme2_adv_CLKIN1_CLKFBOUT)
                                                                   -1.449     0.615 r  U0_ps_ai_peripheral/mig_ddr3_u0/u_mig_7series_0_mig/u_ddr3_infrastructure/gen_mmcm.mmcm_i/CLKFBOUT
                                       net (fo=1, routed)           0.623     1.238    U0_ps_ai_peripheral/mig_ddr3_u0/u_mig_7series_0_mig/u_ddr3_infrastructure/clk_pll_i
                  BUFGCTRL_X0Y16                                                    r  U0_ps_ai_peripheral/mig_ddr3_u0/u_mig_7series_0_mig/u_ddr3_infrastructure/u_bufg_clkdiv0/I
                  BUFGCTRL_X0Y16       BUFG (Prop_bufg_I_O)         0.030     1.268 r  U0_ps_ai_peripheral/mig_ddr3_u0/u_mig_7series_0_mig/u_ddr3_infrastructure/u_bufg_clkdiv0/O
                                       net (fo=103920, routed)      0.745     2.013    U_adder_top/U_flicker/render/render_lane_3u_U0/grp_evaluate_mini_3u_s_fu_573/flicker_render_piyd2_U282/ui_clk
                  SLICE_X61Y50         FDRE                                         r  U_adder_top/U_flicker/render/render_lane_3u_U0/grp_evaluate_mini_3u_s_fu_573/flicker_render_piyd2_U282/din0_buf1_reg[11]/C
                                       clock pessimism             -0.168     1.844    
                  SLICE_X61Y50         FDRE (Hold_fdre_C_D)         0.047     1.891    U_adder_top/U_flicker/render/render_lane_3u_U0/grp_evaluate_mini_3u_s_fu_573/flicker_render_piyd2_U282/din0_buf1_reg[11]
  ---------------------------------------------------------------------------------
                                       required time                         -1.891    
                                       arrival time                           1.942    
  ---------------------------------------------------------------------------------
                                       slack                                  0.050    

Slack (MET) :             0.052ns  (arrival time - required time)
  Source:                 U_adder_top/U_flicker/render/render_lane_3u_U0/grp_evaluate_mini_3u_s_fu_573/tmp_201_reg_1071_reg[4]/C
                            (rising edge-triggered cell FDRE clocked by clk_pll_i  {rise@0.000ns fall@2.500ns period=5.000ns})
  Destination:            U_adder_top/U_flicker/render/render_lane_3u_U0/mg_U/render_lane_0u_s_mr_ram_U/ram_reg/DIBDI[4]
                            (rising edge-triggered cell RAMB18E1 clocked by clk_pll_i  {rise@0.000ns fall@2.500ns period=5.000ns})
  Path Group:             clk_pll_i
  Path Type:              Hold (Min at Fast Process Corner)
  Requirement:            0.000ns  (clk_pll_i rise@0.000ns - clk_pll_i rise@0.000ns)
  Data Path Delay:        0.525ns  (logic 0.091ns (17.334%)  route 0.434ns (82.666%))
  Logic Levels:           0  
  Clock Path Skew:        0.356ns (DCD - SCD - CPR)
    Destination Clock Delay (DCD):    2.167ns
    Source Clock Delay      (SCD):    1.643ns
    Clock Pessimism Removal (CPR):    0.168ns

    Pin Reuse     Location             Delay type                Incr(ns)  Path(ns)    Netlist Resource(s)
  ---------------------------------------------------------------------------------    -------------------
                                       (clock clk_pll_i rise edge)
                                                                    0.000     0.000 r  
                  C8                                                0.000     0.000 r  sys_clk_p (IN)
                                       net (fo=0)                   0.000     0.000    U0_ps_ai_peripheral/mig_ddr3_u0/u_mig_7series_0_mig/u_ddr3_clk_ibuf/sys_clk_p
                  C8                                                                r  U0_ps_ai_peripheral/mig_ddr3_u0/u_mig_7series_0_mig/u_ddr3_clk_ibuf/diff_input_clk.u_ibufg_sys_clk/I
                  C8                   IBUFDS (Prop_ibufds_I_O)     0.390     0.390 r  U0_ps_ai_peripheral/mig_ddr3_u0/u_mig_7series_0_mig/u_ddr3_clk_ibuf/diff_input_clk.u_ibufg_sys_clk/O
                                       net (fo=3, routed)           0.503     0.893    U0_ps_ai_peripheral/mig_ddr3_u0/u_mig_7series_0_mig/u_ddr3_infrastructure/out
                  PLLE2_ADV_X1Y2                                                    r  U0_ps_ai_peripheral/mig_ddr3_u0/u_mig_7series_0_mig/u_ddr3_infrastructure/plle2_i/CLKIN1
                  PLLE2_ADV_X1Y2       PLLE2_ADV (Prop_plle2_adv_CLKIN1_CLKOUT3)
                                                                    0.050     0.943 r  U0_ps_ai_peripheral/mig_ddr3_u0/u_mig_7series_0_mig/u_ddr3_infrastructure/plle2_i/CLKOUT3
                                       net (fo=1, routed)           0.378     1.321    U0_ps_ai_peripheral/mig_ddr3_u0/u_mig_7series_0_mig/u_ddr3_infrastructure/pll_clk3_out
                  BUFHCE_X1Y24                                                      r  U0_ps_ai_peripheral/mig_ddr3_u0/u_mig_7series_0_mig/u_ddr3_infrastructure/u_bufh_pll_clk3/I
                  BUFHCE_X1Y24         BUFH (Prop_bufh_I_O)         0.023     1.344 r  U0_ps_ai_peripheral/mig_ddr3_u0/u_mig_7series_0_mig/u_ddr3_infrastructure/u_bufh_pll_clk3/O
                                       net (fo=1, routed)           0.343     1.687    U0_ps_ai_peripheral/mig_ddr3_u0/u_mig_7series_0_mig/u_ddr3_infrastructure/pll_clk3
                  MMCME2_ADV_X1Y2                                                   r  U0_ps_ai_peripheral/mig_ddr3_u0/u_mig_7series_0_mig/u_ddr3_infrastructure/gen_mmcm.mmcm_i/CLKIN1
                  MMCME2_ADV_X1Y2      MMCME2_ADV (Prop_mmcme2_adv_CLKIN1_CLKFBOUT)
                                                                   -1.165     0.522 r  U0_ps_ai_peripheral/mig_ddr3_u0/u_mig_7series_0_mig/u_ddr3_infrastructure/gen_mmcm.mmcm_i/CLKFBOUT
                                       net (fo=1, routed)           0.559     1.081    U0_ps_ai_peripheral/mig_ddr3_u0/u_mig_7series_0_mig/u_ddr3_infrastructure/clk_pll_i
                  BUFGCTRL_X0Y16                                                    r  U0_ps_ai_peripheral/mig_ddr3_u0/u_mig_7series_0_mig/u_ddr3_infrastructure/u_bufg_clkdiv0/I
                  BUFGCTRL_X0Y16       BUFG (Prop_bufg_I_O)         0.026     1.107 r  U0_ps_ai_peripheral/mig_ddr3_u0/u_mig_7series_0_mig/u_ddr3_infrastructure/u_bufg_clkdiv0/O
                                       net (fo=103920, routed)      0.536     1.643    U_adder_top/U_flicker/render/render_lane_3u_U0/grp_evaluate_mini_3u_s_fu_573/ui_clk
                  SLICE_X87Y141        FDRE                                         r  U_adder_top/U_flicker/render/render_lane_3u_U0/grp_evaluate_mini_3u_s_fu_573/tmp_201_reg_1071_reg[4]/C
  ---------------------------------------------------------------------------------    -------------------
    Placement     SLICE_X87Y141        FDRE (Prop_fdre_C_Q)         0.091     1.734 r  U_adder_top/U_flicker/render/render_lane_3u_U0/grp_evaluate_mini_3u_s_fu_573/tmp_201_reg_1071_reg[4]/Q
                                       net (fo=1, routed)           0.434     2.168    U_adder_top/U_flicker/render/render_lane_3u_U0/mg_U/render_lane_0u_s_mr_ram_U/ram_reg_2[4]
    Placement     RAMB18_X5Y61         RAMB18E1                                     r  U_adder_top/U_flicker/render/render_lane_3u_U0/mg_U/render_lane_0u_s_mr_ram_U/ram_reg/DIBDI[4]
  ---------------------------------------------------------------------------------    -------------------

                                       (clock clk_pll_i rise edge)
                                                                    0.000     0.000 r  
                  C8                                                0.000     0.000 r  sys_clk_p (IN)
                                       net (fo=0)                   0.000     0.000    U0_ps_ai_peripheral/mig_ddr3_u0/u_mig_7series_0_mig/u_ddr3_clk_ibuf/sys_clk_p
                  C8                                                                r  U0_ps_ai_peripheral/mig_ddr3_u0/u_mig_7series_0_mig/u_ddr3_clk_ibuf/diff_input_clk.u_ibufg_sys_clk/I
                  C8                   IBUFDS (Prop_ibufds_I_O)     0.469     0.469 r  U0_ps_ai_peripheral/mig_ddr3_u0/u_mig_7series_0_mig/u_ddr3_clk_ibuf/diff_input_clk.u_ibufg_sys_clk/O
                                       net (fo=3, routed)           0.554     1.023    U0_ps_ai_peripheral/mig_ddr3_u0/u_mig_7series_0_mig/u_ddr3_infrastructure/out
                  PLLE2_ADV_X1Y2                                                    r  U0_ps_ai_peripheral/mig_ddr3_u0/u_mig_7series_0_mig/u_ddr3_infrastructure/plle2_i/CLKIN1
                  PLLE2_ADV_X1Y2       PLLE2_ADV (Prop_plle2_adv_CLKIN1_CLKOUT3)
                                                                    0.053     1.076 r  U0_ps_ai_peripheral/mig_ddr3_u0/u_mig_7series_0_mig/u_ddr3_infrastructure/plle2_i/CLKOUT3
                                       net (fo=1, routed)           0.437     1.513    U0_ps_ai_peripheral/mig_ddr3_u0/u_mig_7series_0_mig/u_ddr3_infrastructure/pll_clk3_out
                  BUFHCE_X1Y24                                                      r  U0_ps_ai_peripheral/mig_ddr3_u0/u_mig_7series_0_mig/u_ddr3_infrastructure/u_bufh_pll_clk3/I
                  BUFHCE_X1Y24         BUFH (Prop_bufh_I_O)         0.045     1.558 r  U0_ps_ai_peripheral/mig_ddr3_u0/u_mig_7series_0_mig/u_ddr3_infrastructure/u_bufh_pll_clk3/O
                                       net (fo=1, routed)           0.506     2.064    U0_ps_ai_peripheral/mig_ddr3_u0/u_mig_7series_0_mig/u_ddr3_infrastructure/pll_clk3
                  MMCME2_ADV_X1Y2                                                   r  U0_ps_ai_peripheral/mig_ddr3_u0/u_mig_7series_0_mig/u_ddr3_infrastructure/gen_mmcm.mmcm_i/CLKIN1
                  MMCME2_ADV_X1Y2      MMCME2_ADV (Prop_mmcme2_adv_CLKIN1_CLKFBOUT)
                                                                   -1.449     0.615 r  U0_ps_ai_peripheral/mig_ddr3_u0/u_mig_7series_0_mig/u_ddr3_infrastructure/gen_mmcm.mmcm_i/CLKFBOUT
                                       net (fo=1, routed)           0.623     1.238    U0_ps_ai_peripheral/mig_ddr3_u0/u_mig_7series_0_mig/u_ddr3_infrastructure/clk_pll_i
                  BUFGCTRL_X0Y16                                                    r  U0_ps_ai_peripheral/mig_ddr3_u0/u_mig_7series_0_mig/u_ddr3_infrastructure/u_bufg_clkdiv0/I
                  BUFGCTRL_X0Y16       BUFG (Prop_bufg_I_O)         0.030     1.268 r  U0_ps_ai_peripheral/mig_ddr3_u0/u_mig_7series_0_mig/u_ddr3_infrastructure/u_bufg_clkdiv0/O
                                       net (fo=103920, routed)      0.900     2.167    U_adder_top/U_flicker/render/render_lane_3u_U0/mg_U/render_lane_0u_s_mr_ram_U/ui_clk
                  RAMB18_X5Y61         RAMB18E1                                     r  U_adder_top/U_flicker/render/render_lane_3u_U0/mg_U/render_lane_0u_s_mr_ram_U/ram_reg/CLKBWRCLK
                                       clock pessimism             -0.168     1.999    
                  RAMB18_X5Y61         RAMB18E1 (Hold_ramb18e1_CLKBWRCLK_DIBDI[4])
                                                                    0.117     2.116    U_adder_top/U_flicker/render/render_lane_3u_U0/mg_U/render_lane_0u_s_mr_ram_U/ram_reg
  ---------------------------------------------------------------------------------
                                       required time                         -2.116    
                                       arrival time                           2.168    
  ---------------------------------------------------------------------------------
                                       slack                                  0.052    

Slack (MET) :             0.054ns  (arrival time - required time)
  Source:                 U_adder_top/U_flicker/render/render_lane_0u_U0/grp_evaluate_mini_0u_s_fu_563/flicker_render_piyd2_U144/flicker_render_pipeline_ap_hsub_8_full_dsp_16_u/U0/i_synth/ADDSUB_OP.ADDSUB/SPEED_OP.DSP.OP/DSP48E1_BODY_HP.EXP/COND_DET_B/EXP_DET_LUT.EXP_ALL_ONE_DEL/i_pipe/opt_has_pipe.first_q_reg[0]/C
                            (rising edge-triggered cell FDRE clocked by clk_pll_i  {rise@0.000ns fall@2.500ns period=5.000ns})
  Destination:            U_adder_top/U_flicker/render/render_lane_0u_U0/grp_evaluate_mini_0u_s_fu_563/flicker_render_piyd2_U144/flicker_render_pipeline_ap_hsub_8_full_dsp_16_u/U0/i_synth/ADDSUB_OP.ADDSUB/SPEED_OP.DSP.OP/DSP48E1_BODY_HP.EXP/STATE_DELAY/i_pipe/opt_has_pipe.first_q_reg[0]/D
                            (rising edge-triggered cell FDRE clocked by clk_pll_i  {rise@0.000ns fall@2.500ns period=5.000ns})
  Path Group:             clk_pll_i
  Path Type:              Hold (Min at Fast Process Corner)
  Requirement:            0.000ns  (clk_pll_i rise@0.000ns - clk_pll_i rise@0.000ns)
  Data Path Delay:        0.305ns  (logic 0.128ns (41.964%)  route 0.177ns (58.036%))
  Logic Levels:           1  (LUT4=1)
  Clock Path Skew:        0.191ns (DCD - SCD - CPR)
    Destination Clock Delay (DCD):    2.011ns
    Source Clock Delay      (SCD):    1.651ns
    Clock Pessimism Removal (CPR):    0.168ns

    Pin Reuse     Location             Delay type                Incr(ns)  Path(ns)    Netlist Resource(s)
  ---------------------------------------------------------------------------------    -------------------
                                       (clock clk_pll_i rise edge)
                                                                    0.000     0.000 r  
                  C8                                                0.000     0.000 r  sys_clk_p (IN)
                                       net (fo=0)                   0.000     0.000    U0_ps_ai_peripheral/mig_ddr3_u0/u_mig_7series_0_mig/u_ddr3_clk_ibuf/sys_clk_p
                  C8                                                                r  U0_ps_ai_peripheral/mig_ddr3_u0/u_mig_7series_0_mig/u_ddr3_clk_ibuf/diff_input_clk.u_ibufg_sys_clk/I
                  C8                   IBUFDS (Prop_ibufds_I_O)     0.390     0.390 r  U0_ps_ai_peripheral/mig_ddr3_u0/u_mig_7series_0_mig/u_ddr3_clk_ibuf/diff_input_clk.u_ibufg_sys_clk/O
                                       net (fo=3, routed)           0.503     0.893    U0_ps_ai_peripheral/mig_ddr3_u0/u_mig_7series_0_mig/u_ddr3_infrastructure/out
                  PLLE2_ADV_X1Y2                                                    r  U0_ps_ai_peripheral/mig_ddr3_u0/u_mig_7series_0_mig/u_ddr3_infrastructure/plle2_i/CLKIN1
                  PLLE2_ADV_X1Y2       PLLE2_ADV (Prop_plle2_adv_CLKIN1_CLKOUT3)
                                                                    0.050     0.943 r  U0_ps_ai_peripheral/mig_ddr3_u0/u_mig_7series_0_mig/u_ddr3_infrastructure/plle2_i/CLKOUT3
                                       net (fo=1, routed)           0.378     1.321    U0_ps_ai_peripheral/mig_ddr3_u0/u_mig_7series_0_mig/u_ddr3_infrastructure/pll_clk3_out
                  BUFHCE_X1Y24                                                      r  U0_ps_ai_peripheral/mig_ddr3_u0/u_mig_7series_0_mig/u_ddr3_infrastructure/u_bufh_pll_clk3/I
                  BUFHCE_X1Y24         BUFH (Prop_bufh_I_O)         0.023     1.344 r  U0_ps_ai_peripheral/mig_ddr3_u0/u_mig_7series_0_mig/u_ddr3_infrastructure/u_bufh_pll_clk3/O
                                       net (fo=1, routed)           0.343     1.687    U0_ps_ai_peripheral/mig_ddr3_u0/u_mig_7series_0_mig/u_ddr3_infrastructure/pll_clk3
                  MMCME2_ADV_X1Y2                                                   r  U0_ps_ai_peripheral/mig_ddr3_u0/u_mig_7series_0_mig/u_ddr3_infrastructure/gen_mmcm.mmcm_i/CLKIN1
                  MMCME2_ADV_X1Y2      MMCME2_ADV (Prop_mmcme2_adv_CLKIN1_CLKFBOUT)
                                                                   -1.165     0.522 r  U0_ps_ai_peripheral/mig_ddr3_u0/u_mig_7series_0_mig/u_ddr3_infrastructure/gen_mmcm.mmcm_i/CLKFBOUT
                                       net (fo=1, routed)           0.559     1.081    U0_ps_ai_peripheral/mig_ddr3_u0/u_mig_7series_0_mig/u_ddr3_infrastructure/clk_pll_i
                  BUFGCTRL_X0Y16                                                    r  U0_ps_ai_peripheral/mig_ddr3_u0/u_mig_7series_0_mig/u_ddr3_infrastructure/u_bufg_clkdiv0/I
                  BUFGCTRL_X0Y16       BUFG (Prop_bufg_I_O)         0.026     1.107 r  U0_ps_ai_peripheral/mig_ddr3_u0/u_mig_7series_0_mig/u_ddr3_infrastructure/u_bufg_clkdiv0/O
                                       net (fo=103920, routed)      0.544     1.651    U_adder_top/U_flicker/render/render_lane_0u_U0/grp_evaluate_mini_0u_s_fu_563/flicker_render_piyd2_U144/flicker_render_pipeline_ap_hsub_8_full_dsp_16_u/U0/i_synth/ADDSUB_OP.ADDSUB/SPEED_OP.DSP.OP/DSP48E1_BODY_HP.EXP/COND_DET_B/EXP_DET_LUT.EXP_ALL_ONE_DEL/i_pipe/aclk
                  SLICE_X59Y53         FDRE                                         r  U_adder_top/U_flicker/render/render_lane_0u_U0/grp_evaluate_mini_0u_s_fu_563/flicker_render_piyd2_U144/flicker_render_pipeline_ap_hsub_8_full_dsp_16_u/U0/i_synth/ADDSUB_OP.ADDSUB/SPEED_OP.DSP.OP/DSP48E1_BODY_HP.EXP/COND_DET_B/EXP_DET_LUT.EXP_ALL_ONE_DEL/i_pipe/opt_has_pipe.first_q_reg[0]/C
  ---------------------------------------------------------------------------------    -------------------
    Placement     SLICE_X59Y53         FDRE (Prop_fdre_C_Q)         0.100     1.751 r  U_adder_top/U_flicker/render/render_lane_0u_U0/grp_evaluate_mini_0u_s_fu_563/flicker_render_piyd2_U144/flicker_render_pipeline_ap_hsub_8_full_dsp_16_u/U0/i_synth/ADDSUB_OP.ADDSUB/SPEED_OP.DSP.OP/DSP48E1_BODY_HP.EXP/COND_DET_B/EXP_DET_LUT.EXP_ALL_ONE_DEL/i_pipe/opt_has_pipe.first_q_reg[0]/Q
                                       net (fo=4, routed)           0.177     1.928    U_adder_top/U_flicker/render/render_lane_0u_U0/grp_evaluate_mini_0u_s_fu_563/flicker_render_piyd2_U144/flicker_render_pipeline_ap_hsub_8_full_dsp_16_u/U0/i_synth/ADDSUB_OP.ADDSUB/SPEED_OP.DSP.OP/DSP48E1_BODY_HP.EXP/COND_DET_B/EXP_DET_LUT.EXP_ALL_ZERO_DEL/i_pipe/opt_has_pipe.first_q_reg[0]_3[0]
    Placement     SLICE_X57Y51                                                      r  U_adder_top/U_flicker/render/render_lane_0u_U0/grp_evaluate_mini_0u_s_fu_563/flicker_render_piyd2_U144/flicker_render_pipeline_ap_hsub_8_full_dsp_16_u/U0/i_synth/ADDSUB_OP.ADDSUB/SPEED_OP.DSP.OP/DSP48E1_BODY_HP.EXP/COND_DET_B/EXP_DET_LUT.EXP_ALL_ZERO_DEL/i_pipe/opt_has_pipe.first_q[0]_i_1__6/I3
    Routing       SLICE_X57Y51         LUT4 (Prop_lut4_I3_O)        0.028     1.956 r  U_adder_top/U_flicker/render/render_lane_0u_U0/grp_evaluate_mini_0u_s_fu_563/flicker_render_piyd2_U144/flicker_render_pipeline_ap_hsub_8_full_dsp_16_u/U0/i_synth/ADDSUB_OP.ADDSUB/SPEED_OP.DSP.OP/DSP48E1_BODY_HP.EXP/COND_DET_B/EXP_DET_LUT.EXP_ALL_ZERO_DEL/i_pipe/opt_has_pipe.first_q[0]_i_1__6/O
                                       net (fo=1, routed)           0.000     1.956    U_adder_top/U_flicker/render/render_lane_0u_U0/grp_evaluate_mini_0u_s_fu_563/flicker_render_piyd2_U144/flicker_render_pipeline_ap_hsub_8_full_dsp_16_u/U0/i_synth/ADDSUB_OP.ADDSUB/SPEED_OP.DSP.OP/DSP48E1_BODY_HP.EXP/STATE_DELAY/i_pipe/D[0]
    Routing       SLICE_X57Y51         FDRE                                         r  U_adder_top/U_flicker/render/render_lane_0u_U0/grp_evaluate_mini_0u_s_fu_563/flicker_render_piyd2_U144/flicker_render_pipeline_ap_hsub_8_full_dsp_16_u/U0/i_synth/ADDSUB_OP.ADDSUB/SPEED_OP.DSP.OP/DSP48E1_BODY_HP.EXP/STATE_DELAY/i_pipe/opt_has_pipe.first_q_reg[0]/D
  ---------------------------------------------------------------------------------    -------------------

                                       (clock clk_pll_i rise edge)
                                                                    0.000     0.000 r  
                  C8                                                0.000     0.000 r  sys_clk_p (IN)
                                       net (fo=0)                   0.000     0.000    U0_ps_ai_peripheral/mig_ddr3_u0/u_mig_7series_0_mig/u_ddr3_clk_ibuf/sys_clk_p
                  C8                                                                r  U0_ps_ai_peripheral/mig_ddr3_u0/u_mig_7series_0_mig/u_ddr3_clk_ibuf/diff_input_clk.u_ibufg_sys_clk/I
                  C8                   IBUFDS (Prop_ibufds_I_O)     0.469     0.469 r  U0_ps_ai_peripheral/mig_ddr3_u0/u_mig_7series_0_mig/u_ddr3_clk_ibuf/diff_input_clk.u_ibufg_sys_clk/O
                                       net (fo=3, routed)           0.554     1.023    U0_ps_ai_peripheral/mig_ddr3_u0/u_mig_7series_0_mig/u_ddr3_infrastructure/out
                  PLLE2_ADV_X1Y2                                                    r  U0_ps_ai_peripheral/mig_ddr3_u0/u_mig_7series_0_mig/u_ddr3_infrastructure/plle2_i/CLKIN1
                  PLLE2_ADV_X1Y2       PLLE2_ADV (Prop_plle2_adv_CLKIN1_CLKOUT3)
                                                                    0.053     1.076 r  U0_ps_ai_peripheral/mig_ddr3_u0/u_mig_7series_0_mig/u_ddr3_infrastructure/plle2_i/CLKOUT3
                                       net (fo=1, routed)           0.437     1.513    U0_ps_ai_peripheral/mig_ddr3_u0/u_mig_7series_0_mig/u_ddr3_infrastructure/pll_clk3_out
                  BUFHCE_X1Y24                                                      r  U0_ps_ai_peripheral/mig_ddr3_u0/u_mig_7series_0_mig/u_ddr3_infrastructure/u_bufh_pll_clk3/I
                  BUFHCE_X1Y24         BUFH (Prop_bufh_I_O)         0.045     1.558 r  U0_ps_ai_peripheral/mig_ddr3_u0/u_mig_7series_0_mig/u_ddr3_infrastructure/u_bufh_pll_clk3/O
                                       net (fo=1, routed)           0.506     2.064    U0_ps_ai_peripheral/mig_ddr3_u0/u_mig_7series_0_mig/u_ddr3_infrastructure/pll_clk3
                  MMCME2_ADV_X1Y2                                                   r  U0_ps_ai_peripheral/mig_ddr3_u0/u_mig_7series_0_mig/u_ddr3_infrastructure/gen_mmcm.mmcm_i/CLKIN1
                  MMCME2_ADV_X1Y2      MMCME2_ADV (Prop_mmcme2_adv_CLKIN1_CLKFBOUT)
                                                                   -1.449     0.615 r  U0_ps_ai_peripheral/mig_ddr3_u0/u_mig_7series_0_mig/u_ddr3_infrastructure/gen_mmcm.mmcm_i/CLKFBOUT
                                       net (fo=1, routed)           0.623     1.238    U0_ps_ai_peripheral/mig_ddr3_u0/u_mig_7series_0_mig/u_ddr3_infrastructure/clk_pll_i
                  BUFGCTRL_X0Y16                                                    r  U0_ps_ai_peripheral/mig_ddr3_u0/u_mig_7series_0_mig/u_ddr3_infrastructure/u_bufg_clkdiv0/I
                  BUFGCTRL_X0Y16       BUFG (Prop_bufg_I_O)         0.030     1.268 r  U0_ps_ai_peripheral/mig_ddr3_u0/u_mig_7series_0_mig/u_ddr3_infrastructure/u_bufg_clkdiv0/O
                                       net (fo=103920, routed)      0.743     2.011    U_adder_top/U_flicker/render/render_lane_0u_U0/grp_evaluate_mini_0u_s_fu_563/flicker_render_piyd2_U144/flicker_render_pipeline_ap_hsub_8_full_dsp_16_u/U0/i_synth/ADDSUB_OP.ADDSUB/SPEED_OP.DSP.OP/DSP48E1_BODY_HP.EXP/STATE_DELAY/i_pipe/aclk
                  SLICE_X57Y51         FDRE                                         r  U_adder_top/U_flicker/render/render_lane_0u_U0/grp_evaluate_mini_0u_s_fu_563/flicker_render_piyd2_U144/flicker_render_pipeline_ap_hsub_8_full_dsp_16_u/U0/i_synth/ADDSUB_OP.ADDSUB/SPEED_OP.DSP.OP/DSP48E1_BODY_HP.EXP/STATE_DELAY/i_pipe/opt_has_pipe.first_q_reg[0]/C
                                       clock pessimism             -0.168     1.842    
                  SLICE_X57Y51         FDRE (Hold_fdre_C_D)         0.060     1.902    U_adder_top/U_flicker/render/render_lane_0u_U0/grp_evaluate_mini_0u_s_fu_563/flicker_render_piyd2_U144/flicker_render_pipeline_ap_hsub_8_full_dsp_16_u/U0/i_synth/ADDSUB_OP.ADDSUB/SPEED_OP.DSP.OP/DSP48E1_BODY_HP.EXP/STATE_DELAY/i_pipe/opt_has_pipe.first_q_reg[0]
  ---------------------------------------------------------------------------------
                                       required time                         -1.902    
                                       arrival time                           1.956    
  ---------------------------------------------------------------------------------
                                       slack                                  0.054    

Slack (MET) :             0.055ns  (arrival time - required time)
  Source:                 U_adder_top/U_flicker/render/render_lane_3u_U0/grp_evaluate_mini_3u_s_fu_573/flicker_render_piudo_U290/flicker_render_pipeline_ap_hmul_4_max_dsp_16_u/U0/i_synth/MULT.OP/EXP/EXP_ADD.C_CHAIN/Q_DEL/i_pipe/opt_has_pipe.first_q_reg[1]/C
                            (rising edge-triggered cell FDRE clocked by clk_pll_i  {rise@0.000ns fall@2.500ns period=5.000ns})
  Destination:            U_adder_top/U_flicker/render/render_lane_3u_U0/grp_evaluate_mini_3u_s_fu_573/flicker_render_piudo_U290/flicker_render_pipeline_ap_hmul_4_max_dsp_16_u/U0/i_synth/MULT.OP/EXP/SIG_DELAY/i_pipe/opt_has_pipe.first_q_reg[3]/D
                            (rising edge-triggered cell FDRE clocked by clk_pll_i  {rise@0.000ns fall@2.500ns period=5.000ns})
  Path Group:             clk_pll_i
  Path Type:              Hold (Min at Fast Process Corner)
  Requirement:            0.000ns  (clk_pll_i rise@0.000ns - clk_pll_i rise@0.000ns)
  Data Path Delay:        0.258ns  (logic 0.128ns (49.669%)  route 0.130ns (50.331%))
  Logic Levels:           1  (LUT6=1)
  Clock Path Skew:        0.143ns (DCD - SCD - CPR)
    Destination Clock Delay (DCD):    2.057ns
    Source Clock Delay      (SCD):    1.745ns
    Clock Pessimism Removal (CPR):    0.168ns

    Pin Reuse     Location             Delay type                Incr(ns)  Path(ns)    Netlist Resource(s)
  ---------------------------------------------------------------------------------    -------------------
                                       (clock clk_pll_i rise edge)
                                                                    0.000     0.000 r  
                  C8                                                0.000     0.000 r  sys_clk_p (IN)
                                       net (fo=0)                   0.000     0.000    U0_ps_ai_peripheral/mig_ddr3_u0/u_mig_7series_0_mig/u_ddr3_clk_ibuf/sys_clk_p
                  C8                                                                r  U0_ps_ai_peripheral/mig_ddr3_u0/u_mig_7series_0_mig/u_ddr3_clk_ibuf/diff_input_clk.u_ibufg_sys_clk/I
                  C8                   IBUFDS (Prop_ibufds_I_O)     0.390     0.390 r  U0_ps_ai_peripheral/mig_ddr3_u0/u_mig_7series_0_mig/u_ddr3_clk_ibuf/diff_input_clk.u_ibufg_sys_clk/O
                                       net (fo=3, routed)           0.503     0.893    U0_ps_ai_peripheral/mig_ddr3_u0/u_mig_7series_0_mig/u_ddr3_infrastructure/out
                  PLLE2_ADV_X1Y2                                                    r  U0_ps_ai_peripheral/mig_ddr3_u0/u_mig_7series_0_mig/u_ddr3_infrastructure/plle2_i/CLKIN1
                  PLLE2_ADV_X1Y2       PLLE2_ADV (Prop_plle2_adv_CLKIN1_CLKOUT3)
                                                                    0.050     0.943 r  U0_ps_ai_peripheral/mig_ddr3_u0/u_mig_7series_0_mig/u_ddr3_infrastructure/plle2_i/CLKOUT3
                                       net (fo=1, routed)           0.378     1.321    U0_ps_ai_peripheral/mig_ddr3_u0/u_mig_7series_0_mig/u_ddr3_infrastructure/pll_clk3_out
                  BUFHCE_X1Y24                                                      r  U0_ps_ai_peripheral/mig_ddr3_u0/u_mig_7series_0_mig/u_ddr3_infrastructure/u_bufh_pll_clk3/I
                  BUFHCE_X1Y24         BUFH (Prop_bufh_I_O)         0.023     1.344 r  U0_ps_ai_peripheral/mig_ddr3_u0/u_mig_7series_0_mig/u_ddr3_infrastructure/u_bufh_pll_clk3/O
                                       net (fo=1, routed)           0.343     1.687    U0_ps_ai_peripheral/mig_ddr3_u0/u_mig_7series_0_mig/u_ddr3_infrastructure/pll_clk3
                  MMCME2_ADV_X1Y2                                                   r  U0_ps_ai_peripheral/mig_ddr3_u0/u_mig_7series_0_mig/u_ddr3_infrastructure/gen_mmcm.mmcm_i/CLKIN1
                  MMCME2_ADV_X1Y2      MMCME2_ADV (Prop_mmcme2_adv_CLKIN1_CLKFBOUT)
                                                                   -1.165     0.522 r  U0_ps_ai_peripheral/mig_ddr3_u0/u_mig_7series_0_mig/u_ddr3_infrastructure/gen_mmcm.mmcm_i/CLKFBOUT
                                       net (fo=1, routed)           0.559     1.081    U0_ps_ai_peripheral/mig_ddr3_u0/u_mig_7series_0_mig/u_ddr3_infrastructure/clk_pll_i
                  BUFGCTRL_X0Y16                                                    r  U0_ps_ai_peripheral/mig_ddr3_u0/u_mig_7series_0_mig/u_ddr3_infrastructure/u_bufg_clkdiv0/I
                  BUFGCTRL_X0Y16       BUFG (Prop_bufg_I_O)         0.026     1.107 r  U0_ps_ai_peripheral/mig_ddr3_u0/u_mig_7series_0_mig/u_ddr3_infrastructure/u_bufg_clkdiv0/O
                                       net (fo=103920, routed)      0.638     1.745    U_adder_top/U_flicker/render/render_lane_3u_U0/grp_evaluate_mini_3u_s_fu_573/flicker_render_piudo_U290/flicker_render_pipeline_ap_hmul_4_max_dsp_16_u/U0/i_synth/MULT.OP/EXP/EXP_ADD.C_CHAIN/Q_DEL/i_pipe/aclk
                  SLICE_X107Y48        FDRE                                         r  U_adder_top/U_flicker/render/render_lane_3u_U0/grp_evaluate_mini_3u_s_fu_573/flicker_render_piudo_U290/flicker_render_pipeline_ap_hmul_4_max_dsp_16_u/U0/i_synth/MULT.OP/EXP/EXP_ADD.C_CHAIN/Q_DEL/i_pipe/opt_has_pipe.first_q_reg[1]/C
  ---------------------------------------------------------------------------------    -------------------
    Placement     SLICE_X107Y48        FDRE (Prop_fdre_C_Q)         0.100     1.845 f  U_adder_top/U_flicker/render/render_lane_3u_U0/grp_evaluate_mini_3u_s_fu_573/flicker_render_piudo_U290/flicker_render_pipeline_ap_hmul_4_max_dsp_16_u/U0/i_synth/MULT.OP/EXP/EXP_ADD.C_CHAIN/Q_DEL/i_pipe/opt_has_pipe.first_q_reg[1]/Q
                                       net (fo=4, routed)           0.130     1.975    U_adder_top/U_flicker/render/render_lane_3u_U0/grp_evaluate_mini_3u_s_fu_573/flicker_render_piudo_U290/flicker_render_pipeline_ap_hmul_4_max_dsp_16_u/U0/i_synth/MULT.OP/EXP/EXP_ADD.C_CHAIN_n_3
    Placement     SLICE_X107Y50                                                     f  U_adder_top/U_flicker/render/render_lane_3u_U0/grp_evaluate_mini_3u_s_fu_573/flicker_render_piudo_U290/flicker_render_pipeline_ap_hmul_4_max_dsp_16_u/U0/i_synth/MULT.OP/EXP/flow_sig/I2
    Routing       SLICE_X107Y50        LUT6 (Prop_lut6_I2_O)        0.028     2.003 r  U_adder_top/U_flicker/render/render_lane_3u_U0/grp_evaluate_mini_3u_s_fu_573/flicker_render_piudo_U290/flicker_render_pipeline_ap_hmul_4_max_dsp_16_u/U0/i_synth/MULT.OP/EXP/flow_sig/O
                                       net (fo=1, routed)           0.000     2.003    U_adder_top/U_flicker/render/render_lane_3u_U0/grp_evaluate_mini_3u_s_fu_573/flicker_render_piudo_U290/flicker_render_pipeline_ap_hmul_4_max_dsp_16_u/U0/i_synth/MULT.OP/EXP/SIG_DELAY/i_pipe/opt_has_pipe.first_q_reg[3]_0[3]
    Routing       SLICE_X107Y50        FDRE                                         r  U_adder_top/U_flicker/render/render_lane_3u_U0/grp_evaluate_mini_3u_s_fu_573/flicker_render_piudo_U290/flicker_render_pipeline_ap_hmul_4_max_dsp_16_u/U0/i_synth/MULT.OP/EXP/SIG_DELAY/i_pipe/opt_has_pipe.first_q_reg[3]/D
  ---------------------------------------------------------------------------------    -------------------

                                       (clock clk_pll_i rise edge)
                                                                    0.000     0.000 r  
                  C8                                                0.000     0.000 r  sys_clk_p (IN)
                                       net (fo=0)                   0.000     0.000    U0_ps_ai_peripheral/mig_ddr3_u0/u_mig_7series_0_mig/u_ddr3_clk_ibuf/sys_clk_p
                  C8                                                                r  U0_ps_ai_peripheral/mig_ddr3_u0/u_mig_7series_0_mig/u_ddr3_clk_ibuf/diff_input_clk.u_ibufg_sys_clk/I
                  C8                   IBUFDS (Prop_ibufds_I_O)     0.469     0.469 r  U0_ps_ai_peripheral/mig_ddr3_u0/u_mig_7series_0_mig/u_ddr3_clk_ibuf/diff_input_clk.u_ibufg_sys_clk/O
                                       net (fo=3, routed)           0.554     1.023    U0_ps_ai_peripheral/mig_ddr3_u0/u_mig_7series_0_mig/u_ddr3_infrastructure/out
                  PLLE2_ADV_X1Y2                                                    r  U0_ps_ai_peripheral/mig_ddr3_u0/u_mig_7series_0_mig/u_ddr3_infrastructure/plle2_i/CLKIN1
                  PLLE2_ADV_X1Y2       PLLE2_ADV (Prop_plle2_adv_CLKIN1_CLKOUT3)
                                                                    0.053     1.076 r  U0_ps_ai_peripheral/mig_ddr3_u0/u_mig_7series_0_mig/u_ddr3_infrastructure/plle2_i/CLKOUT3
                                       net (fo=1, routed)           0.437     1.513    U0_ps_ai_peripheral/mig_ddr3_u0/u_mig_7series_0_mig/u_ddr3_infrastructure/pll_clk3_out
                  BUFHCE_X1Y24                                                      r  U0_ps_ai_peripheral/mig_ddr3_u0/u_mig_7series_0_mig/u_ddr3_infrastructure/u_bufh_pll_clk3/I
                  BUFHCE_X1Y24         BUFH (Prop_bufh_I_O)         0.045     1.558 r  U0_ps_ai_peripheral/mig_ddr3_u0/u_mig_7series_0_mig/u_ddr3_infrastructure/u_bufh_pll_clk3/O
                                       net (fo=1, routed)           0.506     2.064    U0_ps_ai_peripheral/mig_ddr3_u0/u_mig_7series_0_mig/u_ddr3_infrastructure/pll_clk3
                  MMCME2_ADV_X1Y2                                                   r  U0_ps_ai_peripheral/mig_ddr3_u0/u_mig_7series_0_mig/u_ddr3_infrastructure/gen_mmcm.mmcm_i/CLKIN1
                  MMCME2_ADV_X1Y2      MMCME2_ADV (Prop_mmcme2_adv_CLKIN1_CLKFBOUT)
                                                                   -1.449     0.615 r  U0_ps_ai_peripheral/mig_ddr3_u0/u_mig_7series_0_mig/u_ddr3_infrastructure/gen_mmcm.mmcm_i/CLKFBOUT
                                       net (fo=1, routed)           0.623     1.238    U0_ps_ai_peripheral/mig_ddr3_u0/u_mig_7series_0_mig/u_ddr3_infrastructure/clk_pll_i
                  BUFGCTRL_X0Y16                                                    r  U0_ps_ai_peripheral/mig_ddr3_u0/u_mig_7series_0_mig/u_ddr3_infrastructure/u_bufg_clkdiv0/I
                  BUFGCTRL_X0Y16       BUFG (Prop_bufg_I_O)         0.030     1.268 r  U0_ps_ai_peripheral/mig_ddr3_u0/u_mig_7series_0_mig/u_ddr3_infrastructure/u_bufg_clkdiv0/O
                                       net (fo=103920, routed)      0.789     2.057    U_adder_top/U_flicker/render/render_lane_3u_U0/grp_evaluate_mini_3u_s_fu_573/flicker_render_piudo_U290/flicker_render_pipeline_ap_hmul_4_max_dsp_16_u/U0/i_synth/MULT.OP/EXP/SIG_DELAY/i_pipe/aclk
                  SLICE_X107Y50        FDRE                                         r  U_adder_top/U_flicker/render/render_lane_3u_U0/grp_evaluate_mini_3u_s_fu_573/flicker_render_piudo_U290/flicker_render_pipeline_ap_hmul_4_max_dsp_16_u/U0/i_synth/MULT.OP/EXP/SIG_DELAY/i_pipe/opt_has_pipe.first_q_reg[3]/C
                                       clock pessimism             -0.168     1.888    
                  SLICE_X107Y50        FDRE (Hold_fdre_C_D)         0.060     1.948    U_adder_top/U_flicker/render/render_lane_3u_U0/grp_evaluate_mini_3u_s_fu_573/flicker_render_piudo_U290/flicker_render_pipeline_ap_hmul_4_max_dsp_16_u/U0/i_synth/MULT.OP/EXP/SIG_DELAY/i_pipe/opt_has_pipe.first_q_reg[3]
  ---------------------------------------------------------------------------------
                                       required time                         -1.948    
                                       arrival time                           2.003    
  ---------------------------------------------------------------------------------
                                       slack                                  0.055    

Slack (MET) :             0.055ns  (arrival time - required time)
  Source:                 U_adder_top/U_flicker/render/split_U0/prepare_geometry_U0/v_assign_reg_990_reg[15]/C
                            (rising edge-triggered cell FDRE clocked by clk_pll_i  {rise@0.000ns fall@2.500ns period=5.000ns})
  Destination:            U_adder_top/U_flicker/render/split_U0/prepare_geometry_U0/v_assign_reg_990_pp0_iter9_reg_reg[15]_srl9/D
                            (rising edge-triggered cell SRL16E clocked by clk_pll_i  {rise@0.000ns fall@2.500ns period=5.000ns})
  Path Group:             clk_pll_i
  Path Type:              Hold (Min at Fast Process Corner)
  Requirement:            0.000ns  (clk_pll_i rise@0.000ns - clk_pll_i rise@0.000ns)
  Data Path Delay:        0.187ns  (logic 0.091ns (48.725%)  route 0.096ns (51.275%))
  Logic Levels:           0  
  Clock Path Skew:        0.014ns (DCD - SCD - CPR)
    Destination Clock Delay (DCD):    2.089ns
    Source Clock Delay      (SCD):    1.707ns
    Clock Pessimism Removal (CPR):    0.367ns

    Pin Reuse     Location             Delay type                Incr(ns)  Path(ns)    Netlist Resource(s)
  ---------------------------------------------------------------------------------    -------------------
                                       (clock clk_pll_i rise edge)
                                                                    0.000     0.000 r  
                  C8                                                0.000     0.000 r  sys_clk_p (IN)
                                       net (fo=0)                   0.000     0.000    U0_ps_ai_peripheral/mig_ddr3_u0/u_mig_7series_0_mig/u_ddr3_clk_ibuf/sys_clk_p
                  C8                                                                r  U0_ps_ai_peripheral/mig_ddr3_u0/u_mig_7series_0_mig/u_ddr3_clk_ibuf/diff_input_clk.u_ibufg_sys_clk/I
                  C8                   IBUFDS (Prop_ibufds_I_O)     0.390     0.390 r  U0_ps_ai_peripheral/mig_ddr3_u0/u_mig_7series_0_mig/u_ddr3_clk_ibuf/diff_input_clk.u_ibufg_sys_clk/O
                                       net (fo=3, routed)           0.503     0.893    U0_ps_ai_peripheral/mig_ddr3_u0/u_mig_7series_0_mig/u_ddr3_infrastructure/out
                  PLLE2_ADV_X1Y2                                                    r  U0_ps_ai_peripheral/mig_ddr3_u0/u_mig_7series_0_mig/u_ddr3_infrastructure/plle2_i/CLKIN1
                  PLLE2_ADV_X1Y2       PLLE2_ADV (Prop_plle2_adv_CLKIN1_CLKOUT3)
                                                                    0.050     0.943 r  U0_ps_ai_peripheral/mig_ddr3_u0/u_mig_7series_0_mig/u_ddr3_infrastructure/plle2_i/CLKOUT3
                                       net (fo=1, routed)           0.378     1.321    U0_ps_ai_peripheral/mig_ddr3_u0/u_mig_7series_0_mig/u_ddr3_infrastructure/pll_clk3_out
                  BUFHCE_X1Y24                                                      r  U0_ps_ai_peripheral/mig_ddr3_u0/u_mig_7series_0_mig/u_ddr3_infrastructure/u_bufh_pll_clk3/I
                  BUFHCE_X1Y24         BUFH (Prop_bufh_I_O)         0.023     1.344 r  U0_ps_ai_peripheral/mig_ddr3_u0/u_mig_7series_0_mig/u_ddr3_infrastructure/u_bufh_pll_clk3/O
                                       net (fo=1, routed)           0.343     1.687    U0_ps_ai_peripheral/mig_ddr3_u0/u_mig_7series_0_mig/u_ddr3_infrastructure/pll_clk3
                  MMCME2_ADV_X1Y2                                                   r  U0_ps_ai_peripheral/mig_ddr3_u0/u_mig_7series_0_mig/u_ddr3_infrastructure/gen_mmcm.mmcm_i/CLKIN1
                  MMCME2_ADV_X1Y2      MMCME2_ADV (Prop_mmcme2_adv_CLKIN1_CLKFBOUT)
                                                                   -1.165     0.522 r  U0_ps_ai_peripheral/mig_ddr3_u0/u_mig_7series_0_mig/u_ddr3_infrastructure/gen_mmcm.mmcm_i/CLKFBOUT
                                       net (fo=1, routed)           0.559     1.081    U0_ps_ai_peripheral/mig_ddr3_u0/u_mig_7series_0_mig/u_ddr3_infrastructure/clk_pll_i
                  BUFGCTRL_X0Y16                                                    r  U0_ps_ai_peripheral/mig_ddr3_u0/u_mig_7series_0_mig/u_ddr3_infrastructure/u_bufg_clkdiv0/I
                  BUFGCTRL_X0Y16       BUFG (Prop_bufg_I_O)         0.026     1.107 r  U0_ps_ai_peripheral/mig_ddr3_u0/u_mig_7series_0_mig/u_ddr3_infrastructure/u_bufg_clkdiv0/O
                                       net (fo=103920, routed)      0.600     1.707    U_adder_top/U_flicker/render/split_U0/prepare_geometry_U0/ui_clk
                  SLICE_X41Y8          FDRE                                         r  U_adder_top/U_flicker/render/split_U0/prepare_geometry_U0/v_assign_reg_990_reg[15]/C
  ---------------------------------------------------------------------------------    -------------------
    Placement     SLICE_X41Y8          FDRE (Prop_fdre_C_Q)         0.091     1.798 r  U_adder_top/U_flicker/render/split_U0/prepare_geometry_U0/v_assign_reg_990_reg[15]/Q
                                       net (fo=1, routed)           0.096     1.894    U_adder_top/U_flicker/render/split_U0/prepare_geometry_U0/v_assign_reg_990[15]
    Placement     SLICE_X42Y9          SRL16E                                       r  U_adder_top/U_flicker/render/split_U0/prepare_geometry_U0/v_assign_reg_990_pp0_iter9_reg_reg[15]_srl9/D
  ---------------------------------------------------------------------------------    -------------------

                                       (clock clk_pll_i rise edge)
                                                                    0.000     0.000 r  
                  C8                                                0.000     0.000 r  sys_clk_p (IN)
                                       net (fo=0)                   0.000     0.000    U0_ps_ai_peripheral/mig_ddr3_u0/u_mig_7series_0_mig/u_ddr3_clk_ibuf/sys_clk_p
                  C8                                                                r  U0_ps_ai_peripheral/mig_ddr3_u0/u_mig_7series_0_mig/u_ddr3_clk_ibuf/diff_input_clk.u_ibufg_sys_clk/I
                  C8                   IBUFDS (Prop_ibufds_I_O)     0.469     0.469 r  U0_ps_ai_peripheral/mig_ddr3_u0/u_mig_7series_0_mig/u_ddr3_clk_ibuf/diff_input_clk.u_ibufg_sys_clk/O
                                       net (fo=3, routed)           0.554     1.023    U0_ps_ai_peripheral/mig_ddr3_u0/u_mig_7series_0_mig/u_ddr3_infrastructure/out
                  PLLE2_ADV_X1Y2                                                    r  U0_ps_ai_peripheral/mig_ddr3_u0/u_mig_7series_0_mig/u_ddr3_infrastructure/plle2_i/CLKIN1
                  PLLE2_ADV_X1Y2       PLLE2_ADV (Prop_plle2_adv_CLKIN1_CLKOUT3)
                                                                    0.053     1.076 r  U0_ps_ai_peripheral/mig_ddr3_u0/u_mig_7series_0_mig/u_ddr3_infrastructure/plle2_i/CLKOUT3
                                       net (fo=1, routed)           0.437     1.513    U0_ps_ai_peripheral/mig_ddr3_u0/u_mig_7series_0_mig/u_ddr3_infrastructure/pll_clk3_out
                  BUFHCE_X1Y24                                                      r  U0_ps_ai_peripheral/mig_ddr3_u0/u_mig_7series_0_mig/u_ddr3_infrastructure/u_bufh_pll_clk3/I
                  BUFHCE_X1Y24         BUFH (Prop_bufh_I_O)         0.045     1.558 r  U0_ps_ai_peripheral/mig_ddr3_u0/u_mig_7series_0_mig/u_ddr3_infrastructure/u_bufh_pll_clk3/O
                                       net (fo=1, routed)           0.506     2.064    U0_ps_ai_peripheral/mig_ddr3_u0/u_mig_7series_0_mig/u_ddr3_infrastructure/pll_clk3
                  MMCME2_ADV_X1Y2                                                   r  U0_ps_ai_peripheral/mig_ddr3_u0/u_mig_7series_0_mig/u_ddr3_infrastructure/gen_mmcm.mmcm_i/CLKIN1
                  MMCME2_ADV_X1Y2      MMCME2_ADV (Prop_mmcme2_adv_CLKIN1_CLKFBOUT)
                                                                   -1.449     0.615 r  U0_ps_ai_peripheral/mig_ddr3_u0/u_mig_7series_0_mig/u_ddr3_infrastructure/gen_mmcm.mmcm_i/CLKFBOUT
                                       net (fo=1, routed)           0.623     1.238    U0_ps_ai_peripheral/mig_ddr3_u0/u_mig_7series_0_mig/u_ddr3_infrastructure/clk_pll_i
                  BUFGCTRL_X0Y16                                                    r  U0_ps_ai_peripheral/mig_ddr3_u0/u_mig_7series_0_mig/u_ddr3_infrastructure/u_bufg_clkdiv0/I
                  BUFGCTRL_X0Y16       BUFG (Prop_bufg_I_O)         0.030     1.268 r  U0_ps_ai_peripheral/mig_ddr3_u0/u_mig_7series_0_mig/u_ddr3_infrastructure/u_bufg_clkdiv0/O
                                       net (fo=103920, routed)      0.821     2.089    U_adder_top/U_flicker/render/split_U0/prepare_geometry_U0/ui_clk
                  SLICE_X42Y9          SRL16E                                       r  U_adder_top/U_flicker/render/split_U0/prepare_geometry_U0/v_assign_reg_990_pp0_iter9_reg_reg[15]_srl9/CLK
                                       clock pessimism             -0.367     1.721    
                  SLICE_X42Y9          SRL16E (Hold_srl16e_CLK_D)
                                                                    0.118     1.839    U_adder_top/U_flicker/render/split_U0/prepare_geometry_U0/v_assign_reg_990_pp0_iter9_reg_reg[15]_srl9
  ---------------------------------------------------------------------------------
                                       required time                         -1.839    
                                       arrival time                           1.894    
  ---------------------------------------------------------------------------------
                                       slack                                  0.055    

Slack (MET) :             0.056ns  (arrival time - required time)
  Source:                 U_adder_top/U_flicker/render/split_U0/prepare_geometry_U0/v_assign_3_reg_1005_reg[15]/C
                            (rising edge-triggered cell FDRE clocked by clk_pll_i  {rise@0.000ns fall@2.500ns period=5.000ns})
  Destination:            U_adder_top/U_flicker/render/split_U0/prepare_geometry_U0/v_assign_3_reg_1005_pp0_iter8_reg_reg[15]_srl8/D
                            (rising edge-triggered cell SRL16E clocked by clk_pll_i  {rise@0.000ns fall@2.500ns period=5.000ns})
  Path Group:             clk_pll_i
  Path Type:              Hold (Min at Fast Process Corner)
  Requirement:            0.000ns  (clk_pll_i rise@0.000ns - clk_pll_i rise@0.000ns)
  Data Path Delay:        0.187ns  (logic 0.091ns (48.725%)  route 0.096ns (51.275%))
  Logic Levels:           0  
  Clock Path Skew:        0.013ns (DCD - SCD - CPR)
    Destination Clock Delay (DCD):    2.088ns
    Source Clock Delay      (SCD):    1.707ns
    Clock Pessimism Removal (CPR):    0.367ns

    Pin Reuse     Location             Delay type                Incr(ns)  Path(ns)    Netlist Resource(s)
  ---------------------------------------------------------------------------------    -------------------
                                       (clock clk_pll_i rise edge)
                                                                    0.000     0.000 r  
                  C8                                                0.000     0.000 r  sys_clk_p (IN)
                                       net (fo=0)                   0.000     0.000    U0_ps_ai_peripheral/mig_ddr3_u0/u_mig_7series_0_mig/u_ddr3_clk_ibuf/sys_clk_p
                  C8                                                                r  U0_ps_ai_peripheral/mig_ddr3_u0/u_mig_7series_0_mig/u_ddr3_clk_ibuf/diff_input_clk.u_ibufg_sys_clk/I
                  C8                   IBUFDS (Prop_ibufds_I_O)     0.390     0.390 r  U0_ps_ai_peripheral/mig_ddr3_u0/u_mig_7series_0_mig/u_ddr3_clk_ibuf/diff_input_clk.u_ibufg_sys_clk/O
                                       net (fo=3, routed)           0.503     0.893    U0_ps_ai_peripheral/mig_ddr3_u0/u_mig_7series_0_mig/u_ddr3_infrastructure/out
                  PLLE2_ADV_X1Y2                                                    r  U0_ps_ai_peripheral/mig_ddr3_u0/u_mig_7series_0_mig/u_ddr3_infrastructure/plle2_i/CLKIN1
                  PLLE2_ADV_X1Y2       PLLE2_ADV (Prop_plle2_adv_CLKIN1_CLKOUT3)
                                                                    0.050     0.943 r  U0_ps_ai_peripheral/mig_ddr3_u0/u_mig_7series_0_mig/u_ddr3_infrastructure/plle2_i/CLKOUT3
                                       net (fo=1, routed)           0.378     1.321    U0_ps_ai_peripheral/mig_ddr3_u0/u_mig_7series_0_mig/u_ddr3_infrastructure/pll_clk3_out
                  BUFHCE_X1Y24                                                      r  U0_ps_ai_peripheral/mig_ddr3_u0/u_mig_7series_0_mig/u_ddr3_infrastructure/u_bufh_pll_clk3/I
                  BUFHCE_X1Y24         BUFH (Prop_bufh_I_O)         0.023     1.344 r  U0_ps_ai_peripheral/mig_ddr3_u0/u_mig_7series_0_mig/u_ddr3_infrastructure/u_bufh_pll_clk3/O
                                       net (fo=1, routed)           0.343     1.687    U0_ps_ai_peripheral/mig_ddr3_u0/u_mig_7series_0_mig/u_ddr3_infrastructure/pll_clk3
                  MMCME2_ADV_X1Y2                                                   r  U0_ps_ai_peripheral/mig_ddr3_u0/u_mig_7series_0_mig/u_ddr3_infrastructure/gen_mmcm.mmcm_i/CLKIN1
                  MMCME2_ADV_X1Y2      MMCME2_ADV (Prop_mmcme2_adv_CLKIN1_CLKFBOUT)
                                                                   -1.165     0.522 r  U0_ps_ai_peripheral/mig_ddr3_u0/u_mig_7series_0_mig/u_ddr3_infrastructure/gen_mmcm.mmcm_i/CLKFBOUT
                                       net (fo=1, routed)           0.559     1.081    U0_ps_ai_peripheral/mig_ddr3_u0/u_mig_7series_0_mig/u_ddr3_infrastructure/clk_pll_i
                  BUFGCTRL_X0Y16                                                    r  U0_ps_ai_peripheral/mig_ddr3_u0/u_mig_7series_0_mig/u_ddr3_infrastructure/u_bufg_clkdiv0/I
                  BUFGCTRL_X0Y16       BUFG (Prop_bufg_I_O)         0.026     1.107 r  U0_ps_ai_peripheral/mig_ddr3_u0/u_mig_7series_0_mig/u_ddr3_infrastructure/u_bufg_clkdiv0/O
                                       net (fo=103920, routed)      0.600     1.707    U_adder_top/U_flicker/render/split_U0/prepare_geometry_U0/ui_clk
                  SLICE_X41Y9          FDRE                                         r  U_adder_top/U_flicker/render/split_U0/prepare_geometry_U0/v_assign_3_reg_1005_reg[15]/C
  ---------------------------------------------------------------------------------    -------------------
    Placement     SLICE_X41Y9          FDRE (Prop_fdre_C_Q)         0.091     1.798 r  U_adder_top/U_flicker/render/split_U0/prepare_geometry_U0/v_assign_3_reg_1005_reg[15]/Q
                                       net (fo=1, routed)           0.096     1.894    U_adder_top/U_flicker/render/split_U0/prepare_geometry_U0/v_assign_3_reg_1005[15]
    Placement     SLICE_X42Y10         SRL16E                                       r  U_adder_top/U_flicker/render/split_U0/prepare_geometry_U0/v_assign_3_reg_1005_pp0_iter8_reg_reg[15]_srl8/D
  ---------------------------------------------------------------------------------    -------------------

                                       (clock clk_pll_i rise edge)
                                                                    0.000     0.000 r  
                  C8                                                0.000     0.000 r  sys_clk_p (IN)
                                       net (fo=0)                   0.000     0.000    U0_ps_ai_peripheral/mig_ddr3_u0/u_mig_7series_0_mig/u_ddr3_clk_ibuf/sys_clk_p
                  C8                                                                r  U0_ps_ai_peripheral/mig_ddr3_u0/u_mig_7series_0_mig/u_ddr3_clk_ibuf/diff_input_clk.u_ibufg_sys_clk/I
                  C8                   IBUFDS (Prop_ibufds_I_O)     0.469     0.469 r  U0_ps_ai_peripheral/mig_ddr3_u0/u_mig_7series_0_mig/u_ddr3_clk_ibuf/diff_input_clk.u_ibufg_sys_clk/O
                                       net (fo=3, routed)           0.554     1.023    U0_ps_ai_peripheral/mig_ddr3_u0/u_mig_7series_0_mig/u_ddr3_infrastructure/out
                  PLLE2_ADV_X1Y2                                                    r  U0_ps_ai_peripheral/mig_ddr3_u0/u_mig_7series_0_mig/u_ddr3_infrastructure/plle2_i/CLKIN1
                  PLLE2_ADV_X1Y2       PLLE2_ADV (Prop_plle2_adv_CLKIN1_CLKOUT3)
                                                                    0.053     1.076 r  U0_ps_ai_peripheral/mig_ddr3_u0/u_mig_7series_0_mig/u_ddr3_infrastructure/plle2_i/CLKOUT3
                                       net (fo=1, routed)           0.437     1.513    U0_ps_ai_peripheral/mig_ddr3_u0/u_mig_7series_0_mig/u_ddr3_infrastructure/pll_clk3_out
                  BUFHCE_X1Y24                                                      r  U0_ps_ai_peripheral/mig_ddr3_u0/u_mig_7series_0_mig/u_ddr3_infrastructure/u_bufh_pll_clk3/I
                  BUFHCE_X1Y24         BUFH (Prop_bufh_I_O)         0.045     1.558 r  U0_ps_ai_peripheral/mig_ddr3_u0/u_mig_7series_0_mig/u_ddr3_infrastructure/u_bufh_pll_clk3/O
                                       net (fo=1, routed)           0.506     2.064    U0_ps_ai_peripheral/mig_ddr3_u0/u_mig_7series_0_mig/u_ddr3_infrastructure/pll_clk3
                  MMCME2_ADV_X1Y2                                                   r  U0_ps_ai_peripheral/mig_ddr3_u0/u_mig_7series_0_mig/u_ddr3_infrastructure/gen_mmcm.mmcm_i/CLKIN1
                  MMCME2_ADV_X1Y2      MMCME2_ADV (Prop_mmcme2_adv_CLKIN1_CLKFBOUT)
                                                                   -1.449     0.615 r  U0_ps_ai_peripheral/mig_ddr3_u0/u_mig_7series_0_mig/u_ddr3_infrastructure/gen_mmcm.mmcm_i/CLKFBOUT
                                       net (fo=1, routed)           0.623     1.238    U0_ps_ai_peripheral/mig_ddr3_u0/u_mig_7series_0_mig/u_ddr3_infrastructure/clk_pll_i
                  BUFGCTRL_X0Y16                                                    r  U0_ps_ai_peripheral/mig_ddr3_u0/u_mig_7series_0_mig/u_ddr3_infrastructure/u_bufg_clkdiv0/I
                  BUFGCTRL_X0Y16       BUFG (Prop_bufg_I_O)         0.030     1.268 r  U0_ps_ai_peripheral/mig_ddr3_u0/u_mig_7series_0_mig/u_ddr3_infrastructure/u_bufg_clkdiv0/O
                                       net (fo=103920, routed)      0.820     2.088    U_adder_top/U_flicker/render/split_U0/prepare_geometry_U0/ui_clk
                  SLICE_X42Y10         SRL16E                                       r  U_adder_top/U_flicker/render/split_U0/prepare_geometry_U0/v_assign_3_reg_1005_pp0_iter8_reg_reg[15]_srl8/CLK
                                       clock pessimism             -0.367     1.720    
                  SLICE_X42Y10         SRL16E (Hold_srl16e_CLK_D)
                                                                    0.118     1.838    U_adder_top/U_flicker/render/split_U0/prepare_geometry_U0/v_assign_3_reg_1005_pp0_iter8_reg_reg[15]_srl8
  ---------------------------------------------------------------------------------
                                       required time                         -1.838    
                                       arrival time                           1.894    
  ---------------------------------------------------------------------------------
                                       slack                                  0.056    

Slack (MET) :             0.056ns  (arrival time - required time)
  Source:                 U_adder_top/U_flicker/render/gather_U0/p_Result_s_reg_532_reg[214]/C
                            (rising edge-triggered cell FDRE clocked by clk_pll_i  {rise@0.000ns fall@2.500ns period=5.000ns})
  Destination:            U_adder_top/U_flicker/dma/output_queue_reg_0_3_210_215/RAMC/I
                            (rising edge-triggered cell RAMD32 clocked by clk_pll_i  {rise@0.000ns fall@2.500ns period=5.000ns})
  Path Group:             clk_pll_i
  Path Type:              Hold (Min at Fast Process Corner)
  Requirement:            0.000ns  (clk_pll_i rise@0.000ns - clk_pll_i rise@0.000ns)
  Data Path Delay:        0.196ns  (logic 0.100ns (51.054%)  route 0.096ns (48.946%))
  Logic Levels:           0  
  Clock Path Skew:        0.011ns (DCD - SCD - CPR)
    Destination Clock Delay (DCD):    1.989ns
    Source Clock Delay      (SCD):    1.625ns
    Clock Pessimism Removal (CPR):    0.352ns

    Pin Reuse     Location             Delay type                Incr(ns)  Path(ns)    Netlist Resource(s)
  ---------------------------------------------------------------------------------    -------------------
                                       (clock clk_pll_i rise edge)
                                                                    0.000     0.000 r  
                  C8                                                0.000     0.000 r  sys_clk_p (IN)
                                       net (fo=0)                   0.000     0.000    U0_ps_ai_peripheral/mig_ddr3_u0/u_mig_7series_0_mig/u_ddr3_clk_ibuf/sys_clk_p
                  C8                                                                r  U0_ps_ai_peripheral/mig_ddr3_u0/u_mig_7series_0_mig/u_ddr3_clk_ibuf/diff_input_clk.u_ibufg_sys_clk/I
                  C8                   IBUFDS (Prop_ibufds_I_O)     0.390     0.390 r  U0_ps_ai_peripheral/mig_ddr3_u0/u_mig_7series_0_mig/u_ddr3_clk_ibuf/diff_input_clk.u_ibufg_sys_clk/O
                                       net (fo=3, routed)           0.503     0.893    U0_ps_ai_peripheral/mig_ddr3_u0/u_mig_7series_0_mig/u_ddr3_infrastructure/out
                  PLLE2_ADV_X1Y2                                                    r  U0_ps_ai_peripheral/mig_ddr3_u0/u_mig_7series_0_mig/u_ddr3_infrastructure/plle2_i/CLKIN1
                  PLLE2_ADV_X1Y2       PLLE2_ADV (Prop_plle2_adv_CLKIN1_CLKOUT3)
                                                                    0.050     0.943 r  U0_ps_ai_peripheral/mig_ddr3_u0/u_mig_7series_0_mig/u_ddr3_infrastructure/plle2_i/CLKOUT3
                                       net (fo=1, routed)           0.378     1.321    U0_ps_ai_peripheral/mig_ddr3_u0/u_mig_7series_0_mig/u_ddr3_infrastructure/pll_clk3_out
                  BUFHCE_X1Y24                                                      r  U0_ps_ai_peripheral/mig_ddr3_u0/u_mig_7series_0_mig/u_ddr3_infrastructure/u_bufh_pll_clk3/I
                  BUFHCE_X1Y24         BUFH (Prop_bufh_I_O)         0.023     1.344 r  U0_ps_ai_peripheral/mig_ddr3_u0/u_mig_7series_0_mig/u_ddr3_infrastructure/u_bufh_pll_clk3/O
                                       net (fo=1, routed)           0.343     1.687    U0_ps_ai_peripheral/mig_ddr3_u0/u_mig_7series_0_mig/u_ddr3_infrastructure/pll_clk3
                  MMCME2_ADV_X1Y2                                                   r  U0_ps_ai_peripheral/mig_ddr3_u0/u_mig_7series_0_mig/u_ddr3_infrastructure/gen_mmcm.mmcm_i/CLKIN1
                  MMCME2_ADV_X1Y2      MMCME2_ADV (Prop_mmcme2_adv_CLKIN1_CLKFBOUT)
                                                                   -1.165     0.522 r  U0_ps_ai_peripheral/mig_ddr3_u0/u_mig_7series_0_mig/u_ddr3_infrastructure/gen_mmcm.mmcm_i/CLKFBOUT
                                       net (fo=1, routed)           0.559     1.081    U0_ps_ai_peripheral/mig_ddr3_u0/u_mig_7series_0_mig/u_ddr3_infrastructure/clk_pll_i
                  BUFGCTRL_X0Y16                                                    r  U0_ps_ai_peripheral/mig_ddr3_u0/u_mig_7series_0_mig/u_ddr3_infrastructure/u_bufg_clkdiv0/I
                  BUFGCTRL_X0Y16       BUFG (Prop_bufg_I_O)         0.026     1.107 r  U0_ps_ai_peripheral/mig_ddr3_u0/u_mig_7series_0_mig/u_ddr3_infrastructure/u_bufg_clkdiv0/O
                                       net (fo=103920, routed)      0.518     1.625    U_adder_top/U_flicker/render/gather_U0/ui_clk
                  SLICE_X71Y126        FDRE                                         r  U_adder_top/U_flicker/render/gather_U0/p_Result_s_reg_532_reg[214]/C
  ---------------------------------------------------------------------------------    -------------------
    Placement     SLICE_X71Y126        FDRE (Prop_fdre_C_Q)         0.100     1.725 r  U_adder_top/U_flicker/render/gather_U0/p_Result_s_reg_532_reg[214]/Q
                                       net (fo=1, routed)           0.096     1.821    U_adder_top/U_flicker/dma/output_queue_reg_0_3_210_215/DIC0
    Placement     SLICE_X70Y126        RAMD32                                       r  U_adder_top/U_flicker/dma/output_queue_reg_0_3_210_215/RAMC/I
  ---------------------------------------------------------------------------------    -------------------

                                       (clock clk_pll_i rise edge)
                                                                    0.000     0.000 r  
                  C8                                                0.000     0.000 r  sys_clk_p (IN)
                                       net (fo=0)                   0.000     0.000    U0_ps_ai_peripheral/mig_ddr3_u0/u_mig_7series_0_mig/u_ddr3_clk_ibuf/sys_clk_p
                  C8                                                                r  U0_ps_ai_peripheral/mig_ddr3_u0/u_mig_7series_0_mig/u_ddr3_clk_ibuf/diff_input_clk.u_ibufg_sys_clk/I
                  C8                   IBUFDS (Prop_ibufds_I_O)     0.469     0.469 r  U0_ps_ai_peripheral/mig_ddr3_u0/u_mig_7series_0_mig/u_ddr3_clk_ibuf/diff_input_clk.u_ibufg_sys_clk/O
                                       net (fo=3, routed)           0.554     1.023    U0_ps_ai_peripheral/mig_ddr3_u0/u_mig_7series_0_mig/u_ddr3_infrastructure/out
                  PLLE2_ADV_X1Y2                                                    r  U0_ps_ai_peripheral/mig_ddr3_u0/u_mig_7series_0_mig/u_ddr3_infrastructure/plle2_i/CLKIN1
                  PLLE2_ADV_X1Y2       PLLE2_ADV (Prop_plle2_adv_CLKIN1_CLKOUT3)
                                                                    0.053     1.076 r  U0_ps_ai_peripheral/mig_ddr3_u0/u_mig_7series_0_mig/u_ddr3_infrastructure/plle2_i/CLKOUT3
                                       net (fo=1, routed)           0.437     1.513    U0_ps_ai_peripheral/mig_ddr3_u0/u_mig_7series_0_mig/u_ddr3_infrastructure/pll_clk3_out
                  BUFHCE_X1Y24                                                      r  U0_ps_ai_peripheral/mig_ddr3_u0/u_mig_7series_0_mig/u_ddr3_infrastructure/u_bufh_pll_clk3/I
                  BUFHCE_X1Y24         BUFH (Prop_bufh_I_O)         0.045     1.558 r  U0_ps_ai_peripheral/mig_ddr3_u0/u_mig_7series_0_mig/u_ddr3_infrastructure/u_bufh_pll_clk3/O
                                       net (fo=1, routed)           0.506     2.064    U0_ps_ai_peripheral/mig_ddr3_u0/u_mig_7series_0_mig/u_ddr3_infrastructure/pll_clk3
                  MMCME2_ADV_X1Y2                                                   r  U0_ps_ai_peripheral/mig_ddr3_u0/u_mig_7series_0_mig/u_ddr3_infrastructure/gen_mmcm.mmcm_i/CLKIN1
                  MMCME2_ADV_X1Y2      MMCME2_ADV (Prop_mmcme2_adv_CLKIN1_CLKFBOUT)
                                                                   -1.449     0.615 r  U0_ps_ai_peripheral/mig_ddr3_u0/u_mig_7series_0_mig/u_ddr3_infrastructure/gen_mmcm.mmcm_i/CLKFBOUT
                                       net (fo=1, routed)           0.623     1.238    U0_ps_ai_peripheral/mig_ddr3_u0/u_mig_7series_0_mig/u_ddr3_infrastructure/clk_pll_i
                  BUFGCTRL_X0Y16                                                    r  U0_ps_ai_peripheral/mig_ddr3_u0/u_mig_7series_0_mig/u_ddr3_infrastructure/u_bufg_clkdiv0/I
                  BUFGCTRL_X0Y16       BUFG (Prop_bufg_I_O)         0.030     1.268 r  U0_ps_ai_peripheral/mig_ddr3_u0/u_mig_7series_0_mig/u_ddr3_infrastructure/u_bufg_clkdiv0/O
                                       net (fo=103920, routed)      0.721     1.989    U_adder_top/U_flicker/dma/output_queue_reg_0_3_210_215/WCLK
                  SLICE_X70Y126        RAMD32                                       r  U_adder_top/U_flicker/dma/output_queue_reg_0_3_210_215/RAMC/CLK
                                       clock pessimism             -0.352     1.636    
                  SLICE_X70Y126        RAMD32 (Hold_ramd32_CLK_I)
                                                                    0.129     1.765    U_adder_top/U_flicker/dma/output_queue_reg_0_3_210_215/RAMC
  ---------------------------------------------------------------------------------
                                       required time                         -1.765    
                                       arrival time                           1.821    
  ---------------------------------------------------------------------------------
                                       slack                                  0.056    

Slack (MET) :             0.057ns  (arrival time - required time)
  Source:                 U_adder_top/U_flicker/render/gather_U0/p_Result_s_reg_532_reg[48]/C
                            (rising edge-triggered cell FDRE clocked by clk_pll_i  {rise@0.000ns fall@2.500ns period=5.000ns})
  Destination:            U_adder_top/U_flicker/dma/output_queue_reg_0_3_48_53/RAMA/I
                            (rising edge-triggered cell RAMD32 clocked by clk_pll_i  {rise@0.000ns fall@2.500ns period=5.000ns})
  Path Group:             clk_pll_i
  Path Type:              Hold (Min at Fast Process Corner)
  Requirement:            0.000ns  (clk_pll_i rise@0.000ns - clk_pll_i rise@0.000ns)
  Data Path Delay:        0.199ns  (logic 0.100ns (50.323%)  route 0.099ns (49.677%))
  Logic Levels:           0  
  Clock Path Skew:        0.011ns (DCD - SCD - CPR)
    Destination Clock Delay (DCD):    2.027ns
    Source Clock Delay      (SCD):    1.662ns
    Clock Pessimism Removal (CPR):    0.353ns

    Pin Reuse     Location             Delay type                Incr(ns)  Path(ns)    Netlist Resource(s)
  ---------------------------------------------------------------------------------    -------------------
                                       (clock clk_pll_i rise edge)
                                                                    0.000     0.000 r  
                  C8                                                0.000     0.000 r  sys_clk_p (IN)
                                       net (fo=0)                   0.000     0.000    U0_ps_ai_peripheral/mig_ddr3_u0/u_mig_7series_0_mig/u_ddr3_clk_ibuf/sys_clk_p
                  C8                                                                r  U0_ps_ai_peripheral/mig_ddr3_u0/u_mig_7series_0_mig/u_ddr3_clk_ibuf/diff_input_clk.u_ibufg_sys_clk/I
                  C8                   IBUFDS (Prop_ibufds_I_O)     0.390     0.390 r  U0_ps_ai_peripheral/mig_ddr3_u0/u_mig_7series_0_mig/u_ddr3_clk_ibuf/diff_input_clk.u_ibufg_sys_clk/O
                                       net (fo=3, routed)           0.503     0.893    U0_ps_ai_peripheral/mig_ddr3_u0/u_mig_7series_0_mig/u_ddr3_infrastructure/out
                  PLLE2_ADV_X1Y2                                                    r  U0_ps_ai_peripheral/mig_ddr3_u0/u_mig_7series_0_mig/u_ddr3_infrastructure/plle2_i/CLKIN1
                  PLLE2_ADV_X1Y2       PLLE2_ADV (Prop_plle2_adv_CLKIN1_CLKOUT3)
                                                                    0.050     0.943 r  U0_ps_ai_peripheral/mig_ddr3_u0/u_mig_7series_0_mig/u_ddr3_infrastructure/plle2_i/CLKOUT3
                                       net (fo=1, routed)           0.378     1.321    U0_ps_ai_peripheral/mig_ddr3_u0/u_mig_7series_0_mig/u_ddr3_infrastructure/pll_clk3_out
                  BUFHCE_X1Y24                                                      r  U0_ps_ai_peripheral/mig_ddr3_u0/u_mig_7series_0_mig/u_ddr3_infrastructure/u_bufh_pll_clk3/I
                  BUFHCE_X1Y24         BUFH (Prop_bufh_I_O)         0.023     1.344 r  U0_ps_ai_peripheral/mig_ddr3_u0/u_mig_7series_0_mig/u_ddr3_infrastructure/u_bufh_pll_clk3/O
                                       net (fo=1, routed)           0.343     1.687    U0_ps_ai_peripheral/mig_ddr3_u0/u_mig_7series_0_mig/u_ddr3_infrastructure/pll_clk3
                  MMCME2_ADV_X1Y2                                                   r  U0_ps_ai_peripheral/mig_ddr3_u0/u_mig_7series_0_mig/u_ddr3_infrastructure/gen_mmcm.mmcm_i/CLKIN1
                  MMCME2_ADV_X1Y2      MMCME2_ADV (Prop_mmcme2_adv_CLKIN1_CLKFBOUT)
                                                                   -1.165     0.522 r  U0_ps_ai_peripheral/mig_ddr3_u0/u_mig_7series_0_mig/u_ddr3_infrastructure/gen_mmcm.mmcm_i/CLKFBOUT
                                       net (fo=1, routed)           0.559     1.081    U0_ps_ai_peripheral/mig_ddr3_u0/u_mig_7series_0_mig/u_ddr3_infrastructure/clk_pll_i
                  BUFGCTRL_X0Y16                                                    r  U0_ps_ai_peripheral/mig_ddr3_u0/u_mig_7series_0_mig/u_ddr3_infrastructure/u_bufg_clkdiv0/I
                  BUFGCTRL_X0Y16       BUFG (Prop_bufg_I_O)         0.026     1.107 r  U0_ps_ai_peripheral/mig_ddr3_u0/u_mig_7series_0_mig/u_ddr3_infrastructure/u_bufg_clkdiv0/O
                                       net (fo=103920, routed)      0.555     1.662    U_adder_top/U_flicker/render/gather_U0/ui_clk
                  SLICE_X94Y129        FDRE                                         r  U_adder_top/U_flicker/render/gather_U0/p_Result_s_reg_532_reg[48]/C
  ---------------------------------------------------------------------------------    -------------------
    Placement     SLICE_X94Y129        FDRE (Prop_fdre_C_Q)         0.100     1.762 r  U_adder_top/U_flicker/render/gather_U0/p_Result_s_reg_532_reg[48]/Q
                                       net (fo=1, routed)           0.099     1.861    U_adder_top/U_flicker/dma/output_queue_reg_0_3_48_53/DIA0
    Placement     SLICE_X96Y128        RAMD32                                       r  U_adder_top/U_flicker/dma/output_queue_reg_0_3_48_53/RAMA/I
  ---------------------------------------------------------------------------------    -------------------

                                       (clock clk_pll_i rise edge)
                                                                    0.000     0.000 r  
                  C8                                                0.000     0.000 r  sys_clk_p (IN)
                                       net (fo=0)                   0.000     0.000    U0_ps_ai_peripheral/mig_ddr3_u0/u_mig_7series_0_mig/u_ddr3_clk_ibuf/sys_clk_p
                  C8                                                                r  U0_ps_ai_peripheral/mig_ddr3_u0/u_mig_7series_0_mig/u_ddr3_clk_ibuf/diff_input_clk.u_ibufg_sys_clk/I
                  C8                   IBUFDS (Prop_ibufds_I_O)     0.469     0.469 r  U0_ps_ai_peripheral/mig_ddr3_u0/u_mig_7series_0_mig/u_ddr3_clk_ibuf/diff_input_clk.u_ibufg_sys_clk/O
                                       net (fo=3, routed)           0.554     1.023    U0_ps_ai_peripheral/mig_ddr3_u0/u_mig_7series_0_mig/u_ddr3_infrastructure/out
                  PLLE2_ADV_X1Y2                                                    r  U0_ps_ai_peripheral/mig_ddr3_u0/u_mig_7series_0_mig/u_ddr3_infrastructure/plle2_i/CLKIN1
                  PLLE2_ADV_X1Y2       PLLE2_ADV (Prop_plle2_adv_CLKIN1_CLKOUT3)
                                                                    0.053     1.076 r  U0_ps_ai_peripheral/mig_ddr3_u0/u_mig_7series_0_mig/u_ddr3_infrastructure/plle2_i/CLKOUT3
                                       net (fo=1, routed)           0.437     1.513    U0_ps_ai_peripheral/mig_ddr3_u0/u_mig_7series_0_mig/u_ddr3_infrastructure/pll_clk3_out
                  BUFHCE_X1Y24                                                      r  U0_ps_ai_peripheral/mig_ddr3_u0/u_mig_7series_0_mig/u_ddr3_infrastructure/u_bufh_pll_clk3/I
                  BUFHCE_X1Y24         BUFH (Prop_bufh_I_O)         0.045     1.558 r  U0_ps_ai_peripheral/mig_ddr3_u0/u_mig_7series_0_mig/u_ddr3_infrastructure/u_bufh_pll_clk3/O
                                       net (fo=1, routed)           0.506     2.064    U0_ps_ai_peripheral/mig_ddr3_u0/u_mig_7series_0_mig/u_ddr3_infrastructure/pll_clk3
                  MMCME2_ADV_X1Y2                                                   r  U0_ps_ai_peripheral/mig_ddr3_u0/u_mig_7series_0_mig/u_ddr3_infrastructure/gen_mmcm.mmcm_i/CLKIN1
                  MMCME2_ADV_X1Y2      MMCME2_ADV (Prop_mmcme2_adv_CLKIN1_CLKFBOUT)
                                                                   -1.449     0.615 r  U0_ps_ai_peripheral/mig_ddr3_u0/u_mig_7series_0_mig/u_ddr3_infrastructure/gen_mmcm.mmcm_i/CLKFBOUT
                                       net (fo=1, routed)           0.623     1.238    U0_ps_ai_peripheral/mig_ddr3_u0/u_mig_7series_0_mig/u_ddr3_infrastructure/clk_pll_i
                  BUFGCTRL_X0Y16                                                    r  U0_ps_ai_peripheral/mig_ddr3_u0/u_mig_7series_0_mig/u_ddr3_infrastructure/u_bufg_clkdiv0/I
                  BUFGCTRL_X0Y16       BUFG (Prop_bufg_I_O)         0.030     1.268 r  U0_ps_ai_peripheral/mig_ddr3_u0/u_mig_7series_0_mig/u_ddr3_infrastructure/u_bufg_clkdiv0/O
                                       net (fo=103920, routed)      0.759     2.027    U_adder_top/U_flicker/dma/output_queue_reg_0_3_48_53/WCLK
                  SLICE_X96Y128        RAMD32                                       r  U_adder_top/U_flicker/dma/output_queue_reg_0_3_48_53/RAMA/CLK
                                       clock pessimism             -0.353     1.673    
                  SLICE_X96Y128        RAMD32 (Hold_ramd32_CLK_I)
                                                                    0.131     1.804    U_adder_top/U_flicker/dma/output_queue_reg_0_3_48_53/RAMA
  ---------------------------------------------------------------------------------
                                       required time                         -1.804    
                                       arrival time                           1.861    
  ---------------------------------------------------------------------------------
                                       slack                                  0.057    

Slack (MET) :             0.058ns  (arrival time - required time)
  Source:                 U_adder_top/U_flicker/render/split_U0/prepare_geometry_U0/ap_phi_reg_pp0_iter0_tmp_V_reg_196_reg[385]/C
                            (rising edge-triggered cell FDRE clocked by clk_pll_i  {rise@0.000ns fall@2.500ns period=5.000ns})
  Destination:            U_adder_top/U_flicker/render/split_U0/prepare_geometry_U0/ap_phi_reg_pp0_iter1_tmp_V_reg_196_reg[385]/D
                            (rising edge-triggered cell FDRE clocked by clk_pll_i  {rise@0.000ns fall@2.500ns period=5.000ns})
  Path Group:             clk_pll_i
  Path Type:              Hold (Min at Fast Process Corner)
  Requirement:            0.000ns  (clk_pll_i rise@0.000ns - clk_pll_i rise@0.000ns)
  Data Path Delay:        0.205ns  (logic 0.107ns (52.285%)  route 0.098ns (47.715%))
  Logic Levels:           0  
  Clock Path Skew:        0.140ns (DCD - SCD - CPR)
    Destination Clock Delay (DCD):    2.019ns
    Source Clock Delay      (SCD):    1.710ns
    Clock Pessimism Removal (CPR):    0.168ns

    Pin Reuse     Location             Delay type                Incr(ns)  Path(ns)    Netlist Resource(s)
  ---------------------------------------------------------------------------------    -------------------
                                       (clock clk_pll_i rise edge)
                                                                    0.000     0.000 r  
                  C8                                                0.000     0.000 r  sys_clk_p (IN)
                                       net (fo=0)                   0.000     0.000    U0_ps_ai_peripheral/mig_ddr3_u0/u_mig_7series_0_mig/u_ddr3_clk_ibuf/sys_clk_p
                  C8                                                                r  U0_ps_ai_peripheral/mig_ddr3_u0/u_mig_7series_0_mig/u_ddr3_clk_ibuf/diff_input_clk.u_ibufg_sys_clk/I
                  C8                   IBUFDS (Prop_ibufds_I_O)     0.390     0.390 r  U0_ps_ai_peripheral/mig_ddr3_u0/u_mig_7series_0_mig/u_ddr3_clk_ibuf/diff_input_clk.u_ibufg_sys_clk/O
                                       net (fo=3, routed)           0.503     0.893    U0_ps_ai_peripheral/mig_ddr3_u0/u_mig_7series_0_mig/u_ddr3_infrastructure/out
                  PLLE2_ADV_X1Y2                                                    r  U0_ps_ai_peripheral/mig_ddr3_u0/u_mig_7series_0_mig/u_ddr3_infrastructure/plle2_i/CLKIN1
                  PLLE2_ADV_X1Y2       PLLE2_ADV (Prop_plle2_adv_CLKIN1_CLKOUT3)
                                                                    0.050     0.943 r  U0_ps_ai_peripheral/mig_ddr3_u0/u_mig_7series_0_mig/u_ddr3_infrastructure/plle2_i/CLKOUT3
                                       net (fo=1, routed)           0.378     1.321    U0_ps_ai_peripheral/mig_ddr3_u0/u_mig_7series_0_mig/u_ddr3_infrastructure/pll_clk3_out
                  BUFHCE_X1Y24                                                      r  U0_ps_ai_peripheral/mig_ddr3_u0/u_mig_7series_0_mig/u_ddr3_infrastructure/u_bufh_pll_clk3/I
                  BUFHCE_X1Y24         BUFH (Prop_bufh_I_O)         0.023     1.344 r  U0_ps_ai_peripheral/mig_ddr3_u0/u_mig_7series_0_mig/u_ddr3_infrastructure/u_bufh_pll_clk3/O
                                       net (fo=1, routed)           0.343     1.687    U0_ps_ai_peripheral/mig_ddr3_u0/u_mig_7series_0_mig/u_ddr3_infrastructure/pll_clk3
                  MMCME2_ADV_X1Y2                                                   r  U0_ps_ai_peripheral/mig_ddr3_u0/u_mig_7series_0_mig/u_ddr3_infrastructure/gen_mmcm.mmcm_i/CLKIN1
                  MMCME2_ADV_X1Y2      MMCME2_ADV (Prop_mmcme2_adv_CLKIN1_CLKFBOUT)
                                                                   -1.165     0.522 r  U0_ps_ai_peripheral/mig_ddr3_u0/u_mig_7series_0_mig/u_ddr3_infrastructure/gen_mmcm.mmcm_i/CLKFBOUT
                                       net (fo=1, routed)           0.559     1.081    U0_ps_ai_peripheral/mig_ddr3_u0/u_mig_7series_0_mig/u_ddr3_infrastructure/clk_pll_i
                  BUFGCTRL_X0Y16                                                    r  U0_ps_ai_peripheral/mig_ddr3_u0/u_mig_7series_0_mig/u_ddr3_infrastructure/u_bufg_clkdiv0/I
                  BUFGCTRL_X0Y16       BUFG (Prop_bufg_I_O)         0.026     1.107 r  U0_ps_ai_peripheral/mig_ddr3_u0/u_mig_7series_0_mig/u_ddr3_infrastructure/u_bufg_clkdiv0/O
                                       net (fo=103920, routed)      0.603     1.710    U_adder_top/U_flicker/render/split_U0/prepare_geometry_U0/ui_clk
                  SLICE_X38Y49         FDRE                                         r  U_adder_top/U_flicker/render/split_U0/prepare_geometry_U0/ap_phi_reg_pp0_iter0_tmp_V_reg_196_reg[385]/C
  ---------------------------------------------------------------------------------    -------------------
    Placement     SLICE_X38Y49         FDRE (Prop_fdre_C_Q)         0.107     1.817 r  U_adder_top/U_flicker/render/split_U0/prepare_geometry_U0/ap_phi_reg_pp0_iter0_tmp_V_reg_196_reg[385]/Q
                                       net (fo=1, routed)           0.098     1.915    U_adder_top/U_flicker/render/split_U0/prepare_geometry_U0/ap_phi_reg_pp0_iter0_tmp_V_reg_196[385]
    Placement     SLICE_X36Y50         FDRE                                         r  U_adder_top/U_flicker/render/split_U0/prepare_geometry_U0/ap_phi_reg_pp0_iter1_tmp_V_reg_196_reg[385]/D
  ---------------------------------------------------------------------------------    -------------------

                                       (clock clk_pll_i rise edge)
                                                                    0.000     0.000 r  
                  C8                                                0.000     0.000 r  sys_clk_p (IN)
                                       net (fo=0)                   0.000     0.000    U0_ps_ai_peripheral/mig_ddr3_u0/u_mig_7series_0_mig/u_ddr3_clk_ibuf/sys_clk_p
                  C8                                                                r  U0_ps_ai_peripheral/mig_ddr3_u0/u_mig_7series_0_mig/u_ddr3_clk_ibuf/diff_input_clk.u_ibufg_sys_clk/I
                  C8                   IBUFDS (Prop_ibufds_I_O)     0.469     0.469 r  U0_ps_ai_peripheral/mig_ddr3_u0/u_mig_7series_0_mig/u_ddr3_clk_ibuf/diff_input_clk.u_ibufg_sys_clk/O
                                       net (fo=3, routed)           0.554     1.023    U0_ps_ai_peripheral/mig_ddr3_u0/u_mig_7series_0_mig/u_ddr3_infrastructure/out
                  PLLE2_ADV_X1Y2                                                    r  U0_ps_ai_peripheral/mig_ddr3_u0/u_mig_7series_0_mig/u_ddr3_infrastructure/plle2_i/CLKIN1
                  PLLE2_ADV_X1Y2       PLLE2_ADV (Prop_plle2_adv_CLKIN1_CLKOUT3)
                                                                    0.053     1.076 r  U0_ps_ai_peripheral/mig_ddr3_u0/u_mig_7series_0_mig/u_ddr3_infrastructure/plle2_i/CLKOUT3
                                       net (fo=1, routed)           0.437     1.513    U0_ps_ai_peripheral/mig_ddr3_u0/u_mig_7series_0_mig/u_ddr3_infrastructure/pll_clk3_out
                  BUFHCE_X1Y24                                                      r  U0_ps_ai_peripheral/mig_ddr3_u0/u_mig_7series_0_mig/u_ddr3_infrastructure/u_bufh_pll_clk3/I
                  BUFHCE_X1Y24         BUFH (Prop_bufh_I_O)         0.045     1.558 r  U0_ps_ai_peripheral/mig_ddr3_u0/u_mig_7series_0_mig/u_ddr3_infrastructure/u_bufh_pll_clk3/O
                                       net (fo=1, routed)           0.506     2.064    U0_ps_ai_peripheral/mig_ddr3_u0/u_mig_7series_0_mig/u_ddr3_infrastructure/pll_clk3
                  MMCME2_ADV_X1Y2                                                   r  U0_ps_ai_peripheral/mig_ddr3_u0/u_mig_7series_0_mig/u_ddr3_infrastructure/gen_mmcm.mmcm_i/CLKIN1
                  MMCME2_ADV_X1Y2      MMCME2_ADV (Prop_mmcme2_adv_CLKIN1_CLKFBOUT)
                                                                   -1.449     0.615 r  U0_ps_ai_peripheral/mig_ddr3_u0/u_mig_7series_0_mig/u_ddr3_infrastructure/gen_mmcm.mmcm_i/CLKFBOUT
                                       net (fo=1, routed)           0.623     1.238    U0_ps_ai_peripheral/mig_ddr3_u0/u_mig_7series_0_mig/u_ddr3_infrastructure/clk_pll_i
                  BUFGCTRL_X0Y16                                                    r  U0_ps_ai_peripheral/mig_ddr3_u0/u_mig_7series_0_mig/u_ddr3_infrastructure/u_bufg_clkdiv0/I
                  BUFGCTRL_X0Y16       BUFG (Prop_bufg_I_O)         0.030     1.268 r  U0_ps_ai_peripheral/mig_ddr3_u0/u_mig_7series_0_mig/u_ddr3_infrastructure/u_bufg_clkdiv0/O
                                       net (fo=103920, routed)      0.751     2.019    U_adder_top/U_flicker/render/split_U0/prepare_geometry_U0/ui_clk
                  SLICE_X36Y50         FDRE                                         r  U_adder_top/U_flicker/render/split_U0/prepare_geometry_U0/ap_phi_reg_pp0_iter1_tmp_V_reg_196_reg[385]/C
                                       clock pessimism             -0.168     1.850    
                  SLICE_X36Y50         FDRE (Hold_fdre_C_D)         0.007     1.857    U_adder_top/U_flicker/render/split_U0/prepare_geometry_U0/ap_phi_reg_pp0_iter1_tmp_V_reg_196_reg[385]
  ---------------------------------------------------------------------------------
                                       required time                         -1.857    
                                       arrival time                           1.915    
  ---------------------------------------------------------------------------------
                                       slack                                  0.058    

Slack (MET) :             0.058ns  (arrival time - required time)
  Source:                 U_adder_top/U_flicker/render/framed_ctu_U0/prepare_frames_U0/tmp_V_reg_307_pp0_iter1_reg_reg[133]/C
                            (rising edge-triggered cell FDRE clocked by clk_pll_i  {rise@0.000ns fall@2.500ns period=5.000ns})
  Destination:            U_adder_top/U_flicker/render/framed_ctu_U0/prepare_frames_U0/tmp_V_reg_307_pp0_iter32_reg_reg[133]_srl31/D
                            (rising edge-triggered cell SRLC32E clocked by clk_pll_i  {rise@0.000ns fall@2.500ns period=5.000ns})
  Path Group:             clk_pll_i
  Path Type:              Hold (Min at Fast Process Corner)
  Requirement:            0.000ns  (clk_pll_i rise@0.000ns - clk_pll_i rise@0.000ns)
  Data Path Delay:        0.187ns  (logic 0.091ns (48.634%)  route 0.096ns (51.366%))
  Logic Levels:           0  
  Clock Path Skew:        0.011ns (DCD - SCD - CPR)
    Destination Clock Delay (DCD):    2.075ns
    Source Clock Delay      (SCD):    1.697ns
    Clock Pessimism Removal (CPR):    0.366ns

    Pin Reuse     Location             Delay type                Incr(ns)  Path(ns)    Netlist Resource(s)
  ---------------------------------------------------------------------------------    -------------------
                                       (clock clk_pll_i rise edge)
                                                                    0.000     0.000 r  
                  C8                                                0.000     0.000 r  sys_clk_p (IN)
                                       net (fo=0)                   0.000     0.000    U0_ps_ai_peripheral/mig_ddr3_u0/u_mig_7series_0_mig/u_ddr3_clk_ibuf/sys_clk_p
                  C8                                                                r  U0_ps_ai_peripheral/mig_ddr3_u0/u_mig_7series_0_mig/u_ddr3_clk_ibuf/diff_input_clk.u_ibufg_sys_clk/I
                  C8                   IBUFDS (Prop_ibufds_I_O)     0.390     0.390 r  U0_ps_ai_peripheral/mig_ddr3_u0/u_mig_7series_0_mig/u_ddr3_clk_ibuf/diff_input_clk.u_ibufg_sys_clk/O
                                       net (fo=3, routed)           0.503     0.893    U0_ps_ai_peripheral/mig_ddr3_u0/u_mig_7series_0_mig/u_ddr3_infrastructure/out
                  PLLE2_ADV_X1Y2                                                    r  U0_ps_ai_peripheral/mig_ddr3_u0/u_mig_7series_0_mig/u_ddr3_infrastructure/plle2_i/CLKIN1
                  PLLE2_ADV_X1Y2       PLLE2_ADV (Prop_plle2_adv_CLKIN1_CLKOUT3)
                                                                    0.050     0.943 r  U0_ps_ai_peripheral/mig_ddr3_u0/u_mig_7series_0_mig/u_ddr3_infrastructure/plle2_i/CLKOUT3
                                       net (fo=1, routed)           0.378     1.321    U0_ps_ai_peripheral/mig_ddr3_u0/u_mig_7series_0_mig/u_ddr3_infrastructure/pll_clk3_out
                  BUFHCE_X1Y24                                                      r  U0_ps_ai_peripheral/mig_ddr3_u0/u_mig_7series_0_mig/u_ddr3_infrastructure/u_bufh_pll_clk3/I
                  BUFHCE_X1Y24         BUFH (Prop_bufh_I_O)         0.023     1.344 r  U0_ps_ai_peripheral/mig_ddr3_u0/u_mig_7series_0_mig/u_ddr3_infrastructure/u_bufh_pll_clk3/O
                                       net (fo=1, routed)           0.343     1.687    U0_ps_ai_peripheral/mig_ddr3_u0/u_mig_7series_0_mig/u_ddr3_infrastructure/pll_clk3
                  MMCME2_ADV_X1Y2                                                   r  U0_ps_ai_peripheral/mig_ddr3_u0/u_mig_7series_0_mig/u_ddr3_infrastructure/gen_mmcm.mmcm_i/CLKIN1
                  MMCME2_ADV_X1Y2      MMCME2_ADV (Prop_mmcme2_adv_CLKIN1_CLKFBOUT)
                                                                   -1.165     0.522 r  U0_ps_ai_peripheral/mig_ddr3_u0/u_mig_7series_0_mig/u_ddr3_infrastructure/gen_mmcm.mmcm_i/CLKFBOUT
                                       net (fo=1, routed)           0.559     1.081    U0_ps_ai_peripheral/mig_ddr3_u0/u_mig_7series_0_mig/u_ddr3_infrastructure/clk_pll_i
                  BUFGCTRL_X0Y16                                                    r  U0_ps_ai_peripheral/mig_ddr3_u0/u_mig_7series_0_mig/u_ddr3_infrastructure/u_bufg_clkdiv0/I
                  BUFGCTRL_X0Y16       BUFG (Prop_bufg_I_O)         0.026     1.107 r  U0_ps_ai_peripheral/mig_ddr3_u0/u_mig_7series_0_mig/u_ddr3_infrastructure/u_bufg_clkdiv0/O
                                       net (fo=103920, routed)      0.590     1.697    U_adder_top/U_flicker/render/framed_ctu_U0/prepare_frames_U0/ui_clk
                  SLICE_X51Y21         FDRE                                         r  U_adder_top/U_flicker/render/framed_ctu_U0/prepare_frames_U0/tmp_V_reg_307_pp0_iter1_reg_reg[133]/C
  ---------------------------------------------------------------------------------    -------------------
    Placement     SLICE_X51Y21         FDRE (Prop_fdre_C_Q)         0.091     1.788 r  U_adder_top/U_flicker/render/framed_ctu_U0/prepare_frames_U0/tmp_V_reg_307_pp0_iter1_reg_reg[133]/Q
                                       net (fo=1, routed)           0.096     1.885    U_adder_top/U_flicker/render/framed_ctu_U0/prepare_frames_U0/tmp_V_reg_307_pp0_iter1_reg[133]
    Placement     SLICE_X50Y22         SRLC32E                                      r  U_adder_top/U_flicker/render/framed_ctu_U0/prepare_frames_U0/tmp_V_reg_307_pp0_iter32_reg_reg[133]_srl31/D
  ---------------------------------------------------------------------------------    -------------------

                                       (clock clk_pll_i rise edge)
                                                                    0.000     0.000 r  
                  C8                                                0.000     0.000 r  sys_clk_p (IN)
                                       net (fo=0)                   0.000     0.000    U0_ps_ai_peripheral/mig_ddr3_u0/u_mig_7series_0_mig/u_ddr3_clk_ibuf/sys_clk_p
                  C8                                                                r  U0_ps_ai_peripheral/mig_ddr3_u0/u_mig_7series_0_mig/u_ddr3_clk_ibuf/diff_input_clk.u_ibufg_sys_clk/I
                  C8                   IBUFDS (Prop_ibufds_I_O)     0.469     0.469 r  U0_ps_ai_peripheral/mig_ddr3_u0/u_mig_7series_0_mig/u_ddr3_clk_ibuf/diff_input_clk.u_ibufg_sys_clk/O
                                       net (fo=3, routed)           0.554     1.023    U0_ps_ai_peripheral/mig_ddr3_u0/u_mig_7series_0_mig/u_ddr3_infrastructure/out
                  PLLE2_ADV_X1Y2                                                    r  U0_ps_ai_peripheral/mig_ddr3_u0/u_mig_7series_0_mig/u_ddr3_infrastructure/plle2_i/CLKIN1
                  PLLE2_ADV_X1Y2       PLLE2_ADV (Prop_plle2_adv_CLKIN1_CLKOUT3)
                                                                    0.053     1.076 r  U0_ps_ai_peripheral/mig_ddr3_u0/u_mig_7series_0_mig/u_ddr3_infrastructure/plle2_i/CLKOUT3
                                       net (fo=1, routed)           0.437     1.513    U0_ps_ai_peripheral/mig_ddr3_u0/u_mig_7series_0_mig/u_ddr3_infrastructure/pll_clk3_out
                  BUFHCE_X1Y24                                                      r  U0_ps_ai_peripheral/mig_ddr3_u0/u_mig_7series_0_mig/u_ddr3_infrastructure/u_bufh_pll_clk3/I
                  BUFHCE_X1Y24         BUFH (Prop_bufh_I_O)         0.045     1.558 r  U0_ps_ai_peripheral/mig_ddr3_u0/u_mig_7series_0_mig/u_ddr3_infrastructure/u_bufh_pll_clk3/O
                                       net (fo=1, routed)           0.506     2.064    U0_ps_ai_peripheral/mig_ddr3_u0/u_mig_7series_0_mig/u_ddr3_infrastructure/pll_clk3
                  MMCME2_ADV_X1Y2                                                   r  U0_ps_ai_peripheral/mig_ddr3_u0/u_mig_7series_0_mig/u_ddr3_infrastructure/gen_mmcm.mmcm_i/CLKIN1
                  MMCME2_ADV_X1Y2      MMCME2_ADV (Prop_mmcme2_adv_CLKIN1_CLKFBOUT)
                                                                   -1.449     0.615 r  U0_ps_ai_peripheral/mig_ddr3_u0/u_mig_7series_0_mig/u_ddr3_infrastructure/gen_mmcm.mmcm_i/CLKFBOUT
                                       net (fo=1, routed)           0.623     1.238    U0_ps_ai_peripheral/mig_ddr3_u0/u_mig_7series_0_mig/u_ddr3_infrastructure/clk_pll_i
                  BUFGCTRL_X0Y16                                                    r  U0_ps_ai_peripheral/mig_ddr3_u0/u_mig_7series_0_mig/u_ddr3_infrastructure/u_bufg_clkdiv0/I
                  BUFGCTRL_X0Y16       BUFG (Prop_bufg_I_O)         0.030     1.268 r  U0_ps_ai_peripheral/mig_ddr3_u0/u_mig_7series_0_mig/u_ddr3_infrastructure/u_bufg_clkdiv0/O
                                       net (fo=103920, routed)      0.807     2.075    U_adder_top/U_flicker/render/framed_ctu_U0/prepare_frames_U0/ui_clk
                  SLICE_X50Y22         SRLC32E                                      r  U_adder_top/U_flicker/render/framed_ctu_U0/prepare_frames_U0/tmp_V_reg_307_pp0_iter32_reg_reg[133]_srl31/CLK
                                       clock pessimism             -0.366     1.708    
                  SLICE_X50Y22         SRLC32E (Hold_srlc32e_CLK_D)
                                                                    0.118     1.826    U_adder_top/U_flicker/render/framed_ctu_U0/prepare_frames_U0/tmp_V_reg_307_pp0_iter32_reg_reg[133]_srl31
  ---------------------------------------------------------------------------------
                                       required time                         -1.826    
                                       arrival time                           1.885    
  ---------------------------------------------------------------------------------
                                       slack                                  0.058    

Slack (MET) :             0.059ns  (arrival time - required time)
  Source:                 U_adder_top/U_flicker/render/split_U0/framed_V_V_U/q_tmp_reg[56]/C
                            (rising edge-triggered cell FDRE clocked by clk_pll_i  {rise@0.000ns fall@2.500ns period=5.000ns})
  Destination:            U_adder_top/U_flicker/render/split_U0/framed_V_V_U/dout_buf_reg[56]/D
                            (rising edge-triggered cell FDRE clocked by clk_pll_i  {rise@0.000ns fall@2.500ns period=5.000ns})
  Path Group:             clk_pll_i
  Path Type:              Hold (Min at Fast Process Corner)
  Requirement:            0.000ns  (clk_pll_i rise@0.000ns - clk_pll_i rise@0.000ns)
  Data Path Delay:        0.385ns  (logic 0.157ns (40.759%)  route 0.228ns (59.241%))
  Logic Levels:           1  (LUT3=1)
  Clock Path Skew:        0.265ns (DCD - SCD - CPR)
    Destination Clock Delay (DCD):    2.090ns
    Source Clock Delay      (SCD):    1.656ns
    Clock Pessimism Removal (CPR):    0.168ns

    Pin Reuse     Location             Delay type                Incr(ns)  Path(ns)    Netlist Resource(s)
  ---------------------------------------------------------------------------------    -------------------
                                       (clock clk_pll_i rise edge)
                                                                    0.000     0.000 r  
                  C8                                                0.000     0.000 r  sys_clk_p (IN)
                                       net (fo=0)                   0.000     0.000    U0_ps_ai_peripheral/mig_ddr3_u0/u_mig_7series_0_mig/u_ddr3_clk_ibuf/sys_clk_p
                  C8                                                                r  U0_ps_ai_peripheral/mig_ddr3_u0/u_mig_7series_0_mig/u_ddr3_clk_ibuf/diff_input_clk.u_ibufg_sys_clk/I
                  C8                   IBUFDS (Prop_ibufds_I_O)     0.390     0.390 r  U0_ps_ai_peripheral/mig_ddr3_u0/u_mig_7series_0_mig/u_ddr3_clk_ibuf/diff_input_clk.u_ibufg_sys_clk/O
                                       net (fo=3, routed)           0.503     0.893    U0_ps_ai_peripheral/mig_ddr3_u0/u_mig_7series_0_mig/u_ddr3_infrastructure/out
                  PLLE2_ADV_X1Y2                                                    r  U0_ps_ai_peripheral/mig_ddr3_u0/u_mig_7series_0_mig/u_ddr3_infrastructure/plle2_i/CLKIN1
                  PLLE2_ADV_X1Y2       PLLE2_ADV (Prop_plle2_adv_CLKIN1_CLKOUT3)
                                                                    0.050     0.943 r  U0_ps_ai_peripheral/mig_ddr3_u0/u_mig_7series_0_mig/u_ddr3_infrastructure/plle2_i/CLKOUT3
                                       net (fo=1, routed)           0.378     1.321    U0_ps_ai_peripheral/mig_ddr3_u0/u_mig_7series_0_mig/u_ddr3_infrastructure/pll_clk3_out
                  BUFHCE_X1Y24                                                      r  U0_ps_ai_peripheral/mig_ddr3_u0/u_mig_7series_0_mig/u_ddr3_infrastructure/u_bufh_pll_clk3/I
                  BUFHCE_X1Y24         BUFH (Prop_bufh_I_O)         0.023     1.344 r  U0_ps_ai_peripheral/mig_ddr3_u0/u_mig_7series_0_mig/u_ddr3_infrastructure/u_bufh_pll_clk3/O
                                       net (fo=1, routed)           0.343     1.687    U0_ps_ai_peripheral/mig_ddr3_u0/u_mig_7series_0_mig/u_ddr3_infrastructure/pll_clk3
                  MMCME2_ADV_X1Y2                                                   r  U0_ps_ai_peripheral/mig_ddr3_u0/u_mig_7series_0_mig/u_ddr3_infrastructure/gen_mmcm.mmcm_i/CLKIN1
                  MMCME2_ADV_X1Y2      MMCME2_ADV (Prop_mmcme2_adv_CLKIN1_CLKFBOUT)
                                                                   -1.165     0.522 r  U0_ps_ai_peripheral/mig_ddr3_u0/u_mig_7series_0_mig/u_ddr3_infrastructure/gen_mmcm.mmcm_i/CLKFBOUT
                                       net (fo=1, routed)           0.559     1.081    U0_ps_ai_peripheral/mig_ddr3_u0/u_mig_7series_0_mig/u_ddr3_infrastructure/clk_pll_i
                  BUFGCTRL_X0Y16                                                    r  U0_ps_ai_peripheral/mig_ddr3_u0/u_mig_7series_0_mig/u_ddr3_infrastructure/u_bufg_clkdiv0/I
                  BUFGCTRL_X0Y16       BUFG (Prop_bufg_I_O)         0.026     1.107 r  U0_ps_ai_peripheral/mig_ddr3_u0/u_mig_7series_0_mig/u_ddr3_infrastructure/u_bufg_clkdiv0/O
                                       net (fo=103920, routed)      0.549     1.656    U_adder_top/U_flicker/render/split_U0/framed_V_V_U/ui_clk
                  SLICE_X45Y51         FDRE                                         r  U_adder_top/U_flicker/render/split_U0/framed_V_V_U/q_tmp_reg[56]/C
  ---------------------------------------------------------------------------------    -------------------
    Placement     SLICE_X45Y51         FDRE (Prop_fdre_C_Q)         0.091     1.747 r  U_adder_top/U_flicker/render/split_U0/framed_V_V_U/q_tmp_reg[56]/Q
                                       net (fo=1, routed)           0.228     1.976    U_adder_top/U_flicker/render/split_U0/framed_V_V_U/q_tmp[56]
    Placement     SLICE_X45Y49                                                      r  U_adder_top/U_flicker/render/split_U0/framed_V_V_U/dout_buf[56]_i_1/I0
    Routing       SLICE_X45Y49         LUT3 (Prop_lut3_I0_O)        0.066     2.042 r  U_adder_top/U_flicker/render/split_U0/framed_V_V_U/dout_buf[56]_i_1/O
                                       net (fo=1, routed)           0.000     2.042    U_adder_top/U_flicker/render/split_U0/framed_V_V_U/dout_buf[56]_i_1_n_0
    Routing       SLICE_X45Y49         FDRE                                         r  U_adder_top/U_flicker/render/split_U0/framed_V_V_U/dout_buf_reg[56]/D
  ---------------------------------------------------------------------------------    -------------------

                                       (clock clk_pll_i rise edge)
                                                                    0.000     0.000 r  
                  C8                                                0.000     0.000 r  sys_clk_p (IN)
                                       net (fo=0)                   0.000     0.000    U0_ps_ai_peripheral/mig_ddr3_u0/u_mig_7series_0_mig/u_ddr3_clk_ibuf/sys_clk_p
                  C8                                                                r  U0_ps_ai_peripheral/mig_ddr3_u0/u_mig_7series_0_mig/u_ddr3_clk_ibuf/diff_input_clk.u_ibufg_sys_clk/I
                  C8                   IBUFDS (Prop_ibufds_I_O)     0.469     0.469 r  U0_ps_ai_peripheral/mig_ddr3_u0/u_mig_7series_0_mig/u_ddr3_clk_ibuf/diff_input_clk.u_ibufg_sys_clk/O
                                       net (fo=3, routed)           0.554     1.023    U0_ps_ai_peripheral/mig_ddr3_u0/u_mig_7series_0_mig/u_ddr3_infrastructure/out
                  PLLE2_ADV_X1Y2                                                    r  U0_ps_ai_peripheral/mig_ddr3_u0/u_mig_7series_0_mig/u_ddr3_infrastructure/plle2_i/CLKIN1
                  PLLE2_ADV_X1Y2       PLLE2_ADV (Prop_plle2_adv_CLKIN1_CLKOUT3)
                                                                    0.053     1.076 r  U0_ps_ai_peripheral/mig_ddr3_u0/u_mig_7series_0_mig/u_ddr3_infrastructure/plle2_i/CLKOUT3
                                       net (fo=1, routed)           0.437     1.513    U0_ps_ai_peripheral/mig_ddr3_u0/u_mig_7series_0_mig/u_ddr3_infrastructure/pll_clk3_out
                  BUFHCE_X1Y24                                                      r  U0_ps_ai_peripheral/mig_ddr3_u0/u_mig_7series_0_mig/u_ddr3_infrastructure/u_bufh_pll_clk3/I
                  BUFHCE_X1Y24         BUFH (Prop_bufh_I_O)         0.045     1.558 r  U0_ps_ai_peripheral/mig_ddr3_u0/u_mig_7series_0_mig/u_ddr3_infrastructure/u_bufh_pll_clk3/O
                                       net (fo=1, routed)           0.506     2.064    U0_ps_ai_peripheral/mig_ddr3_u0/u_mig_7series_0_mig/u_ddr3_infrastructure/pll_clk3
                  MMCME2_ADV_X1Y2                                                   r  U0_ps_ai_peripheral/mig_ddr3_u0/u_mig_7series_0_mig/u_ddr3_infrastructure/gen_mmcm.mmcm_i/CLKIN1
                  MMCME2_ADV_X1Y2      MMCME2_ADV (Prop_mmcme2_adv_CLKIN1_CLKFBOUT)
                                                                   -1.449     0.615 r  U0_ps_ai_peripheral/mig_ddr3_u0/u_mig_7series_0_mig/u_ddr3_infrastructure/gen_mmcm.mmcm_i/CLKFBOUT
                                       net (fo=1, routed)           0.623     1.238    U0_ps_ai_peripheral/mig_ddr3_u0/u_mig_7series_0_mig/u_ddr3_infrastructure/clk_pll_i
                  BUFGCTRL_X0Y16                                                    r  U0_ps_ai_peripheral/mig_ddr3_u0/u_mig_7series_0_mig/u_ddr3_infrastructure/u_bufg_clkdiv0/I
                  BUFGCTRL_X0Y16       BUFG (Prop_bufg_I_O)         0.030     1.268 r  U0_ps_ai_peripheral/mig_ddr3_u0/u_mig_7series_0_mig/u_ddr3_infrastructure/u_bufg_clkdiv0/O
                                       net (fo=103920, routed)      0.822     2.090    U_adder_top/U_flicker/render/split_U0/framed_V_V_U/ui_clk
                  SLICE_X45Y49         FDRE                                         r  U_adder_top/U_flicker/render/split_U0/framed_V_V_U/dout_buf_reg[56]/C
                                       clock pessimism             -0.168     1.921    
                  SLICE_X45Y49         FDRE (Hold_fdre_C_D)         0.061     1.982    U_adder_top/U_flicker/render/split_U0/framed_V_V_U/dout_buf_reg[56]
  ---------------------------------------------------------------------------------
                                       required time                         -1.982    
                                       arrival time                           2.042    
  ---------------------------------------------------------------------------------
                                       slack                                  0.059    

Slack (MET) :             0.061ns  (arrival time - required time)
  Source:                 U_adder_top/U_flicker/render/render_lane_3u_U0/grp_evaluate_mini_3u_s_fu_573/xy_reg_917_reg[15]/C
                            (rising edge-triggered cell FDRE clocked by clk_pll_i  {rise@0.000ns fall@2.500ns period=5.000ns})
  Destination:            U_adder_top/U_flicker/render/render_lane_3u_U0/grp_evaluate_mini_3u_s_fu_573/xy_reg_917_pp0_iter50_reg_reg[15]_srl16/D
                            (rising edge-triggered cell SRL16E clocked by clk_pll_i  {rise@0.000ns fall@2.500ns period=5.000ns})
  Path Group:             clk_pll_i
  Path Type:              Hold (Min at Fast Process Corner)
  Requirement:            0.000ns  (clk_pll_i rise@0.000ns - clk_pll_i rise@0.000ns)
  Data Path Delay:        0.192ns  (logic 0.091ns (47.458%)  route 0.101ns (52.542%))
  Logic Levels:           0  
  Clock Path Skew:        0.013ns (DCD - SCD - CPR)
    Destination Clock Delay (DCD):    2.056ns
    Source Clock Delay      (SCD):    1.694ns
    Clock Pessimism Removal (CPR):    0.348ns

    Pin Reuse     Location             Delay type                Incr(ns)  Path(ns)    Netlist Resource(s)
  ---------------------------------------------------------------------------------    -------------------
                                       (clock clk_pll_i rise edge)
                                                                    0.000     0.000 r  
                  C8                                                0.000     0.000 r  sys_clk_p (IN)
                                       net (fo=0)                   0.000     0.000    U0_ps_ai_peripheral/mig_ddr3_u0/u_mig_7series_0_mig/u_ddr3_clk_ibuf/sys_clk_p
                  C8                                                                r  U0_ps_ai_peripheral/mig_ddr3_u0/u_mig_7series_0_mig/u_ddr3_clk_ibuf/diff_input_clk.u_ibufg_sys_clk/I
                  C8                   IBUFDS (Prop_ibufds_I_O)     0.390     0.390 r  U0_ps_ai_peripheral/mig_ddr3_u0/u_mig_7series_0_mig/u_ddr3_clk_ibuf/diff_input_clk.u_ibufg_sys_clk/O
                                       net (fo=3, routed)           0.503     0.893    U0_ps_ai_peripheral/mig_ddr3_u0/u_mig_7series_0_mig/u_ddr3_infrastructure/out
                  PLLE2_ADV_X1Y2                                                    r  U0_ps_ai_peripheral/mig_ddr3_u0/u_mig_7series_0_mig/u_ddr3_infrastructure/plle2_i/CLKIN1
                  PLLE2_ADV_X1Y2       PLLE2_ADV (Prop_plle2_adv_CLKIN1_CLKOUT3)
                                                                    0.050     0.943 r  U0_ps_ai_peripheral/mig_ddr3_u0/u_mig_7series_0_mig/u_ddr3_infrastructure/plle2_i/CLKOUT3
                                       net (fo=1, routed)           0.378     1.321    U0_ps_ai_peripheral/mig_ddr3_u0/u_mig_7series_0_mig/u_ddr3_infrastructure/pll_clk3_out
                  BUFHCE_X1Y24                                                      r  U0_ps_ai_peripheral/mig_ddr3_u0/u_mig_7series_0_mig/u_ddr3_infrastructure/u_bufh_pll_clk3/I
                  BUFHCE_X1Y24         BUFH (Prop_bufh_I_O)         0.023     1.344 r  U0_ps_ai_peripheral/mig_ddr3_u0/u_mig_7series_0_mig/u_ddr3_infrastructure/u_bufh_pll_clk3/O
                                       net (fo=1, routed)           0.343     1.687    U0_ps_ai_peripheral/mig_ddr3_u0/u_mig_7series_0_mig/u_ddr3_infrastructure/pll_clk3
                  MMCME2_ADV_X1Y2                                                   r  U0_ps_ai_peripheral/mig_ddr3_u0/u_mig_7series_0_mig/u_ddr3_infrastructure/gen_mmcm.mmcm_i/CLKIN1
                  MMCME2_ADV_X1Y2      MMCME2_ADV (Prop_mmcme2_adv_CLKIN1_CLKFBOUT)
                                                                   -1.165     0.522 r  U0_ps_ai_peripheral/mig_ddr3_u0/u_mig_7series_0_mig/u_ddr3_infrastructure/gen_mmcm.mmcm_i/CLKFBOUT
                                       net (fo=1, routed)           0.559     1.081    U0_ps_ai_peripheral/mig_ddr3_u0/u_mig_7series_0_mig/u_ddr3_infrastructure/clk_pll_i
                  BUFGCTRL_X0Y16                                                    r  U0_ps_ai_peripheral/mig_ddr3_u0/u_mig_7series_0_mig/u_ddr3_infrastructure/u_bufg_clkdiv0/I
                  BUFGCTRL_X0Y16       BUFG (Prop_bufg_I_O)         0.026     1.107 r  U0_ps_ai_peripheral/mig_ddr3_u0/u_mig_7series_0_mig/u_ddr3_infrastructure/u_bufg_clkdiv0/O
                                       net (fo=103920, routed)      0.587     1.694    U_adder_top/U_flicker/render/render_lane_3u_U0/grp_evaluate_mini_3u_s_fu_573/ui_clk
                  SLICE_X105Y52        FDRE                                         r  U_adder_top/U_flicker/render/render_lane_3u_U0/grp_evaluate_mini_3u_s_fu_573/xy_reg_917_reg[15]/C
  ---------------------------------------------------------------------------------    -------------------
    Placement     SLICE_X105Y52        FDRE (Prop_fdre_C_Q)         0.091     1.785 r  U_adder_top/U_flicker/render/render_lane_3u_U0/grp_evaluate_mini_3u_s_fu_573/xy_reg_917_reg[15]/Q
                                       net (fo=1, routed)           0.101     1.886    U_adder_top/U_flicker/render/render_lane_3u_U0/grp_evaluate_mini_3u_s_fu_573/xy_reg_917[15]
    Placement     SLICE_X104Y54        SRL16E                                       r  U_adder_top/U_flicker/render/render_lane_3u_U0/grp_evaluate_mini_3u_s_fu_573/xy_reg_917_pp0_iter50_reg_reg[15]_srl16/D
  ---------------------------------------------------------------------------------    -------------------

                                       (clock clk_pll_i rise edge)
                                                                    0.000     0.000 r  
                  C8                                                0.000     0.000 r  sys_clk_p (IN)
                                       net (fo=0)                   0.000     0.000    U0_ps_ai_peripheral/mig_ddr3_u0/u_mig_7series_0_mig/u_ddr3_clk_ibuf/sys_clk_p
                  C8                                                                r  U0_ps_ai_peripheral/mig_ddr3_u0/u_mig_7series_0_mig/u_ddr3_clk_ibuf/diff_input_clk.u_ibufg_sys_clk/I
                  C8                   IBUFDS (Prop_ibufds_I_O)     0.469     0.469 r  U0_ps_ai_peripheral/mig_ddr3_u0/u_mig_7series_0_mig/u_ddr3_clk_ibuf/diff_input_clk.u_ibufg_sys_clk/O
                                       net (fo=3, routed)           0.554     1.023    U0_ps_ai_peripheral/mig_ddr3_u0/u_mig_7series_0_mig/u_ddr3_infrastructure/out
                  PLLE2_ADV_X1Y2                                                    r  U0_ps_ai_peripheral/mig_ddr3_u0/u_mig_7series_0_mig/u_ddr3_infrastructure/plle2_i/CLKIN1
                  PLLE2_ADV_X1Y2       PLLE2_ADV (Prop_plle2_adv_CLKIN1_CLKOUT3)
                                                                    0.053     1.076 r  U0_ps_ai_peripheral/mig_ddr3_u0/u_mig_7series_0_mig/u_ddr3_infrastructure/plle2_i/CLKOUT3
                                       net (fo=1, routed)           0.437     1.513    U0_ps_ai_peripheral/mig_ddr3_u0/u_mig_7series_0_mig/u_ddr3_infrastructure/pll_clk3_out
                  BUFHCE_X1Y24                                                      r  U0_ps_ai_peripheral/mig_ddr3_u0/u_mig_7series_0_mig/u_ddr3_infrastructure/u_bufh_pll_clk3/I
                  BUFHCE_X1Y24         BUFH (Prop_bufh_I_O)         0.045     1.558 r  U0_ps_ai_peripheral/mig_ddr3_u0/u_mig_7series_0_mig/u_ddr3_infrastructure/u_bufh_pll_clk3/O
                                       net (fo=1, routed)           0.506     2.064    U0_ps_ai_peripheral/mig_ddr3_u0/u_mig_7series_0_mig/u_ddr3_infrastructure/pll_clk3
                  MMCME2_ADV_X1Y2                                                   r  U0_ps_ai_peripheral/mig_ddr3_u0/u_mig_7series_0_mig/u_ddr3_infrastructure/gen_mmcm.mmcm_i/CLKIN1
                  MMCME2_ADV_X1Y2      MMCME2_ADV (Prop_mmcme2_adv_CLKIN1_CLKFBOUT)
                                                                   -1.449     0.615 r  U0_ps_ai_peripheral/mig_ddr3_u0/u_mig_7series_0_mig/u_ddr3_infrastructure/gen_mmcm.mmcm_i/CLKFBOUT
                                       net (fo=1, routed)           0.623     1.238    U0_ps_ai_peripheral/mig_ddr3_u0/u_mig_7series_0_mig/u_ddr3_infrastructure/clk_pll_i
                  BUFGCTRL_X0Y16                                                    r  U0_ps_ai_peripheral/mig_ddr3_u0/u_mig_7series_0_mig/u_ddr3_infrastructure/u_bufg_clkdiv0/I
                  BUFGCTRL_X0Y16       BUFG (Prop_bufg_I_O)         0.030     1.268 r  U0_ps_ai_peripheral/mig_ddr3_u0/u_mig_7series_0_mig/u_ddr3_infrastructure/u_bufg_clkdiv0/O
                                       net (fo=103920, routed)      0.788     2.056    U_adder_top/U_flicker/render/render_lane_3u_U0/grp_evaluate_mini_3u_s_fu_573/ui_clk
                  SLICE_X104Y54        SRL16E                                       r  U_adder_top/U_flicker/render/render_lane_3u_U0/grp_evaluate_mini_3u_s_fu_573/xy_reg_917_pp0_iter50_reg_reg[15]_srl16/CLK
                                       clock pessimism             -0.348     1.707    
                  SLICE_X104Y54        SRL16E (Hold_srl16e_CLK_D)
                                                                    0.118     1.825    U_adder_top/U_flicker/render/render_lane_3u_U0/grp_evaluate_mini_3u_s_fu_573/xy_reg_917_pp0_iter50_reg_reg[15]_srl16
  ---------------------------------------------------------------------------------
                                       required time                         -1.825    
                                       arrival time                           1.886    
  ---------------------------------------------------------------------------------
                                       slack                                  0.061    

Slack (MET) :             0.061ns  (arrival time - required time)
  Source:                 U_adder_top/U_flicker/render/render_lane_3u_U0/grp_evaluate_mini_3u_s_fu_573/flicker_render_piibs_U273/flicker_render_pipeline_ap_uitofp_6_no_dsp_32_u/U0/i_synth/FIX_TO_FLT_OP.SPD.OP/NORM_SHIFT/MUX_LOOP[0].DEL_SHIFT/i_pipe/opt_has_pipe.first_q_reg[6]/C
                            (rising edge-triggered cell FDRE clocked by clk_pll_i  {rise@0.000ns fall@2.500ns period=5.000ns})
  Destination:            U_adder_top/U_flicker/render/render_lane_3u_U0/grp_evaluate_mini_3u_s_fu_573/flicker_render_piibs_U273/flicker_render_pipeline_ap_uitofp_6_no_dsp_32_u/U0/i_synth/FIX_TO_FLT_OP.SPD.OP/NORM_SHIFT/MUX_LOOP[1].DEL_SHIFT/i_pipe/opt_has_pipe.first_q_reg[6]/D
                            (rising edge-triggered cell FDRE clocked by clk_pll_i  {rise@0.000ns fall@2.500ns period=5.000ns})
  Path Group:             clk_pll_i
  Path Type:              Hold (Min at Fast Process Corner)
  Requirement:            0.000ns  (clk_pll_i rise@0.000ns - clk_pll_i rise@0.000ns)
  Data Path Delay:        0.386ns  (logic 0.128ns (33.149%)  route 0.258ns (66.851%))
  Logic Levels:           1  (LUT6=1)
  Clock Path Skew:        0.265ns (DCD - SCD - CPR)
    Destination Clock Delay (DCD):    2.123ns
    Source Clock Delay      (SCD):    1.689ns
    Clock Pessimism Removal (CPR):    0.168ns

    Pin Reuse     Location             Delay type                Incr(ns)  Path(ns)    Netlist Resource(s)
  ---------------------------------------------------------------------------------    -------------------
                                       (clock clk_pll_i rise edge)
                                                                    0.000     0.000 r  
                  C8                                                0.000     0.000 r  sys_clk_p (IN)
                                       net (fo=0)                   0.000     0.000    U0_ps_ai_peripheral/mig_ddr3_u0/u_mig_7series_0_mig/u_ddr3_clk_ibuf/sys_clk_p
                  C8                                                                r  U0_ps_ai_peripheral/mig_ddr3_u0/u_mig_7series_0_mig/u_ddr3_clk_ibuf/diff_input_clk.u_ibufg_sys_clk/I
                  C8                   IBUFDS (Prop_ibufds_I_O)     0.390     0.390 r  U0_ps_ai_peripheral/mig_ddr3_u0/u_mig_7series_0_mig/u_ddr3_clk_ibuf/diff_input_clk.u_ibufg_sys_clk/O
                                       net (fo=3, routed)           0.503     0.893    U0_ps_ai_peripheral/mig_ddr3_u0/u_mig_7series_0_mig/u_ddr3_infrastructure/out
                  PLLE2_ADV_X1Y2                                                    r  U0_ps_ai_peripheral/mig_ddr3_u0/u_mig_7series_0_mig/u_ddr3_infrastructure/plle2_i/CLKIN1
                  PLLE2_ADV_X1Y2       PLLE2_ADV (Prop_plle2_adv_CLKIN1_CLKOUT3)
                                                                    0.050     0.943 r  U0_ps_ai_peripheral/mig_ddr3_u0/u_mig_7series_0_mig/u_ddr3_infrastructure/plle2_i/CLKOUT3
                                       net (fo=1, routed)           0.378     1.321    U0_ps_ai_peripheral/mig_ddr3_u0/u_mig_7series_0_mig/u_ddr3_infrastructure/pll_clk3_out
                  BUFHCE_X1Y24                                                      r  U0_ps_ai_peripheral/mig_ddr3_u0/u_mig_7series_0_mig/u_ddr3_infrastructure/u_bufh_pll_clk3/I
                  BUFHCE_X1Y24         BUFH (Prop_bufh_I_O)         0.023     1.344 r  U0_ps_ai_peripheral/mig_ddr3_u0/u_mig_7series_0_mig/u_ddr3_infrastructure/u_bufh_pll_clk3/O
                                       net (fo=1, routed)           0.343     1.687    U0_ps_ai_peripheral/mig_ddr3_u0/u_mig_7series_0_mig/u_ddr3_infrastructure/pll_clk3
                  MMCME2_ADV_X1Y2                                                   r  U0_ps_ai_peripheral/mig_ddr3_u0/u_mig_7series_0_mig/u_ddr3_infrastructure/gen_mmcm.mmcm_i/CLKIN1
                  MMCME2_ADV_X1Y2      MMCME2_ADV (Prop_mmcme2_adv_CLKIN1_CLKFBOUT)
                                                                   -1.165     0.522 r  U0_ps_ai_peripheral/mig_ddr3_u0/u_mig_7series_0_mig/u_ddr3_infrastructure/gen_mmcm.mmcm_i/CLKFBOUT
                                       net (fo=1, routed)           0.559     1.081    U0_ps_ai_peripheral/mig_ddr3_u0/u_mig_7series_0_mig/u_ddr3_infrastructure/clk_pll_i
                  BUFGCTRL_X0Y16                                                    r  U0_ps_ai_peripheral/mig_ddr3_u0/u_mig_7series_0_mig/u_ddr3_infrastructure/u_bufg_clkdiv0/I
                  BUFGCTRL_X0Y16       BUFG (Prop_bufg_I_O)         0.026     1.107 r  U0_ps_ai_peripheral/mig_ddr3_u0/u_mig_7series_0_mig/u_ddr3_infrastructure/u_bufg_clkdiv0/O
                                       net (fo=103920, routed)      0.582     1.689    U_adder_top/U_flicker/render/render_lane_3u_U0/grp_evaluate_mini_3u_s_fu_573/flicker_render_piibs_U273/flicker_render_pipeline_ap_uitofp_6_no_dsp_32_u/U0/i_synth/FIX_TO_FLT_OP.SPD.OP/NORM_SHIFT/MUX_LOOP[0].DEL_SHIFT/i_pipe/aclk
                  SLICE_X93Y53         FDRE                                         r  U_adder_top/U_flicker/render/render_lane_3u_U0/grp_evaluate_mini_3u_s_fu_573/flicker_render_piibs_U273/flicker_render_pipeline_ap_uitofp_6_no_dsp_32_u/U0/i_synth/FIX_TO_FLT_OP.SPD.OP/NORM_SHIFT/MUX_LOOP[0].DEL_SHIFT/i_pipe/opt_has_pipe.first_q_reg[6]/C
  ---------------------------------------------------------------------------------    -------------------
    Placement     SLICE_X93Y53         FDRE (Prop_fdre_C_Q)         0.100     1.789 r  U_adder_top/U_flicker/render/render_lane_3u_U0/grp_evaluate_mini_3u_s_fu_573/flicker_render_piibs_U273/flicker_render_pipeline_ap_uitofp_6_no_dsp_32_u/U0/i_synth/FIX_TO_FLT_OP.SPD.OP/NORM_SHIFT/MUX_LOOP[0].DEL_SHIFT/i_pipe/opt_has_pipe.first_q_reg[6]/Q
                                       net (fo=2, routed)           0.258     2.048    U_adder_top/U_flicker/render/render_lane_3u_U0/grp_evaluate_mini_3u_s_fu_573/flicker_render_piibs_U273/flicker_render_pipeline_ap_uitofp_6_no_dsp_32_u/U0/i_synth/FIX_TO_FLT_OP.SPD.OP/NORM_SHIFT/MUX_LOOP[0].DEL_SHIFT/i_pipe/opt_has_pipe.first_q_reg_n_0_[6]
    Placement     SLICE_X93Y48                                                      r  U_adder_top/U_flicker/render/render_lane_3u_U0/grp_evaluate_mini_3u_s_fu_573/flicker_render_piibs_U273/flicker_render_pipeline_ap_uitofp_6_no_dsp_32_u/U0/i_synth/FIX_TO_FLT_OP.SPD.OP/NORM_SHIFT/MUX_LOOP[0].DEL_SHIFT/i_pipe/opt_has_pipe.first_q[6]_i_1/I5
    Routing       SLICE_X93Y48         LUT6 (Prop_lut6_I5_O)        0.028     2.076 r  U_adder_top/U_flicker/render/render_lane_3u_U0/grp_evaluate_mini_3u_s_fu_573/flicker_render_piibs_U273/flicker_render_pipeline_ap_uitofp_6_no_dsp_32_u/U0/i_synth/FIX_TO_FLT_OP.SPD.OP/NORM_SHIFT/MUX_LOOP[0].DEL_SHIFT/i_pipe/opt_has_pipe.first_q[6]_i_1/O
                                       net (fo=1, routed)           0.000     2.076    U_adder_top/U_flicker/render/render_lane_3u_U0/grp_evaluate_mini_3u_s_fu_573/flicker_render_piibs_U273/flicker_render_pipeline_ap_uitofp_6_no_dsp_32_u/U0/i_synth/FIX_TO_FLT_OP.SPD.OP/NORM_SHIFT/MUX_LOOP[1].DEL_SHIFT/i_pipe/opt_has_pipe.first_q_reg[28]_0[5]
    Routing       SLICE_X93Y48         FDRE                                         r  U_adder_top/U_flicker/render/render_lane_3u_U0/grp_evaluate_mini_3u_s_fu_573/flicker_render_piibs_U273/flicker_render_pipeline_ap_uitofp_6_no_dsp_32_u/U0/i_synth/FIX_TO_FLT_OP.SPD.OP/NORM_SHIFT/MUX_LOOP[1].DEL_SHIFT/i_pipe/opt_has_pipe.first_q_reg[6]/D
  ---------------------------------------------------------------------------------    -------------------

                                       (clock clk_pll_i rise edge)
                                                                    0.000     0.000 r  
                  C8                                                0.000     0.000 r  sys_clk_p (IN)
                                       net (fo=0)                   0.000     0.000    U0_ps_ai_peripheral/mig_ddr3_u0/u_mig_7series_0_mig/u_ddr3_clk_ibuf/sys_clk_p
                  C8                                                                r  U0_ps_ai_peripheral/mig_ddr3_u0/u_mig_7series_0_mig/u_ddr3_clk_ibuf/diff_input_clk.u_ibufg_sys_clk/I
                  C8                   IBUFDS (Prop_ibufds_I_O)     0.469     0.469 r  U0_ps_ai_peripheral/mig_ddr3_u0/u_mig_7series_0_mig/u_ddr3_clk_ibuf/diff_input_clk.u_ibufg_sys_clk/O
                                       net (fo=3, routed)           0.554     1.023    U0_ps_ai_peripheral/mig_ddr3_u0/u_mig_7series_0_mig/u_ddr3_infrastructure/out
                  PLLE2_ADV_X1Y2                                                    r  U0_ps_ai_peripheral/mig_ddr3_u0/u_mig_7series_0_mig/u_ddr3_infrastructure/plle2_i/CLKIN1
                  PLLE2_ADV_X1Y2       PLLE2_ADV (Prop_plle2_adv_CLKIN1_CLKOUT3)
                                                                    0.053     1.076 r  U0_ps_ai_peripheral/mig_ddr3_u0/u_mig_7series_0_mig/u_ddr3_infrastructure/plle2_i/CLKOUT3
                                       net (fo=1, routed)           0.437     1.513    U0_ps_ai_peripheral/mig_ddr3_u0/u_mig_7series_0_mig/u_ddr3_infrastructure/pll_clk3_out
                  BUFHCE_X1Y24                                                      r  U0_ps_ai_peripheral/mig_ddr3_u0/u_mig_7series_0_mig/u_ddr3_infrastructure/u_bufh_pll_clk3/I
                  BUFHCE_X1Y24         BUFH (Prop_bufh_I_O)         0.045     1.558 r  U0_ps_ai_peripheral/mig_ddr3_u0/u_mig_7series_0_mig/u_ddr3_infrastructure/u_bufh_pll_clk3/O
                                       net (fo=1, routed)           0.506     2.064    U0_ps_ai_peripheral/mig_ddr3_u0/u_mig_7series_0_mig/u_ddr3_infrastructure/pll_clk3
                  MMCME2_ADV_X1Y2                                                   r  U0_ps_ai_peripheral/mig_ddr3_u0/u_mig_7series_0_mig/u_ddr3_infrastructure/gen_mmcm.mmcm_i/CLKIN1
                  MMCME2_ADV_X1Y2      MMCME2_ADV (Prop_mmcme2_adv_CLKIN1_CLKFBOUT)
                                                                   -1.449     0.615 r  U0_ps_ai_peripheral/mig_ddr3_u0/u_mig_7series_0_mig/u_ddr3_infrastructure/gen_mmcm.mmcm_i/CLKFBOUT
                                       net (fo=1, routed)           0.623     1.238    U0_ps_ai_peripheral/mig_ddr3_u0/u_mig_7series_0_mig/u_ddr3_infrastructure/clk_pll_i
                  BUFGCTRL_X0Y16                                                    r  U0_ps_ai_peripheral/mig_ddr3_u0/u_mig_7series_0_mig/u_ddr3_infrastructure/u_bufg_clkdiv0/I
                  BUFGCTRL_X0Y16       BUFG (Prop_bufg_I_O)         0.030     1.268 r  U0_ps_ai_peripheral/mig_ddr3_u0/u_mig_7series_0_mig/u_ddr3_infrastructure/u_bufg_clkdiv0/O
                                       net (fo=103920, routed)      0.855     2.123    U_adder_top/U_flicker/render/render_lane_3u_U0/grp_evaluate_mini_3u_s_fu_573/flicker_render_piibs_U273/flicker_render_pipeline_ap_uitofp_6_no_dsp_32_u/U0/i_synth/FIX_TO_FLT_OP.SPD.OP/NORM_SHIFT/MUX_LOOP[1].DEL_SHIFT/i_pipe/aclk
                  SLICE_X93Y48         FDRE                                         r  U_adder_top/U_flicker/render/render_lane_3u_U0/grp_evaluate_mini_3u_s_fu_573/flicker_render_piibs_U273/flicker_render_pipeline_ap_uitofp_6_no_dsp_32_u/U0/i_synth/FIX_TO_FLT_OP.SPD.OP/NORM_SHIFT/MUX_LOOP[1].DEL_SHIFT/i_pipe/opt_has_pipe.first_q_reg[6]/C
                                       clock pessimism             -0.168     1.954    
                  SLICE_X93Y48         FDRE (Hold_fdre_C_D)         0.060     2.014    U_adder_top/U_flicker/render/render_lane_3u_U0/grp_evaluate_mini_3u_s_fu_573/flicker_render_piibs_U273/flicker_render_pipeline_ap_uitofp_6_no_dsp_32_u/U0/i_synth/FIX_TO_FLT_OP.SPD.OP/NORM_SHIFT/MUX_LOOP[1].DEL_SHIFT/i_pipe/opt_has_pipe.first_q_reg[6]
  ---------------------------------------------------------------------------------
                                       required time                         -2.014    
                                       arrival time                           2.076    
  ---------------------------------------------------------------------------------
                                       slack                                  0.061    

Slack (MET) :             0.061ns  (arrival time - required time)
  Source:                 U_adder_top/U_flicker/render/render_lane_3u_U0/grp_evaluate_mini_3u_s_fu_573/flicker_render_piudo_U290/din0_buf1_reg[14]/C
                            (rising edge-triggered cell FDRE clocked by clk_pll_i  {rise@0.000ns fall@2.500ns period=5.000ns})
  Destination:            U_adder_top/U_flicker/render/render_lane_3u_U0/grp_evaluate_mini_3u_s_fu_573/flicker_render_piudo_U290/flicker_render_pipeline_ap_hmul_4_max_dsp_16_u/U0/i_synth/MULT.OP/EXP/EXP_ADD.C_CHAIN/Q_DEL/i_pipe/opt_has_pipe.first_q_reg[4]/D
                            (rising edge-triggered cell FDRE clocked by clk_pll_i  {rise@0.000ns fall@2.500ns period=5.000ns})
  Path Group:             clk_pll_i
  Path Type:              Hold (Min at Fast Process Corner)
  Requirement:            0.000ns  (clk_pll_i rise@0.000ns - clk_pll_i rise@0.000ns)
  Data Path Delay:        0.397ns  (logic 0.210ns (52.843%)  route 0.187ns (47.157%))
  Logic Levels:           2  (CARRY4=1 LUT2=1)
  Clock Path Skew:        0.265ns (DCD - SCD - CPR)
    Destination Clock Delay (DCD):    2.128ns
    Source Clock Delay      (SCD):    1.694ns
    Clock Pessimism Removal (CPR):    0.168ns

    Pin Reuse     Location             Delay type                Incr(ns)  Path(ns)    Netlist Resource(s)
  ---------------------------------------------------------------------------------    -------------------
                                       (clock clk_pll_i rise edge)
                                                                    0.000     0.000 r  
                  C8                                                0.000     0.000 r  sys_clk_p (IN)
                                       net (fo=0)                   0.000     0.000    U0_ps_ai_peripheral/mig_ddr3_u0/u_mig_7series_0_mig/u_ddr3_clk_ibuf/sys_clk_p
                  C8                                                                r  U0_ps_ai_peripheral/mig_ddr3_u0/u_mig_7series_0_mig/u_ddr3_clk_ibuf/diff_input_clk.u_ibufg_sys_clk/I
                  C8                   IBUFDS (Prop_ibufds_I_O)     0.390     0.390 r  U0_ps_ai_peripheral/mig_ddr3_u0/u_mig_7series_0_mig/u_ddr3_clk_ibuf/diff_input_clk.u_ibufg_sys_clk/O
                                       net (fo=3, routed)           0.503     0.893    U0_ps_ai_peripheral/mig_ddr3_u0/u_mig_7series_0_mig/u_ddr3_infrastructure/out
                  PLLE2_ADV_X1Y2                                                    r  U0_ps_ai_peripheral/mig_ddr3_u0/u_mig_7series_0_mig/u_ddr3_infrastructure/plle2_i/CLKIN1
                  PLLE2_ADV_X1Y2       PLLE2_ADV (Prop_plle2_adv_CLKIN1_CLKOUT3)
                                                                    0.050     0.943 r  U0_ps_ai_peripheral/mig_ddr3_u0/u_mig_7series_0_mig/u_ddr3_infrastructure/plle2_i/CLKOUT3
                                       net (fo=1, routed)           0.378     1.321    U0_ps_ai_peripheral/mig_ddr3_u0/u_mig_7series_0_mig/u_ddr3_infrastructure/pll_clk3_out
                  BUFHCE_X1Y24                                                      r  U0_ps_ai_peripheral/mig_ddr3_u0/u_mig_7series_0_mig/u_ddr3_infrastructure/u_bufh_pll_clk3/I
                  BUFHCE_X1Y24         BUFH (Prop_bufh_I_O)         0.023     1.344 r  U0_ps_ai_peripheral/mig_ddr3_u0/u_mig_7series_0_mig/u_ddr3_infrastructure/u_bufh_pll_clk3/O
                                       net (fo=1, routed)           0.343     1.687    U0_ps_ai_peripheral/mig_ddr3_u0/u_mig_7series_0_mig/u_ddr3_infrastructure/pll_clk3
                  MMCME2_ADV_X1Y2                                                   r  U0_ps_ai_peripheral/mig_ddr3_u0/u_mig_7series_0_mig/u_ddr3_infrastructure/gen_mmcm.mmcm_i/CLKIN1
                  MMCME2_ADV_X1Y2      MMCME2_ADV (Prop_mmcme2_adv_CLKIN1_CLKFBOUT)
                                                                   -1.165     0.522 r  U0_ps_ai_peripheral/mig_ddr3_u0/u_mig_7series_0_mig/u_ddr3_infrastructure/gen_mmcm.mmcm_i/CLKFBOUT
                                       net (fo=1, routed)           0.559     1.081    U0_ps_ai_peripheral/mig_ddr3_u0/u_mig_7series_0_mig/u_ddr3_infrastructure/clk_pll_i
                  BUFGCTRL_X0Y16                                                    r  U0_ps_ai_peripheral/mig_ddr3_u0/u_mig_7series_0_mig/u_ddr3_infrastructure/u_bufg_clkdiv0/I
                  BUFGCTRL_X0Y16       BUFG (Prop_bufg_I_O)         0.026     1.107 r  U0_ps_ai_peripheral/mig_ddr3_u0/u_mig_7series_0_mig/u_ddr3_infrastructure/u_bufg_clkdiv0/O
                                       net (fo=103920, routed)      0.587     1.694    U_adder_top/U_flicker/render/render_lane_3u_U0/grp_evaluate_mini_3u_s_fu_573/flicker_render_piudo_U290/ui_clk
                  SLICE_X105Y51        FDRE                                         r  U_adder_top/U_flicker/render/render_lane_3u_U0/grp_evaluate_mini_3u_s_fu_573/flicker_render_piudo_U290/din0_buf1_reg[14]/C
  ---------------------------------------------------------------------------------    -------------------
    Placement     SLICE_X105Y51        FDRE (Prop_fdre_C_Q)         0.091     1.785 r  U_adder_top/U_flicker/render/render_lane_3u_U0/grp_evaluate_mini_3u_s_fu_573/flicker_render_piudo_U290/din0_buf1_reg[14]/Q
                                       net (fo=4, routed)           0.187     1.973    U_adder_top/U_flicker/render/render_lane_3u_U0/grp_evaluate_mini_3u_s_fu_573/flicker_render_piudo_U290/flicker_render_pipeline_ap_hmul_4_max_dsp_16_u/U0/i_synth/MULT.OP/EXP/EXP_ADD.C_CHAIN/s_axis_a_tdata[4]
    Placement     SLICE_X107Y49                                                     r  U_adder_top/U_flicker/render/render_lane_3u_U0/grp_evaluate_mini_3u_s_fu_573/flicker_render_piudo_U290/flicker_render_pipeline_ap_hmul_4_max_dsp_16_u/U0/i_synth/MULT.OP/EXP/EXP_ADD.C_CHAIN/CHAIN_GEN[4].C_MUX.CARRY_MUX_i_1/I1
    Routing       SLICE_X107Y49        LUT2 (Prop_lut2_I1_O)        0.064     2.037 r  U_adder_top/U_flicker/render/render_lane_3u_U0/grp_evaluate_mini_3u_s_fu_573/flicker_render_piudo_U290/flicker_render_pipeline_ap_hmul_4_max_dsp_16_u/U0/i_synth/MULT.OP/EXP/EXP_ADD.C_CHAIN/CHAIN_GEN[4].C_MUX.CARRY_MUX_i_1/O
                                       net (fo=1, routed)           0.000     2.037    U_adder_top/U_flicker/render/render_lane_3u_U0/grp_evaluate_mini_3u_s_fu_573/flicker_render_piudo_U290/flicker_render_pipeline_ap_hmul_4_max_dsp_16_u/U0/i_synth/MULT.OP/EXP/EXP_ADD.C_CHAIN/a_xor_b_ip[4]
    Routing       SLICE_X107Y49                                                     r  U_adder_top/U_flicker/render/render_lane_3u_U0/grp_evaluate_mini_3u_s_fu_573/flicker_render_piudo_U290/flicker_render_pipeline_ap_hmul_4_max_dsp_16_u/U0/i_synth/MULT.OP/EXP/EXP_ADD.C_CHAIN/CHAIN_GEN[4].C_MUX.CARRY_MUX_CARRY4/S[0]
    Routing       SLICE_X107Y49        CARRY4 (Prop_carry4_S[0]_O[0])
                                                                    0.055     2.092 r  U_adder_top/U_flicker/render/render_lane_3u_U0/grp_evaluate_mini_3u_s_fu_573/flicker_render_piudo_U290/flicker_render_pipeline_ap_hmul_4_max_dsp_16_u/U0/i_synth/MULT.OP/EXP/EXP_ADD.C_CHAIN/CHAIN_GEN[4].C_MUX.CARRY_MUX_CARRY4/O[0]
                                       net (fo=1, routed)           0.000     2.092    U_adder_top/U_flicker/render/render_lane_3u_U0/grp_evaluate_mini_3u_s_fu_573/flicker_render_piudo_U290/flicker_render_pipeline_ap_hmul_4_max_dsp_16_u/U0/i_synth/MULT.OP/EXP/EXP_ADD.C_CHAIN/Q_DEL/i_pipe/opt_has_pipe.first_q_reg[4]_0[4]
    Routing       SLICE_X107Y49        FDRE                                         r  U_adder_top/U_flicker/render/render_lane_3u_U0/grp_evaluate_mini_3u_s_fu_573/flicker_render_piudo_U290/flicker_render_pipeline_ap_hmul_4_max_dsp_16_u/U0/i_synth/MULT.OP/EXP/EXP_ADD.C_CHAIN/Q_DEL/i_pipe/opt_has_pipe.first_q_reg[4]/D
  ---------------------------------------------------------------------------------    -------------------

                                       (clock clk_pll_i rise edge)
                                                                    0.000     0.000 r  
                  C8                                                0.000     0.000 r  sys_clk_p (IN)
                                       net (fo=0)                   0.000     0.000    U0_ps_ai_peripheral/mig_ddr3_u0/u_mig_7series_0_mig/u_ddr3_clk_ibuf/sys_clk_p
                  C8                                                                r  U0_ps_ai_peripheral/mig_ddr3_u0/u_mig_7series_0_mig/u_ddr3_clk_ibuf/diff_input_clk.u_ibufg_sys_clk/I
                  C8                   IBUFDS (Prop_ibufds_I_O)     0.469     0.469 r  U0_ps_ai_peripheral/mig_ddr3_u0/u_mig_7series_0_mig/u_ddr3_clk_ibuf/diff_input_clk.u_ibufg_sys_clk/O
                                       net (fo=3, routed)           0.554     1.023    U0_ps_ai_peripheral/mig_ddr3_u0/u_mig_7series_0_mig/u_ddr3_infrastructure/out
                  PLLE2_ADV_X1Y2                                                    r  U0_ps_ai_peripheral/mig_ddr3_u0/u_mig_7series_0_mig/u_ddr3_infrastructure/plle2_i/CLKIN1
                  PLLE2_ADV_X1Y2       PLLE2_ADV (Prop_plle2_adv_CLKIN1_CLKOUT3)
                                                                    0.053     1.076 r  U0_ps_ai_peripheral/mig_ddr3_u0/u_mig_7series_0_mig/u_ddr3_infrastructure/plle2_i/CLKOUT3
                                       net (fo=1, routed)           0.437     1.513    U0_ps_ai_peripheral/mig_ddr3_u0/u_mig_7series_0_mig/u_ddr3_infrastructure/pll_clk3_out
                  BUFHCE_X1Y24                                                      r  U0_ps_ai_peripheral/mig_ddr3_u0/u_mig_7series_0_mig/u_ddr3_infrastructure/u_bufh_pll_clk3/I
                  BUFHCE_X1Y24         BUFH (Prop_bufh_I_O)         0.045     1.558 r  U0_ps_ai_peripheral/mig_ddr3_u0/u_mig_7series_0_mig/u_ddr3_infrastructure/u_bufh_pll_clk3/O
                                       net (fo=1, routed)           0.506     2.064    U0_ps_ai_peripheral/mig_ddr3_u0/u_mig_7series_0_mig/u_ddr3_infrastructure/pll_clk3
                  MMCME2_ADV_X1Y2                                                   r  U0_ps_ai_peripheral/mig_ddr3_u0/u_mig_7series_0_mig/u_ddr3_infrastructure/gen_mmcm.mmcm_i/CLKIN1
                  MMCME2_ADV_X1Y2      MMCME2_ADV (Prop_mmcme2_adv_CLKIN1_CLKFBOUT)
                                                                   -1.449     0.615 r  U0_ps_ai_peripheral/mig_ddr3_u0/u_mig_7series_0_mig/u_ddr3_infrastructure/gen_mmcm.mmcm_i/CLKFBOUT
                                       net (fo=1, routed)           0.623     1.238    U0_ps_ai_peripheral/mig_ddr3_u0/u_mig_7series_0_mig/u_ddr3_infrastructure/clk_pll_i
                  BUFGCTRL_X0Y16                                                    r  U0_ps_ai_peripheral/mig_ddr3_u0/u_mig_7series_0_mig/u_ddr3_infrastructure/u_bufg_clkdiv0/I
                  BUFGCTRL_X0Y16       BUFG (Prop_bufg_I_O)         0.030     1.268 r  U0_ps_ai_peripheral/mig_ddr3_u0/u_mig_7series_0_mig/u_ddr3_infrastructure/u_bufg_clkdiv0/O
                                       net (fo=103920, routed)      0.860     2.128    U_adder_top/U_flicker/render/render_lane_3u_U0/grp_evaluate_mini_3u_s_fu_573/flicker_render_piudo_U290/flicker_render_pipeline_ap_hmul_4_max_dsp_16_u/U0/i_synth/MULT.OP/EXP/EXP_ADD.C_CHAIN/Q_DEL/i_pipe/aclk
                  SLICE_X107Y49        FDRE                                         r  U_adder_top/U_flicker/render/render_lane_3u_U0/grp_evaluate_mini_3u_s_fu_573/flicker_render_piudo_U290/flicker_render_pipeline_ap_hmul_4_max_dsp_16_u/U0/i_synth/MULT.OP/EXP/EXP_ADD.C_CHAIN/Q_DEL/i_pipe/opt_has_pipe.first_q_reg[4]/C
                                       clock pessimism             -0.168     1.959    
                  SLICE_X107Y49        FDRE (Hold_fdre_C_D)         0.071     2.030    U_adder_top/U_flicker/render/render_lane_3u_U0/grp_evaluate_mini_3u_s_fu_573/flicker_render_piudo_U290/flicker_render_pipeline_ap_hmul_4_max_dsp_16_u/U0/i_synth/MULT.OP/EXP/EXP_ADD.C_CHAIN/Q_DEL/i_pipe/opt_has_pipe.first_q_reg[4]
  ---------------------------------------------------------------------------------
                                       required time                         -2.030    
                                       arrival time                           2.092    
  ---------------------------------------------------------------------------------
                                       slack                                  0.061    

Slack (MET) :             0.062ns  (arrival time - required time)
  Source:                 U_adder_top/U_flicker/render/split_U0/framed_V_V_U/q_tmp_reg[403]/C
                            (rising edge-triggered cell FDRE clocked by clk_pll_i  {rise@0.000ns fall@2.500ns period=5.000ns})
  Destination:            U_adder_top/U_flicker/render/split_U0/framed_V_V_U/dout_buf_reg[403]/D
                            (rising edge-triggered cell FDRE clocked by clk_pll_i  {rise@0.000ns fall@2.500ns period=5.000ns})
  Path Group:             clk_pll_i
  Path Type:              Hold (Min at Fast Process Corner)
  Requirement:            0.000ns  (clk_pll_i rise@0.000ns - clk_pll_i rise@0.000ns)
  Data Path Delay:        0.426ns  (logic 0.129ns (30.280%)  route 0.297ns (69.720%))
  Logic Levels:           1  (LUT3=1)
  Clock Path Skew:        0.268ns (DCD - SCD - CPR)
    Destination Clock Delay (DCD):    2.126ns
    Source Clock Delay      (SCD):    1.689ns
    Clock Pessimism Removal (CPR):    0.168ns

    Pin Reuse     Location             Delay type                Incr(ns)  Path(ns)    Netlist Resource(s)
  ---------------------------------------------------------------------------------    -------------------
                                       (clock clk_pll_i rise edge)
                                                                    0.000     0.000 r  
                  C8                                                0.000     0.000 r  sys_clk_p (IN)
                                       net (fo=0)                   0.000     0.000    U0_ps_ai_peripheral/mig_ddr3_u0/u_mig_7series_0_mig/u_ddr3_clk_ibuf/sys_clk_p
                  C8                                                                r  U0_ps_ai_peripheral/mig_ddr3_u0/u_mig_7series_0_mig/u_ddr3_clk_ibuf/diff_input_clk.u_ibufg_sys_clk/I
                  C8                   IBUFDS (Prop_ibufds_I_O)     0.390     0.390 r  U0_ps_ai_peripheral/mig_ddr3_u0/u_mig_7series_0_mig/u_ddr3_clk_ibuf/diff_input_clk.u_ibufg_sys_clk/O
                                       net (fo=3, routed)           0.503     0.893    U0_ps_ai_peripheral/mig_ddr3_u0/u_mig_7series_0_mig/u_ddr3_infrastructure/out
                  PLLE2_ADV_X1Y2                                                    r  U0_ps_ai_peripheral/mig_ddr3_u0/u_mig_7series_0_mig/u_ddr3_infrastructure/plle2_i/CLKIN1
                  PLLE2_ADV_X1Y2       PLLE2_ADV (Prop_plle2_adv_CLKIN1_CLKOUT3)
                                                                    0.050     0.943 r  U0_ps_ai_peripheral/mig_ddr3_u0/u_mig_7series_0_mig/u_ddr3_infrastructure/plle2_i/CLKOUT3
                                       net (fo=1, routed)           0.378     1.321    U0_ps_ai_peripheral/mig_ddr3_u0/u_mig_7series_0_mig/u_ddr3_infrastructure/pll_clk3_out
                  BUFHCE_X1Y24                                                      r  U0_ps_ai_peripheral/mig_ddr3_u0/u_mig_7series_0_mig/u_ddr3_infrastructure/u_bufh_pll_clk3/I
                  BUFHCE_X1Y24         BUFH (Prop_bufh_I_O)         0.023     1.344 r  U0_ps_ai_peripheral/mig_ddr3_u0/u_mig_7series_0_mig/u_ddr3_infrastructure/u_bufh_pll_clk3/O
                                       net (fo=1, routed)           0.343     1.687    U0_ps_ai_peripheral/mig_ddr3_u0/u_mig_7series_0_mig/u_ddr3_infrastructure/pll_clk3
                  MMCME2_ADV_X1Y2                                                   r  U0_ps_ai_peripheral/mig_ddr3_u0/u_mig_7series_0_mig/u_ddr3_infrastructure/gen_mmcm.mmcm_i/CLKIN1
                  MMCME2_ADV_X1Y2      MMCME2_ADV (Prop_mmcme2_adv_CLKIN1_CLKFBOUT)
                                                                   -1.165     0.522 r  U0_ps_ai_peripheral/mig_ddr3_u0/u_mig_7series_0_mig/u_ddr3_infrastructure/gen_mmcm.mmcm_i/CLKFBOUT
                                       net (fo=1, routed)           0.559     1.081    U0_ps_ai_peripheral/mig_ddr3_u0/u_mig_7series_0_mig/u_ddr3_infrastructure/clk_pll_i
                  BUFGCTRL_X0Y16                                                    r  U0_ps_ai_peripheral/mig_ddr3_u0/u_mig_7series_0_mig/u_ddr3_infrastructure/u_bufg_clkdiv0/I
                  BUFGCTRL_X0Y16       BUFG (Prop_bufg_I_O)         0.026     1.107 r  U0_ps_ai_peripheral/mig_ddr3_u0/u_mig_7series_0_mig/u_ddr3_infrastructure/u_bufg_clkdiv0/O
                                       net (fo=103920, routed)      0.582     1.689    U_adder_top/U_flicker/render/split_U0/framed_V_V_U/ui_clk
                  SLICE_X27Y51         FDRE                                         r  U_adder_top/U_flicker/render/split_U0/framed_V_V_U/q_tmp_reg[403]/C
  ---------------------------------------------------------------------------------    -------------------
    Placement     SLICE_X27Y51         FDRE (Prop_fdre_C_Q)         0.100     1.789 r  U_adder_top/U_flicker/render/split_U0/framed_V_V_U/q_tmp_reg[403]/Q
                                       net (fo=1, routed)           0.297     2.086    U_adder_top/U_flicker/render/split_U0/framed_V_V_U/q_tmp[403]
    Placement     SLICE_X22Y48                                                      r  U_adder_top/U_flicker/render/split_U0/framed_V_V_U/dout_buf[403]_i_1/I0
    Routing       SLICE_X22Y48         LUT3 (Prop_lut3_I0_O)        0.029     2.115 r  U_adder_top/U_flicker/render/split_U0/framed_V_V_U/dout_buf[403]_i_1/O
                                       net (fo=1, routed)           0.000     2.115    U_adder_top/U_flicker/render/split_U0/framed_V_V_U/dout_buf[403]_i_1_n_0
    Routing       SLICE_X22Y48         FDRE                                         r  U_adder_top/U_flicker/render/split_U0/framed_V_V_U/dout_buf_reg[403]/D
  ---------------------------------------------------------------------------------    -------------------

                                       (clock clk_pll_i rise edge)
                                                                    0.000     0.000 r  
                  C8                                                0.000     0.000 r  sys_clk_p (IN)
                                       net (fo=0)                   0.000     0.000    U0_ps_ai_peripheral/mig_ddr3_u0/u_mig_7series_0_mig/u_ddr3_clk_ibuf/sys_clk_p
                  C8                                                                r  U0_ps_ai_peripheral/mig_ddr3_u0/u_mig_7series_0_mig/u_ddr3_clk_ibuf/diff_input_clk.u_ibufg_sys_clk/I
                  C8                   IBUFDS (Prop_ibufds_I_O)     0.469     0.469 r  U0_ps_ai_peripheral/mig_ddr3_u0/u_mig_7series_0_mig/u_ddr3_clk_ibuf/diff_input_clk.u_ibufg_sys_clk/O
                                       net (fo=3, routed)           0.554     1.023    U0_ps_ai_peripheral/mig_ddr3_u0/u_mig_7series_0_mig/u_ddr3_infrastructure/out
                  PLLE2_ADV_X1Y2                                                    r  U0_ps_ai_peripheral/mig_ddr3_u0/u_mig_7series_0_mig/u_ddr3_infrastructure/plle2_i/CLKIN1
                  PLLE2_ADV_X1Y2       PLLE2_ADV (Prop_plle2_adv_CLKIN1_CLKOUT3)
                                                                    0.053     1.076 r  U0_ps_ai_peripheral/mig_ddr3_u0/u_mig_7series_0_mig/u_ddr3_infrastructure/plle2_i/CLKOUT3
                                       net (fo=1, routed)           0.437     1.513    U0_ps_ai_peripheral/mig_ddr3_u0/u_mig_7series_0_mig/u_ddr3_infrastructure/pll_clk3_out
                  BUFHCE_X1Y24                                                      r  U0_ps_ai_peripheral/mig_ddr3_u0/u_mig_7series_0_mig/u_ddr3_infrastructure/u_bufh_pll_clk3/I
                  BUFHCE_X1Y24         BUFH (Prop_bufh_I_O)         0.045     1.558 r  U0_ps_ai_peripheral/mig_ddr3_u0/u_mig_7series_0_mig/u_ddr3_infrastructure/u_bufh_pll_clk3/O
                                       net (fo=1, routed)           0.506     2.064    U0_ps_ai_peripheral/mig_ddr3_u0/u_mig_7series_0_mig/u_ddr3_infrastructure/pll_clk3
                  MMCME2_ADV_X1Y2                                                   r  U0_ps_ai_peripheral/mig_ddr3_u0/u_mig_7series_0_mig/u_ddr3_infrastructure/gen_mmcm.mmcm_i/CLKIN1
                  MMCME2_ADV_X1Y2      MMCME2_ADV (Prop_mmcme2_adv_CLKIN1_CLKFBOUT)
                                                                   -1.449     0.615 r  U0_ps_ai_peripheral/mig_ddr3_u0/u_mig_7series_0_mig/u_ddr3_infrastructure/gen_mmcm.mmcm_i/CLKFBOUT
                                       net (fo=1, routed)           0.623     1.238    U0_ps_ai_peripheral/mig_ddr3_u0/u_mig_7series_0_mig/u_ddr3_infrastructure/clk_pll_i
                  BUFGCTRL_X0Y16                                                    r  U0_ps_ai_peripheral/mig_ddr3_u0/u_mig_7series_0_mig/u_ddr3_infrastructure/u_bufg_clkdiv0/I
                  BUFGCTRL_X0Y16       BUFG (Prop_bufg_I_O)         0.030     1.268 r  U0_ps_ai_peripheral/mig_ddr3_u0/u_mig_7series_0_mig/u_ddr3_infrastructure/u_bufg_clkdiv0/O
                                       net (fo=103920, routed)      0.858     2.126    U_adder_top/U_flicker/render/split_U0/framed_V_V_U/ui_clk
                  SLICE_X22Y48         FDRE                                         r  U_adder_top/U_flicker/render/split_U0/framed_V_V_U/dout_buf_reg[403]/C
                                       clock pessimism             -0.168     1.957    
                  SLICE_X22Y48         FDRE (Hold_fdre_C_D)         0.096     2.053    U_adder_top/U_flicker/render/split_U0/framed_V_V_U/dout_buf_reg[403]
  ---------------------------------------------------------------------------------
                                       required time                         -2.053    
                                       arrival time                           2.115    
  ---------------------------------------------------------------------------------
                                       slack                                  0.062    

Slack (MET) :             0.062ns  (arrival time - required time)
  Source:                 U_adder_top/U_flicker/render/split_U0/framed_V_V_U/q_tmp_reg[426]/C
                            (rising edge-triggered cell FDRE clocked by clk_pll_i  {rise@0.000ns fall@2.500ns period=5.000ns})
  Destination:            U_adder_top/U_flicker/render/split_U0/framed_V_V_U/dout_buf_reg[426]/D
                            (rising edge-triggered cell FDRE clocked by clk_pll_i  {rise@0.000ns fall@2.500ns period=5.000ns})
  Path Group:             clk_pll_i
  Path Type:              Hold (Min at Fast Process Corner)
  Requirement:            0.000ns  (clk_pll_i rise@0.000ns - clk_pll_i rise@0.000ns)
  Data Path Delay:        0.414ns  (logic 0.155ns (37.399%)  route 0.259ns (62.601%))
  Logic Levels:           1  (LUT3=1)
  Clock Path Skew:        0.265ns (DCD - SCD - CPR)
    Destination Clock Delay (DCD):    2.128ns
    Source Clock Delay      (SCD):    1.694ns
    Clock Pessimism Removal (CPR):    0.168ns

    Pin Reuse     Location             Delay type                Incr(ns)  Path(ns)    Netlist Resource(s)
  ---------------------------------------------------------------------------------    -------------------
                                       (clock clk_pll_i rise edge)
                                                                    0.000     0.000 r  
                  C8                                                0.000     0.000 r  sys_clk_p (IN)
                                       net (fo=0)                   0.000     0.000    U0_ps_ai_peripheral/mig_ddr3_u0/u_mig_7series_0_mig/u_ddr3_clk_ibuf/sys_clk_p
                  C8                                                                r  U0_ps_ai_peripheral/mig_ddr3_u0/u_mig_7series_0_mig/u_ddr3_clk_ibuf/diff_input_clk.u_ibufg_sys_clk/I
                  C8                   IBUFDS (Prop_ibufds_I_O)     0.390     0.390 r  U0_ps_ai_peripheral/mig_ddr3_u0/u_mig_7series_0_mig/u_ddr3_clk_ibuf/diff_input_clk.u_ibufg_sys_clk/O
                                       net (fo=3, routed)           0.503     0.893    U0_ps_ai_peripheral/mig_ddr3_u0/u_mig_7series_0_mig/u_ddr3_infrastructure/out
                  PLLE2_ADV_X1Y2                                                    r  U0_ps_ai_peripheral/mig_ddr3_u0/u_mig_7series_0_mig/u_ddr3_infrastructure/plle2_i/CLKIN1
                  PLLE2_ADV_X1Y2       PLLE2_ADV (Prop_plle2_adv_CLKIN1_CLKOUT3)
                                                                    0.050     0.943 r  U0_ps_ai_peripheral/mig_ddr3_u0/u_mig_7series_0_mig/u_ddr3_infrastructure/plle2_i/CLKOUT3
                                       net (fo=1, routed)           0.378     1.321    U0_ps_ai_peripheral/mig_ddr3_u0/u_mig_7series_0_mig/u_ddr3_infrastructure/pll_clk3_out
                  BUFHCE_X1Y24                                                      r  U0_ps_ai_peripheral/mig_ddr3_u0/u_mig_7series_0_mig/u_ddr3_infrastructure/u_bufh_pll_clk3/I
                  BUFHCE_X1Y24         BUFH (Prop_bufh_I_O)         0.023     1.344 r  U0_ps_ai_peripheral/mig_ddr3_u0/u_mig_7series_0_mig/u_ddr3_infrastructure/u_bufh_pll_clk3/O
                                       net (fo=1, routed)           0.343     1.687    U0_ps_ai_peripheral/mig_ddr3_u0/u_mig_7series_0_mig/u_ddr3_infrastructure/pll_clk3
                  MMCME2_ADV_X1Y2                                                   r  U0_ps_ai_peripheral/mig_ddr3_u0/u_mig_7series_0_mig/u_ddr3_infrastructure/gen_mmcm.mmcm_i/CLKIN1
                  MMCME2_ADV_X1Y2      MMCME2_ADV (Prop_mmcme2_adv_CLKIN1_CLKFBOUT)
                                                                   -1.165     0.522 r  U0_ps_ai_peripheral/mig_ddr3_u0/u_mig_7series_0_mig/u_ddr3_infrastructure/gen_mmcm.mmcm_i/CLKFBOUT
                                       net (fo=1, routed)           0.559     1.081    U0_ps_ai_peripheral/mig_ddr3_u0/u_mig_7series_0_mig/u_ddr3_infrastructure/clk_pll_i
                  BUFGCTRL_X0Y16                                                    r  U0_ps_ai_peripheral/mig_ddr3_u0/u_mig_7series_0_mig/u_ddr3_infrastructure/u_bufg_clkdiv0/I
                  BUFGCTRL_X0Y16       BUFG (Prop_bufg_I_O)         0.026     1.107 r  U0_ps_ai_peripheral/mig_ddr3_u0/u_mig_7series_0_mig/u_ddr3_infrastructure/u_bufg_clkdiv0/O
                                       net (fo=103920, routed)      0.587     1.694    U_adder_top/U_flicker/render/split_U0/framed_V_V_U/ui_clk
                  SLICE_X15Y50         FDRE                                         r  U_adder_top/U_flicker/render/split_U0/framed_V_V_U/q_tmp_reg[426]/C
  ---------------------------------------------------------------------------------    -------------------
    Placement     SLICE_X15Y50         FDRE (Prop_fdre_C_Q)         0.091     1.785 r  U_adder_top/U_flicker/render/split_U0/framed_V_V_U/q_tmp_reg[426]/Q
                                       net (fo=1, routed)           0.259     2.045    U_adder_top/U_flicker/render/split_U0/framed_V_V_U/q_tmp[426]
    Placement     SLICE_X18Y48                                                      r  U_adder_top/U_flicker/render/split_U0/framed_V_V_U/dout_buf[426]_i_1/I0
    Routing       SLICE_X18Y48         LUT3 (Prop_lut3_I0_O)        0.064     2.109 r  U_adder_top/U_flicker/render/split_U0/framed_V_V_U/dout_buf[426]_i_1/O
                                       net (fo=1, routed)           0.000     2.109    U_adder_top/U_flicker/render/split_U0/framed_V_V_U/dout_buf[426]_i_1_n_0
    Routing       SLICE_X18Y48         FDRE                                         r  U_adder_top/U_flicker/render/split_U0/framed_V_V_U/dout_buf_reg[426]/D
  ---------------------------------------------------------------------------------    -------------------

                                       (clock clk_pll_i rise edge)
                                                                    0.000     0.000 r  
                  C8                                                0.000     0.000 r  sys_clk_p (IN)
                                       net (fo=0)                   0.000     0.000    U0_ps_ai_peripheral/mig_ddr3_u0/u_mig_7series_0_mig/u_ddr3_clk_ibuf/sys_clk_p
                  C8                                                                r  U0_ps_ai_peripheral/mig_ddr3_u0/u_mig_7series_0_mig/u_ddr3_clk_ibuf/diff_input_clk.u_ibufg_sys_clk/I
                  C8                   IBUFDS (Prop_ibufds_I_O)     0.469     0.469 r  U0_ps_ai_peripheral/mig_ddr3_u0/u_mig_7series_0_mig/u_ddr3_clk_ibuf/diff_input_clk.u_ibufg_sys_clk/O
                                       net (fo=3, routed)           0.554     1.023    U0_ps_ai_peripheral/mig_ddr3_u0/u_mig_7series_0_mig/u_ddr3_infrastructure/out
                  PLLE2_ADV_X1Y2                                                    r  U0_ps_ai_peripheral/mig_ddr3_u0/u_mig_7series_0_mig/u_ddr3_infrastructure/plle2_i/CLKIN1
                  PLLE2_ADV_X1Y2       PLLE2_ADV (Prop_plle2_adv_CLKIN1_CLKOUT3)
                                                                    0.053     1.076 r  U0_ps_ai_peripheral/mig_ddr3_u0/u_mig_7series_0_mig/u_ddr3_infrastructure/plle2_i/CLKOUT3
                                       net (fo=1, routed)           0.437     1.513    U0_ps_ai_peripheral/mig_ddr3_u0/u_mig_7series_0_mig/u_ddr3_infrastructure/pll_clk3_out
                  BUFHCE_X1Y24                                                      r  U0_ps_ai_peripheral/mig_ddr3_u0/u_mig_7series_0_mig/u_ddr3_infrastructure/u_bufh_pll_clk3/I
                  BUFHCE_X1Y24         BUFH (Prop_bufh_I_O)         0.045     1.558 r  U0_ps_ai_peripheral/mig_ddr3_u0/u_mig_7series_0_mig/u_ddr3_infrastructure/u_bufh_pll_clk3/O
                                       net (fo=1, routed)           0.506     2.064    U0_ps_ai_peripheral/mig_ddr3_u0/u_mig_7series_0_mig/u_ddr3_infrastructure/pll_clk3
                  MMCME2_ADV_X1Y2                                                   r  U0_ps_ai_peripheral/mig_ddr3_u0/u_mig_7series_0_mig/u_ddr3_infrastructure/gen_mmcm.mmcm_i/CLKIN1
                  MMCME2_ADV_X1Y2      MMCME2_ADV (Prop_mmcme2_adv_CLKIN1_CLKFBOUT)
                                                                   -1.449     0.615 r  U0_ps_ai_peripheral/mig_ddr3_u0/u_mig_7series_0_mig/u_ddr3_infrastructure/gen_mmcm.mmcm_i/CLKFBOUT
                                       net (fo=1, routed)           0.623     1.238    U0_ps_ai_peripheral/mig_ddr3_u0/u_mig_7series_0_mig/u_ddr3_infrastructure/clk_pll_i
                  BUFGCTRL_X0Y16                                                    r  U0_ps_ai_peripheral/mig_ddr3_u0/u_mig_7series_0_mig/u_ddr3_infrastructure/u_bufg_clkdiv0/I
                  BUFGCTRL_X0Y16       BUFG (Prop_bufg_I_O)         0.030     1.268 r  U0_ps_ai_peripheral/mig_ddr3_u0/u_mig_7series_0_mig/u_ddr3_infrastructure/u_bufg_clkdiv0/O
                                       net (fo=103920, routed)      0.860     2.128    U_adder_top/U_flicker/render/split_U0/framed_V_V_U/ui_clk
                  SLICE_X18Y48         FDRE                                         r  U_adder_top/U_flicker/render/split_U0/framed_V_V_U/dout_buf_reg[426]/C
                                       clock pessimism             -0.168     1.959    
                  SLICE_X18Y48         FDRE (Hold_fdre_C_D)         0.087     2.046    U_adder_top/U_flicker/render/split_U0/framed_V_V_U/dout_buf_reg[426]
  ---------------------------------------------------------------------------------
                                       required time                         -2.046    
                                       arrival time                           2.109    
  ---------------------------------------------------------------------------------
                                       slack                                  0.062    

Slack (MET) :             0.063ns  (arrival time - required time)
  Source:                 U_adder_top/U_flicker/render/render_lane_1u_U0/grp_evaluate_mini_1u_s_fu_565/flicker_render_piibs_U186/flicker_render_pipeline_ap_uitofp_6_no_dsp_32_u/U0/i_synth/FIX_TO_FLT_OP.SPD.OP/NEED_Z_DET.Z_DET/Z_C_DEL/i_pipe/opt_has_pipe.first_q_reg[41]/C
                            (rising edge-triggered cell FDRE clocked by clk_pll_i  {rise@0.000ns fall@2.500ns period=5.000ns})
  Destination:            U_adder_top/U_flicker/render/render_lane_1u_U0/grp_evaluate_mini_1u_s_fu_565/flicker_render_piibs_U186/flicker_render_pipeline_ap_uitofp_6_no_dsp_32_u/U0/i_synth/FIX_TO_FLT_OP.SPD.OP/NEED_Z_DET.Z_DET/ENCODE[0].Z_DET_DEL/i_pipe/opt_has_pipe.first_q_reg[9]/D
                            (rising edge-triggered cell FDRE clocked by clk_pll_i  {rise@0.000ns fall@2.500ns period=5.000ns})
  Path Group:             clk_pll_i
  Path Type:              Hold (Min at Fast Process Corner)
  Requirement:            0.000ns  (clk_pll_i rise@0.000ns - clk_pll_i rise@0.000ns)
  Data Path Delay:        0.416ns  (logic 0.128ns (30.754%)  route 0.288ns (69.246%))
  Logic Levels:           1  (LUT6=1)
  Clock Path Skew:        0.266ns (DCD - SCD - CPR)
    Destination Clock Delay (DCD):    2.090ns
    Source Clock Delay      (SCD):    1.655ns
    Clock Pessimism Removal (CPR):    0.168ns

    Pin Reuse     Location             Delay type                Incr(ns)  Path(ns)    Netlist Resource(s)
  ---------------------------------------------------------------------------------    -------------------
                                       (clock clk_pll_i rise edge)
                                                                    0.000     0.000 r  
                  C8                                                0.000     0.000 r  sys_clk_p (IN)
                                       net (fo=0)                   0.000     0.000    U0_ps_ai_peripheral/mig_ddr3_u0/u_mig_7series_0_mig/u_ddr3_clk_ibuf/sys_clk_p
                  C8                                                                r  U0_ps_ai_peripheral/mig_ddr3_u0/u_mig_7series_0_mig/u_ddr3_clk_ibuf/diff_input_clk.u_ibufg_sys_clk/I
                  C8                   IBUFDS (Prop_ibufds_I_O)     0.390     0.390 r  U0_ps_ai_peripheral/mig_ddr3_u0/u_mig_7series_0_mig/u_ddr3_clk_ibuf/diff_input_clk.u_ibufg_sys_clk/O
                                       net (fo=3, routed)           0.503     0.893    U0_ps_ai_peripheral/mig_ddr3_u0/u_mig_7series_0_mig/u_ddr3_infrastructure/out
                  PLLE2_ADV_X1Y2                                                    r  U0_ps_ai_peripheral/mig_ddr3_u0/u_mig_7series_0_mig/u_ddr3_infrastructure/plle2_i/CLKIN1
                  PLLE2_ADV_X1Y2       PLLE2_ADV (Prop_plle2_adv_CLKIN1_CLKOUT3)
                                                                    0.050     0.943 r  U0_ps_ai_peripheral/mig_ddr3_u0/u_mig_7series_0_mig/u_ddr3_infrastructure/plle2_i/CLKOUT3
                                       net (fo=1, routed)           0.378     1.321    U0_ps_ai_peripheral/mig_ddr3_u0/u_mig_7series_0_mig/u_ddr3_infrastructure/pll_clk3_out
                  BUFHCE_X1Y24                                                      r  U0_ps_ai_peripheral/mig_ddr3_u0/u_mig_7series_0_mig/u_ddr3_infrastructure/u_bufh_pll_clk3/I
                  BUFHCE_X1Y24         BUFH (Prop_bufh_I_O)         0.023     1.344 r  U0_ps_ai_peripheral/mig_ddr3_u0/u_mig_7series_0_mig/u_ddr3_infrastructure/u_bufh_pll_clk3/O
                                       net (fo=1, routed)           0.343     1.687    U0_ps_ai_peripheral/mig_ddr3_u0/u_mig_7series_0_mig/u_ddr3_infrastructure/pll_clk3
                  MMCME2_ADV_X1Y2                                                   r  U0_ps_ai_peripheral/mig_ddr3_u0/u_mig_7series_0_mig/u_ddr3_infrastructure/gen_mmcm.mmcm_i/CLKIN1
                  MMCME2_ADV_X1Y2      MMCME2_ADV (Prop_mmcme2_adv_CLKIN1_CLKFBOUT)
                                                                   -1.165     0.522 r  U0_ps_ai_peripheral/mig_ddr3_u0/u_mig_7series_0_mig/u_ddr3_infrastructure/gen_mmcm.mmcm_i/CLKFBOUT
                                       net (fo=1, routed)           0.559     1.081    U0_ps_ai_peripheral/mig_ddr3_u0/u_mig_7series_0_mig/u_ddr3_infrastructure/clk_pll_i
                  BUFGCTRL_X0Y16                                                    r  U0_ps_ai_peripheral/mig_ddr3_u0/u_mig_7series_0_mig/u_ddr3_infrastructure/u_bufg_clkdiv0/I
                  BUFGCTRL_X0Y16       BUFG (Prop_bufg_I_O)         0.026     1.107 r  U0_ps_ai_peripheral/mig_ddr3_u0/u_mig_7series_0_mig/u_ddr3_infrastructure/u_bufg_clkdiv0/O
                                       net (fo=103920, routed)      0.548     1.655    U_adder_top/U_flicker/render/render_lane_1u_U0/grp_evaluate_mini_1u_s_fu_565/flicker_render_piibs_U186/flicker_render_pipeline_ap_uitofp_6_no_dsp_32_u/U0/i_synth/FIX_TO_FLT_OP.SPD.OP/NEED_Z_DET.Z_DET/Z_C_DEL/i_pipe/aclk
                  SLICE_X67Y50         FDRE                                         r  U_adder_top/U_flicker/render/render_lane_1u_U0/grp_evaluate_mini_1u_s_fu_565/flicker_render_piibs_U186/flicker_render_pipeline_ap_uitofp_6_no_dsp_32_u/U0/i_synth/FIX_TO_FLT_OP.SPD.OP/NEED_Z_DET.Z_DET/Z_C_DEL/i_pipe/opt_has_pipe.first_q_reg[41]/C
  ---------------------------------------------------------------------------------    -------------------
    Placement     SLICE_X67Y50         FDRE (Prop_fdre_C_Q)         0.100     1.755 r  U_adder_top/U_flicker/render/render_lane_1u_U0/grp_evaluate_mini_1u_s_fu_565/flicker_render_piibs_U186/flicker_render_pipeline_ap_uitofp_6_no_dsp_32_u/U0/i_synth/FIX_TO_FLT_OP.SPD.OP/NEED_Z_DET.Z_DET/Z_C_DEL/i_pipe/opt_has_pipe.first_q_reg[41]/Q
                                       net (fo=1, routed)           0.288     2.044    U_adder_top/U_flicker/render/render_lane_1u_U0/grp_evaluate_mini_1u_s_fu_565/flicker_render_piibs_U186/flicker_render_pipeline_ap_uitofp_6_no_dsp_32_u/U0/i_synth/FIX_TO_FLT_OP.SPD.OP/NEED_Z_DET.Z_DET/Z_C_DEL/i_pipe/opt_has_pipe.first_q_reg_n_0_[41]
    Placement     SLICE_X70Y49                                                      r  U_adder_top/U_flicker/render/render_lane_1u_U0/grp_evaluate_mini_1u_s_fu_565/flicker_render_piibs_U186/flicker_render_pipeline_ap_uitofp_6_no_dsp_32_u/U0/i_synth/FIX_TO_FLT_OP.SPD.OP/NEED_Z_DET.Z_DET/Z_C_DEL/i_pipe/opt_has_pipe.first_q[9]_i_1__0/I4
    Routing       SLICE_X70Y49         LUT6 (Prop_lut6_I4_O)        0.028     2.072 r  U_adder_top/U_flicker/render/render_lane_1u_U0/grp_evaluate_mini_1u_s_fu_565/flicker_render_piibs_U186/flicker_render_pipeline_ap_uitofp_6_no_dsp_32_u/U0/i_synth/FIX_TO_FLT_OP.SPD.OP/NEED_Z_DET.Z_DET/Z_C_DEL/i_pipe/opt_has_pipe.first_q[9]_i_1__0/O
                                       net (fo=1, routed)           0.000     2.072    U_adder_top/U_flicker/render/render_lane_1u_U0/grp_evaluate_mini_1u_s_fu_565/flicker_render_piibs_U186/flicker_render_pipeline_ap_uitofp_6_no_dsp_32_u/U0/i_synth/FIX_TO_FLT_OP.SPD.OP/NEED_Z_DET.Z_DET/ENCODE[0].Z_DET_DEL/i_pipe/opt_has_pipe.first_q_reg[15]_0[9]
    Routing       SLICE_X70Y49         FDRE                                         r  U_adder_top/U_flicker/render/render_lane_1u_U0/grp_evaluate_mini_1u_s_fu_565/flicker_render_piibs_U186/flicker_render_pipeline_ap_uitofp_6_no_dsp_32_u/U0/i_synth/FIX_TO_FLT_OP.SPD.OP/NEED_Z_DET.Z_DET/ENCODE[0].Z_DET_DEL/i_pipe/opt_has_pipe.first_q_reg[9]/D
  ---------------------------------------------------------------------------------    -------------------

                                       (clock clk_pll_i rise edge)
                                                                    0.000     0.000 r  
                  C8                                                0.000     0.000 r  sys_clk_p (IN)
                                       net (fo=0)                   0.000     0.000    U0_ps_ai_peripheral/mig_ddr3_u0/u_mig_7series_0_mig/u_ddr3_clk_ibuf/sys_clk_p
                  C8                                                                r  U0_ps_ai_peripheral/mig_ddr3_u0/u_mig_7series_0_mig/u_ddr3_clk_ibuf/diff_input_clk.u_ibufg_sys_clk/I
                  C8                   IBUFDS (Prop_ibufds_I_O)     0.469     0.469 r  U0_ps_ai_peripheral/mig_ddr3_u0/u_mig_7series_0_mig/u_ddr3_clk_ibuf/diff_input_clk.u_ibufg_sys_clk/O
                                       net (fo=3, routed)           0.554     1.023    U0_ps_ai_peripheral/mig_ddr3_u0/u_mig_7series_0_mig/u_ddr3_infrastructure/out
                  PLLE2_ADV_X1Y2                                                    r  U0_ps_ai_peripheral/mig_ddr3_u0/u_mig_7series_0_mig/u_ddr3_infrastructure/plle2_i/CLKIN1
                  PLLE2_ADV_X1Y2       PLLE2_ADV (Prop_plle2_adv_CLKIN1_CLKOUT3)
                                                                    0.053     1.076 r  U0_ps_ai_peripheral/mig_ddr3_u0/u_mig_7series_0_mig/u_ddr3_infrastructure/plle2_i/CLKOUT3
                                       net (fo=1, routed)           0.437     1.513    U0_ps_ai_peripheral/mig_ddr3_u0/u_mig_7series_0_mig/u_ddr3_infrastructure/pll_clk3_out
                  BUFHCE_X1Y24                                                      r  U0_ps_ai_peripheral/mig_ddr3_u0/u_mig_7series_0_mig/u_ddr3_infrastructure/u_bufh_pll_clk3/I
                  BUFHCE_X1Y24         BUFH (Prop_bufh_I_O)         0.045     1.558 r  U0_ps_ai_peripheral/mig_ddr3_u0/u_mig_7series_0_mig/u_ddr3_infrastructure/u_bufh_pll_clk3/O
                                       net (fo=1, routed)           0.506     2.064    U0_ps_ai_peripheral/mig_ddr3_u0/u_mig_7series_0_mig/u_ddr3_infrastructure/pll_clk3
                  MMCME2_ADV_X1Y2                                                   r  U0_ps_ai_peripheral/mig_ddr3_u0/u_mig_7series_0_mig/u_ddr3_infrastructure/gen_mmcm.mmcm_i/CLKIN1
                  MMCME2_ADV_X1Y2      MMCME2_ADV (Prop_mmcme2_adv_CLKIN1_CLKFBOUT)
                                                                   -1.449     0.615 r  U0_ps_ai_peripheral/mig_ddr3_u0/u_mig_7series_0_mig/u_ddr3_infrastructure/gen_mmcm.mmcm_i/CLKFBOUT
                                       net (fo=1, routed)           0.623     1.238    U0_ps_ai_peripheral/mig_ddr3_u0/u_mig_7series_0_mig/u_ddr3_infrastructure/clk_pll_i
                  BUFGCTRL_X0Y16                                                    r  U0_ps_ai_peripheral/mig_ddr3_u0/u_mig_7series_0_mig/u_ddr3_infrastructure/u_bufg_clkdiv0/I
                  BUFGCTRL_X0Y16       BUFG (Prop_bufg_I_O)         0.030     1.268 r  U0_ps_ai_peripheral/mig_ddr3_u0/u_mig_7series_0_mig/u_ddr3_infrastructure/u_bufg_clkdiv0/O
                                       net (fo=103920, routed)      0.822     2.090    U_adder_top/U_flicker/render/render_lane_1u_U0/grp_evaluate_mini_1u_s_fu_565/flicker_render_piibs_U186/flicker_render_pipeline_ap_uitofp_6_no_dsp_32_u/U0/i_synth/FIX_TO_FLT_OP.SPD.OP/NEED_Z_DET.Z_DET/ENCODE[0].Z_DET_DEL/i_pipe/aclk
                  SLICE_X70Y49         FDRE                                         r  U_adder_top/U_flicker/render/render_lane_1u_U0/grp_evaluate_mini_1u_s_fu_565/flicker_render_piibs_U186/flicker_render_pipeline_ap_uitofp_6_no_dsp_32_u/U0/i_synth/FIX_TO_FLT_OP.SPD.OP/NEED_Z_DET.Z_DET/ENCODE[0].Z_DET_DEL/i_pipe/opt_has_pipe.first_q_reg[9]/C
                                       clock pessimism             -0.168     1.921    
                  SLICE_X70Y49         FDRE (Hold_fdre_C_D)         0.087     2.008    U_adder_top/U_flicker/render/render_lane_1u_U0/grp_evaluate_mini_1u_s_fu_565/flicker_render_piibs_U186/flicker_render_pipeline_ap_uitofp_6_no_dsp_32_u/U0/i_synth/FIX_TO_FLT_OP.SPD.OP/NEED_Z_DET.Z_DET/ENCODE[0].Z_DET_DEL/i_pipe/opt_has_pipe.first_q_reg[9]
  ---------------------------------------------------------------------------------
                                       required time                         -2.008    
                                       arrival time                           2.072    
  ---------------------------------------------------------------------------------
                                       slack                                  0.063    

Slack (MET) :             0.063ns  (arrival time - required time)
  Source:                 U_adder_top/U_flicker/render/render_lane_0u_U0/grp_evaluate_mini_0u_s_fu_563/dy_reg_867_reg[2]/C
                            (rising edge-triggered cell FDRE clocked by clk_pll_i  {rise@0.000ns fall@2.500ns period=5.000ns})
  Destination:            U_adder_top/U_flicker/render/render_lane_0u_U0/grp_evaluate_mini_0u_s_fu_563/flicker_render_piudo_U147/din0_buf1_reg[2]/D
                            (rising edge-triggered cell FDRE clocked by clk_pll_i  {rise@0.000ns fall@2.500ns period=5.000ns})
  Path Group:             clk_pll_i
  Path Type:              Hold (Min at Fast Process Corner)
  Requirement:            0.000ns  (clk_pll_i rise@0.000ns - clk_pll_i rise@0.000ns)
  Data Path Delay:        0.294ns  (logic 0.100ns (33.978%)  route 0.194ns (66.022%))
  Logic Levels:           0  
  Clock Path Skew:        0.191ns (DCD - SCD - CPR)
    Destination Clock Delay (DCD):    2.080ns
    Source Clock Delay      (SCD):    1.700ns
    Clock Pessimism Removal (CPR):    0.188ns

    Pin Reuse     Location             Delay type                Incr(ns)  Path(ns)    Netlist Resource(s)
  ---------------------------------------------------------------------------------    -------------------
                                       (clock clk_pll_i rise edge)
                                                                    0.000     0.000 r  
                  C8                                                0.000     0.000 r  sys_clk_p (IN)
                                       net (fo=0)                   0.000     0.000    U0_ps_ai_peripheral/mig_ddr3_u0/u_mig_7series_0_mig/u_ddr3_clk_ibuf/sys_clk_p
                  C8                                                                r  U0_ps_ai_peripheral/mig_ddr3_u0/u_mig_7series_0_mig/u_ddr3_clk_ibuf/diff_input_clk.u_ibufg_sys_clk/I
                  C8                   IBUFDS (Prop_ibufds_I_O)     0.390     0.390 r  U0_ps_ai_peripheral/mig_ddr3_u0/u_mig_7series_0_mig/u_ddr3_clk_ibuf/diff_input_clk.u_ibufg_sys_clk/O
                                       net (fo=3, routed)           0.503     0.893    U0_ps_ai_peripheral/mig_ddr3_u0/u_mig_7series_0_mig/u_ddr3_infrastructure/out
                  PLLE2_ADV_X1Y2                                                    r  U0_ps_ai_peripheral/mig_ddr3_u0/u_mig_7series_0_mig/u_ddr3_infrastructure/plle2_i/CLKIN1
                  PLLE2_ADV_X1Y2       PLLE2_ADV (Prop_plle2_adv_CLKIN1_CLKOUT3)
                                                                    0.050     0.943 r  U0_ps_ai_peripheral/mig_ddr3_u0/u_mig_7series_0_mig/u_ddr3_infrastructure/plle2_i/CLKOUT3
                                       net (fo=1, routed)           0.378     1.321    U0_ps_ai_peripheral/mig_ddr3_u0/u_mig_7series_0_mig/u_ddr3_infrastructure/pll_clk3_out
                  BUFHCE_X1Y24                                                      r  U0_ps_ai_peripheral/mig_ddr3_u0/u_mig_7series_0_mig/u_ddr3_infrastructure/u_bufh_pll_clk3/I
                  BUFHCE_X1Y24         BUFH (Prop_bufh_I_O)         0.023     1.344 r  U0_ps_ai_peripheral/mig_ddr3_u0/u_mig_7series_0_mig/u_ddr3_infrastructure/u_bufh_pll_clk3/O
                                       net (fo=1, routed)           0.343     1.687    U0_ps_ai_peripheral/mig_ddr3_u0/u_mig_7series_0_mig/u_ddr3_infrastructure/pll_clk3
                  MMCME2_ADV_X1Y2                                                   r  U0_ps_ai_peripheral/mig_ddr3_u0/u_mig_7series_0_mig/u_ddr3_infrastructure/gen_mmcm.mmcm_i/CLKIN1
                  MMCME2_ADV_X1Y2      MMCME2_ADV (Prop_mmcme2_adv_CLKIN1_CLKFBOUT)
                                                                   -1.165     0.522 r  U0_ps_ai_peripheral/mig_ddr3_u0/u_mig_7series_0_mig/u_ddr3_infrastructure/gen_mmcm.mmcm_i/CLKFBOUT
                                       net (fo=1, routed)           0.559     1.081    U0_ps_ai_peripheral/mig_ddr3_u0/u_mig_7series_0_mig/u_ddr3_infrastructure/clk_pll_i
                  BUFGCTRL_X0Y16                                                    r  U0_ps_ai_peripheral/mig_ddr3_u0/u_mig_7series_0_mig/u_ddr3_infrastructure/u_bufg_clkdiv0/I
                  BUFGCTRL_X0Y16       BUFG (Prop_bufg_I_O)         0.026     1.107 r  U0_ps_ai_peripheral/mig_ddr3_u0/u_mig_7series_0_mig/u_ddr3_infrastructure/u_bufg_clkdiv0/O
                                       net (fo=103920, routed)      0.593     1.700    U_adder_top/U_flicker/render/render_lane_0u_U0/grp_evaluate_mini_0u_s_fu_563/ui_clk
                  SLICE_X61Y12         FDRE                                         r  U_adder_top/U_flicker/render/render_lane_0u_U0/grp_evaluate_mini_0u_s_fu_563/dy_reg_867_reg[2]/C
  ---------------------------------------------------------------------------------    -------------------
    Placement     SLICE_X61Y12         FDRE (Prop_fdre_C_Q)         0.100     1.800 r  U_adder_top/U_flicker/render/render_lane_0u_U0/grp_evaluate_mini_0u_s_fu_563/dy_reg_867_reg[2]/Q
                                       net (fo=1, routed)           0.194     1.995    U_adder_top/U_flicker/render/render_lane_0u_U0/grp_evaluate_mini_0u_s_fu_563/flicker_render_piudo_U147/Q[2]
    Placement     SLICE_X56Y10         FDRE                                         r  U_adder_top/U_flicker/render/render_lane_0u_U0/grp_evaluate_mini_0u_s_fu_563/flicker_render_piudo_U147/din0_buf1_reg[2]/D
  ---------------------------------------------------------------------------------    -------------------

                                       (clock clk_pll_i rise edge)
                                                                    0.000     0.000 r  
                  C8                                                0.000     0.000 r  sys_clk_p (IN)
                                       net (fo=0)                   0.000     0.000    U0_ps_ai_peripheral/mig_ddr3_u0/u_mig_7series_0_mig/u_ddr3_clk_ibuf/sys_clk_p
                  C8                                                                r  U0_ps_ai_peripheral/mig_ddr3_u0/u_mig_7series_0_mig/u_ddr3_clk_ibuf/diff_input_clk.u_ibufg_sys_clk/I
                  C8                   IBUFDS (Prop_ibufds_I_O)     0.469     0.469 r  U0_ps_ai_peripheral/mig_ddr3_u0/u_mig_7series_0_mig/u_ddr3_clk_ibuf/diff_input_clk.u_ibufg_sys_clk/O
                                       net (fo=3, routed)           0.554     1.023    U0_ps_ai_peripheral/mig_ddr3_u0/u_mig_7series_0_mig/u_ddr3_infrastructure/out
                  PLLE2_ADV_X1Y2                                                    r  U0_ps_ai_peripheral/mig_ddr3_u0/u_mig_7series_0_mig/u_ddr3_infrastructure/plle2_i/CLKIN1
                  PLLE2_ADV_X1Y2       PLLE2_ADV (Prop_plle2_adv_CLKIN1_CLKOUT3)
                                                                    0.053     1.076 r  U0_ps_ai_peripheral/mig_ddr3_u0/u_mig_7series_0_mig/u_ddr3_infrastructure/plle2_i/CLKOUT3
                                       net (fo=1, routed)           0.437     1.513    U0_ps_ai_peripheral/mig_ddr3_u0/u_mig_7series_0_mig/u_ddr3_infrastructure/pll_clk3_out
                  BUFHCE_X1Y24                                                      r  U0_ps_ai_peripheral/mig_ddr3_u0/u_mig_7series_0_mig/u_ddr3_infrastructure/u_bufh_pll_clk3/I
                  BUFHCE_X1Y24         BUFH (Prop_bufh_I_O)         0.045     1.558 r  U0_ps_ai_peripheral/mig_ddr3_u0/u_mig_7series_0_mig/u_ddr3_infrastructure/u_bufh_pll_clk3/O
                                       net (fo=1, routed)           0.506     2.064    U0_ps_ai_peripheral/mig_ddr3_u0/u_mig_7series_0_mig/u_ddr3_infrastructure/pll_clk3
                  MMCME2_ADV_X1Y2                                                   r  U0_ps_ai_peripheral/mig_ddr3_u0/u_mig_7series_0_mig/u_ddr3_infrastructure/gen_mmcm.mmcm_i/CLKIN1
                  MMCME2_ADV_X1Y2      MMCME2_ADV (Prop_mmcme2_adv_CLKIN1_CLKFBOUT)
                                                                   -1.449     0.615 r  U0_ps_ai_peripheral/mig_ddr3_u0/u_mig_7series_0_mig/u_ddr3_infrastructure/gen_mmcm.mmcm_i/CLKFBOUT
                                       net (fo=1, routed)           0.623     1.238    U0_ps_ai_peripheral/mig_ddr3_u0/u_mig_7series_0_mig/u_ddr3_infrastructure/clk_pll_i
                  BUFGCTRL_X0Y16                                                    r  U0_ps_ai_peripheral/mig_ddr3_u0/u_mig_7series_0_mig/u_ddr3_infrastructure/u_bufg_clkdiv0/I
                  BUFGCTRL_X0Y16       BUFG (Prop_bufg_I_O)         0.030     1.268 r  U0_ps_ai_peripheral/mig_ddr3_u0/u_mig_7series_0_mig/u_ddr3_infrastructure/u_bufg_clkdiv0/O
                                       net (fo=103920, routed)      0.812     2.080    U_adder_top/U_flicker/render/render_lane_0u_U0/grp_evaluate_mini_0u_s_fu_563/flicker_render_piudo_U147/ui_clk
                  SLICE_X56Y10         FDRE                                         r  U_adder_top/U_flicker/render/render_lane_0u_U0/grp_evaluate_mini_0u_s_fu_563/flicker_render_piudo_U147/din0_buf1_reg[2]/C
                                       clock pessimism             -0.188     1.891    
                  SLICE_X56Y10         FDRE (Hold_fdre_C_D)         0.040     1.931    U_adder_top/U_flicker/render/render_lane_0u_U0/grp_evaluate_mini_0u_s_fu_563/flicker_render_piudo_U147/din0_buf1_reg[2]
  ---------------------------------------------------------------------------------
                                       required time                         -1.931    
                                       arrival time                           1.995    
  ---------------------------------------------------------------------------------
                                       slack                                  0.063    

Slack (MET) :             0.064ns  (arrival time - required time)
  Source:                 U_adder_top/U_flicker/render/render_lane_1u_U0/grp_evaluate_mini_1u_s_fu_565/flicker_render_piibs_U186/flicker_render_pipeline_ap_uitofp_6_no_dsp_32_u/U0/i_synth/FIX_TO_FLT_OP.SPD.OP/NEED_Z_DET.Z_DET/Z_C_DEL/i_pipe/opt_has_pipe.first_q_reg[51]/C
                            (rising edge-triggered cell FDRE clocked by clk_pll_i  {rise@0.000ns fall@2.500ns period=5.000ns})
  Destination:            U_adder_top/U_flicker/render/render_lane_1u_U0/grp_evaluate_mini_1u_s_fu_565/flicker_render_piibs_U186/flicker_render_pipeline_ap_uitofp_6_no_dsp_32_u/U0/i_synth/FIX_TO_FLT_OP.SPD.OP/NEED_Z_DET.Z_DET/ENCODE[0].Z_DET_DEL/i_pipe/opt_has_pipe.first_q_reg[3]/D
                            (rising edge-triggered cell FDRE clocked by clk_pll_i  {rise@0.000ns fall@2.500ns period=5.000ns})
  Path Group:             clk_pll_i
  Path Type:              Hold (Min at Fast Process Corner)
  Requirement:            0.000ns  (clk_pll_i rise@0.000ns - clk_pll_i rise@0.000ns)
  Data Path Delay:        0.417ns  (logic 0.128ns (30.704%)  route 0.289ns (69.296%))
  Logic Levels:           1  (LUT6=1)
  Clock Path Skew:        0.266ns (DCD - SCD - CPR)
    Destination Clock Delay (DCD):    2.090ns
    Source Clock Delay      (SCD):    1.655ns
    Clock Pessimism Removal (CPR):    0.168ns

    Pin Reuse     Location             Delay type                Incr(ns)  Path(ns)    Netlist Resource(s)
  ---------------------------------------------------------------------------------    -------------------
                                       (clock clk_pll_i rise edge)
                                                                    0.000     0.000 r  
                  C8                                                0.000     0.000 r  sys_clk_p (IN)
                                       net (fo=0)                   0.000     0.000    U0_ps_ai_peripheral/mig_ddr3_u0/u_mig_7series_0_mig/u_ddr3_clk_ibuf/sys_clk_p
                  C8                                                                r  U0_ps_ai_peripheral/mig_ddr3_u0/u_mig_7series_0_mig/u_ddr3_clk_ibuf/diff_input_clk.u_ibufg_sys_clk/I
                  C8                   IBUFDS (Prop_ibufds_I_O)     0.390     0.390 r  U0_ps_ai_peripheral/mig_ddr3_u0/u_mig_7series_0_mig/u_ddr3_clk_ibuf/diff_input_clk.u_ibufg_sys_clk/O
                                       net (fo=3, routed)           0.503     0.893    U0_ps_ai_peripheral/mig_ddr3_u0/u_mig_7series_0_mig/u_ddr3_infrastructure/out
                  PLLE2_ADV_X1Y2                                                    r  U0_ps_ai_peripheral/mig_ddr3_u0/u_mig_7series_0_mig/u_ddr3_infrastructure/plle2_i/CLKIN1
                  PLLE2_ADV_X1Y2       PLLE2_ADV (Prop_plle2_adv_CLKIN1_CLKOUT3)
                                                                    0.050     0.943 r  U0_ps_ai_peripheral/mig_ddr3_u0/u_mig_7series_0_mig/u_ddr3_infrastructure/plle2_i/CLKOUT3
                                       net (fo=1, routed)           0.378     1.321    U0_ps_ai_peripheral/mig_ddr3_u0/u_mig_7series_0_mig/u_ddr3_infrastructure/pll_clk3_out
                  BUFHCE_X1Y24                                                      r  U0_ps_ai_peripheral/mig_ddr3_u0/u_mig_7series_0_mig/u_ddr3_infrastructure/u_bufh_pll_clk3/I
                  BUFHCE_X1Y24         BUFH (Prop_bufh_I_O)         0.023     1.344 r  U0_ps_ai_peripheral/mig_ddr3_u0/u_mig_7series_0_mig/u_ddr3_infrastructure/u_bufh_pll_clk3/O
                                       net (fo=1, routed)           0.343     1.687    U0_ps_ai_peripheral/mig_ddr3_u0/u_mig_7series_0_mig/u_ddr3_infrastructure/pll_clk3
                  MMCME2_ADV_X1Y2                                                   r  U0_ps_ai_peripheral/mig_ddr3_u0/u_mig_7series_0_mig/u_ddr3_infrastructure/gen_mmcm.mmcm_i/CLKIN1
                  MMCME2_ADV_X1Y2      MMCME2_ADV (Prop_mmcme2_adv_CLKIN1_CLKFBOUT)
                                                                   -1.165     0.522 r  U0_ps_ai_peripheral/mig_ddr3_u0/u_mig_7series_0_mig/u_ddr3_infrastructure/gen_mmcm.mmcm_i/CLKFBOUT
                                       net (fo=1, routed)           0.559     1.081    U0_ps_ai_peripheral/mig_ddr3_u0/u_mig_7series_0_mig/u_ddr3_infrastructure/clk_pll_i
                  BUFGCTRL_X0Y16                                                    r  U0_ps_ai_peripheral/mig_ddr3_u0/u_mig_7series_0_mig/u_ddr3_infrastructure/u_bufg_clkdiv0/I
                  BUFGCTRL_X0Y16       BUFG (Prop_bufg_I_O)         0.026     1.107 r  U0_ps_ai_peripheral/mig_ddr3_u0/u_mig_7series_0_mig/u_ddr3_infrastructure/u_bufg_clkdiv0/O
                                       net (fo=103920, routed)      0.548     1.655    U_adder_top/U_flicker/render/render_lane_1u_U0/grp_evaluate_mini_1u_s_fu_565/flicker_render_piibs_U186/flicker_render_pipeline_ap_uitofp_6_no_dsp_32_u/U0/i_synth/FIX_TO_FLT_OP.SPD.OP/NEED_Z_DET.Z_DET/Z_C_DEL/i_pipe/aclk
                  SLICE_X67Y52         FDRE                                         r  U_adder_top/U_flicker/render/render_lane_1u_U0/grp_evaluate_mini_1u_s_fu_565/flicker_render_piibs_U186/flicker_render_pipeline_ap_uitofp_6_no_dsp_32_u/U0/i_synth/FIX_TO_FLT_OP.SPD.OP/NEED_Z_DET.Z_DET/Z_C_DEL/i_pipe/opt_has_pipe.first_q_reg[51]/C
  ---------------------------------------------------------------------------------    -------------------
    Placement     SLICE_X67Y52         FDRE (Prop_fdre_C_Q)         0.100     1.755 r  U_adder_top/U_flicker/render/render_lane_1u_U0/grp_evaluate_mini_1u_s_fu_565/flicker_render_piibs_U186/flicker_render_pipeline_ap_uitofp_6_no_dsp_32_u/U0/i_synth/FIX_TO_FLT_OP.SPD.OP/NEED_Z_DET.Z_DET/Z_C_DEL/i_pipe/opt_has_pipe.first_q_reg[51]/Q
                                       net (fo=1, routed)           0.289     2.044    U_adder_top/U_flicker/render/render_lane_1u_U0/grp_evaluate_mini_1u_s_fu_565/flicker_render_piibs_U186/flicker_render_pipeline_ap_uitofp_6_no_dsp_32_u/U0/i_synth/FIX_TO_FLT_OP.SPD.OP/NEED_Z_DET.Z_DET/Z_C_DEL/i_pipe/opt_has_pipe.first_q_reg_n_0_[51]
    Placement     SLICE_X70Y49                                                      r  U_adder_top/U_flicker/render/render_lane_1u_U0/grp_evaluate_mini_1u_s_fu_565/flicker_render_piibs_U186/flicker_render_pipeline_ap_uitofp_6_no_dsp_32_u/U0/i_synth/FIX_TO_FLT_OP.SPD.OP/NEED_Z_DET.Z_DET/Z_C_DEL/i_pipe/opt_has_pipe.first_q[3]_i_1__1/I5
    Routing       SLICE_X70Y49         LUT6 (Prop_lut6_I5_O)        0.028     2.072 r  U_adder_top/U_flicker/render/render_lane_1u_U0/grp_evaluate_mini_1u_s_fu_565/flicker_render_piibs_U186/flicker_render_pipeline_ap_uitofp_6_no_dsp_32_u/U0/i_synth/FIX_TO_FLT_OP.SPD.OP/NEED_Z_DET.Z_DET/Z_C_DEL/i_pipe/opt_has_pipe.first_q[3]_i_1__1/O
                                       net (fo=1, routed)           0.000     2.072    U_adder_top/U_flicker/render/render_lane_1u_U0/grp_evaluate_mini_1u_s_fu_565/flicker_render_piibs_U186/flicker_render_pipeline_ap_uitofp_6_no_dsp_32_u/U0/i_synth/FIX_TO_FLT_OP.SPD.OP/NEED_Z_DET.Z_DET/ENCODE[0].Z_DET_DEL/i_pipe/opt_has_pipe.first_q_reg[15]_0[3]
    Routing       SLICE_X70Y49         FDRE                                         r  U_adder_top/U_flicker/render/render_lane_1u_U0/grp_evaluate_mini_1u_s_fu_565/flicker_render_piibs_U186/flicker_render_pipeline_ap_uitofp_6_no_dsp_32_u/U0/i_synth/FIX_TO_FLT_OP.SPD.OP/NEED_Z_DET.Z_DET/ENCODE[0].Z_DET_DEL/i_pipe/opt_has_pipe.first_q_reg[3]/D
  ---------------------------------------------------------------------------------    -------------------

                                       (clock clk_pll_i rise edge)
                                                                    0.000     0.000 r  
                  C8                                                0.000     0.000 r  sys_clk_p (IN)
                                       net (fo=0)                   0.000     0.000    U0_ps_ai_peripheral/mig_ddr3_u0/u_mig_7series_0_mig/u_ddr3_clk_ibuf/sys_clk_p
                  C8                                                                r  U0_ps_ai_peripheral/mig_ddr3_u0/u_mig_7series_0_mig/u_ddr3_clk_ibuf/diff_input_clk.u_ibufg_sys_clk/I
                  C8                   IBUFDS (Prop_ibufds_I_O)     0.469     0.469 r  U0_ps_ai_peripheral/mig_ddr3_u0/u_mig_7series_0_mig/u_ddr3_clk_ibuf/diff_input_clk.u_ibufg_sys_clk/O
                                       net (fo=3, routed)           0.554     1.023    U0_ps_ai_peripheral/mig_ddr3_u0/u_mig_7series_0_mig/u_ddr3_infrastructure/out
                  PLLE2_ADV_X1Y2                                                    r  U0_ps_ai_peripheral/mig_ddr3_u0/u_mig_7series_0_mig/u_ddr3_infrastructure/plle2_i/CLKIN1
                  PLLE2_ADV_X1Y2       PLLE2_ADV (Prop_plle2_adv_CLKIN1_CLKOUT3)
                                                                    0.053     1.076 r  U0_ps_ai_peripheral/mig_ddr3_u0/u_mig_7series_0_mig/u_ddr3_infrastructure/plle2_i/CLKOUT3
                                       net (fo=1, routed)           0.437     1.513    U0_ps_ai_peripheral/mig_ddr3_u0/u_mig_7series_0_mig/u_ddr3_infrastructure/pll_clk3_out
                  BUFHCE_X1Y24                                                      r  U0_ps_ai_peripheral/mig_ddr3_u0/u_mig_7series_0_mig/u_ddr3_infrastructure/u_bufh_pll_clk3/I
                  BUFHCE_X1Y24         BUFH (Prop_bufh_I_O)         0.045     1.558 r  U0_ps_ai_peripheral/mig_ddr3_u0/u_mig_7series_0_mig/u_ddr3_infrastructure/u_bufh_pll_clk3/O
                                       net (fo=1, routed)           0.506     2.064    U0_ps_ai_peripheral/mig_ddr3_u0/u_mig_7series_0_mig/u_ddr3_infrastructure/pll_clk3
                  MMCME2_ADV_X1Y2                                                   r  U0_ps_ai_peripheral/mig_ddr3_u0/u_mig_7series_0_mig/u_ddr3_infrastructure/gen_mmcm.mmcm_i/CLKIN1
                  MMCME2_ADV_X1Y2      MMCME2_ADV (Prop_mmcme2_adv_CLKIN1_CLKFBOUT)
                                                                   -1.449     0.615 r  U0_ps_ai_peripheral/mig_ddr3_u0/u_mig_7series_0_mig/u_ddr3_infrastructure/gen_mmcm.mmcm_i/CLKFBOUT
                                       net (fo=1, routed)           0.623     1.238    U0_ps_ai_peripheral/mig_ddr3_u0/u_mig_7series_0_mig/u_ddr3_infrastructure/clk_pll_i
                  BUFGCTRL_X0Y16                                                    r  U0_ps_ai_peripheral/mig_ddr3_u0/u_mig_7series_0_mig/u_ddr3_infrastructure/u_bufg_clkdiv0/I
                  BUFGCTRL_X0Y16       BUFG (Prop_bufg_I_O)         0.030     1.268 r  U0_ps_ai_peripheral/mig_ddr3_u0/u_mig_7series_0_mig/u_ddr3_infrastructure/u_bufg_clkdiv0/O
                                       net (fo=103920, routed)      0.822     2.090    U_adder_top/U_flicker/render/render_lane_1u_U0/grp_evaluate_mini_1u_s_fu_565/flicker_render_piibs_U186/flicker_render_pipeline_ap_uitofp_6_no_dsp_32_u/U0/i_synth/FIX_TO_FLT_OP.SPD.OP/NEED_Z_DET.Z_DET/ENCODE[0].Z_DET_DEL/i_pipe/aclk
                  SLICE_X70Y49         FDRE                                         r  U_adder_top/U_flicker/render/render_lane_1u_U0/grp_evaluate_mini_1u_s_fu_565/flicker_render_piibs_U186/flicker_render_pipeline_ap_uitofp_6_no_dsp_32_u/U0/i_synth/FIX_TO_FLT_OP.SPD.OP/NEED_Z_DET.Z_DET/ENCODE[0].Z_DET_DEL/i_pipe/opt_has_pipe.first_q_reg[3]/C
                                       clock pessimism             -0.168     1.921    
                  SLICE_X70Y49         FDRE (Hold_fdre_C_D)         0.087     2.008    U_adder_top/U_flicker/render/render_lane_1u_U0/grp_evaluate_mini_1u_s_fu_565/flicker_render_piibs_U186/flicker_render_pipeline_ap_uitofp_6_no_dsp_32_u/U0/i_synth/FIX_TO_FLT_OP.SPD.OP/NEED_Z_DET.Z_DET/ENCODE[0].Z_DET_DEL/i_pipe/opt_has_pipe.first_q_reg[3]
  ---------------------------------------------------------------------------------
                                       required time                         -2.008    
                                       arrival time                           2.072    
  ---------------------------------------------------------------------------------
                                       slack                                  0.064    

Slack (MET) :             0.064ns  (arrival time - required time)
  Source:                 U_adder_top/U_flicker/render/split_U0/prepare_geometry_U0/ap_phi_reg_pp0_iter1_tmp_V_reg_196_reg[387]/C
                            (rising edge-triggered cell FDRE clocked by clk_pll_i  {rise@0.000ns fall@2.500ns period=5.000ns})
  Destination:            U_adder_top/U_flicker/render/split_U0/prepare_geometry_U0/ap_phi_reg_pp0_iter2_tmp_V_reg_196_reg[387]/D
                            (rising edge-triggered cell FDRE clocked by clk_pll_i  {rise@0.000ns fall@2.500ns period=5.000ns})
  Path Group:             clk_pll_i
  Path Type:              Hold (Min at Fast Process Corner)
  Requirement:            0.000ns  (clk_pll_i rise@0.000ns - clk_pll_i rise@0.000ns)
  Data Path Delay:        0.365ns  (logic 0.100ns (27.368%)  route 0.265ns (72.632%))
  Logic Levels:           0  
  Clock Path Skew:        0.261ns (DCD - SCD - CPR)
    Destination Clock Delay (DCD):    2.086ns
    Source Clock Delay      (SCD):    1.656ns
    Clock Pessimism Removal (CPR):    0.168ns

    Pin Reuse     Location             Delay type                Incr(ns)  Path(ns)    Netlist Resource(s)
  ---------------------------------------------------------------------------------    -------------------
                                       (clock clk_pll_i rise edge)
                                                                    0.000     0.000 r  
                  C8                                                0.000     0.000 r  sys_clk_p (IN)
                                       net (fo=0)                   0.000     0.000    U0_ps_ai_peripheral/mig_ddr3_u0/u_mig_7series_0_mig/u_ddr3_clk_ibuf/sys_clk_p
                  C8                                                                r  U0_ps_ai_peripheral/mig_ddr3_u0/u_mig_7series_0_mig/u_ddr3_clk_ibuf/diff_input_clk.u_ibufg_sys_clk/I
                  C8                   IBUFDS (Prop_ibufds_I_O)     0.390     0.390 r  U0_ps_ai_peripheral/mig_ddr3_u0/u_mig_7series_0_mig/u_ddr3_clk_ibuf/diff_input_clk.u_ibufg_sys_clk/O
                                       net (fo=3, routed)           0.503     0.893    U0_ps_ai_peripheral/mig_ddr3_u0/u_mig_7series_0_mig/u_ddr3_infrastructure/out
                  PLLE2_ADV_X1Y2                                                    r  U0_ps_ai_peripheral/mig_ddr3_u0/u_mig_7series_0_mig/u_ddr3_infrastructure/plle2_i/CLKIN1
                  PLLE2_ADV_X1Y2       PLLE2_ADV (Prop_plle2_adv_CLKIN1_CLKOUT3)
                                                                    0.050     0.943 r  U0_ps_ai_peripheral/mig_ddr3_u0/u_mig_7series_0_mig/u_ddr3_infrastructure/plle2_i/CLKOUT3
                                       net (fo=1, routed)           0.378     1.321    U0_ps_ai_peripheral/mig_ddr3_u0/u_mig_7series_0_mig/u_ddr3_infrastructure/pll_clk3_out
                  BUFHCE_X1Y24                                                      r  U0_ps_ai_peripheral/mig_ddr3_u0/u_mig_7series_0_mig/u_ddr3_infrastructure/u_bufh_pll_clk3/I
                  BUFHCE_X1Y24         BUFH (Prop_bufh_I_O)         0.023     1.344 r  U0_ps_ai_peripheral/mig_ddr3_u0/u_mig_7series_0_mig/u_ddr3_infrastructure/u_bufh_pll_clk3/O
                                       net (fo=1, routed)           0.343     1.687    U0_ps_ai_peripheral/mig_ddr3_u0/u_mig_7series_0_mig/u_ddr3_infrastructure/pll_clk3
                  MMCME2_ADV_X1Y2                                                   r  U0_ps_ai_peripheral/mig_ddr3_u0/u_mig_7series_0_mig/u_ddr3_infrastructure/gen_mmcm.mmcm_i/CLKIN1
                  MMCME2_ADV_X1Y2      MMCME2_ADV (Prop_mmcme2_adv_CLKIN1_CLKFBOUT)
                                                                   -1.165     0.522 r  U0_ps_ai_peripheral/mig_ddr3_u0/u_mig_7series_0_mig/u_ddr3_infrastructure/gen_mmcm.mmcm_i/CLKFBOUT
                                       net (fo=1, routed)           0.559     1.081    U0_ps_ai_peripheral/mig_ddr3_u0/u_mig_7series_0_mig/u_ddr3_infrastructure/clk_pll_i
                  BUFGCTRL_X0Y16                                                    r  U0_ps_ai_peripheral/mig_ddr3_u0/u_mig_7series_0_mig/u_ddr3_infrastructure/u_bufg_clkdiv0/I
                  BUFGCTRL_X0Y16       BUFG (Prop_bufg_I_O)         0.026     1.107 r  U0_ps_ai_peripheral/mig_ddr3_u0/u_mig_7series_0_mig/u_ddr3_infrastructure/u_bufg_clkdiv0/O
                                       net (fo=103920, routed)      0.549     1.656    U_adder_top/U_flicker/render/split_U0/prepare_geometry_U0/ui_clk
                  SLICE_X49Y51         FDRE                                         r  U_adder_top/U_flicker/render/split_U0/prepare_geometry_U0/ap_phi_reg_pp0_iter1_tmp_V_reg_196_reg[387]/C
  ---------------------------------------------------------------------------------    -------------------
    Placement     SLICE_X49Y51         FDRE (Prop_fdre_C_Q)         0.100     1.756 r  U_adder_top/U_flicker/render/split_U0/prepare_geometry_U0/ap_phi_reg_pp0_iter1_tmp_V_reg_196_reg[387]/Q
                                       net (fo=1, routed)           0.265     2.022    U_adder_top/U_flicker/render/split_U0/prepare_geometry_U0/ap_phi_reg_pp0_iter1_tmp_V_reg_196[387]
    Placement     SLICE_X49Y38         FDRE                                         r  U_adder_top/U_flicker/render/split_U0/prepare_geometry_U0/ap_phi_reg_pp0_iter2_tmp_V_reg_196_reg[387]/D
  ---------------------------------------------------------------------------------    -------------------

                                       (clock clk_pll_i rise edge)
                                                                    0.000     0.000 r  
                  C8                                                0.000     0.000 r  sys_clk_p (IN)
                                       net (fo=0)                   0.000     0.000    U0_ps_ai_peripheral/mig_ddr3_u0/u_mig_7series_0_mig/u_ddr3_clk_ibuf/sys_clk_p
                  C8                                                                r  U0_ps_ai_peripheral/mig_ddr3_u0/u_mig_7series_0_mig/u_ddr3_clk_ibuf/diff_input_clk.u_ibufg_sys_clk/I
                  C8                   IBUFDS (Prop_ibufds_I_O)     0.469     0.469 r  U0_ps_ai_peripheral/mig_ddr3_u0/u_mig_7series_0_mig/u_ddr3_clk_ibuf/diff_input_clk.u_ibufg_sys_clk/O
                                       net (fo=3, routed)           0.554     1.023    U0_ps_ai_peripheral/mig_ddr3_u0/u_mig_7series_0_mig/u_ddr3_infrastructure/out
                  PLLE2_ADV_X1Y2                                                    r  U0_ps_ai_peripheral/mig_ddr3_u0/u_mig_7series_0_mig/u_ddr3_infrastructure/plle2_i/CLKIN1
                  PLLE2_ADV_X1Y2       PLLE2_ADV (Prop_plle2_adv_CLKIN1_CLKOUT3)
                                                                    0.053     1.076 r  U0_ps_ai_peripheral/mig_ddr3_u0/u_mig_7series_0_mig/u_ddr3_infrastructure/plle2_i/CLKOUT3
                                       net (fo=1, routed)           0.437     1.513    U0_ps_ai_peripheral/mig_ddr3_u0/u_mig_7series_0_mig/u_ddr3_infrastructure/pll_clk3_out
                  BUFHCE_X1Y24                                                      r  U0_ps_ai_peripheral/mig_ddr3_u0/u_mig_7series_0_mig/u_ddr3_infrastructure/u_bufh_pll_clk3/I
                  BUFHCE_X1Y24         BUFH (Prop_bufh_I_O)         0.045     1.558 r  U0_ps_ai_peripheral/mig_ddr3_u0/u_mig_7series_0_mig/u_ddr3_infrastructure/u_bufh_pll_clk3/O
                                       net (fo=1, routed)           0.506     2.064    U0_ps_ai_peripheral/mig_ddr3_u0/u_mig_7series_0_mig/u_ddr3_infrastructure/pll_clk3
                  MMCME2_ADV_X1Y2                                                   r  U0_ps_ai_peripheral/mig_ddr3_u0/u_mig_7series_0_mig/u_ddr3_infrastructure/gen_mmcm.mmcm_i/CLKIN1
                  MMCME2_ADV_X1Y2      MMCME2_ADV (Prop_mmcme2_adv_CLKIN1_CLKFBOUT)
                                                                   -1.449     0.615 r  U0_ps_ai_peripheral/mig_ddr3_u0/u_mig_7series_0_mig/u_ddr3_infrastructure/gen_mmcm.mmcm_i/CLKFBOUT
                                       net (fo=1, routed)           0.623     1.238    U0_ps_ai_peripheral/mig_ddr3_u0/u_mig_7series_0_mig/u_ddr3_infrastructure/clk_pll_i
                  BUFGCTRL_X0Y16                                                    r  U0_ps_ai_peripheral/mig_ddr3_u0/u_mig_7series_0_mig/u_ddr3_infrastructure/u_bufg_clkdiv0/I
                  BUFGCTRL_X0Y16       BUFG (Prop_bufg_I_O)         0.030     1.268 r  U0_ps_ai_peripheral/mig_ddr3_u0/u_mig_7series_0_mig/u_ddr3_infrastructure/u_bufg_clkdiv0/O
                                       net (fo=103920, routed)      0.818     2.086    U_adder_top/U_flicker/render/split_U0/prepare_geometry_U0/ui_clk
                  SLICE_X49Y38         FDRE                                         r  U_adder_top/U_flicker/render/split_U0/prepare_geometry_U0/ap_phi_reg_pp0_iter2_tmp_V_reg_196_reg[387]/C
                                       clock pessimism             -0.168     1.917    
                  SLICE_X49Y38         FDRE (Hold_fdre_C_D)         0.040     1.957    U_adder_top/U_flicker/render/split_U0/prepare_geometry_U0/ap_phi_reg_pp0_iter2_tmp_V_reg_196_reg[387]
  ---------------------------------------------------------------------------------
                                       required time                         -1.957    
                                       arrival time                           2.022    
  ---------------------------------------------------------------------------------
                                       slack                                  0.064    




