Copyright 1986-2018 Xilinx, Inc. All Rights Reserved.
---------------------------------------------------------------------------------------------------------------------------------------------------------------------------------------------------------------------------------------------------------------
| Tool Version : Vivado v.2018.3 (win64) Build 2405991 Thu Dec  6 23:38:27 MST 2018
| Date         : Wed Sep 30 16:17:02 2026
| Host         : cysc-0286 running 64-bit major release  (build 9200)
| Command      : report_timing -delay_type max -through [get_pins -hier -filter {NAME =~ U_adder_top/U_flicker/* && DIRECTION == OUT}] -max_paths 20 -file D:/ADProjects/FPGA43DGS/examples/3dgs_flicker_hw/build/rom_post_route_20260930/after/render_max.rpt
| Design       : ai7030_edif_top
| Device       : 7z030-ffg676
| Speed File   : -2  PRODUCTION 1.11 2025-11-03
---------------------------------------------------------------------------------------------------------------------------------------------------------------------------------------------------------------------------------------------------------------

Timing Report

Slack (MET) :             0.316ns  (required time - arrival time)
  Source:                 U_adder_top/U_flicker/dma/write_count_reg[0]/C
                            (rising edge-triggered cell FDCE clocked by clk_pll_i  {rise@0.000ns fall@2.500ns period=5.000ns})
  Destination:            U0_ps_ai_peripheral/ZGolo/u_AI_Mate_top/ddr_witcn_u0/mna_idfifo_w5_u0/U0/inst_fifo_gen/gconvfifo.rf/grf.rf/gntv_or_sync_fifo.gl0.wr/gwss.gpf.wrpf/gdiff.gcry_1_sym.diff_pntr_pad_reg[10]/D
                            (rising edge-triggered cell FDRE clocked by clk_pll_i  {rise@0.000ns fall@2.500ns period=5.000ns})
  Path Group:             clk_pll_i
  Path Type:              Setup (Max at Slow Process Corner)
  Requirement:            5.000ns  (clk_pll_i rise@5.000ns - clk_pll_i rise@0.000ns)
  Data Path Delay:        4.534ns  (logic 1.352ns (29.819%)  route 3.182ns (70.181%))
  Logic Levels:           12  (CARRY4=7 LUT4=1 LUT5=1 LUT6=3)
  Clock Path Skew:        -0.147ns (DCD - SCD + CPR)
    Destination Clock Delay (DCD):    3.480ns = ( 8.480 - 5.000 ) 
    Source Clock Delay      (SCD):    3.881ns
    Clock Pessimism Removal (CPR):    0.253ns
  Clock Uncertainty:      0.052ns  ((TSJ^2 + DJ^2)^1/2) / 2 + PE
    Total System Jitter     (TSJ):    0.071ns
    Discrete Jitter          (DJ):    0.077ns
    Phase Error              (PE):    0.000ns

    Pin Reuse     Location             Delay type                Incr(ns)  Path(ns)    Netlist Resource(s)
  ---------------------------------------------------------------------------------    -------------------
                                       (clock clk_pll_i rise edge)
                                                                    0.000     0.000 r  
                  C8                                                0.000     0.000 r  sys_clk_p (IN)
                                       net (fo=0)                   0.000     0.000    U0_ps_ai_peripheral/mig_ddr3_u0/u_mig_7series_0_mig/u_ddr3_clk_ibuf/sys_clk_p
                  C8                                                                r  U0_ps_ai_peripheral/mig_ddr3_u0/u_mig_7series_0_mig/u_ddr3_clk_ibuf/diff_input_clk.u_ibufg_sys_clk/I
                  C8                   IBUFDS (Prop_ibufds_I_O)     0.855     0.855 r  U0_ps_ai_peripheral/mig_ddr3_u0/u_mig_7series_0_mig/u_ddr3_clk_ibuf/diff_input_clk.u_ibufg_sys_clk/O
                                       net (fo=3, routed)           1.098     1.953    U0_ps_ai_peripheral/mig_ddr3_u0/u_mig_7series_0_mig/u_ddr3_infrastructure/out
                  PLLE2_ADV_X1Y2                                                    r  U0_ps_ai_peripheral/mig_ddr3_u0/u_mig_7series_0_mig/u_ddr3_infrastructure/plle2_i/CLKIN1
                  PLLE2_ADV_X1Y2       PLLE2_ADV (Prop_plle2_adv_CLKIN1_CLKOUT3)
                                                                    0.077     2.030 r  U0_ps_ai_peripheral/mig_ddr3_u0/u_mig_7series_0_mig/u_ddr3_infrastructure/plle2_i/CLKOUT3
                                       net (fo=1, routed)           1.145     3.175    U0_ps_ai_peripheral/mig_ddr3_u0/u_mig_7series_0_mig/u_ddr3_infrastructure/pll_clk3_out
                  BUFHCE_X1Y24                                                      r  U0_ps_ai_peripheral/mig_ddr3_u0/u_mig_7series_0_mig/u_ddr3_infrastructure/u_bufh_pll_clk3/I
                  BUFHCE_X1Y24         BUFH (Prop_bufh_I_O)         0.103     3.278 r  U0_ps_ai_peripheral/mig_ddr3_u0/u_mig_7series_0_mig/u_ddr3_infrastructure/u_bufh_pll_clk3/O
                                       net (fo=1, routed)           0.779     4.057    U0_ps_ai_peripheral/mig_ddr3_u0/u_mig_7series_0_mig/u_ddr3_infrastructure/pll_clk3
                  MMCME2_ADV_X1Y2                                                   r  U0_ps_ai_peripheral/mig_ddr3_u0/u_mig_7series_0_mig/u_ddr3_infrastructure/gen_mmcm.mmcm_i/CLKIN1
                  MMCME2_ADV_X1Y2      MMCME2_ADV (Prop_mmcme2_adv_CLKIN1_CLKFBOUT)
                                                                   -2.933     1.124 r  U0_ps_ai_peripheral/mig_ddr3_u0/u_mig_7series_0_mig/u_ddr3_infrastructure/gen_mmcm.mmcm_i/CLKFBOUT
                                       net (fo=1, routed)           1.442     2.566    U0_ps_ai_peripheral/mig_ddr3_u0/u_mig_7series_0_mig/u_ddr3_infrastructure/clk_pll_i
                  BUFGCTRL_X0Y16                                                    r  U0_ps_ai_peripheral/mig_ddr3_u0/u_mig_7series_0_mig/u_ddr3_infrastructure/u_bufg_clkdiv0/I
                  BUFGCTRL_X0Y16       BUFG (Prop_bufg_I_O)         0.093     2.659 r  U0_ps_ai_peripheral/mig_ddr3_u0/u_mig_7series_0_mig/u_ddr3_infrastructure/u_bufg_clkdiv0/O
                                       net (fo=103920, routed)      1.222     3.881    U_adder_top/U_flicker/dma/ui_clk
                  SLICE_X57Y91         FDCE                                         r  U_adder_top/U_flicker/dma/write_count_reg[0]/C
  ---------------------------------------------------------------------------------    -------------------
    Placement     SLICE_X57Y91         FDCE (Prop_fdce_C_Q)         0.223     4.104 r  U_adder_top/U_flicker/dma/write_count_reg[0]/Q
                                       net (fo=6, routed)           0.579     4.683    U_adder_top/U_flicker/dma/writes[0]
    Placement     SLICE_X58Y94                                                      r  U_adder_top/U_flicker/dma/awvalid1_carry_i_8/I2
    Routing       SLICE_X58Y94         LUT4 (Prop_lut4_I2_O)        0.043     4.726 r  U_adder_top/U_flicker/dma/awvalid1_carry_i_8/O
                                       net (fo=1, routed)           0.000     4.726    U_adder_top/U_flicker/dma/awvalid1_carry_i_8_n_0
    Routing       SLICE_X58Y94                                                      r  U_adder_top/U_flicker/dma/awvalid1_carry/S[0]
    Placement     SLICE_X58Y94         CARRY4 (Prop_carry4_S[0]_CO[3])
                                                                    0.246     4.972 r  U_adder_top/U_flicker/dma/awvalid1_carry/CO[3]
                                       net (fo=1, routed)           0.000     4.972    U_adder_top/U_flicker/dma/awvalid1_carry_n_0
    Placement     SLICE_X58Y95                                                      r  U_adder_top/U_flicker/dma/awvalid1_carry__0/CI
    Placement     SLICE_X58Y95         CARRY4 (Prop_carry4_CI_CO[3])
                                                                    0.054     5.026 r  U_adder_top/U_flicker/dma/awvalid1_carry__0/CO[3]
                                       net (fo=1, routed)           0.000     5.026    U_adder_top/U_flicker/dma/awvalid1_carry__0_n_0
    Placement     SLICE_X58Y96                                                      r  U_adder_top/U_flicker/dma/awvalid1_carry__1/CI
    Placement     SLICE_X58Y96         CARRY4 (Prop_carry4_CI_CO[3])
                                                                    0.054     5.080 r  U_adder_top/U_flicker/dma/awvalid1_carry__1/CO[3]
                                       net (fo=1, routed)           0.000     5.080    U_adder_top/U_flicker/dma/awvalid1_carry__1_n_0
    Placement     SLICE_X58Y97                                                      r  U_adder_top/U_flicker/dma/awvalid1_carry__2/CI
    Placement     SLICE_X58Y97         CARRY4 (Prop_carry4_CI_CO[3])
                                                                    0.054     5.134 r  U_adder_top/U_flicker/dma/awvalid1_carry__2/CO[3]
                                       net (fo=1, routed)           0.511     5.645    U_adder_top/U_flicker/dma/awvalid1
    Placement     SLICE_X59Y102                                                     r  U_adder_top/U_flicker/dma/ZGolo_i_583/I3
    Placement     SLICE_X59Y102        LUT6 (Prop_lut6_I3_O)        0.043     5.688 r  U_adder_top/U_flicker/dma/ZGolo_i_583/O
                                       net (fo=4, routed)           0.388     6.076    U_adder_top/legacy/U_adder/U_avr_rs/u_avr_frs/fawv
    Placement     SLICE_X61Y109                                                     r  U_adder_top/legacy/U_adder/U_avr_rs/u_avr_frs/ZGolo_i_547/I0
    Placement     SLICE_X61Y109        LUT5 (Prop_lut5_I0_O)        0.043     6.119 r  U_adder_top/legacy/U_adder/U_avr_rs/u_avr_frs/ZGolo_i_547/O
                                       net (fo=8, routed)           0.606     6.725    U0_ps_ai_peripheral/ZGolo/UserCustomOp_0_awwvalid
    Placement     SLICE_X61Y120                                                     r  U0_ps_ai_peripheral/ZGolo/mna_idfifo_w5_u0_i_4/I1
    Placement     SLICE_X61Y120        LUT6 (Prop_lut6_I1_O)        0.043     6.768 r  U0_ps_ai_peripheral/ZGolo/mna_idfifo_w5_u0_i_4/O
                                       net (fo=20, routed)          0.812     7.581    U0_ps_ai_peripheral/ZGolo/u_AI_Mate_top/ddr_witcn_u0/mna_idfifo_w5_u0/U0/inst_fifo_gen/gconvfifo.rf/grf.rf/gntv_or_sync_fifo.gl0.rd/gr1.gr1_int.rfwft/wr_en
    Placement     SLICE_X44Y139                                                     r  U0_ps_ai_peripheral/ZGolo/u_AI_Mate_top/ddr_witcn_u0/mna_idfifo_w5_u0/U0/inst_fifo_gen/gconvfifo.rf/grf.rf/gntv_or_sync_fifo.gl0.rd/gr1.gr1_int.rfwft/plusOp_carry_i_1/I1
    Placement     SLICE_X44Y139        LUT6 (Prop_lut6_I1_O)        0.043     7.624 r  U0_ps_ai_peripheral/ZGolo/u_AI_Mate_top/ddr_witcn_u0/mna_idfifo_w5_u0/U0/inst_fifo_gen/gconvfifo.rf/grf.rf/gntv_or_sync_fifo.gl0.rd/gr1.gr1_int.rfwft/plusOp_carry_i_1/O
                                       net (fo=1, routed)           0.285     7.909    U0_ps_ai_peripheral/ZGolo/u_AI_Mate_top/ddr_witcn_u0/mna_idfifo_w5_u0/U0/inst_fifo_gen/gconvfifo.rf/grf.rf/gntv_or_sync_fifo.gl0.wr/gwss.gpf.wrpf/p_1_out
    Placement     SLICE_X45Y137                                                     r  U0_ps_ai_peripheral/ZGolo/u_AI_Mate_top/ddr_witcn_u0/mna_idfifo_w5_u0/U0/inst_fifo_gen/gconvfifo.rf/grf.rf/gntv_or_sync_fifo.gl0.wr/gwss.gpf.wrpf/plusOp_carry/CYINIT
    Placement     SLICE_X45Y137        CARRY4 (Prop_carry4_CYINIT_CO[3])
                                                                    0.287     8.196 r  U0_ps_ai_peripheral/ZGolo/u_AI_Mate_top/ddr_witcn_u0/mna_idfifo_w5_u0/U0/inst_fifo_gen/gconvfifo.rf/grf.rf/gntv_or_sync_fifo.gl0.wr/gwss.gpf.wrpf/plusOp_carry/CO[3]
                                       net (fo=1, routed)           0.000     8.196    U0_ps_ai_peripheral/ZGolo/u_AI_Mate_top/ddr_witcn_u0/mna_idfifo_w5_u0/U0/inst_fifo_gen/gconvfifo.rf/grf.rf/gntv_or_sync_fifo.gl0.wr/gwss.gpf.wrpf/plusOp_carry_n_0
    Placement     SLICE_X45Y138                                                     r  U0_ps_ai_peripheral/ZGolo/u_AI_Mate_top/ddr_witcn_u0/mna_idfifo_w5_u0/U0/inst_fifo_gen/gconvfifo.rf/grf.rf/gntv_or_sync_fifo.gl0.wr/gwss.gpf.wrpf/plusOp_carry__0/CI
    Placement     SLICE_X45Y138        CARRY4 (Prop_carry4_CI_CO[3])
                                                                    0.053     8.249 r  U0_ps_ai_peripheral/ZGolo/u_AI_Mate_top/ddr_witcn_u0/mna_idfifo_w5_u0/U0/inst_fifo_gen/gconvfifo.rf/grf.rf/gntv_or_sync_fifo.gl0.wr/gwss.gpf.wrpf/plusOp_carry__0/CO[3]
                                       net (fo=1, routed)           0.000     8.249    U0_ps_ai_peripheral/ZGolo/u_AI_Mate_top/ddr_witcn_u0/mna_idfifo_w5_u0/U0/inst_fifo_gen/gconvfifo.rf/grf.rf/gntv_or_sync_fifo.gl0.wr/gwss.gpf.wrpf/plusOp_carry__0_n_0
    Placement     SLICE_X45Y139                                                     r  U0_ps_ai_peripheral/ZGolo/u_AI_Mate_top/ddr_witcn_u0/mna_idfifo_w5_u0/U0/inst_fifo_gen/gconvfifo.rf/grf.rf/gntv_or_sync_fifo.gl0.wr/gwss.gpf.wrpf/plusOp_carry__1/CI
    Routing       SLICE_X45Y139        CARRY4 (Prop_carry4_CI_O[1])
                                                                    0.166     8.415 r  U0_ps_ai_peripheral/ZGolo/u_AI_Mate_top/ddr_witcn_u0/mna_idfifo_w5_u0/U0/inst_fifo_gen/gconvfifo.rf/grf.rf/gntv_or_sync_fifo.gl0.wr/gwss.gpf.wrpf/plusOp_carry__1/O[1]
                                       net (fo=1, routed)           0.000     8.415    U0_ps_ai_peripheral/ZGolo/u_AI_Mate_top/ddr_witcn_u0/mna_idfifo_w5_u0/U0/inst_fifo_gen/gconvfifo.rf/grf.rf/gntv_or_sync_fifo.gl0.wr/gwss.gpf.wrpf/plusOp[10]
    Routing       SLICE_X45Y139        FDRE                                         r  U0_ps_ai_peripheral/ZGolo/u_AI_Mate_top/ddr_witcn_u0/mna_idfifo_w5_u0/U0/inst_fifo_gen/gconvfifo.rf/grf.rf/gntv_or_sync_fifo.gl0.wr/gwss.gpf.wrpf/gdiff.gcry_1_sym.diff_pntr_pad_reg[10]/D
  ---------------------------------------------------------------------------------    -------------------

                                       (clock clk_pll_i rise edge)
                                                                    5.000     5.000 r  
                  C8                                                0.000     5.000 r  sys_clk_p (IN)
                                       net (fo=0)                   0.000     5.000    U0_ps_ai_peripheral/mig_ddr3_u0/u_mig_7series_0_mig/u_ddr3_clk_ibuf/sys_clk_p
                  C8                                                                r  U0_ps_ai_peripheral/mig_ddr3_u0/u_mig_7series_0_mig/u_ddr3_clk_ibuf/diff_input_clk.u_ibufg_sys_clk/I
                  C8                   IBUFDS (Prop_ibufds_I_O)     0.758     5.758 r  U0_ps_ai_peripheral/mig_ddr3_u0/u_mig_7series_0_mig/u_ddr3_clk_ibuf/diff_input_clk.u_ibufg_sys_clk/O
                                       net (fo=3, routed)           1.001     6.759    U0_ps_ai_peripheral/mig_ddr3_u0/u_mig_7series_0_mig/u_ddr3_infrastructure/out
                  PLLE2_ADV_X1Y2                                                    r  U0_ps_ai_peripheral/mig_ddr3_u0/u_mig_7series_0_mig/u_ddr3_infrastructure/plle2_i/CLKIN1
                  PLLE2_ADV_X1Y2       PLLE2_ADV (Prop_plle2_adv_CLKIN1_CLKOUT3)
                                                                    0.073     6.832 r  U0_ps_ai_peripheral/mig_ddr3_u0/u_mig_7series_0_mig/u_ddr3_infrastructure/plle2_i/CLKOUT3
                                       net (fo=1, routed)           1.033     7.865    U0_ps_ai_peripheral/mig_ddr3_u0/u_mig_7series_0_mig/u_ddr3_infrastructure/pll_clk3_out
                  BUFHCE_X1Y24                                                      r  U0_ps_ai_peripheral/mig_ddr3_u0/u_mig_7series_0_mig/u_ddr3_infrastructure/u_bufh_pll_clk3/I
                  BUFHCE_X1Y24         BUFH (Prop_bufh_I_O)         0.066     7.931 r  U0_ps_ai_peripheral/mig_ddr3_u0/u_mig_7series_0_mig/u_ddr3_infrastructure/u_bufh_pll_clk3/O
                                       net (fo=1, routed)           0.710     8.641    U0_ps_ai_peripheral/mig_ddr3_u0/u_mig_7series_0_mig/u_ddr3_infrastructure/pll_clk3
                  MMCME2_ADV_X1Y2                                                   r  U0_ps_ai_peripheral/mig_ddr3_u0/u_mig_7series_0_mig/u_ddr3_infrastructure/gen_mmcm.mmcm_i/CLKIN1
                  MMCME2_ADV_X1Y2      MMCME2_ADV (Prop_mmcme2_adv_CLKIN1_CLKFBOUT)
                                                                   -2.652     5.989 r  U0_ps_ai_peripheral/mig_ddr3_u0/u_mig_7series_0_mig/u_ddr3_infrastructure/gen_mmcm.mmcm_i/CLKFBOUT
                                       net (fo=1, routed)           1.333     7.322    U0_ps_ai_peripheral/mig_ddr3_u0/u_mig_7series_0_mig/u_ddr3_infrastructure/clk_pll_i
                  BUFGCTRL_X0Y16                                                    r  U0_ps_ai_peripheral/mig_ddr3_u0/u_mig_7series_0_mig/u_ddr3_infrastructure/u_bufg_clkdiv0/I
                  BUFGCTRL_X0Y16       BUFG (Prop_bufg_I_O)         0.083     7.405 r  U0_ps_ai_peripheral/mig_ddr3_u0/u_mig_7series_0_mig/u_ddr3_infrastructure/u_bufg_clkdiv0/O
                                       net (fo=103920, routed)      1.075     8.480    U0_ps_ai_peripheral/ZGolo/u_AI_Mate_top/ddr_witcn_u0/mna_idfifo_w5_u0/U0/inst_fifo_gen/gconvfifo.rf/grf.rf/gntv_or_sync_fifo.gl0.wr/gwss.gpf.wrpf/clk
                  SLICE_X45Y139        FDRE                                         r  U0_ps_ai_peripheral/ZGolo/u_AI_Mate_top/ddr_witcn_u0/mna_idfifo_w5_u0/U0/inst_fifo_gen/gconvfifo.rf/grf.rf/gntv_or_sync_fifo.gl0.wr/gwss.gpf.wrpf/gdiff.gcry_1_sym.diff_pntr_pad_reg[10]/C
                                       clock pessimism              0.253     8.734    
                                       clock uncertainty           -0.052     8.681    
                  SLICE_X45Y139        FDRE (Setup_fdre_C_D)        0.049     8.730    U0_ps_ai_peripheral/ZGolo/u_AI_Mate_top/ddr_witcn_u0/mna_idfifo_w5_u0/U0/inst_fifo_gen/gconvfifo.rf/grf.rf/gntv_or_sync_fifo.gl0.wr/gwss.gpf.wrpf/gdiff.gcry_1_sym.diff_pntr_pad_reg[10]
  ---------------------------------------------------------------------------------
                                       required time                          8.730    
                                       arrival time                          -8.415    
  ---------------------------------------------------------------------------------
                                       slack                                  0.316    

Slack (MET) :             0.335ns  (required time - arrival time)
  Source:                 U_adder_top/U_flicker/dma/write_count_reg[0]/C
                            (rising edge-triggered cell FDCE clocked by clk_pll_i  {rise@0.000ns fall@2.500ns period=5.000ns})
  Destination:            U0_ps_ai_peripheral/ZGolo/u_AI_Mate_top/ddr_witcn_u0/avr_rs_u0/u_avr_frs/s_data_reg[138]/CE
                            (rising edge-triggered cell FDCE clocked by clk_pll_i  {rise@0.000ns fall@2.500ns period=5.000ns})
  Path Group:             clk_pll_i
  Path Type:              Setup (Max at Slow Process Corner)
  Requirement:            5.000ns  (clk_pll_i rise@5.000ns - clk_pll_i rise@0.000ns)
  Data Path Delay:        4.296ns  (logic 0.846ns (19.691%)  route 3.450ns (80.309%))
  Logic Levels:           9  (CARRY4=4 LUT4=3 LUT5=1 LUT6=1)
  Clock Path Skew:        -0.138ns (DCD - SCD + CPR)
    Destination Clock Delay (DCD):    3.489ns = ( 8.489 - 5.000 ) 
    Source Clock Delay      (SCD):    3.881ns
    Clock Pessimism Removal (CPR):    0.253ns
  Clock Uncertainty:      0.052ns  ((TSJ^2 + DJ^2)^1/2) / 2 + PE
    Total System Jitter     (TSJ):    0.071ns
    Discrete Jitter          (DJ):    0.077ns
    Phase Error              (PE):    0.000ns

    Pin Reuse     Location             Delay type                Incr(ns)  Path(ns)    Netlist Resource(s)
  ---------------------------------------------------------------------------------    -------------------
                                       (clock clk_pll_i rise edge)
                                                                    0.000     0.000 r  
                  C8                                                0.000     0.000 r  sys_clk_p (IN)
                                       net (fo=0)                   0.000     0.000    U0_ps_ai_peripheral/mig_ddr3_u0/u_mig_7series_0_mig/u_ddr3_clk_ibuf/sys_clk_p
                  C8                                                                r  U0_ps_ai_peripheral/mig_ddr3_u0/u_mig_7series_0_mig/u_ddr3_clk_ibuf/diff_input_clk.u_ibufg_sys_clk/I
                  C8                   IBUFDS (Prop_ibufds_I_O)     0.855     0.855 r  U0_ps_ai_peripheral/mig_ddr3_u0/u_mig_7series_0_mig/u_ddr3_clk_ibuf/diff_input_clk.u_ibufg_sys_clk/O
                                       net (fo=3, routed)           1.098     1.953    U0_ps_ai_peripheral/mig_ddr3_u0/u_mig_7series_0_mig/u_ddr3_infrastructure/out
                  PLLE2_ADV_X1Y2                                                    r  U0_ps_ai_peripheral/mig_ddr3_u0/u_mig_7series_0_mig/u_ddr3_infrastructure/plle2_i/CLKIN1
                  PLLE2_ADV_X1Y2       PLLE2_ADV (Prop_plle2_adv_CLKIN1_CLKOUT3)
                                                                    0.077     2.030 r  U0_ps_ai_peripheral/mig_ddr3_u0/u_mig_7series_0_mig/u_ddr3_infrastructure/plle2_i/CLKOUT3
                                       net (fo=1, routed)           1.145     3.175    U0_ps_ai_peripheral/mig_ddr3_u0/u_mig_7series_0_mig/u_ddr3_infrastructure/pll_clk3_out
                  BUFHCE_X1Y24                                                      r  U0_ps_ai_peripheral/mig_ddr3_u0/u_mig_7series_0_mig/u_ddr3_infrastructure/u_bufh_pll_clk3/I
                  BUFHCE_X1Y24         BUFH (Prop_bufh_I_O)         0.103     3.278 r  U0_ps_ai_peripheral/mig_ddr3_u0/u_mig_7series_0_mig/u_ddr3_infrastructure/u_bufh_pll_clk3/O
                                       net (fo=1, routed)           0.779     4.057    U0_ps_ai_peripheral/mig_ddr3_u0/u_mig_7series_0_mig/u_ddr3_infrastructure/pll_clk3
                  MMCME2_ADV_X1Y2                                                   r  U0_ps_ai_peripheral/mig_ddr3_u0/u_mig_7series_0_mig/u_ddr3_infrastructure/gen_mmcm.mmcm_i/CLKIN1
                  MMCME2_ADV_X1Y2      MMCME2_ADV (Prop_mmcme2_adv_CLKIN1_CLKFBOUT)
                                                                   -2.933     1.124 r  U0_ps_ai_peripheral/mig_ddr3_u0/u_mig_7series_0_mig/u_ddr3_infrastructure/gen_mmcm.mmcm_i/CLKFBOUT
                                       net (fo=1, routed)           1.442     2.566    U0_ps_ai_peripheral/mig_ddr3_u0/u_mig_7series_0_mig/u_ddr3_infrastructure/clk_pll_i
                  BUFGCTRL_X0Y16                                                    r  U0_ps_ai_peripheral/mig_ddr3_u0/u_mig_7series_0_mig/u_ddr3_infrastructure/u_bufg_clkdiv0/I
                  BUFGCTRL_X0Y16       BUFG (Prop_bufg_I_O)         0.093     2.659 r  U0_ps_ai_peripheral/mig_ddr3_u0/u_mig_7series_0_mig/u_ddr3_infrastructure/u_bufg_clkdiv0/O
                                       net (fo=103920, routed)      1.222     3.881    U_adder_top/U_flicker/dma/ui_clk
                  SLICE_X57Y91         FDCE                                         r  U_adder_top/U_flicker/dma/write_count_reg[0]/C
  ---------------------------------------------------------------------------------    -------------------
    Placement     SLICE_X57Y91         FDCE (Prop_fdce_C_Q)         0.223     4.104 r  U_adder_top/U_flicker/dma/write_count_reg[0]/Q
                                       net (fo=6, routed)           0.579     4.683    U_adder_top/U_flicker/dma/writes[0]
    Placement     SLICE_X58Y94                                                      r  U_adder_top/U_flicker/dma/awvalid1_carry_i_8/I2
    Routing       SLICE_X58Y94         LUT4 (Prop_lut4_I2_O)        0.043     4.726 r  U_adder_top/U_flicker/dma/awvalid1_carry_i_8/O
                                       net (fo=1, routed)           0.000     4.726    U_adder_top/U_flicker/dma/awvalid1_carry_i_8_n_0
    Routing       SLICE_X58Y94                                                      r  U_adder_top/U_flicker/dma/awvalid1_carry/S[0]
    Placement     SLICE_X58Y94         CARRY4 (Prop_carry4_S[0]_CO[3])
                                                                    0.246     4.972 r  U_adder_top/U_flicker/dma/awvalid1_carry/CO[3]
                                       net (fo=1, routed)           0.000     4.972    U_adder_top/U_flicker/dma/awvalid1_carry_n_0
    Placement     SLICE_X58Y95                                                      r  U_adder_top/U_flicker/dma/awvalid1_carry__0/CI
    Placement     SLICE_X58Y95         CARRY4 (Prop_carry4_CI_CO[3])
                                                                    0.054     5.026 r  U_adder_top/U_flicker/dma/awvalid1_carry__0/CO[3]
                                       net (fo=1, routed)           0.000     5.026    U_adder_top/U_flicker/dma/awvalid1_carry__0_n_0
    Placement     SLICE_X58Y96                                                      r  U_adder_top/U_flicker/dma/awvalid1_carry__1/CI
    Placement     SLICE_X58Y96         CARRY4 (Prop_carry4_CI_CO[3])
                                                                    0.054     5.080 r  U_adder_top/U_flicker/dma/awvalid1_carry__1/CO[3]
                                       net (fo=1, routed)           0.000     5.080    U_adder_top/U_flicker/dma/awvalid1_carry__1_n_0
    Placement     SLICE_X58Y97                                                      r  U_adder_top/U_flicker/dma/awvalid1_carry__2/CI
    Placement     SLICE_X58Y97         CARRY4 (Prop_carry4_CI_CO[3])
                                                                    0.054     5.134 r  U_adder_top/U_flicker/dma/awvalid1_carry__2/CO[3]
                                       net (fo=1, routed)           0.511     5.645    U_adder_top/U_flicker/dma/awvalid1
    Placement     SLICE_X59Y102                                                     r  U_adder_top/U_flicker/dma/ZGolo_i_583/I3
    Placement     SLICE_X59Y102        LUT6 (Prop_lut6_I3_O)        0.043     5.688 r  U_adder_top/U_flicker/dma/ZGolo_i_583/O
                                       net (fo=4, routed)           0.388     6.076    U_adder_top/legacy/U_adder/U_avr_rs/u_avr_frs/fawv
    Placement     SLICE_X61Y109                                                     r  U_adder_top/legacy/U_adder/U_avr_rs/u_avr_frs/ZGolo_i_547/I0
    Placement     SLICE_X61Y109        LUT5 (Prop_lut5_I0_O)        0.043     6.119 r  U_adder_top/legacy/U_adder/U_avr_rs/u_avr_frs/ZGolo_i_547/O
                                       net (fo=8, routed)           0.762     6.881    U0_ps_ai_peripheral/ZGolo/UserCustomOp_0_awwvalid
    Placement     SLICE_X65Y133                                                     r  U0_ps_ai_peripheral/ZGolo/s_valid_i_2__7/I1
    Placement     SLICE_X65Y133        LUT4 (Prop_lut4_I1_O)        0.043     6.924 r  U0_ps_ai_peripheral/ZGolo/s_valid_i_2__7/O
                                       net (fo=2, routed)           0.242     7.166    U0_ps_ai_peripheral/ZGolo/u_AI_Mate_top/ddr_witcn_u0/m_ddr_itf_awwvalid
    Placement     SLICE_X64Y134                                                     r  U0_ps_ai_peripheral/ZGolo/s_data[616]_i_1/I0
    Placement     SLICE_X64Y134        LUT4 (Prop_lut4_I0_O)        0.043     7.209 r  U0_ps_ai_peripheral/ZGolo/s_data[616]_i_1/O
                                       net (fo=617, routed)         0.969     8.177    U0_ps_ai_peripheral/ZGolo/s_data[616]_i_1_n_0
    Placement     SLICE_X86Y136        FDCE                                         r  U0_ps_ai_peripheral/ZGolo/u_AI_Mate_top/ddr_witcn_u0/avr_rs_u0/u_avr_frs/s_data_reg[138]/CE
  ---------------------------------------------------------------------------------    -------------------

                                       (clock clk_pll_i rise edge)
                                                                    5.000     5.000 r  
                  C8                                                0.000     5.000 r  sys_clk_p (IN)
                                       net (fo=0)                   0.000     5.000    U0_ps_ai_peripheral/mig_ddr3_u0/u_mig_7series_0_mig/u_ddr3_clk_ibuf/sys_clk_p
                  C8                                                                r  U0_ps_ai_peripheral/mig_ddr3_u0/u_mig_7series_0_mig/u_ddr3_clk_ibuf/diff_input_clk.u_ibufg_sys_clk/I
                  C8                   IBUFDS (Prop_ibufds_I_O)     0.758     5.758 r  U0_ps_ai_peripheral/mig_ddr3_u0/u_mig_7series_0_mig/u_ddr3_clk_ibuf/diff_input_clk.u_ibufg_sys_clk/O
                                       net (fo=3, routed)           1.001     6.759    U0_ps_ai_peripheral/mig_ddr3_u0/u_mig_7series_0_mig/u_ddr3_infrastructure/out
                  PLLE2_ADV_X1Y2                                                    r  U0_ps_ai_peripheral/mig_ddr3_u0/u_mig_7series_0_mig/u_ddr3_infrastructure/plle2_i/CLKIN1
                  PLLE2_ADV_X1Y2       PLLE2_ADV (Prop_plle2_adv_CLKIN1_CLKOUT3)
                                                                    0.073     6.832 r  U0_ps_ai_peripheral/mig_ddr3_u0/u_mig_7series_0_mig/u_ddr3_infrastructure/plle2_i/CLKOUT3
                                       net (fo=1, routed)           1.033     7.865    U0_ps_ai_peripheral/mig_ddr3_u0/u_mig_7series_0_mig/u_ddr3_infrastructure/pll_clk3_out
                  BUFHCE_X1Y24                                                      r  U0_ps_ai_peripheral/mig_ddr3_u0/u_mig_7series_0_mig/u_ddr3_infrastructure/u_bufh_pll_clk3/I
                  BUFHCE_X1Y24         BUFH (Prop_bufh_I_O)         0.066     7.931 r  U0_ps_ai_peripheral/mig_ddr3_u0/u_mig_7series_0_mig/u_ddr3_infrastructure/u_bufh_pll_clk3/O
                                       net (fo=1, routed)           0.710     8.641    U0_ps_ai_peripheral/mig_ddr3_u0/u_mig_7series_0_mig/u_ddr3_infrastructure/pll_clk3
                  MMCME2_ADV_X1Y2                                                   r  U0_ps_ai_peripheral/mig_ddr3_u0/u_mig_7series_0_mig/u_ddr3_infrastructure/gen_mmcm.mmcm_i/CLKIN1
                  MMCME2_ADV_X1Y2      MMCME2_ADV (Prop_mmcme2_adv_CLKIN1_CLKFBOUT)
                                                                   -2.652     5.989 r  U0_ps_ai_peripheral/mig_ddr3_u0/u_mig_7series_0_mig/u_ddr3_infrastructure/gen_mmcm.mmcm_i/CLKFBOUT
                                       net (fo=1, routed)           1.333     7.322    U0_ps_ai_peripheral/mig_ddr3_u0/u_mig_7series_0_mig/u_ddr3_infrastructure/clk_pll_i
                  BUFGCTRL_X0Y16                                                    r  U0_ps_ai_peripheral/mig_ddr3_u0/u_mig_7series_0_mig/u_ddr3_infrastructure/u_bufg_clkdiv0/I
                  BUFGCTRL_X0Y16       BUFG (Prop_bufg_I_O)         0.083     7.405 r  U0_ps_ai_peripheral/mig_ddr3_u0/u_mig_7series_0_mig/u_ddr3_infrastructure/u_bufg_clkdiv0/O
                                       net (fo=103920, routed)      1.084     8.489    U0_ps_ai_peripheral/ZGolo/hp_clk
                  SLICE_X86Y136        FDCE                                         r  U0_ps_ai_peripheral/ZGolo/u_AI_Mate_top/ddr_witcn_u0/avr_rs_u0/u_avr_frs/s_data_reg[138]/C
                                       clock pessimism              0.253     8.743    
                                       clock uncertainty           -0.052     8.690    
                  SLICE_X86Y136        FDCE (Setup_fdce_C_CE)      -0.178     8.512    U0_ps_ai_peripheral/ZGolo/u_AI_Mate_top/ddr_witcn_u0/avr_rs_u0/u_avr_frs/s_data_reg[138]
  ---------------------------------------------------------------------------------
                                       required time                          8.512    
                                       arrival time                          -8.177    
  ---------------------------------------------------------------------------------
                                       slack                                  0.335    

Slack (MET) :             0.335ns  (required time - arrival time)
  Source:                 U_adder_top/U_flicker/dma/write_count_reg[0]/C
                            (rising edge-triggered cell FDCE clocked by clk_pll_i  {rise@0.000ns fall@2.500ns period=5.000ns})
  Destination:            U0_ps_ai_peripheral/ZGolo/u_AI_Mate_top/ddr_witcn_u0/avr_rs_u0/u_avr_frs/s_data_reg[139]/CE
                            (rising edge-triggered cell FDCE clocked by clk_pll_i  {rise@0.000ns fall@2.500ns period=5.000ns})
  Path Group:             clk_pll_i
  Path Type:              Setup (Max at Slow Process Corner)
  Requirement:            5.000ns  (clk_pll_i rise@5.000ns - clk_pll_i rise@0.000ns)
  Data Path Delay:        4.296ns  (logic 0.846ns (19.691%)  route 3.450ns (80.309%))
  Logic Levels:           9  (CARRY4=4 LUT4=3 LUT5=1 LUT6=1)
  Clock Path Skew:        -0.138ns (DCD - SCD + CPR)
    Destination Clock Delay (DCD):    3.489ns = ( 8.489 - 5.000 ) 
    Source Clock Delay      (SCD):    3.881ns
    Clock Pessimism Removal (CPR):    0.253ns
  Clock Uncertainty:      0.052ns  ((TSJ^2 + DJ^2)^1/2) / 2 + PE
    Total System Jitter     (TSJ):    0.071ns
    Discrete Jitter          (DJ):    0.077ns
    Phase Error              (PE):    0.000ns

    Pin Reuse     Location             Delay type                Incr(ns)  Path(ns)    Netlist Resource(s)
  ---------------------------------------------------------------------------------    -------------------
                                       (clock clk_pll_i rise edge)
                                                                    0.000     0.000 r  
                  C8                                                0.000     0.000 r  sys_clk_p (IN)
                                       net (fo=0)                   0.000     0.000    U0_ps_ai_peripheral/mig_ddr3_u0/u_mig_7series_0_mig/u_ddr3_clk_ibuf/sys_clk_p
                  C8                                                                r  U0_ps_ai_peripheral/mig_ddr3_u0/u_mig_7series_0_mig/u_ddr3_clk_ibuf/diff_input_clk.u_ibufg_sys_clk/I
                  C8                   IBUFDS (Prop_ibufds_I_O)     0.855     0.855 r  U0_ps_ai_peripheral/mig_ddr3_u0/u_mig_7series_0_mig/u_ddr3_clk_ibuf/diff_input_clk.u_ibufg_sys_clk/O
                                       net (fo=3, routed)           1.098     1.953    U0_ps_ai_peripheral/mig_ddr3_u0/u_mig_7series_0_mig/u_ddr3_infrastructure/out
                  PLLE2_ADV_X1Y2                                                    r  U0_ps_ai_peripheral/mig_ddr3_u0/u_mig_7series_0_mig/u_ddr3_infrastructure/plle2_i/CLKIN1
                  PLLE2_ADV_X1Y2       PLLE2_ADV (Prop_plle2_adv_CLKIN1_CLKOUT3)
                                                                    0.077     2.030 r  U0_ps_ai_peripheral/mig_ddr3_u0/u_mig_7series_0_mig/u_ddr3_infrastructure/plle2_i/CLKOUT3
                                       net (fo=1, routed)           1.145     3.175    U0_ps_ai_peripheral/mig_ddr3_u0/u_mig_7series_0_mig/u_ddr3_infrastructure/pll_clk3_out
                  BUFHCE_X1Y24                                                      r  U0_ps_ai_peripheral/mig_ddr3_u0/u_mig_7series_0_mig/u_ddr3_infrastructure/u_bufh_pll_clk3/I
                  BUFHCE_X1Y24         BUFH (Prop_bufh_I_O)         0.103     3.278 r  U0_ps_ai_peripheral/mig_ddr3_u0/u_mig_7series_0_mig/u_ddr3_infrastructure/u_bufh_pll_clk3/O
                                       net (fo=1, routed)           0.779     4.057    U0_ps_ai_peripheral/mig_ddr3_u0/u_mig_7series_0_mig/u_ddr3_infrastructure/pll_clk3
                  MMCME2_ADV_X1Y2                                                   r  U0_ps_ai_peripheral/mig_ddr3_u0/u_mig_7series_0_mig/u_ddr3_infrastructure/gen_mmcm.mmcm_i/CLKIN1
                  MMCME2_ADV_X1Y2      MMCME2_ADV (Prop_mmcme2_adv_CLKIN1_CLKFBOUT)
                                                                   -2.933     1.124 r  U0_ps_ai_peripheral/mig_ddr3_u0/u_mig_7series_0_mig/u_ddr3_infrastructure/gen_mmcm.mmcm_i/CLKFBOUT
                                       net (fo=1, routed)           1.442     2.566    U0_ps_ai_peripheral/mig_ddr3_u0/u_mig_7series_0_mig/u_ddr3_infrastructure/clk_pll_i
                  BUFGCTRL_X0Y16                                                    r  U0_ps_ai_peripheral/mig_ddr3_u0/u_mig_7series_0_mig/u_ddr3_infrastructure/u_bufg_clkdiv0/I
                  BUFGCTRL_X0Y16       BUFG (Prop_bufg_I_O)         0.093     2.659 r  U0_ps_ai_peripheral/mig_ddr3_u0/u_mig_7series_0_mig/u_ddr3_infrastructure/u_bufg_clkdiv0/O
                                       net (fo=103920, routed)      1.222     3.881    U_adder_top/U_flicker/dma/ui_clk
                  SLICE_X57Y91         FDCE                                         r  U_adder_top/U_flicker/dma/write_count_reg[0]/C
  ---------------------------------------------------------------------------------    -------------------
    Placement     SLICE_X57Y91         FDCE (Prop_fdce_C_Q)         0.223     4.104 r  U_adder_top/U_flicker/dma/write_count_reg[0]/Q
                                       net (fo=6, routed)           0.579     4.683    U_adder_top/U_flicker/dma/writes[0]
    Placement     SLICE_X58Y94                                                      r  U_adder_top/U_flicker/dma/awvalid1_carry_i_8/I2
    Routing       SLICE_X58Y94         LUT4 (Prop_lut4_I2_O)        0.043     4.726 r  U_adder_top/U_flicker/dma/awvalid1_carry_i_8/O
                                       net (fo=1, routed)           0.000     4.726    U_adder_top/U_flicker/dma/awvalid1_carry_i_8_n_0
    Routing       SLICE_X58Y94                                                      r  U_adder_top/U_flicker/dma/awvalid1_carry/S[0]
    Placement     SLICE_X58Y94         CARRY4 (Prop_carry4_S[0]_CO[3])
                                                                    0.246     4.972 r  U_adder_top/U_flicker/dma/awvalid1_carry/CO[3]
                                       net (fo=1, routed)           0.000     4.972    U_adder_top/U_flicker/dma/awvalid1_carry_n_0
    Placement     SLICE_X58Y95                                                      r  U_adder_top/U_flicker/dma/awvalid1_carry__0/CI
    Placement     SLICE_X58Y95         CARRY4 (Prop_carry4_CI_CO[3])
                                                                    0.054     5.026 r  U_adder_top/U_flicker/dma/awvalid1_carry__0/CO[3]
                                       net (fo=1, routed)           0.000     5.026    U_adder_top/U_flicker/dma/awvalid1_carry__0_n_0
    Placement     SLICE_X58Y96                                                      r  U_adder_top/U_flicker/dma/awvalid1_carry__1/CI
    Placement     SLICE_X58Y96         CARRY4 (Prop_carry4_CI_CO[3])
                                                                    0.054     5.080 r  U_adder_top/U_flicker/dma/awvalid1_carry__1/CO[3]
                                       net (fo=1, routed)           0.000     5.080    U_adder_top/U_flicker/dma/awvalid1_carry__1_n_0
    Placement     SLICE_X58Y97                                                      r  U_adder_top/U_flicker/dma/awvalid1_carry__2/CI
    Placement     SLICE_X58Y97         CARRY4 (Prop_carry4_CI_CO[3])
                                                                    0.054     5.134 r  U_adder_top/U_flicker/dma/awvalid1_carry__2/CO[3]
                                       net (fo=1, routed)           0.511     5.645    U_adder_top/U_flicker/dma/awvalid1
    Placement     SLICE_X59Y102                                                     r  U_adder_top/U_flicker/dma/ZGolo_i_583/I3
    Placement     SLICE_X59Y102        LUT6 (Prop_lut6_I3_O)        0.043     5.688 r  U_adder_top/U_flicker/dma/ZGolo_i_583/O
                                       net (fo=4, routed)           0.388     6.076    U_adder_top/legacy/U_adder/U_avr_rs/u_avr_frs/fawv
    Placement     SLICE_X61Y109                                                     r  U_adder_top/legacy/U_adder/U_avr_rs/u_avr_frs/ZGolo_i_547/I0
    Placement     SLICE_X61Y109        LUT5 (Prop_lut5_I0_O)        0.043     6.119 r  U_adder_top/legacy/U_adder/U_avr_rs/u_avr_frs/ZGolo_i_547/O
                                       net (fo=8, routed)           0.762     6.881    U0_ps_ai_peripheral/ZGolo/UserCustomOp_0_awwvalid
    Placement     SLICE_X65Y133                                                     r  U0_ps_ai_peripheral/ZGolo/s_valid_i_2__7/I1
    Placement     SLICE_X65Y133        LUT4 (Prop_lut4_I1_O)        0.043     6.924 r  U0_ps_ai_peripheral/ZGolo/s_valid_i_2__7/O
                                       net (fo=2, routed)           0.242     7.166    U0_ps_ai_peripheral/ZGolo/u_AI_Mate_top/ddr_witcn_u0/m_ddr_itf_awwvalid
    Placement     SLICE_X64Y134                                                     r  U0_ps_ai_peripheral/ZGolo/s_data[616]_i_1/I0
    Placement     SLICE_X64Y134        LUT4 (Prop_lut4_I0_O)        0.043     7.209 r  U0_ps_ai_peripheral/ZGolo/s_data[616]_i_1/O
                                       net (fo=617, routed)         0.969     8.177    U0_ps_ai_peripheral/ZGolo/s_data[616]_i_1_n_0
    Placement     SLICE_X86Y136        FDCE                                         r  U0_ps_ai_peripheral/ZGolo/u_AI_Mate_top/ddr_witcn_u0/avr_rs_u0/u_avr_frs/s_data_reg[139]/CE
  ---------------------------------------------------------------------------------    -------------------

                                       (clock clk_pll_i rise edge)
                                                                    5.000     5.000 r  
                  C8                                                0.000     5.000 r  sys_clk_p (IN)
                                       net (fo=0)                   0.000     5.000    U0_ps_ai_peripheral/mig_ddr3_u0/u_mig_7series_0_mig/u_ddr3_clk_ibuf/sys_clk_p
                  C8                                                                r  U0_ps_ai_peripheral/mig_ddr3_u0/u_mig_7series_0_mig/u_ddr3_clk_ibuf/diff_input_clk.u_ibufg_sys_clk/I
                  C8                   IBUFDS (Prop_ibufds_I_O)     0.758     5.758 r  U0_ps_ai_peripheral/mig_ddr3_u0/u_mig_7series_0_mig/u_ddr3_clk_ibuf/diff_input_clk.u_ibufg_sys_clk/O
                                       net (fo=3, routed)           1.001     6.759    U0_ps_ai_peripheral/mig_ddr3_u0/u_mig_7series_0_mig/u_ddr3_infrastructure/out
                  PLLE2_ADV_X1Y2                                                    r  U0_ps_ai_peripheral/mig_ddr3_u0/u_mig_7series_0_mig/u_ddr3_infrastructure/plle2_i/CLKIN1
                  PLLE2_ADV_X1Y2       PLLE2_ADV (Prop_plle2_adv_CLKIN1_CLKOUT3)
                                                                    0.073     6.832 r  U0_ps_ai_peripheral/mig_ddr3_u0/u_mig_7series_0_mig/u_ddr3_infrastructure/plle2_i/CLKOUT3
                                       net (fo=1, routed)           1.033     7.865    U0_ps_ai_peripheral/mig_ddr3_u0/u_mig_7series_0_mig/u_ddr3_infrastructure/pll_clk3_out
                  BUFHCE_X1Y24                                                      r  U0_ps_ai_peripheral/mig_ddr3_u0/u_mig_7series_0_mig/u_ddr3_infrastructure/u_bufh_pll_clk3/I
                  BUFHCE_X1Y24         BUFH (Prop_bufh_I_O)         0.066     7.931 r  U0_ps_ai_peripheral/mig_ddr3_u0/u_mig_7series_0_mig/u_ddr3_infrastructure/u_bufh_pll_clk3/O
                                       net (fo=1, routed)           0.710     8.641    U0_ps_ai_peripheral/mig_ddr3_u0/u_mig_7series_0_mig/u_ddr3_infrastructure/pll_clk3
                  MMCME2_ADV_X1Y2                                                   r  U0_ps_ai_peripheral/mig_ddr3_u0/u_mig_7series_0_mig/u_ddr3_infrastructure/gen_mmcm.mmcm_i/CLKIN1
                  MMCME2_ADV_X1Y2      MMCME2_ADV (Prop_mmcme2_adv_CLKIN1_CLKFBOUT)
                                                                   -2.652     5.989 r  U0_ps_ai_peripheral/mig_ddr3_u0/u_mig_7series_0_mig/u_ddr3_infrastructure/gen_mmcm.mmcm_i/CLKFBOUT
                                       net (fo=1, routed)           1.333     7.322    U0_ps_ai_peripheral/mig_ddr3_u0/u_mig_7series_0_mig/u_ddr3_infrastructure/clk_pll_i
                  BUFGCTRL_X0Y16                                                    r  U0_ps_ai_peripheral/mig_ddr3_u0/u_mig_7series_0_mig/u_ddr3_infrastructure/u_bufg_clkdiv0/I
                  BUFGCTRL_X0Y16       BUFG (Prop_bufg_I_O)         0.083     7.405 r  U0_ps_ai_peripheral/mig_ddr3_u0/u_mig_7series_0_mig/u_ddr3_infrastructure/u_bufg_clkdiv0/O
                                       net (fo=103920, routed)      1.084     8.489    U0_ps_ai_peripheral/ZGolo/hp_clk
                  SLICE_X86Y136        FDCE                                         r  U0_ps_ai_peripheral/ZGolo/u_AI_Mate_top/ddr_witcn_u0/avr_rs_u0/u_avr_frs/s_data_reg[139]/C
                                       clock pessimism              0.253     8.743    
                                       clock uncertainty           -0.052     8.690    
                  SLICE_X86Y136        FDCE (Setup_fdce_C_CE)      -0.178     8.512    U0_ps_ai_peripheral/ZGolo/u_AI_Mate_top/ddr_witcn_u0/avr_rs_u0/u_avr_frs/s_data_reg[139]
  ---------------------------------------------------------------------------------
                                       required time                          8.512    
                                       arrival time                          -8.177    
  ---------------------------------------------------------------------------------
                                       slack                                  0.335    

Slack (MET) :             0.335ns  (required time - arrival time)
  Source:                 U_adder_top/U_flicker/dma/write_count_reg[0]/C
                            (rising edge-triggered cell FDCE clocked by clk_pll_i  {rise@0.000ns fall@2.500ns period=5.000ns})
  Destination:            U0_ps_ai_peripheral/ZGolo/u_AI_Mate_top/ddr_witcn_u0/avr_rs_u0/u_avr_frs/s_data_reg[152]/CE
                            (rising edge-triggered cell FDCE clocked by clk_pll_i  {rise@0.000ns fall@2.500ns period=5.000ns})
  Path Group:             clk_pll_i
  Path Type:              Setup (Max at Slow Process Corner)
  Requirement:            5.000ns  (clk_pll_i rise@5.000ns - clk_pll_i rise@0.000ns)
  Data Path Delay:        4.296ns  (logic 0.846ns (19.691%)  route 3.450ns (80.309%))
  Logic Levels:           9  (CARRY4=4 LUT4=3 LUT5=1 LUT6=1)
  Clock Path Skew:        -0.138ns (DCD - SCD + CPR)
    Destination Clock Delay (DCD):    3.489ns = ( 8.489 - 5.000 ) 
    Source Clock Delay      (SCD):    3.881ns
    Clock Pessimism Removal (CPR):    0.253ns
  Clock Uncertainty:      0.052ns  ((TSJ^2 + DJ^2)^1/2) / 2 + PE
    Total System Jitter     (TSJ):    0.071ns
    Discrete Jitter          (DJ):    0.077ns
    Phase Error              (PE):    0.000ns

    Pin Reuse     Location             Delay type                Incr(ns)  Path(ns)    Netlist Resource(s)
  ---------------------------------------------------------------------------------    -------------------
                                       (clock clk_pll_i rise edge)
                                                                    0.000     0.000 r  
                  C8                                                0.000     0.000 r  sys_clk_p (IN)
                                       net (fo=0)                   0.000     0.000    U0_ps_ai_peripheral/mig_ddr3_u0/u_mig_7series_0_mig/u_ddr3_clk_ibuf/sys_clk_p
                  C8                                                                r  U0_ps_ai_peripheral/mig_ddr3_u0/u_mig_7series_0_mig/u_ddr3_clk_ibuf/diff_input_clk.u_ibufg_sys_clk/I
                  C8                   IBUFDS (Prop_ibufds_I_O)     0.855     0.855 r  U0_ps_ai_peripheral/mig_ddr3_u0/u_mig_7series_0_mig/u_ddr3_clk_ibuf/diff_input_clk.u_ibufg_sys_clk/O
                                       net (fo=3, routed)           1.098     1.953    U0_ps_ai_peripheral/mig_ddr3_u0/u_mig_7series_0_mig/u_ddr3_infrastructure/out
                  PLLE2_ADV_X1Y2                                                    r  U0_ps_ai_peripheral/mig_ddr3_u0/u_mig_7series_0_mig/u_ddr3_infrastructure/plle2_i/CLKIN1
                  PLLE2_ADV_X1Y2       PLLE2_ADV (Prop_plle2_adv_CLKIN1_CLKOUT3)
                                                                    0.077     2.030 r  U0_ps_ai_peripheral/mig_ddr3_u0/u_mig_7series_0_mig/u_ddr3_infrastructure/plle2_i/CLKOUT3
                                       net (fo=1, routed)           1.145     3.175    U0_ps_ai_peripheral/mig_ddr3_u0/u_mig_7series_0_mig/u_ddr3_infrastructure/pll_clk3_out
                  BUFHCE_X1Y24                                                      r  U0_ps_ai_peripheral/mig_ddr3_u0/u_mig_7series_0_mig/u_ddr3_infrastructure/u_bufh_pll_clk3/I
                  BUFHCE_X1Y24         BUFH (Prop_bufh_I_O)         0.103     3.278 r  U0_ps_ai_peripheral/mig_ddr3_u0/u_mig_7series_0_mig/u_ddr3_infrastructure/u_bufh_pll_clk3/O
                                       net (fo=1, routed)           0.779     4.057    U0_ps_ai_peripheral/mig_ddr3_u0/u_mig_7series_0_mig/u_ddr3_infrastructure/pll_clk3
                  MMCME2_ADV_X1Y2                                                   r  U0_ps_ai_peripheral/mig_ddr3_u0/u_mig_7series_0_mig/u_ddr3_infrastructure/gen_mmcm.mmcm_i/CLKIN1
                  MMCME2_ADV_X1Y2      MMCME2_ADV (Prop_mmcme2_adv_CLKIN1_CLKFBOUT)
                                                                   -2.933     1.124 r  U0_ps_ai_peripheral/mig_ddr3_u0/u_mig_7series_0_mig/u_ddr3_infrastructure/gen_mmcm.mmcm_i/CLKFBOUT
                                       net (fo=1, routed)           1.442     2.566    U0_ps_ai_peripheral/mig_ddr3_u0/u_mig_7series_0_mig/u_ddr3_infrastructure/clk_pll_i
                  BUFGCTRL_X0Y16                                                    r  U0_ps_ai_peripheral/mig_ddr3_u0/u_mig_7series_0_mig/u_ddr3_infrastructure/u_bufg_clkdiv0/I
                  BUFGCTRL_X0Y16       BUFG (Prop_bufg_I_O)         0.093     2.659 r  U0_ps_ai_peripheral/mig_ddr3_u0/u_mig_7series_0_mig/u_ddr3_infrastructure/u_bufg_clkdiv0/O
                                       net (fo=103920, routed)      1.222     3.881    U_adder_top/U_flicker/dma/ui_clk
                  SLICE_X57Y91         FDCE                                         r  U_adder_top/U_flicker/dma/write_count_reg[0]/C
  ---------------------------------------------------------------------------------    -------------------
    Placement     SLICE_X57Y91         FDCE (Prop_fdce_C_Q)         0.223     4.104 r  U_adder_top/U_flicker/dma/write_count_reg[0]/Q
                                       net (fo=6, routed)           0.579     4.683    U_adder_top/U_flicker/dma/writes[0]
    Placement     SLICE_X58Y94                                                      r  U_adder_top/U_flicker/dma/awvalid1_carry_i_8/I2
    Routing       SLICE_X58Y94         LUT4 (Prop_lut4_I2_O)        0.043     4.726 r  U_adder_top/U_flicker/dma/awvalid1_carry_i_8/O
                                       net (fo=1, routed)           0.000     4.726    U_adder_top/U_flicker/dma/awvalid1_carry_i_8_n_0
    Routing       SLICE_X58Y94                                                      r  U_adder_top/U_flicker/dma/awvalid1_carry/S[0]
    Placement     SLICE_X58Y94         CARRY4 (Prop_carry4_S[0]_CO[3])
                                                                    0.246     4.972 r  U_adder_top/U_flicker/dma/awvalid1_carry/CO[3]
                                       net (fo=1, routed)           0.000     4.972    U_adder_top/U_flicker/dma/awvalid1_carry_n_0
    Placement     SLICE_X58Y95                                                      r  U_adder_top/U_flicker/dma/awvalid1_carry__0/CI
    Placement     SLICE_X58Y95         CARRY4 (Prop_carry4_CI_CO[3])
                                                                    0.054     5.026 r  U_adder_top/U_flicker/dma/awvalid1_carry__0/CO[3]
                                       net (fo=1, routed)           0.000     5.026    U_adder_top/U_flicker/dma/awvalid1_carry__0_n_0
    Placement     SLICE_X58Y96                                                      r  U_adder_top/U_flicker/dma/awvalid1_carry__1/CI
    Placement     SLICE_X58Y96         CARRY4 (Prop_carry4_CI_CO[3])
                                                                    0.054     5.080 r  U_adder_top/U_flicker/dma/awvalid1_carry__1/CO[3]
                                       net (fo=1, routed)           0.000     5.080    U_adder_top/U_flicker/dma/awvalid1_carry__1_n_0
    Placement     SLICE_X58Y97                                                      r  U_adder_top/U_flicker/dma/awvalid1_carry__2/CI
    Placement     SLICE_X58Y97         CARRY4 (Prop_carry4_CI_CO[3])
                                                                    0.054     5.134 r  U_adder_top/U_flicker/dma/awvalid1_carry__2/CO[3]
                                       net (fo=1, routed)           0.511     5.645    U_adder_top/U_flicker/dma/awvalid1
    Placement     SLICE_X59Y102                                                     r  U_adder_top/U_flicker/dma/ZGolo_i_583/I3
    Placement     SLICE_X59Y102        LUT6 (Prop_lut6_I3_O)        0.043     5.688 r  U_adder_top/U_flicker/dma/ZGolo_i_583/O
                                       net (fo=4, routed)           0.388     6.076    U_adder_top/legacy/U_adder/U_avr_rs/u_avr_frs/fawv
    Placement     SLICE_X61Y109                                                     r  U_adder_top/legacy/U_adder/U_avr_rs/u_avr_frs/ZGolo_i_547/I0
    Placement     SLICE_X61Y109        LUT5 (Prop_lut5_I0_O)        0.043     6.119 r  U_adder_top/legacy/U_adder/U_avr_rs/u_avr_frs/ZGolo_i_547/O
                                       net (fo=8, routed)           0.762     6.881    U0_ps_ai_peripheral/ZGolo/UserCustomOp_0_awwvalid
    Placement     SLICE_X65Y133                                                     r  U0_ps_ai_peripheral/ZGolo/s_valid_i_2__7/I1
    Placement     SLICE_X65Y133        LUT4 (Prop_lut4_I1_O)        0.043     6.924 r  U0_ps_ai_peripheral/ZGolo/s_valid_i_2__7/O
                                       net (fo=2, routed)           0.242     7.166    U0_ps_ai_peripheral/ZGolo/u_AI_Mate_top/ddr_witcn_u0/m_ddr_itf_awwvalid
    Placement     SLICE_X64Y134                                                     r  U0_ps_ai_peripheral/ZGolo/s_data[616]_i_1/I0
    Placement     SLICE_X64Y134        LUT4 (Prop_lut4_I0_O)        0.043     7.209 r  U0_ps_ai_peripheral/ZGolo/s_data[616]_i_1/O
                                       net (fo=617, routed)         0.969     8.177    U0_ps_ai_peripheral/ZGolo/s_data[616]_i_1_n_0
    Placement     SLICE_X86Y136        FDCE                                         r  U0_ps_ai_peripheral/ZGolo/u_AI_Mate_top/ddr_witcn_u0/avr_rs_u0/u_avr_frs/s_data_reg[152]/CE
  ---------------------------------------------------------------------------------    -------------------

                                       (clock clk_pll_i rise edge)
                                                                    5.000     5.000 r  
                  C8                                                0.000     5.000 r  sys_clk_p (IN)
                                       net (fo=0)                   0.000     5.000    U0_ps_ai_peripheral/mig_ddr3_u0/u_mig_7series_0_mig/u_ddr3_clk_ibuf/sys_clk_p
                  C8                                                                r  U0_ps_ai_peripheral/mig_ddr3_u0/u_mig_7series_0_mig/u_ddr3_clk_ibuf/diff_input_clk.u_ibufg_sys_clk/I
                  C8                   IBUFDS (Prop_ibufds_I_O)     0.758     5.758 r  U0_ps_ai_peripheral/mig_ddr3_u0/u_mig_7series_0_mig/u_ddr3_clk_ibuf/diff_input_clk.u_ibufg_sys_clk/O
                                       net (fo=3, routed)           1.001     6.759    U0_ps_ai_peripheral/mig_ddr3_u0/u_mig_7series_0_mig/u_ddr3_infrastructure/out
                  PLLE2_ADV_X1Y2                                                    r  U0_ps_ai_peripheral/mig_ddr3_u0/u_mig_7series_0_mig/u_ddr3_infrastructure/plle2_i/CLKIN1
                  PLLE2_ADV_X1Y2       PLLE2_ADV (Prop_plle2_adv_CLKIN1_CLKOUT3)
                                                                    0.073     6.832 r  U0_ps_ai_peripheral/mig_ddr3_u0/u_mig_7series_0_mig/u_ddr3_infrastructure/plle2_i/CLKOUT3
                                       net (fo=1, routed)           1.033     7.865    U0_ps_ai_peripheral/mig_ddr3_u0/u_mig_7series_0_mig/u_ddr3_infrastructure/pll_clk3_out
                  BUFHCE_X1Y24                                                      r  U0_ps_ai_peripheral/mig_ddr3_u0/u_mig_7series_0_mig/u_ddr3_infrastructure/u_bufh_pll_clk3/I
                  BUFHCE_X1Y24         BUFH (Prop_bufh_I_O)         0.066     7.931 r  U0_ps_ai_peripheral/mig_ddr3_u0/u_mig_7series_0_mig/u_ddr3_infrastructure/u_bufh_pll_clk3/O
                                       net (fo=1, routed)           0.710     8.641    U0_ps_ai_peripheral/mig_ddr3_u0/u_mig_7series_0_mig/u_ddr3_infrastructure/pll_clk3
                  MMCME2_ADV_X1Y2                                                   r  U0_ps_ai_peripheral/mig_ddr3_u0/u_mig_7series_0_mig/u_ddr3_infrastructure/gen_mmcm.mmcm_i/CLKIN1
                  MMCME2_ADV_X1Y2      MMCME2_ADV (Prop_mmcme2_adv_CLKIN1_CLKFBOUT)
                                                                   -2.652     5.989 r  U0_ps_ai_peripheral/mig_ddr3_u0/u_mig_7series_0_mig/u_ddr3_infrastructure/gen_mmcm.mmcm_i/CLKFBOUT
                                       net (fo=1, routed)           1.333     7.322    U0_ps_ai_peripheral/mig_ddr3_u0/u_mig_7series_0_mig/u_ddr3_infrastructure/clk_pll_i
                  BUFGCTRL_X0Y16                                                    r  U0_ps_ai_peripheral/mig_ddr3_u0/u_mig_7series_0_mig/u_ddr3_infrastructure/u_bufg_clkdiv0/I
                  BUFGCTRL_X0Y16       BUFG (Prop_bufg_I_O)         0.083     7.405 r  U0_ps_ai_peripheral/mig_ddr3_u0/u_mig_7series_0_mig/u_ddr3_infrastructure/u_bufg_clkdiv0/O
                                       net (fo=103920, routed)      1.084     8.489    U0_ps_ai_peripheral/ZGolo/hp_clk
                  SLICE_X86Y136        FDCE                                         r  U0_ps_ai_peripheral/ZGolo/u_AI_Mate_top/ddr_witcn_u0/avr_rs_u0/u_avr_frs/s_data_reg[152]/C
                                       clock pessimism              0.253     8.743    
                                       clock uncertainty           -0.052     8.690    
                  SLICE_X86Y136        FDCE (Setup_fdce_C_CE)      -0.178     8.512    U0_ps_ai_peripheral/ZGolo/u_AI_Mate_top/ddr_witcn_u0/avr_rs_u0/u_avr_frs/s_data_reg[152]
  ---------------------------------------------------------------------------------
                                       required time                          8.512    
                                       arrival time                          -8.177    
  ---------------------------------------------------------------------------------
                                       slack                                  0.335    

Slack (MET) :             0.335ns  (required time - arrival time)
  Source:                 U_adder_top/U_flicker/dma/write_count_reg[0]/C
                            (rising edge-triggered cell FDCE clocked by clk_pll_i  {rise@0.000ns fall@2.500ns period=5.000ns})
  Destination:            U0_ps_ai_peripheral/ZGolo/u_AI_Mate_top/ddr_witcn_u0/avr_rs_u0/u_avr_frs/s_data_reg[154]/CE
                            (rising edge-triggered cell FDCE clocked by clk_pll_i  {rise@0.000ns fall@2.500ns period=5.000ns})
  Path Group:             clk_pll_i
  Path Type:              Setup (Max at Slow Process Corner)
  Requirement:            5.000ns  (clk_pll_i rise@5.000ns - clk_pll_i rise@0.000ns)
  Data Path Delay:        4.296ns  (logic 0.846ns (19.691%)  route 3.450ns (80.309%))
  Logic Levels:           9  (CARRY4=4 LUT4=3 LUT5=1 LUT6=1)
  Clock Path Skew:        -0.138ns (DCD - SCD + CPR)
    Destination Clock Delay (DCD):    3.489ns = ( 8.489 - 5.000 ) 
    Source Clock Delay      (SCD):    3.881ns
    Clock Pessimism Removal (CPR):    0.253ns
  Clock Uncertainty:      0.052ns  ((TSJ^2 + DJ^2)^1/2) / 2 + PE
    Total System Jitter     (TSJ):    0.071ns
    Discrete Jitter          (DJ):    0.077ns
    Phase Error              (PE):    0.000ns

    Pin Reuse     Location             Delay type                Incr(ns)  Path(ns)    Netlist Resource(s)
  ---------------------------------------------------------------------------------    -------------------
                                       (clock clk_pll_i rise edge)
                                                                    0.000     0.000 r  
                  C8                                                0.000     0.000 r  sys_clk_p (IN)
                                       net (fo=0)                   0.000     0.000    U0_ps_ai_peripheral/mig_ddr3_u0/u_mig_7series_0_mig/u_ddr3_clk_ibuf/sys_clk_p
                  C8                                                                r  U0_ps_ai_peripheral/mig_ddr3_u0/u_mig_7series_0_mig/u_ddr3_clk_ibuf/diff_input_clk.u_ibufg_sys_clk/I
                  C8                   IBUFDS (Prop_ibufds_I_O)     0.855     0.855 r  U0_ps_ai_peripheral/mig_ddr3_u0/u_mig_7series_0_mig/u_ddr3_clk_ibuf/diff_input_clk.u_ibufg_sys_clk/O
                                       net (fo=3, routed)           1.098     1.953    U0_ps_ai_peripheral/mig_ddr3_u0/u_mig_7series_0_mig/u_ddr3_infrastructure/out
                  PLLE2_ADV_X1Y2                                                    r  U0_ps_ai_peripheral/mig_ddr3_u0/u_mig_7series_0_mig/u_ddr3_infrastructure/plle2_i/CLKIN1
                  PLLE2_ADV_X1Y2       PLLE2_ADV (Prop_plle2_adv_CLKIN1_CLKOUT3)
                                                                    0.077     2.030 r  U0_ps_ai_peripheral/mig_ddr3_u0/u_mig_7series_0_mig/u_ddr3_infrastructure/plle2_i/CLKOUT3
                                       net (fo=1, routed)           1.145     3.175    U0_ps_ai_peripheral/mig_ddr3_u0/u_mig_7series_0_mig/u_ddr3_infrastructure/pll_clk3_out
                  BUFHCE_X1Y24                                                      r  U0_ps_ai_peripheral/mig_ddr3_u0/u_mig_7series_0_mig/u_ddr3_infrastructure/u_bufh_pll_clk3/I
                  BUFHCE_X1Y24         BUFH (Prop_bufh_I_O)         0.103     3.278 r  U0_ps_ai_peripheral/mig_ddr3_u0/u_mig_7series_0_mig/u_ddr3_infrastructure/u_bufh_pll_clk3/O
                                       net (fo=1, routed)           0.779     4.057    U0_ps_ai_peripheral/mig_ddr3_u0/u_mig_7series_0_mig/u_ddr3_infrastructure/pll_clk3
                  MMCME2_ADV_X1Y2                                                   r  U0_ps_ai_peripheral/mig_ddr3_u0/u_mig_7series_0_mig/u_ddr3_infrastructure/gen_mmcm.mmcm_i/CLKIN1
                  MMCME2_ADV_X1Y2      MMCME2_ADV (Prop_mmcme2_adv_CLKIN1_CLKFBOUT)
                                                                   -2.933     1.124 r  U0_ps_ai_peripheral/mig_ddr3_u0/u_mig_7series_0_mig/u_ddr3_infrastructure/gen_mmcm.mmcm_i/CLKFBOUT
                                       net (fo=1, routed)           1.442     2.566    U0_ps_ai_peripheral/mig_ddr3_u0/u_mig_7series_0_mig/u_ddr3_infrastructure/clk_pll_i
                  BUFGCTRL_X0Y16                                                    r  U0_ps_ai_peripheral/mig_ddr3_u0/u_mig_7series_0_mig/u_ddr3_infrastructure/u_bufg_clkdiv0/I
                  BUFGCTRL_X0Y16       BUFG (Prop_bufg_I_O)         0.093     2.659 r  U0_ps_ai_peripheral/mig_ddr3_u0/u_mig_7series_0_mig/u_ddr3_infrastructure/u_bufg_clkdiv0/O
                                       net (fo=103920, routed)      1.222     3.881    U_adder_top/U_flicker/dma/ui_clk
                  SLICE_X57Y91         FDCE                                         r  U_adder_top/U_flicker/dma/write_count_reg[0]/C
  ---------------------------------------------------------------------------------    -------------------
    Placement     SLICE_X57Y91         FDCE (Prop_fdce_C_Q)         0.223     4.104 r  U_adder_top/U_flicker/dma/write_count_reg[0]/Q
                                       net (fo=6, routed)           0.579     4.683    U_adder_top/U_flicker/dma/writes[0]
    Placement     SLICE_X58Y94                                                      r  U_adder_top/U_flicker/dma/awvalid1_carry_i_8/I2
    Routing       SLICE_X58Y94         LUT4 (Prop_lut4_I2_O)        0.043     4.726 r  U_adder_top/U_flicker/dma/awvalid1_carry_i_8/O
                                       net (fo=1, routed)           0.000     4.726    U_adder_top/U_flicker/dma/awvalid1_carry_i_8_n_0
    Routing       SLICE_X58Y94                                                      r  U_adder_top/U_flicker/dma/awvalid1_carry/S[0]
    Placement     SLICE_X58Y94         CARRY4 (Prop_carry4_S[0]_CO[3])
                                                                    0.246     4.972 r  U_adder_top/U_flicker/dma/awvalid1_carry/CO[3]
                                       net (fo=1, routed)           0.000     4.972    U_adder_top/U_flicker/dma/awvalid1_carry_n_0
    Placement     SLICE_X58Y95                                                      r  U_adder_top/U_flicker/dma/awvalid1_carry__0/CI
    Placement     SLICE_X58Y95         CARRY4 (Prop_carry4_CI_CO[3])
                                                                    0.054     5.026 r  U_adder_top/U_flicker/dma/awvalid1_carry__0/CO[3]
                                       net (fo=1, routed)           0.000     5.026    U_adder_top/U_flicker/dma/awvalid1_carry__0_n_0
    Placement     SLICE_X58Y96                                                      r  U_adder_top/U_flicker/dma/awvalid1_carry__1/CI
    Placement     SLICE_X58Y96         CARRY4 (Prop_carry4_CI_CO[3])
                                                                    0.054     5.080 r  U_adder_top/U_flicker/dma/awvalid1_carry__1/CO[3]
                                       net (fo=1, routed)           0.000     5.080    U_adder_top/U_flicker/dma/awvalid1_carry__1_n_0
    Placement     SLICE_X58Y97                                                      r  U_adder_top/U_flicker/dma/awvalid1_carry__2/CI
    Placement     SLICE_X58Y97         CARRY4 (Prop_carry4_CI_CO[3])
                                                                    0.054     5.134 r  U_adder_top/U_flicker/dma/awvalid1_carry__2/CO[3]
                                       net (fo=1, routed)           0.511     5.645    U_adder_top/U_flicker/dma/awvalid1
    Placement     SLICE_X59Y102                                                     r  U_adder_top/U_flicker/dma/ZGolo_i_583/I3
    Placement     SLICE_X59Y102        LUT6 (Prop_lut6_I3_O)        0.043     5.688 r  U_adder_top/U_flicker/dma/ZGolo_i_583/O
                                       net (fo=4, routed)           0.388     6.076    U_adder_top/legacy/U_adder/U_avr_rs/u_avr_frs/fawv
    Placement     SLICE_X61Y109                                                     r  U_adder_top/legacy/U_adder/U_avr_rs/u_avr_frs/ZGolo_i_547/I0
    Placement     SLICE_X61Y109        LUT5 (Prop_lut5_I0_O)        0.043     6.119 r  U_adder_top/legacy/U_adder/U_avr_rs/u_avr_frs/ZGolo_i_547/O
                                       net (fo=8, routed)           0.762     6.881    U0_ps_ai_peripheral/ZGolo/UserCustomOp_0_awwvalid
    Placement     SLICE_X65Y133                                                     r  U0_ps_ai_peripheral/ZGolo/s_valid_i_2__7/I1
    Placement     SLICE_X65Y133        LUT4 (Prop_lut4_I1_O)        0.043     6.924 r  U0_ps_ai_peripheral/ZGolo/s_valid_i_2__7/O
                                       net (fo=2, routed)           0.242     7.166    U0_ps_ai_peripheral/ZGolo/u_AI_Mate_top/ddr_witcn_u0/m_ddr_itf_awwvalid
    Placement     SLICE_X64Y134                                                     r  U0_ps_ai_peripheral/ZGolo/s_data[616]_i_1/I0
    Placement     SLICE_X64Y134        LUT4 (Prop_lut4_I0_O)        0.043     7.209 r  U0_ps_ai_peripheral/ZGolo/s_data[616]_i_1/O
                                       net (fo=617, routed)         0.969     8.177    U0_ps_ai_peripheral/ZGolo/s_data[616]_i_1_n_0
    Placement     SLICE_X86Y136        FDCE                                         r  U0_ps_ai_peripheral/ZGolo/u_AI_Mate_top/ddr_witcn_u0/avr_rs_u0/u_avr_frs/s_data_reg[154]/CE
  ---------------------------------------------------------------------------------    -------------------

                                       (clock clk_pll_i rise edge)
                                                                    5.000     5.000 r  
                  C8                                                0.000     5.000 r  sys_clk_p (IN)
                                       net (fo=0)                   0.000     5.000    U0_ps_ai_peripheral/mig_ddr3_u0/u_mig_7series_0_mig/u_ddr3_clk_ibuf/sys_clk_p
                  C8                                                                r  U0_ps_ai_peripheral/mig_ddr3_u0/u_mig_7series_0_mig/u_ddr3_clk_ibuf/diff_input_clk.u_ibufg_sys_clk/I
                  C8                   IBUFDS (Prop_ibufds_I_O)     0.758     5.758 r  U0_ps_ai_peripheral/mig_ddr3_u0/u_mig_7series_0_mig/u_ddr3_clk_ibuf/diff_input_clk.u_ibufg_sys_clk/O
                                       net (fo=3, routed)           1.001     6.759    U0_ps_ai_peripheral/mig_ddr3_u0/u_mig_7series_0_mig/u_ddr3_infrastructure/out
                  PLLE2_ADV_X1Y2                                                    r  U0_ps_ai_peripheral/mig_ddr3_u0/u_mig_7series_0_mig/u_ddr3_infrastructure/plle2_i/CLKIN1
                  PLLE2_ADV_X1Y2       PLLE2_ADV (Prop_plle2_adv_CLKIN1_CLKOUT3)
                                                                    0.073     6.832 r  U0_ps_ai_peripheral/mig_ddr3_u0/u_mig_7series_0_mig/u_ddr3_infrastructure/plle2_i/CLKOUT3
                                       net (fo=1, routed)           1.033     7.865    U0_ps_ai_peripheral/mig_ddr3_u0/u_mig_7series_0_mig/u_ddr3_infrastructure/pll_clk3_out
                  BUFHCE_X1Y24                                                      r  U0_ps_ai_peripheral/mig_ddr3_u0/u_mig_7series_0_mig/u_ddr3_infrastructure/u_bufh_pll_clk3/I
                  BUFHCE_X1Y24         BUFH (Prop_bufh_I_O)         0.066     7.931 r  U0_ps_ai_peripheral/mig_ddr3_u0/u_mig_7series_0_mig/u_ddr3_infrastructure/u_bufh_pll_clk3/O
                                       net (fo=1, routed)           0.710     8.641    U0_ps_ai_peripheral/mig_ddr3_u0/u_mig_7series_0_mig/u_ddr3_infrastructure/pll_clk3
                  MMCME2_ADV_X1Y2                                                   r  U0_ps_ai_peripheral/mig_ddr3_u0/u_mig_7series_0_mig/u_ddr3_infrastructure/gen_mmcm.mmcm_i/CLKIN1
                  MMCME2_ADV_X1Y2      MMCME2_ADV (Prop_mmcme2_adv_CLKIN1_CLKFBOUT)
                                                                   -2.652     5.989 r  U0_ps_ai_peripheral/mig_ddr3_u0/u_mig_7series_0_mig/u_ddr3_infrastructure/gen_mmcm.mmcm_i/CLKFBOUT
                                       net (fo=1, routed)           1.333     7.322    U0_ps_ai_peripheral/mig_ddr3_u0/u_mig_7series_0_mig/u_ddr3_infrastructure/clk_pll_i
                  BUFGCTRL_X0Y16                                                    r  U0_ps_ai_peripheral/mig_ddr3_u0/u_mig_7series_0_mig/u_ddr3_infrastructure/u_bufg_clkdiv0/I
                  BUFGCTRL_X0Y16       BUFG (Prop_bufg_I_O)         0.083     7.405 r  U0_ps_ai_peripheral/mig_ddr3_u0/u_mig_7series_0_mig/u_ddr3_infrastructure/u_bufg_clkdiv0/O
                                       net (fo=103920, routed)      1.084     8.489    U0_ps_ai_peripheral/ZGolo/hp_clk
                  SLICE_X86Y136        FDCE                                         r  U0_ps_ai_peripheral/ZGolo/u_AI_Mate_top/ddr_witcn_u0/avr_rs_u0/u_avr_frs/s_data_reg[154]/C
                                       clock pessimism              0.253     8.743    
                                       clock uncertainty           -0.052     8.690    
                  SLICE_X86Y136        FDCE (Setup_fdce_C_CE)      -0.178     8.512    U0_ps_ai_peripheral/ZGolo/u_AI_Mate_top/ddr_witcn_u0/avr_rs_u0/u_avr_frs/s_data_reg[154]
  ---------------------------------------------------------------------------------
                                       required time                          8.512    
                                       arrival time                          -8.177    
  ---------------------------------------------------------------------------------
                                       slack                                  0.335    

Slack (MET) :             0.362ns  (required time - arrival time)
  Source:                 U_adder_top/U_flicker/dma/write_count_reg[0]/C
                            (rising edge-triggered cell FDCE clocked by clk_pll_i  {rise@0.000ns fall@2.500ns period=5.000ns})
  Destination:            U0_ps_ai_peripheral/ZGolo/u_AI_Mate_top/ddr_witcn_u0/mna_idfifo_w5_u0/U0/inst_fifo_gen/gconvfifo.rf/grf.rf/gntv_or_sync_fifo.mem/gdm.dm_gen.dm/RAM_reg_384_447_0_2/RAMA/WE
                            (rising edge-triggered cell RAMD64E clocked by clk_pll_i  {rise@0.000ns fall@2.500ns period=5.000ns})
  Path Group:             clk_pll_i
  Path Type:              Setup (Max at Slow Process Corner)
  Requirement:            5.000ns  (clk_pll_i rise@5.000ns - clk_pll_i rise@0.000ns)
  Data Path Delay:        4.132ns  (logic 0.846ns (20.475%)  route 3.286ns (79.525%))
  Logic Levels:           9  (CARRY4=4 LUT4=1 LUT5=1 LUT6=3)
  Clock Path Skew:        -0.151ns (DCD - SCD + CPR)
    Destination Clock Delay (DCD):    3.476ns = ( 8.476 - 5.000 ) 
    Source Clock Delay      (SCD):    3.881ns
    Clock Pessimism Removal (CPR):    0.253ns
  Clock Uncertainty:      0.052ns  ((TSJ^2 + DJ^2)^1/2) / 2 + PE
    Total System Jitter     (TSJ):    0.071ns
    Discrete Jitter          (DJ):    0.077ns
    Phase Error              (PE):    0.000ns

    Pin Reuse     Location             Delay type                Incr(ns)  Path(ns)    Netlist Resource(s)
  ---------------------------------------------------------------------------------    -------------------
                                       (clock clk_pll_i rise edge)
                                                                    0.000     0.000 r  
                  C8                                                0.000     0.000 r  sys_clk_p (IN)
                                       net (fo=0)                   0.000     0.000    U0_ps_ai_peripheral/mig_ddr3_u0/u_mig_7series_0_mig/u_ddr3_clk_ibuf/sys_clk_p
                  C8                                                                r  U0_ps_ai_peripheral/mig_ddr3_u0/u_mig_7series_0_mig/u_ddr3_clk_ibuf/diff_input_clk.u_ibufg_sys_clk/I
                  C8                   IBUFDS (Prop_ibufds_I_O)     0.855     0.855 r  U0_ps_ai_peripheral/mig_ddr3_u0/u_mig_7series_0_mig/u_ddr3_clk_ibuf/diff_input_clk.u_ibufg_sys_clk/O
                                       net (fo=3, routed)           1.098     1.953    U0_ps_ai_peripheral/mig_ddr3_u0/u_mig_7series_0_mig/u_ddr3_infrastructure/out
                  PLLE2_ADV_X1Y2                                                    r  U0_ps_ai_peripheral/mig_ddr3_u0/u_mig_7series_0_mig/u_ddr3_infrastructure/plle2_i/CLKIN1
                  PLLE2_ADV_X1Y2       PLLE2_ADV (Prop_plle2_adv_CLKIN1_CLKOUT3)
                                                                    0.077     2.030 r  U0_ps_ai_peripheral/mig_ddr3_u0/u_mig_7series_0_mig/u_ddr3_infrastructure/plle2_i/CLKOUT3
                                       net (fo=1, routed)           1.145     3.175    U0_ps_ai_peripheral/mig_ddr3_u0/u_mig_7series_0_mig/u_ddr3_infrastructure/pll_clk3_out
                  BUFHCE_X1Y24                                                      r  U0_ps_ai_peripheral/mig_ddr3_u0/u_mig_7series_0_mig/u_ddr3_infrastructure/u_bufh_pll_clk3/I
                  BUFHCE_X1Y24         BUFH (Prop_bufh_I_O)         0.103     3.278 r  U0_ps_ai_peripheral/mig_ddr3_u0/u_mig_7series_0_mig/u_ddr3_infrastructure/u_bufh_pll_clk3/O
                                       net (fo=1, routed)           0.779     4.057    U0_ps_ai_peripheral/mig_ddr3_u0/u_mig_7series_0_mig/u_ddr3_infrastructure/pll_clk3
                  MMCME2_ADV_X1Y2                                                   r  U0_ps_ai_peripheral/mig_ddr3_u0/u_mig_7series_0_mig/u_ddr3_infrastructure/gen_mmcm.mmcm_i/CLKIN1
                  MMCME2_ADV_X1Y2      MMCME2_ADV (Prop_mmcme2_adv_CLKIN1_CLKFBOUT)
                                                                   -2.933     1.124 r  U0_ps_ai_peripheral/mig_ddr3_u0/u_mig_7series_0_mig/u_ddr3_infrastructure/gen_mmcm.mmcm_i/CLKFBOUT
                                       net (fo=1, routed)           1.442     2.566    U0_ps_ai_peripheral/mig_ddr3_u0/u_mig_7series_0_mig/u_ddr3_infrastructure/clk_pll_i
                  BUFGCTRL_X0Y16                                                    r  U0_ps_ai_peripheral/mig_ddr3_u0/u_mig_7series_0_mig/u_ddr3_infrastructure/u_bufg_clkdiv0/I
                  BUFGCTRL_X0Y16       BUFG (Prop_bufg_I_O)         0.093     2.659 r  U0_ps_ai_peripheral/mig_ddr3_u0/u_mig_7series_0_mig/u_ddr3_infrastructure/u_bufg_clkdiv0/O
                                       net (fo=103920, routed)      1.222     3.881    U_adder_top/U_flicker/dma/ui_clk
                  SLICE_X57Y91         FDCE                                         r  U_adder_top/U_flicker/dma/write_count_reg[0]/C
  ---------------------------------------------------------------------------------    -------------------
    Placement     SLICE_X57Y91         FDCE (Prop_fdce_C_Q)         0.223     4.104 r  U_adder_top/U_flicker/dma/write_count_reg[0]/Q
                                       net (fo=6, routed)           0.579     4.683    U_adder_top/U_flicker/dma/writes[0]
    Placement     SLICE_X58Y94                                                      r  U_adder_top/U_flicker/dma/awvalid1_carry_i_8/I2
    Routing       SLICE_X58Y94         LUT4 (Prop_lut4_I2_O)        0.043     4.726 r  U_adder_top/U_flicker/dma/awvalid1_carry_i_8/O
                                       net (fo=1, routed)           0.000     4.726    U_adder_top/U_flicker/dma/awvalid1_carry_i_8_n_0
    Routing       SLICE_X58Y94                                                      r  U_adder_top/U_flicker/dma/awvalid1_carry/S[0]
    Placement     SLICE_X58Y94         CARRY4 (Prop_carry4_S[0]_CO[3])
                                                                    0.246     4.972 r  U_adder_top/U_flicker/dma/awvalid1_carry/CO[3]
                                       net (fo=1, routed)           0.000     4.972    U_adder_top/U_flicker/dma/awvalid1_carry_n_0
    Placement     SLICE_X58Y95                                                      r  U_adder_top/U_flicker/dma/awvalid1_carry__0/CI
    Placement     SLICE_X58Y95         CARRY4 (Prop_carry4_CI_CO[3])
                                                                    0.054     5.026 r  U_adder_top/U_flicker/dma/awvalid1_carry__0/CO[3]
                                       net (fo=1, routed)           0.000     5.026    U_adder_top/U_flicker/dma/awvalid1_carry__0_n_0
    Placement     SLICE_X58Y96                                                      r  U_adder_top/U_flicker/dma/awvalid1_carry__1/CI
    Placement     SLICE_X58Y96         CARRY4 (Prop_carry4_CI_CO[3])
                                                                    0.054     5.080 r  U_adder_top/U_flicker/dma/awvalid1_carry__1/CO[3]
                                       net (fo=1, routed)           0.000     5.080    U_adder_top/U_flicker/dma/awvalid1_carry__1_n_0
    Placement     SLICE_X58Y97                                                      r  U_adder_top/U_flicker/dma/awvalid1_carry__2/CI
    Placement     SLICE_X58Y97         CARRY4 (Prop_carry4_CI_CO[3])
                                                                    0.054     5.134 r  U_adder_top/U_flicker/dma/awvalid1_carry__2/CO[3]
                                       net (fo=1, routed)           0.511     5.645    U_adder_top/U_flicker/dma/awvalid1
    Placement     SLICE_X59Y102                                                     r  U_adder_top/U_flicker/dma/ZGolo_i_583/I3
    Placement     SLICE_X59Y102        LUT6 (Prop_lut6_I3_O)        0.043     5.688 r  U_adder_top/U_flicker/dma/ZGolo_i_583/O
                                       net (fo=4, routed)           0.388     6.076    U_adder_top/legacy/U_adder/U_avr_rs/u_avr_frs/fawv
    Placement     SLICE_X61Y109                                                     r  U_adder_top/legacy/U_adder/U_avr_rs/u_avr_frs/ZGolo_i_547/I0
    Placement     SLICE_X61Y109        LUT5 (Prop_lut5_I0_O)        0.043     6.119 r  U_adder_top/legacy/U_adder/U_avr_rs/u_avr_frs/ZGolo_i_547/O
                                       net (fo=8, routed)           0.606     6.725    U0_ps_ai_peripheral/ZGolo/UserCustomOp_0_awwvalid
    Placement     SLICE_X61Y120                                                     r  U0_ps_ai_peripheral/ZGolo/mna_idfifo_w5_u0_i_4/I1
    Placement     SLICE_X61Y120        LUT6 (Prop_lut6_I1_O)        0.043     6.768 r  U0_ps_ai_peripheral/ZGolo/mna_idfifo_w5_u0_i_4/O
                                       net (fo=20, routed)          0.792     7.561    U0_ps_ai_peripheral/ZGolo/u_AI_Mate_top/ddr_witcn_u0/mna_idfifo_w5_u0/U0/inst_fifo_gen/gconvfifo.rf/grf.rf/gntv_or_sync_fifo.gl0.wr/wpntr/wr_en
    Placement     SLICE_X52Y136                                                     r  U0_ps_ai_peripheral/ZGolo/u_AI_Mate_top/ddr_witcn_u0/mna_idfifo_w5_u0/U0/inst_fifo_gen/gconvfifo.rf/grf.rf/gntv_or_sync_fifo.gl0.wr/wpntr/RAM_reg_384_447_0_2_i_1/I5
    Placement     SLICE_X52Y136        LUT6 (Prop_lut6_I5_O)        0.043     7.604 r  U0_ps_ai_peripheral/ZGolo/u_AI_Mate_top/ddr_witcn_u0/mna_idfifo_w5_u0/U0/inst_fifo_gen/gconvfifo.rf/grf.rf/gntv_or_sync_fifo.gl0.wr/wpntr/RAM_reg_384_447_0_2_i_1/O
                                       net (fo=8, routed)           0.409     8.013    U0_ps_ai_peripheral/ZGolo/u_AI_Mate_top/ddr_witcn_u0/mna_idfifo_w5_u0/U0/inst_fifo_gen/gconvfifo.rf/grf.rf/gntv_or_sync_fifo.mem/gdm.dm_gen.dm/RAM_reg_384_447_0_2/WE
    Placement     SLICE_X46Y133        RAMD64E                                      r  U0_ps_ai_peripheral/ZGolo/u_AI_Mate_top/ddr_witcn_u0/mna_idfifo_w5_u0/U0/inst_fifo_gen/gconvfifo.rf/grf.rf/gntv_or_sync_fifo.mem/gdm.dm_gen.dm/RAM_reg_384_447_0_2/RAMA/WE
  ---------------------------------------------------------------------------------    -------------------

                                       (clock clk_pll_i rise edge)
                                                                    5.000     5.000 r  
                  C8                                                0.000     5.000 r  sys_clk_p (IN)
                                       net (fo=0)                   0.000     5.000    U0_ps_ai_peripheral/mig_ddr3_u0/u_mig_7series_0_mig/u_ddr3_clk_ibuf/sys_clk_p
                  C8                                                                r  U0_ps_ai_peripheral/mig_ddr3_u0/u_mig_7series_0_mig/u_ddr3_clk_ibuf/diff_input_clk.u_ibufg_sys_clk/I
                  C8                   IBUFDS (Prop_ibufds_I_O)     0.758     5.758 r  U0_ps_ai_peripheral/mig_ddr3_u0/u_mig_7series_0_mig/u_ddr3_clk_ibuf/diff_input_clk.u_ibufg_sys_clk/O
                                       net (fo=3, routed)           1.001     6.759    U0_ps_ai_peripheral/mig_ddr3_u0/u_mig_7series_0_mig/u_ddr3_infrastructure/out
                  PLLE2_ADV_X1Y2                                                    r  U0_ps_ai_peripheral/mig_ddr3_u0/u_mig_7series_0_mig/u_ddr3_infrastructure/plle2_i/CLKIN1
                  PLLE2_ADV_X1Y2       PLLE2_ADV (Prop_plle2_adv_CLKIN1_CLKOUT3)
                                                                    0.073     6.832 r  U0_ps_ai_peripheral/mig_ddr3_u0/u_mig_7series_0_mig/u_ddr3_infrastructure/plle2_i/CLKOUT3
                                       net (fo=1, routed)           1.033     7.865    U0_ps_ai_peripheral/mig_ddr3_u0/u_mig_7series_0_mig/u_ddr3_infrastructure/pll_clk3_out
                  BUFHCE_X1Y24                                                      r  U0_ps_ai_peripheral/mig_ddr3_u0/u_mig_7series_0_mig/u_ddr3_infrastructure/u_bufh_pll_clk3/I
                  BUFHCE_X1Y24         BUFH (Prop_bufh_I_O)         0.066     7.931 r  U0_ps_ai_peripheral/mig_ddr3_u0/u_mig_7series_0_mig/u_ddr3_infrastructure/u_bufh_pll_clk3/O
                                       net (fo=1, routed)           0.710     8.641    U0_ps_ai_peripheral/mig_ddr3_u0/u_mig_7series_0_mig/u_ddr3_infrastructure/pll_clk3
                  MMCME2_ADV_X1Y2                                                   r  U0_ps_ai_peripheral/mig_ddr3_u0/u_mig_7series_0_mig/u_ddr3_infrastructure/gen_mmcm.mmcm_i/CLKIN1
                  MMCME2_ADV_X1Y2      MMCME2_ADV (Prop_mmcme2_adv_CLKIN1_CLKFBOUT)
                                                                   -2.652     5.989 r  U0_ps_ai_peripheral/mig_ddr3_u0/u_mig_7series_0_mig/u_ddr3_infrastructure/gen_mmcm.mmcm_i/CLKFBOUT
                                       net (fo=1, routed)           1.333     7.322    U0_ps_ai_peripheral/mig_ddr3_u0/u_mig_7series_0_mig/u_ddr3_infrastructure/clk_pll_i
                  BUFGCTRL_X0Y16                                                    r  U0_ps_ai_peripheral/mig_ddr3_u0/u_mig_7series_0_mig/u_ddr3_infrastructure/u_bufg_clkdiv0/I
                  BUFGCTRL_X0Y16       BUFG (Prop_bufg_I_O)         0.083     7.405 r  U0_ps_ai_peripheral/mig_ddr3_u0/u_mig_7series_0_mig/u_ddr3_infrastructure/u_bufg_clkdiv0/O
                                       net (fo=103920, routed)      1.071     8.476    U0_ps_ai_peripheral/ZGolo/u_AI_Mate_top/ddr_witcn_u0/mna_idfifo_w5_u0/U0/inst_fifo_gen/gconvfifo.rf/grf.rf/gntv_or_sync_fifo.mem/gdm.dm_gen.dm/RAM_reg_384_447_0_2/WCLK
                  SLICE_X46Y133        RAMD64E                                      r  U0_ps_ai_peripheral/ZGolo/u_AI_Mate_top/ddr_witcn_u0/mna_idfifo_w5_u0/U0/inst_fifo_gen/gconvfifo.rf/grf.rf/gntv_or_sync_fifo.mem/gdm.dm_gen.dm/RAM_reg_384_447_0_2/RAMA/CLK
                                       clock pessimism              0.253     8.730    
                                       clock uncertainty           -0.052     8.677    
                  SLICE_X46Y133        RAMD64E (Setup_ramd64e_CLK_WE)
                                                                   -0.303     8.374    U0_ps_ai_peripheral/ZGolo/u_AI_Mate_top/ddr_witcn_u0/mna_idfifo_w5_u0/U0/inst_fifo_gen/gconvfifo.rf/grf.rf/gntv_or_sync_fifo.mem/gdm.dm_gen.dm/RAM_reg_384_447_0_2/RAMA
  ---------------------------------------------------------------------------------
                                       required time                          8.374    
                                       arrival time                          -8.013    
  ---------------------------------------------------------------------------------
                                       slack                                  0.362    

Slack (MET) :             0.362ns  (required time - arrival time)
  Source:                 U_adder_top/U_flicker/dma/write_count_reg[0]/C
                            (rising edge-triggered cell FDCE clocked by clk_pll_i  {rise@0.000ns fall@2.500ns period=5.000ns})
  Destination:            U0_ps_ai_peripheral/ZGolo/u_AI_Mate_top/ddr_witcn_u0/mna_idfifo_w5_u0/U0/inst_fifo_gen/gconvfifo.rf/grf.rf/gntv_or_sync_fifo.mem/gdm.dm_gen.dm/RAM_reg_384_447_0_2/RAMB/WE
                            (rising edge-triggered cell RAMD64E clocked by clk_pll_i  {rise@0.000ns fall@2.500ns period=5.000ns})
  Path Group:             clk_pll_i
  Path Type:              Setup (Max at Slow Process Corner)
  Requirement:            5.000ns  (clk_pll_i rise@5.000ns - clk_pll_i rise@0.000ns)
  Data Path Delay:        4.132ns  (logic 0.846ns (20.475%)  route 3.286ns (79.525%))
  Logic Levels:           9  (CARRY4=4 LUT4=1 LUT5=1 LUT6=3)
  Clock Path Skew:        -0.151ns (DCD - SCD + CPR)
    Destination Clock Delay (DCD):    3.476ns = ( 8.476 - 5.000 ) 
    Source Clock Delay      (SCD):    3.881ns
    Clock Pessimism Removal (CPR):    0.253ns
  Clock Uncertainty:      0.052ns  ((TSJ^2 + DJ^2)^1/2) / 2 + PE
    Total System Jitter     (TSJ):    0.071ns
    Discrete Jitter          (DJ):    0.077ns
    Phase Error              (PE):    0.000ns

    Pin Reuse     Location             Delay type                Incr(ns)  Path(ns)    Netlist Resource(s)
  ---------------------------------------------------------------------------------    -------------------
                                       (clock clk_pll_i rise edge)
                                                                    0.000     0.000 r  
                  C8                                                0.000     0.000 r  sys_clk_p (IN)
                                       net (fo=0)                   0.000     0.000    U0_ps_ai_peripheral/mig_ddr3_u0/u_mig_7series_0_mig/u_ddr3_clk_ibuf/sys_clk_p
                  C8                                                                r  U0_ps_ai_peripheral/mig_ddr3_u0/u_mig_7series_0_mig/u_ddr3_clk_ibuf/diff_input_clk.u_ibufg_sys_clk/I
                  C8                   IBUFDS (Prop_ibufds_I_O)     0.855     0.855 r  U0_ps_ai_peripheral/mig_ddr3_u0/u_mig_7series_0_mig/u_ddr3_clk_ibuf/diff_input_clk.u_ibufg_sys_clk/O
                                       net (fo=3, routed)           1.098     1.953    U0_ps_ai_peripheral/mig_ddr3_u0/u_mig_7series_0_mig/u_ddr3_infrastructure/out
                  PLLE2_ADV_X1Y2                                                    r  U0_ps_ai_peripheral/mig_ddr3_u0/u_mig_7series_0_mig/u_ddr3_infrastructure/plle2_i/CLKIN1
                  PLLE2_ADV_X1Y2       PLLE2_ADV (Prop_plle2_adv_CLKIN1_CLKOUT3)
                                                                    0.077     2.030 r  U0_ps_ai_peripheral/mig_ddr3_u0/u_mig_7series_0_mig/u_ddr3_infrastructure/plle2_i/CLKOUT3
                                       net (fo=1, routed)           1.145     3.175    U0_ps_ai_peripheral/mig_ddr3_u0/u_mig_7series_0_mig/u_ddr3_infrastructure/pll_clk3_out
                  BUFHCE_X1Y24                                                      r  U0_ps_ai_peripheral/mig_ddr3_u0/u_mig_7series_0_mig/u_ddr3_infrastructure/u_bufh_pll_clk3/I
                  BUFHCE_X1Y24         BUFH (Prop_bufh_I_O)         0.103     3.278 r  U0_ps_ai_peripheral/mig_ddr3_u0/u_mig_7series_0_mig/u_ddr3_infrastructure/u_bufh_pll_clk3/O
                                       net (fo=1, routed)           0.779     4.057    U0_ps_ai_peripheral/mig_ddr3_u0/u_mig_7series_0_mig/u_ddr3_infrastructure/pll_clk3
                  MMCME2_ADV_X1Y2                                                   r  U0_ps_ai_peripheral/mig_ddr3_u0/u_mig_7series_0_mig/u_ddr3_infrastructure/gen_mmcm.mmcm_i/CLKIN1
                  MMCME2_ADV_X1Y2      MMCME2_ADV (Prop_mmcme2_adv_CLKIN1_CLKFBOUT)
                                                                   -2.933     1.124 r  U0_ps_ai_peripheral/mig_ddr3_u0/u_mig_7series_0_mig/u_ddr3_infrastructure/gen_mmcm.mmcm_i/CLKFBOUT
                                       net (fo=1, routed)           1.442     2.566    U0_ps_ai_peripheral/mig_ddr3_u0/u_mig_7series_0_mig/u_ddr3_infrastructure/clk_pll_i
                  BUFGCTRL_X0Y16                                                    r  U0_ps_ai_peripheral/mig_ddr3_u0/u_mig_7series_0_mig/u_ddr3_infrastructure/u_bufg_clkdiv0/I
                  BUFGCTRL_X0Y16       BUFG (Prop_bufg_I_O)         0.093     2.659 r  U0_ps_ai_peripheral/mig_ddr3_u0/u_mig_7series_0_mig/u_ddr3_infrastructure/u_bufg_clkdiv0/O
                                       net (fo=103920, routed)      1.222     3.881    U_adder_top/U_flicker/dma/ui_clk
                  SLICE_X57Y91         FDCE                                         r  U_adder_top/U_flicker/dma/write_count_reg[0]/C
  ---------------------------------------------------------------------------------    -------------------
    Placement     SLICE_X57Y91         FDCE (Prop_fdce_C_Q)         0.223     4.104 r  U_adder_top/U_flicker/dma/write_count_reg[0]/Q
                                       net (fo=6, routed)           0.579     4.683    U_adder_top/U_flicker/dma/writes[0]
    Placement     SLICE_X58Y94                                                      r  U_adder_top/U_flicker/dma/awvalid1_carry_i_8/I2
    Routing       SLICE_X58Y94         LUT4 (Prop_lut4_I2_O)        0.043     4.726 r  U_adder_top/U_flicker/dma/awvalid1_carry_i_8/O
                                       net (fo=1, routed)           0.000     4.726    U_adder_top/U_flicker/dma/awvalid1_carry_i_8_n_0
    Routing       SLICE_X58Y94                                                      r  U_adder_top/U_flicker/dma/awvalid1_carry/S[0]
    Placement     SLICE_X58Y94         CARRY4 (Prop_carry4_S[0]_CO[3])
                                                                    0.246     4.972 r  U_adder_top/U_flicker/dma/awvalid1_carry/CO[3]
                                       net (fo=1, routed)           0.000     4.972    U_adder_top/U_flicker/dma/awvalid1_carry_n_0
    Placement     SLICE_X58Y95                                                      r  U_adder_top/U_flicker/dma/awvalid1_carry__0/CI
    Placement     SLICE_X58Y95         CARRY4 (Prop_carry4_CI_CO[3])
                                                                    0.054     5.026 r  U_adder_top/U_flicker/dma/awvalid1_carry__0/CO[3]
                                       net (fo=1, routed)           0.000     5.026    U_adder_top/U_flicker/dma/awvalid1_carry__0_n_0
    Placement     SLICE_X58Y96                                                      r  U_adder_top/U_flicker/dma/awvalid1_carry__1/CI
    Placement     SLICE_X58Y96         CARRY4 (Prop_carry4_CI_CO[3])
                                                                    0.054     5.080 r  U_adder_top/U_flicker/dma/awvalid1_carry__1/CO[3]
                                       net (fo=1, routed)           0.000     5.080    U_adder_top/U_flicker/dma/awvalid1_carry__1_n_0
    Placement     SLICE_X58Y97                                                      r  U_adder_top/U_flicker/dma/awvalid1_carry__2/CI
    Placement     SLICE_X58Y97         CARRY4 (Prop_carry4_CI_CO[3])
                                                                    0.054     5.134 r  U_adder_top/U_flicker/dma/awvalid1_carry__2/CO[3]
                                       net (fo=1, routed)           0.511     5.645    U_adder_top/U_flicker/dma/awvalid1
    Placement     SLICE_X59Y102                                                     r  U_adder_top/U_flicker/dma/ZGolo_i_583/I3
    Placement     SLICE_X59Y102        LUT6 (Prop_lut6_I3_O)        0.043     5.688 r  U_adder_top/U_flicker/dma/ZGolo_i_583/O
                                       net (fo=4, routed)           0.388     6.076    U_adder_top/legacy/U_adder/U_avr_rs/u_avr_frs/fawv
    Placement     SLICE_X61Y109                                                     r  U_adder_top/legacy/U_adder/U_avr_rs/u_avr_frs/ZGolo_i_547/I0
    Placement     SLICE_X61Y109        LUT5 (Prop_lut5_I0_O)        0.043     6.119 r  U_adder_top/legacy/U_adder/U_avr_rs/u_avr_frs/ZGolo_i_547/O
                                       net (fo=8, routed)           0.606     6.725    U0_ps_ai_peripheral/ZGolo/UserCustomOp_0_awwvalid
    Placement     SLICE_X61Y120                                                     r  U0_ps_ai_peripheral/ZGolo/mna_idfifo_w5_u0_i_4/I1
    Placement     SLICE_X61Y120        LUT6 (Prop_lut6_I1_O)        0.043     6.768 r  U0_ps_ai_peripheral/ZGolo/mna_idfifo_w5_u0_i_4/O
                                       net (fo=20, routed)          0.792     7.561    U0_ps_ai_peripheral/ZGolo/u_AI_Mate_top/ddr_witcn_u0/mna_idfifo_w5_u0/U0/inst_fifo_gen/gconvfifo.rf/grf.rf/gntv_or_sync_fifo.gl0.wr/wpntr/wr_en
    Placement     SLICE_X52Y136                                                     r  U0_ps_ai_peripheral/ZGolo/u_AI_Mate_top/ddr_witcn_u0/mna_idfifo_w5_u0/U0/inst_fifo_gen/gconvfifo.rf/grf.rf/gntv_or_sync_fifo.gl0.wr/wpntr/RAM_reg_384_447_0_2_i_1/I5
    Placement     SLICE_X52Y136        LUT6 (Prop_lut6_I5_O)        0.043     7.604 r  U0_ps_ai_peripheral/ZGolo/u_AI_Mate_top/ddr_witcn_u0/mna_idfifo_w5_u0/U0/inst_fifo_gen/gconvfifo.rf/grf.rf/gntv_or_sync_fifo.gl0.wr/wpntr/RAM_reg_384_447_0_2_i_1/O
                                       net (fo=8, routed)           0.409     8.013    U0_ps_ai_peripheral/ZGolo/u_AI_Mate_top/ddr_witcn_u0/mna_idfifo_w5_u0/U0/inst_fifo_gen/gconvfifo.rf/grf.rf/gntv_or_sync_fifo.mem/gdm.dm_gen.dm/RAM_reg_384_447_0_2/WE
    Placement     SLICE_X46Y133        RAMD64E                                      r  U0_ps_ai_peripheral/ZGolo/u_AI_Mate_top/ddr_witcn_u0/mna_idfifo_w5_u0/U0/inst_fifo_gen/gconvfifo.rf/grf.rf/gntv_or_sync_fifo.mem/gdm.dm_gen.dm/RAM_reg_384_447_0_2/RAMB/WE
  ---------------------------------------------------------------------------------    -------------------

                                       (clock clk_pll_i rise edge)
                                                                    5.000     5.000 r  
                  C8                                                0.000     5.000 r  sys_clk_p (IN)
                                       net (fo=0)                   0.000     5.000    U0_ps_ai_peripheral/mig_ddr3_u0/u_mig_7series_0_mig/u_ddr3_clk_ibuf/sys_clk_p
                  C8                                                                r  U0_ps_ai_peripheral/mig_ddr3_u0/u_mig_7series_0_mig/u_ddr3_clk_ibuf/diff_input_clk.u_ibufg_sys_clk/I
                  C8                   IBUFDS (Prop_ibufds_I_O)     0.758     5.758 r  U0_ps_ai_peripheral/mig_ddr3_u0/u_mig_7series_0_mig/u_ddr3_clk_ibuf/diff_input_clk.u_ibufg_sys_clk/O
                                       net (fo=3, routed)           1.001     6.759    U0_ps_ai_peripheral/mig_ddr3_u0/u_mig_7series_0_mig/u_ddr3_infrastructure/out
                  PLLE2_ADV_X1Y2                                                    r  U0_ps_ai_peripheral/mig_ddr3_u0/u_mig_7series_0_mig/u_ddr3_infrastructure/plle2_i/CLKIN1
                  PLLE2_ADV_X1Y2       PLLE2_ADV (Prop_plle2_adv_CLKIN1_CLKOUT3)
                                                                    0.073     6.832 r  U0_ps_ai_peripheral/mig_ddr3_u0/u_mig_7series_0_mig/u_ddr3_infrastructure/plle2_i/CLKOUT3
                                       net (fo=1, routed)           1.033     7.865    U0_ps_ai_peripheral/mig_ddr3_u0/u_mig_7series_0_mig/u_ddr3_infrastructure/pll_clk3_out
                  BUFHCE_X1Y24                                                      r  U0_ps_ai_peripheral/mig_ddr3_u0/u_mig_7series_0_mig/u_ddr3_infrastructure/u_bufh_pll_clk3/I
                  BUFHCE_X1Y24         BUFH (Prop_bufh_I_O)         0.066     7.931 r  U0_ps_ai_peripheral/mig_ddr3_u0/u_mig_7series_0_mig/u_ddr3_infrastructure/u_bufh_pll_clk3/O
                                       net (fo=1, routed)           0.710     8.641    U0_ps_ai_peripheral/mig_ddr3_u0/u_mig_7series_0_mig/u_ddr3_infrastructure/pll_clk3
                  MMCME2_ADV_X1Y2                                                   r  U0_ps_ai_peripheral/mig_ddr3_u0/u_mig_7series_0_mig/u_ddr3_infrastructure/gen_mmcm.mmcm_i/CLKIN1
                  MMCME2_ADV_X1Y2      MMCME2_ADV (Prop_mmcme2_adv_CLKIN1_CLKFBOUT)
                                                                   -2.652     5.989 r  U0_ps_ai_peripheral/mig_ddr3_u0/u_mig_7series_0_mig/u_ddr3_infrastructure/gen_mmcm.mmcm_i/CLKFBOUT
                                       net (fo=1, routed)           1.333     7.322    U0_ps_ai_peripheral/mig_ddr3_u0/u_mig_7series_0_mig/u_ddr3_infrastructure/clk_pll_i
                  BUFGCTRL_X0Y16                                                    r  U0_ps_ai_peripheral/mig_ddr3_u0/u_mig_7series_0_mig/u_ddr3_infrastructure/u_bufg_clkdiv0/I
                  BUFGCTRL_X0Y16       BUFG (Prop_bufg_I_O)         0.083     7.405 r  U0_ps_ai_peripheral/mig_ddr3_u0/u_mig_7series_0_mig/u_ddr3_infrastructure/u_bufg_clkdiv0/O
                                       net (fo=103920, routed)      1.071     8.476    U0_ps_ai_peripheral/ZGolo/u_AI_Mate_top/ddr_witcn_u0/mna_idfifo_w5_u0/U0/inst_fifo_gen/gconvfifo.rf/grf.rf/gntv_or_sync_fifo.mem/gdm.dm_gen.dm/RAM_reg_384_447_0_2/WCLK
                  SLICE_X46Y133        RAMD64E                                      r  U0_ps_ai_peripheral/ZGolo/u_AI_Mate_top/ddr_witcn_u0/mna_idfifo_w5_u0/U0/inst_fifo_gen/gconvfifo.rf/grf.rf/gntv_or_sync_fifo.mem/gdm.dm_gen.dm/RAM_reg_384_447_0_2/RAMB/CLK
                                       clock pessimism              0.253     8.730    
                                       clock uncertainty           -0.052     8.677    
                  SLICE_X46Y133        RAMD64E (Setup_ramd64e_CLK_WE)
                                                                   -0.303     8.374    U0_ps_ai_peripheral/ZGolo/u_AI_Mate_top/ddr_witcn_u0/mna_idfifo_w5_u0/U0/inst_fifo_gen/gconvfifo.rf/grf.rf/gntv_or_sync_fifo.mem/gdm.dm_gen.dm/RAM_reg_384_447_0_2/RAMB
  ---------------------------------------------------------------------------------
                                       required time                          8.374    
                                       arrival time                          -8.013    
  ---------------------------------------------------------------------------------
                                       slack                                  0.362    

Slack (MET) :             0.362ns  (required time - arrival time)
  Source:                 U_adder_top/U_flicker/dma/write_count_reg[0]/C
                            (rising edge-triggered cell FDCE clocked by clk_pll_i  {rise@0.000ns fall@2.500ns period=5.000ns})
  Destination:            U0_ps_ai_peripheral/ZGolo/u_AI_Mate_top/ddr_witcn_u0/mna_idfifo_w5_u0/U0/inst_fifo_gen/gconvfifo.rf/grf.rf/gntv_or_sync_fifo.mem/gdm.dm_gen.dm/RAM_reg_384_447_0_2/RAMC/WE
                            (rising edge-triggered cell RAMD64E clocked by clk_pll_i  {rise@0.000ns fall@2.500ns period=5.000ns})
  Path Group:             clk_pll_i
  Path Type:              Setup (Max at Slow Process Corner)
  Requirement:            5.000ns  (clk_pll_i rise@5.000ns - clk_pll_i rise@0.000ns)
  Data Path Delay:        4.132ns  (logic 0.846ns (20.475%)  route 3.286ns (79.525%))
  Logic Levels:           9  (CARRY4=4 LUT4=1 LUT5=1 LUT6=3)
  Clock Path Skew:        -0.151ns (DCD - SCD + CPR)
    Destination Clock Delay (DCD):    3.476ns = ( 8.476 - 5.000 ) 
    Source Clock Delay      (SCD):    3.881ns
    Clock Pessimism Removal (CPR):    0.253ns
  Clock Uncertainty:      0.052ns  ((TSJ^2 + DJ^2)^1/2) / 2 + PE
    Total System Jitter     (TSJ):    0.071ns
    Discrete Jitter          (DJ):    0.077ns
    Phase Error              (PE):    0.000ns

    Pin Reuse     Location             Delay type                Incr(ns)  Path(ns)    Netlist Resource(s)
  ---------------------------------------------------------------------------------    -------------------
                                       (clock clk_pll_i rise edge)
                                                                    0.000     0.000 r  
                  C8                                                0.000     0.000 r  sys_clk_p (IN)
                                       net (fo=0)                   0.000     0.000    U0_ps_ai_peripheral/mig_ddr3_u0/u_mig_7series_0_mig/u_ddr3_clk_ibuf/sys_clk_p
                  C8                                                                r  U0_ps_ai_peripheral/mig_ddr3_u0/u_mig_7series_0_mig/u_ddr3_clk_ibuf/diff_input_clk.u_ibufg_sys_clk/I
                  C8                   IBUFDS (Prop_ibufds_I_O)     0.855     0.855 r  U0_ps_ai_peripheral/mig_ddr3_u0/u_mig_7series_0_mig/u_ddr3_clk_ibuf/diff_input_clk.u_ibufg_sys_clk/O
                                       net (fo=3, routed)           1.098     1.953    U0_ps_ai_peripheral/mig_ddr3_u0/u_mig_7series_0_mig/u_ddr3_infrastructure/out
                  PLLE2_ADV_X1Y2                                                    r  U0_ps_ai_peripheral/mig_ddr3_u0/u_mig_7series_0_mig/u_ddr3_infrastructure/plle2_i/CLKIN1
                  PLLE2_ADV_X1Y2       PLLE2_ADV (Prop_plle2_adv_CLKIN1_CLKOUT3)
                                                                    0.077     2.030 r  U0_ps_ai_peripheral/mig_ddr3_u0/u_mig_7series_0_mig/u_ddr3_infrastructure/plle2_i/CLKOUT3
                                       net (fo=1, routed)           1.145     3.175    U0_ps_ai_peripheral/mig_ddr3_u0/u_mig_7series_0_mig/u_ddr3_infrastructure/pll_clk3_out
                  BUFHCE_X1Y24                                                      r  U0_ps_ai_peripheral/mig_ddr3_u0/u_mig_7series_0_mig/u_ddr3_infrastructure/u_bufh_pll_clk3/I
                  BUFHCE_X1Y24         BUFH (Prop_bufh_I_O)         0.103     3.278 r  U0_ps_ai_peripheral/mig_ddr3_u0/u_mig_7series_0_mig/u_ddr3_infrastructure/u_bufh_pll_clk3/O
                                       net (fo=1, routed)           0.779     4.057    U0_ps_ai_peripheral/mig_ddr3_u0/u_mig_7series_0_mig/u_ddr3_infrastructure/pll_clk3
                  MMCME2_ADV_X1Y2                                                   r  U0_ps_ai_peripheral/mig_ddr3_u0/u_mig_7series_0_mig/u_ddr3_infrastructure/gen_mmcm.mmcm_i/CLKIN1
                  MMCME2_ADV_X1Y2      MMCME2_ADV (Prop_mmcme2_adv_CLKIN1_CLKFBOUT)
                                                                   -2.933     1.124 r  U0_ps_ai_peripheral/mig_ddr3_u0/u_mig_7series_0_mig/u_ddr3_infrastructure/gen_mmcm.mmcm_i/CLKFBOUT
                                       net (fo=1, routed)           1.442     2.566    U0_ps_ai_peripheral/mig_ddr3_u0/u_mig_7series_0_mig/u_ddr3_infrastructure/clk_pll_i
                  BUFGCTRL_X0Y16                                                    r  U0_ps_ai_peripheral/mig_ddr3_u0/u_mig_7series_0_mig/u_ddr3_infrastructure/u_bufg_clkdiv0/I
                  BUFGCTRL_X0Y16       BUFG (Prop_bufg_I_O)         0.093     2.659 r  U0_ps_ai_peripheral/mig_ddr3_u0/u_mig_7series_0_mig/u_ddr3_infrastructure/u_bufg_clkdiv0/O
                                       net (fo=103920, routed)      1.222     3.881    U_adder_top/U_flicker/dma/ui_clk
                  SLICE_X57Y91         FDCE                                         r  U_adder_top/U_flicker/dma/write_count_reg[0]/C
  ---------------------------------------------------------------------------------    -------------------
    Placement     SLICE_X57Y91         FDCE (Prop_fdce_C_Q)         0.223     4.104 r  U_adder_top/U_flicker/dma/write_count_reg[0]/Q
                                       net (fo=6, routed)           0.579     4.683    U_adder_top/U_flicker/dma/writes[0]
    Placement     SLICE_X58Y94                                                      r  U_adder_top/U_flicker/dma/awvalid1_carry_i_8/I2
    Routing       SLICE_X58Y94         LUT4 (Prop_lut4_I2_O)        0.043     4.726 r  U_adder_top/U_flicker/dma/awvalid1_carry_i_8/O
                                       net (fo=1, routed)           0.000     4.726    U_adder_top/U_flicker/dma/awvalid1_carry_i_8_n_0
    Routing       SLICE_X58Y94                                                      r  U_adder_top/U_flicker/dma/awvalid1_carry/S[0]
    Placement     SLICE_X58Y94         CARRY4 (Prop_carry4_S[0]_CO[3])
                                                                    0.246     4.972 r  U_adder_top/U_flicker/dma/awvalid1_carry/CO[3]
                                       net (fo=1, routed)           0.000     4.972    U_adder_top/U_flicker/dma/awvalid1_carry_n_0
    Placement     SLICE_X58Y95                                                      r  U_adder_top/U_flicker/dma/awvalid1_carry__0/CI
    Placement     SLICE_X58Y95         CARRY4 (Prop_carry4_CI_CO[3])
                                                                    0.054     5.026 r  U_adder_top/U_flicker/dma/awvalid1_carry__0/CO[3]
                                       net (fo=1, routed)           0.000     5.026    U_adder_top/U_flicker/dma/awvalid1_carry__0_n_0
    Placement     SLICE_X58Y96                                                      r  U_adder_top/U_flicker/dma/awvalid1_carry__1/CI
    Placement     SLICE_X58Y96         CARRY4 (Prop_carry4_CI_CO[3])
                                                                    0.054     5.080 r  U_adder_top/U_flicker/dma/awvalid1_carry__1/CO[3]
                                       net (fo=1, routed)           0.000     5.080    U_adder_top/U_flicker/dma/awvalid1_carry__1_n_0
    Placement     SLICE_X58Y97                                                      r  U_adder_top/U_flicker/dma/awvalid1_carry__2/CI
    Placement     SLICE_X58Y97         CARRY4 (Prop_carry4_CI_CO[3])
                                                                    0.054     5.134 r  U_adder_top/U_flicker/dma/awvalid1_carry__2/CO[3]
                                       net (fo=1, routed)           0.511     5.645    U_adder_top/U_flicker/dma/awvalid1
    Placement     SLICE_X59Y102                                                     r  U_adder_top/U_flicker/dma/ZGolo_i_583/I3
    Placement     SLICE_X59Y102        LUT6 (Prop_lut6_I3_O)        0.043     5.688 r  U_adder_top/U_flicker/dma/ZGolo_i_583/O
                                       net (fo=4, routed)           0.388     6.076    U_adder_top/legacy/U_adder/U_avr_rs/u_avr_frs/fawv
    Placement     SLICE_X61Y109                                                     r  U_adder_top/legacy/U_adder/U_avr_rs/u_avr_frs/ZGolo_i_547/I0
    Placement     SLICE_X61Y109        LUT5 (Prop_lut5_I0_O)        0.043     6.119 r  U_adder_top/legacy/U_adder/U_avr_rs/u_avr_frs/ZGolo_i_547/O
                                       net (fo=8, routed)           0.606     6.725    U0_ps_ai_peripheral/ZGolo/UserCustomOp_0_awwvalid
    Placement     SLICE_X61Y120                                                     r  U0_ps_ai_peripheral/ZGolo/mna_idfifo_w5_u0_i_4/I1
    Placement     SLICE_X61Y120        LUT6 (Prop_lut6_I1_O)        0.043     6.768 r  U0_ps_ai_peripheral/ZGolo/mna_idfifo_w5_u0_i_4/O
                                       net (fo=20, routed)          0.792     7.561    U0_ps_ai_peripheral/ZGolo/u_AI_Mate_top/ddr_witcn_u0/mna_idfifo_w5_u0/U0/inst_fifo_gen/gconvfifo.rf/grf.rf/gntv_or_sync_fifo.gl0.wr/wpntr/wr_en
    Placement     SLICE_X52Y136                                                     r  U0_ps_ai_peripheral/ZGolo/u_AI_Mate_top/ddr_witcn_u0/mna_idfifo_w5_u0/U0/inst_fifo_gen/gconvfifo.rf/grf.rf/gntv_or_sync_fifo.gl0.wr/wpntr/RAM_reg_384_447_0_2_i_1/I5
    Placement     SLICE_X52Y136        LUT6 (Prop_lut6_I5_O)        0.043     7.604 r  U0_ps_ai_peripheral/ZGolo/u_AI_Mate_top/ddr_witcn_u0/mna_idfifo_w5_u0/U0/inst_fifo_gen/gconvfifo.rf/grf.rf/gntv_or_sync_fifo.gl0.wr/wpntr/RAM_reg_384_447_0_2_i_1/O
                                       net (fo=8, routed)           0.409     8.013    U0_ps_ai_peripheral/ZGolo/u_AI_Mate_top/ddr_witcn_u0/mna_idfifo_w5_u0/U0/inst_fifo_gen/gconvfifo.rf/grf.rf/gntv_or_sync_fifo.mem/gdm.dm_gen.dm/RAM_reg_384_447_0_2/WE
    Placement     SLICE_X46Y133        RAMD64E                                      r  U0_ps_ai_peripheral/ZGolo/u_AI_Mate_top/ddr_witcn_u0/mna_idfifo_w5_u0/U0/inst_fifo_gen/gconvfifo.rf/grf.rf/gntv_or_sync_fifo.mem/gdm.dm_gen.dm/RAM_reg_384_447_0_2/RAMC/WE
  ---------------------------------------------------------------------------------    -------------------

                                       (clock clk_pll_i rise edge)
                                                                    5.000     5.000 r  
                  C8                                                0.000     5.000 r  sys_clk_p (IN)
                                       net (fo=0)                   0.000     5.000    U0_ps_ai_peripheral/mig_ddr3_u0/u_mig_7series_0_mig/u_ddr3_clk_ibuf/sys_clk_p
                  C8                                                                r  U0_ps_ai_peripheral/mig_ddr3_u0/u_mig_7series_0_mig/u_ddr3_clk_ibuf/diff_input_clk.u_ibufg_sys_clk/I
                  C8                   IBUFDS (Prop_ibufds_I_O)     0.758     5.758 r  U0_ps_ai_peripheral/mig_ddr3_u0/u_mig_7series_0_mig/u_ddr3_clk_ibuf/diff_input_clk.u_ibufg_sys_clk/O
                                       net (fo=3, routed)           1.001     6.759    U0_ps_ai_peripheral/mig_ddr3_u0/u_mig_7series_0_mig/u_ddr3_infrastructure/out
                  PLLE2_ADV_X1Y2                                                    r  U0_ps_ai_peripheral/mig_ddr3_u0/u_mig_7series_0_mig/u_ddr3_infrastructure/plle2_i/CLKIN1
                  PLLE2_ADV_X1Y2       PLLE2_ADV (Prop_plle2_adv_CLKIN1_CLKOUT3)
                                                                    0.073     6.832 r  U0_ps_ai_peripheral/mig_ddr3_u0/u_mig_7series_0_mig/u_ddr3_infrastructure/plle2_i/CLKOUT3
                                       net (fo=1, routed)           1.033     7.865    U0_ps_ai_peripheral/mig_ddr3_u0/u_mig_7series_0_mig/u_ddr3_infrastructure/pll_clk3_out
                  BUFHCE_X1Y24                                                      r  U0_ps_ai_peripheral/mig_ddr3_u0/u_mig_7series_0_mig/u_ddr3_infrastructure/u_bufh_pll_clk3/I
                  BUFHCE_X1Y24         BUFH (Prop_bufh_I_O)         0.066     7.931 r  U0_ps_ai_peripheral/mig_ddr3_u0/u_mig_7series_0_mig/u_ddr3_infrastructure/u_bufh_pll_clk3/O
                                       net (fo=1, routed)           0.710     8.641    U0_ps_ai_peripheral/mig_ddr3_u0/u_mig_7series_0_mig/u_ddr3_infrastructure/pll_clk3
                  MMCME2_ADV_X1Y2                                                   r  U0_ps_ai_peripheral/mig_ddr3_u0/u_mig_7series_0_mig/u_ddr3_infrastructure/gen_mmcm.mmcm_i/CLKIN1
                  MMCME2_ADV_X1Y2      MMCME2_ADV (Prop_mmcme2_adv_CLKIN1_CLKFBOUT)
                                                                   -2.652     5.989 r  U0_ps_ai_peripheral/mig_ddr3_u0/u_mig_7series_0_mig/u_ddr3_infrastructure/gen_mmcm.mmcm_i/CLKFBOUT
                                       net (fo=1, routed)           1.333     7.322    U0_ps_ai_peripheral/mig_ddr3_u0/u_mig_7series_0_mig/u_ddr3_infrastructure/clk_pll_i
                  BUFGCTRL_X0Y16                                                    r  U0_ps_ai_peripheral/mig_ddr3_u0/u_mig_7series_0_mig/u_ddr3_infrastructure/u_bufg_clkdiv0/I
                  BUFGCTRL_X0Y16       BUFG (Prop_bufg_I_O)         0.083     7.405 r  U0_ps_ai_peripheral/mig_ddr3_u0/u_mig_7series_0_mig/u_ddr3_infrastructure/u_bufg_clkdiv0/O
                                       net (fo=103920, routed)      1.071     8.476    U0_ps_ai_peripheral/ZGolo/u_AI_Mate_top/ddr_witcn_u0/mna_idfifo_w5_u0/U0/inst_fifo_gen/gconvfifo.rf/grf.rf/gntv_or_sync_fifo.mem/gdm.dm_gen.dm/RAM_reg_384_447_0_2/WCLK
                  SLICE_X46Y133        RAMD64E                                      r  U0_ps_ai_peripheral/ZGolo/u_AI_Mate_top/ddr_witcn_u0/mna_idfifo_w5_u0/U0/inst_fifo_gen/gconvfifo.rf/grf.rf/gntv_or_sync_fifo.mem/gdm.dm_gen.dm/RAM_reg_384_447_0_2/RAMC/CLK
                                       clock pessimism              0.253     8.730    
                                       clock uncertainty           -0.052     8.677    
                  SLICE_X46Y133        RAMD64E (Setup_ramd64e_CLK_WE)
                                                                   -0.303     8.374    U0_ps_ai_peripheral/ZGolo/u_AI_Mate_top/ddr_witcn_u0/mna_idfifo_w5_u0/U0/inst_fifo_gen/gconvfifo.rf/grf.rf/gntv_or_sync_fifo.mem/gdm.dm_gen.dm/RAM_reg_384_447_0_2/RAMC
  ---------------------------------------------------------------------------------
                                       required time                          8.374    
                                       arrival time                          -8.013    
  ---------------------------------------------------------------------------------
                                       slack                                  0.362    

Slack (MET) :             0.362ns  (required time - arrival time)
  Source:                 U_adder_top/U_flicker/dma/write_count_reg[0]/C
                            (rising edge-triggered cell FDCE clocked by clk_pll_i  {rise@0.000ns fall@2.500ns period=5.000ns})
  Destination:            U0_ps_ai_peripheral/ZGolo/u_AI_Mate_top/ddr_witcn_u0/mna_idfifo_w5_u0/U0/inst_fifo_gen/gconvfifo.rf/grf.rf/gntv_or_sync_fifo.mem/gdm.dm_gen.dm/RAM_reg_384_447_0_2/RAMD/WE
                            (rising edge-triggered cell RAMD64E clocked by clk_pll_i  {rise@0.000ns fall@2.500ns period=5.000ns})
  Path Group:             clk_pll_i
  Path Type:              Setup (Max at Slow Process Corner)
  Requirement:            5.000ns  (clk_pll_i rise@5.000ns - clk_pll_i rise@0.000ns)
  Data Path Delay:        4.132ns  (logic 0.846ns (20.475%)  route 3.286ns (79.525%))
  Logic Levels:           9  (CARRY4=4 LUT4=1 LUT5=1 LUT6=3)
  Clock Path Skew:        -0.151ns (DCD - SCD + CPR)
    Destination Clock Delay (DCD):    3.476ns = ( 8.476 - 5.000 ) 
    Source Clock Delay      (SCD):    3.881ns
    Clock Pessimism Removal (CPR):    0.253ns
  Clock Uncertainty:      0.052ns  ((TSJ^2 + DJ^2)^1/2) / 2 + PE
    Total System Jitter     (TSJ):    0.071ns
    Discrete Jitter          (DJ):    0.077ns
    Phase Error              (PE):    0.000ns

    Pin Reuse     Location             Delay type                Incr(ns)  Path(ns)    Netlist Resource(s)
  ---------------------------------------------------------------------------------    -------------------
                                       (clock clk_pll_i rise edge)
                                                                    0.000     0.000 r  
                  C8                                                0.000     0.000 r  sys_clk_p (IN)
                                       net (fo=0)                   0.000     0.000    U0_ps_ai_peripheral/mig_ddr3_u0/u_mig_7series_0_mig/u_ddr3_clk_ibuf/sys_clk_p
                  C8                                                                r  U0_ps_ai_peripheral/mig_ddr3_u0/u_mig_7series_0_mig/u_ddr3_clk_ibuf/diff_input_clk.u_ibufg_sys_clk/I
                  C8                   IBUFDS (Prop_ibufds_I_O)     0.855     0.855 r  U0_ps_ai_peripheral/mig_ddr3_u0/u_mig_7series_0_mig/u_ddr3_clk_ibuf/diff_input_clk.u_ibufg_sys_clk/O
                                       net (fo=3, routed)           1.098     1.953    U0_ps_ai_peripheral/mig_ddr3_u0/u_mig_7series_0_mig/u_ddr3_infrastructure/out
                  PLLE2_ADV_X1Y2                                                    r  U0_ps_ai_peripheral/mig_ddr3_u0/u_mig_7series_0_mig/u_ddr3_infrastructure/plle2_i/CLKIN1
                  PLLE2_ADV_X1Y2       PLLE2_ADV (Prop_plle2_adv_CLKIN1_CLKOUT3)
                                                                    0.077     2.030 r  U0_ps_ai_peripheral/mig_ddr3_u0/u_mig_7series_0_mig/u_ddr3_infrastructure/plle2_i/CLKOUT3
                                       net (fo=1, routed)           1.145     3.175    U0_ps_ai_peripheral/mig_ddr3_u0/u_mig_7series_0_mig/u_ddr3_infrastructure/pll_clk3_out
                  BUFHCE_X1Y24                                                      r  U0_ps_ai_peripheral/mig_ddr3_u0/u_mig_7series_0_mig/u_ddr3_infrastructure/u_bufh_pll_clk3/I
                  BUFHCE_X1Y24         BUFH (Prop_bufh_I_O)         0.103     3.278 r  U0_ps_ai_peripheral/mig_ddr3_u0/u_mig_7series_0_mig/u_ddr3_infrastructure/u_bufh_pll_clk3/O
                                       net (fo=1, routed)           0.779     4.057    U0_ps_ai_peripheral/mig_ddr3_u0/u_mig_7series_0_mig/u_ddr3_infrastructure/pll_clk3
                  MMCME2_ADV_X1Y2                                                   r  U0_ps_ai_peripheral/mig_ddr3_u0/u_mig_7series_0_mig/u_ddr3_infrastructure/gen_mmcm.mmcm_i/CLKIN1
                  MMCME2_ADV_X1Y2      MMCME2_ADV (Prop_mmcme2_adv_CLKIN1_CLKFBOUT)
                                                                   -2.933     1.124 r  U0_ps_ai_peripheral/mig_ddr3_u0/u_mig_7series_0_mig/u_ddr3_infrastructure/gen_mmcm.mmcm_i/CLKFBOUT
                                       net (fo=1, routed)           1.442     2.566    U0_ps_ai_peripheral/mig_ddr3_u0/u_mig_7series_0_mig/u_ddr3_infrastructure/clk_pll_i
                  BUFGCTRL_X0Y16                                                    r  U0_ps_ai_peripheral/mig_ddr3_u0/u_mig_7series_0_mig/u_ddr3_infrastructure/u_bufg_clkdiv0/I
                  BUFGCTRL_X0Y16       BUFG (Prop_bufg_I_O)         0.093     2.659 r  U0_ps_ai_peripheral/mig_ddr3_u0/u_mig_7series_0_mig/u_ddr3_infrastructure/u_bufg_clkdiv0/O
                                       net (fo=103920, routed)      1.222     3.881    U_adder_top/U_flicker/dma/ui_clk
                  SLICE_X57Y91         FDCE                                         r  U_adder_top/U_flicker/dma/write_count_reg[0]/C
  ---------------------------------------------------------------------------------    -------------------
    Placement     SLICE_X57Y91         FDCE (Prop_fdce_C_Q)         0.223     4.104 r  U_adder_top/U_flicker/dma/write_count_reg[0]/Q
                                       net (fo=6, routed)           0.579     4.683    U_adder_top/U_flicker/dma/writes[0]
    Placement     SLICE_X58Y94                                                      r  U_adder_top/U_flicker/dma/awvalid1_carry_i_8/I2
    Routing       SLICE_X58Y94         LUT4 (Prop_lut4_I2_O)        0.043     4.726 r  U_adder_top/U_flicker/dma/awvalid1_carry_i_8/O
                                       net (fo=1, routed)           0.000     4.726    U_adder_top/U_flicker/dma/awvalid1_carry_i_8_n_0
    Routing       SLICE_X58Y94                                                      r  U_adder_top/U_flicker/dma/awvalid1_carry/S[0]
    Placement     SLICE_X58Y94         CARRY4 (Prop_carry4_S[0]_CO[3])
                                                                    0.246     4.972 r  U_adder_top/U_flicker/dma/awvalid1_carry/CO[3]
                                       net (fo=1, routed)           0.000     4.972    U_adder_top/U_flicker/dma/awvalid1_carry_n_0
    Placement     SLICE_X58Y95                                                      r  U_adder_top/U_flicker/dma/awvalid1_carry__0/CI
    Placement     SLICE_X58Y95         CARRY4 (Prop_carry4_CI_CO[3])
                                                                    0.054     5.026 r  U_adder_top/U_flicker/dma/awvalid1_carry__0/CO[3]
                                       net (fo=1, routed)           0.000     5.026    U_adder_top/U_flicker/dma/awvalid1_carry__0_n_0
    Placement     SLICE_X58Y96                                                      r  U_adder_top/U_flicker/dma/awvalid1_carry__1/CI
    Placement     SLICE_X58Y96         CARRY4 (Prop_carry4_CI_CO[3])
                                                                    0.054     5.080 r  U_adder_top/U_flicker/dma/awvalid1_carry__1/CO[3]
                                       net (fo=1, routed)           0.000     5.080    U_adder_top/U_flicker/dma/awvalid1_carry__1_n_0
    Placement     SLICE_X58Y97                                                      r  U_adder_top/U_flicker/dma/awvalid1_carry__2/CI
    Placement     SLICE_X58Y97         CARRY4 (Prop_carry4_CI_CO[3])
                                                                    0.054     5.134 r  U_adder_top/U_flicker/dma/awvalid1_carry__2/CO[3]
                                       net (fo=1, routed)           0.511     5.645    U_adder_top/U_flicker/dma/awvalid1
    Placement     SLICE_X59Y102                                                     r  U_adder_top/U_flicker/dma/ZGolo_i_583/I3
    Placement     SLICE_X59Y102        LUT6 (Prop_lut6_I3_O)        0.043     5.688 r  U_adder_top/U_flicker/dma/ZGolo_i_583/O
                                       net (fo=4, routed)           0.388     6.076    U_adder_top/legacy/U_adder/U_avr_rs/u_avr_frs/fawv
    Placement     SLICE_X61Y109                                                     r  U_adder_top/legacy/U_adder/U_avr_rs/u_avr_frs/ZGolo_i_547/I0
    Placement     SLICE_X61Y109        LUT5 (Prop_lut5_I0_O)        0.043     6.119 r  U_adder_top/legacy/U_adder/U_avr_rs/u_avr_frs/ZGolo_i_547/O
                                       net (fo=8, routed)           0.606     6.725    U0_ps_ai_peripheral/ZGolo/UserCustomOp_0_awwvalid
    Placement     SLICE_X61Y120                                                     r  U0_ps_ai_peripheral/ZGolo/mna_idfifo_w5_u0_i_4/I1
    Placement     SLICE_X61Y120        LUT6 (Prop_lut6_I1_O)        0.043     6.768 r  U0_ps_ai_peripheral/ZGolo/mna_idfifo_w5_u0_i_4/O
                                       net (fo=20, routed)          0.792     7.561    U0_ps_ai_peripheral/ZGolo/u_AI_Mate_top/ddr_witcn_u0/mna_idfifo_w5_u0/U0/inst_fifo_gen/gconvfifo.rf/grf.rf/gntv_or_sync_fifo.gl0.wr/wpntr/wr_en
    Placement     SLICE_X52Y136                                                     r  U0_ps_ai_peripheral/ZGolo/u_AI_Mate_top/ddr_witcn_u0/mna_idfifo_w5_u0/U0/inst_fifo_gen/gconvfifo.rf/grf.rf/gntv_or_sync_fifo.gl0.wr/wpntr/RAM_reg_384_447_0_2_i_1/I5
    Placement     SLICE_X52Y136        LUT6 (Prop_lut6_I5_O)        0.043     7.604 r  U0_ps_ai_peripheral/ZGolo/u_AI_Mate_top/ddr_witcn_u0/mna_idfifo_w5_u0/U0/inst_fifo_gen/gconvfifo.rf/grf.rf/gntv_or_sync_fifo.gl0.wr/wpntr/RAM_reg_384_447_0_2_i_1/O
                                       net (fo=8, routed)           0.409     8.013    U0_ps_ai_peripheral/ZGolo/u_AI_Mate_top/ddr_witcn_u0/mna_idfifo_w5_u0/U0/inst_fifo_gen/gconvfifo.rf/grf.rf/gntv_or_sync_fifo.mem/gdm.dm_gen.dm/RAM_reg_384_447_0_2/WE
    Placement     SLICE_X46Y133        RAMD64E                                      r  U0_ps_ai_peripheral/ZGolo/u_AI_Mate_top/ddr_witcn_u0/mna_idfifo_w5_u0/U0/inst_fifo_gen/gconvfifo.rf/grf.rf/gntv_or_sync_fifo.mem/gdm.dm_gen.dm/RAM_reg_384_447_0_2/RAMD/WE
  ---------------------------------------------------------------------------------    -------------------

                                       (clock clk_pll_i rise edge)
                                                                    5.000     5.000 r  
                  C8                                                0.000     5.000 r  sys_clk_p (IN)
                                       net (fo=0)                   0.000     5.000    U0_ps_ai_peripheral/mig_ddr3_u0/u_mig_7series_0_mig/u_ddr3_clk_ibuf/sys_clk_p
                  C8                                                                r  U0_ps_ai_peripheral/mig_ddr3_u0/u_mig_7series_0_mig/u_ddr3_clk_ibuf/diff_input_clk.u_ibufg_sys_clk/I
                  C8                   IBUFDS (Prop_ibufds_I_O)     0.758     5.758 r  U0_ps_ai_peripheral/mig_ddr3_u0/u_mig_7series_0_mig/u_ddr3_clk_ibuf/diff_input_clk.u_ibufg_sys_clk/O
                                       net (fo=3, routed)           1.001     6.759    U0_ps_ai_peripheral/mig_ddr3_u0/u_mig_7series_0_mig/u_ddr3_infrastructure/out
                  PLLE2_ADV_X1Y2                                                    r  U0_ps_ai_peripheral/mig_ddr3_u0/u_mig_7series_0_mig/u_ddr3_infrastructure/plle2_i/CLKIN1
                  PLLE2_ADV_X1Y2       PLLE2_ADV (Prop_plle2_adv_CLKIN1_CLKOUT3)
                                                                    0.073     6.832 r  U0_ps_ai_peripheral/mig_ddr3_u0/u_mig_7series_0_mig/u_ddr3_infrastructure/plle2_i/CLKOUT3
                                       net (fo=1, routed)           1.033     7.865    U0_ps_ai_peripheral/mig_ddr3_u0/u_mig_7series_0_mig/u_ddr3_infrastructure/pll_clk3_out
                  BUFHCE_X1Y24                                                      r  U0_ps_ai_peripheral/mig_ddr3_u0/u_mig_7series_0_mig/u_ddr3_infrastructure/u_bufh_pll_clk3/I
                  BUFHCE_X1Y24         BUFH (Prop_bufh_I_O)         0.066     7.931 r  U0_ps_ai_peripheral/mig_ddr3_u0/u_mig_7series_0_mig/u_ddr3_infrastructure/u_bufh_pll_clk3/O
                                       net (fo=1, routed)           0.710     8.641    U0_ps_ai_peripheral/mig_ddr3_u0/u_mig_7series_0_mig/u_ddr3_infrastructure/pll_clk3
                  MMCME2_ADV_X1Y2                                                   r  U0_ps_ai_peripheral/mig_ddr3_u0/u_mig_7series_0_mig/u_ddr3_infrastructure/gen_mmcm.mmcm_i/CLKIN1
                  MMCME2_ADV_X1Y2      MMCME2_ADV (Prop_mmcme2_adv_CLKIN1_CLKFBOUT)
                                                                   -2.652     5.989 r  U0_ps_ai_peripheral/mig_ddr3_u0/u_mig_7series_0_mig/u_ddr3_infrastructure/gen_mmcm.mmcm_i/CLKFBOUT
                                       net (fo=1, routed)           1.333     7.322    U0_ps_ai_peripheral/mig_ddr3_u0/u_mig_7series_0_mig/u_ddr3_infrastructure/clk_pll_i
                  BUFGCTRL_X0Y16                                                    r  U0_ps_ai_peripheral/mig_ddr3_u0/u_mig_7series_0_mig/u_ddr3_infrastructure/u_bufg_clkdiv0/I
                  BUFGCTRL_X0Y16       BUFG (Prop_bufg_I_O)         0.083     7.405 r  U0_ps_ai_peripheral/mig_ddr3_u0/u_mig_7series_0_mig/u_ddr3_infrastructure/u_bufg_clkdiv0/O
                                       net (fo=103920, routed)      1.071     8.476    U0_ps_ai_peripheral/ZGolo/u_AI_Mate_top/ddr_witcn_u0/mna_idfifo_w5_u0/U0/inst_fifo_gen/gconvfifo.rf/grf.rf/gntv_or_sync_fifo.mem/gdm.dm_gen.dm/RAM_reg_384_447_0_2/WCLK
                  SLICE_X46Y133        RAMD64E                                      r  U0_ps_ai_peripheral/ZGolo/u_AI_Mate_top/ddr_witcn_u0/mna_idfifo_w5_u0/U0/inst_fifo_gen/gconvfifo.rf/grf.rf/gntv_or_sync_fifo.mem/gdm.dm_gen.dm/RAM_reg_384_447_0_2/RAMD/CLK
                                       clock pessimism              0.253     8.730    
                                       clock uncertainty           -0.052     8.677    
                  SLICE_X46Y133        RAMD64E (Setup_ramd64e_CLK_WE)
                                                                   -0.303     8.374    U0_ps_ai_peripheral/ZGolo/u_AI_Mate_top/ddr_witcn_u0/mna_idfifo_w5_u0/U0/inst_fifo_gen/gconvfifo.rf/grf.rf/gntv_or_sync_fifo.mem/gdm.dm_gen.dm/RAM_reg_384_447_0_2/RAMD
  ---------------------------------------------------------------------------------
                                       required time                          8.374    
                                       arrival time                          -8.013    
  ---------------------------------------------------------------------------------
                                       slack                                  0.362    

Slack (MET) :             0.364ns  (required time - arrival time)
  Source:                 U_adder_top/U_flicker/dma/write_count_reg[0]/C
                            (rising edge-triggered cell FDCE clocked by clk_pll_i  {rise@0.000ns fall@2.500ns period=5.000ns})
  Destination:            U0_ps_ai_peripheral/ZGolo/u_AI_Mate_top/ddr_witcn_u0/avr_rs_u0/u_avr_frs/s_data_reg[153]/CE
                            (rising edge-triggered cell FDCE clocked by clk_pll_i  {rise@0.000ns fall@2.500ns period=5.000ns})
  Path Group:             clk_pll_i
  Path Type:              Setup (Max at Slow Process Corner)
  Requirement:            5.000ns  (clk_pll_i rise@5.000ns - clk_pll_i rise@0.000ns)
  Data Path Delay:        4.243ns  (logic 0.846ns (19.937%)  route 3.397ns (80.063%))
  Logic Levels:           9  (CARRY4=4 LUT4=3 LUT5=1 LUT6=1)
  Clock Path Skew:        -0.139ns (DCD - SCD + CPR)
    Destination Clock Delay (DCD):    3.488ns = ( 8.488 - 5.000 ) 
    Source Clock Delay      (SCD):    3.881ns
    Clock Pessimism Removal (CPR):    0.253ns
  Clock Uncertainty:      0.052ns  ((TSJ^2 + DJ^2)^1/2) / 2 + PE
    Total System Jitter     (TSJ):    0.071ns
    Discrete Jitter          (DJ):    0.077ns
    Phase Error              (PE):    0.000ns

    Pin Reuse     Location             Delay type                Incr(ns)  Path(ns)    Netlist Resource(s)
  ---------------------------------------------------------------------------------    -------------------
                                       (clock clk_pll_i rise edge)
                                                                    0.000     0.000 r  
                  C8                                                0.000     0.000 r  sys_clk_p (IN)
                                       net (fo=0)                   0.000     0.000    U0_ps_ai_peripheral/mig_ddr3_u0/u_mig_7series_0_mig/u_ddr3_clk_ibuf/sys_clk_p
                  C8                                                                r  U0_ps_ai_peripheral/mig_ddr3_u0/u_mig_7series_0_mig/u_ddr3_clk_ibuf/diff_input_clk.u_ibufg_sys_clk/I
                  C8                   IBUFDS (Prop_ibufds_I_O)     0.855     0.855 r  U0_ps_ai_peripheral/mig_ddr3_u0/u_mig_7series_0_mig/u_ddr3_clk_ibuf/diff_input_clk.u_ibufg_sys_clk/O
                                       net (fo=3, routed)           1.098     1.953    U0_ps_ai_peripheral/mig_ddr3_u0/u_mig_7series_0_mig/u_ddr3_infrastructure/out
                  PLLE2_ADV_X1Y2                                                    r  U0_ps_ai_peripheral/mig_ddr3_u0/u_mig_7series_0_mig/u_ddr3_infrastructure/plle2_i/CLKIN1
                  PLLE2_ADV_X1Y2       PLLE2_ADV (Prop_plle2_adv_CLKIN1_CLKOUT3)
                                                                    0.077     2.030 r  U0_ps_ai_peripheral/mig_ddr3_u0/u_mig_7series_0_mig/u_ddr3_infrastructure/plle2_i/CLKOUT3
                                       net (fo=1, routed)           1.145     3.175    U0_ps_ai_peripheral/mig_ddr3_u0/u_mig_7series_0_mig/u_ddr3_infrastructure/pll_clk3_out
                  BUFHCE_X1Y24                                                      r  U0_ps_ai_peripheral/mig_ddr3_u0/u_mig_7series_0_mig/u_ddr3_infrastructure/u_bufh_pll_clk3/I
                  BUFHCE_X1Y24         BUFH (Prop_bufh_I_O)         0.103     3.278 r  U0_ps_ai_peripheral/mig_ddr3_u0/u_mig_7series_0_mig/u_ddr3_infrastructure/u_bufh_pll_clk3/O
                                       net (fo=1, routed)           0.779     4.057    U0_ps_ai_peripheral/mig_ddr3_u0/u_mig_7series_0_mig/u_ddr3_infrastructure/pll_clk3
                  MMCME2_ADV_X1Y2                                                   r  U0_ps_ai_peripheral/mig_ddr3_u0/u_mig_7series_0_mig/u_ddr3_infrastructure/gen_mmcm.mmcm_i/CLKIN1
                  MMCME2_ADV_X1Y2      MMCME2_ADV (Prop_mmcme2_adv_CLKIN1_CLKFBOUT)
                                                                   -2.933     1.124 r  U0_ps_ai_peripheral/mig_ddr3_u0/u_mig_7series_0_mig/u_ddr3_infrastructure/gen_mmcm.mmcm_i/CLKFBOUT
                                       net (fo=1, routed)           1.442     2.566    U0_ps_ai_peripheral/mig_ddr3_u0/u_mig_7series_0_mig/u_ddr3_infrastructure/clk_pll_i
                  BUFGCTRL_X0Y16                                                    r  U0_ps_ai_peripheral/mig_ddr3_u0/u_mig_7series_0_mig/u_ddr3_infrastructure/u_bufg_clkdiv0/I
                  BUFGCTRL_X0Y16       BUFG (Prop_bufg_I_O)         0.093     2.659 r  U0_ps_ai_peripheral/mig_ddr3_u0/u_mig_7series_0_mig/u_ddr3_infrastructure/u_bufg_clkdiv0/O
                                       net (fo=103920, routed)      1.222     3.881    U_adder_top/U_flicker/dma/ui_clk
                  SLICE_X57Y91         FDCE                                         r  U_adder_top/U_flicker/dma/write_count_reg[0]/C
  ---------------------------------------------------------------------------------    -------------------
    Placement     SLICE_X57Y91         FDCE (Prop_fdce_C_Q)         0.223     4.104 r  U_adder_top/U_flicker/dma/write_count_reg[0]/Q
                                       net (fo=6, routed)           0.579     4.683    U_adder_top/U_flicker/dma/writes[0]
    Placement     SLICE_X58Y94                                                      r  U_adder_top/U_flicker/dma/awvalid1_carry_i_8/I2
    Routing       SLICE_X58Y94         LUT4 (Prop_lut4_I2_O)        0.043     4.726 r  U_adder_top/U_flicker/dma/awvalid1_carry_i_8/O
                                       net (fo=1, routed)           0.000     4.726    U_adder_top/U_flicker/dma/awvalid1_carry_i_8_n_0
    Routing       SLICE_X58Y94                                                      r  U_adder_top/U_flicker/dma/awvalid1_carry/S[0]
    Placement     SLICE_X58Y94         CARRY4 (Prop_carry4_S[0]_CO[3])
                                                                    0.246     4.972 r  U_adder_top/U_flicker/dma/awvalid1_carry/CO[3]
                                       net (fo=1, routed)           0.000     4.972    U_adder_top/U_flicker/dma/awvalid1_carry_n_0
    Placement     SLICE_X58Y95                                                      r  U_adder_top/U_flicker/dma/awvalid1_carry__0/CI
    Placement     SLICE_X58Y95         CARRY4 (Prop_carry4_CI_CO[3])
                                                                    0.054     5.026 r  U_adder_top/U_flicker/dma/awvalid1_carry__0/CO[3]
                                       net (fo=1, routed)           0.000     5.026    U_adder_top/U_flicker/dma/awvalid1_carry__0_n_0
    Placement     SLICE_X58Y96                                                      r  U_adder_top/U_flicker/dma/awvalid1_carry__1/CI
    Placement     SLICE_X58Y96         CARRY4 (Prop_carry4_CI_CO[3])
                                                                    0.054     5.080 r  U_adder_top/U_flicker/dma/awvalid1_carry__1/CO[3]
                                       net (fo=1, routed)           0.000     5.080    U_adder_top/U_flicker/dma/awvalid1_carry__1_n_0
    Placement     SLICE_X58Y97                                                      r  U_adder_top/U_flicker/dma/awvalid1_carry__2/CI
    Placement     SLICE_X58Y97         CARRY4 (Prop_carry4_CI_CO[3])
                                                                    0.054     5.134 r  U_adder_top/U_flicker/dma/awvalid1_carry__2/CO[3]
                                       net (fo=1, routed)           0.511     5.645    U_adder_top/U_flicker/dma/awvalid1
    Placement     SLICE_X59Y102                                                     r  U_adder_top/U_flicker/dma/ZGolo_i_583/I3
    Placement     SLICE_X59Y102        LUT6 (Prop_lut6_I3_O)        0.043     5.688 r  U_adder_top/U_flicker/dma/ZGolo_i_583/O
                                       net (fo=4, routed)           0.388     6.076    U_adder_top/legacy/U_adder/U_avr_rs/u_avr_frs/fawv
    Placement     SLICE_X61Y109                                                     r  U_adder_top/legacy/U_adder/U_avr_rs/u_avr_frs/ZGolo_i_547/I0
    Placement     SLICE_X61Y109        LUT5 (Prop_lut5_I0_O)        0.043     6.119 r  U_adder_top/legacy/U_adder/U_avr_rs/u_avr_frs/ZGolo_i_547/O
                                       net (fo=8, routed)           0.762     6.881    U0_ps_ai_peripheral/ZGolo/UserCustomOp_0_awwvalid
    Placement     SLICE_X65Y133                                                     r  U0_ps_ai_peripheral/ZGolo/s_valid_i_2__7/I1
    Placement     SLICE_X65Y133        LUT4 (Prop_lut4_I1_O)        0.043     6.924 r  U0_ps_ai_peripheral/ZGolo/s_valid_i_2__7/O
                                       net (fo=2, routed)           0.242     7.166    U0_ps_ai_peripheral/ZGolo/u_AI_Mate_top/ddr_witcn_u0/m_ddr_itf_awwvalid
    Placement     SLICE_X64Y134                                                     r  U0_ps_ai_peripheral/ZGolo/s_data[616]_i_1/I0
    Placement     SLICE_X64Y134        LUT4 (Prop_lut4_I0_O)        0.043     7.209 r  U0_ps_ai_peripheral/ZGolo/s_data[616]_i_1/O
                                       net (fo=617, routed)         0.916     8.124    U0_ps_ai_peripheral/ZGolo/s_data[616]_i_1_n_0
    Placement     SLICE_X85Y138        FDCE                                         r  U0_ps_ai_peripheral/ZGolo/u_AI_Mate_top/ddr_witcn_u0/avr_rs_u0/u_avr_frs/s_data_reg[153]/CE
  ---------------------------------------------------------------------------------    -------------------

                                       (clock clk_pll_i rise edge)
                                                                    5.000     5.000 r  
                  C8                                                0.000     5.000 r  sys_clk_p (IN)
                                       net (fo=0)                   0.000     5.000    U0_ps_ai_peripheral/mig_ddr3_u0/u_mig_7series_0_mig/u_ddr3_clk_ibuf/sys_clk_p
                  C8                                                                r  U0_ps_ai_peripheral/mig_ddr3_u0/u_mig_7series_0_mig/u_ddr3_clk_ibuf/diff_input_clk.u_ibufg_sys_clk/I
                  C8                   IBUFDS (Prop_ibufds_I_O)     0.758     5.758 r  U0_ps_ai_peripheral/mig_ddr3_u0/u_mig_7series_0_mig/u_ddr3_clk_ibuf/diff_input_clk.u_ibufg_sys_clk/O
                                       net (fo=3, routed)           1.001     6.759    U0_ps_ai_peripheral/mig_ddr3_u0/u_mig_7series_0_mig/u_ddr3_infrastructure/out
                  PLLE2_ADV_X1Y2                                                    r  U0_ps_ai_peripheral/mig_ddr3_u0/u_mig_7series_0_mig/u_ddr3_infrastructure/plle2_i/CLKIN1
                  PLLE2_ADV_X1Y2       PLLE2_ADV (Prop_plle2_adv_CLKIN1_CLKOUT3)
                                                                    0.073     6.832 r  U0_ps_ai_peripheral/mig_ddr3_u0/u_mig_7series_0_mig/u_ddr3_infrastructure/plle2_i/CLKOUT3
                                       net (fo=1, routed)           1.033     7.865    U0_ps_ai_peripheral/mig_ddr3_u0/u_mig_7series_0_mig/u_ddr3_infrastructure/pll_clk3_out
                  BUFHCE_X1Y24                                                      r  U0_ps_ai_peripheral/mig_ddr3_u0/u_mig_7series_0_mig/u_ddr3_infrastructure/u_bufh_pll_clk3/I
                  BUFHCE_X1Y24         BUFH (Prop_bufh_I_O)         0.066     7.931 r  U0_ps_ai_peripheral/mig_ddr3_u0/u_mig_7series_0_mig/u_ddr3_infrastructure/u_bufh_pll_clk3/O
                                       net (fo=1, routed)           0.710     8.641    U0_ps_ai_peripheral/mig_ddr3_u0/u_mig_7series_0_mig/u_ddr3_infrastructure/pll_clk3
                  MMCME2_ADV_X1Y2                                                   r  U0_ps_ai_peripheral/mig_ddr3_u0/u_mig_7series_0_mig/u_ddr3_infrastructure/gen_mmcm.mmcm_i/CLKIN1
                  MMCME2_ADV_X1Y2      MMCME2_ADV (Prop_mmcme2_adv_CLKIN1_CLKFBOUT)
                                                                   -2.652     5.989 r  U0_ps_ai_peripheral/mig_ddr3_u0/u_mig_7series_0_mig/u_ddr3_infrastructure/gen_mmcm.mmcm_i/CLKFBOUT
                                       net (fo=1, routed)           1.333     7.322    U0_ps_ai_peripheral/mig_ddr3_u0/u_mig_7series_0_mig/u_ddr3_infrastructure/clk_pll_i
                  BUFGCTRL_X0Y16                                                    r  U0_ps_ai_peripheral/mig_ddr3_u0/u_mig_7series_0_mig/u_ddr3_infrastructure/u_bufg_clkdiv0/I
                  BUFGCTRL_X0Y16       BUFG (Prop_bufg_I_O)         0.083     7.405 r  U0_ps_ai_peripheral/mig_ddr3_u0/u_mig_7series_0_mig/u_ddr3_infrastructure/u_bufg_clkdiv0/O
                                       net (fo=103920, routed)      1.083     8.488    U0_ps_ai_peripheral/ZGolo/hp_clk
                  SLICE_X85Y138        FDCE                                         r  U0_ps_ai_peripheral/ZGolo/u_AI_Mate_top/ddr_witcn_u0/avr_rs_u0/u_avr_frs/s_data_reg[153]/C
                                       clock pessimism              0.253     8.742    
                                       clock uncertainty           -0.052     8.689    
                  SLICE_X85Y138        FDCE (Setup_fdce_C_CE)      -0.201     8.488    U0_ps_ai_peripheral/ZGolo/u_AI_Mate_top/ddr_witcn_u0/avr_rs_u0/u_avr_frs/s_data_reg[153]
  ---------------------------------------------------------------------------------
                                       required time                          8.488    
                                       arrival time                          -8.124    
  ---------------------------------------------------------------------------------
                                       slack                                  0.364    

Slack (MET) :             0.364ns  (required time - arrival time)
  Source:                 U_adder_top/U_flicker/dma/write_count_reg[0]/C
                            (rising edge-triggered cell FDCE clocked by clk_pll_i  {rise@0.000ns fall@2.500ns period=5.000ns})
  Destination:            U0_ps_ai_peripheral/ZGolo/u_AI_Mate_top/ddr_witcn_u0/avr_rs_u0/u_avr_frs/s_data_reg[172]/CE
                            (rising edge-triggered cell FDCE clocked by clk_pll_i  {rise@0.000ns fall@2.500ns period=5.000ns})
  Path Group:             clk_pll_i
  Path Type:              Setup (Max at Slow Process Corner)
  Requirement:            5.000ns  (clk_pll_i rise@5.000ns - clk_pll_i rise@0.000ns)
  Data Path Delay:        4.243ns  (logic 0.846ns (19.937%)  route 3.397ns (80.063%))
  Logic Levels:           9  (CARRY4=4 LUT4=3 LUT5=1 LUT6=1)
  Clock Path Skew:        -0.139ns (DCD - SCD + CPR)
    Destination Clock Delay (DCD):    3.488ns = ( 8.488 - 5.000 ) 
    Source Clock Delay      (SCD):    3.881ns
    Clock Pessimism Removal (CPR):    0.253ns
  Clock Uncertainty:      0.052ns  ((TSJ^2 + DJ^2)^1/2) / 2 + PE
    Total System Jitter     (TSJ):    0.071ns
    Discrete Jitter          (DJ):    0.077ns
    Phase Error              (PE):    0.000ns

    Pin Reuse     Location             Delay type                Incr(ns)  Path(ns)    Netlist Resource(s)
  ---------------------------------------------------------------------------------    -------------------
                                       (clock clk_pll_i rise edge)
                                                                    0.000     0.000 r  
                  C8                                                0.000     0.000 r  sys_clk_p (IN)
                                       net (fo=0)                   0.000     0.000    U0_ps_ai_peripheral/mig_ddr3_u0/u_mig_7series_0_mig/u_ddr3_clk_ibuf/sys_clk_p
                  C8                                                                r  U0_ps_ai_peripheral/mig_ddr3_u0/u_mig_7series_0_mig/u_ddr3_clk_ibuf/diff_input_clk.u_ibufg_sys_clk/I
                  C8                   IBUFDS (Prop_ibufds_I_O)     0.855     0.855 r  U0_ps_ai_peripheral/mig_ddr3_u0/u_mig_7series_0_mig/u_ddr3_clk_ibuf/diff_input_clk.u_ibufg_sys_clk/O
                                       net (fo=3, routed)           1.098     1.953    U0_ps_ai_peripheral/mig_ddr3_u0/u_mig_7series_0_mig/u_ddr3_infrastructure/out
                  PLLE2_ADV_X1Y2                                                    r  U0_ps_ai_peripheral/mig_ddr3_u0/u_mig_7series_0_mig/u_ddr3_infrastructure/plle2_i/CLKIN1
                  PLLE2_ADV_X1Y2       PLLE2_ADV (Prop_plle2_adv_CLKIN1_CLKOUT3)
                                                                    0.077     2.030 r  U0_ps_ai_peripheral/mig_ddr3_u0/u_mig_7series_0_mig/u_ddr3_infrastructure/plle2_i/CLKOUT3
                                       net (fo=1, routed)           1.145     3.175    U0_ps_ai_peripheral/mig_ddr3_u0/u_mig_7series_0_mig/u_ddr3_infrastructure/pll_clk3_out
                  BUFHCE_X1Y24                                                      r  U0_ps_ai_peripheral/mig_ddr3_u0/u_mig_7series_0_mig/u_ddr3_infrastructure/u_bufh_pll_clk3/I
                  BUFHCE_X1Y24         BUFH (Prop_bufh_I_O)         0.103     3.278 r  U0_ps_ai_peripheral/mig_ddr3_u0/u_mig_7series_0_mig/u_ddr3_infrastructure/u_bufh_pll_clk3/O
                                       net (fo=1, routed)           0.779     4.057    U0_ps_ai_peripheral/mig_ddr3_u0/u_mig_7series_0_mig/u_ddr3_infrastructure/pll_clk3
                  MMCME2_ADV_X1Y2                                                   r  U0_ps_ai_peripheral/mig_ddr3_u0/u_mig_7series_0_mig/u_ddr3_infrastructure/gen_mmcm.mmcm_i/CLKIN1
                  MMCME2_ADV_X1Y2      MMCME2_ADV (Prop_mmcme2_adv_CLKIN1_CLKFBOUT)
                                                                   -2.933     1.124 r  U0_ps_ai_peripheral/mig_ddr3_u0/u_mig_7series_0_mig/u_ddr3_infrastructure/gen_mmcm.mmcm_i/CLKFBOUT
                                       net (fo=1, routed)           1.442     2.566    U0_ps_ai_peripheral/mig_ddr3_u0/u_mig_7series_0_mig/u_ddr3_infrastructure/clk_pll_i
                  BUFGCTRL_X0Y16                                                    r  U0_ps_ai_peripheral/mig_ddr3_u0/u_mig_7series_0_mig/u_ddr3_infrastructure/u_bufg_clkdiv0/I
                  BUFGCTRL_X0Y16       BUFG (Prop_bufg_I_O)         0.093     2.659 r  U0_ps_ai_peripheral/mig_ddr3_u0/u_mig_7series_0_mig/u_ddr3_infrastructure/u_bufg_clkdiv0/O
                                       net (fo=103920, routed)      1.222     3.881    U_adder_top/U_flicker/dma/ui_clk
                  SLICE_X57Y91         FDCE                                         r  U_adder_top/U_flicker/dma/write_count_reg[0]/C
  ---------------------------------------------------------------------------------    -------------------
    Placement     SLICE_X57Y91         FDCE (Prop_fdce_C_Q)         0.223     4.104 r  U_adder_top/U_flicker/dma/write_count_reg[0]/Q
                                       net (fo=6, routed)           0.579     4.683    U_adder_top/U_flicker/dma/writes[0]
    Placement     SLICE_X58Y94                                                      r  U_adder_top/U_flicker/dma/awvalid1_carry_i_8/I2
    Routing       SLICE_X58Y94         LUT4 (Prop_lut4_I2_O)        0.043     4.726 r  U_adder_top/U_flicker/dma/awvalid1_carry_i_8/O
                                       net (fo=1, routed)           0.000     4.726    U_adder_top/U_flicker/dma/awvalid1_carry_i_8_n_0
    Routing       SLICE_X58Y94                                                      r  U_adder_top/U_flicker/dma/awvalid1_carry/S[0]
    Placement     SLICE_X58Y94         CARRY4 (Prop_carry4_S[0]_CO[3])
                                                                    0.246     4.972 r  U_adder_top/U_flicker/dma/awvalid1_carry/CO[3]
                                       net (fo=1, routed)           0.000     4.972    U_adder_top/U_flicker/dma/awvalid1_carry_n_0
    Placement     SLICE_X58Y95                                                      r  U_adder_top/U_flicker/dma/awvalid1_carry__0/CI
    Placement     SLICE_X58Y95         CARRY4 (Prop_carry4_CI_CO[3])
                                                                    0.054     5.026 r  U_adder_top/U_flicker/dma/awvalid1_carry__0/CO[3]
                                       net (fo=1, routed)           0.000     5.026    U_adder_top/U_flicker/dma/awvalid1_carry__0_n_0
    Placement     SLICE_X58Y96                                                      r  U_adder_top/U_flicker/dma/awvalid1_carry__1/CI
    Placement     SLICE_X58Y96         CARRY4 (Prop_carry4_CI_CO[3])
                                                                    0.054     5.080 r  U_adder_top/U_flicker/dma/awvalid1_carry__1/CO[3]
                                       net (fo=1, routed)           0.000     5.080    U_adder_top/U_flicker/dma/awvalid1_carry__1_n_0
    Placement     SLICE_X58Y97                                                      r  U_adder_top/U_flicker/dma/awvalid1_carry__2/CI
    Placement     SLICE_X58Y97         CARRY4 (Prop_carry4_CI_CO[3])
                                                                    0.054     5.134 r  U_adder_top/U_flicker/dma/awvalid1_carry__2/CO[3]
                                       net (fo=1, routed)           0.511     5.645    U_adder_top/U_flicker/dma/awvalid1
    Placement     SLICE_X59Y102                                                     r  U_adder_top/U_flicker/dma/ZGolo_i_583/I3
    Placement     SLICE_X59Y102        LUT6 (Prop_lut6_I3_O)        0.043     5.688 r  U_adder_top/U_flicker/dma/ZGolo_i_583/O
                                       net (fo=4, routed)           0.388     6.076    U_adder_top/legacy/U_adder/U_avr_rs/u_avr_frs/fawv
    Placement     SLICE_X61Y109                                                     r  U_adder_top/legacy/U_adder/U_avr_rs/u_avr_frs/ZGolo_i_547/I0
    Placement     SLICE_X61Y109        LUT5 (Prop_lut5_I0_O)        0.043     6.119 r  U_adder_top/legacy/U_adder/U_avr_rs/u_avr_frs/ZGolo_i_547/O
                                       net (fo=8, routed)           0.762     6.881    U0_ps_ai_peripheral/ZGolo/UserCustomOp_0_awwvalid
    Placement     SLICE_X65Y133                                                     r  U0_ps_ai_peripheral/ZGolo/s_valid_i_2__7/I1
    Placement     SLICE_X65Y133        LUT4 (Prop_lut4_I1_O)        0.043     6.924 r  U0_ps_ai_peripheral/ZGolo/s_valid_i_2__7/O
                                       net (fo=2, routed)           0.242     7.166    U0_ps_ai_peripheral/ZGolo/u_AI_Mate_top/ddr_witcn_u0/m_ddr_itf_awwvalid
    Placement     SLICE_X64Y134                                                     r  U0_ps_ai_peripheral/ZGolo/s_data[616]_i_1/I0
    Placement     SLICE_X64Y134        LUT4 (Prop_lut4_I0_O)        0.043     7.209 r  U0_ps_ai_peripheral/ZGolo/s_data[616]_i_1/O
                                       net (fo=617, routed)         0.916     8.124    U0_ps_ai_peripheral/ZGolo/s_data[616]_i_1_n_0
    Placement     SLICE_X85Y138        FDCE                                         r  U0_ps_ai_peripheral/ZGolo/u_AI_Mate_top/ddr_witcn_u0/avr_rs_u0/u_avr_frs/s_data_reg[172]/CE
  ---------------------------------------------------------------------------------    -------------------

                                       (clock clk_pll_i rise edge)
                                                                    5.000     5.000 r  
                  C8                                                0.000     5.000 r  sys_clk_p (IN)
                                       net (fo=0)                   0.000     5.000    U0_ps_ai_peripheral/mig_ddr3_u0/u_mig_7series_0_mig/u_ddr3_clk_ibuf/sys_clk_p
                  C8                                                                r  U0_ps_ai_peripheral/mig_ddr3_u0/u_mig_7series_0_mig/u_ddr3_clk_ibuf/diff_input_clk.u_ibufg_sys_clk/I
                  C8                   IBUFDS (Prop_ibufds_I_O)     0.758     5.758 r  U0_ps_ai_peripheral/mig_ddr3_u0/u_mig_7series_0_mig/u_ddr3_clk_ibuf/diff_input_clk.u_ibufg_sys_clk/O
                                       net (fo=3, routed)           1.001     6.759    U0_ps_ai_peripheral/mig_ddr3_u0/u_mig_7series_0_mig/u_ddr3_infrastructure/out
                  PLLE2_ADV_X1Y2                                                    r  U0_ps_ai_peripheral/mig_ddr3_u0/u_mig_7series_0_mig/u_ddr3_infrastructure/plle2_i/CLKIN1
                  PLLE2_ADV_X1Y2       PLLE2_ADV (Prop_plle2_adv_CLKIN1_CLKOUT3)
                                                                    0.073     6.832 r  U0_ps_ai_peripheral/mig_ddr3_u0/u_mig_7series_0_mig/u_ddr3_infrastructure/plle2_i/CLKOUT3
                                       net (fo=1, routed)           1.033     7.865    U0_ps_ai_peripheral/mig_ddr3_u0/u_mig_7series_0_mig/u_ddr3_infrastructure/pll_clk3_out
                  BUFHCE_X1Y24                                                      r  U0_ps_ai_peripheral/mig_ddr3_u0/u_mig_7series_0_mig/u_ddr3_infrastructure/u_bufh_pll_clk3/I
                  BUFHCE_X1Y24         BUFH (Prop_bufh_I_O)         0.066     7.931 r  U0_ps_ai_peripheral/mig_ddr3_u0/u_mig_7series_0_mig/u_ddr3_infrastructure/u_bufh_pll_clk3/O
                                       net (fo=1, routed)           0.710     8.641    U0_ps_ai_peripheral/mig_ddr3_u0/u_mig_7series_0_mig/u_ddr3_infrastructure/pll_clk3
                  MMCME2_ADV_X1Y2                                                   r  U0_ps_ai_peripheral/mig_ddr3_u0/u_mig_7series_0_mig/u_ddr3_infrastructure/gen_mmcm.mmcm_i/CLKIN1
                  MMCME2_ADV_X1Y2      MMCME2_ADV (Prop_mmcme2_adv_CLKIN1_CLKFBOUT)
                                                                   -2.652     5.989 r  U0_ps_ai_peripheral/mig_ddr3_u0/u_mig_7series_0_mig/u_ddr3_infrastructure/gen_mmcm.mmcm_i/CLKFBOUT
                                       net (fo=1, routed)           1.333     7.322    U0_ps_ai_peripheral/mig_ddr3_u0/u_mig_7series_0_mig/u_ddr3_infrastructure/clk_pll_i
                  BUFGCTRL_X0Y16                                                    r  U0_ps_ai_peripheral/mig_ddr3_u0/u_mig_7series_0_mig/u_ddr3_infrastructure/u_bufg_clkdiv0/I
                  BUFGCTRL_X0Y16       BUFG (Prop_bufg_I_O)         0.083     7.405 r  U0_ps_ai_peripheral/mig_ddr3_u0/u_mig_7series_0_mig/u_ddr3_infrastructure/u_bufg_clkdiv0/O
                                       net (fo=103920, routed)      1.083     8.488    U0_ps_ai_peripheral/ZGolo/hp_clk
                  SLICE_X85Y138        FDCE                                         r  U0_ps_ai_peripheral/ZGolo/u_AI_Mate_top/ddr_witcn_u0/avr_rs_u0/u_avr_frs/s_data_reg[172]/C
                                       clock pessimism              0.253     8.742    
                                       clock uncertainty           -0.052     8.689    
                  SLICE_X85Y138        FDCE (Setup_fdce_C_CE)      -0.201     8.488    U0_ps_ai_peripheral/ZGolo/u_AI_Mate_top/ddr_witcn_u0/avr_rs_u0/u_avr_frs/s_data_reg[172]
  ---------------------------------------------------------------------------------
                                       required time                          8.488    
                                       arrival time                          -8.124    
  ---------------------------------------------------------------------------------
                                       slack                                  0.364    

Slack (MET) :             0.368ns  (required time - arrival time)
  Source:                 U_adder_top/U_flicker/dma/write_count_reg[0]/C
                            (rising edge-triggered cell FDCE clocked by clk_pll_i  {rise@0.000ns fall@2.500ns period=5.000ns})
  Destination:            U0_ps_ai_peripheral/ZGolo/u_AI_Mate_top/ddr_witcn_u0/mna_idfifo_w5_u0/U0/inst_fifo_gen/gconvfifo.rf/grf.rf/gntv_or_sync_fifo.gl0.wr/gwss.gpf.wrpf/gdiff.gcry_1_sym.diff_pntr_pad_reg[6]/D
                            (rising edge-triggered cell FDRE clocked by clk_pll_i  {rise@0.000ns fall@2.500ns period=5.000ns})
  Path Group:             clk_pll_i
  Path Type:              Setup (Max at Slow Process Corner)
  Requirement:            5.000ns  (clk_pll_i rise@5.000ns - clk_pll_i rise@0.000ns)
  Data Path Delay:        4.481ns  (logic 1.299ns (28.989%)  route 3.182ns (71.011%))
  Logic Levels:           11  (CARRY4=6 LUT4=1 LUT5=1 LUT6=3)
  Clock Path Skew:        -0.148ns (DCD - SCD + CPR)
    Destination Clock Delay (DCD):    3.479ns = ( 8.479 - 5.000 ) 
    Source Clock Delay      (SCD):    3.881ns
    Clock Pessimism Removal (CPR):    0.253ns
  Clock Uncertainty:      0.052ns  ((TSJ^2 + DJ^2)^1/2) / 2 + PE
    Total System Jitter     (TSJ):    0.071ns
    Discrete Jitter          (DJ):    0.077ns
    Phase Error              (PE):    0.000ns

    Pin Reuse     Location             Delay type                Incr(ns)  Path(ns)    Netlist Resource(s)
  ---------------------------------------------------------------------------------    -------------------
                                       (clock clk_pll_i rise edge)
                                                                    0.000     0.000 r  
                  C8                                                0.000     0.000 r  sys_clk_p (IN)
                                       net (fo=0)                   0.000     0.000    U0_ps_ai_peripheral/mig_ddr3_u0/u_mig_7series_0_mig/u_ddr3_clk_ibuf/sys_clk_p
                  C8                                                                r  U0_ps_ai_peripheral/mig_ddr3_u0/u_mig_7series_0_mig/u_ddr3_clk_ibuf/diff_input_clk.u_ibufg_sys_clk/I
                  C8                   IBUFDS (Prop_ibufds_I_O)     0.855     0.855 r  U0_ps_ai_peripheral/mig_ddr3_u0/u_mig_7series_0_mig/u_ddr3_clk_ibuf/diff_input_clk.u_ibufg_sys_clk/O
                                       net (fo=3, routed)           1.098     1.953    U0_ps_ai_peripheral/mig_ddr3_u0/u_mig_7series_0_mig/u_ddr3_infrastructure/out
                  PLLE2_ADV_X1Y2                                                    r  U0_ps_ai_peripheral/mig_ddr3_u0/u_mig_7series_0_mig/u_ddr3_infrastructure/plle2_i/CLKIN1
                  PLLE2_ADV_X1Y2       PLLE2_ADV (Prop_plle2_adv_CLKIN1_CLKOUT3)
                                                                    0.077     2.030 r  U0_ps_ai_peripheral/mig_ddr3_u0/u_mig_7series_0_mig/u_ddr3_infrastructure/plle2_i/CLKOUT3
                                       net (fo=1, routed)           1.145     3.175    U0_ps_ai_peripheral/mig_ddr3_u0/u_mig_7series_0_mig/u_ddr3_infrastructure/pll_clk3_out
                  BUFHCE_X1Y24                                                      r  U0_ps_ai_peripheral/mig_ddr3_u0/u_mig_7series_0_mig/u_ddr3_infrastructure/u_bufh_pll_clk3/I
                  BUFHCE_X1Y24         BUFH (Prop_bufh_I_O)         0.103     3.278 r  U0_ps_ai_peripheral/mig_ddr3_u0/u_mig_7series_0_mig/u_ddr3_infrastructure/u_bufh_pll_clk3/O
                                       net (fo=1, routed)           0.779     4.057    U0_ps_ai_peripheral/mig_ddr3_u0/u_mig_7series_0_mig/u_ddr3_infrastructure/pll_clk3
                  MMCME2_ADV_X1Y2                                                   r  U0_ps_ai_peripheral/mig_ddr3_u0/u_mig_7series_0_mig/u_ddr3_infrastructure/gen_mmcm.mmcm_i/CLKIN1
                  MMCME2_ADV_X1Y2      MMCME2_ADV (Prop_mmcme2_adv_CLKIN1_CLKFBOUT)
                                                                   -2.933     1.124 r  U0_ps_ai_peripheral/mig_ddr3_u0/u_mig_7series_0_mig/u_ddr3_infrastructure/gen_mmcm.mmcm_i/CLKFBOUT
                                       net (fo=1, routed)           1.442     2.566    U0_ps_ai_peripheral/mig_ddr3_u0/u_mig_7series_0_mig/u_ddr3_infrastructure/clk_pll_i
                  BUFGCTRL_X0Y16                                                    r  U0_ps_ai_peripheral/mig_ddr3_u0/u_mig_7series_0_mig/u_ddr3_infrastructure/u_bufg_clkdiv0/I
                  BUFGCTRL_X0Y16       BUFG (Prop_bufg_I_O)         0.093     2.659 r  U0_ps_ai_peripheral/mig_ddr3_u0/u_mig_7series_0_mig/u_ddr3_infrastructure/u_bufg_clkdiv0/O
                                       net (fo=103920, routed)      1.222     3.881    U_adder_top/U_flicker/dma/ui_clk
                  SLICE_X57Y91         FDCE                                         r  U_adder_top/U_flicker/dma/write_count_reg[0]/C
  ---------------------------------------------------------------------------------    -------------------
    Placement     SLICE_X57Y91         FDCE (Prop_fdce_C_Q)         0.223     4.104 r  U_adder_top/U_flicker/dma/write_count_reg[0]/Q
                                       net (fo=6, routed)           0.579     4.683    U_adder_top/U_flicker/dma/writes[0]
    Placement     SLICE_X58Y94                                                      r  U_adder_top/U_flicker/dma/awvalid1_carry_i_8/I2
    Routing       SLICE_X58Y94         LUT4 (Prop_lut4_I2_O)        0.043     4.726 r  U_adder_top/U_flicker/dma/awvalid1_carry_i_8/O
                                       net (fo=1, routed)           0.000     4.726    U_adder_top/U_flicker/dma/awvalid1_carry_i_8_n_0
    Routing       SLICE_X58Y94                                                      r  U_adder_top/U_flicker/dma/awvalid1_carry/S[0]
    Placement     SLICE_X58Y94         CARRY4 (Prop_carry4_S[0]_CO[3])
                                                                    0.246     4.972 r  U_adder_top/U_flicker/dma/awvalid1_carry/CO[3]
                                       net (fo=1, routed)           0.000     4.972    U_adder_top/U_flicker/dma/awvalid1_carry_n_0
    Placement     SLICE_X58Y95                                                      r  U_adder_top/U_flicker/dma/awvalid1_carry__0/CI
    Placement     SLICE_X58Y95         CARRY4 (Prop_carry4_CI_CO[3])
                                                                    0.054     5.026 r  U_adder_top/U_flicker/dma/awvalid1_carry__0/CO[3]
                                       net (fo=1, routed)           0.000     5.026    U_adder_top/U_flicker/dma/awvalid1_carry__0_n_0
    Placement     SLICE_X58Y96                                                      r  U_adder_top/U_flicker/dma/awvalid1_carry__1/CI
    Placement     SLICE_X58Y96         CARRY4 (Prop_carry4_CI_CO[3])
                                                                    0.054     5.080 r  U_adder_top/U_flicker/dma/awvalid1_carry__1/CO[3]
                                       net (fo=1, routed)           0.000     5.080    U_adder_top/U_flicker/dma/awvalid1_carry__1_n_0
    Placement     SLICE_X58Y97                                                      r  U_adder_top/U_flicker/dma/awvalid1_carry__2/CI
    Placement     SLICE_X58Y97         CARRY4 (Prop_carry4_CI_CO[3])
                                                                    0.054     5.134 r  U_adder_top/U_flicker/dma/awvalid1_carry__2/CO[3]
                                       net (fo=1, routed)           0.511     5.645    U_adder_top/U_flicker/dma/awvalid1
    Placement     SLICE_X59Y102                                                     r  U_adder_top/U_flicker/dma/ZGolo_i_583/I3
    Placement     SLICE_X59Y102        LUT6 (Prop_lut6_I3_O)        0.043     5.688 r  U_adder_top/U_flicker/dma/ZGolo_i_583/O
                                       net (fo=4, routed)           0.388     6.076    U_adder_top/legacy/U_adder/U_avr_rs/u_avr_frs/fawv
    Placement     SLICE_X61Y109                                                     r  U_adder_top/legacy/U_adder/U_avr_rs/u_avr_frs/ZGolo_i_547/I0
    Placement     SLICE_X61Y109        LUT5 (Prop_lut5_I0_O)        0.043     6.119 r  U_adder_top/legacy/U_adder/U_avr_rs/u_avr_frs/ZGolo_i_547/O
                                       net (fo=8, routed)           0.606     6.725    U0_ps_ai_peripheral/ZGolo/UserCustomOp_0_awwvalid
    Placement     SLICE_X61Y120                                                     r  U0_ps_ai_peripheral/ZGolo/mna_idfifo_w5_u0_i_4/I1
    Placement     SLICE_X61Y120        LUT6 (Prop_lut6_I1_O)        0.043     6.768 r  U0_ps_ai_peripheral/ZGolo/mna_idfifo_w5_u0_i_4/O
                                       net (fo=20, routed)          0.812     7.581    U0_ps_ai_peripheral/ZGolo/u_AI_Mate_top/ddr_witcn_u0/mna_idfifo_w5_u0/U0/inst_fifo_gen/gconvfifo.rf/grf.rf/gntv_or_sync_fifo.gl0.rd/gr1.gr1_int.rfwft/wr_en
    Placement     SLICE_X44Y139                                                     r  U0_ps_ai_peripheral/ZGolo/u_AI_Mate_top/ddr_witcn_u0/mna_idfifo_w5_u0/U0/inst_fifo_gen/gconvfifo.rf/grf.rf/gntv_or_sync_fifo.gl0.rd/gr1.gr1_int.rfwft/plusOp_carry_i_1/I1
    Placement     SLICE_X44Y139        LUT6 (Prop_lut6_I1_O)        0.043     7.624 r  U0_ps_ai_peripheral/ZGolo/u_AI_Mate_top/ddr_witcn_u0/mna_idfifo_w5_u0/U0/inst_fifo_gen/gconvfifo.rf/grf.rf/gntv_or_sync_fifo.gl0.rd/gr1.gr1_int.rfwft/plusOp_carry_i_1/O
                                       net (fo=1, routed)           0.285     7.909    U0_ps_ai_peripheral/ZGolo/u_AI_Mate_top/ddr_witcn_u0/mna_idfifo_w5_u0/U0/inst_fifo_gen/gconvfifo.rf/grf.rf/gntv_or_sync_fifo.gl0.wr/gwss.gpf.wrpf/p_1_out
    Placement     SLICE_X45Y137                                                     r  U0_ps_ai_peripheral/ZGolo/u_AI_Mate_top/ddr_witcn_u0/mna_idfifo_w5_u0/U0/inst_fifo_gen/gconvfifo.rf/grf.rf/gntv_or_sync_fifo.gl0.wr/gwss.gpf.wrpf/plusOp_carry/CYINIT
    Placement     SLICE_X45Y137        CARRY4 (Prop_carry4_CYINIT_CO[3])
                                                                    0.287     8.196 r  U0_ps_ai_peripheral/ZGolo/u_AI_Mate_top/ddr_witcn_u0/mna_idfifo_w5_u0/U0/inst_fifo_gen/gconvfifo.rf/grf.rf/gntv_or_sync_fifo.gl0.wr/gwss.gpf.wrpf/plusOp_carry/CO[3]
                                       net (fo=1, routed)           0.000     8.196    U0_ps_ai_peripheral/ZGolo/u_AI_Mate_top/ddr_witcn_u0/mna_idfifo_w5_u0/U0/inst_fifo_gen/gconvfifo.rf/grf.rf/gntv_or_sync_fifo.gl0.wr/gwss.gpf.wrpf/plusOp_carry_n_0
    Placement     SLICE_X45Y138                                                     r  U0_ps_ai_peripheral/ZGolo/u_AI_Mate_top/ddr_witcn_u0/mna_idfifo_w5_u0/U0/inst_fifo_gen/gconvfifo.rf/grf.rf/gntv_or_sync_fifo.gl0.wr/gwss.gpf.wrpf/plusOp_carry__0/CI
    Routing       SLICE_X45Y138        CARRY4 (Prop_carry4_CI_O[1])
                                                                    0.166     8.362 r  U0_ps_ai_peripheral/ZGolo/u_AI_Mate_top/ddr_witcn_u0/mna_idfifo_w5_u0/U0/inst_fifo_gen/gconvfifo.rf/grf.rf/gntv_or_sync_fifo.gl0.wr/gwss.gpf.wrpf/plusOp_carry__0/O[1]
                                       net (fo=1, routed)           0.000     8.362    U0_ps_ai_peripheral/ZGolo/u_AI_Mate_top/ddr_witcn_u0/mna_idfifo_w5_u0/U0/inst_fifo_gen/gconvfifo.rf/grf.rf/gntv_or_sync_fifo.gl0.wr/gwss.gpf.wrpf/plusOp[6]
    Routing       SLICE_X45Y138        FDRE                                         r  U0_ps_ai_peripheral/ZGolo/u_AI_Mate_top/ddr_witcn_u0/mna_idfifo_w5_u0/U0/inst_fifo_gen/gconvfifo.rf/grf.rf/gntv_or_sync_fifo.gl0.wr/gwss.gpf.wrpf/gdiff.gcry_1_sym.diff_pntr_pad_reg[6]/D
  ---------------------------------------------------------------------------------    -------------------

                                       (clock clk_pll_i rise edge)
                                                                    5.000     5.000 r  
                  C8                                                0.000     5.000 r  sys_clk_p (IN)
                                       net (fo=0)                   0.000     5.000    U0_ps_ai_peripheral/mig_ddr3_u0/u_mig_7series_0_mig/u_ddr3_clk_ibuf/sys_clk_p
                  C8                                                                r  U0_ps_ai_peripheral/mig_ddr3_u0/u_mig_7series_0_mig/u_ddr3_clk_ibuf/diff_input_clk.u_ibufg_sys_clk/I
                  C8                   IBUFDS (Prop_ibufds_I_O)     0.758     5.758 r  U0_ps_ai_peripheral/mig_ddr3_u0/u_mig_7series_0_mig/u_ddr3_clk_ibuf/diff_input_clk.u_ibufg_sys_clk/O
                                       net (fo=3, routed)           1.001     6.759    U0_ps_ai_peripheral/mig_ddr3_u0/u_mig_7series_0_mig/u_ddr3_infrastructure/out
                  PLLE2_ADV_X1Y2                                                    r  U0_ps_ai_peripheral/mig_ddr3_u0/u_mig_7series_0_mig/u_ddr3_infrastructure/plle2_i/CLKIN1
                  PLLE2_ADV_X1Y2       PLLE2_ADV (Prop_plle2_adv_CLKIN1_CLKOUT3)
                                                                    0.073     6.832 r  U0_ps_ai_peripheral/mig_ddr3_u0/u_mig_7series_0_mig/u_ddr3_infrastructure/plle2_i/CLKOUT3
                                       net (fo=1, routed)           1.033     7.865    U0_ps_ai_peripheral/mig_ddr3_u0/u_mig_7series_0_mig/u_ddr3_infrastructure/pll_clk3_out
                  BUFHCE_X1Y24                                                      r  U0_ps_ai_peripheral/mig_ddr3_u0/u_mig_7series_0_mig/u_ddr3_infrastructure/u_bufh_pll_clk3/I
                  BUFHCE_X1Y24         BUFH (Prop_bufh_I_O)         0.066     7.931 r  U0_ps_ai_peripheral/mig_ddr3_u0/u_mig_7series_0_mig/u_ddr3_infrastructure/u_bufh_pll_clk3/O
                                       net (fo=1, routed)           0.710     8.641    U0_ps_ai_peripheral/mig_ddr3_u0/u_mig_7series_0_mig/u_ddr3_infrastructure/pll_clk3
                  MMCME2_ADV_X1Y2                                                   r  U0_ps_ai_peripheral/mig_ddr3_u0/u_mig_7series_0_mig/u_ddr3_infrastructure/gen_mmcm.mmcm_i/CLKIN1
                  MMCME2_ADV_X1Y2      MMCME2_ADV (Prop_mmcme2_adv_CLKIN1_CLKFBOUT)
                                                                   -2.652     5.989 r  U0_ps_ai_peripheral/mig_ddr3_u0/u_mig_7series_0_mig/u_ddr3_infrastructure/gen_mmcm.mmcm_i/CLKFBOUT
                                       net (fo=1, routed)           1.333     7.322    U0_ps_ai_peripheral/mig_ddr3_u0/u_mig_7series_0_mig/u_ddr3_infrastructure/clk_pll_i
                  BUFGCTRL_X0Y16                                                    r  U0_ps_ai_peripheral/mig_ddr3_u0/u_mig_7series_0_mig/u_ddr3_infrastructure/u_bufg_clkdiv0/I
                  BUFGCTRL_X0Y16       BUFG (Prop_bufg_I_O)         0.083     7.405 r  U0_ps_ai_peripheral/mig_ddr3_u0/u_mig_7series_0_mig/u_ddr3_infrastructure/u_bufg_clkdiv0/O
                                       net (fo=103920, routed)      1.074     8.479    U0_ps_ai_peripheral/ZGolo/u_AI_Mate_top/ddr_witcn_u0/mna_idfifo_w5_u0/U0/inst_fifo_gen/gconvfifo.rf/grf.rf/gntv_or_sync_fifo.gl0.wr/gwss.gpf.wrpf/clk
                  SLICE_X45Y138        FDRE                                         r  U0_ps_ai_peripheral/ZGolo/u_AI_Mate_top/ddr_witcn_u0/mna_idfifo_w5_u0/U0/inst_fifo_gen/gconvfifo.rf/grf.rf/gntv_or_sync_fifo.gl0.wr/gwss.gpf.wrpf/gdiff.gcry_1_sym.diff_pntr_pad_reg[6]/C
                                       clock pessimism              0.253     8.733    
                                       clock uncertainty           -0.052     8.680    
                  SLICE_X45Y138        FDRE (Setup_fdre_C_D)        0.049     8.729    U0_ps_ai_peripheral/ZGolo/u_AI_Mate_top/ddr_witcn_u0/mna_idfifo_w5_u0/U0/inst_fifo_gen/gconvfifo.rf/grf.rf/gntv_or_sync_fifo.gl0.wr/gwss.gpf.wrpf/gdiff.gcry_1_sym.diff_pntr_pad_reg[6]
  ---------------------------------------------------------------------------------
                                       required time                          8.729    
                                       arrival time                          -8.362    
  ---------------------------------------------------------------------------------
                                       slack                                  0.368    

Slack (MET) :             0.369ns  (required time - arrival time)
  Source:                 U_adder_top/U_flicker/dma/write_count_reg[0]/C
                            (rising edge-triggered cell FDCE clocked by clk_pll_i  {rise@0.000ns fall@2.500ns period=5.000ns})
  Destination:            U0_ps_ai_peripheral/ZGolo/u_AI_Mate_top/ddr_witcn_u0/mna_idfifo_w5_u0/U0/inst_fifo_gen/gconvfifo.rf/grf.rf/gntv_or_sync_fifo.mem/gdm.dm_gen.dm/RAM_reg_832_895_0_2/RAMA/WE
                            (rising edge-triggered cell RAMD64E clocked by clk_pll_i  {rise@0.000ns fall@2.500ns period=5.000ns})
  Path Group:             clk_pll_i
  Path Type:              Setup (Max at Slow Process Corner)
  Requirement:            5.000ns  (clk_pll_i rise@5.000ns - clk_pll_i rise@0.000ns)
  Data Path Delay:        4.126ns  (logic 0.846ns (20.503%)  route 3.280ns (79.497%))
  Logic Levels:           9  (CARRY4=4 LUT4=1 LUT5=1 LUT6=3)
  Clock Path Skew:        -0.149ns (DCD - SCD + CPR)
    Destination Clock Delay (DCD):    3.478ns = ( 8.478 - 5.000 ) 
    Source Clock Delay      (SCD):    3.881ns
    Clock Pessimism Removal (CPR):    0.253ns
  Clock Uncertainty:      0.052ns  ((TSJ^2 + DJ^2)^1/2) / 2 + PE
    Total System Jitter     (TSJ):    0.071ns
    Discrete Jitter          (DJ):    0.077ns
    Phase Error              (PE):    0.000ns

    Pin Reuse     Location             Delay type                Incr(ns)  Path(ns)    Netlist Resource(s)
  ---------------------------------------------------------------------------------    -------------------
                                       (clock clk_pll_i rise edge)
                                                                    0.000     0.000 r  
                  C8                                                0.000     0.000 r  sys_clk_p (IN)
                                       net (fo=0)                   0.000     0.000    U0_ps_ai_peripheral/mig_ddr3_u0/u_mig_7series_0_mig/u_ddr3_clk_ibuf/sys_clk_p
                  C8                                                                r  U0_ps_ai_peripheral/mig_ddr3_u0/u_mig_7series_0_mig/u_ddr3_clk_ibuf/diff_input_clk.u_ibufg_sys_clk/I
                  C8                   IBUFDS (Prop_ibufds_I_O)     0.855     0.855 r  U0_ps_ai_peripheral/mig_ddr3_u0/u_mig_7series_0_mig/u_ddr3_clk_ibuf/diff_input_clk.u_ibufg_sys_clk/O
                                       net (fo=3, routed)           1.098     1.953    U0_ps_ai_peripheral/mig_ddr3_u0/u_mig_7series_0_mig/u_ddr3_infrastructure/out
                  PLLE2_ADV_X1Y2                                                    r  U0_ps_ai_peripheral/mig_ddr3_u0/u_mig_7series_0_mig/u_ddr3_infrastructure/plle2_i/CLKIN1
                  PLLE2_ADV_X1Y2       PLLE2_ADV (Prop_plle2_adv_CLKIN1_CLKOUT3)
                                                                    0.077     2.030 r  U0_ps_ai_peripheral/mig_ddr3_u0/u_mig_7series_0_mig/u_ddr3_infrastructure/plle2_i/CLKOUT3
                                       net (fo=1, routed)           1.145     3.175    U0_ps_ai_peripheral/mig_ddr3_u0/u_mig_7series_0_mig/u_ddr3_infrastructure/pll_clk3_out
                  BUFHCE_X1Y24                                                      r  U0_ps_ai_peripheral/mig_ddr3_u0/u_mig_7series_0_mig/u_ddr3_infrastructure/u_bufh_pll_clk3/I
                  BUFHCE_X1Y24         BUFH (Prop_bufh_I_O)         0.103     3.278 r  U0_ps_ai_peripheral/mig_ddr3_u0/u_mig_7series_0_mig/u_ddr3_infrastructure/u_bufh_pll_clk3/O
                                       net (fo=1, routed)           0.779     4.057    U0_ps_ai_peripheral/mig_ddr3_u0/u_mig_7series_0_mig/u_ddr3_infrastructure/pll_clk3
                  MMCME2_ADV_X1Y2                                                   r  U0_ps_ai_peripheral/mig_ddr3_u0/u_mig_7series_0_mig/u_ddr3_infrastructure/gen_mmcm.mmcm_i/CLKIN1
                  MMCME2_ADV_X1Y2      MMCME2_ADV (Prop_mmcme2_adv_CLKIN1_CLKFBOUT)
                                                                   -2.933     1.124 r  U0_ps_ai_peripheral/mig_ddr3_u0/u_mig_7series_0_mig/u_ddr3_infrastructure/gen_mmcm.mmcm_i/CLKFBOUT
                                       net (fo=1, routed)           1.442     2.566    U0_ps_ai_peripheral/mig_ddr3_u0/u_mig_7series_0_mig/u_ddr3_infrastructure/clk_pll_i
                  BUFGCTRL_X0Y16                                                    r  U0_ps_ai_peripheral/mig_ddr3_u0/u_mig_7series_0_mig/u_ddr3_infrastructure/u_bufg_clkdiv0/I
                  BUFGCTRL_X0Y16       BUFG (Prop_bufg_I_O)         0.093     2.659 r  U0_ps_ai_peripheral/mig_ddr3_u0/u_mig_7series_0_mig/u_ddr3_infrastructure/u_bufg_clkdiv0/O
                                       net (fo=103920, routed)      1.222     3.881    U_adder_top/U_flicker/dma/ui_clk
                  SLICE_X57Y91         FDCE                                         r  U_adder_top/U_flicker/dma/write_count_reg[0]/C
  ---------------------------------------------------------------------------------    -------------------
    Placement     SLICE_X57Y91         FDCE (Prop_fdce_C_Q)         0.223     4.104 r  U_adder_top/U_flicker/dma/write_count_reg[0]/Q
                                       net (fo=6, routed)           0.579     4.683    U_adder_top/U_flicker/dma/writes[0]
    Placement     SLICE_X58Y94                                                      r  U_adder_top/U_flicker/dma/awvalid1_carry_i_8/I2
    Routing       SLICE_X58Y94         LUT4 (Prop_lut4_I2_O)        0.043     4.726 r  U_adder_top/U_flicker/dma/awvalid1_carry_i_8/O
                                       net (fo=1, routed)           0.000     4.726    U_adder_top/U_flicker/dma/awvalid1_carry_i_8_n_0
    Routing       SLICE_X58Y94                                                      r  U_adder_top/U_flicker/dma/awvalid1_carry/S[0]
    Placement     SLICE_X58Y94         CARRY4 (Prop_carry4_S[0]_CO[3])
                                                                    0.246     4.972 r  U_adder_top/U_flicker/dma/awvalid1_carry/CO[3]
                                       net (fo=1, routed)           0.000     4.972    U_adder_top/U_flicker/dma/awvalid1_carry_n_0
    Placement     SLICE_X58Y95                                                      r  U_adder_top/U_flicker/dma/awvalid1_carry__0/CI
    Placement     SLICE_X58Y95         CARRY4 (Prop_carry4_CI_CO[3])
                                                                    0.054     5.026 r  U_adder_top/U_flicker/dma/awvalid1_carry__0/CO[3]
                                       net (fo=1, routed)           0.000     5.026    U_adder_top/U_flicker/dma/awvalid1_carry__0_n_0
    Placement     SLICE_X58Y96                                                      r  U_adder_top/U_flicker/dma/awvalid1_carry__1/CI
    Placement     SLICE_X58Y96         CARRY4 (Prop_carry4_CI_CO[3])
                                                                    0.054     5.080 r  U_adder_top/U_flicker/dma/awvalid1_carry__1/CO[3]
                                       net (fo=1, routed)           0.000     5.080    U_adder_top/U_flicker/dma/awvalid1_carry__1_n_0
    Placement     SLICE_X58Y97                                                      r  U_adder_top/U_flicker/dma/awvalid1_carry__2/CI
    Placement     SLICE_X58Y97         CARRY4 (Prop_carry4_CI_CO[3])
                                                                    0.054     5.134 r  U_adder_top/U_flicker/dma/awvalid1_carry__2/CO[3]
                                       net (fo=1, routed)           0.511     5.645    U_adder_top/U_flicker/dma/awvalid1
    Placement     SLICE_X59Y102                                                     r  U_adder_top/U_flicker/dma/ZGolo_i_583/I3
    Placement     SLICE_X59Y102        LUT6 (Prop_lut6_I3_O)        0.043     5.688 r  U_adder_top/U_flicker/dma/ZGolo_i_583/O
                                       net (fo=4, routed)           0.388     6.076    U_adder_top/legacy/U_adder/U_avr_rs/u_avr_frs/fawv
    Placement     SLICE_X61Y109                                                     r  U_adder_top/legacy/U_adder/U_avr_rs/u_avr_frs/ZGolo_i_547/I0
    Placement     SLICE_X61Y109        LUT5 (Prop_lut5_I0_O)        0.043     6.119 r  U_adder_top/legacy/U_adder/U_avr_rs/u_avr_frs/ZGolo_i_547/O
                                       net (fo=8, routed)           0.606     6.725    U0_ps_ai_peripheral/ZGolo/UserCustomOp_0_awwvalid
    Placement     SLICE_X61Y120                                                     r  U0_ps_ai_peripheral/ZGolo/mna_idfifo_w5_u0_i_4/I1
    Placement     SLICE_X61Y120        LUT6 (Prop_lut6_I1_O)        0.043     6.768 r  U0_ps_ai_peripheral/ZGolo/mna_idfifo_w5_u0_i_4/O
                                       net (fo=20, routed)          0.828     7.596    U0_ps_ai_peripheral/ZGolo/u_AI_Mate_top/ddr_witcn_u0/mna_idfifo_w5_u0/U0/inst_fifo_gen/gconvfifo.rf/grf.rf/gntv_or_sync_fifo.gl0.wr/wpntr/wr_en
    Placement     SLICE_X49Y135                                                     r  U0_ps_ai_peripheral/ZGolo/u_AI_Mate_top/ddr_witcn_u0/mna_idfifo_w5_u0/U0/inst_fifo_gen/gconvfifo.rf/grf.rf/gntv_or_sync_fifo.gl0.wr/wpntr/RAM_reg_832_895_0_2_i_1/I4
    Placement     SLICE_X49Y135        LUT6 (Prop_lut6_I4_O)        0.043     7.639 r  U0_ps_ai_peripheral/ZGolo/u_AI_Mate_top/ddr_witcn_u0/mna_idfifo_w5_u0/U0/inst_fifo_gen/gconvfifo.rf/grf.rf/gntv_or_sync_fifo.gl0.wr/wpntr/RAM_reg_832_895_0_2_i_1/O
                                       net (fo=8, routed)           0.368     8.007    U0_ps_ai_peripheral/ZGolo/u_AI_Mate_top/ddr_witcn_u0/mna_idfifo_w5_u0/U0/inst_fifo_gen/gconvfifo.rf/grf.rf/gntv_or_sync_fifo.mem/gdm.dm_gen.dm/RAM_reg_832_895_0_2/WE
    Placement     SLICE_X46Y135        RAMD64E                                      r  U0_ps_ai_peripheral/ZGolo/u_AI_Mate_top/ddr_witcn_u0/mna_idfifo_w5_u0/U0/inst_fifo_gen/gconvfifo.rf/grf.rf/gntv_or_sync_fifo.mem/gdm.dm_gen.dm/RAM_reg_832_895_0_2/RAMA/WE
  ---------------------------------------------------------------------------------    -------------------

                                       (clock clk_pll_i rise edge)
                                                                    5.000     5.000 r  
                  C8                                                0.000     5.000 r  sys_clk_p (IN)
                                       net (fo=0)                   0.000     5.000    U0_ps_ai_peripheral/mig_ddr3_u0/u_mig_7series_0_mig/u_ddr3_clk_ibuf/sys_clk_p
                  C8                                                                r  U0_ps_ai_peripheral/mig_ddr3_u0/u_mig_7series_0_mig/u_ddr3_clk_ibuf/diff_input_clk.u_ibufg_sys_clk/I
                  C8                   IBUFDS (Prop_ibufds_I_O)     0.758     5.758 r  U0_ps_ai_peripheral/mig_ddr3_u0/u_mig_7series_0_mig/u_ddr3_clk_ibuf/diff_input_clk.u_ibufg_sys_clk/O
                                       net (fo=3, routed)           1.001     6.759    U0_ps_ai_peripheral/mig_ddr3_u0/u_mig_7series_0_mig/u_ddr3_infrastructure/out
                  PLLE2_ADV_X1Y2                                                    r  U0_ps_ai_peripheral/mig_ddr3_u0/u_mig_7series_0_mig/u_ddr3_infrastructure/plle2_i/CLKIN1
                  PLLE2_ADV_X1Y2       PLLE2_ADV (Prop_plle2_adv_CLKIN1_CLKOUT3)
                                                                    0.073     6.832 r  U0_ps_ai_peripheral/mig_ddr3_u0/u_mig_7series_0_mig/u_ddr3_infrastructure/plle2_i/CLKOUT3
                                       net (fo=1, routed)           1.033     7.865    U0_ps_ai_peripheral/mig_ddr3_u0/u_mig_7series_0_mig/u_ddr3_infrastructure/pll_clk3_out
                  BUFHCE_X1Y24                                                      r  U0_ps_ai_peripheral/mig_ddr3_u0/u_mig_7series_0_mig/u_ddr3_infrastructure/u_bufh_pll_clk3/I
                  BUFHCE_X1Y24         BUFH (Prop_bufh_I_O)         0.066     7.931 r  U0_ps_ai_peripheral/mig_ddr3_u0/u_mig_7series_0_mig/u_ddr3_infrastructure/u_bufh_pll_clk3/O
                                       net (fo=1, routed)           0.710     8.641    U0_ps_ai_peripheral/mig_ddr3_u0/u_mig_7series_0_mig/u_ddr3_infrastructure/pll_clk3
                  MMCME2_ADV_X1Y2                                                   r  U0_ps_ai_peripheral/mig_ddr3_u0/u_mig_7series_0_mig/u_ddr3_infrastructure/gen_mmcm.mmcm_i/CLKIN1
                  MMCME2_ADV_X1Y2      MMCME2_ADV (Prop_mmcme2_adv_CLKIN1_CLKFBOUT)
                                                                   -2.652     5.989 r  U0_ps_ai_peripheral/mig_ddr3_u0/u_mig_7series_0_mig/u_ddr3_infrastructure/gen_mmcm.mmcm_i/CLKFBOUT
                                       net (fo=1, routed)           1.333     7.322    U0_ps_ai_peripheral/mig_ddr3_u0/u_mig_7series_0_mig/u_ddr3_infrastructure/clk_pll_i
                  BUFGCTRL_X0Y16                                                    r  U0_ps_ai_peripheral/mig_ddr3_u0/u_mig_7series_0_mig/u_ddr3_infrastructure/u_bufg_clkdiv0/I
                  BUFGCTRL_X0Y16       BUFG (Prop_bufg_I_O)         0.083     7.405 r  U0_ps_ai_peripheral/mig_ddr3_u0/u_mig_7series_0_mig/u_ddr3_infrastructure/u_bufg_clkdiv0/O
                                       net (fo=103920, routed)      1.073     8.478    U0_ps_ai_peripheral/ZGolo/u_AI_Mate_top/ddr_witcn_u0/mna_idfifo_w5_u0/U0/inst_fifo_gen/gconvfifo.rf/grf.rf/gntv_or_sync_fifo.mem/gdm.dm_gen.dm/RAM_reg_832_895_0_2/WCLK
                  SLICE_X46Y135        RAMD64E                                      r  U0_ps_ai_peripheral/ZGolo/u_AI_Mate_top/ddr_witcn_u0/mna_idfifo_w5_u0/U0/inst_fifo_gen/gconvfifo.rf/grf.rf/gntv_or_sync_fifo.mem/gdm.dm_gen.dm/RAM_reg_832_895_0_2/RAMA/CLK
                                       clock pessimism              0.253     8.732    
                                       clock uncertainty           -0.052     8.679    
                  SLICE_X46Y135        RAMD64E (Setup_ramd64e_CLK_WE)
                                                                   -0.303     8.376    U0_ps_ai_peripheral/ZGolo/u_AI_Mate_top/ddr_witcn_u0/mna_idfifo_w5_u0/U0/inst_fifo_gen/gconvfifo.rf/grf.rf/gntv_or_sync_fifo.mem/gdm.dm_gen.dm/RAM_reg_832_895_0_2/RAMA
  ---------------------------------------------------------------------------------
                                       required time                          8.376    
                                       arrival time                          -8.007    
  ---------------------------------------------------------------------------------
                                       slack                                  0.369    

Slack (MET) :             0.369ns  (required time - arrival time)
  Source:                 U_adder_top/U_flicker/dma/write_count_reg[0]/C
                            (rising edge-triggered cell FDCE clocked by clk_pll_i  {rise@0.000ns fall@2.500ns period=5.000ns})
  Destination:            U0_ps_ai_peripheral/ZGolo/u_AI_Mate_top/ddr_witcn_u0/mna_idfifo_w5_u0/U0/inst_fifo_gen/gconvfifo.rf/grf.rf/gntv_or_sync_fifo.mem/gdm.dm_gen.dm/RAM_reg_832_895_0_2/RAMB/WE
                            (rising edge-triggered cell RAMD64E clocked by clk_pll_i  {rise@0.000ns fall@2.500ns period=5.000ns})
  Path Group:             clk_pll_i
  Path Type:              Setup (Max at Slow Process Corner)
  Requirement:            5.000ns  (clk_pll_i rise@5.000ns - clk_pll_i rise@0.000ns)
  Data Path Delay:        4.126ns  (logic 0.846ns (20.503%)  route 3.280ns (79.497%))
  Logic Levels:           9  (CARRY4=4 LUT4=1 LUT5=1 LUT6=3)
  Clock Path Skew:        -0.149ns (DCD - SCD + CPR)
    Destination Clock Delay (DCD):    3.478ns = ( 8.478 - 5.000 ) 
    Source Clock Delay      (SCD):    3.881ns
    Clock Pessimism Removal (CPR):    0.253ns
  Clock Uncertainty:      0.052ns  ((TSJ^2 + DJ^2)^1/2) / 2 + PE
    Total System Jitter     (TSJ):    0.071ns
    Discrete Jitter          (DJ):    0.077ns
    Phase Error              (PE):    0.000ns

    Pin Reuse     Location             Delay type                Incr(ns)  Path(ns)    Netlist Resource(s)
  ---------------------------------------------------------------------------------    -------------------
                                       (clock clk_pll_i rise edge)
                                                                    0.000     0.000 r  
                  C8                                                0.000     0.000 r  sys_clk_p (IN)
                                       net (fo=0)                   0.000     0.000    U0_ps_ai_peripheral/mig_ddr3_u0/u_mig_7series_0_mig/u_ddr3_clk_ibuf/sys_clk_p
                  C8                                                                r  U0_ps_ai_peripheral/mig_ddr3_u0/u_mig_7series_0_mig/u_ddr3_clk_ibuf/diff_input_clk.u_ibufg_sys_clk/I
                  C8                   IBUFDS (Prop_ibufds_I_O)     0.855     0.855 r  U0_ps_ai_peripheral/mig_ddr3_u0/u_mig_7series_0_mig/u_ddr3_clk_ibuf/diff_input_clk.u_ibufg_sys_clk/O
                                       net (fo=3, routed)           1.098     1.953    U0_ps_ai_peripheral/mig_ddr3_u0/u_mig_7series_0_mig/u_ddr3_infrastructure/out
                  PLLE2_ADV_X1Y2                                                    r  U0_ps_ai_peripheral/mig_ddr3_u0/u_mig_7series_0_mig/u_ddr3_infrastructure/plle2_i/CLKIN1
                  PLLE2_ADV_X1Y2       PLLE2_ADV (Prop_plle2_adv_CLKIN1_CLKOUT3)
                                                                    0.077     2.030 r  U0_ps_ai_peripheral/mig_ddr3_u0/u_mig_7series_0_mig/u_ddr3_infrastructure/plle2_i/CLKOUT3
                                       net (fo=1, routed)           1.145     3.175    U0_ps_ai_peripheral/mig_ddr3_u0/u_mig_7series_0_mig/u_ddr3_infrastructure/pll_clk3_out
                  BUFHCE_X1Y24                                                      r  U0_ps_ai_peripheral/mig_ddr3_u0/u_mig_7series_0_mig/u_ddr3_infrastructure/u_bufh_pll_clk3/I
                  BUFHCE_X1Y24         BUFH (Prop_bufh_I_O)         0.103     3.278 r  U0_ps_ai_peripheral/mig_ddr3_u0/u_mig_7series_0_mig/u_ddr3_infrastructure/u_bufh_pll_clk3/O
                                       net (fo=1, routed)           0.779     4.057    U0_ps_ai_peripheral/mig_ddr3_u0/u_mig_7series_0_mig/u_ddr3_infrastructure/pll_clk3
                  MMCME2_ADV_X1Y2                                                   r  U0_ps_ai_peripheral/mig_ddr3_u0/u_mig_7series_0_mig/u_ddr3_infrastructure/gen_mmcm.mmcm_i/CLKIN1
                  MMCME2_ADV_X1Y2      MMCME2_ADV (Prop_mmcme2_adv_CLKIN1_CLKFBOUT)
                                                                   -2.933     1.124 r  U0_ps_ai_peripheral/mig_ddr3_u0/u_mig_7series_0_mig/u_ddr3_infrastructure/gen_mmcm.mmcm_i/CLKFBOUT
                                       net (fo=1, routed)           1.442     2.566    U0_ps_ai_peripheral/mig_ddr3_u0/u_mig_7series_0_mig/u_ddr3_infrastructure/clk_pll_i
                  BUFGCTRL_X0Y16                                                    r  U0_ps_ai_peripheral/mig_ddr3_u0/u_mig_7series_0_mig/u_ddr3_infrastructure/u_bufg_clkdiv0/I
                  BUFGCTRL_X0Y16       BUFG (Prop_bufg_I_O)         0.093     2.659 r  U0_ps_ai_peripheral/mig_ddr3_u0/u_mig_7series_0_mig/u_ddr3_infrastructure/u_bufg_clkdiv0/O
                                       net (fo=103920, routed)      1.222     3.881    U_adder_top/U_flicker/dma/ui_clk
                  SLICE_X57Y91         FDCE                                         r  U_adder_top/U_flicker/dma/write_count_reg[0]/C
  ---------------------------------------------------------------------------------    -------------------
    Placement     SLICE_X57Y91         FDCE (Prop_fdce_C_Q)         0.223     4.104 r  U_adder_top/U_flicker/dma/write_count_reg[0]/Q
                                       net (fo=6, routed)           0.579     4.683    U_adder_top/U_flicker/dma/writes[0]
    Placement     SLICE_X58Y94                                                      r  U_adder_top/U_flicker/dma/awvalid1_carry_i_8/I2
    Routing       SLICE_X58Y94         LUT4 (Prop_lut4_I2_O)        0.043     4.726 r  U_adder_top/U_flicker/dma/awvalid1_carry_i_8/O
                                       net (fo=1, routed)           0.000     4.726    U_adder_top/U_flicker/dma/awvalid1_carry_i_8_n_0
    Routing       SLICE_X58Y94                                                      r  U_adder_top/U_flicker/dma/awvalid1_carry/S[0]
    Placement     SLICE_X58Y94         CARRY4 (Prop_carry4_S[0]_CO[3])
                                                                    0.246     4.972 r  U_adder_top/U_flicker/dma/awvalid1_carry/CO[3]
                                       net (fo=1, routed)           0.000     4.972    U_adder_top/U_flicker/dma/awvalid1_carry_n_0
    Placement     SLICE_X58Y95                                                      r  U_adder_top/U_flicker/dma/awvalid1_carry__0/CI
    Placement     SLICE_X58Y95         CARRY4 (Prop_carry4_CI_CO[3])
                                                                    0.054     5.026 r  U_adder_top/U_flicker/dma/awvalid1_carry__0/CO[3]
                                       net (fo=1, routed)           0.000     5.026    U_adder_top/U_flicker/dma/awvalid1_carry__0_n_0
    Placement     SLICE_X58Y96                                                      r  U_adder_top/U_flicker/dma/awvalid1_carry__1/CI
    Placement     SLICE_X58Y96         CARRY4 (Prop_carry4_CI_CO[3])
                                                                    0.054     5.080 r  U_adder_top/U_flicker/dma/awvalid1_carry__1/CO[3]
                                       net (fo=1, routed)           0.000     5.080    U_adder_top/U_flicker/dma/awvalid1_carry__1_n_0
    Placement     SLICE_X58Y97                                                      r  U_adder_top/U_flicker/dma/awvalid1_carry__2/CI
    Placement     SLICE_X58Y97         CARRY4 (Prop_carry4_CI_CO[3])
                                                                    0.054     5.134 r  U_adder_top/U_flicker/dma/awvalid1_carry__2/CO[3]
                                       net (fo=1, routed)           0.511     5.645    U_adder_top/U_flicker/dma/awvalid1
    Placement     SLICE_X59Y102                                                     r  U_adder_top/U_flicker/dma/ZGolo_i_583/I3
    Placement     SLICE_X59Y102        LUT6 (Prop_lut6_I3_O)        0.043     5.688 r  U_adder_top/U_flicker/dma/ZGolo_i_583/O
                                       net (fo=4, routed)           0.388     6.076    U_adder_top/legacy/U_adder/U_avr_rs/u_avr_frs/fawv
    Placement     SLICE_X61Y109                                                     r  U_adder_top/legacy/U_adder/U_avr_rs/u_avr_frs/ZGolo_i_547/I0
    Placement     SLICE_X61Y109        LUT5 (Prop_lut5_I0_O)        0.043     6.119 r  U_adder_top/legacy/U_adder/U_avr_rs/u_avr_frs/ZGolo_i_547/O
                                       net (fo=8, routed)           0.606     6.725    U0_ps_ai_peripheral/ZGolo/UserCustomOp_0_awwvalid
    Placement     SLICE_X61Y120                                                     r  U0_ps_ai_peripheral/ZGolo/mna_idfifo_w5_u0_i_4/I1
    Placement     SLICE_X61Y120        LUT6 (Prop_lut6_I1_O)        0.043     6.768 r  U0_ps_ai_peripheral/ZGolo/mna_idfifo_w5_u0_i_4/O
                                       net (fo=20, routed)          0.828     7.596    U0_ps_ai_peripheral/ZGolo/u_AI_Mate_top/ddr_witcn_u0/mna_idfifo_w5_u0/U0/inst_fifo_gen/gconvfifo.rf/grf.rf/gntv_or_sync_fifo.gl0.wr/wpntr/wr_en
    Placement     SLICE_X49Y135                                                     r  U0_ps_ai_peripheral/ZGolo/u_AI_Mate_top/ddr_witcn_u0/mna_idfifo_w5_u0/U0/inst_fifo_gen/gconvfifo.rf/grf.rf/gntv_or_sync_fifo.gl0.wr/wpntr/RAM_reg_832_895_0_2_i_1/I4
    Placement     SLICE_X49Y135        LUT6 (Prop_lut6_I4_O)        0.043     7.639 r  U0_ps_ai_peripheral/ZGolo/u_AI_Mate_top/ddr_witcn_u0/mna_idfifo_w5_u0/U0/inst_fifo_gen/gconvfifo.rf/grf.rf/gntv_or_sync_fifo.gl0.wr/wpntr/RAM_reg_832_895_0_2_i_1/O
                                       net (fo=8, routed)           0.368     8.007    U0_ps_ai_peripheral/ZGolo/u_AI_Mate_top/ddr_witcn_u0/mna_idfifo_w5_u0/U0/inst_fifo_gen/gconvfifo.rf/grf.rf/gntv_or_sync_fifo.mem/gdm.dm_gen.dm/RAM_reg_832_895_0_2/WE
    Placement     SLICE_X46Y135        RAMD64E                                      r  U0_ps_ai_peripheral/ZGolo/u_AI_Mate_top/ddr_witcn_u0/mna_idfifo_w5_u0/U0/inst_fifo_gen/gconvfifo.rf/grf.rf/gntv_or_sync_fifo.mem/gdm.dm_gen.dm/RAM_reg_832_895_0_2/RAMB/WE
  ---------------------------------------------------------------------------------    -------------------

                                       (clock clk_pll_i rise edge)
                                                                    5.000     5.000 r  
                  C8                                                0.000     5.000 r  sys_clk_p (IN)
                                       net (fo=0)                   0.000     5.000    U0_ps_ai_peripheral/mig_ddr3_u0/u_mig_7series_0_mig/u_ddr3_clk_ibuf/sys_clk_p
                  C8                                                                r  U0_ps_ai_peripheral/mig_ddr3_u0/u_mig_7series_0_mig/u_ddr3_clk_ibuf/diff_input_clk.u_ibufg_sys_clk/I
                  C8                   IBUFDS (Prop_ibufds_I_O)     0.758     5.758 r  U0_ps_ai_peripheral/mig_ddr3_u0/u_mig_7series_0_mig/u_ddr3_clk_ibuf/diff_input_clk.u_ibufg_sys_clk/O
                                       net (fo=3, routed)           1.001     6.759    U0_ps_ai_peripheral/mig_ddr3_u0/u_mig_7series_0_mig/u_ddr3_infrastructure/out
                  PLLE2_ADV_X1Y2                                                    r  U0_ps_ai_peripheral/mig_ddr3_u0/u_mig_7series_0_mig/u_ddr3_infrastructure/plle2_i/CLKIN1
                  PLLE2_ADV_X1Y2       PLLE2_ADV (Prop_plle2_adv_CLKIN1_CLKOUT3)
                                                                    0.073     6.832 r  U0_ps_ai_peripheral/mig_ddr3_u0/u_mig_7series_0_mig/u_ddr3_infrastructure/plle2_i/CLKOUT3
                                       net (fo=1, routed)           1.033     7.865    U0_ps_ai_peripheral/mig_ddr3_u0/u_mig_7series_0_mig/u_ddr3_infrastructure/pll_clk3_out
                  BUFHCE_X1Y24                                                      r  U0_ps_ai_peripheral/mig_ddr3_u0/u_mig_7series_0_mig/u_ddr3_infrastructure/u_bufh_pll_clk3/I
                  BUFHCE_X1Y24         BUFH (Prop_bufh_I_O)         0.066     7.931 r  U0_ps_ai_peripheral/mig_ddr3_u0/u_mig_7series_0_mig/u_ddr3_infrastructure/u_bufh_pll_clk3/O
                                       net (fo=1, routed)           0.710     8.641    U0_ps_ai_peripheral/mig_ddr3_u0/u_mig_7series_0_mig/u_ddr3_infrastructure/pll_clk3
                  MMCME2_ADV_X1Y2                                                   r  U0_ps_ai_peripheral/mig_ddr3_u0/u_mig_7series_0_mig/u_ddr3_infrastructure/gen_mmcm.mmcm_i/CLKIN1
                  MMCME2_ADV_X1Y2      MMCME2_ADV (Prop_mmcme2_adv_CLKIN1_CLKFBOUT)
                                                                   -2.652     5.989 r  U0_ps_ai_peripheral/mig_ddr3_u0/u_mig_7series_0_mig/u_ddr3_infrastructure/gen_mmcm.mmcm_i/CLKFBOUT
                                       net (fo=1, routed)           1.333     7.322    U0_ps_ai_peripheral/mig_ddr3_u0/u_mig_7series_0_mig/u_ddr3_infrastructure/clk_pll_i
                  BUFGCTRL_X0Y16                                                    r  U0_ps_ai_peripheral/mig_ddr3_u0/u_mig_7series_0_mig/u_ddr3_infrastructure/u_bufg_clkdiv0/I
                  BUFGCTRL_X0Y16       BUFG (Prop_bufg_I_O)         0.083     7.405 r  U0_ps_ai_peripheral/mig_ddr3_u0/u_mig_7series_0_mig/u_ddr3_infrastructure/u_bufg_clkdiv0/O
                                       net (fo=103920, routed)      1.073     8.478    U0_ps_ai_peripheral/ZGolo/u_AI_Mate_top/ddr_witcn_u0/mna_idfifo_w5_u0/U0/inst_fifo_gen/gconvfifo.rf/grf.rf/gntv_or_sync_fifo.mem/gdm.dm_gen.dm/RAM_reg_832_895_0_2/WCLK
                  SLICE_X46Y135        RAMD64E                                      r  U0_ps_ai_peripheral/ZGolo/u_AI_Mate_top/ddr_witcn_u0/mna_idfifo_w5_u0/U0/inst_fifo_gen/gconvfifo.rf/grf.rf/gntv_or_sync_fifo.mem/gdm.dm_gen.dm/RAM_reg_832_895_0_2/RAMB/CLK
                                       clock pessimism              0.253     8.732    
                                       clock uncertainty           -0.052     8.679    
                  SLICE_X46Y135        RAMD64E (Setup_ramd64e_CLK_WE)
                                                                   -0.303     8.376    U0_ps_ai_peripheral/ZGolo/u_AI_Mate_top/ddr_witcn_u0/mna_idfifo_w5_u0/U0/inst_fifo_gen/gconvfifo.rf/grf.rf/gntv_or_sync_fifo.mem/gdm.dm_gen.dm/RAM_reg_832_895_0_2/RAMB
  ---------------------------------------------------------------------------------
                                       required time                          8.376    
                                       arrival time                          -8.007    
  ---------------------------------------------------------------------------------
                                       slack                                  0.369    

Slack (MET) :             0.369ns  (required time - arrival time)
  Source:                 U_adder_top/U_flicker/dma/write_count_reg[0]/C
                            (rising edge-triggered cell FDCE clocked by clk_pll_i  {rise@0.000ns fall@2.500ns period=5.000ns})
  Destination:            U0_ps_ai_peripheral/ZGolo/u_AI_Mate_top/ddr_witcn_u0/mna_idfifo_w5_u0/U0/inst_fifo_gen/gconvfifo.rf/grf.rf/gntv_or_sync_fifo.mem/gdm.dm_gen.dm/RAM_reg_832_895_0_2/RAMC/WE
                            (rising edge-triggered cell RAMD64E clocked by clk_pll_i  {rise@0.000ns fall@2.500ns period=5.000ns})
  Path Group:             clk_pll_i
  Path Type:              Setup (Max at Slow Process Corner)
  Requirement:            5.000ns  (clk_pll_i rise@5.000ns - clk_pll_i rise@0.000ns)
  Data Path Delay:        4.126ns  (logic 0.846ns (20.503%)  route 3.280ns (79.497%))
  Logic Levels:           9  (CARRY4=4 LUT4=1 LUT5=1 LUT6=3)
  Clock Path Skew:        -0.149ns (DCD - SCD + CPR)
    Destination Clock Delay (DCD):    3.478ns = ( 8.478 - 5.000 ) 
    Source Clock Delay      (SCD):    3.881ns
    Clock Pessimism Removal (CPR):    0.253ns
  Clock Uncertainty:      0.052ns  ((TSJ^2 + DJ^2)^1/2) / 2 + PE
    Total System Jitter     (TSJ):    0.071ns
    Discrete Jitter          (DJ):    0.077ns
    Phase Error              (PE):    0.000ns

    Pin Reuse     Location             Delay type                Incr(ns)  Path(ns)    Netlist Resource(s)
  ---------------------------------------------------------------------------------    -------------------
                                       (clock clk_pll_i rise edge)
                                                                    0.000     0.000 r  
                  C8                                                0.000     0.000 r  sys_clk_p (IN)
                                       net (fo=0)                   0.000     0.000    U0_ps_ai_peripheral/mig_ddr3_u0/u_mig_7series_0_mig/u_ddr3_clk_ibuf/sys_clk_p
                  C8                                                                r  U0_ps_ai_peripheral/mig_ddr3_u0/u_mig_7series_0_mig/u_ddr3_clk_ibuf/diff_input_clk.u_ibufg_sys_clk/I
                  C8                   IBUFDS (Prop_ibufds_I_O)     0.855     0.855 r  U0_ps_ai_peripheral/mig_ddr3_u0/u_mig_7series_0_mig/u_ddr3_clk_ibuf/diff_input_clk.u_ibufg_sys_clk/O
                                       net (fo=3, routed)           1.098     1.953    U0_ps_ai_peripheral/mig_ddr3_u0/u_mig_7series_0_mig/u_ddr3_infrastructure/out
                  PLLE2_ADV_X1Y2                                                    r  U0_ps_ai_peripheral/mig_ddr3_u0/u_mig_7series_0_mig/u_ddr3_infrastructure/plle2_i/CLKIN1
                  PLLE2_ADV_X1Y2       PLLE2_ADV (Prop_plle2_adv_CLKIN1_CLKOUT3)
                                                                    0.077     2.030 r  U0_ps_ai_peripheral/mig_ddr3_u0/u_mig_7series_0_mig/u_ddr3_infrastructure/plle2_i/CLKOUT3
                                       net (fo=1, routed)           1.145     3.175    U0_ps_ai_peripheral/mig_ddr3_u0/u_mig_7series_0_mig/u_ddr3_infrastructure/pll_clk3_out
                  BUFHCE_X1Y24                                                      r  U0_ps_ai_peripheral/mig_ddr3_u0/u_mig_7series_0_mig/u_ddr3_infrastructure/u_bufh_pll_clk3/I
                  BUFHCE_X1Y24         BUFH (Prop_bufh_I_O)         0.103     3.278 r  U0_ps_ai_peripheral/mig_ddr3_u0/u_mig_7series_0_mig/u_ddr3_infrastructure/u_bufh_pll_clk3/O
                                       net (fo=1, routed)           0.779     4.057    U0_ps_ai_peripheral/mig_ddr3_u0/u_mig_7series_0_mig/u_ddr3_infrastructure/pll_clk3
                  MMCME2_ADV_X1Y2                                                   r  U0_ps_ai_peripheral/mig_ddr3_u0/u_mig_7series_0_mig/u_ddr3_infrastructure/gen_mmcm.mmcm_i/CLKIN1
                  MMCME2_ADV_X1Y2      MMCME2_ADV (Prop_mmcme2_adv_CLKIN1_CLKFBOUT)
                                                                   -2.933     1.124 r  U0_ps_ai_peripheral/mig_ddr3_u0/u_mig_7series_0_mig/u_ddr3_infrastructure/gen_mmcm.mmcm_i/CLKFBOUT
                                       net (fo=1, routed)           1.442     2.566    U0_ps_ai_peripheral/mig_ddr3_u0/u_mig_7series_0_mig/u_ddr3_infrastructure/clk_pll_i
                  BUFGCTRL_X0Y16                                                    r  U0_ps_ai_peripheral/mig_ddr3_u0/u_mig_7series_0_mig/u_ddr3_infrastructure/u_bufg_clkdiv0/I
                  BUFGCTRL_X0Y16       BUFG (Prop_bufg_I_O)         0.093     2.659 r  U0_ps_ai_peripheral/mig_ddr3_u0/u_mig_7series_0_mig/u_ddr3_infrastructure/u_bufg_clkdiv0/O
                                       net (fo=103920, routed)      1.222     3.881    U_adder_top/U_flicker/dma/ui_clk
                  SLICE_X57Y91         FDCE                                         r  U_adder_top/U_flicker/dma/write_count_reg[0]/C
  ---------------------------------------------------------------------------------    -------------------
    Placement     SLICE_X57Y91         FDCE (Prop_fdce_C_Q)         0.223     4.104 r  U_adder_top/U_flicker/dma/write_count_reg[0]/Q
                                       net (fo=6, routed)           0.579     4.683    U_adder_top/U_flicker/dma/writes[0]
    Placement     SLICE_X58Y94                                                      r  U_adder_top/U_flicker/dma/awvalid1_carry_i_8/I2
    Routing       SLICE_X58Y94         LUT4 (Prop_lut4_I2_O)        0.043     4.726 r  U_adder_top/U_flicker/dma/awvalid1_carry_i_8/O
                                       net (fo=1, routed)           0.000     4.726    U_adder_top/U_flicker/dma/awvalid1_carry_i_8_n_0
    Routing       SLICE_X58Y94                                                      r  U_adder_top/U_flicker/dma/awvalid1_carry/S[0]
    Placement     SLICE_X58Y94         CARRY4 (Prop_carry4_S[0]_CO[3])
                                                                    0.246     4.972 r  U_adder_top/U_flicker/dma/awvalid1_carry/CO[3]
                                       net (fo=1, routed)           0.000     4.972    U_adder_top/U_flicker/dma/awvalid1_carry_n_0
    Placement     SLICE_X58Y95                                                      r  U_adder_top/U_flicker/dma/awvalid1_carry__0/CI
    Placement     SLICE_X58Y95         CARRY4 (Prop_carry4_CI_CO[3])
                                                                    0.054     5.026 r  U_adder_top/U_flicker/dma/awvalid1_carry__0/CO[3]
                                       net (fo=1, routed)           0.000     5.026    U_adder_top/U_flicker/dma/awvalid1_carry__0_n_0
    Placement     SLICE_X58Y96                                                      r  U_adder_top/U_flicker/dma/awvalid1_carry__1/CI
    Placement     SLICE_X58Y96         CARRY4 (Prop_carry4_CI_CO[3])
                                                                    0.054     5.080 r  U_adder_top/U_flicker/dma/awvalid1_carry__1/CO[3]
                                       net (fo=1, routed)           0.000     5.080    U_adder_top/U_flicker/dma/awvalid1_carry__1_n_0
    Placement     SLICE_X58Y97                                                      r  U_adder_top/U_flicker/dma/awvalid1_carry__2/CI
    Placement     SLICE_X58Y97         CARRY4 (Prop_carry4_CI_CO[3])
                                                                    0.054     5.134 r  U_adder_top/U_flicker/dma/awvalid1_carry__2/CO[3]
                                       net (fo=1, routed)           0.511     5.645    U_adder_top/U_flicker/dma/awvalid1
    Placement     SLICE_X59Y102                                                     r  U_adder_top/U_flicker/dma/ZGolo_i_583/I3
    Placement     SLICE_X59Y102        LUT6 (Prop_lut6_I3_O)        0.043     5.688 r  U_adder_top/U_flicker/dma/ZGolo_i_583/O
                                       net (fo=4, routed)           0.388     6.076    U_adder_top/legacy/U_adder/U_avr_rs/u_avr_frs/fawv
    Placement     SLICE_X61Y109                                                     r  U_adder_top/legacy/U_adder/U_avr_rs/u_avr_frs/ZGolo_i_547/I0
    Placement     SLICE_X61Y109        LUT5 (Prop_lut5_I0_O)        0.043     6.119 r  U_adder_top/legacy/U_adder/U_avr_rs/u_avr_frs/ZGolo_i_547/O
                                       net (fo=8, routed)           0.606     6.725    U0_ps_ai_peripheral/ZGolo/UserCustomOp_0_awwvalid
    Placement     SLICE_X61Y120                                                     r  U0_ps_ai_peripheral/ZGolo/mna_idfifo_w5_u0_i_4/I1
    Placement     SLICE_X61Y120        LUT6 (Prop_lut6_I1_O)        0.043     6.768 r  U0_ps_ai_peripheral/ZGolo/mna_idfifo_w5_u0_i_4/O
                                       net (fo=20, routed)          0.828     7.596    U0_ps_ai_peripheral/ZGolo/u_AI_Mate_top/ddr_witcn_u0/mna_idfifo_w5_u0/U0/inst_fifo_gen/gconvfifo.rf/grf.rf/gntv_or_sync_fifo.gl0.wr/wpntr/wr_en
    Placement     SLICE_X49Y135                                                     r  U0_ps_ai_peripheral/ZGolo/u_AI_Mate_top/ddr_witcn_u0/mna_idfifo_w5_u0/U0/inst_fifo_gen/gconvfifo.rf/grf.rf/gntv_or_sync_fifo.gl0.wr/wpntr/RAM_reg_832_895_0_2_i_1/I4
    Placement     SLICE_X49Y135        LUT6 (Prop_lut6_I4_O)        0.043     7.639 r  U0_ps_ai_peripheral/ZGolo/u_AI_Mate_top/ddr_witcn_u0/mna_idfifo_w5_u0/U0/inst_fifo_gen/gconvfifo.rf/grf.rf/gntv_or_sync_fifo.gl0.wr/wpntr/RAM_reg_832_895_0_2_i_1/O
                                       net (fo=8, routed)           0.368     8.007    U0_ps_ai_peripheral/ZGolo/u_AI_Mate_top/ddr_witcn_u0/mna_idfifo_w5_u0/U0/inst_fifo_gen/gconvfifo.rf/grf.rf/gntv_or_sync_fifo.mem/gdm.dm_gen.dm/RAM_reg_832_895_0_2/WE
    Placement     SLICE_X46Y135        RAMD64E                                      r  U0_ps_ai_peripheral/ZGolo/u_AI_Mate_top/ddr_witcn_u0/mna_idfifo_w5_u0/U0/inst_fifo_gen/gconvfifo.rf/grf.rf/gntv_or_sync_fifo.mem/gdm.dm_gen.dm/RAM_reg_832_895_0_2/RAMC/WE
  ---------------------------------------------------------------------------------    -------------------

                                       (clock clk_pll_i rise edge)
                                                                    5.000     5.000 r  
                  C8                                                0.000     5.000 r  sys_clk_p (IN)
                                       net (fo=0)                   0.000     5.000    U0_ps_ai_peripheral/mig_ddr3_u0/u_mig_7series_0_mig/u_ddr3_clk_ibuf/sys_clk_p
                  C8                                                                r  U0_ps_ai_peripheral/mig_ddr3_u0/u_mig_7series_0_mig/u_ddr3_clk_ibuf/diff_input_clk.u_ibufg_sys_clk/I
                  C8                   IBUFDS (Prop_ibufds_I_O)     0.758     5.758 r  U0_ps_ai_peripheral/mig_ddr3_u0/u_mig_7series_0_mig/u_ddr3_clk_ibuf/diff_input_clk.u_ibufg_sys_clk/O
                                       net (fo=3, routed)           1.001     6.759    U0_ps_ai_peripheral/mig_ddr3_u0/u_mig_7series_0_mig/u_ddr3_infrastructure/out
                  PLLE2_ADV_X1Y2                                                    r  U0_ps_ai_peripheral/mig_ddr3_u0/u_mig_7series_0_mig/u_ddr3_infrastructure/plle2_i/CLKIN1
                  PLLE2_ADV_X1Y2       PLLE2_ADV (Prop_plle2_adv_CLKIN1_CLKOUT3)
                                                                    0.073     6.832 r  U0_ps_ai_peripheral/mig_ddr3_u0/u_mig_7series_0_mig/u_ddr3_infrastructure/plle2_i/CLKOUT3
                                       net (fo=1, routed)           1.033     7.865    U0_ps_ai_peripheral/mig_ddr3_u0/u_mig_7series_0_mig/u_ddr3_infrastructure/pll_clk3_out
                  BUFHCE_X1Y24                                                      r  U0_ps_ai_peripheral/mig_ddr3_u0/u_mig_7series_0_mig/u_ddr3_infrastructure/u_bufh_pll_clk3/I
                  BUFHCE_X1Y24         BUFH (Prop_bufh_I_O)         0.066     7.931 r  U0_ps_ai_peripheral/mig_ddr3_u0/u_mig_7series_0_mig/u_ddr3_infrastructure/u_bufh_pll_clk3/O
                                       net (fo=1, routed)           0.710     8.641    U0_ps_ai_peripheral/mig_ddr3_u0/u_mig_7series_0_mig/u_ddr3_infrastructure/pll_clk3
                  MMCME2_ADV_X1Y2                                                   r  U0_ps_ai_peripheral/mig_ddr3_u0/u_mig_7series_0_mig/u_ddr3_infrastructure/gen_mmcm.mmcm_i/CLKIN1
                  MMCME2_ADV_X1Y2      MMCME2_ADV (Prop_mmcme2_adv_CLKIN1_CLKFBOUT)
                                                                   -2.652     5.989 r  U0_ps_ai_peripheral/mig_ddr3_u0/u_mig_7series_0_mig/u_ddr3_infrastructure/gen_mmcm.mmcm_i/CLKFBOUT
                                       net (fo=1, routed)           1.333     7.322    U0_ps_ai_peripheral/mig_ddr3_u0/u_mig_7series_0_mig/u_ddr3_infrastructure/clk_pll_i
                  BUFGCTRL_X0Y16                                                    r  U0_ps_ai_peripheral/mig_ddr3_u0/u_mig_7series_0_mig/u_ddr3_infrastructure/u_bufg_clkdiv0/I
                  BUFGCTRL_X0Y16       BUFG (Prop_bufg_I_O)         0.083     7.405 r  U0_ps_ai_peripheral/mig_ddr3_u0/u_mig_7series_0_mig/u_ddr3_infrastructure/u_bufg_clkdiv0/O
                                       net (fo=103920, routed)      1.073     8.478    U0_ps_ai_peripheral/ZGolo/u_AI_Mate_top/ddr_witcn_u0/mna_idfifo_w5_u0/U0/inst_fifo_gen/gconvfifo.rf/grf.rf/gntv_or_sync_fifo.mem/gdm.dm_gen.dm/RAM_reg_832_895_0_2/WCLK
                  SLICE_X46Y135        RAMD64E                                      r  U0_ps_ai_peripheral/ZGolo/u_AI_Mate_top/ddr_witcn_u0/mna_idfifo_w5_u0/U0/inst_fifo_gen/gconvfifo.rf/grf.rf/gntv_or_sync_fifo.mem/gdm.dm_gen.dm/RAM_reg_832_895_0_2/RAMC/CLK
                                       clock pessimism              0.253     8.732    
                                       clock uncertainty           -0.052     8.679    
                  SLICE_X46Y135        RAMD64E (Setup_ramd64e_CLK_WE)
                                                                   -0.303     8.376    U0_ps_ai_peripheral/ZGolo/u_AI_Mate_top/ddr_witcn_u0/mna_idfifo_w5_u0/U0/inst_fifo_gen/gconvfifo.rf/grf.rf/gntv_or_sync_fifo.mem/gdm.dm_gen.dm/RAM_reg_832_895_0_2/RAMC
  ---------------------------------------------------------------------------------
                                       required time                          8.376    
                                       arrival time                          -8.007    
  ---------------------------------------------------------------------------------
                                       slack                                  0.369    

Slack (MET) :             0.369ns  (required time - arrival time)
  Source:                 U_adder_top/U_flicker/dma/write_count_reg[0]/C
                            (rising edge-triggered cell FDCE clocked by clk_pll_i  {rise@0.000ns fall@2.500ns period=5.000ns})
  Destination:            U0_ps_ai_peripheral/ZGolo/u_AI_Mate_top/ddr_witcn_u0/mna_idfifo_w5_u0/U0/inst_fifo_gen/gconvfifo.rf/grf.rf/gntv_or_sync_fifo.mem/gdm.dm_gen.dm/RAM_reg_832_895_0_2/RAMD/WE
                            (rising edge-triggered cell RAMD64E clocked by clk_pll_i  {rise@0.000ns fall@2.500ns period=5.000ns})
  Path Group:             clk_pll_i
  Path Type:              Setup (Max at Slow Process Corner)
  Requirement:            5.000ns  (clk_pll_i rise@5.000ns - clk_pll_i rise@0.000ns)
  Data Path Delay:        4.126ns  (logic 0.846ns (20.503%)  route 3.280ns (79.497%))
  Logic Levels:           9  (CARRY4=4 LUT4=1 LUT5=1 LUT6=3)
  Clock Path Skew:        -0.149ns (DCD - SCD + CPR)
    Destination Clock Delay (DCD):    3.478ns = ( 8.478 - 5.000 ) 
    Source Clock Delay      (SCD):    3.881ns
    Clock Pessimism Removal (CPR):    0.253ns
  Clock Uncertainty:      0.052ns  ((TSJ^2 + DJ^2)^1/2) / 2 + PE
    Total System Jitter     (TSJ):    0.071ns
    Discrete Jitter          (DJ):    0.077ns
    Phase Error              (PE):    0.000ns

    Pin Reuse     Location             Delay type                Incr(ns)  Path(ns)    Netlist Resource(s)
  ---------------------------------------------------------------------------------    -------------------
                                       (clock clk_pll_i rise edge)
                                                                    0.000     0.000 r  
                  C8                                                0.000     0.000 r  sys_clk_p (IN)
                                       net (fo=0)                   0.000     0.000    U0_ps_ai_peripheral/mig_ddr3_u0/u_mig_7series_0_mig/u_ddr3_clk_ibuf/sys_clk_p
                  C8                                                                r  U0_ps_ai_peripheral/mig_ddr3_u0/u_mig_7series_0_mig/u_ddr3_clk_ibuf/diff_input_clk.u_ibufg_sys_clk/I
                  C8                   IBUFDS (Prop_ibufds_I_O)     0.855     0.855 r  U0_ps_ai_peripheral/mig_ddr3_u0/u_mig_7series_0_mig/u_ddr3_clk_ibuf/diff_input_clk.u_ibufg_sys_clk/O
                                       net (fo=3, routed)           1.098     1.953    U0_ps_ai_peripheral/mig_ddr3_u0/u_mig_7series_0_mig/u_ddr3_infrastructure/out
                  PLLE2_ADV_X1Y2                                                    r  U0_ps_ai_peripheral/mig_ddr3_u0/u_mig_7series_0_mig/u_ddr3_infrastructure/plle2_i/CLKIN1
                  PLLE2_ADV_X1Y2       PLLE2_ADV (Prop_plle2_adv_CLKIN1_CLKOUT3)
                                                                    0.077     2.030 r  U0_ps_ai_peripheral/mig_ddr3_u0/u_mig_7series_0_mig/u_ddr3_infrastructure/plle2_i/CLKOUT3
                                       net (fo=1, routed)           1.145     3.175    U0_ps_ai_peripheral/mig_ddr3_u0/u_mig_7series_0_mig/u_ddr3_infrastructure/pll_clk3_out
                  BUFHCE_X1Y24                                                      r  U0_ps_ai_peripheral/mig_ddr3_u0/u_mig_7series_0_mig/u_ddr3_infrastructure/u_bufh_pll_clk3/I
                  BUFHCE_X1Y24         BUFH (Prop_bufh_I_O)         0.103     3.278 r  U0_ps_ai_peripheral/mig_ddr3_u0/u_mig_7series_0_mig/u_ddr3_infrastructure/u_bufh_pll_clk3/O
                                       net (fo=1, routed)           0.779     4.057    U0_ps_ai_peripheral/mig_ddr3_u0/u_mig_7series_0_mig/u_ddr3_infrastructure/pll_clk3
                  MMCME2_ADV_X1Y2                                                   r  U0_ps_ai_peripheral/mig_ddr3_u0/u_mig_7series_0_mig/u_ddr3_infrastructure/gen_mmcm.mmcm_i/CLKIN1
                  MMCME2_ADV_X1Y2      MMCME2_ADV (Prop_mmcme2_adv_CLKIN1_CLKFBOUT)
                                                                   -2.933     1.124 r  U0_ps_ai_peripheral/mig_ddr3_u0/u_mig_7series_0_mig/u_ddr3_infrastructure/gen_mmcm.mmcm_i/CLKFBOUT
                                       net (fo=1, routed)           1.442     2.566    U0_ps_ai_peripheral/mig_ddr3_u0/u_mig_7series_0_mig/u_ddr3_infrastructure/clk_pll_i
                  BUFGCTRL_X0Y16                                                    r  U0_ps_ai_peripheral/mig_ddr3_u0/u_mig_7series_0_mig/u_ddr3_infrastructure/u_bufg_clkdiv0/I
                  BUFGCTRL_X0Y16       BUFG (Prop_bufg_I_O)         0.093     2.659 r  U0_ps_ai_peripheral/mig_ddr3_u0/u_mig_7series_0_mig/u_ddr3_infrastructure/u_bufg_clkdiv0/O
                                       net (fo=103920, routed)      1.222     3.881    U_adder_top/U_flicker/dma/ui_clk
                  SLICE_X57Y91         FDCE                                         r  U_adder_top/U_flicker/dma/write_count_reg[0]/C
  ---------------------------------------------------------------------------------    -------------------
    Placement     SLICE_X57Y91         FDCE (Prop_fdce_C_Q)         0.223     4.104 r  U_adder_top/U_flicker/dma/write_count_reg[0]/Q
                                       net (fo=6, routed)           0.579     4.683    U_adder_top/U_flicker/dma/writes[0]
    Placement     SLICE_X58Y94                                                      r  U_adder_top/U_flicker/dma/awvalid1_carry_i_8/I2
    Routing       SLICE_X58Y94         LUT4 (Prop_lut4_I2_O)        0.043     4.726 r  U_adder_top/U_flicker/dma/awvalid1_carry_i_8/O
                                       net (fo=1, routed)           0.000     4.726    U_adder_top/U_flicker/dma/awvalid1_carry_i_8_n_0
    Routing       SLICE_X58Y94                                                      r  U_adder_top/U_flicker/dma/awvalid1_carry/S[0]
    Placement     SLICE_X58Y94         CARRY4 (Prop_carry4_S[0]_CO[3])
                                                                    0.246     4.972 r  U_adder_top/U_flicker/dma/awvalid1_carry/CO[3]
                                       net (fo=1, routed)           0.000     4.972    U_adder_top/U_flicker/dma/awvalid1_carry_n_0
    Placement     SLICE_X58Y95                                                      r  U_adder_top/U_flicker/dma/awvalid1_carry__0/CI
    Placement     SLICE_X58Y95         CARRY4 (Prop_carry4_CI_CO[3])
                                                                    0.054     5.026 r  U_adder_top/U_flicker/dma/awvalid1_carry__0/CO[3]
                                       net (fo=1, routed)           0.000     5.026    U_adder_top/U_flicker/dma/awvalid1_carry__0_n_0
    Placement     SLICE_X58Y96                                                      r  U_adder_top/U_flicker/dma/awvalid1_carry__1/CI
    Placement     SLICE_X58Y96         CARRY4 (Prop_carry4_CI_CO[3])
                                                                    0.054     5.080 r  U_adder_top/U_flicker/dma/awvalid1_carry__1/CO[3]
                                       net (fo=1, routed)           0.000     5.080    U_adder_top/U_flicker/dma/awvalid1_carry__1_n_0
    Placement     SLICE_X58Y97                                                      r  U_adder_top/U_flicker/dma/awvalid1_carry__2/CI
    Placement     SLICE_X58Y97         CARRY4 (Prop_carry4_CI_CO[3])
                                                                    0.054     5.134 r  U_adder_top/U_flicker/dma/awvalid1_carry__2/CO[3]
                                       net (fo=1, routed)           0.511     5.645    U_adder_top/U_flicker/dma/awvalid1
    Placement     SLICE_X59Y102                                                     r  U_adder_top/U_flicker/dma/ZGolo_i_583/I3
    Placement     SLICE_X59Y102        LUT6 (Prop_lut6_I3_O)        0.043     5.688 r  U_adder_top/U_flicker/dma/ZGolo_i_583/O
                                       net (fo=4, routed)           0.388     6.076    U_adder_top/legacy/U_adder/U_avr_rs/u_avr_frs/fawv
    Placement     SLICE_X61Y109                                                     r  U_adder_top/legacy/U_adder/U_avr_rs/u_avr_frs/ZGolo_i_547/I0
    Placement     SLICE_X61Y109        LUT5 (Prop_lut5_I0_O)        0.043     6.119 r  U_adder_top/legacy/U_adder/U_avr_rs/u_avr_frs/ZGolo_i_547/O
                                       net (fo=8, routed)           0.606     6.725    U0_ps_ai_peripheral/ZGolo/UserCustomOp_0_awwvalid
    Placement     SLICE_X61Y120                                                     r  U0_ps_ai_peripheral/ZGolo/mna_idfifo_w5_u0_i_4/I1
    Placement     SLICE_X61Y120        LUT6 (Prop_lut6_I1_O)        0.043     6.768 r  U0_ps_ai_peripheral/ZGolo/mna_idfifo_w5_u0_i_4/O
                                       net (fo=20, routed)          0.828     7.596    U0_ps_ai_peripheral/ZGolo/u_AI_Mate_top/ddr_witcn_u0/mna_idfifo_w5_u0/U0/inst_fifo_gen/gconvfifo.rf/grf.rf/gntv_or_sync_fifo.gl0.wr/wpntr/wr_en
    Placement     SLICE_X49Y135                                                     r  U0_ps_ai_peripheral/ZGolo/u_AI_Mate_top/ddr_witcn_u0/mna_idfifo_w5_u0/U0/inst_fifo_gen/gconvfifo.rf/grf.rf/gntv_or_sync_fifo.gl0.wr/wpntr/RAM_reg_832_895_0_2_i_1/I4
    Placement     SLICE_X49Y135        LUT6 (Prop_lut6_I4_O)        0.043     7.639 r  U0_ps_ai_peripheral/ZGolo/u_AI_Mate_top/ddr_witcn_u0/mna_idfifo_w5_u0/U0/inst_fifo_gen/gconvfifo.rf/grf.rf/gntv_or_sync_fifo.gl0.wr/wpntr/RAM_reg_832_895_0_2_i_1/O
                                       net (fo=8, routed)           0.368     8.007    U0_ps_ai_peripheral/ZGolo/u_AI_Mate_top/ddr_witcn_u0/mna_idfifo_w5_u0/U0/inst_fifo_gen/gconvfifo.rf/grf.rf/gntv_or_sync_fifo.mem/gdm.dm_gen.dm/RAM_reg_832_895_0_2/WE
    Placement     SLICE_X46Y135        RAMD64E                                      r  U0_ps_ai_peripheral/ZGolo/u_AI_Mate_top/ddr_witcn_u0/mna_idfifo_w5_u0/U0/inst_fifo_gen/gconvfifo.rf/grf.rf/gntv_or_sync_fifo.mem/gdm.dm_gen.dm/RAM_reg_832_895_0_2/RAMD/WE
  ---------------------------------------------------------------------------------    -------------------

                                       (clock clk_pll_i rise edge)
                                                                    5.000     5.000 r  
                  C8                                                0.000     5.000 r  sys_clk_p (IN)
                                       net (fo=0)                   0.000     5.000    U0_ps_ai_peripheral/mig_ddr3_u0/u_mig_7series_0_mig/u_ddr3_clk_ibuf/sys_clk_p
                  C8                                                                r  U0_ps_ai_peripheral/mig_ddr3_u0/u_mig_7series_0_mig/u_ddr3_clk_ibuf/diff_input_clk.u_ibufg_sys_clk/I
                  C8                   IBUFDS (Prop_ibufds_I_O)     0.758     5.758 r  U0_ps_ai_peripheral/mig_ddr3_u0/u_mig_7series_0_mig/u_ddr3_clk_ibuf/diff_input_clk.u_ibufg_sys_clk/O
                                       net (fo=3, routed)           1.001     6.759    U0_ps_ai_peripheral/mig_ddr3_u0/u_mig_7series_0_mig/u_ddr3_infrastructure/out
                  PLLE2_ADV_X1Y2                                                    r  U0_ps_ai_peripheral/mig_ddr3_u0/u_mig_7series_0_mig/u_ddr3_infrastructure/plle2_i/CLKIN1
                  PLLE2_ADV_X1Y2       PLLE2_ADV (Prop_plle2_adv_CLKIN1_CLKOUT3)
                                                                    0.073     6.832 r  U0_ps_ai_peripheral/mig_ddr3_u0/u_mig_7series_0_mig/u_ddr3_infrastructure/plle2_i/CLKOUT3
                                       net (fo=1, routed)           1.033     7.865    U0_ps_ai_peripheral/mig_ddr3_u0/u_mig_7series_0_mig/u_ddr3_infrastructure/pll_clk3_out
                  BUFHCE_X1Y24                                                      r  U0_ps_ai_peripheral/mig_ddr3_u0/u_mig_7series_0_mig/u_ddr3_infrastructure/u_bufh_pll_clk3/I
                  BUFHCE_X1Y24         BUFH (Prop_bufh_I_O)         0.066     7.931 r  U0_ps_ai_peripheral/mig_ddr3_u0/u_mig_7series_0_mig/u_ddr3_infrastructure/u_bufh_pll_clk3/O
                                       net (fo=1, routed)           0.710     8.641    U0_ps_ai_peripheral/mig_ddr3_u0/u_mig_7series_0_mig/u_ddr3_infrastructure/pll_clk3
                  MMCME2_ADV_X1Y2                                                   r  U0_ps_ai_peripheral/mig_ddr3_u0/u_mig_7series_0_mig/u_ddr3_infrastructure/gen_mmcm.mmcm_i/CLKIN1
                  MMCME2_ADV_X1Y2      MMCME2_ADV (Prop_mmcme2_adv_CLKIN1_CLKFBOUT)
                                                                   -2.652     5.989 r  U0_ps_ai_peripheral/mig_ddr3_u0/u_mig_7series_0_mig/u_ddr3_infrastructure/gen_mmcm.mmcm_i/CLKFBOUT
                                       net (fo=1, routed)           1.333     7.322    U0_ps_ai_peripheral/mig_ddr3_u0/u_mig_7series_0_mig/u_ddr3_infrastructure/clk_pll_i
                  BUFGCTRL_X0Y16                                                    r  U0_ps_ai_peripheral/mig_ddr3_u0/u_mig_7series_0_mig/u_ddr3_infrastructure/u_bufg_clkdiv0/I
                  BUFGCTRL_X0Y16       BUFG (Prop_bufg_I_O)         0.083     7.405 r  U0_ps_ai_peripheral/mig_ddr3_u0/u_mig_7series_0_mig/u_ddr3_infrastructure/u_bufg_clkdiv0/O
                                       net (fo=103920, routed)      1.073     8.478    U0_ps_ai_peripheral/ZGolo/u_AI_Mate_top/ddr_witcn_u0/mna_idfifo_w5_u0/U0/inst_fifo_gen/gconvfifo.rf/grf.rf/gntv_or_sync_fifo.mem/gdm.dm_gen.dm/RAM_reg_832_895_0_2/WCLK
                  SLICE_X46Y135        RAMD64E                                      r  U0_ps_ai_peripheral/ZGolo/u_AI_Mate_top/ddr_witcn_u0/mna_idfifo_w5_u0/U0/inst_fifo_gen/gconvfifo.rf/grf.rf/gntv_or_sync_fifo.mem/gdm.dm_gen.dm/RAM_reg_832_895_0_2/RAMD/CLK
                                       clock pessimism              0.253     8.732    
                                       clock uncertainty           -0.052     8.679    
                  SLICE_X46Y135        RAMD64E (Setup_ramd64e_CLK_WE)
                                                                   -0.303     8.376    U0_ps_ai_peripheral/ZGolo/u_AI_Mate_top/ddr_witcn_u0/mna_idfifo_w5_u0/U0/inst_fifo_gen/gconvfifo.rf/grf.rf/gntv_or_sync_fifo.mem/gdm.dm_gen.dm/RAM_reg_832_895_0_2/RAMD
  ---------------------------------------------------------------------------------
                                       required time                          8.376    
                                       arrival time                          -8.007    
  ---------------------------------------------------------------------------------
                                       slack                                  0.369    

Slack (MET) :             0.371ns  (required time - arrival time)
  Source:                 U_adder_top/U_flicker/dma/write_count_reg[0]/C
                            (rising edge-triggered cell FDCE clocked by clk_pll_i  {rise@0.000ns fall@2.500ns period=5.000ns})
  Destination:            U0_ps_ai_peripheral/ZGolo/u_AI_Mate_top/ddr_witcn_u0/mna_idfifo_w5_u0/U0/inst_fifo_gen/gconvfifo.rf/grf.rf/gntv_or_sync_fifo.gl0.wr/gwss.gpf.wrpf/gdiff.gcry_1_sym.diff_pntr_pad_reg[9]/D
                            (rising edge-triggered cell FDRE clocked by clk_pll_i  {rise@0.000ns fall@2.500ns period=5.000ns})
  Path Group:             clk_pll_i
  Path Type:              Setup (Max at Slow Process Corner)
  Requirement:            5.000ns  (clk_pll_i rise@5.000ns - clk_pll_i rise@0.000ns)
  Data Path Delay:        4.479ns  (logic 1.297ns (28.957%)  route 3.182ns (71.043%))
  Logic Levels:           12  (CARRY4=7 LUT4=1 LUT5=1 LUT6=3)
  Clock Path Skew:        -0.147ns (DCD - SCD + CPR)
    Destination Clock Delay (DCD):    3.480ns = ( 8.480 - 5.000 ) 
    Source Clock Delay      (SCD):    3.881ns
    Clock Pessimism Removal (CPR):    0.253ns
  Clock Uncertainty:      0.052ns  ((TSJ^2 + DJ^2)^1/2) / 2 + PE
    Total System Jitter     (TSJ):    0.071ns
    Discrete Jitter          (DJ):    0.077ns
    Phase Error              (PE):    0.000ns

    Pin Reuse     Location             Delay type                Incr(ns)  Path(ns)    Netlist Resource(s)
  ---------------------------------------------------------------------------------    -------------------
                                       (clock clk_pll_i rise edge)
                                                                    0.000     0.000 r  
                  C8                                                0.000     0.000 r  sys_clk_p (IN)
                                       net (fo=0)                   0.000     0.000    U0_ps_ai_peripheral/mig_ddr3_u0/u_mig_7series_0_mig/u_ddr3_clk_ibuf/sys_clk_p
                  C8                                                                r  U0_ps_ai_peripheral/mig_ddr3_u0/u_mig_7series_0_mig/u_ddr3_clk_ibuf/diff_input_clk.u_ibufg_sys_clk/I
                  C8                   IBUFDS (Prop_ibufds_I_O)     0.855     0.855 r  U0_ps_ai_peripheral/mig_ddr3_u0/u_mig_7series_0_mig/u_ddr3_clk_ibuf/diff_input_clk.u_ibufg_sys_clk/O
                                       net (fo=3, routed)           1.098     1.953    U0_ps_ai_peripheral/mig_ddr3_u0/u_mig_7series_0_mig/u_ddr3_infrastructure/out
                  PLLE2_ADV_X1Y2                                                    r  U0_ps_ai_peripheral/mig_ddr3_u0/u_mig_7series_0_mig/u_ddr3_infrastructure/plle2_i/CLKIN1
                  PLLE2_ADV_X1Y2       PLLE2_ADV (Prop_plle2_adv_CLKIN1_CLKOUT3)
                                                                    0.077     2.030 r  U0_ps_ai_peripheral/mig_ddr3_u0/u_mig_7series_0_mig/u_ddr3_infrastructure/plle2_i/CLKOUT3
                                       net (fo=1, routed)           1.145     3.175    U0_ps_ai_peripheral/mig_ddr3_u0/u_mig_7series_0_mig/u_ddr3_infrastructure/pll_clk3_out
                  BUFHCE_X1Y24                                                      r  U0_ps_ai_peripheral/mig_ddr3_u0/u_mig_7series_0_mig/u_ddr3_infrastructure/u_bufh_pll_clk3/I
                  BUFHCE_X1Y24         BUFH (Prop_bufh_I_O)         0.103     3.278 r  U0_ps_ai_peripheral/mig_ddr3_u0/u_mig_7series_0_mig/u_ddr3_infrastructure/u_bufh_pll_clk3/O
                                       net (fo=1, routed)           0.779     4.057    U0_ps_ai_peripheral/mig_ddr3_u0/u_mig_7series_0_mig/u_ddr3_infrastructure/pll_clk3
                  MMCME2_ADV_X1Y2                                                   r  U0_ps_ai_peripheral/mig_ddr3_u0/u_mig_7series_0_mig/u_ddr3_infrastructure/gen_mmcm.mmcm_i/CLKIN1
                  MMCME2_ADV_X1Y2      MMCME2_ADV (Prop_mmcme2_adv_CLKIN1_CLKFBOUT)
                                                                   -2.933     1.124 r  U0_ps_ai_peripheral/mig_ddr3_u0/u_mig_7series_0_mig/u_ddr3_infrastructure/gen_mmcm.mmcm_i/CLKFBOUT
                                       net (fo=1, routed)           1.442     2.566    U0_ps_ai_peripheral/mig_ddr3_u0/u_mig_7series_0_mig/u_ddr3_infrastructure/clk_pll_i
                  BUFGCTRL_X0Y16                                                    r  U0_ps_ai_peripheral/mig_ddr3_u0/u_mig_7series_0_mig/u_ddr3_infrastructure/u_bufg_clkdiv0/I
                  BUFGCTRL_X0Y16       BUFG (Prop_bufg_I_O)         0.093     2.659 r  U0_ps_ai_peripheral/mig_ddr3_u0/u_mig_7series_0_mig/u_ddr3_infrastructure/u_bufg_clkdiv0/O
                                       net (fo=103920, routed)      1.222     3.881    U_adder_top/U_flicker/dma/ui_clk
                  SLICE_X57Y91         FDCE                                         r  U_adder_top/U_flicker/dma/write_count_reg[0]/C
  ---------------------------------------------------------------------------------    -------------------
    Placement     SLICE_X57Y91         FDCE (Prop_fdce_C_Q)         0.223     4.104 r  U_adder_top/U_flicker/dma/write_count_reg[0]/Q
                                       net (fo=6, routed)           0.579     4.683    U_adder_top/U_flicker/dma/writes[0]
    Placement     SLICE_X58Y94                                                      r  U_adder_top/U_flicker/dma/awvalid1_carry_i_8/I2
    Routing       SLICE_X58Y94         LUT4 (Prop_lut4_I2_O)        0.043     4.726 r  U_adder_top/U_flicker/dma/awvalid1_carry_i_8/O
                                       net (fo=1, routed)           0.000     4.726    U_adder_top/U_flicker/dma/awvalid1_carry_i_8_n_0
    Routing       SLICE_X58Y94                                                      r  U_adder_top/U_flicker/dma/awvalid1_carry/S[0]
    Placement     SLICE_X58Y94         CARRY4 (Prop_carry4_S[0]_CO[3])
                                                                    0.246     4.972 r  U_adder_top/U_flicker/dma/awvalid1_carry/CO[3]
                                       net (fo=1, routed)           0.000     4.972    U_adder_top/U_flicker/dma/awvalid1_carry_n_0
    Placement     SLICE_X58Y95                                                      r  U_adder_top/U_flicker/dma/awvalid1_carry__0/CI
    Placement     SLICE_X58Y95         CARRY4 (Prop_carry4_CI_CO[3])
                                                                    0.054     5.026 r  U_adder_top/U_flicker/dma/awvalid1_carry__0/CO[3]
                                       net (fo=1, routed)           0.000     5.026    U_adder_top/U_flicker/dma/awvalid1_carry__0_n_0
    Placement     SLICE_X58Y96                                                      r  U_adder_top/U_flicker/dma/awvalid1_carry__1/CI
    Placement     SLICE_X58Y96         CARRY4 (Prop_carry4_CI_CO[3])
                                                                    0.054     5.080 r  U_adder_top/U_flicker/dma/awvalid1_carry__1/CO[3]
                                       net (fo=1, routed)           0.000     5.080    U_adder_top/U_flicker/dma/awvalid1_carry__1_n_0
    Placement     SLICE_X58Y97                                                      r  U_adder_top/U_flicker/dma/awvalid1_carry__2/CI
    Placement     SLICE_X58Y97         CARRY4 (Prop_carry4_CI_CO[3])
                                                                    0.054     5.134 r  U_adder_top/U_flicker/dma/awvalid1_carry__2/CO[3]
                                       net (fo=1, routed)           0.511     5.645    U_adder_top/U_flicker/dma/awvalid1
    Placement     SLICE_X59Y102                                                     r  U_adder_top/U_flicker/dma/ZGolo_i_583/I3
    Placement     SLICE_X59Y102        LUT6 (Prop_lut6_I3_O)        0.043     5.688 r  U_adder_top/U_flicker/dma/ZGolo_i_583/O
                                       net (fo=4, routed)           0.388     6.076    U_adder_top/legacy/U_adder/U_avr_rs/u_avr_frs/fawv
    Placement     SLICE_X61Y109                                                     r  U_adder_top/legacy/U_adder/U_avr_rs/u_avr_frs/ZGolo_i_547/I0
    Placement     SLICE_X61Y109        LUT5 (Prop_lut5_I0_O)        0.043     6.119 r  U_adder_top/legacy/U_adder/U_avr_rs/u_avr_frs/ZGolo_i_547/O
                                       net (fo=8, routed)           0.606     6.725    U0_ps_ai_peripheral/ZGolo/UserCustomOp_0_awwvalid
    Placement     SLICE_X61Y120                                                     r  U0_ps_ai_peripheral/ZGolo/mna_idfifo_w5_u0_i_4/I1
    Placement     SLICE_X61Y120        LUT6 (Prop_lut6_I1_O)        0.043     6.768 r  U0_ps_ai_peripheral/ZGolo/mna_idfifo_w5_u0_i_4/O
                                       net (fo=20, routed)          0.812     7.581    U0_ps_ai_peripheral/ZGolo/u_AI_Mate_top/ddr_witcn_u0/mna_idfifo_w5_u0/U0/inst_fifo_gen/gconvfifo.rf/grf.rf/gntv_or_sync_fifo.gl0.rd/gr1.gr1_int.rfwft/wr_en
    Placement     SLICE_X44Y139                                                     r  U0_ps_ai_peripheral/ZGolo/u_AI_Mate_top/ddr_witcn_u0/mna_idfifo_w5_u0/U0/inst_fifo_gen/gconvfifo.rf/grf.rf/gntv_or_sync_fifo.gl0.rd/gr1.gr1_int.rfwft/plusOp_carry_i_1/I1
    Placement     SLICE_X44Y139        LUT6 (Prop_lut6_I1_O)        0.043     7.624 r  U0_ps_ai_peripheral/ZGolo/u_AI_Mate_top/ddr_witcn_u0/mna_idfifo_w5_u0/U0/inst_fifo_gen/gconvfifo.rf/grf.rf/gntv_or_sync_fifo.gl0.rd/gr1.gr1_int.rfwft/plusOp_carry_i_1/O
                                       net (fo=1, routed)           0.285     7.909    U0_ps_ai_peripheral/ZGolo/u_AI_Mate_top/ddr_witcn_u0/mna_idfifo_w5_u0/U0/inst_fifo_gen/gconvfifo.rf/grf.rf/gntv_or_sync_fifo.gl0.wr/gwss.gpf.wrpf/p_1_out
    Placement     SLICE_X45Y137                                                     r  U0_ps_ai_peripheral/ZGolo/u_AI_Mate_top/ddr_witcn_u0/mna_idfifo_w5_u0/U0/inst_fifo_gen/gconvfifo.rf/grf.rf/gntv_or_sync_fifo.gl0.wr/gwss.gpf.wrpf/plusOp_carry/CYINIT
    Placement     SLICE_X45Y137        CARRY4 (Prop_carry4_CYINIT_CO[3])
                                                                    0.287     8.196 r  U0_ps_ai_peripheral/ZGolo/u_AI_Mate_top/ddr_witcn_u0/mna_idfifo_w5_u0/U0/inst_fifo_gen/gconvfifo.rf/grf.rf/gntv_or_sync_fifo.gl0.wr/gwss.gpf.wrpf/plusOp_carry/CO[3]
                                       net (fo=1, routed)           0.000     8.196    U0_ps_ai_peripheral/ZGolo/u_AI_Mate_top/ddr_witcn_u0/mna_idfifo_w5_u0/U0/inst_fifo_gen/gconvfifo.rf/grf.rf/gntv_or_sync_fifo.gl0.wr/gwss.gpf.wrpf/plusOp_carry_n_0
    Placement     SLICE_X45Y138                                                     r  U0_ps_ai_peripheral/ZGolo/u_AI_Mate_top/ddr_witcn_u0/mna_idfifo_w5_u0/U0/inst_fifo_gen/gconvfifo.rf/grf.rf/gntv_or_sync_fifo.gl0.wr/gwss.gpf.wrpf/plusOp_carry__0/CI
    Placement     SLICE_X45Y138        CARRY4 (Prop_carry4_CI_CO[3])
                                                                    0.053     8.249 r  U0_ps_ai_peripheral/ZGolo/u_AI_Mate_top/ddr_witcn_u0/mna_idfifo_w5_u0/U0/inst_fifo_gen/gconvfifo.rf/grf.rf/gntv_or_sync_fifo.gl0.wr/gwss.gpf.wrpf/plusOp_carry__0/CO[3]
                                       net (fo=1, routed)           0.000     8.249    U0_ps_ai_peripheral/ZGolo/u_AI_Mate_top/ddr_witcn_u0/mna_idfifo_w5_u0/U0/inst_fifo_gen/gconvfifo.rf/grf.rf/gntv_or_sync_fifo.gl0.wr/gwss.gpf.wrpf/plusOp_carry__0_n_0
    Placement     SLICE_X45Y139                                                     r  U0_ps_ai_peripheral/ZGolo/u_AI_Mate_top/ddr_witcn_u0/mna_idfifo_w5_u0/U0/inst_fifo_gen/gconvfifo.rf/grf.rf/gntv_or_sync_fifo.gl0.wr/gwss.gpf.wrpf/plusOp_carry__1/CI
    Routing       SLICE_X45Y139        CARRY4 (Prop_carry4_CI_O[0])
                                                                    0.111     8.360 r  U0_ps_ai_peripheral/ZGolo/u_AI_Mate_top/ddr_witcn_u0/mna_idfifo_w5_u0/U0/inst_fifo_gen/gconvfifo.rf/grf.rf/gntv_or_sync_fifo.gl0.wr/gwss.gpf.wrpf/plusOp_carry__1/O[0]
                                       net (fo=1, routed)           0.000     8.360    U0_ps_ai_peripheral/ZGolo/u_AI_Mate_top/ddr_witcn_u0/mna_idfifo_w5_u0/U0/inst_fifo_gen/gconvfifo.rf/grf.rf/gntv_or_sync_fifo.gl0.wr/gwss.gpf.wrpf/plusOp[9]
    Routing       SLICE_X45Y139        FDRE                                         r  U0_ps_ai_peripheral/ZGolo/u_AI_Mate_top/ddr_witcn_u0/mna_idfifo_w5_u0/U0/inst_fifo_gen/gconvfifo.rf/grf.rf/gntv_or_sync_fifo.gl0.wr/gwss.gpf.wrpf/gdiff.gcry_1_sym.diff_pntr_pad_reg[9]/D
  ---------------------------------------------------------------------------------    -------------------

                                       (clock clk_pll_i rise edge)
                                                                    5.000     5.000 r  
                  C8                                                0.000     5.000 r  sys_clk_p (IN)
                                       net (fo=0)                   0.000     5.000    U0_ps_ai_peripheral/mig_ddr3_u0/u_mig_7series_0_mig/u_ddr3_clk_ibuf/sys_clk_p
                  C8                                                                r  U0_ps_ai_peripheral/mig_ddr3_u0/u_mig_7series_0_mig/u_ddr3_clk_ibuf/diff_input_clk.u_ibufg_sys_clk/I
                  C8                   IBUFDS (Prop_ibufds_I_O)     0.758     5.758 r  U0_ps_ai_peripheral/mig_ddr3_u0/u_mig_7series_0_mig/u_ddr3_clk_ibuf/diff_input_clk.u_ibufg_sys_clk/O
                                       net (fo=3, routed)           1.001     6.759    U0_ps_ai_peripheral/mig_ddr3_u0/u_mig_7series_0_mig/u_ddr3_infrastructure/out
                  PLLE2_ADV_X1Y2                                                    r  U0_ps_ai_peripheral/mig_ddr3_u0/u_mig_7series_0_mig/u_ddr3_infrastructure/plle2_i/CLKIN1
                  PLLE2_ADV_X1Y2       PLLE2_ADV (Prop_plle2_adv_CLKIN1_CLKOUT3)
                                                                    0.073     6.832 r  U0_ps_ai_peripheral/mig_ddr3_u0/u_mig_7series_0_mig/u_ddr3_infrastructure/plle2_i/CLKOUT3
                                       net (fo=1, routed)           1.033     7.865    U0_ps_ai_peripheral/mig_ddr3_u0/u_mig_7series_0_mig/u_ddr3_infrastructure/pll_clk3_out
                  BUFHCE_X1Y24                                                      r  U0_ps_ai_peripheral/mig_ddr3_u0/u_mig_7series_0_mig/u_ddr3_infrastructure/u_bufh_pll_clk3/I
                  BUFHCE_X1Y24         BUFH (Prop_bufh_I_O)         0.066     7.931 r  U0_ps_ai_peripheral/mig_ddr3_u0/u_mig_7series_0_mig/u_ddr3_infrastructure/u_bufh_pll_clk3/O
                                       net (fo=1, routed)           0.710     8.641    U0_ps_ai_peripheral/mig_ddr3_u0/u_mig_7series_0_mig/u_ddr3_infrastructure/pll_clk3
                  MMCME2_ADV_X1Y2                                                   r  U0_ps_ai_peripheral/mig_ddr3_u0/u_mig_7series_0_mig/u_ddr3_infrastructure/gen_mmcm.mmcm_i/CLKIN1
                  MMCME2_ADV_X1Y2      MMCME2_ADV (Prop_mmcme2_adv_CLKIN1_CLKFBOUT)
                                                                   -2.652     5.989 r  U0_ps_ai_peripheral/mig_ddr3_u0/u_mig_7series_0_mig/u_ddr3_infrastructure/gen_mmcm.mmcm_i/CLKFBOUT
                                       net (fo=1, routed)           1.333     7.322    U0_ps_ai_peripheral/mig_ddr3_u0/u_mig_7series_0_mig/u_ddr3_infrastructure/clk_pll_i
                  BUFGCTRL_X0Y16                                                    r  U0_ps_ai_peripheral/mig_ddr3_u0/u_mig_7series_0_mig/u_ddr3_infrastructure/u_bufg_clkdiv0/I
                  BUFGCTRL_X0Y16       BUFG (Prop_bufg_I_O)         0.083     7.405 r  U0_ps_ai_peripheral/mig_ddr3_u0/u_mig_7series_0_mig/u_ddr3_infrastructure/u_bufg_clkdiv0/O
                                       net (fo=103920, routed)      1.075     8.480    U0_ps_ai_peripheral/ZGolo/u_AI_Mate_top/ddr_witcn_u0/mna_idfifo_w5_u0/U0/inst_fifo_gen/gconvfifo.rf/grf.rf/gntv_or_sync_fifo.gl0.wr/gwss.gpf.wrpf/clk
                  SLICE_X45Y139        FDRE                                         r  U0_ps_ai_peripheral/ZGolo/u_AI_Mate_top/ddr_witcn_u0/mna_idfifo_w5_u0/U0/inst_fifo_gen/gconvfifo.rf/grf.rf/gntv_or_sync_fifo.gl0.wr/gwss.gpf.wrpf/gdiff.gcry_1_sym.diff_pntr_pad_reg[9]/C
                                       clock pessimism              0.253     8.734    
                                       clock uncertainty           -0.052     8.681    
                  SLICE_X45Y139        FDRE (Setup_fdre_C_D)        0.049     8.730    U0_ps_ai_peripheral/ZGolo/u_AI_Mate_top/ddr_witcn_u0/mna_idfifo_w5_u0/U0/inst_fifo_gen/gconvfifo.rf/grf.rf/gntv_or_sync_fifo.gl0.wr/gwss.gpf.wrpf/gdiff.gcry_1_sym.diff_pntr_pad_reg[9]
  ---------------------------------------------------------------------------------
                                       required time                          8.730    
                                       arrival time                          -8.360    
  ---------------------------------------------------------------------------------
                                       slack                                  0.371    

Slack (MET) :             0.385ns  (required time - arrival time)
  Source:                 U_adder_top/U_flicker/dma/write_count_reg[0]/C
                            (rising edge-triggered cell FDCE clocked by clk_pll_i  {rise@0.000ns fall@2.500ns period=5.000ns})
  Destination:            U0_ps_ai_peripheral/ZGolo/u_AI_Mate_top/ddr_witcn_u0/mna_idfifo_w5_u0/U0/inst_fifo_gen/gconvfifo.rf/grf.rf/gntv_or_sync_fifo.gl0.wr/gwss.gpf.wrpf/gdiff.gcry_1_sym.diff_pntr_pad_reg[8]/D
                            (rising edge-triggered cell FDRE clocked by clk_pll_i  {rise@0.000ns fall@2.500ns period=5.000ns})
  Path Group:             clk_pll_i
  Path Type:              Setup (Max at Slow Process Corner)
  Requirement:            5.000ns  (clk_pll_i rise@5.000ns - clk_pll_i rise@0.000ns)
  Data Path Delay:        4.464ns  (logic 1.282ns (28.719%)  route 3.182ns (71.281%))
  Logic Levels:           11  (CARRY4=6 LUT4=1 LUT5=1 LUT6=3)
  Clock Path Skew:        -0.148ns (DCD - SCD + CPR)
    Destination Clock Delay (DCD):    3.479ns = ( 8.479 - 5.000 ) 
    Source Clock Delay      (SCD):    3.881ns
    Clock Pessimism Removal (CPR):    0.253ns
  Clock Uncertainty:      0.052ns  ((TSJ^2 + DJ^2)^1/2) / 2 + PE
    Total System Jitter     (TSJ):    0.071ns
    Discrete Jitter          (DJ):    0.077ns
    Phase Error              (PE):    0.000ns

    Pin Reuse     Location             Delay type                Incr(ns)  Path(ns)    Netlist Resource(s)
  ---------------------------------------------------------------------------------    -------------------
                                       (clock clk_pll_i rise edge)
                                                                    0.000     0.000 r  
                  C8                                                0.000     0.000 r  sys_clk_p (IN)
                                       net (fo=0)                   0.000     0.000    U0_ps_ai_peripheral/mig_ddr3_u0/u_mig_7series_0_mig/u_ddr3_clk_ibuf/sys_clk_p
                  C8                                                                r  U0_ps_ai_peripheral/mig_ddr3_u0/u_mig_7series_0_mig/u_ddr3_clk_ibuf/diff_input_clk.u_ibufg_sys_clk/I
                  C8                   IBUFDS (Prop_ibufds_I_O)     0.855     0.855 r  U0_ps_ai_peripheral/mig_ddr3_u0/u_mig_7series_0_mig/u_ddr3_clk_ibuf/diff_input_clk.u_ibufg_sys_clk/O
                                       net (fo=3, routed)           1.098     1.953    U0_ps_ai_peripheral/mig_ddr3_u0/u_mig_7series_0_mig/u_ddr3_infrastructure/out
                  PLLE2_ADV_X1Y2                                                    r  U0_ps_ai_peripheral/mig_ddr3_u0/u_mig_7series_0_mig/u_ddr3_infrastructure/plle2_i/CLKIN1
                  PLLE2_ADV_X1Y2       PLLE2_ADV (Prop_plle2_adv_CLKIN1_CLKOUT3)
                                                                    0.077     2.030 r  U0_ps_ai_peripheral/mig_ddr3_u0/u_mig_7series_0_mig/u_ddr3_infrastructure/plle2_i/CLKOUT3
                                       net (fo=1, routed)           1.145     3.175    U0_ps_ai_peripheral/mig_ddr3_u0/u_mig_7series_0_mig/u_ddr3_infrastructure/pll_clk3_out
                  BUFHCE_X1Y24                                                      r  U0_ps_ai_peripheral/mig_ddr3_u0/u_mig_7series_0_mig/u_ddr3_infrastructure/u_bufh_pll_clk3/I
                  BUFHCE_X1Y24         BUFH (Prop_bufh_I_O)         0.103     3.278 r  U0_ps_ai_peripheral/mig_ddr3_u0/u_mig_7series_0_mig/u_ddr3_infrastructure/u_bufh_pll_clk3/O
                                       net (fo=1, routed)           0.779     4.057    U0_ps_ai_peripheral/mig_ddr3_u0/u_mig_7series_0_mig/u_ddr3_infrastructure/pll_clk3
                  MMCME2_ADV_X1Y2                                                   r  U0_ps_ai_peripheral/mig_ddr3_u0/u_mig_7series_0_mig/u_ddr3_infrastructure/gen_mmcm.mmcm_i/CLKIN1
                  MMCME2_ADV_X1Y2      MMCME2_ADV (Prop_mmcme2_adv_CLKIN1_CLKFBOUT)
                                                                   -2.933     1.124 r  U0_ps_ai_peripheral/mig_ddr3_u0/u_mig_7series_0_mig/u_ddr3_infrastructure/gen_mmcm.mmcm_i/CLKFBOUT
                                       net (fo=1, routed)           1.442     2.566    U0_ps_ai_peripheral/mig_ddr3_u0/u_mig_7series_0_mig/u_ddr3_infrastructure/clk_pll_i
                  BUFGCTRL_X0Y16                                                    r  U0_ps_ai_peripheral/mig_ddr3_u0/u_mig_7series_0_mig/u_ddr3_infrastructure/u_bufg_clkdiv0/I
                  BUFGCTRL_X0Y16       BUFG (Prop_bufg_I_O)         0.093     2.659 r  U0_ps_ai_peripheral/mig_ddr3_u0/u_mig_7series_0_mig/u_ddr3_infrastructure/u_bufg_clkdiv0/O
                                       net (fo=103920, routed)      1.222     3.881    U_adder_top/U_flicker/dma/ui_clk
                  SLICE_X57Y91         FDCE                                         r  U_adder_top/U_flicker/dma/write_count_reg[0]/C
  ---------------------------------------------------------------------------------    -------------------
    Placement     SLICE_X57Y91         FDCE (Prop_fdce_C_Q)         0.223     4.104 r  U_adder_top/U_flicker/dma/write_count_reg[0]/Q
                                       net (fo=6, routed)           0.579     4.683    U_adder_top/U_flicker/dma/writes[0]
    Placement     SLICE_X58Y94                                                      r  U_adder_top/U_flicker/dma/awvalid1_carry_i_8/I2
    Routing       SLICE_X58Y94         LUT4 (Prop_lut4_I2_O)        0.043     4.726 r  U_adder_top/U_flicker/dma/awvalid1_carry_i_8/O
                                       net (fo=1, routed)           0.000     4.726    U_adder_top/U_flicker/dma/awvalid1_carry_i_8_n_0
    Routing       SLICE_X58Y94                                                      r  U_adder_top/U_flicker/dma/awvalid1_carry/S[0]
    Placement     SLICE_X58Y94         CARRY4 (Prop_carry4_S[0]_CO[3])
                                                                    0.246     4.972 r  U_adder_top/U_flicker/dma/awvalid1_carry/CO[3]
                                       net (fo=1, routed)           0.000     4.972    U_adder_top/U_flicker/dma/awvalid1_carry_n_0
    Placement     SLICE_X58Y95                                                      r  U_adder_top/U_flicker/dma/awvalid1_carry__0/CI
    Placement     SLICE_X58Y95         CARRY4 (Prop_carry4_CI_CO[3])
                                                                    0.054     5.026 r  U_adder_top/U_flicker/dma/awvalid1_carry__0/CO[3]
                                       net (fo=1, routed)           0.000     5.026    U_adder_top/U_flicker/dma/awvalid1_carry__0_n_0
    Placement     SLICE_X58Y96                                                      r  U_adder_top/U_flicker/dma/awvalid1_carry__1/CI
    Placement     SLICE_X58Y96         CARRY4 (Prop_carry4_CI_CO[3])
                                                                    0.054     5.080 r  U_adder_top/U_flicker/dma/awvalid1_carry__1/CO[3]
                                       net (fo=1, routed)           0.000     5.080    U_adder_top/U_flicker/dma/awvalid1_carry__1_n_0
    Placement     SLICE_X58Y97                                                      r  U_adder_top/U_flicker/dma/awvalid1_carry__2/CI
    Placement     SLICE_X58Y97         CARRY4 (Prop_carry4_CI_CO[3])
                                                                    0.054     5.134 r  U_adder_top/U_flicker/dma/awvalid1_carry__2/CO[3]
                                       net (fo=1, routed)           0.511     5.645    U_adder_top/U_flicker/dma/awvalid1
    Placement     SLICE_X59Y102                                                     r  U_adder_top/U_flicker/dma/ZGolo_i_583/I3
    Placement     SLICE_X59Y102        LUT6 (Prop_lut6_I3_O)        0.043     5.688 r  U_adder_top/U_flicker/dma/ZGolo_i_583/O
                                       net (fo=4, routed)           0.388     6.076    U_adder_top/legacy/U_adder/U_avr_rs/u_avr_frs/fawv
    Placement     SLICE_X61Y109                                                     r  U_adder_top/legacy/U_adder/U_avr_rs/u_avr_frs/ZGolo_i_547/I0
    Placement     SLICE_X61Y109        LUT5 (Prop_lut5_I0_O)        0.043     6.119 r  U_adder_top/legacy/U_adder/U_avr_rs/u_avr_frs/ZGolo_i_547/O
                                       net (fo=8, routed)           0.606     6.725    U0_ps_ai_peripheral/ZGolo/UserCustomOp_0_awwvalid
    Placement     SLICE_X61Y120                                                     r  U0_ps_ai_peripheral/ZGolo/mna_idfifo_w5_u0_i_4/I1
    Placement     SLICE_X61Y120        LUT6 (Prop_lut6_I1_O)        0.043     6.768 r  U0_ps_ai_peripheral/ZGolo/mna_idfifo_w5_u0_i_4/O
                                       net (fo=20, routed)          0.812     7.581    U0_ps_ai_peripheral/ZGolo/u_AI_Mate_top/ddr_witcn_u0/mna_idfifo_w5_u0/U0/inst_fifo_gen/gconvfifo.rf/grf.rf/gntv_or_sync_fifo.gl0.rd/gr1.gr1_int.rfwft/wr_en
    Placement     SLICE_X44Y139                                                     r  U0_ps_ai_peripheral/ZGolo/u_AI_Mate_top/ddr_witcn_u0/mna_idfifo_w5_u0/U0/inst_fifo_gen/gconvfifo.rf/grf.rf/gntv_or_sync_fifo.gl0.rd/gr1.gr1_int.rfwft/plusOp_carry_i_1/I1
    Placement     SLICE_X44Y139        LUT6 (Prop_lut6_I1_O)        0.043     7.624 r  U0_ps_ai_peripheral/ZGolo/u_AI_Mate_top/ddr_witcn_u0/mna_idfifo_w5_u0/U0/inst_fifo_gen/gconvfifo.rf/grf.rf/gntv_or_sync_fifo.gl0.rd/gr1.gr1_int.rfwft/plusOp_carry_i_1/O
                                       net (fo=1, routed)           0.285     7.909    U0_ps_ai_peripheral/ZGolo/u_AI_Mate_top/ddr_witcn_u0/mna_idfifo_w5_u0/U0/inst_fifo_gen/gconvfifo.rf/grf.rf/gntv_or_sync_fifo.gl0.wr/gwss.gpf.wrpf/p_1_out
    Placement     SLICE_X45Y137                                                     r  U0_ps_ai_peripheral/ZGolo/u_AI_Mate_top/ddr_witcn_u0/mna_idfifo_w5_u0/U0/inst_fifo_gen/gconvfifo.rf/grf.rf/gntv_or_sync_fifo.gl0.wr/gwss.gpf.wrpf/plusOp_carry/CYINIT
    Placement     SLICE_X45Y137        CARRY4 (Prop_carry4_CYINIT_CO[3])
                                                                    0.287     8.196 r  U0_ps_ai_peripheral/ZGolo/u_AI_Mate_top/ddr_witcn_u0/mna_idfifo_w5_u0/U0/inst_fifo_gen/gconvfifo.rf/grf.rf/gntv_or_sync_fifo.gl0.wr/gwss.gpf.wrpf/plusOp_carry/CO[3]
                                       net (fo=1, routed)           0.000     8.196    U0_ps_ai_peripheral/ZGolo/u_AI_Mate_top/ddr_witcn_u0/mna_idfifo_w5_u0/U0/inst_fifo_gen/gconvfifo.rf/grf.rf/gntv_or_sync_fifo.gl0.wr/gwss.gpf.wrpf/plusOp_carry_n_0
    Placement     SLICE_X45Y138                                                     r  U0_ps_ai_peripheral/ZGolo/u_AI_Mate_top/ddr_witcn_u0/mna_idfifo_w5_u0/U0/inst_fifo_gen/gconvfifo.rf/grf.rf/gntv_or_sync_fifo.gl0.wr/gwss.gpf.wrpf/plusOp_carry__0/CI
    Routing       SLICE_X45Y138        CARRY4 (Prop_carry4_CI_O[3])
                                                                    0.149     8.345 r  U0_ps_ai_peripheral/ZGolo/u_AI_Mate_top/ddr_witcn_u0/mna_idfifo_w5_u0/U0/inst_fifo_gen/gconvfifo.rf/grf.rf/gntv_or_sync_fifo.gl0.wr/gwss.gpf.wrpf/plusOp_carry__0/O[3]
                                       net (fo=1, routed)           0.000     8.345    U0_ps_ai_peripheral/ZGolo/u_AI_Mate_top/ddr_witcn_u0/mna_idfifo_w5_u0/U0/inst_fifo_gen/gconvfifo.rf/grf.rf/gntv_or_sync_fifo.gl0.wr/gwss.gpf.wrpf/plusOp[8]
    Routing       SLICE_X45Y138        FDRE                                         r  U0_ps_ai_peripheral/ZGolo/u_AI_Mate_top/ddr_witcn_u0/mna_idfifo_w5_u0/U0/inst_fifo_gen/gconvfifo.rf/grf.rf/gntv_or_sync_fifo.gl0.wr/gwss.gpf.wrpf/gdiff.gcry_1_sym.diff_pntr_pad_reg[8]/D
  ---------------------------------------------------------------------------------    -------------------

                                       (clock clk_pll_i rise edge)
                                                                    5.000     5.000 r  
                  C8                                                0.000     5.000 r  sys_clk_p (IN)
                                       net (fo=0)                   0.000     5.000    U0_ps_ai_peripheral/mig_ddr3_u0/u_mig_7series_0_mig/u_ddr3_clk_ibuf/sys_clk_p
                  C8                                                                r  U0_ps_ai_peripheral/mig_ddr3_u0/u_mig_7series_0_mig/u_ddr3_clk_ibuf/diff_input_clk.u_ibufg_sys_clk/I
                  C8                   IBUFDS (Prop_ibufds_I_O)     0.758     5.758 r  U0_ps_ai_peripheral/mig_ddr3_u0/u_mig_7series_0_mig/u_ddr3_clk_ibuf/diff_input_clk.u_ibufg_sys_clk/O
                                       net (fo=3, routed)           1.001     6.759    U0_ps_ai_peripheral/mig_ddr3_u0/u_mig_7series_0_mig/u_ddr3_infrastructure/out
                  PLLE2_ADV_X1Y2                                                    r  U0_ps_ai_peripheral/mig_ddr3_u0/u_mig_7series_0_mig/u_ddr3_infrastructure/plle2_i/CLKIN1
                  PLLE2_ADV_X1Y2       PLLE2_ADV (Prop_plle2_adv_CLKIN1_CLKOUT3)
                                                                    0.073     6.832 r  U0_ps_ai_peripheral/mig_ddr3_u0/u_mig_7series_0_mig/u_ddr3_infrastructure/plle2_i/CLKOUT3
                                       net (fo=1, routed)           1.033     7.865    U0_ps_ai_peripheral/mig_ddr3_u0/u_mig_7series_0_mig/u_ddr3_infrastructure/pll_clk3_out
                  BUFHCE_X1Y24                                                      r  U0_ps_ai_peripheral/mig_ddr3_u0/u_mig_7series_0_mig/u_ddr3_infrastructure/u_bufh_pll_clk3/I
                  BUFHCE_X1Y24         BUFH (Prop_bufh_I_O)         0.066     7.931 r  U0_ps_ai_peripheral/mig_ddr3_u0/u_mig_7series_0_mig/u_ddr3_infrastructure/u_bufh_pll_clk3/O
                                       net (fo=1, routed)           0.710     8.641    U0_ps_ai_peripheral/mig_ddr3_u0/u_mig_7series_0_mig/u_ddr3_infrastructure/pll_clk3
                  MMCME2_ADV_X1Y2                                                   r  U0_ps_ai_peripheral/mig_ddr3_u0/u_mig_7series_0_mig/u_ddr3_infrastructure/gen_mmcm.mmcm_i/CLKIN1
                  MMCME2_ADV_X1Y2      MMCME2_ADV (Prop_mmcme2_adv_CLKIN1_CLKFBOUT)
                                                                   -2.652     5.989 r  U0_ps_ai_peripheral/mig_ddr3_u0/u_mig_7series_0_mig/u_ddr3_infrastructure/gen_mmcm.mmcm_i/CLKFBOUT
                                       net (fo=1, routed)           1.333     7.322    U0_ps_ai_peripheral/mig_ddr3_u0/u_mig_7series_0_mig/u_ddr3_infrastructure/clk_pll_i
                  BUFGCTRL_X0Y16                                                    r  U0_ps_ai_peripheral/mig_ddr3_u0/u_mig_7series_0_mig/u_ddr3_infrastructure/u_bufg_clkdiv0/I
                  BUFGCTRL_X0Y16       BUFG (Prop_bufg_I_O)         0.083     7.405 r  U0_ps_ai_peripheral/mig_ddr3_u0/u_mig_7series_0_mig/u_ddr3_infrastructure/u_bufg_clkdiv0/O
                                       net (fo=103920, routed)      1.074     8.479    U0_ps_ai_peripheral/ZGolo/u_AI_Mate_top/ddr_witcn_u0/mna_idfifo_w5_u0/U0/inst_fifo_gen/gconvfifo.rf/grf.rf/gntv_or_sync_fifo.gl0.wr/gwss.gpf.wrpf/clk
                  SLICE_X45Y138        FDRE                                         r  U0_ps_ai_peripheral/ZGolo/u_AI_Mate_top/ddr_witcn_u0/mna_idfifo_w5_u0/U0/inst_fifo_gen/gconvfifo.rf/grf.rf/gntv_or_sync_fifo.gl0.wr/gwss.gpf.wrpf/gdiff.gcry_1_sym.diff_pntr_pad_reg[8]/C
                                       clock pessimism              0.253     8.733    
                                       clock uncertainty           -0.052     8.680    
                  SLICE_X45Y138        FDRE (Setup_fdre_C_D)        0.049     8.729    U0_ps_ai_peripheral/ZGolo/u_AI_Mate_top/ddr_witcn_u0/mna_idfifo_w5_u0/U0/inst_fifo_gen/gconvfifo.rf/grf.rf/gntv_or_sync_fifo.gl0.wr/gwss.gpf.wrpf/gdiff.gcry_1_sym.diff_pntr_pad_reg[8]
  ---------------------------------------------------------------------------------
                                       required time                          8.729    
                                       arrival time                          -8.345    
  ---------------------------------------------------------------------------------
                                       slack                                  0.385    

Slack (MET) :             0.393ns  (required time - arrival time)
  Source:                 U_adder_top/U_flicker/dma/write_count_reg[0]/C
                            (rising edge-triggered cell FDCE clocked by clk_pll_i  {rise@0.000ns fall@2.500ns period=5.000ns})
  Destination:            U0_ps_ai_peripheral/ZGolo/u_AI_Mate_top/ddr_witcn_u0/mna_idfifo_w5_u0/U0/inst_fifo_gen/gconvfifo.rf/grf.rf/gntv_or_sync_fifo.mem/gdm.dm_gen.dm/RAM_reg_576_639_3_3/DP/WE
                            (rising edge-triggered cell RAMD64E clocked by clk_pll_i  {rise@0.000ns fall@2.500ns period=5.000ns})
  Path Group:             clk_pll_i
  Path Type:              Setup (Max at Slow Process Corner)
  Requirement:            5.000ns  (clk_pll_i rise@5.000ns - clk_pll_i rise@0.000ns)
  Data Path Delay:        4.099ns  (logic 0.846ns (20.640%)  route 3.253ns (79.360%))
  Logic Levels:           9  (CARRY4=4 LUT4=1 LUT5=1 LUT6=3)
  Clock Path Skew:        -0.153ns (DCD - SCD + CPR)
    Destination Clock Delay (DCD):    3.474ns = ( 8.474 - 5.000 ) 
    Source Clock Delay      (SCD):    3.881ns
    Clock Pessimism Removal (CPR):    0.253ns
  Clock Uncertainty:      0.052ns  ((TSJ^2 + DJ^2)^1/2) / 2 + PE
    Total System Jitter     (TSJ):    0.071ns
    Discrete Jitter          (DJ):    0.077ns
    Phase Error              (PE):    0.000ns

    Pin Reuse     Location             Delay type                Incr(ns)  Path(ns)    Netlist Resource(s)
  ---------------------------------------------------------------------------------    -------------------
                                       (clock clk_pll_i rise edge)
                                                                    0.000     0.000 r  
                  C8                                                0.000     0.000 r  sys_clk_p (IN)
                                       net (fo=0)                   0.000     0.000    U0_ps_ai_peripheral/mig_ddr3_u0/u_mig_7series_0_mig/u_ddr3_clk_ibuf/sys_clk_p
                  C8                                                                r  U0_ps_ai_peripheral/mig_ddr3_u0/u_mig_7series_0_mig/u_ddr3_clk_ibuf/diff_input_clk.u_ibufg_sys_clk/I
                  C8                   IBUFDS (Prop_ibufds_I_O)     0.855     0.855 r  U0_ps_ai_peripheral/mig_ddr3_u0/u_mig_7series_0_mig/u_ddr3_clk_ibuf/diff_input_clk.u_ibufg_sys_clk/O
                                       net (fo=3, routed)           1.098     1.953    U0_ps_ai_peripheral/mig_ddr3_u0/u_mig_7series_0_mig/u_ddr3_infrastructure/out
                  PLLE2_ADV_X1Y2                                                    r  U0_ps_ai_peripheral/mig_ddr3_u0/u_mig_7series_0_mig/u_ddr3_infrastructure/plle2_i/CLKIN1
                  PLLE2_ADV_X1Y2       PLLE2_ADV (Prop_plle2_adv_CLKIN1_CLKOUT3)
                                                                    0.077     2.030 r  U0_ps_ai_peripheral/mig_ddr3_u0/u_mig_7series_0_mig/u_ddr3_infrastructure/plle2_i/CLKOUT3
                                       net (fo=1, routed)           1.145     3.175    U0_ps_ai_peripheral/mig_ddr3_u0/u_mig_7series_0_mig/u_ddr3_infrastructure/pll_clk3_out
                  BUFHCE_X1Y24                                                      r  U0_ps_ai_peripheral/mig_ddr3_u0/u_mig_7series_0_mig/u_ddr3_infrastructure/u_bufh_pll_clk3/I
                  BUFHCE_X1Y24         BUFH (Prop_bufh_I_O)         0.103     3.278 r  U0_ps_ai_peripheral/mig_ddr3_u0/u_mig_7series_0_mig/u_ddr3_infrastructure/u_bufh_pll_clk3/O
                                       net (fo=1, routed)           0.779     4.057    U0_ps_ai_peripheral/mig_ddr3_u0/u_mig_7series_0_mig/u_ddr3_infrastructure/pll_clk3
                  MMCME2_ADV_X1Y2                                                   r  U0_ps_ai_peripheral/mig_ddr3_u0/u_mig_7series_0_mig/u_ddr3_infrastructure/gen_mmcm.mmcm_i/CLKIN1
                  MMCME2_ADV_X1Y2      MMCME2_ADV (Prop_mmcme2_adv_CLKIN1_CLKFBOUT)
                                                                   -2.933     1.124 r  U0_ps_ai_peripheral/mig_ddr3_u0/u_mig_7series_0_mig/u_ddr3_infrastructure/gen_mmcm.mmcm_i/CLKFBOUT
                                       net (fo=1, routed)           1.442     2.566    U0_ps_ai_peripheral/mig_ddr3_u0/u_mig_7series_0_mig/u_ddr3_infrastructure/clk_pll_i
                  BUFGCTRL_X0Y16                                                    r  U0_ps_ai_peripheral/mig_ddr3_u0/u_mig_7series_0_mig/u_ddr3_infrastructure/u_bufg_clkdiv0/I
                  BUFGCTRL_X0Y16       BUFG (Prop_bufg_I_O)         0.093     2.659 r  U0_ps_ai_peripheral/mig_ddr3_u0/u_mig_7series_0_mig/u_ddr3_infrastructure/u_bufg_clkdiv0/O
                                       net (fo=103920, routed)      1.222     3.881    U_adder_top/U_flicker/dma/ui_clk
                  SLICE_X57Y91         FDCE                                         r  U_adder_top/U_flicker/dma/write_count_reg[0]/C
  ---------------------------------------------------------------------------------    -------------------
    Placement     SLICE_X57Y91         FDCE (Prop_fdce_C_Q)         0.223     4.104 r  U_adder_top/U_flicker/dma/write_count_reg[0]/Q
                                       net (fo=6, routed)           0.579     4.683    U_adder_top/U_flicker/dma/writes[0]
    Placement     SLICE_X58Y94                                                      r  U_adder_top/U_flicker/dma/awvalid1_carry_i_8/I2
    Routing       SLICE_X58Y94         LUT4 (Prop_lut4_I2_O)        0.043     4.726 r  U_adder_top/U_flicker/dma/awvalid1_carry_i_8/O
                                       net (fo=1, routed)           0.000     4.726    U_adder_top/U_flicker/dma/awvalid1_carry_i_8_n_0
    Routing       SLICE_X58Y94                                                      r  U_adder_top/U_flicker/dma/awvalid1_carry/S[0]
    Placement     SLICE_X58Y94         CARRY4 (Prop_carry4_S[0]_CO[3])
                                                                    0.246     4.972 r  U_adder_top/U_flicker/dma/awvalid1_carry/CO[3]
                                       net (fo=1, routed)           0.000     4.972    U_adder_top/U_flicker/dma/awvalid1_carry_n_0
    Placement     SLICE_X58Y95                                                      r  U_adder_top/U_flicker/dma/awvalid1_carry__0/CI
    Placement     SLICE_X58Y95         CARRY4 (Prop_carry4_CI_CO[3])
                                                                    0.054     5.026 r  U_adder_top/U_flicker/dma/awvalid1_carry__0/CO[3]
                                       net (fo=1, routed)           0.000     5.026    U_adder_top/U_flicker/dma/awvalid1_carry__0_n_0
    Placement     SLICE_X58Y96                                                      r  U_adder_top/U_flicker/dma/awvalid1_carry__1/CI
    Placement     SLICE_X58Y96         CARRY4 (Prop_carry4_CI_CO[3])
                                                                    0.054     5.080 r  U_adder_top/U_flicker/dma/awvalid1_carry__1/CO[3]
                                       net (fo=1, routed)           0.000     5.080    U_adder_top/U_flicker/dma/awvalid1_carry__1_n_0
    Placement     SLICE_X58Y97                                                      r  U_adder_top/U_flicker/dma/awvalid1_carry__2/CI
    Placement     SLICE_X58Y97         CARRY4 (Prop_carry4_CI_CO[3])
                                                                    0.054     5.134 r  U_adder_top/U_flicker/dma/awvalid1_carry__2/CO[3]
                                       net (fo=1, routed)           0.511     5.645    U_adder_top/U_flicker/dma/awvalid1
    Placement     SLICE_X59Y102                                                     r  U_adder_top/U_flicker/dma/ZGolo_i_583/I3
    Placement     SLICE_X59Y102        LUT6 (Prop_lut6_I3_O)        0.043     5.688 r  U_adder_top/U_flicker/dma/ZGolo_i_583/O
                                       net (fo=4, routed)           0.388     6.076    U_adder_top/legacy/U_adder/U_avr_rs/u_avr_frs/fawv
    Placement     SLICE_X61Y109                                                     r  U_adder_top/legacy/U_adder/U_avr_rs/u_avr_frs/ZGolo_i_547/I0
    Placement     SLICE_X61Y109        LUT5 (Prop_lut5_I0_O)        0.043     6.119 r  U_adder_top/legacy/U_adder/U_avr_rs/u_avr_frs/ZGolo_i_547/O
                                       net (fo=8, routed)           0.606     6.725    U0_ps_ai_peripheral/ZGolo/UserCustomOp_0_awwvalid
    Placement     SLICE_X61Y120                                                     r  U0_ps_ai_peripheral/ZGolo/mna_idfifo_w5_u0_i_4/I1
    Placement     SLICE_X61Y120        LUT6 (Prop_lut6_I1_O)        0.043     6.768 r  U0_ps_ai_peripheral/ZGolo/mna_idfifo_w5_u0_i_4/O
                                       net (fo=20, routed)          0.796     7.564    U0_ps_ai_peripheral/ZGolo/u_AI_Mate_top/ddr_witcn_u0/mna_idfifo_w5_u0/U0/inst_fifo_gen/gconvfifo.rf/grf.rf/gntv_or_sync_fifo.gl0.wr/wpntr/wr_en
    Placement     SLICE_X47Y130                                                     r  U0_ps_ai_peripheral/ZGolo/u_AI_Mate_top/ddr_witcn_u0/mna_idfifo_w5_u0/U0/inst_fifo_gen/gconvfifo.rf/grf.rf/gntv_or_sync_fifo.gl0.wr/wpntr/RAM_reg_576_639_0_2_i_1/I5
    Placement     SLICE_X47Y130        LUT6 (Prop_lut6_I5_O)        0.043     7.607 r  U0_ps_ai_peripheral/ZGolo/u_AI_Mate_top/ddr_witcn_u0/mna_idfifo_w5_u0/U0/inst_fifo_gen/gconvfifo.rf/grf.rf/gntv_or_sync_fifo.gl0.wr/wpntr/RAM_reg_576_639_0_2_i_1/O
                                       net (fo=8, routed)           0.373     7.980    U0_ps_ai_peripheral/ZGolo/u_AI_Mate_top/ddr_witcn_u0/mna_idfifo_w5_u0/U0/inst_fifo_gen/gconvfifo.rf/grf.rf/gntv_or_sync_fifo.mem/gdm.dm_gen.dm/RAM_reg_576_639_3_3/WE
    Placement     SLICE_X50Y130        RAMD64E                                      r  U0_ps_ai_peripheral/ZGolo/u_AI_Mate_top/ddr_witcn_u0/mna_idfifo_w5_u0/U0/inst_fifo_gen/gconvfifo.rf/grf.rf/gntv_or_sync_fifo.mem/gdm.dm_gen.dm/RAM_reg_576_639_3_3/DP/WE
  ---------------------------------------------------------------------------------    -------------------

                                       (clock clk_pll_i rise edge)
                                                                    5.000     5.000 r  
                  C8                                                0.000     5.000 r  sys_clk_p (IN)
                                       net (fo=0)                   0.000     5.000    U0_ps_ai_peripheral/mig_ddr3_u0/u_mig_7series_0_mig/u_ddr3_clk_ibuf/sys_clk_p
                  C8                                                                r  U0_ps_ai_peripheral/mig_ddr3_u0/u_mig_7series_0_mig/u_ddr3_clk_ibuf/diff_input_clk.u_ibufg_sys_clk/I
                  C8                   IBUFDS (Prop_ibufds_I_O)     0.758     5.758 r  U0_ps_ai_peripheral/mig_ddr3_u0/u_mig_7series_0_mig/u_ddr3_clk_ibuf/diff_input_clk.u_ibufg_sys_clk/O
                                       net (fo=3, routed)           1.001     6.759    U0_ps_ai_peripheral/mig_ddr3_u0/u_mig_7series_0_mig/u_ddr3_infrastructure/out
                  PLLE2_ADV_X1Y2                                                    r  U0_ps_ai_peripheral/mig_ddr3_u0/u_mig_7series_0_mig/u_ddr3_infrastructure/plle2_i/CLKIN1
                  PLLE2_ADV_X1Y2       PLLE2_ADV (Prop_plle2_adv_CLKIN1_CLKOUT3)
                                                                    0.073     6.832 r  U0_ps_ai_peripheral/mig_ddr3_u0/u_mig_7series_0_mig/u_ddr3_infrastructure/plle2_i/CLKOUT3
                                       net (fo=1, routed)           1.033     7.865    U0_ps_ai_peripheral/mig_ddr3_u0/u_mig_7series_0_mig/u_ddr3_infrastructure/pll_clk3_out
                  BUFHCE_X1Y24                                                      r  U0_ps_ai_peripheral/mig_ddr3_u0/u_mig_7series_0_mig/u_ddr3_infrastructure/u_bufh_pll_clk3/I
                  BUFHCE_X1Y24         BUFH (Prop_bufh_I_O)         0.066     7.931 r  U0_ps_ai_peripheral/mig_ddr3_u0/u_mig_7series_0_mig/u_ddr3_infrastructure/u_bufh_pll_clk3/O
                                       net (fo=1, routed)           0.710     8.641    U0_ps_ai_peripheral/mig_ddr3_u0/u_mig_7series_0_mig/u_ddr3_infrastructure/pll_clk3
                  MMCME2_ADV_X1Y2                                                   r  U0_ps_ai_peripheral/mig_ddr3_u0/u_mig_7series_0_mig/u_ddr3_infrastructure/gen_mmcm.mmcm_i/CLKIN1
                  MMCME2_ADV_X1Y2      MMCME2_ADV (Prop_mmcme2_adv_CLKIN1_CLKFBOUT)
                                                                   -2.652     5.989 r  U0_ps_ai_peripheral/mig_ddr3_u0/u_mig_7series_0_mig/u_ddr3_infrastructure/gen_mmcm.mmcm_i/CLKFBOUT
                                       net (fo=1, routed)           1.333     7.322    U0_ps_ai_peripheral/mig_ddr3_u0/u_mig_7series_0_mig/u_ddr3_infrastructure/clk_pll_i
                  BUFGCTRL_X0Y16                                                    r  U0_ps_ai_peripheral/mig_ddr3_u0/u_mig_7series_0_mig/u_ddr3_infrastructure/u_bufg_clkdiv0/I
                  BUFGCTRL_X0Y16       BUFG (Prop_bufg_I_O)         0.083     7.405 r  U0_ps_ai_peripheral/mig_ddr3_u0/u_mig_7series_0_mig/u_ddr3_infrastructure/u_bufg_clkdiv0/O
                                       net (fo=103920, routed)      1.069     8.474    U0_ps_ai_peripheral/ZGolo/u_AI_Mate_top/ddr_witcn_u0/mna_idfifo_w5_u0/U0/inst_fifo_gen/gconvfifo.rf/grf.rf/gntv_or_sync_fifo.mem/gdm.dm_gen.dm/RAM_reg_576_639_3_3/WCLK
                  SLICE_X50Y130        RAMD64E                                      r  U0_ps_ai_peripheral/ZGolo/u_AI_Mate_top/ddr_witcn_u0/mna_idfifo_w5_u0/U0/inst_fifo_gen/gconvfifo.rf/grf.rf/gntv_or_sync_fifo.mem/gdm.dm_gen.dm/RAM_reg_576_639_3_3/DP/CLK
                                       clock pessimism              0.253     8.728    
                                       clock uncertainty           -0.052     8.675    
                  SLICE_X50Y130        RAMD64E (Setup_ramd64e_CLK_WE)
                                                                   -0.303     8.372    U0_ps_ai_peripheral/ZGolo/u_AI_Mate_top/ddr_witcn_u0/mna_idfifo_w5_u0/U0/inst_fifo_gen/gconvfifo.rf/grf.rf/gntv_or_sync_fifo.mem/gdm.dm_gen.dm/RAM_reg_576_639_3_3/DP
  ---------------------------------------------------------------------------------
                                       required time                          8.372    
                                       arrival time                          -7.980    
  ---------------------------------------------------------------------------------
                                       slack                                  0.393    

Slack (MET) :             0.393ns  (required time - arrival time)
  Source:                 U_adder_top/U_flicker/dma/write_count_reg[0]/C
                            (rising edge-triggered cell FDCE clocked by clk_pll_i  {rise@0.000ns fall@2.500ns period=5.000ns})
  Destination:            U0_ps_ai_peripheral/ZGolo/u_AI_Mate_top/ddr_witcn_u0/mna_idfifo_w5_u0/U0/inst_fifo_gen/gconvfifo.rf/grf.rf/gntv_or_sync_fifo.mem/gdm.dm_gen.dm/RAM_reg_576_639_3_3/SP/WE
                            (rising edge-triggered cell RAMD64E clocked by clk_pll_i  {rise@0.000ns fall@2.500ns period=5.000ns})
  Path Group:             clk_pll_i
  Path Type:              Setup (Max at Slow Process Corner)
  Requirement:            5.000ns  (clk_pll_i rise@5.000ns - clk_pll_i rise@0.000ns)
  Data Path Delay:        4.099ns  (logic 0.846ns (20.640%)  route 3.253ns (79.360%))
  Logic Levels:           9  (CARRY4=4 LUT4=1 LUT5=1 LUT6=3)
  Clock Path Skew:        -0.153ns (DCD - SCD + CPR)
    Destination Clock Delay (DCD):    3.474ns = ( 8.474 - 5.000 ) 
    Source Clock Delay      (SCD):    3.881ns
    Clock Pessimism Removal (CPR):    0.253ns
  Clock Uncertainty:      0.052ns  ((TSJ^2 + DJ^2)^1/2) / 2 + PE
    Total System Jitter     (TSJ):    0.071ns
    Discrete Jitter          (DJ):    0.077ns
    Phase Error              (PE):    0.000ns

    Pin Reuse     Location             Delay type                Incr(ns)  Path(ns)    Netlist Resource(s)
  ---------------------------------------------------------------------------------    -------------------
                                       (clock clk_pll_i rise edge)
                                                                    0.000     0.000 r  
                  C8                                                0.000     0.000 r  sys_clk_p (IN)
                                       net (fo=0)                   0.000     0.000    U0_ps_ai_peripheral/mig_ddr3_u0/u_mig_7series_0_mig/u_ddr3_clk_ibuf/sys_clk_p
                  C8                                                                r  U0_ps_ai_peripheral/mig_ddr3_u0/u_mig_7series_0_mig/u_ddr3_clk_ibuf/diff_input_clk.u_ibufg_sys_clk/I
                  C8                   IBUFDS (Prop_ibufds_I_O)     0.855     0.855 r  U0_ps_ai_peripheral/mig_ddr3_u0/u_mig_7series_0_mig/u_ddr3_clk_ibuf/diff_input_clk.u_ibufg_sys_clk/O
                                       net (fo=3, routed)           1.098     1.953    U0_ps_ai_peripheral/mig_ddr3_u0/u_mig_7series_0_mig/u_ddr3_infrastructure/out
                  PLLE2_ADV_X1Y2                                                    r  U0_ps_ai_peripheral/mig_ddr3_u0/u_mig_7series_0_mig/u_ddr3_infrastructure/plle2_i/CLKIN1
                  PLLE2_ADV_X1Y2       PLLE2_ADV (Prop_plle2_adv_CLKIN1_CLKOUT3)
                                                                    0.077     2.030 r  U0_ps_ai_peripheral/mig_ddr3_u0/u_mig_7series_0_mig/u_ddr3_infrastructure/plle2_i/CLKOUT3
                                       net (fo=1, routed)           1.145     3.175    U0_ps_ai_peripheral/mig_ddr3_u0/u_mig_7series_0_mig/u_ddr3_infrastructure/pll_clk3_out
                  BUFHCE_X1Y24                                                      r  U0_ps_ai_peripheral/mig_ddr3_u0/u_mig_7series_0_mig/u_ddr3_infrastructure/u_bufh_pll_clk3/I
                  BUFHCE_X1Y24         BUFH (Prop_bufh_I_O)         0.103     3.278 r  U0_ps_ai_peripheral/mig_ddr3_u0/u_mig_7series_0_mig/u_ddr3_infrastructure/u_bufh_pll_clk3/O
                                       net (fo=1, routed)           0.779     4.057    U0_ps_ai_peripheral/mig_ddr3_u0/u_mig_7series_0_mig/u_ddr3_infrastructure/pll_clk3
                  MMCME2_ADV_X1Y2                                                   r  U0_ps_ai_peripheral/mig_ddr3_u0/u_mig_7series_0_mig/u_ddr3_infrastructure/gen_mmcm.mmcm_i/CLKIN1
                  MMCME2_ADV_X1Y2      MMCME2_ADV (Prop_mmcme2_adv_CLKIN1_CLKFBOUT)
                                                                   -2.933     1.124 r  U0_ps_ai_peripheral/mig_ddr3_u0/u_mig_7series_0_mig/u_ddr3_infrastructure/gen_mmcm.mmcm_i/CLKFBOUT
                                       net (fo=1, routed)           1.442     2.566    U0_ps_ai_peripheral/mig_ddr3_u0/u_mig_7series_0_mig/u_ddr3_infrastructure/clk_pll_i
                  BUFGCTRL_X0Y16                                                    r  U0_ps_ai_peripheral/mig_ddr3_u0/u_mig_7series_0_mig/u_ddr3_infrastructure/u_bufg_clkdiv0/I
                  BUFGCTRL_X0Y16       BUFG (Prop_bufg_I_O)         0.093     2.659 r  U0_ps_ai_peripheral/mig_ddr3_u0/u_mig_7series_0_mig/u_ddr3_infrastructure/u_bufg_clkdiv0/O
                                       net (fo=103920, routed)      1.222     3.881    U_adder_top/U_flicker/dma/ui_clk
                  SLICE_X57Y91         FDCE                                         r  U_adder_top/U_flicker/dma/write_count_reg[0]/C
  ---------------------------------------------------------------------------------    -------------------
    Placement     SLICE_X57Y91         FDCE (Prop_fdce_C_Q)         0.223     4.104 r  U_adder_top/U_flicker/dma/write_count_reg[0]/Q
                                       net (fo=6, routed)           0.579     4.683    U_adder_top/U_flicker/dma/writes[0]
    Placement     SLICE_X58Y94                                                      r  U_adder_top/U_flicker/dma/awvalid1_carry_i_8/I2
    Routing       SLICE_X58Y94         LUT4 (Prop_lut4_I2_O)        0.043     4.726 r  U_adder_top/U_flicker/dma/awvalid1_carry_i_8/O
                                       net (fo=1, routed)           0.000     4.726    U_adder_top/U_flicker/dma/awvalid1_carry_i_8_n_0
    Routing       SLICE_X58Y94                                                      r  U_adder_top/U_flicker/dma/awvalid1_carry/S[0]
    Placement     SLICE_X58Y94         CARRY4 (Prop_carry4_S[0]_CO[3])
                                                                    0.246     4.972 r  U_adder_top/U_flicker/dma/awvalid1_carry/CO[3]
                                       net (fo=1, routed)           0.000     4.972    U_adder_top/U_flicker/dma/awvalid1_carry_n_0
    Placement     SLICE_X58Y95                                                      r  U_adder_top/U_flicker/dma/awvalid1_carry__0/CI
    Placement     SLICE_X58Y95         CARRY4 (Prop_carry4_CI_CO[3])
                                                                    0.054     5.026 r  U_adder_top/U_flicker/dma/awvalid1_carry__0/CO[3]
                                       net (fo=1, routed)           0.000     5.026    U_adder_top/U_flicker/dma/awvalid1_carry__0_n_0
    Placement     SLICE_X58Y96                                                      r  U_adder_top/U_flicker/dma/awvalid1_carry__1/CI
    Placement     SLICE_X58Y96         CARRY4 (Prop_carry4_CI_CO[3])
                                                                    0.054     5.080 r  U_adder_top/U_flicker/dma/awvalid1_carry__1/CO[3]
                                       net (fo=1, routed)           0.000     5.080    U_adder_top/U_flicker/dma/awvalid1_carry__1_n_0
    Placement     SLICE_X58Y97                                                      r  U_adder_top/U_flicker/dma/awvalid1_carry__2/CI
    Placement     SLICE_X58Y97         CARRY4 (Prop_carry4_CI_CO[3])
                                                                    0.054     5.134 r  U_adder_top/U_flicker/dma/awvalid1_carry__2/CO[3]
                                       net (fo=1, routed)           0.511     5.645    U_adder_top/U_flicker/dma/awvalid1
    Placement     SLICE_X59Y102                                                     r  U_adder_top/U_flicker/dma/ZGolo_i_583/I3
    Placement     SLICE_X59Y102        LUT6 (Prop_lut6_I3_O)        0.043     5.688 r  U_adder_top/U_flicker/dma/ZGolo_i_583/O
                                       net (fo=4, routed)           0.388     6.076    U_adder_top/legacy/U_adder/U_avr_rs/u_avr_frs/fawv
    Placement     SLICE_X61Y109                                                     r  U_adder_top/legacy/U_adder/U_avr_rs/u_avr_frs/ZGolo_i_547/I0
    Placement     SLICE_X61Y109        LUT5 (Prop_lut5_I0_O)        0.043     6.119 r  U_adder_top/legacy/U_adder/U_avr_rs/u_avr_frs/ZGolo_i_547/O
                                       net (fo=8, routed)           0.606     6.725    U0_ps_ai_peripheral/ZGolo/UserCustomOp_0_awwvalid
    Placement     SLICE_X61Y120                                                     r  U0_ps_ai_peripheral/ZGolo/mna_idfifo_w5_u0_i_4/I1
    Placement     SLICE_X61Y120        LUT6 (Prop_lut6_I1_O)        0.043     6.768 r  U0_ps_ai_peripheral/ZGolo/mna_idfifo_w5_u0_i_4/O
                                       net (fo=20, routed)          0.796     7.564    U0_ps_ai_peripheral/ZGolo/u_AI_Mate_top/ddr_witcn_u0/mna_idfifo_w5_u0/U0/inst_fifo_gen/gconvfifo.rf/grf.rf/gntv_or_sync_fifo.gl0.wr/wpntr/wr_en
    Placement     SLICE_X47Y130                                                     r  U0_ps_ai_peripheral/ZGolo/u_AI_Mate_top/ddr_witcn_u0/mna_idfifo_w5_u0/U0/inst_fifo_gen/gconvfifo.rf/grf.rf/gntv_or_sync_fifo.gl0.wr/wpntr/RAM_reg_576_639_0_2_i_1/I5
    Placement     SLICE_X47Y130        LUT6 (Prop_lut6_I5_O)        0.043     7.607 r  U0_ps_ai_peripheral/ZGolo/u_AI_Mate_top/ddr_witcn_u0/mna_idfifo_w5_u0/U0/inst_fifo_gen/gconvfifo.rf/grf.rf/gntv_or_sync_fifo.gl0.wr/wpntr/RAM_reg_576_639_0_2_i_1/O
                                       net (fo=8, routed)           0.373     7.980    U0_ps_ai_peripheral/ZGolo/u_AI_Mate_top/ddr_witcn_u0/mna_idfifo_w5_u0/U0/inst_fifo_gen/gconvfifo.rf/grf.rf/gntv_or_sync_fifo.mem/gdm.dm_gen.dm/RAM_reg_576_639_3_3/WE
    Placement     SLICE_X50Y130        RAMD64E                                      r  U0_ps_ai_peripheral/ZGolo/u_AI_Mate_top/ddr_witcn_u0/mna_idfifo_w5_u0/U0/inst_fifo_gen/gconvfifo.rf/grf.rf/gntv_or_sync_fifo.mem/gdm.dm_gen.dm/RAM_reg_576_639_3_3/SP/WE
  ---------------------------------------------------------------------------------    -------------------

                                       (clock clk_pll_i rise edge)
                                                                    5.000     5.000 r  
                  C8                                                0.000     5.000 r  sys_clk_p (IN)
                                       net (fo=0)                   0.000     5.000    U0_ps_ai_peripheral/mig_ddr3_u0/u_mig_7series_0_mig/u_ddr3_clk_ibuf/sys_clk_p
                  C8                                                                r  U0_ps_ai_peripheral/mig_ddr3_u0/u_mig_7series_0_mig/u_ddr3_clk_ibuf/diff_input_clk.u_ibufg_sys_clk/I
                  C8                   IBUFDS (Prop_ibufds_I_O)     0.758     5.758 r  U0_ps_ai_peripheral/mig_ddr3_u0/u_mig_7series_0_mig/u_ddr3_clk_ibuf/diff_input_clk.u_ibufg_sys_clk/O
                                       net (fo=3, routed)           1.001     6.759    U0_ps_ai_peripheral/mig_ddr3_u0/u_mig_7series_0_mig/u_ddr3_infrastructure/out
                  PLLE2_ADV_X1Y2                                                    r  U0_ps_ai_peripheral/mig_ddr3_u0/u_mig_7series_0_mig/u_ddr3_infrastructure/plle2_i/CLKIN1
                  PLLE2_ADV_X1Y2       PLLE2_ADV (Prop_plle2_adv_CLKIN1_CLKOUT3)
                                                                    0.073     6.832 r  U0_ps_ai_peripheral/mig_ddr3_u0/u_mig_7series_0_mig/u_ddr3_infrastructure/plle2_i/CLKOUT3
                                       net (fo=1, routed)           1.033     7.865    U0_ps_ai_peripheral/mig_ddr3_u0/u_mig_7series_0_mig/u_ddr3_infrastructure/pll_clk3_out
                  BUFHCE_X1Y24                                                      r  U0_ps_ai_peripheral/mig_ddr3_u0/u_mig_7series_0_mig/u_ddr3_infrastructure/u_bufh_pll_clk3/I
                  BUFHCE_X1Y24         BUFH (Prop_bufh_I_O)         0.066     7.931 r  U0_ps_ai_peripheral/mig_ddr3_u0/u_mig_7series_0_mig/u_ddr3_infrastructure/u_bufh_pll_clk3/O
                                       net (fo=1, routed)           0.710     8.641    U0_ps_ai_peripheral/mig_ddr3_u0/u_mig_7series_0_mig/u_ddr3_infrastructure/pll_clk3
                  MMCME2_ADV_X1Y2                                                   r  U0_ps_ai_peripheral/mig_ddr3_u0/u_mig_7series_0_mig/u_ddr3_infrastructure/gen_mmcm.mmcm_i/CLKIN1
                  MMCME2_ADV_X1Y2      MMCME2_ADV (Prop_mmcme2_adv_CLKIN1_CLKFBOUT)
                                                                   -2.652     5.989 r  U0_ps_ai_peripheral/mig_ddr3_u0/u_mig_7series_0_mig/u_ddr3_infrastructure/gen_mmcm.mmcm_i/CLKFBOUT
                                       net (fo=1, routed)           1.333     7.322    U0_ps_ai_peripheral/mig_ddr3_u0/u_mig_7series_0_mig/u_ddr3_infrastructure/clk_pll_i
                  BUFGCTRL_X0Y16                                                    r  U0_ps_ai_peripheral/mig_ddr3_u0/u_mig_7series_0_mig/u_ddr3_infrastructure/u_bufg_clkdiv0/I
                  BUFGCTRL_X0Y16       BUFG (Prop_bufg_I_O)         0.083     7.405 r  U0_ps_ai_peripheral/mig_ddr3_u0/u_mig_7series_0_mig/u_ddr3_infrastructure/u_bufg_clkdiv0/O
                                       net (fo=103920, routed)      1.069     8.474    U0_ps_ai_peripheral/ZGolo/u_AI_Mate_top/ddr_witcn_u0/mna_idfifo_w5_u0/U0/inst_fifo_gen/gconvfifo.rf/grf.rf/gntv_or_sync_fifo.mem/gdm.dm_gen.dm/RAM_reg_576_639_3_3/WCLK
                  SLICE_X50Y130        RAMD64E                                      r  U0_ps_ai_peripheral/ZGolo/u_AI_Mate_top/ddr_witcn_u0/mna_idfifo_w5_u0/U0/inst_fifo_gen/gconvfifo.rf/grf.rf/gntv_or_sync_fifo.mem/gdm.dm_gen.dm/RAM_reg_576_639_3_3/SP/CLK
                                       clock pessimism              0.253     8.728    
                                       clock uncertainty           -0.052     8.675    
                  SLICE_X50Y130        RAMD64E (Setup_ramd64e_CLK_WE)
                                                                   -0.303     8.372    U0_ps_ai_peripheral/ZGolo/u_AI_Mate_top/ddr_witcn_u0/mna_idfifo_w5_u0/U0/inst_fifo_gen/gconvfifo.rf/grf.rf/gntv_or_sync_fifo.mem/gdm.dm_gen.dm/RAM_reg_576_639_3_3/SP
  ---------------------------------------------------------------------------------
                                       required time                          8.372    
                                       arrival time                          -7.980    
  ---------------------------------------------------------------------------------
                                       slack                                  0.393    




